2026-08-16 17:09:35,523 INFO Direct NBA day 1/241: 2021-10-19, 24 discovered -> 1 selected
2026-08-16 17:09:35,845 INFO NBA backfill checkpoint processed=1/1 parsed=1 missing=0 http_failed=0 invalid_pdf=0 parse_failed=0
2026-08-16 17:09:43,223 INFO Suppressed 815 entries from older reports for games superseded by newer snapshots on 2021-10-19
2026-08-16 17:10:37,373 INFO Direct NBA day 2/241: 2021-10-20, 24 discovered -> 1 selected
2026-08-16 17:10:37,579 INFO NBA backfill checkpoint processed=1/1 parsed=1 missing=0 http_failed=0 invalid_pdf=0 parse_failed=0
2026-08-16 17:10:43,193 INFO Suppressed 663 entries from older reports for games superseded by newer snapshots on 2021-10-20
2026-08-16 17:11:38,208 INFO Direct NBA day 3/241: 2021-10-21, 24 discovered -> 1 selected
2026-08-16 17:11:38,409 INFO NBA backfill checkpoint processed=1/1 parsed=1 missing=0 http_failed=0 invalid_pdf=0 parse_failed=0
2026-08-16 17:11:41,773 INFO Suppressed 391 entries from older reports for games superseded by newer snapshots on 2021-10-21
2026-08-16 17:12:37,852 INFO Direct NBA day 4/241: 2021-10-22, 24 discovered -> 1 selected
2026-08-16 17:12:38,068 INFO NBA backfill checkpoint processed=1/1 parsed=1 missing=0 http_failed=0 invalid_pdf=0 parse_failed=0
2026-08-16 17:12:43,856 INFO Suppressed 709 entries from older reports for games superseded by newer snapshots on 2021-10-22
2026-08-16 17:13:39,324 INFO Direct NBA day 5/241: 2021-10-23, 24 discovered -> 1 selected
2026-08-16 17:13:39,538 INFO NBA backfill checkpoint processed=1/1 parsed=1 missing=0 http_failed=0 invalid_pdf=0 parse_failed=0
2026-08-16 17:13:45,207 INFO Suppressed 671 entries from older reports for games superseded by newer snapshots on 2021-10-23
2026-08-16 17:14:41,160 INFO Direct NBA day 6/241: 2021-10-24, 24 discovered -> 1 selected
2026-08-16 17:14:41,380 INFO NBA backfill checkpoint processed=1/1 parsed=1 missing=0 http_failed=0 invalid_pdf=0 parse_failed=0
2026-08-16 17:14:46,215 INFO Suppressed 568 entries from older reports for games superseded by newer snapshots on 2021-10-24
2026-08-16 17:15:40,656 INFO Direct NBA day 7/241: 2021-10-25, 24 discovered -> 1 selected
2026-08-16 17:15:40,895 INFO NBA backfill checkpoint processed=1/1 parsed=1 missing=0 http_failed=0 invalid_pdf=0 parse_failed=0
2026-08-16 17:15:47,327 INFO Suppressed 811 entries from older reports for games superseded by newer snapshots on 2021-10-25
2026-08-16 17:16:43,721 INFO Direct NBA day 8/241: 2021-10-26, 24 discovered -> 1 selected
2026-08-16 17:16:44,007 INFO NBA backfill checkpoint processed=1/1 parsed=1 missing=0 http_failed=0 invalid_pdf=0 parse_failed=0
2026-08-16 17:16:49,126 INFO Suppressed 630 entries from older reports for games superseded by newer snapshots on 2021-10-26
2026-08-16 17:17:44,115 INFO Direct NBA day 9/241: 2021-10-27, 24 discovered -> 1 selected
2026-08-16 17:17:44,364 INFO NBA backfill checkpoint processed=1/1 parsed=1 missing=0 http_failed=0 invalid_pdf=0 parse_failed=0
2026-08-16 17:17:50,463 INFO Suppressed 778 entries from older reports for games superseded by newer snapshots on 2021-10-27
2026-08-16 17:18:45,101 INFO Direct NBA day 10/241: 2021-10-28, 24 discovered -> 1 selected
2026-08-16 17:18:45,348 INFO NBA backfill checkpoint processed=1/1 parsed=1 missing=0 http_failed=0 invalid_pdf=0 parse_failed=0
2026-08-16 17:18:50,176 INFO Suppressed 616 entries from older reports for games superseded by newer snapshots on 2021-10-28
2026-08-16 17:19:45,779 INFO Direct NBA day 11/241: 2021-10-29, 24 discovered -> 1 selected
2026-08-16 17:19:46,044 INFO NBA backfill checkpoint processed=1/1 parsed=1 missing=0 http_failed=0 invalid_pdf=0 parse_failed=0
2026-08-16 17:19:55,637 INFO Suppressed 1291 entries from older reports for games superseded by newer snapshots on 2021-10-29
2026-08-16 17:20:51,772 INFO Direct NBA day 12/241: 2021-10-30, 24 discovered -> 1 selected
2026-08-16 17:20:52,033 INFO NBA backfill checkpoint processed=1/1 parsed=1 missing=0 http_failed=0 invalid_pdf=0 parse_failed=0
2026-08-16 17:21:00,413 INFO Suppressed 1144 entries from older reports for games superseded by newer snapshots on 2021-10-30
2026-08-16 17:21:55,201 INFO Direct NBA day 13/241: 2021-10-31, 24 discovered -> 1 selected
2026-08-16 17:21:55,413 INFO NBA backfill checkpoint processed=1/1 parsed=1 missing=0 http_failed=0 invalid_pdf=0 parse_failed=0
2026-08-16 17:21:59,347 INFO Suppressed 442 entries from older reports for games superseded by newer snapshots on 2021-10-31
2026-08-16 17:22:55,091 INFO Direct NBA day 14/241: 2021-11-01, 24 discovered -> 1 selected
2026-08-16 17:23:01,471 INFO Suppressed 870 entries from older reports for games superseded by newer snapshots on 2021-11-01
2026-08-16 17:23:59,358 INFO Direct NBA day 15/241: 2021-11-02, 24 discovered -> 1 selected
2026-08-16 17:23:59,635 INFO NBA backfill checkpoint processed=1/1 parsed=1 missing=0 http_failed=0 invalid_pdf=0 parse_failed=0
2026-08-16 17:24:06,465 INFO Suppressed 941 entries from older reports for games superseded by newer snapshots on 2021-11-02
2026-08-16 17:25:01,708 INFO Direct NBA day 16/241: 2021-11-03, 24 discovered -> 1 selected
2026-08-16 17:25:01,967 INFO NBA backfill checkpoint processed=1/1 parsed=1 missing=0 http_failed=0 invalid_pdf=0 parse_failed=0
2026-08-16 17:25:09,920 INFO Suppressed 1088 entries from older reports for games superseded by newer snapshots on 2021-11-03
2026-08-16 17:26:05,049 INFO Direct NBA day 17/241: 2021-11-04, 24 discovered -> 1 selected
2026-08-16 17:26:05,347 INFO NBA backfill checkpoint processed=1/1 parsed=1 missing=0 http_failed=0 invalid_pdf=0 parse_failed=0
2026-08-16 17:26:11,280 INFO Suppressed 820 entries from older reports for games superseded by newer snapshots on 2021-11-04
2026-08-16 17:27:07,072 INFO Direct NBA day 18/241: 2021-11-05, 24 discovered -> 1 selected
2026-08-16 17:27:07,328 INFO NBA backfill checkpoint processed=1/1 parsed=1 missing=0 http_failed=0 invalid_pdf=0 parse_failed=0
2026-08-16 17:27:13,118 INFO Suppressed 791 entries from older reports for games superseded by newer snapshots on 2021-11-05
2026-08-16 17:28:07,780 INFO Direct NBA day 19/241: 2021-11-06, 24 discovered -> 1 selected
2026-08-16 17:28:08,034 INFO NBA backfill checkpoint processed=1/1 parsed=1 missing=0 http_failed=0 invalid_pdf=0 parse_failed=0
2026-08-16 17:28:14,984 INFO Suppressed 977 entries from older reports for games superseded by newer snapshots on 2021-11-06
2026-08-16 17:29:11,324 INFO Direct NBA day 20/241: 2021-11-07, 24 discovered -> 1 selected
2026-08-16 17:29:11,580 INFO NBA backfill checkpoint processed=1/1 parsed=1 missing=0 http_failed=0 invalid_pdf=0 parse_failed=0
2026-08-16 17:29:16,561 INFO Suppressed 677 entries from older reports for games superseded by newer snapshots on 2021-11-07
2026-08-16 17:30:09,823 INFO Direct NBA day 21/241: 2021-11-08, 23 discovered -> 1 selected
2026-08-16 17:30:10,008 INFO NBA backfill checkpoint processed=1/1 parsed=1 missing=0 http_failed=0 invalid_pdf=0 parse_failed=0
2026-08-16 17:30:13,503 INFO Suppressed 442 entries from older reports for games superseded by newer snapshots on 2021-11-08
2026-08-16 17:31:08,229 INFO Direct NBA day 22/241: 2021-11-09, 24 discovered -> 1 selected
2026-08-16 17:31:08,561 INFO NBA backfill checkpoint processed=1/1 parsed=1 missing=0 http_failed=0 invalid_pdf=0 parse_failed=0
2026-08-16 17:31:15,202 INFO Suppressed 889 entries from older reports for games superseded by newer snapshots on 2021-11-09
2026-08-16 17:32:11,030 INFO Direct NBA day 23/241: 2021-11-10, 24 discovered -> 1 selected
2026-08-16 17:32:11,305 INFO NBA backfill checkpoint processed=1/1 parsed=1 missing=0 http_failed=0 invalid_pdf=0 parse_failed=0
2026-08-16 17:32:19,416 INFO Suppressed 1208 entries from older reports for games superseded by newer snapshots on 2021-11-10
2026-08-16 17:33:15,150 INFO Direct NBA day 24/241: 2021-11-11, 24 discovered -> 1 selected
2026-08-16 17:33:15,434 INFO NBA backfill checkpoint processed=1/1 parsed=1 missing=0 http_failed=0 invalid_pdf=0 parse_failed=0
2026-08-16 17:33:19,864 INFO Suppressed 558 entries from older reports for games superseded by newer snapshots on 2021-11-11
2026-08-16 17:34:17,375 INFO Direct NBA day 25/241: 2021-11-12, 24 discovered -> 1 selected
2026-08-16 17:34:17,693 INFO NBA backfill checkpoint processed=1/1 parsed=1 missing=0 http_failed=0 invalid_pdf=0 parse_failed=0
2026-08-16 17:34:26,171 INFO Suppressed 1244 entries from older reports for games superseded by newer snapshots on 2021-11-12
2026-08-16 17:35:21,555 INFO Direct NBA day 26/241: 2021-11-13, 24 discovered -> 1 selected
2026-08-16 17:35:21,819 INFO NBA backfill checkpoint processed=1/1 parsed=1 missing=0 http_failed=0 invalid_pdf=0 parse_failed=0
2026-08-16 17:35:26,192 INFO Suppressed 562 entries from older reports for games superseded by newer snapshots on 2021-11-13
2026-08-16 17:36:22,673 INFO Direct NBA day 27/241: 2021-11-14, 24 discovered -> 1 selected
2026-08-16 17:36:22,939 INFO NBA backfill checkpoint processed=1/1 parsed=1 missing=0 http_failed=0 invalid_pdf=0 parse_failed=0
2026-08-16 17:36:28,180 INFO Suppressed 705 entries from older reports for games superseded by newer snapshots on 2021-11-14
2026-08-16 17:37:24,677 INFO Direct NBA day 28/241: 2021-11-15, 24 discovered -> 1 selected
2026-08-16 17:37:24,973 INFO NBA backfill checkpoint processed=1/1 parsed=1 missing=0 http_failed=0 invalid_pdf=0 parse_failed=0
2026-08-16 17:37:32,798 INFO Suppressed 1079 entries from older reports for games superseded by newer snapshots on 2021-11-15
2026-08-16 17:38:28,563 INFO Direct NBA day 29/241: 2021-11-16, 24 discovered -> 1 selected
2026-08-16 17:38:28,810 INFO NBA backfill checkpoint processed=1/1 parsed=1 missing=0 http_failed=0 invalid_pdf=0 parse_failed=0
2026-08-16 17:38:34,905 INFO Suppressed 804 entries from older reports for games superseded by newer snapshots on 2021-11-16
2026-08-16 17:39:32,326 INFO Direct NBA day 30/241: 2021-11-17, 24 discovered -> 1 selected
2026-08-16 17:39:32,601 INFO NBA backfill checkpoint processed=1/1 parsed=1 missing=0 http_failed=0 invalid_pdf=0 parse_failed=0
2026-08-16 17:39:38,716 INFO Suppressed 828 entries from older reports for games superseded by newer snapshots on 2021-11-17
2026-08-16 17:40:35,783 INFO Direct NBA day 31/241: 2021-11-18, 24 discovered -> 1 selected
2026-08-16 17:40:36,046 INFO NBA backfill checkpoint processed=1/1 parsed=1 missing=0 http_failed=0 invalid_pdf=0 parse_failed=0
2026-08-16 17:40:41,383 INFO Suppressed 740 entries from older reports for games superseded by newer snapshots on 2021-11-18
2026-08-16 17:41:38,507 INFO Direct NBA day 32/241: 2021-11-19, 24 discovered -> 1 selected
2026-08-16 17:41:38,848 INFO NBA backfill checkpoint processed=1/1 parsed=1 missing=0 http_failed=0 invalid_pdf=0 parse_failed=0
2026-08-16 17:41:46,092 INFO Suppressed 1039 entries from older reports for games superseded by newer snapshots on 2021-11-19
2026-08-16 17:42:42,648 INFO Direct NBA day 33/241: 2021-11-20, 24 discovered -> 1 selected
2026-08-16 17:42:42,897 INFO NBA backfill checkpoint processed=1/1 parsed=1 missing=0 http_failed=0 invalid_pdf=0 parse_failed=0
2026-08-16 17:42:48,510 INFO Suppressed 770 entries from older reports for games superseded by newer snapshots on 2021-11-20
2026-08-16 17:43:45,608 INFO Direct NBA day 34/241: 2021-11-21, 24 discovered -> 1 selected
2026-08-16 17:43:45,883 INFO NBA backfill checkpoint processed=1/1 parsed=1 missing=0 http_failed=0 invalid_pdf=0 parse_failed=0
2026-08-16 17:43:52,618 INFO Suppressed 955 entries from older reports for games superseded by newer snapshots on 2021-11-21
2026-08-16 17:44:49,607 INFO Direct NBA day 35/241: 2021-11-22, 24 discovered -> 1 selected
2026-08-16 17:44:49,915 INFO NBA backfill checkpoint processed=1/1 parsed=1 missing=0 http_failed=0 invalid_pdf=0 parse_failed=0
2026-08-16 17:44:55,223 INFO Suppressed 759 entries from older reports for games superseded by newer snapshots on 2021-11-22
2026-08-16 17:45:52,285 INFO Direct NBA day 36/241: 2021-11-23, 24 discovered -> 1 selected
2026-08-16 17:45:52,605 INFO NBA backfill checkpoint processed=1/1 parsed=1 missing=0 http_failed=0 invalid_pdf=0 parse_failed=0
2026-08-16 17:45:59,199 INFO Suppressed 898 entries from older reports for games superseded by newer snapshots on 2021-11-23
2026-08-16 17:46:56,507 INFO Direct NBA day 37/241: 2021-11-24, 24 discovered -> 1 selected
2026-08-16 17:46:56,743 INFO NBA backfill checkpoint processed=1/1 parsed=1 missing=0 http_failed=0 invalid_pdf=0 parse_failed=0
2026-08-16 17:47:03,082 INFO Suppressed 945 entries from older reports for games superseded by newer snapshots on 2021-11-24
2026-08-16 17:47:56,742 INFO Skipped non-substantive snapshot (no date/matchup pairs): timestamp=2021-11-25T01:30:00 source_url=https://ak-static.cms.nba.com/referee/injury/Injury-Report_2021-11-25_01AM.pdf
2026-08-16 17:47:56,812 INFO Skipped non-substantive snapshot (no date/matchup pairs): timestamp=2021-11-25T02:30:00 source_url=https://ak-static.cms.nba.com/referee/injury/Injury-Report_2021-11-25_02AM.pdf
2026-08-16 17:47:56,932 INFO Skipped non-substantive snapshot (no date/matchup pairs): timestamp=2021-11-25T03:30:00 source_url=https://ak-static.cms.nba.com/referee/injury/Injury-Report_2021-11-25_03AM.pdf
2026-08-16 17:47:57,006 INFO Skipped non-substantive snapshot (no date/matchup pairs): timestamp=2021-11-25T04:30:00 source_url=https://ak-static.cms.nba.com/referee/injury/Injury-Report_2021-11-25_04AM.pdf
2026-08-16 17:47:57,088 INFO Skipped non-substantive snapshot (no date/matchup pairs): timestamp=2021-11-25T05:30:00 source_url=https://ak-static.cms.nba.com/referee/injury/Injury-Report_2021-11-25_05AM.pdf
2026-08-16 17:47:57,175 INFO Skipped non-substantive snapshot (no date/matchup pairs): timestamp=2021-11-25T06:30:00 source_url=https://ak-static.cms.nba.com/referee/injury/Injury-Report_2021-11-25_06AM.pdf
2026-08-16 17:47:57,281 INFO Skipped non-substantive snapshot (no date/matchup pairs): timestamp=2021-11-25T07:30:00 source_url=https://ak-static.cms.nba.com/referee/injury/Injury-Report_2021-11-25_07AM.pdf
2026-08-16 17:47:58,060 INFO Skipped non-substantive snapshot (no date/matchup pairs): timestamp=2021-11-25T00:30:00 source_url=https://ak-static.cms.nba.com/referee/injury/Injury-Report_2021-11-25_12AM.pdf
2026-08-16 17:47:58,099 INFO Direct NBA day 38/241: 2021-11-25, 24 discovered -> 1 selected
2026-08-16 17:48:01,674 INFO Suppressed 470 entries from older reports for games superseded by newer snapshots on 2021-11-25
2026-08-16 17:48:59,303 INFO Direct NBA day 39/241: 2021-11-26, 24 discovered -> 1 selected
2026-08-16 17:48:59,644 INFO NBA backfill checkpoint processed=1/1 parsed=1 missing=0 http_failed=0 invalid_pdf=0 parse_failed=0
2026-08-16 17:49:08,281 INFO Suppressed 1264 entries from older reports for games superseded by newer snapshots on 2021-11-26
2026-08-16 17:50:03,826 INFO Direct NBA day 40/241: 2021-11-27, 24 discovered -> 1 selected
2026-08-16 17:50:04,072 INFO NBA backfill checkpoint processed=1/1 parsed=1 missing=0 http_failed=0 invalid_pdf=0 parse_failed=0
2026-08-16 17:50:11,184 INFO Suppressed 1013 entries from older reports for games superseded by newer snapshots on 2021-11-27
2026-08-16 17:51:09,448 INFO Direct NBA day 41/241: 2021-11-28, 24 discovered -> 1 selected
2026-08-16 17:51:09,692 INFO NBA backfill checkpoint processed=1/1 parsed=1 missing=0 http_failed=0 invalid_pdf=0 parse_failed=0
2026-08-16 17:51:13,836 INFO Suppressed 547 entries from older reports for games superseded by newer snapshots on 2021-11-28
2026-08-16 17:52:10,478 INFO Direct NBA day 42/241: 2021-11-29, 24 discovered -> 1 selected
2026-08-16 17:52:10,790 INFO NBA backfill checkpoint processed=1/1 parsed=1 missing=0 http_failed=0 invalid_pdf=0 parse_failed=0
2026-08-16 17:52:17,375 INFO Suppressed 942 entries from older reports for games superseded by newer snapshots on 2021-11-29
2026-08-16 17:53:14,156 INFO Direct NBA day 43/241: 2021-11-30, 24 discovered -> 1 selected
2026-08-16 17:53:14,411 INFO NBA backfill checkpoint processed=1/1 parsed=1 missing=0 http_failed=0 invalid_pdf=0 parse_failed=0
2026-08-16 17:53:21,907 INFO Suppressed 1090 entries from older reports for games superseded by newer snapshots on 2021-11-30
2026-08-16 17:54:19,763 INFO Direct NBA day 44/241: 2021-12-01, 24 discovered -> 1 selected
2026-08-16 17:54:20,083 INFO NBA backfill checkpoint processed=1/1 parsed=1 missing=0 http_failed=0 invalid_pdf=0 parse_failed=0
2026-08-16 17:54:28,510 INFO Suppressed 1272 entries from older reports for games superseded by newer snapshots on 2021-12-01
2026-08-16 17:55:24,833 INFO Direct NBA day 45/241: 2021-12-02, 24 discovered -> 1 selected
2026-08-16 17:55:25,103 INFO NBA backfill checkpoint processed=1/1 parsed=1 missing=0 http_failed=0 invalid_pdf=0 parse_failed=0
2026-08-16 17:55:30,607 INFO Suppressed 790 entries from older reports for games superseded by newer snapshots on 2021-12-02
2026-08-16 17:56:27,162 INFO Direct NBA day 46/241: 2021-12-03, 24 discovered -> 1 selected
2026-08-16 17:56:27,431 INFO NBA backfill checkpoint processed=1/1 parsed=1 missing=0 http_failed=0 invalid_pdf=0 parse_failed=0
2026-08-16 17:56:35,036 INFO Suppressed 1121 entries from older reports for games superseded by newer snapshots on 2021-12-03
2026-08-16 17:57:30,452 INFO Direct NBA day 47/241: 2021-12-04, 24 discovered -> 1 selected
2026-08-16 17:57:30,681 INFO NBA backfill checkpoint processed=1/1 parsed=1 missing=0 http_failed=0 invalid_pdf=0 parse_failed=0
2026-08-16 17:57:35,746 INFO Suppressed 714 entries from older reports for games superseded by newer snapshots on 2021-12-04
2026-08-16 17:58:31,495 INFO Direct NBA day 48/241: 2021-12-05, 24 discovered -> 1 selected
2026-08-16 17:58:31,814 INFO NBA backfill checkpoint processed=1/1 parsed=1 missing=0 http_failed=0 invalid_pdf=0 parse_failed=0
2026-08-16 17:58:36,106 INFO Suppressed 586 entries from older reports for games superseded by newer snapshots on 2021-12-05
2026-08-16 17:59:32,909 INFO Direct NBA day 49/241: 2021-12-06, 24 discovered -> 1 selected
2026-08-16 17:59:33,173 INFO NBA backfill checkpoint processed=1/1 parsed=1 missing=0 http_failed=0 invalid_pdf=0 parse_failed=0
2026-08-16 17:59:45,957 INFO Suppressed 2010 entries from older reports for games superseded by newer snapshots on 2021-12-06
2026-08-16 18:00:43,927 INFO Direct NBA day 50/241: 2021-12-07, 24 discovered -> 1 selected
2026-08-16 18:00:44,266 INFO NBA backfill checkpoint processed=1/1 parsed=1 missing=0 http_failed=0 invalid_pdf=0 parse_failed=0
2026-08-16 18:00:51,111 INFO Suppressed 944 entries from older reports for games superseded by newer snapshots on 2021-12-07
2026-08-16 18:01:50,005 INFO Direct NBA day 51/241: 2021-12-08, 24 discovered -> 1 selected
2026-08-16 18:01:50,347 INFO NBA backfill checkpoint processed=1/1 parsed=1 missing=0 http_failed=0 invalid_pdf=0 parse_failed=0
2026-08-16 18:01:58,745 INFO Suppressed 1339 entries from older reports for games superseded by newer snapshots on 2021-12-08
2026-08-16 18:02:57,016 INFO Direct NBA day 52/241: 2021-12-09, 24 discovered -> 1 selected
2026-08-16 18:02:57,319 INFO NBA backfill checkpoint processed=1/1 parsed=1 missing=0 http_failed=0 invalid_pdf=0 parse_failed=0
2026-08-16 18:03:01,472 INFO Suppressed 558 entries from older reports for games superseded by newer snapshots on 2021-12-09
2026-08-16 18:03:58,500 INFO Direct NBA day 53/241: 2021-12-10, 24 discovered -> 1 selected
2026-08-16 18:03:58,783 INFO NBA backfill checkpoint processed=1/1 parsed=1 missing=0 http_failed=0 invalid_pdf=0 parse_failed=0
2026-08-16 18:04:04,412 INFO Suppressed 824 entries from older reports for games superseded by newer snapshots on 2021-12-10
2026-08-16 18:05:01,115 INFO Direct NBA day 54/241: 2021-12-11, 24 discovered -> 1 selected
2026-08-16 18:05:01,405 INFO NBA backfill checkpoint processed=1/1 parsed=1 missing=0 http_failed=0 invalid_pdf=0 parse_failed=0
2026-08-16 18:05:06,846 INFO Suppressed 798 entries from older reports for games superseded by newer snapshots on 2021-12-11
2026-08-16 18:06:03,598 INFO Direct NBA day 55/241: 2021-12-12, 24 discovered -> 1 selected
2026-08-16 18:06:03,867 INFO NBA backfill checkpoint processed=1/1 parsed=1 missing=0 http_failed=0 invalid_pdf=0 parse_failed=0
2026-08-16 18:06:09,206 INFO Suppressed 733 entries from older reports for games superseded by newer snapshots on 2021-12-12
2026-08-16 18:07:06,223 INFO Direct NBA day 56/241: 2021-12-13, 24 discovered -> 1 selected
2026-08-16 18:07:06,550 INFO NBA backfill checkpoint processed=1/1 parsed=1 missing=0 http_failed=0 invalid_pdf=0 parse_failed=0
2026-08-16 18:07:11,324 INFO Suppressed 700 entries from older reports for games superseded by newer snapshots on 2021-12-13
2026-08-16 18:08:06,972 INFO Direct NBA day 57/241: 2021-12-14, 24 discovered -> 1 selected
2026-08-16 18:08:12,941 INFO Suppressed 869 entries from older reports for games superseded by newer snapshots on 2021-12-14
2026-08-16 18:09:10,837 INFO Direct NBA day 58/241: 2021-12-15, 24 discovered -> 1 selected
2026-08-16 18:09:11,217 INFO NBA backfill checkpoint processed=1/1 parsed=1 missing=0 http_failed=0 invalid_pdf=0 parse_failed=0
2026-08-16 18:09:18,967 INFO Suppressed 1226 entries from older reports for games superseded by newer snapshots on 2021-12-15
2026-08-16 18:10:16,617 INFO Direct NBA day 59/241: 2021-12-16, 24 discovered -> 1 selected
2026-08-16 18:10:16,897 INFO NBA backfill checkpoint processed=1/1 parsed=1 missing=0 http_failed=0 invalid_pdf=0 parse_failed=0
2026-08-16 18:10:23,316 INFO Suppressed 983 entries from older reports for games superseded by newer snapshots on 2021-12-16
2026-08-16 18:11:20,873 INFO Direct NBA day 60/241: 2021-12-17, 24 discovered -> 1 selected
2026-08-16 18:11:30,664 INFO Suppressed 1578 entries from older reports for games superseded by newer snapshots on 2021-12-17
2026-08-16 18:12:28,988 INFO Direct NBA day 61/241: 2021-12-18, 24 discovered -> 1 selected
2026-08-16 18:12:29,518 INFO NBA backfill checkpoint processed=1/1 parsed=1 missing=0 http_failed=0 invalid_pdf=0 parse_failed=0
2026-08-16 18:12:36,430 INFO Suppressed 1120 entries from older reports for games superseded by newer snapshots on 2021-12-18
2026-08-16 18:13:33,751 INFO Direct NBA day 62/241: 2021-12-19, 24 discovered -> 2 selected
2026-08-16 18:13:35,081 INFO NBA backfill checkpoint processed=2/2 parsed=2 missing=0 http_failed=0 invalid_pdf=0 parse_failed=0
2026-08-16 18:13:42,585 INFO Suppressed 1194 entries from older reports for games superseded by newer snapshots on 2021-12-19
2026-08-16 18:14:41,073 INFO Direct NBA day 63/241: 2021-12-20, 24 discovered -> 1 selected
2026-08-16 18:14:41,333 INFO NBA backfill checkpoint processed=1/1 parsed=1 missing=0 http_failed=0 invalid_pdf=0 parse_failed=0
2026-08-16 18:14:47,555 INFO Suppressed 973 entries from older reports for games superseded by newer snapshots on 2021-12-20
2026-08-16 18:15:44,651 INFO Direct NBA day 64/241: 2021-12-21, 24 discovered -> 1 selected
2026-08-16 18:15:44,943 INFO NBA backfill checkpoint processed=1/1 parsed=1 missing=0 http_failed=0 invalid_pdf=0 parse_failed=0
2026-08-16 18:15:51,359 INFO Suppressed 1042 entries from older reports for games superseded by newer snapshots on 2021-12-21
2026-08-16 18:16:50,087 INFO Direct NBA day 65/241: 2021-12-22, 24 discovered -> 2 selected
2026-08-16 18:16:50,486 INFO NBA backfill checkpoint processed=1/1 parsed=1 missing=0 http_failed=0 invalid_pdf=0 parse_failed=0
2026-08-16 18:17:00,246 INFO Suppressed 1572 entries from older reports for games superseded by newer snapshots on 2021-12-22
2026-08-16 18:17:58,654 INFO Direct NBA day 66/241: 2021-12-23, 24 discovered -> 1 selected
2026-08-16 18:17:58,939 INFO NBA backfill checkpoint processed=1/1 parsed=1 missing=0 http_failed=0 invalid_pdf=0 parse_failed=0
2026-08-16 18:18:06,675 INFO Suppressed 1310 entries from older reports for games superseded by newer snapshots on 2021-12-23
2026-08-16 18:19:00,661 INFO Skipped non-substantive snapshot (no date/matchup pairs): timestamp=2021-12-24T01:30:00 source_url=https://ak-static.cms.nba.com/referee/injury/Injury-Report_2021-12-24_01AM.pdf
2026-08-16 18:19:00,703 INFO Skipped non-substantive snapshot (no date/matchup pairs): timestamp=2021-12-24T02:30:00 source_url=https://ak-static.cms.nba.com/referee/injury/Injury-Report_2021-12-24_02AM.pdf
2026-08-16 18:19:00,743 INFO Skipped non-substantive snapshot (no date/matchup pairs): timestamp=2021-12-24T03:30:00 source_url=https://ak-static.cms.nba.com/referee/injury/Injury-Report_2021-12-24_03AM.pdf
2026-08-16 18:19:00,784 INFO Skipped non-substantive snapshot (no date/matchup pairs): timestamp=2021-12-24T04:30:00 source_url=https://ak-static.cms.nba.com/referee/injury/Injury-Report_2021-12-24_04AM.pdf
2026-08-16 18:19:00,840 INFO Skipped non-substantive snapshot (no date/matchup pairs): timestamp=2021-12-24T05:30:00 source_url=https://ak-static.cms.nba.com/referee/injury/Injury-Report_2021-12-24_05AM.pdf
2026-08-16 18:19:00,920 INFO Skipped non-substantive snapshot (no date/matchup pairs): timestamp=2021-12-24T06:30:00 source_url=https://ak-static.cms.nba.com/referee/injury/Injury-Report_2021-12-24_06AM.pdf
2026-08-16 18:19:01,053 INFO Skipped non-substantive snapshot (no date/matchup pairs): timestamp=2021-12-24T07:30:00 source_url=https://ak-static.cms.nba.com/referee/injury/Injury-Report_2021-12-24_07AM.pdf
2026-08-16 18:19:01,145 INFO Skipped non-substantive snapshot (no date/matchup pairs): timestamp=2021-12-24T08:30:00 source_url=https://ak-static.cms.nba.com/referee/injury/Injury-Report_2021-12-24_08AM.pdf
2026-08-16 18:19:01,238 INFO Skipped non-substantive snapshot (no date/matchup pairs): timestamp=2021-12-24T09:30:00 source_url=https://ak-static.cms.nba.com/referee/injury/Injury-Report_2021-12-24_09AM.pdf
2026-08-16 18:19:01,328 INFO Skipped non-substantive snapshot (no date/matchup pairs): timestamp=2021-12-24T10:30:00 source_url=https://ak-static.cms.nba.com/referee/injury/Injury-Report_2021-12-24_10AM.pdf
2026-08-16 18:19:01,567 INFO Skipped non-substantive snapshot (no date/matchup pairs): timestamp=2021-12-24T00:30:00 source_url=https://ak-static.cms.nba.com/referee/injury/Injury-Report_2021-12-24_12AM.pdf
2026-08-16 18:19:01,589 INFO Direct NBA day 67/241: 2021-12-24, 24 discovered -> 1 selected
2026-08-16 18:19:03,528 INFO Suppressed 252 entries from older reports for games superseded by newer snapshots on 2021-12-24
2026-08-16 18:20:00,699 INFO Direct NBA day 68/241: 2021-12-25, 24 discovered -> 1 selected
2026-08-16 18:20:01,055 INFO NBA backfill checkpoint processed=1/1 parsed=1 missing=0 http_failed=0 invalid_pdf=0 parse_failed=0
2026-08-16 18:20:08,378 INFO Suppressed 1240 entries from older reports for games superseded by newer snapshots on 2021-12-25
2026-08-16 18:21:06,501 INFO Direct NBA day 69/241: 2021-12-26, 24 discovered -> 1 selected
2026-08-16 18:21:06,882 INFO NBA backfill checkpoint processed=1/1 parsed=1 missing=0 http_failed=0 invalid_pdf=0 parse_failed=0
2026-08-16 18:21:15,258 INFO Suppressed 1422 entries from older reports for games superseded by newer snapshots on 2021-12-26
2026-08-16 18:22:12,930 INFO Direct NBA day 70/241: 2021-12-27, 24 discovered -> 1 selected
2026-08-16 18:22:13,310 INFO NBA backfill checkpoint processed=1/1 parsed=1 missing=0 http_failed=0 invalid_pdf=0 parse_failed=0
2026-08-16 18:22:24,172 INFO Suppressed 1890 entries from older reports for games superseded by newer snapshots on 2021-12-27
2026-08-16 18:23:23,233 INFO Direct NBA day 71/241: 2021-12-28, 24 discovered -> 1 selected
2026-08-16 18:23:36,297 INFO Suppressed 2248 entries from older reports for games superseded by newer snapshots on 2021-12-28
2026-08-16 18:24:34,571 INFO Direct NBA day 72/241: 2021-12-29, 24 discovered -> 2 selected
2026-08-16 18:24:34,944 INFO NBA backfill checkpoint processed=1/1 parsed=1 missing=0 http_failed=0 invalid_pdf=0 parse_failed=0
2026-08-16 18:24:44,719 INFO Suppressed 1724 entries from older reports for games superseded by newer snapshots on 2021-12-29
2026-08-16 18:25:42,329 INFO Direct NBA day 73/241: 2021-12-30, 24 discovered -> 2 selected
2026-08-16 18:25:42,763 INFO NBA backfill checkpoint processed=1/1 parsed=1 missing=0 http_failed=0 invalid_pdf=0 parse_failed=0
2026-08-16 18:25:50,686 INFO Suppressed 1348 entries from older reports for games superseded by newer snapshots on 2021-12-30
2026-08-16 18:26:49,836 INFO Direct NBA day 74/241: 2021-12-31, 24 discovered -> 1 selected
2026-08-16 18:26:50,257 INFO NBA backfill checkpoint processed=1/1 parsed=1 missing=0 http_failed=0 invalid_pdf=0 parse_failed=0
2026-08-16 18:26:59,633 INFO Suppressed 1669 entries from older reports for games superseded by newer snapshots on 2021-12-31
2026-08-16 18:27:59,418 INFO Direct NBA day 75/241: 2022-01-01, 24 discovered -> 1 selected
2026-08-16 18:27:59,792 INFO NBA backfill checkpoint processed=1/1 parsed=1 missing=0 http_failed=0 invalid_pdf=0 parse_failed=0
2026-08-16 18:28:07,650 INFO Suppressed 1346 entries from older reports for games superseded by newer snapshots on 2022-01-01
2026-08-16 18:29:05,058 INFO Direct NBA day 76/241: 2022-01-02, 24 discovered -> 1 selected
2026-08-16 18:29:05,427 INFO NBA backfill checkpoint processed=1/1 parsed=1 missing=0 http_failed=0 invalid_pdf=0 parse_failed=0
2026-08-16 18:29:13,184 INFO Suppressed 1335 entries from older reports for games superseded by newer snapshots on 2022-01-02
2026-08-16 18:30:12,465 INFO Direct NBA day 77/241: 2022-01-03, 24 discovered -> 1 selected
2026-08-16 18:30:12,819 INFO NBA backfill checkpoint processed=1/1 parsed=1 missing=0 http_failed=0 invalid_pdf=0 parse_failed=0
2026-08-16 18:30:23,405 INFO Suppressed 1891 entries from older reports for games superseded by newer snapshots on 2022-01-03
2026-08-16 18:31:20,859 INFO Direct NBA day 78/241: 2022-01-04, 24 discovered -> 1 selected
2026-08-16 18:31:21,212 INFO NBA backfill checkpoint processed=1/1 parsed=1 missing=0 http_failed=0 invalid_pdf=0 parse_failed=0
2026-08-16 18:31:27,598 INFO Suppressed 1059 entries from older reports for games superseded by newer snapshots on 2022-01-04
2026-08-16 18:32:26,580 INFO Direct NBA day 79/241: 2022-01-05, 24 discovered -> 1 selected
2026-08-16 18:32:26,961 INFO NBA backfill checkpoint processed=1/1 parsed=1 missing=0 http_failed=0 invalid_pdf=0 parse_failed=0
2026-08-16 18:32:34,844 INFO Suppressed 1378 entries from older reports for games superseded by newer snapshots on 2022-01-05
2026-08-16 18:33:31,229 INFO Direct NBA day 80/241: 2022-01-06, 24 discovered -> 1 selected
2026-08-16 18:33:31,590 INFO NBA backfill checkpoint processed=1/1 parsed=1 missing=0 http_failed=0 invalid_pdf=0 parse_failed=0
2026-08-16 18:33:37,598 INFO Suppressed 991 entries from older reports for games superseded by newer snapshots on 2022-01-06
2026-08-16 18:34:35,380 INFO Direct NBA day 81/241: 2022-01-07, 24 discovered -> 1 selected
2026-08-16 18:34:45,729 INFO Suppressed 1839 entries from older reports for games superseded by newer snapshots on 2022-01-07
2026-08-16 18:35:42,774 INFO Direct NBA day 82/241: 2022-01-08, 24 discovered -> 1 selected
2026-08-16 18:35:43,153 INFO NBA backfill checkpoint processed=1/1 parsed=1 missing=0 http_failed=0 invalid_pdf=0 parse_failed=0
2026-08-16 18:35:50,451 INFO Suppressed 1242 entries from older reports for games superseded by newer snapshots on 2022-01-08
2026-08-16 18:36:47,683 INFO Direct NBA day 83/241: 2022-01-09, 24 discovered -> 1 selected
2026-08-16 18:36:48,021 INFO NBA backfill checkpoint processed=1/1 parsed=1 missing=0 http_failed=0 invalid_pdf=0 parse_failed=0
2026-08-16 18:36:59,645 INFO Suppressed 1976 entries from older reports for games superseded by newer snapshots on 2022-01-09
2026-08-16 18:37:55,746 INFO Direct NBA day 84/241: 2022-01-10, 24 discovered -> 1 selected
2026-08-16 18:37:56,017 INFO NBA backfill checkpoint processed=1/1 parsed=1 missing=0 http_failed=0 invalid_pdf=0 parse_failed=0
2026-08-16 18:38:00,684 INFO Suppressed 708 entries from older reports for games superseded by newer snapshots on 2022-01-10
2026-08-16 18:38:58,444 INFO Direct NBA day 85/241: 2022-01-11, 24 discovered -> 1 selected
2026-08-16 18:38:58,724 INFO NBA backfill checkpoint processed=1/1 parsed=1 missing=0 http_failed=0 invalid_pdf=0 parse_failed=0
2026-08-16 18:39:04,324 INFO Suppressed 916 entries from older reports for games superseded by newer snapshots on 2022-01-11
2026-08-16 18:40:02,096 INFO Direct NBA day 86/241: 2022-01-12, 24 discovered -> 1 selected
2026-08-16 18:40:02,384 INFO NBA backfill checkpoint processed=1/1 parsed=1 missing=0 http_failed=0 invalid_pdf=0 parse_failed=0
2026-08-16 18:40:08,382 INFO Suppressed 1002 entries from older reports for games superseded by newer snapshots on 2022-01-12
2026-08-16 18:41:04,513 INFO Direct NBA day 87/241: 2022-01-13, 24 discovered -> 1 selected
2026-08-16 18:41:04,770 INFO NBA backfill checkpoint processed=1/1 parsed=1 missing=0 http_failed=0 invalid_pdf=0 parse_failed=0
2026-08-16 18:41:10,963 INFO Suppressed 1012 entries from older reports for games superseded by newer snapshots on 2022-01-13
2026-08-16 18:42:07,856 INFO Direct NBA day 88/241: 2022-01-14, 24 discovered -> 1 selected
2026-08-16 18:42:08,209 INFO NBA backfill checkpoint processed=1/1 parsed=1 missing=0 http_failed=0 invalid_pdf=0 parse_failed=0
2026-08-16 18:42:12,755 INFO Suppressed 723 entries from older reports for games superseded by newer snapshots on 2022-01-14
2026-08-16 18:43:09,693 INFO Direct NBA day 89/241: 2022-01-15, 24 discovered -> 1 selected
2026-08-16 18:43:10,011 INFO NBA backfill checkpoint processed=1/1 parsed=1 missing=0 http_failed=0 invalid_pdf=0 parse_failed=0
2026-08-16 18:43:19,074 INFO Suppressed 1502 entries from older reports for games superseded by newer snapshots on 2022-01-15
2026-08-16 18:44:16,984 INFO Direct NBA day 90/241: 2022-01-16, 24 discovered -> 1 selected
2026-08-16 18:44:17,281 INFO NBA backfill checkpoint processed=1/1 parsed=1 missing=0 http_failed=0 invalid_pdf=0 parse_failed=0
2026-08-16 18:44:22,903 INFO Suppressed 848 entries from older reports for games superseded by newer snapshots on 2022-01-16
2026-08-16 18:45:20,848 INFO Direct NBA day 91/241: 2022-01-17, 24 discovered -> 1 selected
2026-08-16 18:45:21,113 INFO NBA backfill checkpoint processed=1/1 parsed=1 missing=0 http_failed=0 invalid_pdf=0 parse_failed=0
2026-08-16 18:45:25,716 INFO Suppressed 769 entries from older reports for games superseded by newer snapshots on 2022-01-17
2026-08-16 18:46:22,246 INFO Direct NBA day 92/241: 2022-01-18, 24 discovered -> 1 selected
2026-08-16 18:46:22,556 INFO NBA backfill checkpoint processed=1/1 parsed=1 missing=0 http_failed=0 invalid_pdf=0 parse_failed=0
2026-08-16 18:46:28,677 INFO Suppressed 984 entries from older reports for games superseded by newer snapshots on 2022-01-18
2026-08-16 18:47:26,873 INFO Direct NBA day 93/241: 2022-01-19, 24 discovered -> 1 selected
2026-08-16 18:47:27,209 INFO NBA backfill checkpoint processed=1/1 parsed=1 missing=0 http_failed=0 invalid_pdf=0 parse_failed=0
2026-08-16 18:47:35,748 INFO Suppressed 1528 entries from older reports for games superseded by newer snapshots on 2022-01-19
2026-08-16 18:48:31,928 INFO Direct NBA day 94/241: 2022-01-20, 24 discovered -> 1 selected
2026-08-16 18:48:32,246 INFO NBA backfill checkpoint processed=1/1 parsed=1 missing=0 http_failed=0 invalid_pdf=0 parse_failed=0
2026-08-16 18:48:35,849 INFO Suppressed 516 entries from older reports for games superseded by newer snapshots on 2022-01-20
2026-08-16 18:49:33,212 INFO Direct NBA day 95/241: 2022-01-21, 24 discovered -> 1 selected
2026-08-16 18:49:33,469 INFO NBA backfill checkpoint processed=1/1 parsed=1 missing=0 http_failed=0 invalid_pdf=0 parse_failed=0
2026-08-16 18:49:39,190 INFO Suppressed 1003 entries from older reports for games superseded by newer snapshots on 2022-01-21
2026-08-16 18:50:35,365 INFO Direct NBA day 96/241: 2022-01-22, 24 discovered -> 1 selected
2026-08-16 18:50:35,689 INFO NBA backfill checkpoint processed=1/1 parsed=1 missing=0 http_failed=0 invalid_pdf=0 parse_failed=0
2026-08-16 18:50:40,494 INFO Suppressed 775 entries from older reports for games superseded by newer snapshots on 2022-01-22
2026-08-16 18:51:38,089 INFO Direct NBA day 97/241: 2022-01-23, 24 discovered -> 1 selected
2026-08-16 18:51:51,105 INFO Suppressed 2366 entries from older reports for games superseded by newer snapshots on 2022-01-23
2026-08-16 18:52:47,863 INFO Direct NBA day 98/241: 2022-01-24, 24 discovered -> 1 selected
2026-08-16 18:52:48,179 INFO NBA backfill checkpoint processed=1/1 parsed=1 missing=0 http_failed=0 invalid_pdf=0 parse_failed=0
2026-08-16 18:52:55,800 INFO Suppressed 1215 entries from older reports for games superseded by newer snapshots on 2022-01-24
2026-08-16 18:53:52,393 INFO Direct NBA day 99/241: 2022-01-25, 24 discovered -> 1 selected
2026-08-16 18:53:52,735 INFO NBA backfill checkpoint processed=1/1 parsed=1 missing=0 http_failed=0 invalid_pdf=0 parse_failed=0
2026-08-16 18:53:59,034 INFO Suppressed 1067 entries from older reports for games superseded by newer snapshots on 2022-01-25
2026-08-16 18:54:55,682 INFO Direct NBA day 100/241: 2022-01-26, 24 discovered -> 1 selected
2026-08-16 18:54:55,981 INFO NBA backfill checkpoint processed=1/1 parsed=1 missing=0 http_failed=0 invalid_pdf=0 parse_failed=0
2026-08-16 18:55:05,517 INFO Suppressed 1694 entries from older reports for games superseded by newer snapshots on 2022-01-26
2026-08-16 18:56:01,464 INFO Direct NBA day 101/241: 2022-01-27, 24 discovered -> 1 selected
2026-08-16 18:56:01,726 INFO NBA backfill checkpoint processed=1/1 parsed=1 missing=0 http_failed=0 invalid_pdf=0 parse_failed=0
2026-08-16 18:56:05,332 INFO Suppressed 556 entries from older reports for games superseded by newer snapshots on 2022-01-27
2026-08-16 18:57:03,039 INFO Direct NBA day 102/241: 2022-01-28, 24 discovered -> 1 selected
2026-08-16 18:57:11,103 INFO Suppressed 1451 entries from older reports for games superseded by newer snapshots on 2022-01-28
2026-08-16 18:58:06,743 INFO Direct NBA day 103/241: 2022-01-29, 24 discovered -> 1 selected
2026-08-16 18:58:07,090 INFO NBA backfill checkpoint processed=1/1 parsed=1 missing=0 http_failed=0 invalid_pdf=0 parse_failed=0
2026-08-16 18:58:10,684 INFO Suppressed 554 entries from older reports for games superseded by newer snapshots on 2022-01-29
2026-08-16 18:59:08,582 INFO Direct NBA day 104/241: 2022-01-30, 24 discovered -> 1 selected
2026-08-16 18:59:15,588 INFO Suppressed 1228 entries from older reports for games superseded by newer snapshots on 2022-01-30
2026-08-16 19:00:12,866 INFO Direct NBA day 105/241: 2022-01-31, 24 discovered -> 1 selected
2026-08-16 19:00:13,222 INFO NBA backfill checkpoint processed=1/1 parsed=1 missing=0 http_failed=0 invalid_pdf=0 parse_failed=0
2026-08-16 19:00:19,251 INFO Suppressed 1060 entries from older reports for games superseded by newer snapshots on 2022-01-31
2026-08-16 19:01:16,295 INFO Direct NBA day 106/241: 2022-02-01, 24 discovered -> 1 selected
2026-08-16 19:01:16,594 INFO NBA backfill checkpoint processed=1/1 parsed=1 missing=0 http_failed=0 invalid_pdf=0 parse_failed=0
2026-08-16 19:01:24,144 INFO Suppressed 1308 entries from older reports for games superseded by newer snapshots on 2022-02-01
2026-08-16 19:02:21,710 INFO Direct NBA day 107/241: 2022-02-02, 24 discovered -> 1 selected
2026-08-16 19:02:22,073 INFO NBA backfill checkpoint processed=1/1 parsed=1 missing=0 http_failed=0 invalid_pdf=0 parse_failed=0
2026-08-16 19:02:29,687 INFO Suppressed 1412 entries from older reports for games superseded by newer snapshots on 2022-02-02
2026-08-16 19:03:25,788 INFO Direct NBA day 108/241: 2022-02-03, 24 discovered -> 1 selected
2026-08-16 19:03:26,062 INFO NBA backfill checkpoint processed=1/1 parsed=1 missing=0 http_failed=0 invalid_pdf=0 parse_failed=0
2026-08-16 19:03:37,286 INFO Suppressed 2029 entries from older reports for games superseded by newer snapshots on 2022-02-03
2026-08-16 19:04:33,741 INFO Direct NBA day 109/241: 2022-02-04, 24 discovered -> 1 selected
2026-08-16 19:04:34,024 INFO NBA backfill checkpoint processed=1/1 parsed=1 missing=0 http_failed=0 invalid_pdf=0 parse_failed=0
2026-08-16 19:04:41,313 INFO Suppressed 1317 entries from older reports for games superseded by newer snapshots on 2022-02-04
2026-08-16 19:05:37,505 INFO Direct NBA day 110/241: 2022-02-05, 24 discovered -> 1 selected
2026-08-16 19:05:37,828 INFO NBA backfill checkpoint processed=1/1 parsed=1 missing=0 http_failed=0 invalid_pdf=0 parse_failed=0
2026-08-16 19:05:41,921 INFO Suppressed 709 entries from older reports for games superseded by newer snapshots on 2022-02-05
2026-08-16 19:06:38,795 INFO Direct NBA day 111/241: 2022-02-06, 24 discovered -> 1 selected
2026-08-16 19:06:39,073 INFO NBA backfill checkpoint processed=1/1 parsed=1 missing=0 http_failed=0 invalid_pdf=0 parse_failed=0
2026-08-16 19:06:45,309 INFO Suppressed 1146 entries from older reports for games superseded by newer snapshots on 2022-02-06
2026-08-16 19:07:42,359 INFO Direct NBA day 112/241: 2022-02-07, 24 discovered -> 1 selected
2026-08-16 19:07:49,521 INFO Suppressed 1301 entries from older reports for games superseded by newer snapshots on 2022-02-07
2026-08-16 19:08:47,201 INFO Direct NBA day 113/241: 2022-02-08, 24 discovered -> 1 selected
2026-08-16 19:08:47,528 INFO NBA backfill checkpoint processed=1/1 parsed=1 missing=0 http_failed=0 invalid_pdf=0 parse_failed=0
2026-08-16 19:09:02,089 INFO Suppressed 2842 entries from older reports for games superseded by newer snapshots on 2022-02-08
2026-08-16 19:10:00,384 INFO Direct NBA day 114/241: 2022-02-09, 24 discovered -> 1 selected
2026-08-16 19:10:00,655 INFO NBA backfill checkpoint processed=1/1 parsed=1 missing=0 http_failed=0 invalid_pdf=0 parse_failed=0
2026-08-16 19:10:06,792 INFO Suppressed 1060 entries from older reports for games superseded by newer snapshots on 2022-02-09
2026-08-16 19:11:03,011 INFO Direct NBA day 115/241: 2022-02-10, 24 discovered -> 1 selected
2026-08-16 19:11:03,371 INFO NBA backfill checkpoint processed=1/1 parsed=1 missing=0 http_failed=0 invalid_pdf=0 parse_failed=0
2026-08-16 19:11:08,424 INFO Suppressed 929 entries from older reports for games superseded by newer snapshots on 2022-02-10
2026-08-16 19:12:07,296 INFO Direct NBA day 116/241: 2022-02-11, 24 discovered -> 1 selected
2026-08-16 19:12:07,641 INFO NBA backfill checkpoint processed=1/1 parsed=1 missing=0 http_failed=0 invalid_pdf=0 parse_failed=0
2026-08-16 19:12:18,147 INFO Suppressed 1951 entries from older reports for games superseded by newer snapshots on 2022-02-11
2026-08-16 19:13:14,752 INFO Direct NBA day 117/241: 2022-02-12, 24 discovered -> 1 selected
2026-08-16 19:13:15,052 INFO NBA backfill checkpoint processed=1/1 parsed=1 missing=0 http_failed=0 invalid_pdf=0 parse_failed=0
2026-08-16 19:13:25,837 INFO Suppressed 2018 entries from older reports for games superseded by newer snapshots on 2022-02-12
2026-08-16 19:14:23,487 INFO Direct NBA day 118/241: 2022-02-13, 24 discovered -> 1 selected
2026-08-16 19:14:23,710 INFO NBA backfill checkpoint processed=1/1 parsed=1 missing=0 http_failed=0 invalid_pdf=0 parse_failed=0
2026-08-16 19:14:27,927 INFO Suppressed 702 entries from older reports for games superseded by newer snapshots on 2022-02-13
2026-08-16 19:15:25,103 INFO Direct NBA day 119/241: 2022-02-14, 24 discovered -> 1 selected
2026-08-16 19:15:25,413 INFO NBA backfill checkpoint processed=1/1 parsed=1 missing=0 http_failed=0 invalid_pdf=0 parse_failed=0
2026-08-16 19:15:32,624 INFO Suppressed 1337 entries from older reports for games superseded by newer snapshots on 2022-02-14
2026-08-16 19:16:32,085 INFO Direct NBA day 120/241: 2022-02-15, 24 discovered -> 1 selected
2026-08-16 19:16:32,373 INFO NBA backfill checkpoint processed=1/1 parsed=1 missing=0 http_failed=0 invalid_pdf=0 parse_failed=0
2026-08-16 19:16:38,145 INFO Suppressed 987 entries from older reports for games superseded by newer snapshots on 2022-02-15
2026-08-16 19:17:37,682 INFO Direct NBA day 121/241: 2022-02-16, 24 discovered -> 1 selected
2026-08-16 19:17:37,962 INFO NBA backfill checkpoint processed=1/1 parsed=1 missing=0 http_failed=0 invalid_pdf=0 parse_failed=0
2026-08-16 19:17:44,885 INFO Suppressed 1307 entries from older reports for games superseded by newer snapshots on 2022-02-16
2026-08-16 19:18:40,120 INFO Direct NBA day 122/241: 2022-02-17, 24 discovered -> 1 selected
2026-08-16 19:18:40,332 INFO NBA backfill checkpoint processed=1/1 parsed=1 missing=0 http_failed=0 invalid_pdf=0 parse_failed=0
2026-08-16 19:18:42,908 INFO Suppressed 426 entries from older reports for games superseded by newer snapshots on 2022-02-17
2026-08-16 19:19:09,584 INFO Skipped non-substantive snapshot (no date/matchup pairs): timestamp=2022-02-18T10:30:00 source_url=https://ak-static.cms.nba.com/referee/injury/Injury-Report_2022-02-18_10AM.pdf
2026-08-16 19:19:09,584 INFO Direct NBA day 123/241: 2022-02-18, 1 discovered -> 0 selected
2026-08-16 19:20:02,843 INFO Skipped non-substantive snapshot (no date/matchup pairs): timestamp=2022-02-19T01:30:00 source_url=https://ak-static.cms.nba.com/referee/injury/Injury-Report_2022-02-19_01AM.pdf
2026-08-16 19:20:02,849 INFO Skipped non-substantive snapshot (no date/matchup pairs): timestamp=2022-02-19T13:30:00 source_url=https://ak-static.cms.nba.com/referee/injury/Injury-Report_2022-02-19_01PM.pdf
2026-08-16 19:20:02,854 INFO Skipped non-substantive snapshot (no date/matchup pairs): timestamp=2022-02-19T02:30:00 source_url=https://ak-static.cms.nba.com/referee/injury/Injury-Report_2022-02-19_02AM.pdf
2026-08-16 19:20:02,859 INFO Skipped non-substantive snapshot (no date/matchup pairs): timestamp=2022-02-19T14:30:00 source_url=https://ak-static.cms.nba.com/referee/injury/Injury-Report_2022-02-19_02PM.pdf
2026-08-16 19:20:02,865 INFO Skipped non-substantive snapshot (no date/matchup pairs): timestamp=2022-02-19T03:30:00 source_url=https://ak-static.cms.nba.com/referee/injury/Injury-Report_2022-02-19_03AM.pdf
2026-08-16 19:20:02,870 INFO Skipped non-substantive snapshot (no date/matchup pairs): timestamp=2022-02-19T15:30:00 source_url=https://ak-static.cms.nba.com/referee/injury/Injury-Report_2022-02-19_03PM.pdf
2026-08-16 19:20:02,875 INFO Skipped non-substantive snapshot (no date/matchup pairs): timestamp=2022-02-19T04:30:00 source_url=https://ak-static.cms.nba.com/referee/injury/Injury-Report_2022-02-19_04AM.pdf
2026-08-16 19:20:02,881 INFO Skipped non-substantive snapshot (no date/matchup pairs): timestamp=2022-02-19T16:30:00 source_url=https://ak-static.cms.nba.com/referee/injury/Injury-Report_2022-02-19_04PM.pdf
2026-08-16 19:20:02,886 INFO Skipped non-substantive snapshot (no date/matchup pairs): timestamp=2022-02-19T05:30:00 source_url=https://ak-static.cms.nba.com/referee/injury/Injury-Report_2022-02-19_05AM.pdf
2026-08-16 19:20:02,891 INFO Skipped non-substantive snapshot (no date/matchup pairs): timestamp=2022-02-19T17:30:00 source_url=https://ak-static.cms.nba.com/referee/injury/Injury-Report_2022-02-19_05PM.pdf
2026-08-16 19:20:02,899 INFO Skipped non-substantive snapshot (no date/matchup pairs): timestamp=2022-02-19T06:30:00 source_url=https://ak-static.cms.nba.com/referee/injury/Injury-Report_2022-02-19_06AM.pdf
2026-08-16 19:20:02,904 INFO Skipped non-substantive snapshot (no date/matchup pairs): timestamp=2022-02-19T18:30:00 source_url=https://ak-static.cms.nba.com/referee/injury/Injury-Report_2022-02-19_06PM.pdf
2026-08-16 19:20:02,909 INFO Skipped non-substantive snapshot (no date/matchup pairs): timestamp=2022-02-19T07:30:00 source_url=https://ak-static.cms.nba.com/referee/injury/Injury-Report_2022-02-19_07AM.pdf
2026-08-16 19:20:02,914 INFO Skipped non-substantive snapshot (no date/matchup pairs): timestamp=2022-02-19T19:30:00 source_url=https://ak-static.cms.nba.com/referee/injury/Injury-Report_2022-02-19_07PM.pdf
2026-08-16 19:20:02,920 INFO Skipped non-substantive snapshot (no date/matchup pairs): timestamp=2022-02-19T08:30:00 source_url=https://ak-static.cms.nba.com/referee/injury/Injury-Report_2022-02-19_08AM.pdf
2026-08-16 19:20:02,925 INFO Skipped non-substantive snapshot (no date/matchup pairs): timestamp=2022-02-19T20:30:00 source_url=https://ak-static.cms.nba.com/referee/injury/Injury-Report_2022-02-19_08PM.pdf
2026-08-16 19:20:02,931 INFO Skipped non-substantive snapshot (no date/matchup pairs): timestamp=2022-02-19T09:30:00 source_url=https://ak-static.cms.nba.com/referee/injury/Injury-Report_2022-02-19_09AM.pdf
2026-08-16 19:20:02,936 INFO Skipped non-substantive snapshot (no date/matchup pairs): timestamp=2022-02-19T21:30:00 source_url=https://ak-static.cms.nba.com/referee/injury/Injury-Report_2022-02-19_09PM.pdf
2026-08-16 19:20:02,941 INFO Skipped non-substantive snapshot (no date/matchup pairs): timestamp=2022-02-19T10:30:00 source_url=https://ak-static.cms.nba.com/referee/injury/Injury-Report_2022-02-19_10AM.pdf
2026-08-16 19:20:02,946 INFO Skipped non-substantive snapshot (no date/matchup pairs): timestamp=2022-02-19T22:30:00 source_url=https://ak-static.cms.nba.com/referee/injury/Injury-Report_2022-02-19_10PM.pdf
2026-08-16 19:20:02,952 INFO Skipped non-substantive snapshot (no date/matchup pairs): timestamp=2022-02-19T11:30:00 source_url=https://ak-static.cms.nba.com/referee/injury/Injury-Report_2022-02-19_11AM.pdf
2026-08-16 19:20:02,957 INFO Skipped non-substantive snapshot (no date/matchup pairs): timestamp=2022-02-19T23:30:00 source_url=https://ak-static.cms.nba.com/referee/injury/Injury-Report_2022-02-19_11PM.pdf
2026-08-16 19:20:02,962 INFO Skipped non-substantive snapshot (no date/matchup pairs): timestamp=2022-02-19T00:30:00 source_url=https://ak-static.cms.nba.com/referee/injury/Injury-Report_2022-02-19_12AM.pdf
2026-08-16 19:20:02,968 INFO Skipped non-substantive snapshot (no date/matchup pairs): timestamp=2022-02-19T12:30:00 source_url=https://ak-static.cms.nba.com/referee/injury/Injury-Report_2022-02-19_12PM.pdf
2026-08-16 19:20:02,968 INFO Direct NBA day 124/241: 2022-02-19, 24 discovered -> 0 selected
2026-08-16 19:20:56,821 INFO Skipped non-substantive snapshot (no date/matchup pairs): timestamp=2022-02-20T01:30:00 source_url=https://ak-static.cms.nba.com/referee/injury/Injury-Report_2022-02-20_01AM.pdf
2026-08-16 19:20:56,831 INFO Skipped non-substantive snapshot (no date/matchup pairs): timestamp=2022-02-20T13:30:00 source_url=https://ak-static.cms.nba.com/referee/injury/Injury-Report_2022-02-20_01PM.pdf
2026-08-16 19:20:56,838 INFO Skipped non-substantive snapshot (no date/matchup pairs): timestamp=2022-02-20T02:30:00 source_url=https://ak-static.cms.nba.com/referee/injury/Injury-Report_2022-02-20_02AM.pdf
2026-08-16 19:20:56,845 INFO Skipped non-substantive snapshot (no date/matchup pairs): timestamp=2022-02-20T14:30:00 source_url=https://ak-static.cms.nba.com/referee/injury/Injury-Report_2022-02-20_02PM.pdf
2026-08-16 19:20:56,852 INFO Skipped non-substantive snapshot (no date/matchup pairs): timestamp=2022-02-20T03:30:00 source_url=https://ak-static.cms.nba.com/referee/injury/Injury-Report_2022-02-20_03AM.pdf
2026-08-16 19:20:56,858 INFO Skipped non-substantive snapshot (no date/matchup pairs): timestamp=2022-02-20T15:30:00 source_url=https://ak-static.cms.nba.com/referee/injury/Injury-Report_2022-02-20_03PM.pdf
2026-08-16 19:20:56,864 INFO Skipped non-substantive snapshot (no date/matchup pairs): timestamp=2022-02-20T04:30:00 source_url=https://ak-static.cms.nba.com/referee/injury/Injury-Report_2022-02-20_04AM.pdf
2026-08-16 19:20:56,870 INFO Skipped non-substantive snapshot (no date/matchup pairs): timestamp=2022-02-20T16:30:00 source_url=https://ak-static.cms.nba.com/referee/injury/Injury-Report_2022-02-20_04PM.pdf
2026-08-16 19:20:56,876 INFO Skipped non-substantive snapshot (no date/matchup pairs): timestamp=2022-02-20T05:30:00 source_url=https://ak-static.cms.nba.com/referee/injury/Injury-Report_2022-02-20_05AM.pdf
2026-08-16 19:20:56,882 INFO Skipped non-substantive snapshot (no date/matchup pairs): timestamp=2022-02-20T17:30:00 source_url=https://ak-static.cms.nba.com/referee/injury/Injury-Report_2022-02-20_05PM.pdf
2026-08-16 19:20:56,887 INFO Skipped non-substantive snapshot (no date/matchup pairs): timestamp=2022-02-20T06:30:00 source_url=https://ak-static.cms.nba.com/referee/injury/Injury-Report_2022-02-20_06AM.pdf
2026-08-16 19:20:56,892 INFO Skipped non-substantive snapshot (no date/matchup pairs): timestamp=2022-02-20T18:30:00 source_url=https://ak-static.cms.nba.com/referee/injury/Injury-Report_2022-02-20_06PM.pdf
2026-08-16 19:20:56,898 INFO Skipped non-substantive snapshot (no date/matchup pairs): timestamp=2022-02-20T07:30:00 source_url=https://ak-static.cms.nba.com/referee/injury/Injury-Report_2022-02-20_07AM.pdf
2026-08-16 19:20:56,903 INFO Skipped non-substantive snapshot (no date/matchup pairs): timestamp=2022-02-20T19:30:00 source_url=https://ak-static.cms.nba.com/referee/injury/Injury-Report_2022-02-20_07PM.pdf
2026-08-16 19:20:56,910 INFO Skipped non-substantive snapshot (no date/matchup pairs): timestamp=2022-02-20T08:30:00 source_url=https://ak-static.cms.nba.com/referee/injury/Injury-Report_2022-02-20_08AM.pdf
2026-08-16 19:20:56,916 INFO Skipped non-substantive snapshot (no date/matchup pairs): timestamp=2022-02-20T20:30:00 source_url=https://ak-static.cms.nba.com/referee/injury/Injury-Report_2022-02-20_08PM.pdf
2026-08-16 19:20:56,943 INFO Skipped non-substantive snapshot (no date/matchup pairs): timestamp=2022-02-20T09:30:00 source_url=https://ak-static.cms.nba.com/referee/injury/Injury-Report_2022-02-20_09AM.pdf
2026-08-16 19:20:56,949 INFO Skipped non-substantive snapshot (no date/matchup pairs): timestamp=2022-02-20T21:30:00 source_url=https://ak-static.cms.nba.com/referee/injury/Injury-Report_2022-02-20_09PM.pdf
2026-08-16 19:20:56,954 INFO Skipped non-substantive snapshot (no date/matchup pairs): timestamp=2022-02-20T10:30:00 source_url=https://ak-static.cms.nba.com/referee/injury/Injury-Report_2022-02-20_10AM.pdf
2026-08-16 19:20:56,960 INFO Skipped non-substantive snapshot (no date/matchup pairs): timestamp=2022-02-20T22:30:00 source_url=https://ak-static.cms.nba.com/referee/injury/Injury-Report_2022-02-20_10PM.pdf
2026-08-16 19:20:56,966 INFO Skipped non-substantive snapshot (no date/matchup pairs): timestamp=2022-02-20T11:30:00 source_url=https://ak-static.cms.nba.com/referee/injury/Injury-Report_2022-02-20_11AM.pdf
2026-08-16 19:20:56,971 INFO Skipped non-substantive snapshot (no date/matchup pairs): timestamp=2022-02-20T23:30:00 source_url=https://ak-static.cms.nba.com/referee/injury/Injury-Report_2022-02-20_11PM.pdf
2026-08-16 19:20:56,977 INFO Skipped non-substantive snapshot (no date/matchup pairs): timestamp=2022-02-20T00:30:00 source_url=https://ak-static.cms.nba.com/referee/injury/Injury-Report_2022-02-20_12AM.pdf
2026-08-16 19:20:56,983 INFO Skipped non-substantive snapshot (no date/matchup pairs): timestamp=2022-02-20T12:30:00 source_url=https://ak-static.cms.nba.com/referee/injury/Injury-Report_2022-02-20_12PM.pdf
2026-08-16 19:20:56,983 INFO Direct NBA day 125/241: 2022-02-20, 24 discovered -> 0 selected
2026-08-16 19:21:23,260 INFO Direct NBA day 126/241: 2022-02-21, 0 discovered -> 0 selected
2026-08-16 19:21:49,315 INFO Direct NBA day 127/241: 2022-02-22, 0 discovered -> 0 selected
2026-08-16 19:22:43,913 INFO Skipped non-substantive snapshot (no date/matchup pairs): timestamp=2022-02-23T01:30:00 source_url=https://ak-static.cms.nba.com/referee/injury/Injury-Report_2022-02-23_01AM.pdf
2026-08-16 19:22:43,930 INFO Skipped non-substantive snapshot (no date/matchup pairs): timestamp=2022-02-23T13:30:00 source_url=https://ak-static.cms.nba.com/referee/injury/Injury-Report_2022-02-23_01PM.pdf
2026-08-16 19:22:43,947 INFO Skipped non-substantive snapshot (no date/matchup pairs): timestamp=2022-02-23T02:30:00 source_url=https://ak-static.cms.nba.com/referee/injury/Injury-Report_2022-02-23_02AM.pdf
2026-08-16 19:22:43,964 INFO Skipped non-substantive snapshot (no date/matchup pairs): timestamp=2022-02-23T14:30:00 source_url=https://ak-static.cms.nba.com/referee/injury/Injury-Report_2022-02-23_02PM.pdf
2026-08-16 19:22:43,980 INFO Skipped non-substantive snapshot (no date/matchup pairs): timestamp=2022-02-23T03:30:00 source_url=https://ak-static.cms.nba.com/referee/injury/Injury-Report_2022-02-23_03AM.pdf
2026-08-16 19:22:43,995 INFO Skipped non-substantive snapshot (no date/matchup pairs): timestamp=2022-02-23T15:30:00 source_url=https://ak-static.cms.nba.com/referee/injury/Injury-Report_2022-02-23_03PM.pdf
2026-08-16 19:22:44,011 INFO Skipped non-substantive snapshot (no date/matchup pairs): timestamp=2022-02-23T04:30:00 source_url=https://ak-static.cms.nba.com/referee/injury/Injury-Report_2022-02-23_04AM.pdf
2026-08-16 19:22:44,047 INFO Skipped non-substantive snapshot (no date/matchup pairs): timestamp=2022-02-23T05:30:00 source_url=https://ak-static.cms.nba.com/referee/injury/Injury-Report_2022-02-23_05AM.pdf
2026-08-16 19:22:44,094 INFO Skipped non-substantive snapshot (no date/matchup pairs): timestamp=2022-02-23T06:30:00 source_url=https://ak-static.cms.nba.com/referee/injury/Injury-Report_2022-02-23_06AM.pdf
2026-08-16 19:22:44,159 INFO Skipped non-substantive snapshot (no date/matchup pairs): timestamp=2022-02-23T07:30:00 source_url=https://ak-static.cms.nba.com/referee/injury/Injury-Report_2022-02-23_07AM.pdf
2026-08-16 19:22:44,279 INFO Skipped non-substantive snapshot (no date/matchup pairs): timestamp=2022-02-23T08:30:00 source_url=https://ak-static.cms.nba.com/referee/injury/Injury-Report_2022-02-23_08AM.pdf
2026-08-16 19:22:44,351 INFO Skipped non-substantive snapshot (no date/matchup pairs): timestamp=2022-02-23T09:30:00 source_url=https://ak-static.cms.nba.com/referee/injury/Injury-Report_2022-02-23_09AM.pdf
2026-08-16 19:22:44,427 INFO Skipped non-substantive snapshot (no date/matchup pairs): timestamp=2022-02-23T10:30:00 source_url=https://ak-static.cms.nba.com/referee/injury/Injury-Report_2022-02-23_10AM.pdf
2026-08-16 19:22:44,506 INFO Skipped non-substantive snapshot (no date/matchup pairs): timestamp=2022-02-23T11:30:00 source_url=https://ak-static.cms.nba.com/referee/injury/Injury-Report_2022-02-23_11AM.pdf
2026-08-16 19:22:44,585 INFO Skipped non-substantive snapshot (no date/matchup pairs): timestamp=2022-02-23T00:30:00 source_url=https://ak-static.cms.nba.com/referee/injury/Injury-Report_2022-02-23_12AM.pdf
2026-08-16 19:22:44,602 INFO Skipped non-substantive snapshot (no date/matchup pairs): timestamp=2022-02-23T12:30:00 source_url=https://ak-static.cms.nba.com/referee/injury/Injury-Report_2022-02-23_12PM.pdf
2026-08-16 19:22:44,602 INFO Direct NBA day 128/241: 2022-02-23, 24 discovered -> 1 selected
2026-08-16 19:22:45,018 INFO NBA backfill checkpoint processed=1/1 parsed=1 missing=0 http_failed=0 invalid_pdf=0 parse_failed=0
2026-08-16 19:22:46,509 INFO Suppressed 192 entries from older reports for games superseded by newer snapshots on 2022-02-23
2026-08-16 19:23:42,822 INFO Direct NBA day 129/241: 2022-02-24, 24 discovered -> 1 selected
2026-08-16 19:23:43,090 INFO NBA backfill checkpoint processed=1/1 parsed=1 missing=0 http_failed=0 invalid_pdf=0 parse_failed=0
2026-08-16 19:23:49,589 INFO Suppressed 1180 entries from older reports for games superseded by newer snapshots on 2022-02-24
2026-08-16 19:24:45,780 INFO Direct NBA day 130/241: 2022-02-25, 24 discovered -> 1 selected
2026-08-16 19:24:46,050 INFO NBA backfill checkpoint processed=1/1 parsed=1 missing=0 http_failed=0 invalid_pdf=0 parse_failed=0
2026-08-16 19:24:51,577 INFO Suppressed 1019 entries from older reports for games superseded by newer snapshots on 2022-02-25
2026-08-16 19:25:47,306 INFO Direct NBA day 131/241: 2022-02-26, 24 discovered -> 1 selected
2026-08-16 19:25:51,319 INFO Suppressed 679 entries from older reports for games superseded by newer snapshots on 2022-02-26
2026-08-16 19:26:48,141 INFO Direct NBA day 132/241: 2022-02-27, 24 discovered -> 1 selected
2026-08-16 19:26:48,473 INFO NBA backfill checkpoint processed=1/1 parsed=1 missing=0 http_failed=0 invalid_pdf=0 parse_failed=0
2026-08-16 19:26:54,673 INFO Suppressed 1169 entries from older reports for games superseded by newer snapshots on 2022-02-27
2026-08-16 19:27:51,128 INFO Direct NBA day 133/241: 2022-02-28, 24 discovered -> 1 selected
2026-08-16 19:27:51,359 INFO NBA backfill checkpoint processed=1/1 parsed=1 missing=0 http_failed=0 invalid_pdf=0 parse_failed=0
2026-08-16 19:27:56,355 INFO Suppressed 927 entries from older reports for games superseded by newer snapshots on 2022-02-28
2026-08-16 19:28:52,993 INFO Direct NBA day 134/241: 2022-03-01, 24 discovered -> 1 selected
2026-08-16 19:28:53,302 INFO NBA backfill checkpoint processed=1/1 parsed=1 missing=0 http_failed=0 invalid_pdf=0 parse_failed=0
2026-08-16 19:28:59,414 INFO Suppressed 1123 entries from older reports for games superseded by newer snapshots on 2022-03-01
2026-08-16 19:29:56,093 INFO Direct NBA day 135/241: 2022-03-02, 24 discovered -> 1 selected
2026-08-16 19:29:56,430 INFO NBA backfill checkpoint processed=1/1 parsed=1 missing=0 http_failed=0 invalid_pdf=0 parse_failed=0
2026-08-16 19:30:02,942 INFO Suppressed 1240 entries from older reports for games superseded by newer snapshots on 2022-03-02
2026-08-16 19:31:00,601 INFO Direct NBA day 136/241: 2022-03-03, 24 discovered -> 1 selected
2026-08-16 19:31:00,867 INFO NBA backfill checkpoint processed=1/1 parsed=1 missing=0 http_failed=0 invalid_pdf=0 parse_failed=0
2026-08-16 19:31:05,702 INFO Suppressed 877 entries from older reports for games superseded by newer snapshots on 2022-03-03
2026-08-16 19:32:04,345 INFO Direct NBA day 137/241: 2022-03-04, 24 discovered -> 1 selected
2026-08-16 19:32:04,676 INFO NBA backfill checkpoint processed=1/1 parsed=1 missing=0 http_failed=0 invalid_pdf=0 parse_failed=0
2026-08-16 19:32:06,311 INFO Suppressed 246 entries from older reports for games superseded by newer snapshots on 2022-03-04
2026-08-16 19:33:03,387 INFO Direct NBA day 138/241: 2022-03-05, 24 discovered -> 1 selected
2026-08-16 19:33:03,667 INFO NBA backfill checkpoint processed=1/1 parsed=1 missing=0 http_failed=0 invalid_pdf=0 parse_failed=0
2026-08-16 19:33:09,538 INFO Suppressed 1118 entries from older reports for games superseded by newer snapshots on 2022-03-05
2026-08-16 19:34:07,320 INFO Direct NBA day 139/241: 2022-03-06, 24 discovered -> 1 selected
2026-08-16 19:34:07,624 INFO NBA backfill checkpoint processed=1/1 parsed=1 missing=0 http_failed=0 invalid_pdf=0 parse_failed=0
2026-08-16 19:34:14,832 INFO Suppressed 1381 entries from older reports for games superseded by newer snapshots on 2022-03-06
2026-08-16 19:35:11,904 INFO Direct NBA day 140/241: 2022-03-07, 24 discovered -> 1 selected
2026-08-16 19:35:12,254 INFO NBA backfill checkpoint processed=1/1 parsed=1 missing=0 http_failed=0 invalid_pdf=0 parse_failed=0
2026-08-16 19:35:19,674 INFO Suppressed 1485 entries from older reports for games superseded by newer snapshots on 2022-03-07
2026-08-16 19:36:16,950 INFO Direct NBA day 141/241: 2022-03-08, 24 discovered -> 1 selected
2026-08-16 19:36:17,309 INFO NBA backfill checkpoint processed=1/1 parsed=1 missing=0 http_failed=0 invalid_pdf=0 parse_failed=0
2026-08-16 19:36:22,731 INFO Suppressed 1014 entries from older reports for games superseded by newer snapshots on 2022-03-08
2026-08-16 19:37:21,744 INFO Direct NBA day 142/241: 2022-03-09, 24 discovered -> 1 selected
2026-08-16 19:37:22,086 INFO NBA backfill checkpoint processed=1/1 parsed=1 missing=0 http_failed=0 invalid_pdf=0 parse_failed=0
2026-08-16 19:37:34,086 INFO Suppressed 2500 entries from older reports for games superseded by newer snapshots on 2022-03-09
2026-08-16 19:38:29,924 INFO Direct NBA day 143/241: 2022-03-10, 24 discovered -> 1 selected
2026-08-16 19:38:30,184 INFO NBA backfill checkpoint processed=1/1 parsed=1 missing=0 http_failed=0 invalid_pdf=0 parse_failed=0
2026-08-16 19:38:32,672 INFO Suppressed 432 entries from older reports for games superseded by newer snapshots on 2022-03-10
2026-08-16 19:39:30,263 INFO Direct NBA day 144/241: 2022-03-11, 24 discovered -> 1 selected
2026-08-16 19:39:39,002 INFO Suppressed 1762 entries from older reports for games superseded by newer snapshots on 2022-03-11
2026-08-16 19:40:36,203 INFO Direct NBA day 145/241: 2022-03-12, 24 discovered -> 1 selected
2026-08-16 19:40:36,576 INFO NBA backfill checkpoint processed=1/1 parsed=1 missing=0 http_failed=0 invalid_pdf=0 parse_failed=0
2026-08-16 19:40:42,479 INFO Suppressed 1165 entries from older reports for games superseded by newer snapshots on 2022-03-12
2026-08-16 19:41:39,663 INFO Direct NBA day 146/241: 2022-03-13, 23 discovered -> 1 selected
2026-08-16 19:41:40,003 INFO NBA backfill checkpoint processed=1/1 parsed=1 missing=0 http_failed=0 invalid_pdf=0 parse_failed=0
2026-08-16 19:41:46,591 INFO Suppressed 1302 entries from older reports for games superseded by newer snapshots on 2022-03-13
2026-08-16 19:42:43,625 INFO Direct NBA day 147/241: 2022-03-14, 24 discovered -> 1 selected
2026-08-16 19:42:43,911 INFO NBA backfill checkpoint processed=1/1 parsed=1 missing=0 http_failed=0 invalid_pdf=0 parse_failed=0
2026-08-16 19:42:49,169 INFO Suppressed 1057 entries from older reports for games superseded by newer snapshots on 2022-03-14
2026-08-16 19:43:45,804 INFO Direct NBA day 148/241: 2022-03-15, 24 discovered -> 1 selected
2026-08-16 19:43:46,113 INFO NBA backfill checkpoint processed=1/1 parsed=1 missing=0 http_failed=0 invalid_pdf=0 parse_failed=0
2026-08-16 19:43:51,938 INFO Suppressed 1149 entries from older reports for games superseded by newer snapshots on 2022-03-15
2026-08-16 19:44:50,003 INFO Direct NBA day 149/241: 2022-03-16, 24 discovered -> 1 selected
2026-08-16 19:44:50,266 INFO NBA backfill checkpoint processed=1/1 parsed=1 missing=0 http_failed=0 invalid_pdf=0 parse_failed=0
2026-08-16 19:44:59,454 INFO Suppressed 1989 entries from older reports for games superseded by newer snapshots on 2022-03-16
2026-08-16 19:45:55,614 INFO Direct NBA day 150/241: 2022-03-17, 24 discovered -> 1 selected
2026-08-16 19:45:55,892 INFO NBA backfill checkpoint processed=1/1 parsed=1 missing=0 http_failed=0 invalid_pdf=0 parse_failed=0
2026-08-16 19:46:00,199 INFO Suppressed 762 entries from older reports for games superseded by newer snapshots on 2022-03-17
2026-08-16 19:46:57,703 INFO Direct NBA day 151/241: 2022-03-18, 24 discovered -> 1 selected
2026-08-16 19:46:58,060 INFO NBA backfill checkpoint processed=1/1 parsed=1 missing=0 http_failed=0 invalid_pdf=0 parse_failed=0
2026-08-16 19:47:03,360 INFO Suppressed 1073 entries from older reports for games superseded by newer snapshots on 2022-03-18
2026-08-16 19:47:59,443 INFO Direct NBA day 152/241: 2022-03-19, 24 discovered -> 1 selected
2026-08-16 19:47:59,789 INFO NBA backfill checkpoint processed=1/1 parsed=1 missing=0 http_failed=0 invalid_pdf=0 parse_failed=0
2026-08-16 19:48:03,937 INFO Suppressed 776 entries from older reports for games superseded by newer snapshots on 2022-03-19
2026-08-16 19:49:02,325 INFO Direct NBA day 153/241: 2022-03-20, 24 discovered -> 1 selected
2026-08-16 19:49:02,630 INFO NBA backfill checkpoint processed=1/1 parsed=1 missing=0 http_failed=0 invalid_pdf=0 parse_failed=0
2026-08-16 19:49:08,224 INFO Suppressed 1108 entries from older reports for games superseded by newer snapshots on 2022-03-20
2026-08-16 19:50:06,224 INFO Direct NBA day 154/241: 2022-03-21, 24 discovered -> 1 selected
2026-08-16 19:50:06,546 INFO NBA backfill checkpoint processed=1/1 parsed=1 missing=0 http_failed=0 invalid_pdf=0 parse_failed=0
2026-08-16 19:50:13,638 INFO Suppressed 1461 entries from older reports for games superseded by newer snapshots on 2022-03-21
2026-08-16 19:51:09,998 INFO Direct NBA day 155/241: 2022-03-22, 24 discovered -> 1 selected
2026-08-16 19:51:15,182 INFO Suppressed 975 entries from older reports for games superseded by newer snapshots on 2022-03-22
2026-08-16 19:52:14,793 INFO Direct NBA day 156/241: 2022-03-23, 24 discovered -> 1 selected
2026-08-16 19:52:15,189 INFO NBA backfill checkpoint processed=1/1 parsed=1 missing=0 http_failed=0 invalid_pdf=0 parse_failed=0
2026-08-16 19:52:23,939 INFO Suppressed 1912 entries from older reports for games superseded by newer snapshots on 2022-03-23
2026-08-16 19:53:20,528 INFO Direct NBA day 157/241: 2022-03-24, 24 discovered -> 1 selected
2026-08-16 19:53:25,379 INFO Suppressed 914 entries from older reports for games superseded by newer snapshots on 2022-03-24
2026-08-16 19:54:25,018 INFO Direct NBA day 158/241: 2022-03-25, 24 discovered -> 1 selected
2026-08-16 19:54:32,411 INFO Suppressed 1558 entries from older reports for games superseded by newer snapshots on 2022-03-25
2026-08-16 19:55:30,094 INFO Direct NBA day 159/241: 2022-03-26, 24 discovered -> 1 selected
2026-08-16 19:55:30,463 INFO NBA backfill checkpoint processed=1/1 parsed=1 missing=0 http_failed=0 invalid_pdf=0 parse_failed=0
2026-08-16 19:55:37,234 INFO Suppressed 1450 entries from older reports for games superseded by newer snapshots on 2022-03-26
2026-08-16 19:56:34,460 INFO Direct NBA day 160/241: 2022-03-27, 24 discovered -> 1 selected
2026-08-16 19:56:34,827 INFO NBA backfill checkpoint processed=1/1 parsed=1 missing=0 http_failed=0 invalid_pdf=0 parse_failed=0
2026-08-16 19:56:40,368 INFO Suppressed 1136 entries from older reports for games superseded by newer snapshots on 2022-03-27
2026-08-16 19:57:38,683 INFO Direct NBA day 161/241: 2022-03-28, 24 discovered -> 1 selected
2026-08-16 19:57:38,976 INFO NBA backfill checkpoint processed=1/1 parsed=1 missing=0 http_failed=0 invalid_pdf=0 parse_failed=0
2026-08-16 19:57:47,047 INFO Suppressed 1784 entries from older reports for games superseded by newer snapshots on 2022-03-28
2026-08-16 19:58:44,946 INFO Direct NBA day 162/241: 2022-03-29, 24 discovered -> 1 selected
2026-08-16 19:58:45,250 INFO NBA backfill checkpoint processed=1/1 parsed=1 missing=0 http_failed=0 invalid_pdf=0 parse_failed=0
2026-08-16 19:58:51,560 INFO Suppressed 1295 entries from older reports for games superseded by newer snapshots on 2022-03-29
2026-08-16 19:59:51,067 INFO Direct NBA day 163/241: 2022-03-30, 24 discovered -> 1 selected
2026-08-16 19:59:51,373 INFO NBA backfill checkpoint processed=1/1 parsed=1 missing=0 http_failed=0 invalid_pdf=0 parse_failed=0
2026-08-16 19:59:58,307 INFO Suppressed 1572 entries from older reports for games superseded by newer snapshots on 2022-03-30
2026-08-16 20:00:55,599 INFO Direct NBA day 164/241: 2022-03-31, 24 discovered -> 1 selected
2026-08-16 20:00:55,895 INFO NBA backfill checkpoint processed=1/1 parsed=1 missing=0 http_failed=0 invalid_pdf=0 parse_failed=0
2026-08-16 20:01:01,264 INFO Suppressed 1106 entries from older reports for games superseded by newer snapshots on 2022-03-31
2026-08-16 20:01:59,067 INFO Direct NBA day 165/241: 2022-04-01, 24 discovered -> 1 selected
2026-08-16 20:01:59,398 INFO NBA backfill checkpoint processed=1/1 parsed=1 missing=0 http_failed=0 invalid_pdf=0 parse_failed=0
2026-08-16 20:02:05,137 INFO Suppressed 1257 entries from older reports for games superseded by newer snapshots on 2022-04-01
2026-08-16 20:03:01,979 INFO Direct NBA day 166/241: 2022-04-02, 24 discovered -> 1 selected
2026-08-16 20:03:02,303 INFO NBA backfill checkpoint processed=1/1 parsed=1 missing=0 http_failed=0 invalid_pdf=0 parse_failed=0
2026-08-16 20:03:07,692 INFO Suppressed 1150 entries from older reports for games superseded by newer snapshots on 2022-04-02
2026-08-16 20:04:05,210 INFO Direct NBA day 167/241: 2022-04-03, 24 discovered -> 1 selected
2026-08-16 20:04:05,491 INFO NBA backfill checkpoint processed=1/1 parsed=1 missing=0 http_failed=0 invalid_pdf=0 parse_failed=0
2026-08-16 20:04:11,604 INFO Suppressed 1417 entries from older reports for games superseded by newer snapshots on 2022-04-03
2026-08-16 20:05:04,995 INFO Skipped non-substantive snapshot (no date/matchup pairs): timestamp=2022-04-04T01:30:00 source_url=https://ak-static.cms.nba.com/referee/injury/Injury-Report_2022-04-04_01AM.pdf
2026-08-16 20:05:05,022 INFO Skipped non-substantive snapshot (no date/matchup pairs): timestamp=2022-04-04T13:30:00 source_url=https://ak-static.cms.nba.com/referee/injury/Injury-Report_2022-04-04_01PM.pdf
2026-08-16 20:05:05,049 INFO Skipped non-substantive snapshot (no date/matchup pairs): timestamp=2022-04-04T02:30:00 source_url=https://ak-static.cms.nba.com/referee/injury/Injury-Report_2022-04-04_02AM.pdf
2026-08-16 20:05:05,111 INFO Skipped non-substantive snapshot (no date/matchup pairs): timestamp=2022-04-04T03:30:00 source_url=https://ak-static.cms.nba.com/referee/injury/Injury-Report_2022-04-04_03AM.pdf
2026-08-16 20:05:05,226 INFO Skipped non-substantive snapshot (no date/matchup pairs): timestamp=2022-04-04T04:30:00 source_url=https://ak-static.cms.nba.com/referee/injury/Injury-Report_2022-04-04_04AM.pdf
2026-08-16 20:05:05,320 INFO Skipped non-substantive snapshot (no date/matchup pairs): timestamp=2022-04-04T05:30:00 source_url=https://ak-static.cms.nba.com/referee/injury/Injury-Report_2022-04-04_05AM.pdf
2026-08-16 20:05:05,428 INFO Skipped non-substantive snapshot (no date/matchup pairs): timestamp=2022-04-04T06:30:00 source_url=https://ak-static.cms.nba.com/referee/injury/Injury-Report_2022-04-04_06AM.pdf
2026-08-16 20:05:05,566 INFO Skipped non-substantive snapshot (no date/matchup pairs): timestamp=2022-04-04T07:30:00 source_url=https://ak-static.cms.nba.com/referee/injury/Injury-Report_2022-04-04_07AM.pdf
2026-08-16 20:05:05,764 INFO Skipped non-substantive snapshot (no date/matchup pairs): timestamp=2022-04-04T08:30:00 source_url=https://ak-static.cms.nba.com/referee/injury/Injury-Report_2022-04-04_08AM.pdf
2026-08-16 20:05:05,919 INFO Skipped non-substantive snapshot (no date/matchup pairs): timestamp=2022-04-04T09:30:00 source_url=https://ak-static.cms.nba.com/referee/injury/Injury-Report_2022-04-04_09AM.pdf
2026-08-16 20:05:06,074 INFO Skipped non-substantive snapshot (no date/matchup pairs): timestamp=2022-04-04T10:30:00 source_url=https://ak-static.cms.nba.com/referee/injury/Injury-Report_2022-04-04_10AM.pdf
2026-08-16 20:05:06,286 INFO Skipped non-substantive snapshot (no date/matchup pairs): timestamp=2022-04-04T11:30:00 source_url=https://ak-static.cms.nba.com/referee/injury/Injury-Report_2022-04-04_11AM.pdf
2026-08-16 20:05:06,440 INFO Skipped non-substantive snapshot (no date/matchup pairs): timestamp=2022-04-04T00:30:00 source_url=https://ak-static.cms.nba.com/referee/injury/Injury-Report_2022-04-04_12AM.pdf
2026-08-16 20:05:06,467 INFO Skipped non-substantive snapshot (no date/matchup pairs): timestamp=2022-04-04T12:30:00 source_url=https://ak-static.cms.nba.com/referee/injury/Injury-Report_2022-04-04_12PM.pdf
2026-08-16 20:05:06,467 INFO Direct NBA day 168/241: 2022-04-04, 24 discovered -> 1 selected
2026-08-16 20:05:09,555 INFO Suppressed 609 entries from older reports for games superseded by newer snapshots on 2022-04-04
2026-08-16 20:06:07,462 INFO Direct NBA day 169/241: 2022-04-05, 24 discovered -> 1 selected
2026-08-16 20:06:07,825 INFO NBA backfill checkpoint processed=1/1 parsed=1 missing=0 http_failed=0 invalid_pdf=0 parse_failed=0
2026-08-16 20:06:14,664 INFO Suppressed 1534 entries from older reports for games superseded by newer snapshots on 2022-04-05
2026-08-16 20:07:11,286 INFO Direct NBA day 170/241: 2022-04-06, 24 discovered -> 1 selected
2026-08-16 20:07:11,615 INFO NBA backfill checkpoint processed=1/1 parsed=1 missing=0 http_failed=0 invalid_pdf=0 parse_failed=0
2026-08-16 20:07:17,299 INFO Suppressed 1218 entries from older reports for games superseded by newer snapshots on 2022-04-06
2026-08-16 20:08:15,465 INFO Direct NBA day 171/241: 2022-04-07, 24 discovered -> 1 selected
2026-08-16 20:08:15,788 INFO NBA backfill checkpoint processed=1/1 parsed=1 missing=0 http_failed=0 invalid_pdf=0 parse_failed=0
2026-08-16 20:08:21,022 INFO Suppressed 1119 entries from older reports for games superseded by newer snapshots on 2022-04-07
2026-08-16 20:09:16,948 INFO Direct NBA day 172/241: 2022-04-08, 24 discovered -> 1 selected
2026-08-16 20:09:17,217 INFO NBA backfill checkpoint processed=1/1 parsed=1 missing=0 http_failed=0 invalid_pdf=0 parse_failed=0
2026-08-16 20:09:22,171 INFO Suppressed 1071 entries from older reports for games superseded by newer snapshots on 2022-04-08
2026-08-16 20:10:19,710 INFO Direct NBA day 173/241: 2022-04-09, 24 discovered -> 1 selected
2026-08-16 20:10:20,093 INFO NBA backfill checkpoint processed=1/1 parsed=1 missing=0 http_failed=0 invalid_pdf=0 parse_failed=0
2026-08-16 20:10:24,309 INFO Suppressed 878 entries from older reports for games superseded by newer snapshots on 2022-04-09
2026-08-16 20:11:24,929 INFO Direct NBA day 174/241: 2022-04-10, 24 discovered -> 1 selected
2026-08-16 20:11:25,264 INFO NBA backfill checkpoint processed=1/1 parsed=1 missing=0 http_failed=0 invalid_pdf=0 parse_failed=0
2026-08-16 20:11:33,553 INFO Suppressed 2017 entries from older reports for games superseded by newer snapshots on 2022-04-10
2026-08-16 20:12:27,403 INFO Skipped non-substantive snapshot (no date/matchup pairs): timestamp=2022-04-11T01:30:00 source_url=https://ak-static.cms.nba.com/referee/injury/Injury-Report_2022-04-11_01AM.pdf
2026-08-16 20:12:27,414 INFO Skipped non-substantive snapshot (no date/matchup pairs): timestamp=2022-04-11T13:30:00 source_url=https://ak-static.cms.nba.com/referee/injury/Injury-Report_2022-04-11_01PM.pdf
2026-08-16 20:12:27,424 INFO Skipped non-substantive snapshot (no date/matchup pairs): timestamp=2022-04-11T02:30:00 source_url=https://ak-static.cms.nba.com/referee/injury/Injury-Report_2022-04-11_02AM.pdf
2026-08-16 20:12:27,436 INFO Skipped non-substantive snapshot (no date/matchup pairs): timestamp=2022-04-11T14:30:00 source_url=https://ak-static.cms.nba.com/referee/injury/Injury-Report_2022-04-11_02PM.pdf
2026-08-16 20:12:27,444 INFO Skipped non-substantive snapshot (no date/matchup pairs): timestamp=2022-04-11T03:30:00 source_url=https://ak-static.cms.nba.com/referee/injury/Injury-Report_2022-04-11_03AM.pdf
2026-08-16 20:12:27,453 INFO Skipped non-substantive snapshot (no date/matchup pairs): timestamp=2022-04-11T15:30:00 source_url=https://ak-static.cms.nba.com/referee/injury/Injury-Report_2022-04-11_03PM.pdf
2026-08-16 20:12:27,460 INFO Skipped non-substantive snapshot (no date/matchup pairs): timestamp=2022-04-11T04:30:00 source_url=https://ak-static.cms.nba.com/referee/injury/Injury-Report_2022-04-11_04AM.pdf
2026-08-16 20:12:27,479 INFO Skipped non-substantive snapshot (no date/matchup pairs): timestamp=2022-04-11T05:30:00 source_url=https://ak-static.cms.nba.com/referee/injury/Injury-Report_2022-04-11_05AM.pdf
2026-08-16 20:12:27,500 INFO Skipped non-substantive snapshot (no date/matchup pairs): timestamp=2022-04-11T06:30:00 source_url=https://ak-static.cms.nba.com/referee/injury/Injury-Report_2022-04-11_06AM.pdf
2026-08-16 20:12:27,547 INFO Skipped non-substantive snapshot (no date/matchup pairs): timestamp=2022-04-11T07:30:00 source_url=https://ak-static.cms.nba.com/referee/injury/Injury-Report_2022-04-11_07AM.pdf
2026-08-16 20:12:27,571 INFO Skipped non-substantive snapshot (no date/matchup pairs): timestamp=2022-04-11T08:30:00 source_url=https://ak-static.cms.nba.com/referee/injury/Injury-Report_2022-04-11_08AM.pdf
2026-08-16 20:12:27,595 INFO Skipped non-substantive snapshot (no date/matchup pairs): timestamp=2022-04-11T09:30:00 source_url=https://ak-static.cms.nba.com/referee/injury/Injury-Report_2022-04-11_09AM.pdf
2026-08-16 20:12:27,618 INFO Skipped non-substantive snapshot (no date/matchup pairs): timestamp=2022-04-11T10:30:00 source_url=https://ak-static.cms.nba.com/referee/injury/Injury-Report_2022-04-11_10AM.pdf
2026-08-16 20:12:27,643 INFO Skipped non-substantive snapshot (no date/matchup pairs): timestamp=2022-04-11T11:30:00 source_url=https://ak-static.cms.nba.com/referee/injury/Injury-Report_2022-04-11_11AM.pdf
2026-08-16 20:12:27,666 INFO Skipped non-substantive snapshot (no date/matchup pairs): timestamp=2022-04-11T00:30:00 source_url=https://ak-static.cms.nba.com/referee/injury/Injury-Report_2022-04-11_12AM.pdf
2026-08-16 20:12:27,673 INFO Skipped non-substantive snapshot (no date/matchup pairs): timestamp=2022-04-11T12:30:00 source_url=https://ak-static.cms.nba.com/referee/injury/Injury-Report_2022-04-11_12PM.pdf
2026-08-16 20:12:27,673 INFO Direct NBA day 175/241: 2022-04-11, 24 discovered -> 1 selected
2026-08-16 20:12:28,463 INFO NBA backfill checkpoint processed=1/1 parsed=1 missing=0 http_failed=0 invalid_pdf=0 parse_failed=0
2026-08-16 20:12:28,964 INFO Suppressed 18 entries from older reports for games superseded by newer snapshots on 2022-04-11
2026-08-16 20:13:23,163 INFO Direct NBA day 176/241: 2022-04-12, 24 discovered -> 1 selected
2026-08-16 20:13:23,697 INFO NBA backfill checkpoint processed=1/1 parsed=1 missing=0 http_failed=0 invalid_pdf=0 parse_failed=0
2026-08-16 20:13:24,471 INFO Suppressed 80 entries from older reports for games superseded by newer snapshots on 2022-04-12
2026-08-16 20:14:19,506 INFO Direct NBA day 177/241: 2022-04-13, 24 discovered -> 1 selected
2026-08-16 20:14:20,219 INFO NBA backfill checkpoint processed=1/1 parsed=1 missing=0 http_failed=0 invalid_pdf=0 parse_failed=0
2026-08-16 20:14:20,926 INFO Suppressed 56 entries from older reports for games superseded by newer snapshots on 2022-04-13
2026-08-16 20:15:15,914 INFO Skipped non-substantive snapshot (no date/matchup pairs): timestamp=2022-04-14T01:30:00 source_url=https://ak-static.cms.nba.com/referee/injury/Injury-Report_2022-04-14_01AM.pdf
2026-08-16 20:15:15,921 INFO Skipped non-substantive snapshot (no date/matchup pairs): timestamp=2022-04-14T13:30:00 source_url=https://ak-static.cms.nba.com/referee/injury/Injury-Report_2022-04-14_01PM.pdf
2026-08-16 20:15:15,929 INFO Skipped non-substantive snapshot (no date/matchup pairs): timestamp=2022-04-14T02:30:00 source_url=https://ak-static.cms.nba.com/referee/injury/Injury-Report_2022-04-14_02AM.pdf
2026-08-16 20:15:15,936 INFO Skipped non-substantive snapshot (no date/matchup pairs): timestamp=2022-04-14T14:30:00 source_url=https://ak-static.cms.nba.com/referee/injury/Injury-Report_2022-04-14_02PM.pdf
2026-08-16 20:15:15,943 INFO Skipped non-substantive snapshot (no date/matchup pairs): timestamp=2022-04-14T03:30:00 source_url=https://ak-static.cms.nba.com/referee/injury/Injury-Report_2022-04-14_03AM.pdf
2026-08-16 20:15:15,951 INFO Skipped non-substantive snapshot (no date/matchup pairs): timestamp=2022-04-14T15:30:00 source_url=https://ak-static.cms.nba.com/referee/injury/Injury-Report_2022-04-14_03PM.pdf
2026-08-16 20:15:15,958 INFO Skipped non-substantive snapshot (no date/matchup pairs): timestamp=2022-04-14T04:30:00 source_url=https://ak-static.cms.nba.com/referee/injury/Injury-Report_2022-04-14_04AM.pdf
2026-08-16 20:15:15,975 INFO Skipped non-substantive snapshot (no date/matchup pairs): timestamp=2022-04-14T05:30:00 source_url=https://ak-static.cms.nba.com/referee/injury/Injury-Report_2022-04-14_05AM.pdf
2026-08-16 20:15:15,996 INFO Skipped non-substantive snapshot (no date/matchup pairs): timestamp=2022-04-14T06:30:00 source_url=https://ak-static.cms.nba.com/referee/injury/Injury-Report_2022-04-14_06AM.pdf
2026-08-16 20:15:16,016 INFO Skipped non-substantive snapshot (no date/matchup pairs): timestamp=2022-04-14T07:30:00 source_url=https://ak-static.cms.nba.com/referee/injury/Injury-Report_2022-04-14_07AM.pdf
2026-08-16 20:15:16,035 INFO Skipped non-substantive snapshot (no date/matchup pairs): timestamp=2022-04-14T08:30:00 source_url=https://ak-static.cms.nba.com/referee/injury/Injury-Report_2022-04-14_08AM.pdf
2026-08-16 20:15:16,060 INFO Skipped non-substantive snapshot (no date/matchup pairs): timestamp=2022-04-14T09:30:00 source_url=https://ak-static.cms.nba.com/referee/injury/Injury-Report_2022-04-14_09AM.pdf
2026-08-16 20:15:16,083 INFO Skipped non-substantive snapshot (no date/matchup pairs): timestamp=2022-04-14T10:30:00 source_url=https://ak-static.cms.nba.com/referee/injury/Injury-Report_2022-04-14_10AM.pdf
2026-08-16 20:15:16,107 INFO Skipped non-substantive snapshot (no date/matchup pairs): timestamp=2022-04-14T11:30:00 source_url=https://ak-static.cms.nba.com/referee/injury/Injury-Report_2022-04-14_11AM.pdf
2026-08-16 20:15:16,132 INFO Skipped non-substantive snapshot (no date/matchup pairs): timestamp=2022-04-14T00:30:00 source_url=https://ak-static.cms.nba.com/referee/injury/Injury-Report_2022-04-14_12AM.pdf
2026-08-16 20:15:16,139 INFO Skipped non-substantive snapshot (no date/matchup pairs): timestamp=2022-04-14T12:30:00 source_url=https://ak-static.cms.nba.com/referee/injury/Injury-Report_2022-04-14_12PM.pdf
2026-08-16 20:15:16,139 INFO Direct NBA day 178/241: 2022-04-14, 24 discovered -> 1 selected
2026-08-16 20:15:17,007 INFO NBA backfill checkpoint processed=1/1 parsed=1 missing=0 http_failed=0 invalid_pdf=0 parse_failed=0
2026-08-16 20:15:17,467 INFO Suppressed 17 entries from older reports for games superseded by newer snapshots on 2022-04-14
2026-08-16 20:16:12,562 INFO Direct NBA day 179/241: 2022-04-15, 24 discovered -> 1 selected
2026-08-16 20:16:12,905 INFO NBA backfill checkpoint processed=1/1 parsed=1 missing=0 http_failed=0 invalid_pdf=0 parse_failed=0
2026-08-16 20:16:14,056 INFO Suppressed 140 entries from older reports for games superseded by newer snapshots on 2022-04-15
2026-08-16 20:17:07,900 INFO Direct NBA day 180/241: 2022-04-16, 24 discovered -> 1 selected
2026-08-16 20:17:08,060 INFO NBA backfill checkpoint processed=1/1 parsed=1 missing=0 http_failed=0 invalid_pdf=0 parse_failed=0
2026-08-16 20:17:09,456 INFO Suppressed 187 entries from older reports for games superseded by newer snapshots on 2022-04-16
2026-08-16 20:18:03,927 INFO Direct NBA day 181/241: 2022-04-17, 24 discovered -> 1 selected
2026-08-16 20:18:04,065 INFO NBA backfill checkpoint processed=1/1 parsed=1 missing=0 http_failed=0 invalid_pdf=0 parse_failed=0
2026-08-16 20:18:05,548 INFO Suppressed 219 entries from older reports for games superseded by newer snapshots on 2022-04-17
2026-08-16 20:18:59,179 INFO Direct NBA day 182/241: 2022-04-18, 24 discovered -> 1 selected
2026-08-16 20:18:59,472 INFO NBA backfill checkpoint processed=1/1 parsed=1 missing=0 http_failed=0 invalid_pdf=0 parse_failed=0
2026-08-16 20:19:00,954 INFO Suppressed 216 entries from older reports for games superseded by newer snapshots on 2022-04-18
2026-08-16 20:19:54,745 INFO Direct NBA day 183/241: 2022-04-19, 24 discovered -> 1 selected
2026-08-16 20:19:55,017 INFO NBA backfill checkpoint processed=1/1 parsed=1 missing=0 http_failed=0 invalid_pdf=0 parse_failed=0
2026-08-16 20:19:55,858 INFO Suppressed 90 entries from older reports for games superseded by newer snapshots on 2022-04-19
2026-08-16 20:20:50,170 INFO Direct NBA day 184/241: 2022-04-20, 24 discovered -> 1 selected
2026-08-16 20:20:50,609 INFO NBA backfill checkpoint processed=1/1 parsed=1 missing=0 http_failed=0 invalid_pdf=0 parse_failed=0
2026-08-16 20:20:51,698 INFO Suppressed 144 entries from older reports for games superseded by newer snapshots on 2022-04-20
2026-08-16 20:21:45,224 INFO Direct NBA day 185/241: 2022-04-21, 24 discovered -> 1 selected
2026-08-16 20:21:45,669 INFO NBA backfill checkpoint processed=1/1 parsed=1 missing=0 http_failed=0 invalid_pdf=0 parse_failed=0
2026-08-16 20:21:46,599 INFO Suppressed 116 entries from older reports for games superseded by newer snapshots on 2022-04-21
2026-08-16 20:22:41,495 INFO Direct NBA day 186/241: 2022-04-22, 24 discovered -> 1 selected
2026-08-16 20:22:41,698 INFO NBA backfill checkpoint processed=1/1 parsed=1 missing=0 http_failed=0 invalid_pdf=0 parse_failed=0
2026-08-16 20:22:42,942 INFO Suppressed 169 entries from older reports for games superseded by newer snapshots on 2022-04-22
2026-08-16 20:23:37,923 INFO Direct NBA day 187/241: 2022-04-23, 24 discovered -> 1 selected
2026-08-16 20:23:38,064 INFO NBA backfill checkpoint processed=1/1 parsed=1 missing=0 http_failed=0 invalid_pdf=0 parse_failed=0
2026-08-16 20:23:39,535 INFO Suppressed 224 entries from older reports for games superseded by newer snapshots on 2022-04-23
2026-08-16 20:24:34,364 INFO Direct NBA day 188/241: 2022-04-24, 24 discovered -> 1 selected
2026-08-16 20:24:34,505 INFO NBA backfill checkpoint processed=1/1 parsed=1 missing=0 http_failed=0 invalid_pdf=0 parse_failed=0
2026-08-16 20:24:35,528 INFO Suppressed 125 entries from older reports for games superseded by newer snapshots on 2022-04-24
2026-08-16 20:25:29,158 INFO Direct NBA day 189/241: 2022-04-25, 24 discovered -> 1 selected
2026-08-16 20:25:29,637 INFO NBA backfill checkpoint processed=1/1 parsed=1 missing=0 http_failed=0 invalid_pdf=0 parse_failed=0
2026-08-16 20:25:30,231 INFO Suppressed 39 entries from older reports for games superseded by newer snapshots on 2022-04-25
2026-08-16 20:26:25,809 INFO Direct NBA day 190/241: 2022-04-26, 24 discovered -> 1 selected
2026-08-16 20:26:26,687 INFO Suppressed 94 entries from older reports for games superseded by newer snapshots on 2022-04-26
2026-08-16 20:27:21,896 INFO Direct NBA day 191/241: 2022-04-27, 24 discovered -> 1 selected
2026-08-16 20:27:22,345 INFO NBA backfill checkpoint processed=1/1 parsed=1 missing=0 http_failed=0 invalid_pdf=0 parse_failed=0
2026-08-16 20:27:23,469 INFO Suppressed 147 entries from older reports for games superseded by newer snapshots on 2022-04-27
2026-08-16 20:28:19,169 INFO Direct NBA day 192/241: 2022-04-28, 24 discovered -> 1 selected
2026-08-16 20:28:19,637 INFO NBA backfill checkpoint processed=1/1 parsed=1 missing=0 http_failed=0 invalid_pdf=0 parse_failed=0
2026-08-16 20:28:20,448 INFO Suppressed 75 entries from older reports for games superseded by newer snapshots on 2022-04-28
2026-08-16 20:29:13,810 INFO Direct NBA day 193/241: 2022-04-29, 24 discovered -> 1 selected
2026-08-16 20:29:14,670 INFO NBA backfill checkpoint processed=1/1 parsed=1 missing=0 http_failed=0 invalid_pdf=0 parse_failed=0
2026-08-16 20:29:15,102 INFO Suppressed 9 entries from older reports for games superseded by newer snapshots on 2022-04-29
2026-08-16 20:30:07,931 INFO Skipped non-substantive snapshot (no date/matchup pairs): timestamp=2022-04-30T01:30:00 source_url=https://ak-static.cms.nba.com/referee/injury/Injury-Report_2022-04-30_01AM.pdf
2026-08-16 20:30:07,938 INFO Skipped non-substantive snapshot (no date/matchup pairs): timestamp=2022-04-30T13:30:00 source_url=https://ak-static.cms.nba.com/referee/injury/Injury-Report_2022-04-30_01PM.pdf
2026-08-16 20:30:07,967 INFO Skipped non-substantive snapshot (no date/matchup pairs): timestamp=2022-04-30T02:30:00 source_url=https://ak-static.cms.nba.com/referee/injury/Injury-Report_2022-04-30_02AM.pdf
2026-08-16 20:30:07,975 INFO Skipped non-substantive snapshot (no date/matchup pairs): timestamp=2022-04-30T14:30:00 source_url=https://ak-static.cms.nba.com/referee/injury/Injury-Report_2022-04-30_02PM.pdf
2026-08-16 20:30:07,982 INFO Skipped non-substantive snapshot (no date/matchup pairs): timestamp=2022-04-30T03:30:00 source_url=https://ak-static.cms.nba.com/referee/injury/Injury-Report_2022-04-30_03AM.pdf
2026-08-16 20:30:07,990 INFO Skipped non-substantive snapshot (no date/matchup pairs): timestamp=2022-04-30T15:30:00 source_url=https://ak-static.cms.nba.com/referee/injury/Injury-Report_2022-04-30_03PM.pdf
2026-08-16 20:30:07,997 INFO Skipped non-substantive snapshot (no date/matchup pairs): timestamp=2022-04-30T04:30:00 source_url=https://ak-static.cms.nba.com/referee/injury/Injury-Report_2022-04-30_04AM.pdf
2026-08-16 20:30:08,005 INFO Skipped non-substantive snapshot (no date/matchup pairs): timestamp=2022-04-30T16:30:00 source_url=https://ak-static.cms.nba.com/referee/injury/Injury-Report_2022-04-30_04PM.pdf
2026-08-16 20:30:08,013 INFO Skipped non-substantive snapshot (no date/matchup pairs): timestamp=2022-04-30T05:30:00 source_url=https://ak-static.cms.nba.com/referee/injury/Injury-Report_2022-04-30_05AM.pdf
2026-08-16 20:30:08,029 INFO Skipped non-substantive snapshot (no date/matchup pairs): timestamp=2022-04-30T06:30:00 source_url=https://ak-static.cms.nba.com/referee/injury/Injury-Report_2022-04-30_06AM.pdf
2026-08-16 20:30:08,047 INFO Skipped non-substantive snapshot (no date/matchup pairs): timestamp=2022-04-30T07:30:00 source_url=https://ak-static.cms.nba.com/referee/injury/Injury-Report_2022-04-30_07AM.pdf
2026-08-16 20:30:08,067 INFO Skipped non-substantive snapshot (no date/matchup pairs): timestamp=2022-04-30T08:30:00 source_url=https://ak-static.cms.nba.com/referee/injury/Injury-Report_2022-04-30_08AM.pdf
2026-08-16 20:30:08,089 INFO Skipped non-substantive snapshot (no date/matchup pairs): timestamp=2022-04-30T09:30:00 source_url=https://ak-static.cms.nba.com/referee/injury/Injury-Report_2022-04-30_09AM.pdf
2026-08-16 20:30:08,109 INFO Skipped non-substantive snapshot (no date/matchup pairs): timestamp=2022-04-30T10:30:00 source_url=https://ak-static.cms.nba.com/referee/injury/Injury-Report_2022-04-30_10AM.pdf
2026-08-16 20:30:08,129 INFO Skipped non-substantive snapshot (no date/matchup pairs): timestamp=2022-04-30T11:30:00 source_url=https://ak-static.cms.nba.com/referee/injury/Injury-Report_2022-04-30_11AM.pdf
2026-08-16 20:30:08,150 INFO Skipped non-substantive snapshot (no date/matchup pairs): timestamp=2022-04-30T00:30:00 source_url=https://ak-static.cms.nba.com/referee/injury/Injury-Report_2022-04-30_12AM.pdf
2026-08-16 20:30:08,158 INFO Skipped non-substantive snapshot (no date/matchup pairs): timestamp=2022-04-30T12:30:00 source_url=https://ak-static.cms.nba.com/referee/injury/Injury-Report_2022-04-30_12PM.pdf
2026-08-16 20:30:08,158 INFO Direct NBA day 194/241: 2022-04-30, 24 discovered -> 1 selected
2026-08-16 20:30:08,990 INFO NBA backfill checkpoint processed=1/1 parsed=1 missing=0 http_failed=0 invalid_pdf=0 parse_failed=0
2026-08-16 20:30:09,465 INFO Suppressed 15 entries from older reports for games superseded by newer snapshots on 2022-04-30
2026-08-16 20:31:04,489 INFO Direct NBA day 195/241: 2022-05-01, 24 discovered -> 1 selected
2026-08-16 20:31:05,050 INFO NBA backfill checkpoint processed=1/1 parsed=1 missing=0 http_failed=0 invalid_pdf=0 parse_failed=0
2026-08-16 20:31:05,737 INFO Suppressed 51 entries from older reports for games superseded by newer snapshots on 2022-05-01
2026-08-16 20:31:59,881 INFO Direct NBA day 196/241: 2022-05-02, 24 discovered -> 1 selected
2026-08-16 20:32:00,423 INFO NBA backfill checkpoint processed=1/1 parsed=1 missing=0 http_failed=0 invalid_pdf=0 parse_failed=0
2026-08-16 20:32:01,391 INFO Suppressed 118 entries from older reports for games superseded by newer snapshots on 2022-05-02
2026-08-16 20:32:56,265 INFO Direct NBA day 197/241: 2022-05-03, 24 discovered -> 1 selected
2026-08-16 20:32:56,741 INFO NBA backfill checkpoint processed=1/1 parsed=1 missing=0 http_failed=0 invalid_pdf=0 parse_failed=0
2026-08-16 20:32:57,611 INFO Suppressed 86 entries from older reports for games superseded by newer snapshots on 2022-05-03
2026-08-16 20:33:51,655 INFO Direct NBA day 198/241: 2022-05-04, 24 discovered -> 1 selected
2026-08-16 20:33:52,349 INFO NBA backfill checkpoint processed=1/1 parsed=1 missing=0 http_failed=0 invalid_pdf=0 parse_failed=0
2026-08-16 20:33:52,959 INFO Suppressed 36 entries from older reports for games superseded by newer snapshots on 2022-05-04
2026-08-16 20:34:46,662 INFO Skipped non-substantive snapshot (no date/matchup pairs): timestamp=2022-05-05T01:30:00 source_url=https://ak-static.cms.nba.com/referee/injury/Injury-Report_2022-05-05_01AM.pdf
2026-08-16 20:34:46,673 INFO Skipped non-substantive snapshot (no date/matchup pairs): timestamp=2022-05-05T13:30:00 source_url=https://ak-static.cms.nba.com/referee/injury/Injury-Report_2022-05-05_01PM.pdf
2026-08-16 20:34:46,681 INFO Skipped non-substantive snapshot (no date/matchup pairs): timestamp=2022-05-05T02:30:00 source_url=https://ak-static.cms.nba.com/referee/injury/Injury-Report_2022-05-05_02AM.pdf
2026-08-16 20:34:46,702 INFO Skipped non-substantive snapshot (no date/matchup pairs): timestamp=2022-05-05T03:30:00 source_url=https://ak-static.cms.nba.com/referee/injury/Injury-Report_2022-05-05_03AM.pdf
2026-08-16 20:34:46,722 INFO Skipped non-substantive snapshot (no date/matchup pairs): timestamp=2022-05-05T04:30:00 source_url=https://ak-static.cms.nba.com/referee/injury/Injury-Report_2022-05-05_04AM.pdf
2026-08-16 20:34:46,768 INFO Skipped non-substantive snapshot (no date/matchup pairs): timestamp=2022-05-05T05:30:00 source_url=https://ak-static.cms.nba.com/referee/injury/Injury-Report_2022-05-05_05AM.pdf
2026-08-16 20:34:46,788 INFO Skipped non-substantive snapshot (no date/matchup pairs): timestamp=2022-05-05T06:30:00 source_url=https://ak-static.cms.nba.com/referee/injury/Injury-Report_2022-05-05_06AM.pdf
2026-08-16 20:34:46,810 INFO Skipped non-substantive snapshot (no date/matchup pairs): timestamp=2022-05-05T07:30:00 source_url=https://ak-static.cms.nba.com/referee/injury/Injury-Report_2022-05-05_07AM.pdf
2026-08-16 20:34:46,831 INFO Skipped non-substantive snapshot (no date/matchup pairs): timestamp=2022-05-05T08:30:00 source_url=https://ak-static.cms.nba.com/referee/injury/Injury-Report_2022-05-05_08AM.pdf
2026-08-16 20:34:46,853 INFO Skipped non-substantive snapshot (no date/matchup pairs): timestamp=2022-05-05T09:30:00 source_url=https://ak-static.cms.nba.com/referee/injury/Injury-Report_2022-05-05_09AM.pdf
2026-08-16 20:34:46,876 INFO Skipped non-substantive snapshot (no date/matchup pairs): timestamp=2022-05-05T10:30:00 source_url=https://ak-static.cms.nba.com/referee/injury/Injury-Report_2022-05-05_10AM.pdf
2026-08-16 20:34:46,897 INFO Skipped non-substantive snapshot (no date/matchup pairs): timestamp=2022-05-05T11:30:00 source_url=https://ak-static.cms.nba.com/referee/injury/Injury-Report_2022-05-05_11AM.pdf
2026-08-16 20:34:46,919 INFO Skipped non-substantive snapshot (no date/matchup pairs): timestamp=2022-05-05T00:30:00 source_url=https://ak-static.cms.nba.com/referee/injury/Injury-Report_2022-05-05_12AM.pdf
2026-08-16 20:34:46,927 INFO Skipped non-substantive snapshot (no date/matchup pairs): timestamp=2022-05-05T12:30:00 source_url=https://ak-static.cms.nba.com/referee/injury/Injury-Report_2022-05-05_12PM.pdf
2026-08-16 20:34:46,927 INFO Direct NBA day 199/241: 2022-05-05, 24 discovered -> 1 selected
2026-08-16 20:34:47,725 INFO NBA backfill checkpoint processed=1/1 parsed=1 missing=0 http_failed=0 invalid_pdf=0 parse_failed=0
2026-08-16 20:34:48,254 INFO Suppressed 27 entries from older reports for games superseded by newer snapshots on 2022-05-05
2026-08-16 20:35:43,911 INFO Direct NBA day 200/241: 2022-05-06, 24 discovered -> 1 selected
2026-08-16 20:35:44,424 INFO NBA backfill checkpoint processed=1/1 parsed=1 missing=0 http_failed=0 invalid_pdf=0 parse_failed=0
2026-08-16 20:35:45,420 INFO Suppressed 116 entries from older reports for games superseded by newer snapshots on 2022-05-06
2026-08-16 20:36:41,069 INFO Direct NBA day 201/241: 2022-05-07, 24 discovered -> 1 selected
2026-08-16 20:36:41,529 INFO NBA backfill checkpoint processed=1/1 parsed=1 missing=0 http_failed=0 invalid_pdf=0 parse_failed=0
2026-08-16 20:36:42,599 INFO Suppressed 135 entries from older reports for games superseded by newer snapshots on 2022-05-07
2026-08-16 20:37:37,937 INFO Direct NBA day 202/241: 2022-05-08, 24 discovered -> 1 selected
2026-08-16 20:37:38,402 INFO NBA backfill checkpoint processed=1/1 parsed=1 missing=0 http_failed=0 invalid_pdf=0 parse_failed=0
2026-08-16 20:37:39,259 INFO Suppressed 97 entries from older reports for games superseded by newer snapshots on 2022-05-08
2026-08-16 20:38:33,994 INFO Direct NBA day 203/241: 2022-05-09, 24 discovered -> 1 selected
2026-08-16 20:38:35,017 INFO Suppressed 140 entries from older reports for games superseded by newer snapshots on 2022-05-09
2026-08-16 20:39:30,746 INFO Direct NBA day 204/241: 2022-05-10, 24 discovered -> 1 selected
2026-08-16 20:39:31,242 INFO NBA backfill checkpoint processed=1/1 parsed=1 missing=0 http_failed=0 invalid_pdf=0 parse_failed=0
2026-08-16 20:39:31,998 INFO Suppressed 91 entries from older reports for games superseded by newer snapshots on 2022-05-10
2026-08-16 20:40:25,808 INFO Direct NBA day 205/241: 2022-05-11, 24 discovered -> 1 selected
2026-08-16 20:40:26,304 INFO NBA backfill checkpoint processed=1/1 parsed=1 missing=0 http_failed=0 invalid_pdf=0 parse_failed=0
2026-08-16 20:40:27,183 INFO Suppressed 106 entries from older reports for games superseded by newer snapshots on 2022-05-11
2026-08-16 20:41:21,207 INFO Direct NBA day 206/241: 2022-05-12, 24 discovered -> 1 selected
2026-08-16 20:41:22,038 INFO Suppressed 90 entries from older reports for games superseded by newer snapshots on 2022-05-12
2026-08-16 20:42:15,417 INFO Direct NBA day 207/241: 2022-05-13, 24 discovered -> 1 selected
2026-08-16 20:42:16,156 INFO NBA backfill checkpoint processed=1/1 parsed=1 missing=0 http_failed=0 invalid_pdf=0 parse_failed=0
2026-08-16 20:42:16,795 INFO Suppressed 60 entries from older reports for games superseded by newer snapshots on 2022-05-13
2026-08-16 20:43:10,472 INFO Skipped non-substantive snapshot (no date/matchup pairs): timestamp=2022-05-14T01:30:00 source_url=https://ak-static.cms.nba.com/referee/injury/Injury-Report_2022-05-14_01AM.pdf
2026-08-16 20:43:10,491 INFO Skipped non-substantive snapshot (no date/matchup pairs): timestamp=2022-05-14T02:30:00 source_url=https://ak-static.cms.nba.com/referee/injury/Injury-Report_2022-05-14_02AM.pdf
2026-08-16 20:43:10,506 INFO Skipped non-substantive snapshot (no date/matchup pairs): timestamp=2022-05-14T03:30:00 source_url=https://ak-static.cms.nba.com/referee/injury/Injury-Report_2022-05-14_03AM.pdf
2026-08-16 20:43:10,522 INFO Skipped non-substantive snapshot (no date/matchup pairs): timestamp=2022-05-14T04:30:00 source_url=https://ak-static.cms.nba.com/referee/injury/Injury-Report_2022-05-14_04AM.pdf
2026-08-16 20:43:10,538 INFO Skipped non-substantive snapshot (no date/matchup pairs): timestamp=2022-05-14T05:30:00 source_url=https://ak-static.cms.nba.com/referee/injury/Injury-Report_2022-05-14_05AM.pdf
2026-08-16 20:43:10,558 INFO Skipped non-substantive snapshot (no date/matchup pairs): timestamp=2022-05-14T06:30:00 source_url=https://ak-static.cms.nba.com/referee/injury/Injury-Report_2022-05-14_06AM.pdf
2026-08-16 20:43:10,597 INFO Skipped non-substantive snapshot (no date/matchup pairs): timestamp=2022-05-14T07:30:00 source_url=https://ak-static.cms.nba.com/referee/injury/Injury-Report_2022-05-14_07AM.pdf
2026-08-16 20:43:10,614 INFO Skipped non-substantive snapshot (no date/matchup pairs): timestamp=2022-05-14T08:30:00 source_url=https://ak-static.cms.nba.com/referee/injury/Injury-Report_2022-05-14_08AM.pdf
2026-08-16 20:43:10,632 INFO Skipped non-substantive snapshot (no date/matchup pairs): timestamp=2022-05-14T09:30:00 source_url=https://ak-static.cms.nba.com/referee/injury/Injury-Report_2022-05-14_09AM.pdf
2026-08-16 20:43:10,651 INFO Skipped non-substantive snapshot (no date/matchup pairs): timestamp=2022-05-14T10:30:00 source_url=https://ak-static.cms.nba.com/referee/injury/Injury-Report_2022-05-14_10AM.pdf
2026-08-16 20:43:10,668 INFO Skipped non-substantive snapshot (no date/matchup pairs): timestamp=2022-05-14T11:30:00 source_url=https://ak-static.cms.nba.com/referee/injury/Injury-Report_2022-05-14_11AM.pdf
2026-08-16 20:43:10,685 INFO Skipped non-substantive snapshot (no date/matchup pairs): timestamp=2022-05-14T00:30:00 source_url=https://ak-static.cms.nba.com/referee/injury/Injury-Report_2022-05-14_12AM.pdf
2026-08-16 20:43:10,693 INFO Direct NBA day 208/241: 2022-05-14, 24 discovered -> 1 selected
2026-08-16 20:43:11,536 INFO NBA backfill checkpoint processed=1/1 parsed=1 missing=0 http_failed=0 invalid_pdf=0 parse_failed=0
2026-08-16 20:43:12,356 INFO Suppressed 72 entries from older reports for games superseded by newer snapshots on 2022-05-14
2026-08-16 20:44:05,727 INFO Direct NBA day 209/241: 2022-05-15, 24 discovered -> 1 selected
2026-08-16 20:44:06,559 INFO NBA backfill checkpoint processed=1/1 parsed=1 missing=0 http_failed=0 invalid_pdf=0 parse_failed=0
2026-08-16 20:44:07,041 INFO Suppressed 10 entries from older reports for games superseded by newer snapshots on 2022-05-15
2026-08-16 20:45:01,363 INFO Skipped non-substantive snapshot (no date/matchup pairs): timestamp=2022-05-16T01:30:00 source_url=https://ak-static.cms.nba.com/referee/injury/Injury-Report_2022-05-16_01AM.pdf
2026-08-16 20:45:01,368 INFO Skipped non-substantive snapshot (no date/matchup pairs): timestamp=2022-05-16T13:30:00 source_url=https://ak-static.cms.nba.com/referee/injury/Injury-Report_2022-05-16_01PM.pdf
2026-08-16 20:45:01,374 INFO Skipped non-substantive snapshot (no date/matchup pairs): timestamp=2022-05-16T02:30:00 source_url=https://ak-static.cms.nba.com/referee/injury/Injury-Report_2022-05-16_02AM.pdf
2026-08-16 20:45:01,380 INFO Skipped non-substantive snapshot (no date/matchup pairs): timestamp=2022-05-16T14:30:00 source_url=https://ak-static.cms.nba.com/referee/injury/Injury-Report_2022-05-16_02PM.pdf
2026-08-16 20:45:01,386 INFO Skipped non-substantive snapshot (no date/matchup pairs): timestamp=2022-05-16T03:30:00 source_url=https://ak-static.cms.nba.com/referee/injury/Injury-Report_2022-05-16_03AM.pdf
2026-08-16 20:45:01,392 INFO Skipped non-substantive snapshot (no date/matchup pairs): timestamp=2022-05-16T15:30:00 source_url=https://ak-static.cms.nba.com/referee/injury/Injury-Report_2022-05-16_03PM.pdf
2026-08-16 20:45:01,397 INFO Skipped non-substantive snapshot (no date/matchup pairs): timestamp=2022-05-16T04:30:00 source_url=https://ak-static.cms.nba.com/referee/injury/Injury-Report_2022-05-16_04AM.pdf
2026-08-16 20:45:01,403 INFO Skipped non-substantive snapshot (no date/matchup pairs): timestamp=2022-05-16T16:30:00 source_url=https://ak-static.cms.nba.com/referee/injury/Injury-Report_2022-05-16_04PM.pdf
2026-08-16 20:45:01,408 INFO Skipped non-substantive snapshot (no date/matchup pairs): timestamp=2022-05-16T05:30:00 source_url=https://ak-static.cms.nba.com/referee/injury/Injury-Report_2022-05-16_05AM.pdf
2026-08-16 20:45:01,425 INFO Skipped non-substantive snapshot (no date/matchup pairs): timestamp=2022-05-16T06:30:00 source_url=https://ak-static.cms.nba.com/referee/injury/Injury-Report_2022-05-16_06AM.pdf
2026-08-16 20:45:01,443 INFO Skipped non-substantive snapshot (no date/matchup pairs): timestamp=2022-05-16T07:30:00 source_url=https://ak-static.cms.nba.com/referee/injury/Injury-Report_2022-05-16_07AM.pdf
2026-08-16 20:45:01,459 INFO Skipped non-substantive snapshot (no date/matchup pairs): timestamp=2022-05-16T08:30:00 source_url=https://ak-static.cms.nba.com/referee/injury/Injury-Report_2022-05-16_08AM.pdf
2026-08-16 20:45:01,476 INFO Skipped non-substantive snapshot (no date/matchup pairs): timestamp=2022-05-16T09:30:00 source_url=https://ak-static.cms.nba.com/referee/injury/Injury-Report_2022-05-16_09AM.pdf
2026-08-16 20:45:01,494 INFO Skipped non-substantive snapshot (no date/matchup pairs): timestamp=2022-05-16T10:30:00 source_url=https://ak-static.cms.nba.com/referee/injury/Injury-Report_2022-05-16_10AM.pdf
2026-08-16 20:45:01,533 INFO Skipped non-substantive snapshot (no date/matchup pairs): timestamp=2022-05-16T11:30:00 source_url=https://ak-static.cms.nba.com/referee/injury/Injury-Report_2022-05-16_11AM.pdf
2026-08-16 20:45:01,549 INFO Skipped non-substantive snapshot (no date/matchup pairs): timestamp=2022-05-16T00:30:00 source_url=https://ak-static.cms.nba.com/referee/injury/Injury-Report_2022-05-16_12AM.pdf
2026-08-16 20:45:01,555 INFO Skipped non-substantive snapshot (no date/matchup pairs): timestamp=2022-05-16T12:30:00 source_url=https://ak-static.cms.nba.com/referee/injury/Injury-Report_2022-05-16_12PM.pdf
2026-08-16 20:45:01,555 INFO Direct NBA day 210/241: 2022-05-16, 24 discovered -> 1 selected
2026-08-16 20:45:02,445 INFO NBA backfill checkpoint processed=1/1 parsed=1 missing=0 http_failed=0 invalid_pdf=0 parse_failed=0
2026-08-16 20:45:02,865 INFO Suppressed 14 entries from older reports for games superseded by newer snapshots on 2022-05-16
2026-08-16 20:45:57,963 INFO Direct NBA day 211/241: 2022-05-17, 24 discovered -> 1 selected
2026-08-16 20:45:58,646 INFO NBA backfill checkpoint processed=1/1 parsed=1 missing=0 http_failed=0 invalid_pdf=0 parse_failed=0
2026-08-16 20:45:59,165 INFO Suppressed 36 entries from older reports for games superseded by newer snapshots on 2022-05-17
2026-08-16 20:46:53,111 INFO Direct NBA day 212/241: 2022-05-18, 24 discovered -> 1 selected
2026-08-16 20:46:53,885 INFO NBA backfill checkpoint processed=1/1 parsed=1 missing=0 http_failed=0 invalid_pdf=0 parse_failed=0
2026-08-16 20:46:54,335 INFO Suppressed 20 entries from older reports for games superseded by newer snapshots on 2022-05-18
2026-08-16 20:47:47,898 INFO Direct NBA day 213/241: 2022-05-19, 24 discovered -> 1 selected
2026-08-16 20:47:48,618 INFO NBA backfill checkpoint processed=1/1 parsed=1 missing=0 http_failed=0 invalid_pdf=0 parse_failed=0
2026-08-16 20:47:49,107 INFO Suppressed 17 entries from older reports for games superseded by newer snapshots on 2022-05-19
2026-08-16 20:48:42,217 INFO Direct NBA day 214/241: 2022-05-20, 24 discovered -> 1 selected
2026-08-16 20:48:43,011 INFO NBA backfill checkpoint processed=1/1 parsed=1 missing=0 http_failed=0 invalid_pdf=0 parse_failed=0
2026-08-16 20:48:43,847 INFO Suppressed 91 entries from older reports for games superseded by newer snapshots on 2022-05-20
2026-08-16 20:49:37,856 INFO Direct NBA day 215/241: 2022-05-21, 24 discovered -> 1 selected
2026-08-16 20:49:38,587 INFO NBA backfill checkpoint processed=1/1 parsed=1 missing=0 http_failed=0 invalid_pdf=0 parse_failed=0
2026-08-16 20:49:39,052 INFO Suppressed 24 entries from older reports for games superseded by newer snapshots on 2022-05-21
2026-08-16 20:50:32,855 INFO Direct NBA day 216/241: 2022-05-22, 24 discovered -> 1 selected
2026-08-16 20:50:33,571 INFO NBA backfill checkpoint processed=1/1 parsed=1 missing=0 http_failed=0 invalid_pdf=0 parse_failed=0
2026-08-16 20:50:34,109 INFO Suppressed 39 entries from older reports for games superseded by newer snapshots on 2022-05-22
2026-08-16 20:51:30,064 INFO Direct NBA day 217/241: 2022-05-23, 24 discovered -> 1 selected
2026-08-16 20:51:30,689 INFO NBA backfill checkpoint processed=1/1 parsed=1 missing=0 http_failed=0 invalid_pdf=0 parse_failed=0
2026-08-16 20:51:31,498 INFO Suppressed 103 entries from older reports for games superseded by newer snapshots on 2022-05-23
2026-08-16 20:52:25,667 INFO Direct NBA day 218/241: 2022-05-24, 24 discovered -> 1 selected
2026-08-16 20:52:26,394 INFO NBA backfill checkpoint processed=1/1 parsed=1 missing=0 http_failed=0 invalid_pdf=0 parse_failed=0
2026-08-16 20:52:27,042 INFO Suppressed 58 entries from older reports for games superseded by newer snapshots on 2022-05-24
2026-08-16 20:53:21,444 INFO Direct NBA day 219/241: 2022-05-25, 24 discovered -> 1 selected
2026-08-16 20:53:22,120 INFO NBA backfill checkpoint processed=1/1 parsed=1 missing=0 http_failed=0 invalid_pdf=0 parse_failed=0
2026-08-16 20:53:22,686 INFO Suppressed 44 entries from older reports for games superseded by newer snapshots on 2022-05-25
2026-08-16 20:54:16,382 INFO Direct NBA day 220/241: 2022-05-26, 24 discovered -> 1 selected
2026-08-16 20:54:17,147 INFO NBA backfill checkpoint processed=1/1 parsed=1 missing=0 http_failed=0 invalid_pdf=0 parse_failed=0
2026-08-16 20:54:17,743 INFO Suppressed 55 entries from older reports for games superseded by newer snapshots on 2022-05-26
2026-08-16 20:55:11,667 INFO Direct NBA day 221/241: 2022-05-27, 24 discovered -> 1 selected
2026-08-16 20:55:12,437 INFO NBA backfill checkpoint processed=1/1 parsed=1 missing=0 http_failed=0 invalid_pdf=0 parse_failed=0
2026-08-16 20:55:12,874 INFO Suppressed 16 entries from older reports for games superseded by newer snapshots on 2022-05-27
2026-08-16 20:56:08,639 INFO Skipped non-substantive snapshot (no date/matchup pairs): timestamp=2022-05-28T01:30:00 source_url=https://ak-static.cms.nba.com/referee/injury/Injury-Report_2022-05-28_01AM.pdf
2026-08-16 20:56:08,648 INFO Skipped non-substantive snapshot (no date/matchup pairs): timestamp=2022-05-28T13:30:00 source_url=https://ak-static.cms.nba.com/referee/injury/Injury-Report_2022-05-28_01PM.pdf
2026-08-16 20:56:08,657 INFO Skipped non-substantive snapshot (no date/matchup pairs): timestamp=2022-05-28T02:30:00 source_url=https://ak-static.cms.nba.com/referee/injury/Injury-Report_2022-05-28_02AM.pdf
2026-08-16 20:56:08,664 INFO Skipped non-substantive snapshot (no date/matchup pairs): timestamp=2022-05-28T14:30:00 source_url=https://ak-static.cms.nba.com/referee/injury/Injury-Report_2022-05-28_02PM.pdf
2026-08-16 20:56:08,671 INFO Skipped non-substantive snapshot (no date/matchup pairs): timestamp=2022-05-28T03:30:00 source_url=https://ak-static.cms.nba.com/referee/injury/Injury-Report_2022-05-28_03AM.pdf
2026-08-16 20:56:08,678 INFO Skipped non-substantive snapshot (no date/matchup pairs): timestamp=2022-05-28T15:30:00 source_url=https://ak-static.cms.nba.com/referee/injury/Injury-Report_2022-05-28_03PM.pdf
2026-08-16 20:56:08,687 INFO Skipped non-substantive snapshot (no date/matchup pairs): timestamp=2022-05-28T04:30:00 source_url=https://ak-static.cms.nba.com/referee/injury/Injury-Report_2022-05-28_04AM.pdf
2026-08-16 20:56:08,693 INFO Skipped non-substantive snapshot (no date/matchup pairs): timestamp=2022-05-28T16:30:00 source_url=https://ak-static.cms.nba.com/referee/injury/Injury-Report_2022-05-28_04PM.pdf
2026-08-16 20:56:08,699 INFO Skipped non-substantive snapshot (no date/matchup pairs): timestamp=2022-05-28T05:30:00 source_url=https://ak-static.cms.nba.com/referee/injury/Injury-Report_2022-05-28_05AM.pdf
2026-08-16 20:56:08,717 INFO Skipped non-substantive snapshot (no date/matchup pairs): timestamp=2022-05-28T06:30:00 source_url=https://ak-static.cms.nba.com/referee/injury/Injury-Report_2022-05-28_06AM.pdf
2026-08-16 20:56:08,736 INFO Skipped non-substantive snapshot (no date/matchup pairs): timestamp=2022-05-28T07:30:00 source_url=https://ak-static.cms.nba.com/referee/injury/Injury-Report_2022-05-28_07AM.pdf
2026-08-16 20:56:08,757 INFO Skipped non-substantive snapshot (no date/matchup pairs): timestamp=2022-05-28T08:30:00 source_url=https://ak-static.cms.nba.com/referee/injury/Injury-Report_2022-05-28_08AM.pdf
2026-08-16 20:56:08,798 INFO Skipped non-substantive snapshot (no date/matchup pairs): timestamp=2022-05-28T09:30:00 source_url=https://ak-static.cms.nba.com/referee/injury/Injury-Report_2022-05-28_09AM.pdf
2026-08-16 20:56:08,816 INFO Skipped non-substantive snapshot (no date/matchup pairs): timestamp=2022-05-28T10:30:00 source_url=https://ak-static.cms.nba.com/referee/injury/Injury-Report_2022-05-28_10AM.pdf
2026-08-16 20:56:08,835 INFO Skipped non-substantive snapshot (no date/matchup pairs): timestamp=2022-05-28T11:30:00 source_url=https://ak-static.cms.nba.com/referee/injury/Injury-Report_2022-05-28_11AM.pdf
2026-08-16 20:56:08,855 INFO Skipped non-substantive snapshot (no date/matchup pairs): timestamp=2022-05-28T00:30:00 source_url=https://ak-static.cms.nba.com/referee/injury/Injury-Report_2022-05-28_12AM.pdf
2026-08-16 20:56:08,861 INFO Skipped non-substantive snapshot (no date/matchup pairs): timestamp=2022-05-28T12:30:00 source_url=https://ak-static.cms.nba.com/referee/injury/Injury-Report_2022-05-28_12PM.pdf
2026-08-16 20:56:08,861 INFO Direct NBA day 222/241: 2022-05-28, 24 discovered -> 1 selected
2026-08-16 20:56:09,695 INFO NBA backfill checkpoint processed=1/1 parsed=1 missing=0 http_failed=0 invalid_pdf=0 parse_failed=0
2026-08-16 20:56:10,155 INFO Suppressed 24 entries from older reports for games superseded by newer snapshots on 2022-05-28
2026-08-16 20:57:04,103 INFO Direct NBA day 223/241: 2022-05-29, 24 discovered -> 1 selected
2026-08-16 20:57:04,842 INFO NBA backfill checkpoint processed=1/1 parsed=1 missing=0 http_failed=0 invalid_pdf=0 parse_failed=0
2026-08-16 20:57:05,319 INFO Suppressed 24 entries from older reports for games superseded by newer snapshots on 2022-05-29
2026-08-16 20:57:31,154 INFO Direct NBA day 224/241: 2022-05-30, 0 discovered -> 0 selected
2026-08-16 20:57:56,865 INFO Direct NBA day 225/241: 2022-05-31, 0 discovered -> 0 selected
2026-08-16 20:58:49,788 INFO Skipped non-substantive snapshot (no date/matchup pairs): timestamp=2022-06-01T01:30:00 source_url=https://ak-static.cms.nba.com/referee/injury/Injury-Report_2022-06-01_01AM.pdf
2026-08-16 20:58:49,794 INFO Skipped non-substantive snapshot (no date/matchup pairs): timestamp=2022-06-01T13:30:00 source_url=https://ak-static.cms.nba.com/referee/injury/Injury-Report_2022-06-01_01PM.pdf
2026-08-16 20:58:49,801 INFO Skipped non-substantive snapshot (no date/matchup pairs): timestamp=2022-06-01T02:30:00 source_url=https://ak-static.cms.nba.com/referee/injury/Injury-Report_2022-06-01_02AM.pdf
2026-08-16 20:58:49,807 INFO Skipped non-substantive snapshot (no date/matchup pairs): timestamp=2022-06-01T14:30:00 source_url=https://ak-static.cms.nba.com/referee/injury/Injury-Report_2022-06-01_02PM.pdf
2026-08-16 20:58:49,812 INFO Skipped non-substantive snapshot (no date/matchup pairs): timestamp=2022-06-01T03:30:00 source_url=https://ak-static.cms.nba.com/referee/injury/Injury-Report_2022-06-01_03AM.pdf
2026-08-16 20:58:49,818 INFO Skipped non-substantive snapshot (no date/matchup pairs): timestamp=2022-06-01T15:30:00 source_url=https://ak-static.cms.nba.com/referee/injury/Injury-Report_2022-06-01_03PM.pdf
2026-08-16 20:58:49,824 INFO Skipped non-substantive snapshot (no date/matchup pairs): timestamp=2022-06-01T04:30:00 source_url=https://ak-static.cms.nba.com/referee/injury/Injury-Report_2022-06-01_04AM.pdf
2026-08-16 20:58:49,838 INFO Skipped non-substantive snapshot (no date/matchup pairs): timestamp=2022-06-01T05:30:00 source_url=https://ak-static.cms.nba.com/referee/injury/Injury-Report_2022-06-01_05AM.pdf
2026-08-16 20:58:49,852 INFO Skipped non-substantive snapshot (no date/matchup pairs): timestamp=2022-06-01T06:30:00 source_url=https://ak-static.cms.nba.com/referee/injury/Injury-Report_2022-06-01_06AM.pdf
2026-08-16 20:58:49,867 INFO Skipped non-substantive snapshot (no date/matchup pairs): timestamp=2022-06-01T07:30:00 source_url=https://ak-static.cms.nba.com/referee/injury/Injury-Report_2022-06-01_07AM.pdf
2026-08-16 20:58:49,883 INFO Skipped non-substantive snapshot (no date/matchup pairs): timestamp=2022-06-01T08:30:00 source_url=https://ak-static.cms.nba.com/referee/injury/Injury-Report_2022-06-01_08AM.pdf
2026-08-16 20:58:49,898 INFO Skipped non-substantive snapshot (no date/matchup pairs): timestamp=2022-06-01T09:30:00 source_url=https://ak-static.cms.nba.com/referee/injury/Injury-Report_2022-06-01_09AM.pdf
2026-08-16 20:58:49,913 INFO Skipped non-substantive snapshot (no date/matchup pairs): timestamp=2022-06-01T10:30:00 source_url=https://ak-static.cms.nba.com/referee/injury/Injury-Report_2022-06-01_10AM.pdf
2026-08-16 20:58:49,928 INFO Skipped non-substantive snapshot (no date/matchup pairs): timestamp=2022-06-01T11:30:00 source_url=https://ak-static.cms.nba.com/referee/injury/Injury-Report_2022-06-01_11AM.pdf
2026-08-16 20:58:49,945 INFO Skipped non-substantive snapshot (no date/matchup pairs): timestamp=2022-06-01T00:30:00 source_url=https://ak-static.cms.nba.com/referee/injury/Injury-Report_2022-06-01_12AM.pdf
2026-08-16 20:58:49,950 INFO Skipped non-substantive snapshot (no date/matchup pairs): timestamp=2022-06-01T12:30:00 source_url=https://ak-static.cms.nba.com/referee/injury/Injury-Report_2022-06-01_12PM.pdf
2026-08-16 20:58:49,950 INFO Direct NBA day 226/241: 2022-06-01, 24 discovered -> 1 selected
2026-08-16 20:58:50,895 INFO NBA backfill checkpoint processed=1/1 parsed=1 missing=0 http_failed=0 invalid_pdf=0 parse_failed=0
2026-08-16 20:58:51,372 INFO Suppressed 17 entries from older reports for games superseded by newer snapshots on 2022-06-01
2026-08-16 20:59:44,824 INFO Direct NBA day 227/241: 2022-06-02, 24 discovered -> 1 selected
2026-08-16 20:59:45,643 INFO NBA backfill checkpoint processed=1/1 parsed=1 missing=0 http_failed=0 invalid_pdf=0 parse_failed=0
2026-08-16 20:59:46,015 INFO Suppressed 5 entries from older reports for games superseded by newer snapshots on 2022-06-02
2026-08-16 21:00:12,619 INFO Direct NBA day 228/241: 2022-06-03, 0 discovered -> 0 selected
2026-08-16 21:01:07,677 INFO Skipped non-substantive snapshot (no date/matchup pairs): timestamp=2022-06-04T01:30:00 source_url=https://ak-static.cms.nba.com/referee/injury/Injury-Report_2022-06-04_01AM.pdf
2026-08-16 21:01:07,685 INFO Skipped non-substantive snapshot (no date/matchup pairs): timestamp=2022-06-04T13:30:00 source_url=https://ak-static.cms.nba.com/referee/injury/Injury-Report_2022-06-04_01PM.pdf
2026-08-16 21:01:07,691 INFO Skipped non-substantive snapshot (no date/matchup pairs): timestamp=2022-06-04T02:30:00 source_url=https://ak-static.cms.nba.com/referee/injury/Injury-Report_2022-06-04_02AM.pdf
2026-08-16 21:01:07,698 INFO Skipped non-substantive snapshot (no date/matchup pairs): timestamp=2022-06-04T14:30:00 source_url=https://ak-static.cms.nba.com/referee/injury/Injury-Report_2022-06-04_02PM.pdf
2026-08-16 21:01:07,704 INFO Skipped non-substantive snapshot (no date/matchup pairs): timestamp=2022-06-04T03:30:00 source_url=https://ak-static.cms.nba.com/referee/injury/Injury-Report_2022-06-04_03AM.pdf
2026-08-16 21:01:07,713 INFO Skipped non-substantive snapshot (no date/matchup pairs): timestamp=2022-06-04T15:30:00 source_url=https://ak-static.cms.nba.com/referee/injury/Injury-Report_2022-06-04_03PM.pdf
2026-08-16 21:01:07,718 INFO Skipped non-substantive snapshot (no date/matchup pairs): timestamp=2022-06-04T04:30:00 source_url=https://ak-static.cms.nba.com/referee/injury/Injury-Report_2022-06-04_04AM.pdf
2026-08-16 21:01:07,724 INFO Skipped non-substantive snapshot (no date/matchup pairs): timestamp=2022-06-04T16:30:00 source_url=https://ak-static.cms.nba.com/referee/injury/Injury-Report_2022-06-04_04PM.pdf
2026-08-16 21:01:07,730 INFO Skipped non-substantive snapshot (no date/matchup pairs): timestamp=2022-06-04T05:30:00 source_url=https://ak-static.cms.nba.com/referee/injury/Injury-Report_2022-06-04_05AM.pdf
2026-08-16 21:01:07,736 INFO Skipped non-substantive snapshot (no date/matchup pairs): timestamp=2022-06-04T17:30:00 source_url=https://ak-static.cms.nba.com/referee/injury/Injury-Report_2022-06-04_05PM.pdf
2026-08-16 21:01:07,742 INFO Skipped non-substantive snapshot (no date/matchup pairs): timestamp=2022-06-04T06:30:00 source_url=https://ak-static.cms.nba.com/referee/injury/Injury-Report_2022-06-04_06AM.pdf
2026-08-16 21:01:07,757 INFO Skipped non-substantive snapshot (no date/matchup pairs): timestamp=2022-06-04T07:30:00 source_url=https://ak-static.cms.nba.com/referee/injury/Injury-Report_2022-06-04_07AM.pdf
2026-08-16 21:01:07,773 INFO Skipped non-substantive snapshot (no date/matchup pairs): timestamp=2022-06-04T08:30:00 source_url=https://ak-static.cms.nba.com/referee/injury/Injury-Report_2022-06-04_08AM.pdf
2026-08-16 21:01:07,788 INFO Skipped non-substantive snapshot (no date/matchup pairs): timestamp=2022-06-04T09:30:00 source_url=https://ak-static.cms.nba.com/referee/injury/Injury-Report_2022-06-04_09AM.pdf
2026-08-16 21:01:07,831 INFO Skipped non-substantive snapshot (no date/matchup pairs): timestamp=2022-06-04T10:30:00 source_url=https://ak-static.cms.nba.com/referee/injury/Injury-Report_2022-06-04_10AM.pdf
2026-08-16 21:01:07,847 INFO Skipped non-substantive snapshot (no date/matchup pairs): timestamp=2022-06-04T11:30:00 source_url=https://ak-static.cms.nba.com/referee/injury/Injury-Report_2022-06-04_11AM.pdf
2026-08-16 21:01:07,863 INFO Skipped non-substantive snapshot (no date/matchup pairs): timestamp=2022-06-04T00:30:00 source_url=https://ak-static.cms.nba.com/referee/injury/Injury-Report_2022-06-04_12AM.pdf
2026-08-16 21:01:07,869 INFO Skipped non-substantive snapshot (no date/matchup pairs): timestamp=2022-06-04T12:30:00 source_url=https://ak-static.cms.nba.com/referee/injury/Injury-Report_2022-06-04_12PM.pdf
2026-08-16 21:01:07,869 INFO Direct NBA day 229/241: 2022-06-04, 24 discovered -> 1 selected
2026-08-16 21:01:08,262 INFO Suppressed 10 entries from older reports for games superseded by newer snapshots on 2022-06-04
2026-08-16 21:02:02,815 INFO Direct NBA day 230/241: 2022-06-05, 24 discovered -> 1 selected
2026-08-16 21:02:03,603 INFO NBA backfill checkpoint processed=1/1 parsed=1 missing=0 http_failed=0 invalid_pdf=0 parse_failed=0
2026-08-16 21:02:04,095 INFO Suppressed 20 entries from older reports for games superseded by newer snapshots on 2022-06-05
2026-08-16 21:02:30,062 INFO Direct NBA day 231/241: 2022-06-06, 0 discovered -> 0 selected
2026-08-16 21:03:23,566 INFO Skipped non-substantive snapshot (no date/matchup pairs): timestamp=2022-06-07T01:30:00 source_url=https://ak-static.cms.nba.com/referee/injury/Injury-Report_2022-06-07_01AM.pdf
2026-08-16 21:03:23,575 INFO Skipped non-substantive snapshot (no date/matchup pairs): timestamp=2022-06-07T13:30:00 source_url=https://ak-static.cms.nba.com/referee/injury/Injury-Report_2022-06-07_01PM.pdf
2026-08-16 21:03:23,584 INFO Skipped non-substantive snapshot (no date/matchup pairs): timestamp=2022-06-07T02:30:00 source_url=https://ak-static.cms.nba.com/referee/injury/Injury-Report_2022-06-07_02AM.pdf
2026-08-16 21:03:23,591 INFO Skipped non-substantive snapshot (no date/matchup pairs): timestamp=2022-06-07T14:30:00 source_url=https://ak-static.cms.nba.com/referee/injury/Injury-Report_2022-06-07_02PM.pdf
2026-08-16 21:03:23,599 INFO Skipped non-substantive snapshot (no date/matchup pairs): timestamp=2022-06-07T03:30:00 source_url=https://ak-static.cms.nba.com/referee/injury/Injury-Report_2022-06-07_03AM.pdf
2026-08-16 21:03:23,605 INFO Skipped non-substantive snapshot (no date/matchup pairs): timestamp=2022-06-07T15:30:00 source_url=https://ak-static.cms.nba.com/referee/injury/Injury-Report_2022-06-07_03PM.pdf
2026-08-16 21:03:23,612 INFO Skipped non-substantive snapshot (no date/matchup pairs): timestamp=2022-06-07T04:30:00 source_url=https://ak-static.cms.nba.com/referee/injury/Injury-Report_2022-06-07_04AM.pdf
2026-08-16 21:03:23,618 INFO Skipped non-substantive snapshot (no date/matchup pairs): timestamp=2022-06-07T16:30:00 source_url=https://ak-static.cms.nba.com/referee/injury/Injury-Report_2022-06-07_04PM.pdf
2026-08-16 21:03:23,626 INFO Skipped non-substantive snapshot (no date/matchup pairs): timestamp=2022-06-07T05:30:00 source_url=https://ak-static.cms.nba.com/referee/injury/Injury-Report_2022-06-07_05AM.pdf
2026-08-16 21:03:23,642 INFO Skipped non-substantive snapshot (no date/matchup pairs): timestamp=2022-06-07T06:30:00 source_url=https://ak-static.cms.nba.com/referee/injury/Injury-Report_2022-06-07_06AM.pdf
2026-08-16 21:03:23,658 INFO Skipped non-substantive snapshot (no date/matchup pairs): timestamp=2022-06-07T07:30:00 source_url=https://ak-static.cms.nba.com/referee/injury/Injury-Report_2022-06-07_07AM.pdf
2026-08-16 21:03:23,674 INFO Skipped non-substantive snapshot (no date/matchup pairs): timestamp=2022-06-07T08:30:00 source_url=https://ak-static.cms.nba.com/referee/injury/Injury-Report_2022-06-07_08AM.pdf
2026-08-16 21:03:23,690 INFO Skipped non-substantive snapshot (no date/matchup pairs): timestamp=2022-06-07T09:30:00 source_url=https://ak-static.cms.nba.com/referee/injury/Injury-Report_2022-06-07_09AM.pdf
2026-08-16 21:03:23,708 INFO Skipped non-substantive snapshot (no date/matchup pairs): timestamp=2022-06-07T10:30:00 source_url=https://ak-static.cms.nba.com/referee/injury/Injury-Report_2022-06-07_10AM.pdf
2026-08-16 21:03:23,724 INFO Skipped non-substantive snapshot (no date/matchup pairs): timestamp=2022-06-07T11:30:00 source_url=https://ak-static.cms.nba.com/referee/injury/Injury-Report_2022-06-07_11AM.pdf
2026-08-16 21:03:23,740 INFO Skipped non-substantive snapshot (no date/matchup pairs): timestamp=2022-06-07T00:30:00 source_url=https://ak-static.cms.nba.com/referee/injury/Injury-Report_2022-06-07_12AM.pdf
2026-08-16 21:03:23,746 INFO Skipped non-substantive snapshot (no date/matchup pairs): timestamp=2022-06-07T12:30:00 source_url=https://ak-static.cms.nba.com/referee/injury/Injury-Report_2022-06-07_12PM.pdf
2026-08-16 21:03:23,746 INFO Direct NBA day 232/241: 2022-06-07, 24 discovered -> 1 selected
2026-08-16 21:03:24,605 INFO NBA backfill checkpoint processed=1/1 parsed=1 missing=0 http_failed=0 invalid_pdf=0 parse_failed=0
2026-08-16 21:03:25,063 INFO Suppressed 15 entries from older reports for games superseded by newer snapshots on 2022-06-07
2026-08-16 21:04:18,285 INFO Direct NBA day 233/241: 2022-06-08, 24 discovered -> 1 selected
2026-08-16 21:04:19,143 INFO NBA backfill checkpoint processed=1/1 parsed=1 missing=0 http_failed=0 invalid_pdf=0 parse_failed=0
2026-08-16 21:04:19,593 INFO Suppressed 10 entries from older reports for games superseded by newer snapshots on 2022-06-08
2026-08-16 21:05:13,816 INFO Skipped non-substantive snapshot (no date/matchup pairs): timestamp=2022-06-09T01:30:00 source_url=https://ak-static.cms.nba.com/referee/injury/Injury-Report_2022-06-09_01AM.pdf
2026-08-16 21:05:13,826 INFO Skipped non-substantive snapshot (no date/matchup pairs): timestamp=2022-06-09T13:30:00 source_url=https://ak-static.cms.nba.com/referee/injury/Injury-Report_2022-06-09_01PM.pdf
2026-08-16 21:05:13,834 INFO Skipped non-substantive snapshot (no date/matchup pairs): timestamp=2022-06-09T02:30:00 source_url=https://ak-static.cms.nba.com/referee/injury/Injury-Report_2022-06-09_02AM.pdf
2026-08-16 21:05:13,842 INFO Skipped non-substantive snapshot (no date/matchup pairs): timestamp=2022-06-09T14:30:00 source_url=https://ak-static.cms.nba.com/referee/injury/Injury-Report_2022-06-09_02PM.pdf
2026-08-16 21:05:13,849 INFO Skipped non-substantive snapshot (no date/matchup pairs): timestamp=2022-06-09T03:30:00 source_url=https://ak-static.cms.nba.com/referee/injury/Injury-Report_2022-06-09_03AM.pdf
2026-08-16 21:05:13,856 INFO Skipped non-substantive snapshot (no date/matchup pairs): timestamp=2022-06-09T15:30:00 source_url=https://ak-static.cms.nba.com/referee/injury/Injury-Report_2022-06-09_03PM.pdf
2026-08-16 21:05:13,862 INFO Skipped non-substantive snapshot (no date/matchup pairs): timestamp=2022-06-09T04:30:00 source_url=https://ak-static.cms.nba.com/referee/injury/Injury-Report_2022-06-09_04AM.pdf
2026-08-16 21:05:13,868 INFO Skipped non-substantive snapshot (no date/matchup pairs): timestamp=2022-06-09T16:30:00 source_url=https://ak-static.cms.nba.com/referee/injury/Injury-Report_2022-06-09_04PM.pdf
2026-08-16 21:05:13,877 INFO Skipped non-substantive snapshot (no date/matchup pairs): timestamp=2022-06-09T05:30:00 source_url=https://ak-static.cms.nba.com/referee/injury/Injury-Report_2022-06-09_05AM.pdf
2026-08-16 21:05:13,892 INFO Skipped non-substantive snapshot (no date/matchup pairs): timestamp=2022-06-09T06:30:00 source_url=https://ak-static.cms.nba.com/referee/injury/Injury-Report_2022-06-09_06AM.pdf
2026-08-16 21:05:13,907 INFO Skipped non-substantive snapshot (no date/matchup pairs): timestamp=2022-06-09T07:30:00 source_url=https://ak-static.cms.nba.com/referee/injury/Injury-Report_2022-06-09_07AM.pdf
2026-08-16 21:05:13,923 INFO Skipped non-substantive snapshot (no date/matchup pairs): timestamp=2022-06-09T08:30:00 source_url=https://ak-static.cms.nba.com/referee/injury/Injury-Report_2022-06-09_08AM.pdf
2026-08-16 21:05:13,939 INFO Skipped non-substantive snapshot (no date/matchup pairs): timestamp=2022-06-09T09:30:00 source_url=https://ak-static.cms.nba.com/referee/injury/Injury-Report_2022-06-09_09AM.pdf
2026-08-16 21:05:13,957 INFO Skipped non-substantive snapshot (no date/matchup pairs): timestamp=2022-06-09T10:30:00 source_url=https://ak-static.cms.nba.com/referee/injury/Injury-Report_2022-06-09_10AM.pdf
2026-08-16 21:05:13,972 INFO Skipped non-substantive snapshot (no date/matchup pairs): timestamp=2022-06-09T11:30:00 source_url=https://ak-static.cms.nba.com/referee/injury/Injury-Report_2022-06-09_11AM.pdf
2026-08-16 21:05:13,988 INFO Skipped non-substantive snapshot (no date/matchup pairs): timestamp=2022-06-09T00:30:00 source_url=https://ak-static.cms.nba.com/referee/injury/Injury-Report_2022-06-09_12AM.pdf
2026-08-16 21:05:13,994 INFO Skipped non-substantive snapshot (no date/matchup pairs): timestamp=2022-06-09T12:30:00 source_url=https://ak-static.cms.nba.com/referee/injury/Injury-Report_2022-06-09_12PM.pdf
2026-08-16 21:05:13,994 INFO Direct NBA day 234/241: 2022-06-09, 24 discovered -> 1 selected
2026-08-16 21:05:14,864 INFO NBA backfill checkpoint processed=1/1 parsed=1 missing=0 http_failed=0 invalid_pdf=0 parse_failed=0
2026-08-16 21:05:15,304 INFO Suppressed 10 entries from older reports for games superseded by newer snapshots on 2022-06-09
2026-08-16 21:06:09,873 INFO Direct NBA day 235/241: 2022-06-10, 24 discovered -> 1 selected
2026-08-16 21:06:10,731 INFO NBA backfill checkpoint processed=1/1 parsed=1 missing=0 http_failed=0 invalid_pdf=0 parse_failed=0
2026-08-16 21:06:11,198 INFO Suppressed 20 entries from older reports for games superseded by newer snapshots on 2022-06-10
2026-08-16 21:06:37,431 INFO Direct NBA day 236/241: 2022-06-11, 0 discovered -> 0 selected
2026-08-16 21:07:31,360 INFO Skipped non-substantive snapshot (no date/matchup pairs): timestamp=2022-06-12T01:30:00 source_url=https://ak-static.cms.nba.com/referee/injury/Injury-Report_2022-06-12_01AM.pdf
2026-08-16 21:07:31,366 INFO Skipped non-substantive snapshot (no date/matchup pairs): timestamp=2022-06-12T13:30:00 source_url=https://ak-static.cms.nba.com/referee/injury/Injury-Report_2022-06-12_01PM.pdf
2026-08-16 21:07:31,375 INFO Skipped non-substantive snapshot (no date/matchup pairs): timestamp=2022-06-12T02:30:00 source_url=https://ak-static.cms.nba.com/referee/injury/Injury-Report_2022-06-12_02AM.pdf
2026-08-16 21:07:31,380 INFO Skipped non-substantive snapshot (no date/matchup pairs): timestamp=2022-06-12T14:30:00 source_url=https://ak-static.cms.nba.com/referee/injury/Injury-Report_2022-06-12_02PM.pdf
2026-08-16 21:07:31,386 INFO Skipped non-substantive snapshot (no date/matchup pairs): timestamp=2022-06-12T03:30:00 source_url=https://ak-static.cms.nba.com/referee/injury/Injury-Report_2022-06-12_03AM.pdf
2026-08-16 21:07:31,392 INFO Skipped non-substantive snapshot (no date/matchup pairs): timestamp=2022-06-12T15:30:00 source_url=https://ak-static.cms.nba.com/referee/injury/Injury-Report_2022-06-12_03PM.pdf
2026-08-16 21:07:31,397 INFO Skipped non-substantive snapshot (no date/matchup pairs): timestamp=2022-06-12T04:30:00 source_url=https://ak-static.cms.nba.com/referee/injury/Injury-Report_2022-06-12_04AM.pdf
2026-08-16 21:07:31,403 INFO Skipped non-substantive snapshot (no date/matchup pairs): timestamp=2022-06-12T16:30:00 source_url=https://ak-static.cms.nba.com/referee/injury/Injury-Report_2022-06-12_04PM.pdf
2026-08-16 21:07:31,408 INFO Skipped non-substantive snapshot (no date/matchup pairs): timestamp=2022-06-12T05:30:00 source_url=https://ak-static.cms.nba.com/referee/injury/Injury-Report_2022-06-12_05AM.pdf
2026-08-16 21:07:31,421 INFO Skipped non-substantive snapshot (no date/matchup pairs): timestamp=2022-06-12T06:30:00 source_url=https://ak-static.cms.nba.com/referee/injury/Injury-Report_2022-06-12_06AM.pdf
2026-08-16 21:07:31,435 INFO Skipped non-substantive snapshot (no date/matchup pairs): timestamp=2022-06-12T07:30:00 source_url=https://ak-static.cms.nba.com/referee/injury/Injury-Report_2022-06-12_07AM.pdf
2026-08-16 21:07:31,448 INFO Skipped non-substantive snapshot (no date/matchup pairs): timestamp=2022-06-12T08:30:00 source_url=https://ak-static.cms.nba.com/referee/injury/Injury-Report_2022-06-12_08AM.pdf
2026-08-16 21:07:31,464 INFO Skipped non-substantive snapshot (no date/matchup pairs): timestamp=2022-06-12T09:30:00 source_url=https://ak-static.cms.nba.com/referee/injury/Injury-Report_2022-06-12_09AM.pdf
2026-08-16 21:07:31,478 INFO Skipped non-substantive snapshot (no date/matchup pairs): timestamp=2022-06-12T10:30:00 source_url=https://ak-static.cms.nba.com/referee/injury/Injury-Report_2022-06-12_10AM.pdf
2026-08-16 21:07:31,491 INFO Skipped non-substantive snapshot (no date/matchup pairs): timestamp=2022-06-12T11:30:00 source_url=https://ak-static.cms.nba.com/referee/injury/Injury-Report_2022-06-12_11AM.pdf
2026-08-16 21:07:31,505 INFO Skipped non-substantive snapshot (no date/matchup pairs): timestamp=2022-06-12T00:30:00 source_url=https://ak-static.cms.nba.com/referee/injury/Injury-Report_2022-06-12_12AM.pdf
2026-08-16 21:07:31,511 INFO Skipped non-substantive snapshot (no date/matchup pairs): timestamp=2022-06-12T12:30:00 source_url=https://ak-static.cms.nba.com/referee/injury/Injury-Report_2022-06-12_12PM.pdf
2026-08-16 21:07:31,511 INFO Direct NBA day 237/241: 2022-06-12, 24 discovered -> 1 selected
2026-08-16 21:07:32,425 INFO NBA backfill checkpoint processed=1/1 parsed=1 missing=0 http_failed=0 invalid_pdf=0 parse_failed=0
2026-08-16 21:07:32,829 INFO Suppressed 12 entries from older reports for games superseded by newer snapshots on 2022-06-12
2026-08-16 21:08:27,349 INFO Direct NBA day 238/241: 2022-06-13, 24 discovered -> 1 selected
2026-08-16 21:08:28,183 INFO NBA backfill checkpoint processed=1/1 parsed=1 missing=0 http_failed=0 invalid_pdf=0 parse_failed=0
2026-08-16 21:08:28,635 INFO Suppressed 16 entries from older reports for games superseded by newer snapshots on 2022-06-13
2026-08-16 21:08:55,857 INFO Direct NBA day 239/241: 2022-06-14, 0 discovered -> 0 selected
2026-08-16 21:09:49,109 INFO Skipped non-substantive snapshot (no date/matchup pairs): timestamp=2022-06-15T01:30:00 source_url=https://ak-static.cms.nba.com/referee/injury/Injury-Report_2022-06-15_01AM.pdf
2026-08-16 21:09:49,115 INFO Skipped non-substantive snapshot (no date/matchup pairs): timestamp=2022-06-15T13:30:00 source_url=https://ak-static.cms.nba.com/referee/injury/Injury-Report_2022-06-15_01PM.pdf
2026-08-16 21:09:49,120 INFO Skipped non-substantive snapshot (no date/matchup pairs): timestamp=2022-06-15T02:30:00 source_url=https://ak-static.cms.nba.com/referee/injury/Injury-Report_2022-06-15_02AM.pdf
2026-08-16 21:09:49,126 INFO Skipped non-substantive snapshot (no date/matchup pairs): timestamp=2022-06-15T14:30:00 source_url=https://ak-static.cms.nba.com/referee/injury/Injury-Report_2022-06-15_02PM.pdf
2026-08-16 21:09:49,132 INFO Skipped non-substantive snapshot (no date/matchup pairs): timestamp=2022-06-15T03:30:00 source_url=https://ak-static.cms.nba.com/referee/injury/Injury-Report_2022-06-15_03AM.pdf
2026-08-16 21:09:49,137 INFO Skipped non-substantive snapshot (no date/matchup pairs): timestamp=2022-06-15T15:30:00 source_url=https://ak-static.cms.nba.com/referee/injury/Injury-Report_2022-06-15_03PM.pdf
2026-08-16 21:09:49,143 INFO Skipped non-substantive snapshot (no date/matchup pairs): timestamp=2022-06-15T04:30:00 source_url=https://ak-static.cms.nba.com/referee/injury/Injury-Report_2022-06-15_04AM.pdf
2026-08-16 21:09:49,148 INFO Skipped non-substantive snapshot (no date/matchup pairs): timestamp=2022-06-15T16:30:00 source_url=https://ak-static.cms.nba.com/referee/injury/Injury-Report_2022-06-15_04PM.pdf
2026-08-16 21:09:49,154 INFO Skipped non-substantive snapshot (no date/matchup pairs): timestamp=2022-06-15T05:30:00 source_url=https://ak-static.cms.nba.com/referee/injury/Injury-Report_2022-06-15_05AM.pdf
2026-08-16 21:09:49,165 INFO Skipped non-substantive snapshot (no date/matchup pairs): timestamp=2022-06-15T06:30:00 source_url=https://ak-static.cms.nba.com/referee/injury/Injury-Report_2022-06-15_06AM.pdf
2026-08-16 21:09:49,179 INFO Skipped non-substantive snapshot (no date/matchup pairs): timestamp=2022-06-15T07:30:00 source_url=https://ak-static.cms.nba.com/referee/injury/Injury-Report_2022-06-15_07AM.pdf
2026-08-16 21:09:49,195 INFO Skipped non-substantive snapshot (no date/matchup pairs): timestamp=2022-06-15T08:30:00 source_url=https://ak-static.cms.nba.com/referee/injury/Injury-Report_2022-06-15_08AM.pdf
2026-08-16 21:09:49,209 INFO Skipped non-substantive snapshot (no date/matchup pairs): timestamp=2022-06-15T09:30:00 source_url=https://ak-static.cms.nba.com/referee/injury/Injury-Report_2022-06-15_09AM.pdf
2026-08-16 21:09:49,223 INFO Skipped non-substantive snapshot (no date/matchup pairs): timestamp=2022-06-15T10:30:00 source_url=https://ak-static.cms.nba.com/referee/injury/Injury-Report_2022-06-15_10AM.pdf
2026-08-16 21:09:49,237 INFO Skipped non-substantive snapshot (no date/matchup pairs): timestamp=2022-06-15T11:30:00 source_url=https://ak-static.cms.nba.com/referee/injury/Injury-Report_2022-06-15_11AM.pdf
2026-08-16 21:09:49,251 INFO Skipped non-substantive snapshot (no date/matchup pairs): timestamp=2022-06-15T00:30:00 source_url=https://ak-static.cms.nba.com/referee/injury/Injury-Report_2022-06-15_12AM.pdf
2026-08-16 21:09:49,259 INFO Skipped non-substantive snapshot (no date/matchup pairs): timestamp=2022-06-15T12:30:00 source_url=https://ak-static.cms.nba.com/referee/injury/Injury-Report_2022-06-15_12PM.pdf
2026-08-16 21:09:49,259 INFO Direct NBA day 240/241: 2022-06-15, 24 discovered -> 1 selected
2026-08-16 21:09:50,201 INFO NBA backfill checkpoint processed=1/1 parsed=1 missing=0 http_failed=0 invalid_pdf=0 parse_failed=0
2026-08-16 21:09:50,631 INFO Suppressed 12 entries from older reports for games superseded by newer snapshots on 2022-06-15
2026-08-16 21:10:44,368 INFO Direct NBA day 241/241: 2022-06-16, 24 discovered -> 1 selected
2026-08-16 21:10:45,212 INFO NBA backfill checkpoint processed=1/1 parsed=1 missing=0 http_failed=0 invalid_pdf=0 parse_failed=0
2026-08-16 21:10:45,622 INFO Suppressed 12 entries from older reports for games superseded by newer snapshots on 2022-06-16
{"already_known": 0, "archive_urls_discovered": 234, "candidates_already_known": 24, "candidates_inserted": 210, "discovered": 0, "downloaded": 210, "entries_inserted": 21360, "http_failures": 0, "invalid_pdfs": 0, "missing": 0, "parse_failures": 0, "parsed": 210}
