2026-08-15 22:21:57,535 INFO Direct NBA day 1/363: 2024-10-22, 24 discovered -> 1 selected
2026-08-15 22:21:57,844 INFO NBA backfill checkpoint processed=1/1 parsed=1 missing=0 http_failed=0 invalid_pdf=0 parse_failed=0
2026-08-15 22:22:02,285 INFO Suppressed 150 entries from older reports for games superseded by newer snapshots on 2024-10-22
2026-08-15 22:22:57,342 INFO Direct NBA day 2/363: 2024-10-23, 24 discovered -> 1 selected
2026-08-15 22:23:07,456 INFO Suppressed 498 entries from older reports for games superseded by newer snapshots on 2024-10-23
2026-08-15 22:24:03,462 INFO Direct NBA day 3/363: 2024-10-24, 24 discovered -> 1 selected
2026-08-15 22:24:03,757 INFO NBA backfill checkpoint processed=1/1 parsed=1 missing=0 http_failed=0 invalid_pdf=0 parse_failed=0
2026-08-15 22:24:15,935 INFO Suppressed 649 entries from older reports for games superseded by newer snapshots on 2024-10-24
2026-08-15 22:25:12,081 INFO Direct NBA day 4/363: 2024-10-25, 24 discovered -> 1 selected
2026-08-15 22:25:12,385 INFO NBA backfill checkpoint processed=1/1 parsed=1 missing=0 http_failed=0 invalid_pdf=0 parse_failed=0
2026-08-15 22:25:32,563 INFO Suppressed 1145 entries from older reports for games superseded by newer snapshots on 2024-10-25
2026-08-15 22:26:29,553 INFO Direct NBA day 5/363: 2024-10-26, 24 discovered -> 1 selected
2026-08-15 22:26:29,834 INFO NBA backfill checkpoint processed=1/1 parsed=1 missing=0 http_failed=0 invalid_pdf=0 parse_failed=0
2026-08-15 22:26:42,557 INFO Suppressed 651 entries from older reports for games superseded by newer snapshots on 2024-10-26
2026-08-15 22:27:39,546 INFO Direct NBA day 6/363: 2024-10-27, 24 discovered -> 1 selected
2026-08-15 22:27:39,877 INFO NBA backfill checkpoint processed=1/1 parsed=1 missing=0 http_failed=0 invalid_pdf=0 parse_failed=0
2026-08-15 22:27:49,032 INFO Suppressed 463 entries from older reports for games superseded by newer snapshots on 2024-10-27
2026-08-15 22:28:45,646 INFO Direct NBA day 7/363: 2024-10-28, 24 discovered -> 1 selected
2026-08-15 22:28:45,939 INFO NBA backfill checkpoint processed=1/1 parsed=1 missing=0 http_failed=0 invalid_pdf=0 parse_failed=0
2026-08-15 22:29:03,092 INFO Suppressed 970 entries from older reports for games superseded by newer snapshots on 2024-10-28
2026-08-15 22:29:58,965 INFO Direct NBA day 8/363: 2024-10-29, 24 discovered -> 1 selected
2026-08-15 22:29:59,424 INFO NBA backfill checkpoint processed=1/1 parsed=1 missing=0 http_failed=0 invalid_pdf=0 parse_failed=0
2026-08-15 22:30:13,443 INFO Suppressed 754 entries from older reports for games superseded by newer snapshots on 2024-10-29
2026-08-15 22:31:11,325 INFO Direct NBA day 9/363: 2024-10-30, 24 discovered -> 1 selected
2026-08-15 22:31:11,674 INFO NBA backfill checkpoint processed=1/1 parsed=1 missing=0 http_failed=0 invalid_pdf=0 parse_failed=0
2026-08-15 22:31:29,294 INFO Suppressed 1024 entries from older reports for games superseded by newer snapshots on 2024-10-30
2026-08-15 22:32:22,871 INFO Direct NBA day 10/363: 2024-10-31, 24 discovered -> 1 selected
2026-08-15 22:32:23,241 INFO NBA backfill checkpoint processed=1/1 parsed=1 missing=0 http_failed=0 invalid_pdf=0 parse_failed=0
2026-08-15 22:32:48,656 INFO Suppressed 1387 entries from older reports for games superseded by newer snapshots on 2024-10-31
2026-08-15 22:33:46,392 INFO Direct NBA day 11/363: 2024-11-01, 24 discovered -> 1 selected
2026-08-15 22:33:46,719 INFO NBA backfill checkpoint processed=1/1 parsed=1 missing=0 http_failed=0 invalid_pdf=0 parse_failed=0
2026-08-15 22:34:06,565 INFO Suppressed 1147 entries from older reports for games superseded by newer snapshots on 2024-11-01
2026-08-15 22:35:03,410 INFO Direct NBA day 12/363: 2024-11-02, 24 discovered -> 1 selected
2026-08-15 22:35:03,679 INFO NBA backfill checkpoint processed=1/1 parsed=1 missing=0 http_failed=0 invalid_pdf=0 parse_failed=0
2026-08-15 22:35:28,557 INFO Suppressed 1465 entries from older reports for games superseded by newer snapshots on 2024-11-02
2026-08-15 22:36:25,685 INFO Direct NBA day 13/363: 2024-11-03, 24 discovered -> 1 selected
2026-08-15 22:36:40,798 INFO Suppressed 837 entries from older reports for games superseded by newer snapshots on 2024-11-03
2026-08-15 22:37:37,617 INFO Direct NBA day 14/363: 2024-11-04, 24 discovered -> 1 selected
2026-08-15 22:37:37,967 INFO NBA backfill checkpoint processed=1/1 parsed=1 missing=0 http_failed=0 invalid_pdf=0 parse_failed=0
2026-08-15 22:38:14,425 INFO Suppressed 2283 entries from older reports for games superseded by newer snapshots on 2024-11-04
2026-08-15 22:39:08,172 INFO Skipped non-substantive snapshot (no date/matchup pairs): timestamp=2024-11-05T01:30:00 source_url=https://ak-static.cms.nba.com/referee/injury/Injury-Report_2024-11-05_01AM.pdf
2026-08-15 22:39:08,220 INFO Skipped non-substantive snapshot (no date/matchup pairs): timestamp=2024-11-05T02:30:00 source_url=https://ak-static.cms.nba.com/referee/injury/Injury-Report_2024-11-05_02AM.pdf
2026-08-15 22:39:08,269 INFO Skipped non-substantive snapshot (no date/matchup pairs): timestamp=2024-11-05T03:30:00 source_url=https://ak-static.cms.nba.com/referee/injury/Injury-Report_2024-11-05_03AM.pdf
2026-08-15 22:39:08,317 INFO Skipped non-substantive snapshot (no date/matchup pairs): timestamp=2024-11-05T04:30:00 source_url=https://ak-static.cms.nba.com/referee/injury/Injury-Report_2024-11-05_04AM.pdf
2026-08-15 22:39:08,381 INFO Skipped non-substantive snapshot (no date/matchup pairs): timestamp=2024-11-05T05:30:00 source_url=https://ak-static.cms.nba.com/referee/injury/Injury-Report_2024-11-05_05AM.pdf
2026-08-15 22:39:08,476 INFO Skipped non-substantive snapshot (no date/matchup pairs): timestamp=2024-11-05T06:30:00 source_url=https://ak-static.cms.nba.com/referee/injury/Injury-Report_2024-11-05_06AM.pdf
2026-08-15 22:39:08,652 INFO Skipped non-substantive snapshot (no date/matchup pairs): timestamp=2024-11-05T07:30:00 source_url=https://ak-static.cms.nba.com/referee/injury/Injury-Report_2024-11-05_07AM.pdf
2026-08-15 22:39:08,786 INFO Skipped non-substantive snapshot (no date/matchup pairs): timestamp=2024-11-05T08:30:00 source_url=https://ak-static.cms.nba.com/referee/injury/Injury-Report_2024-11-05_08AM.pdf
2026-08-15 22:39:08,927 INFO Skipped non-substantive snapshot (no date/matchup pairs): timestamp=2024-11-05T09:30:00 source_url=https://ak-static.cms.nba.com/referee/injury/Injury-Report_2024-11-05_09AM.pdf
2026-08-15 22:39:09,068 INFO Skipped non-substantive snapshot (no date/matchup pairs): timestamp=2024-11-05T10:30:00 source_url=https://ak-static.cms.nba.com/referee/injury/Injury-Report_2024-11-05_10AM.pdf
2026-08-15 22:39:09,260 INFO Skipped non-substantive snapshot (no date/matchup pairs): timestamp=2024-11-05T11:30:00 source_url=https://ak-static.cms.nba.com/referee/injury/Injury-Report_2024-11-05_11AM.pdf
2026-08-15 22:39:09,402 INFO Skipped non-substantive snapshot (no date/matchup pairs): timestamp=2024-11-05T00:30:00 source_url=https://ak-static.cms.nba.com/referee/injury/Injury-Report_2024-11-05_12AM.pdf
2026-08-15 22:39:09,427 INFO Direct NBA day 15/363: 2024-11-05, 24 discovered -> 1 selected
2026-08-15 22:39:20,860 INFO Suppressed 648 entries from older reports for games superseded by newer snapshots on 2024-11-05
2026-08-15 22:40:17,516 INFO Direct NBA day 16/363: 2024-11-06, 24 discovered -> 1 selected
2026-08-15 22:40:17,901 INFO NBA backfill checkpoint processed=1/1 parsed=1 missing=0 http_failed=0 invalid_pdf=0 parse_failed=0
2026-08-15 22:40:51,094 INFO Suppressed 2122 entries from older reports for games superseded by newer snapshots on 2024-11-06
2026-08-15 22:41:46,017 INFO Direct NBA day 17/363: 2024-11-07, 24 discovered -> 1 selected
2026-08-15 22:42:01,980 INFO Suppressed 849 entries from older reports for games superseded by newer snapshots on 2024-11-07
2026-08-15 22:42:59,208 INFO Direct NBA day 18/363: 2024-11-08, 24 discovered -> 1 selected
2026-08-15 22:43:29,098 INFO Suppressed 1853 entries from older reports for games superseded by newer snapshots on 2024-11-08
2026-08-15 22:44:26,321 INFO Direct NBA day 19/363: 2024-11-09, 24 discovered -> 1 selected
2026-08-15 22:44:26,740 INFO NBA backfill checkpoint processed=1/1 parsed=1 missing=0 http_failed=0 invalid_pdf=0 parse_failed=0
2026-08-15 22:44:44,340 INFO Suppressed 1050 entries from older reports for games superseded by newer snapshots on 2024-11-09
2026-08-15 22:45:43,888 INFO Direct NBA day 20/363: 2024-11-10, 24 discovered -> 1 selected
2026-08-15 22:45:44,204 INFO NBA backfill checkpoint processed=1/1 parsed=1 missing=0 http_failed=0 invalid_pdf=0 parse_failed=0
2026-08-15 22:45:58,360 INFO Suppressed 837 entries from older reports for games superseded by newer snapshots on 2024-11-10
2026-08-15 22:46:55,249 INFO Direct NBA day 21/363: 2024-11-11, 24 discovered -> 1 selected
2026-08-15 22:46:55,557 INFO NBA backfill checkpoint processed=1/1 parsed=1 missing=0 http_failed=0 invalid_pdf=0 parse_failed=0
2026-08-15 22:47:11,612 INFO Suppressed 933 entries from older reports for games superseded by newer snapshots on 2024-11-11
2026-08-15 22:48:09,434 INFO Direct NBA day 22/363: 2024-11-12, 24 discovered -> 1 selected
2026-08-15 22:48:37,055 INFO Suppressed 1694 entries from older reports for games superseded by newer snapshots on 2024-11-12
2026-08-15 22:49:32,876 INFO Direct NBA day 23/363: 2024-11-13, 23 discovered -> 1 selected
2026-08-15 22:49:33,177 INFO NBA backfill checkpoint processed=1/1 parsed=1 missing=0 http_failed=0 invalid_pdf=0 parse_failed=0
2026-08-15 22:49:55,207 INFO Suppressed 1330 entries from older reports for games superseded by newer snapshots on 2024-11-13
2026-08-15 22:50:50,577 INFO Direct NBA day 24/363: 2024-11-14, 24 discovered -> 1 selected
2026-08-15 22:50:50,894 INFO NBA backfill checkpoint processed=1/1 parsed=1 missing=0 http_failed=0 invalid_pdf=0 parse_failed=0
2026-08-15 22:51:05,686 INFO Suppressed 836 entries from older reports for games superseded by newer snapshots on 2024-11-14
2026-08-15 22:52:03,697 INFO Direct NBA day 25/363: 2024-11-15, 24 discovered -> 1 selected
2026-08-15 22:52:04,066 INFO NBA backfill checkpoint processed=1/1 parsed=1 missing=0 http_failed=0 invalid_pdf=0 parse_failed=0
2026-08-15 22:52:30,171 INFO Suppressed 1641 entries from older reports for games superseded by newer snapshots on 2024-11-15
2026-08-15 22:53:26,193 INFO Direct NBA day 26/363: 2024-11-16, 24 discovered -> 1 selected
2026-08-15 22:53:26,520 INFO NBA backfill checkpoint processed=1/1 parsed=1 missing=0 http_failed=0 invalid_pdf=0 parse_failed=0
2026-08-15 22:53:45,017 INFO Suppressed 1052 entries from older reports for games superseded by newer snapshots on 2024-11-16
2026-08-15 22:54:42,949 INFO Direct NBA day 27/363: 2024-11-17, 24 discovered -> 1 selected
2026-08-15 22:54:43,257 INFO NBA backfill checkpoint processed=1/1 parsed=1 missing=0 http_failed=0 invalid_pdf=0 parse_failed=0
2026-08-15 22:55:04,090 INFO Suppressed 1263 entries from older reports for games superseded by newer snapshots on 2024-11-17
2026-08-15 22:56:00,696 INFO Direct NBA day 28/363: 2024-11-18, 24 discovered -> 1 selected
2026-08-15 22:56:01,104 INFO NBA backfill checkpoint processed=1/1 parsed=1 missing=0 http_failed=0 invalid_pdf=0 parse_failed=0
2026-08-15 22:56:20,590 INFO Suppressed 1151 entries from older reports for games superseded by newer snapshots on 2024-11-18
2026-08-15 22:57:16,440 INFO Direct NBA day 29/363: 2024-11-19, 24 discovered -> 1 selected
2026-08-15 22:57:37,943 INFO Suppressed 1313 entries from older reports for games superseded by newer snapshots on 2024-11-19
2026-08-15 22:58:33,611 INFO Direct NBA day 30/363: 2024-11-20, 24 discovered -> 1 selected
2026-08-15 22:58:57,934 INFO Suppressed 1521 entries from older reports for games superseded by newer snapshots on 2024-11-20
2026-08-15 22:59:54,996 INFO Direct NBA day 31/363: 2024-11-21, 24 discovered -> 1 selected
2026-08-15 22:59:55,309 INFO NBA backfill checkpoint processed=1/1 parsed=1 missing=0 http_failed=0 invalid_pdf=0 parse_failed=0
2026-08-15 23:00:12,859 INFO Suppressed 1043 entries from older reports for games superseded by newer snapshots on 2024-11-21
2026-08-15 23:01:10,141 INFO Direct NBA day 32/363: 2024-11-22, 24 discovered -> 1 selected
2026-08-15 23:01:10,451 INFO NBA backfill checkpoint processed=1/1 parsed=1 missing=0 http_failed=0 invalid_pdf=0 parse_failed=0
2026-08-15 23:01:28,951 INFO Suppressed 1113 entries from older reports for games superseded by newer snapshots on 2024-11-22
2026-08-15 23:02:25,618 INFO Direct NBA day 33/363: 2024-11-23, 24 discovered -> 1 selected
2026-08-15 23:02:26,003 INFO NBA backfill checkpoint processed=1/1 parsed=1 missing=0 http_failed=0 invalid_pdf=0 parse_failed=0
2026-08-15 23:02:42,794 INFO Suppressed 1036 entries from older reports for games superseded by newer snapshots on 2024-11-23
2026-08-15 23:03:40,794 INFO Direct NBA day 34/363: 2024-11-24, 24 discovered -> 1 selected
2026-08-15 23:03:57,689 INFO Suppressed 1014 entries from older reports for games superseded by newer snapshots on 2024-11-24
2026-08-15 23:04:55,448 INFO Direct NBA day 35/363: 2024-11-25, 24 discovered -> 1 selected
2026-08-15 23:04:55,780 INFO NBA backfill checkpoint processed=1/1 parsed=1 missing=0 http_failed=0 invalid_pdf=0 parse_failed=0
2026-08-15 23:05:15,062 INFO Suppressed 1192 entries from older reports for games superseded by newer snapshots on 2024-11-25
2026-08-15 23:06:13,318 INFO Direct NBA day 36/363: 2024-11-26, 24 discovered -> 1 selected
2026-08-15 23:06:13,670 INFO NBA backfill checkpoint processed=1/1 parsed=1 missing=0 http_failed=0 invalid_pdf=0 parse_failed=0
2026-08-15 23:06:34,358 INFO Suppressed 1221 entries from older reports for games superseded by newer snapshots on 2024-11-26
2026-08-15 23:07:31,563 INFO Direct NBA day 37/363: 2024-11-27, 24 discovered -> 1 selected
2026-08-15 23:07:31,947 INFO NBA backfill checkpoint processed=1/1 parsed=1 missing=0 http_failed=0 invalid_pdf=0 parse_failed=0
2026-08-15 23:08:04,053 INFO Suppressed 2095 entries from older reports for games superseded by newer snapshots on 2024-11-27
2026-08-15 23:08:58,566 INFO Skipped non-substantive snapshot (no date/matchup pairs): timestamp=2024-11-28T01:30:00 source_url=https://ak-static.cms.nba.com/referee/injury/Injury-Report_2024-11-28_01AM.pdf
2026-08-15 23:08:58,586 INFO Skipped non-substantive snapshot (no date/matchup pairs): timestamp=2024-11-28T13:30:00 source_url=https://ak-static.cms.nba.com/referee/injury/Injury-Report_2024-11-28_01PM.pdf
2026-08-15 23:08:58,605 INFO Skipped non-substantive snapshot (no date/matchup pairs): timestamp=2024-11-28T02:30:00 source_url=https://ak-static.cms.nba.com/referee/injury/Injury-Report_2024-11-28_02AM.pdf
2026-08-15 23:08:58,652 INFO Skipped non-substantive snapshot (no date/matchup pairs): timestamp=2024-11-28T03:30:00 source_url=https://ak-static.cms.nba.com/referee/injury/Injury-Report_2024-11-28_03AM.pdf
2026-08-15 23:08:58,699 INFO Skipped non-substantive snapshot (no date/matchup pairs): timestamp=2024-11-28T04:30:00 source_url=https://ak-static.cms.nba.com/referee/injury/Injury-Report_2024-11-28_04AM.pdf
2026-08-15 23:08:58,755 INFO Skipped non-substantive snapshot (no date/matchup pairs): timestamp=2024-11-28T05:30:00 source_url=https://ak-static.cms.nba.com/referee/injury/Injury-Report_2024-11-28_05AM.pdf
2026-08-15 23:08:58,847 INFO Skipped non-substantive snapshot (no date/matchup pairs): timestamp=2024-11-28T06:30:00 source_url=https://ak-static.cms.nba.com/referee/injury/Injury-Report_2024-11-28_06AM.pdf
2026-08-15 23:08:59,005 INFO Skipped non-substantive snapshot (no date/matchup pairs): timestamp=2024-11-28T07:30:00 source_url=https://ak-static.cms.nba.com/referee/injury/Injury-Report_2024-11-28_07AM.pdf
2026-08-15 23:08:59,118 INFO Skipped non-substantive snapshot (no date/matchup pairs): timestamp=2024-11-28T08:30:00 source_url=https://ak-static.cms.nba.com/referee/injury/Injury-Report_2024-11-28_08AM.pdf
2026-08-15 23:08:59,243 INFO Skipped non-substantive snapshot (no date/matchup pairs): timestamp=2024-11-28T09:30:00 source_url=https://ak-static.cms.nba.com/referee/injury/Injury-Report_2024-11-28_09AM.pdf
2026-08-15 23:08:59,368 INFO Skipped non-substantive snapshot (no date/matchup pairs): timestamp=2024-11-28T10:30:00 source_url=https://ak-static.cms.nba.com/referee/injury/Injury-Report_2024-11-28_10AM.pdf
2026-08-15 23:08:59,492 INFO Skipped non-substantive snapshot (no date/matchup pairs): timestamp=2024-11-28T11:30:00 source_url=https://ak-static.cms.nba.com/referee/injury/Injury-Report_2024-11-28_11AM.pdf
2026-08-15 23:08:59,670 INFO Skipped non-substantive snapshot (no date/matchup pairs): timestamp=2024-11-28T00:30:00 source_url=https://ak-static.cms.nba.com/referee/injury/Injury-Report_2024-11-28_12AM.pdf
2026-08-15 23:08:59,690 INFO Skipped non-substantive snapshot (no date/matchup pairs): timestamp=2024-11-28T12:30:00 source_url=https://ak-static.cms.nba.com/referee/injury/Injury-Report_2024-11-28_12PM.pdf
2026-08-15 23:08:59,690 INFO Direct NBA day 38/363: 2024-11-28, 24 discovered -> 1 selected
2026-08-15 23:08:59,962 INFO NBA backfill checkpoint processed=1/1 parsed=1 missing=0 http_failed=0 invalid_pdf=0 parse_failed=0
2026-08-15 23:09:07,649 INFO Suppressed 418 entries from older reports for games superseded by newer snapshots on 2024-11-28
2026-08-15 23:10:04,999 INFO Direct NBA day 39/363: 2024-11-29, 24 discovered -> 1 selected
2026-08-15 23:10:05,332 INFO NBA backfill checkpoint processed=1/1 parsed=1 missing=0 http_failed=0 invalid_pdf=0 parse_failed=0
2026-08-15 23:10:36,058 INFO Suppressed 2005 entries from older reports for games superseded by newer snapshots on 2024-11-29
2026-08-15 23:11:32,079 INFO Direct NBA day 40/363: 2024-11-30, 24 discovered -> 1 selected
2026-08-15 23:11:52,911 INFO Suppressed 1244 entries from older reports for games superseded by newer snapshots on 2024-11-30
2026-08-15 23:12:49,952 INFO Direct NBA day 41/363: 2024-12-01, 24 discovered -> 1 selected
2026-08-15 23:12:50,295 INFO NBA backfill checkpoint processed=1/1 parsed=1 missing=0 http_failed=0 invalid_pdf=0 parse_failed=0
2026-08-15 23:13:07,519 INFO Suppressed 1081 entries from older reports for games superseded by newer snapshots on 2024-12-01
2026-08-15 23:14:03,940 INFO Direct NBA day 42/363: 2024-12-02, 24 discovered -> 1 selected
2026-08-15 23:14:04,273 INFO NBA backfill checkpoint processed=1/1 parsed=1 missing=0 http_failed=0 invalid_pdf=0 parse_failed=0
2026-08-15 23:14:24,142 INFO Suppressed 1175 entries from older reports for games superseded by newer snapshots on 2024-12-02
2026-08-15 23:15:21,426 INFO Direct NBA day 43/363: 2024-12-03, 24 discovered -> 1 selected
2026-08-15 23:15:21,797 INFO NBA backfill checkpoint processed=1/1 parsed=1 missing=0 http_failed=0 invalid_pdf=0 parse_failed=0
2026-08-15 23:15:50,375 INFO Suppressed 1794 entries from older reports for games superseded by newer snapshots on 2024-12-03
2026-08-15 23:16:46,109 INFO Direct NBA day 44/363: 2024-12-04, 24 discovered -> 1 selected
2026-08-15 23:16:46,442 INFO NBA backfill checkpoint processed=1/1 parsed=1 missing=0 http_failed=0 invalid_pdf=0 parse_failed=0
2026-08-15 23:17:13,449 INFO Suppressed 1659 entries from older reports for games superseded by newer snapshots on 2024-12-04
2026-08-15 23:18:09,009 INFO Direct NBA day 45/363: 2024-12-05, 24 discovered -> 1 selected
2026-08-15 23:18:09,378 INFO NBA backfill checkpoint processed=1/1 parsed=1 missing=0 http_failed=0 invalid_pdf=0 parse_failed=0
2026-08-15 23:18:44,067 INFO Suppressed 2204 entries from older reports for games superseded by newer snapshots on 2024-12-05
2026-08-15 23:19:42,160 INFO Direct NBA day 46/363: 2024-12-06, 24 discovered -> 1 selected
2026-08-15 23:19:42,496 INFO NBA backfill checkpoint processed=1/1 parsed=1 missing=0 http_failed=0 invalid_pdf=0 parse_failed=0
2026-08-15 23:20:07,263 INFO Suppressed 1535 entries from older reports for games superseded by newer snapshots on 2024-12-06
2026-08-15 23:21:05,016 INFO Direct NBA day 47/363: 2024-12-07, 24 discovered -> 1 selected
2026-08-15 23:21:05,377 INFO NBA backfill checkpoint processed=1/1 parsed=1 missing=0 http_failed=0 invalid_pdf=0 parse_failed=0
2026-08-15 23:21:26,771 INFO Suppressed 1318 entries from older reports for games superseded by newer snapshots on 2024-12-07
2026-08-15 23:22:24,046 INFO Direct NBA day 48/363: 2024-12-08, 24 discovered -> 1 selected
2026-08-15 23:22:24,384 INFO NBA backfill checkpoint processed=1/1 parsed=1 missing=0 http_failed=0 invalid_pdf=0 parse_failed=0
2026-08-15 23:22:44,812 INFO Suppressed 1312 entries from older reports for games superseded by newer snapshots on 2024-12-08
2026-08-15 23:23:39,354 INFO Direct NBA day 49/363: 2024-12-09, 24 discovered -> 1 selected
2026-08-15 23:23:39,986 INFO NBA backfill checkpoint processed=1/1 parsed=1 missing=0 http_failed=0 invalid_pdf=0 parse_failed=0
2026-08-15 23:23:43,528 INFO Suppressed 134 entries from older reports for games superseded by newer snapshots on 2024-12-09
2026-08-15 23:24:36,250 INFO Direct NBA day 50/363: 2024-12-10, 24 discovered -> 1 selected
2026-08-15 23:24:36,572 INFO NBA backfill checkpoint processed=1/1 parsed=1 missing=0 http_failed=0 invalid_pdf=0 parse_failed=0
2026-08-15 23:24:43,009 INFO Suppressed 336 entries from older reports for games superseded by newer snapshots on 2024-12-10
2026-08-15 23:25:36,854 INFO Direct NBA day 51/363: 2024-12-11, 24 discovered -> 1 selected
2026-08-15 23:25:37,049 INFO NBA backfill checkpoint processed=1/1 parsed=1 missing=0 http_failed=0 invalid_pdf=0 parse_failed=0
2026-08-15 23:25:44,631 INFO Suppressed 407 entries from older reports for games superseded by newer snapshots on 2024-12-11
2026-08-15 23:26:41,194 INFO Direct NBA day 52/363: 2024-12-12, 24 discovered -> 1 selected
2026-08-15 23:26:57,319 INFO Suppressed 994 entries from older reports for games superseded by newer snapshots on 2024-12-12
2026-08-15 23:27:54,346 INFO Direct NBA day 53/363: 2024-12-13, 24 discovered -> 1 selected
2026-08-15 23:27:54,635 INFO NBA backfill checkpoint processed=1/1 parsed=1 missing=0 http_failed=0 invalid_pdf=0 parse_failed=0
2026-08-15 23:28:14,064 INFO Suppressed 1276 entries from older reports for games superseded by newer snapshots on 2024-12-13
2026-08-15 23:29:09,307 INFO Direct NBA day 54/363: 2024-12-14, 24 discovered -> 1 selected
2026-08-15 23:29:09,549 INFO NBA backfill checkpoint processed=1/1 parsed=1 missing=0 http_failed=0 invalid_pdf=0 parse_failed=0
2026-08-15 23:29:21,653 INFO Suppressed 666 entries from older reports for games superseded by newer snapshots on 2024-12-14
2026-08-15 23:30:19,178 INFO Direct NBA day 55/363: 2024-12-15, 24 discovered -> 1 selected
2026-08-15 23:30:19,488 INFO NBA backfill checkpoint processed=1/1 parsed=1 missing=0 http_failed=0 invalid_pdf=0 parse_failed=0
2026-08-15 23:30:35,032 INFO Suppressed 963 entries from older reports for games superseded by newer snapshots on 2024-12-15
2026-08-15 23:31:31,042 INFO Direct NBA day 56/363: 2024-12-16, 24 discovered -> 1 selected
2026-08-15 23:31:31,270 INFO NBA backfill checkpoint processed=1/1 parsed=1 missing=0 http_failed=0 invalid_pdf=0 parse_failed=0
2026-08-15 23:31:45,268 INFO Suppressed 877 entries from older reports for games superseded by newer snapshots on 2024-12-16
2026-08-15 23:32:38,235 INFO Direct NBA day 57/363: 2024-12-17, 24 discovered -> 1 selected
2026-08-15 23:32:39,017 INFO NBA backfill checkpoint processed=1/1 parsed=1 missing=0 http_failed=0 invalid_pdf=0 parse_failed=0
2026-08-15 23:32:41,085 INFO Suppressed 40 entries from older reports for games superseded by newer snapshots on 2024-12-17
2026-08-15 23:33:35,262 INFO Skipped non-substantive snapshot (no date/matchup pairs): timestamp=2024-12-18T01:30:00 source_url=https://ak-static.cms.nba.com/referee/injury/Injury-Report_2024-12-18_01AM.pdf
2026-08-15 23:33:35,286 INFO Skipped non-substantive snapshot (no date/matchup pairs): timestamp=2024-12-18T13:30:00 source_url=https://ak-static.cms.nba.com/referee/injury/Injury-Report_2024-12-18_01PM.pdf
2026-08-15 23:33:35,310 INFO Skipped non-substantive snapshot (no date/matchup pairs): timestamp=2024-12-18T02:30:00 source_url=https://ak-static.cms.nba.com/referee/injury/Injury-Report_2024-12-18_02AM.pdf
2026-08-15 23:33:35,333 INFO Skipped non-substantive snapshot (no date/matchup pairs): timestamp=2024-12-18T14:30:00 source_url=https://ak-static.cms.nba.com/referee/injury/Injury-Report_2024-12-18_02PM.pdf
2026-08-15 23:33:35,356 INFO Skipped non-substantive snapshot (no date/matchup pairs): timestamp=2024-12-18T03:30:00 source_url=https://ak-static.cms.nba.com/referee/injury/Injury-Report_2024-12-18_03AM.pdf
2026-08-15 23:33:35,381 INFO Skipped non-substantive snapshot (no date/matchup pairs): timestamp=2024-12-18T15:30:00 source_url=https://ak-static.cms.nba.com/referee/injury/Injury-Report_2024-12-18_03PM.pdf
2026-08-15 23:33:35,404 INFO Skipped non-substantive snapshot (no date/matchup pairs): timestamp=2024-12-18T04:30:00 source_url=https://ak-static.cms.nba.com/referee/injury/Injury-Report_2024-12-18_04AM.pdf
2026-08-15 23:33:35,427 INFO Skipped non-substantive snapshot (no date/matchup pairs): timestamp=2024-12-18T16:30:00 source_url=https://ak-static.cms.nba.com/referee/injury/Injury-Report_2024-12-18_04PM.pdf
2026-08-15 23:33:35,452 INFO Skipped non-substantive snapshot (no date/matchup pairs): timestamp=2024-12-18T05:30:00 source_url=https://ak-static.cms.nba.com/referee/injury/Injury-Report_2024-12-18_05AM.pdf
2026-08-15 23:33:35,475 INFO Skipped non-substantive snapshot (no date/matchup pairs): timestamp=2024-12-18T17:30:00 source_url=https://ak-static.cms.nba.com/referee/injury/Injury-Report_2024-12-18_05PM.pdf
2026-08-15 23:33:35,500 INFO Skipped non-substantive snapshot (no date/matchup pairs): timestamp=2024-12-18T06:30:00 source_url=https://ak-static.cms.nba.com/referee/injury/Injury-Report_2024-12-18_06AM.pdf
2026-08-15 23:33:35,523 INFO Skipped non-substantive snapshot (no date/matchup pairs): timestamp=2024-12-18T18:30:00 source_url=https://ak-static.cms.nba.com/referee/injury/Injury-Report_2024-12-18_06PM.pdf
2026-08-15 23:33:35,546 INFO Skipped non-substantive snapshot (no date/matchup pairs): timestamp=2024-12-18T07:30:00 source_url=https://ak-static.cms.nba.com/referee/injury/Injury-Report_2024-12-18_07AM.pdf
2026-08-15 23:33:35,571 INFO Skipped non-substantive snapshot (no date/matchup pairs): timestamp=2024-12-18T19:30:00 source_url=https://ak-static.cms.nba.com/referee/injury/Injury-Report_2024-12-18_07PM.pdf
2026-08-15 23:33:35,594 INFO Skipped non-substantive snapshot (no date/matchup pairs): timestamp=2024-12-18T08:30:00 source_url=https://ak-static.cms.nba.com/referee/injury/Injury-Report_2024-12-18_08AM.pdf
2026-08-15 23:33:35,617 INFO Skipped non-substantive snapshot (no date/matchup pairs): timestamp=2024-12-18T20:30:00 source_url=https://ak-static.cms.nba.com/referee/injury/Injury-Report_2024-12-18_08PM.pdf
2026-08-15 23:33:35,642 INFO Skipped non-substantive snapshot (no date/matchup pairs): timestamp=2024-12-18T09:30:00 source_url=https://ak-static.cms.nba.com/referee/injury/Injury-Report_2024-12-18_09AM.pdf
2026-08-15 23:33:35,665 INFO Skipped non-substantive snapshot (no date/matchup pairs): timestamp=2024-12-18T21:30:00 source_url=https://ak-static.cms.nba.com/referee/injury/Injury-Report_2024-12-18_09PM.pdf
2026-08-15 23:33:35,690 INFO Skipped non-substantive snapshot (no date/matchup pairs): timestamp=2024-12-18T10:30:00 source_url=https://ak-static.cms.nba.com/referee/injury/Injury-Report_2024-12-18_10AM.pdf
2026-08-15 23:33:35,713 INFO Skipped non-substantive snapshot (no date/matchup pairs): timestamp=2024-12-18T22:30:00 source_url=https://ak-static.cms.nba.com/referee/injury/Injury-Report_2024-12-18_10PM.pdf
2026-08-15 23:33:35,737 INFO Skipped non-substantive snapshot (no date/matchup pairs): timestamp=2024-12-18T11:30:00 source_url=https://ak-static.cms.nba.com/referee/injury/Injury-Report_2024-12-18_11AM.pdf
2026-08-15 23:33:35,899 INFO Skipped non-substantive snapshot (no date/matchup pairs): timestamp=2024-12-18T00:30:00 source_url=https://ak-static.cms.nba.com/referee/injury/Injury-Report_2024-12-18_12AM.pdf
2026-08-15 23:33:35,923 INFO Skipped non-substantive snapshot (no date/matchup pairs): timestamp=2024-12-18T12:30:00 source_url=https://ak-static.cms.nba.com/referee/injury/Injury-Report_2024-12-18_12PM.pdf
2026-08-15 23:33:35,924 INFO Direct NBA day 58/363: 2024-12-18, 24 discovered -> 1 selected
2026-08-15 23:34:36,052 INFO Direct NBA day 59/363: 2024-12-19, 24 discovered -> 1 selected
2026-08-15 23:34:36,407 INFO NBA backfill checkpoint processed=1/1 parsed=1 missing=0 http_failed=0 invalid_pdf=0 parse_failed=0
2026-08-15 23:35:07,283 INFO Suppressed 2067 entries from older reports for games superseded by newer snapshots on 2024-12-19
2026-08-15 23:36:03,723 INFO Direct NBA day 60/363: 2024-12-20, 24 discovered -> 1 selected
2026-08-15 23:36:04,033 INFO NBA backfill checkpoint processed=1/1 parsed=1 missing=0 http_failed=0 invalid_pdf=0 parse_failed=0
2026-08-15 23:36:18,202 INFO Suppressed 801 entries from older reports for games superseded by newer snapshots on 2024-12-20
2026-08-15 23:37:16,903 INFO Direct NBA day 61/363: 2024-12-21, 24 discovered -> 1 selected
2026-08-15 23:37:17,238 INFO NBA backfill checkpoint processed=1/1 parsed=1 missing=0 http_failed=0 invalid_pdf=0 parse_failed=0
2026-08-15 23:37:40,793 INFO Suppressed 1517 entries from older reports for games superseded by newer snapshots on 2024-12-21
2026-08-15 23:38:38,589 INFO Direct NBA day 62/363: 2024-12-22, 24 discovered -> 1 selected
2026-08-15 23:38:39,157 INFO NBA backfill checkpoint processed=1/1 parsed=1 missing=0 http_failed=0 invalid_pdf=0 parse_failed=0
2026-08-15 23:38:53,166 INFO Suppressed 804 entries from older reports for games superseded by newer snapshots on 2024-12-22
2026-08-15 23:39:52,188 INFO Direct NBA day 63/363: 2024-12-23, 24 discovered -> 1 selected
2026-08-15 23:39:52,495 INFO NBA backfill checkpoint processed=1/1 parsed=1 missing=0 http_failed=0 invalid_pdf=0 parse_failed=0
2026-08-15 23:40:21,290 INFO Suppressed 1901 entries from older reports for games superseded by newer snapshots on 2024-12-23
2026-08-15 23:41:14,842 INFO Skipped non-substantive snapshot (no date/matchup pairs): timestamp=2024-12-24T01:30:00 source_url=https://ak-static.cms.nba.com/referee/injury/Injury-Report_2024-12-24_01AM.pdf
2026-08-15 23:41:14,855 INFO Skipped non-substantive snapshot (no date/matchup pairs): timestamp=2024-12-24T13:30:00 source_url=https://ak-static.cms.nba.com/referee/injury/Injury-Report_2024-12-24_01PM.pdf
2026-08-15 23:41:14,868 INFO Skipped non-substantive snapshot (no date/matchup pairs): timestamp=2024-12-24T02:30:00 source_url=https://ak-static.cms.nba.com/referee/injury/Injury-Report_2024-12-24_02AM.pdf
2026-08-15 23:41:14,899 INFO Skipped non-substantive snapshot (no date/matchup pairs): timestamp=2024-12-24T03:30:00 source_url=https://ak-static.cms.nba.com/referee/injury/Injury-Report_2024-12-24_03AM.pdf
2026-08-15 23:41:14,932 INFO Skipped non-substantive snapshot (no date/matchup pairs): timestamp=2024-12-24T04:30:00 source_url=https://ak-static.cms.nba.com/referee/injury/Injury-Report_2024-12-24_04AM.pdf
2026-08-15 23:41:14,962 INFO Skipped non-substantive snapshot (no date/matchup pairs): timestamp=2024-12-24T05:30:00 source_url=https://ak-static.cms.nba.com/referee/injury/Injury-Report_2024-12-24_05AM.pdf
2026-08-15 23:41:14,998 INFO Skipped non-substantive snapshot (no date/matchup pairs): timestamp=2024-12-24T06:30:00 source_url=https://ak-static.cms.nba.com/referee/injury/Injury-Report_2024-12-24_06AM.pdf
2026-08-15 23:41:15,035 INFO Skipped non-substantive snapshot (no date/matchup pairs): timestamp=2024-12-24T07:30:00 source_url=https://ak-static.cms.nba.com/referee/injury/Injury-Report_2024-12-24_07AM.pdf
2026-08-15 23:41:15,079 INFO Skipped non-substantive snapshot (no date/matchup pairs): timestamp=2024-12-24T08:30:00 source_url=https://ak-static.cms.nba.com/referee/injury/Injury-Report_2024-12-24_08AM.pdf
2026-08-15 23:41:15,129 INFO Skipped non-substantive snapshot (no date/matchup pairs): timestamp=2024-12-24T09:30:00 source_url=https://ak-static.cms.nba.com/referee/injury/Injury-Report_2024-12-24_09AM.pdf
2026-08-15 23:41:15,180 INFO Skipped non-substantive snapshot (no date/matchup pairs): timestamp=2024-12-24T10:30:00 source_url=https://ak-static.cms.nba.com/referee/injury/Injury-Report_2024-12-24_10AM.pdf
2026-08-15 23:41:15,230 INFO Skipped non-substantive snapshot (no date/matchup pairs): timestamp=2024-12-24T11:30:00 source_url=https://ak-static.cms.nba.com/referee/injury/Injury-Report_2024-12-24_11AM.pdf
2026-08-15 23:41:15,281 INFO Skipped non-substantive snapshot (no date/matchup pairs): timestamp=2024-12-24T00:30:00 source_url=https://ak-static.cms.nba.com/referee/injury/Injury-Report_2024-12-24_12AM.pdf
2026-08-15 23:41:15,292 INFO Skipped non-substantive snapshot (no date/matchup pairs): timestamp=2024-12-24T12:30:00 source_url=https://ak-static.cms.nba.com/referee/injury/Injury-Report_2024-12-24_12PM.pdf
2026-08-15 23:41:15,292 INFO Direct NBA day 64/363: 2024-12-24, 24 discovered -> 1 selected
2026-08-15 23:41:18,547 INFO Suppressed 110 entries from older reports for games superseded by newer snapshots on 2024-12-24
2026-08-15 23:42:15,753 INFO Direct NBA day 65/363: 2024-12-25, 24 discovered -> 1 selected
2026-08-15 23:42:16,054 INFO NBA backfill checkpoint processed=1/1 parsed=1 missing=0 http_failed=0 invalid_pdf=0 parse_failed=0
2026-08-15 23:42:37,033 INFO Suppressed 1254 entries from older reports for games superseded by newer snapshots on 2024-12-25
2026-08-15 23:43:36,154 INFO Direct NBA day 66/363: 2024-12-26, 24 discovered -> 1 selected
2026-08-15 23:43:36,479 INFO NBA backfill checkpoint processed=1/1 parsed=1 missing=0 http_failed=0 invalid_pdf=0 parse_failed=0
2026-08-15 23:44:05,107 INFO Suppressed 1822 entries from older reports for games superseded by newer snapshots on 2024-12-26
2026-08-15 23:45:02,288 INFO Direct NBA day 67/363: 2024-12-27, 24 discovered -> 1 selected
2026-08-15 23:45:02,643 INFO NBA backfill checkpoint processed=1/1 parsed=1 missing=0 http_failed=0 invalid_pdf=0 parse_failed=0
2026-08-15 23:45:27,641 INFO Suppressed 1571 entries from older reports for games superseded by newer snapshots on 2024-12-27
2026-08-15 23:46:25,726 INFO Direct NBA day 68/363: 2024-12-28, 24 discovered -> 1 selected
2026-08-15 23:46:26,082 INFO NBA backfill checkpoint processed=1/1 parsed=1 missing=0 http_failed=0 invalid_pdf=0 parse_failed=0
2026-08-15 23:46:48,437 INFO Suppressed 1421 entries from older reports for games superseded by newer snapshots on 2024-12-28
2026-08-15 23:47:45,719 INFO Direct NBA day 69/363: 2024-12-29, 24 discovered -> 1 selected
2026-08-15 23:47:46,109 INFO NBA backfill checkpoint processed=1/1 parsed=1 missing=0 http_failed=0 invalid_pdf=0 parse_failed=0
2026-08-15 23:47:57,302 INFO Suppressed 678 entries from older reports for games superseded by newer snapshots on 2024-12-29
2026-08-15 23:48:55,819 INFO Direct NBA day 70/363: 2024-12-30, 24 discovered -> 1 selected
2026-08-15 23:48:56,195 INFO NBA backfill checkpoint processed=1/1 parsed=1 missing=0 http_failed=0 invalid_pdf=0 parse_failed=0
2026-08-15 23:49:15,023 INFO Suppressed 1163 entries from older reports for games superseded by newer snapshots on 2024-12-30
2026-08-15 23:50:13,480 INFO Direct NBA day 71/363: 2024-12-31, 24 discovered -> 1 selected
2026-08-15 23:50:13,791 INFO NBA backfill checkpoint processed=1/1 parsed=1 missing=0 http_failed=0 invalid_pdf=0 parse_failed=0
2026-08-15 23:50:31,889 INFO Suppressed 1121 entries from older reports for games superseded by newer snapshots on 2024-12-31
2026-08-15 23:51:30,888 INFO Direct NBA day 72/363: 2025-01-01, 24 discovered -> 1 selected
2026-08-15 23:51:31,215 INFO NBA backfill checkpoint processed=1/1 parsed=1 missing=0 http_failed=0 invalid_pdf=0 parse_failed=0
2026-08-15 23:51:53,301 INFO Suppressed 1395 entries from older reports for games superseded by newer snapshots on 2025-01-01
2026-08-15 23:52:51,639 INFO Direct NBA day 73/363: 2025-01-02, 24 discovered -> 1 selected
2026-08-15 23:52:51,993 INFO NBA backfill checkpoint processed=1/1 parsed=1 missing=0 http_failed=0 invalid_pdf=0 parse_failed=0
2026-08-15 23:53:14,130 INFO Suppressed 1355 entries from older reports for games superseded by newer snapshots on 2025-01-02
2026-08-15 23:54:12,018 INFO Direct NBA day 74/363: 2025-01-03, 24 discovered -> 1 selected
2026-08-15 23:54:12,391 INFO NBA backfill checkpoint processed=1/1 parsed=1 missing=0 http_failed=0 invalid_pdf=0 parse_failed=0
2026-08-15 23:54:36,433 INFO Suppressed 1559 entries from older reports for games superseded by newer snapshots on 2025-01-03
2026-08-15 23:55:33,750 INFO Direct NBA day 75/363: 2025-01-04, 24 discovered -> 1 selected
2026-08-15 23:55:34,157 INFO NBA backfill checkpoint processed=1/1 parsed=1 missing=0 http_failed=0 invalid_pdf=0 parse_failed=0
2026-08-15 23:55:55,760 INFO Suppressed 1352 entries from older reports for games superseded by newer snapshots on 2025-01-04
2026-08-15 23:56:53,362 INFO Direct NBA day 76/363: 2025-01-05, 24 discovered -> 1 selected
2026-08-15 23:57:07,935 INFO Suppressed 886 entries from older reports for games superseded by newer snapshots on 2025-01-05
2026-08-15 23:58:06,424 INFO Direct NBA day 77/363: 2025-01-06, 24 discovered -> 1 selected
2026-08-15 23:58:06,772 INFO NBA backfill checkpoint processed=1/1 parsed=1 missing=0 http_failed=0 invalid_pdf=0 parse_failed=0
2026-08-15 23:58:30,790 INFO Suppressed 1501 entries from older reports for games superseded by newer snapshots on 2025-01-06
2026-08-15 23:59:29,690 INFO Direct NBA day 78/363: 2025-01-07, 24 discovered -> 1 selected
2026-08-15 23:59:30,011 INFO NBA backfill checkpoint processed=1/1 parsed=1 missing=0 http_failed=0 invalid_pdf=0 parse_failed=0
2026-08-15 23:59:46,718 INFO Suppressed 1009 entries from older reports for games superseded by newer snapshots on 2025-01-07
2026-08-16 00:00:45,604 INFO Direct NBA day 79/363: 2025-01-08, 24 discovered -> 1 selected
2026-08-16 00:00:45,966 INFO NBA backfill checkpoint processed=1/1 parsed=1 missing=0 http_failed=0 invalid_pdf=0 parse_failed=0
2026-08-16 00:01:09,134 INFO Suppressed 1494 entries from older reports for games superseded by newer snapshots on 2025-01-08
2026-08-16 00:02:07,386 INFO Direct NBA day 80/363: 2025-01-09, 24 discovered -> 2 selected
2026-08-16 00:02:08,874 INFO NBA backfill checkpoint processed=2/2 parsed=2 missing=0 http_failed=0 invalid_pdf=0 parse_failed=0
2026-08-16 00:02:33,991 INFO Suppressed 1650 entries from older reports for games superseded by newer snapshots on 2025-01-09
2026-08-16 00:03:32,350 INFO Direct NBA day 81/363: 2025-01-10, 24 discovered -> 1 selected
2026-08-16 00:03:56,408 INFO Suppressed 1549 entries from older reports for games superseded by newer snapshots on 2025-01-10
2026-08-16 00:04:53,612 INFO Direct NBA day 82/363: 2025-01-11, 24 discovered -> 2 selected
2026-08-16 00:04:53,904 INFO NBA backfill checkpoint processed=1/1 parsed=1 missing=0 http_failed=0 invalid_pdf=0 parse_failed=0
2026-08-16 00:05:22,982 INFO Suppressed 1812 entries from older reports for games superseded by newer snapshots on 2025-01-11
2026-08-16 00:06:21,359 INFO Direct NBA day 83/363: 2025-01-12, 24 discovered -> 1 selected
2026-08-16 00:06:46,147 INFO Suppressed 1570 entries from older reports for games superseded by newer snapshots on 2025-01-12
2026-08-16 00:07:43,015 INFO Direct NBA day 84/363: 2025-01-13, 24 discovered -> 1 selected
2026-08-16 00:07:43,343 INFO NBA backfill checkpoint processed=1/1 parsed=1 missing=0 http_failed=0 invalid_pdf=0 parse_failed=0
2026-08-16 00:08:02,743 INFO Suppressed 1217 entries from older reports for games superseded by newer snapshots on 2025-01-13
2026-08-16 00:09:00,441 INFO Direct NBA day 85/363: 2025-01-14, 24 discovered -> 1 selected
2026-08-16 00:09:00,846 INFO NBA backfill checkpoint processed=1/1 parsed=1 missing=0 http_failed=0 invalid_pdf=0 parse_failed=0
2026-08-16 00:09:23,651 INFO Suppressed 1463 entries from older reports for games superseded by newer snapshots on 2025-01-14
2026-08-16 00:10:22,199 INFO Direct NBA day 86/363: 2025-01-15, 24 discovered -> 1 selected
2026-08-16 00:10:22,570 INFO NBA backfill checkpoint processed=1/1 parsed=1 missing=0 http_failed=0 invalid_pdf=0 parse_failed=0
2026-08-16 00:10:49,777 INFO Suppressed 1754 entries from older reports for games superseded by newer snapshots on 2025-01-15
2026-08-16 00:11:48,074 INFO Direct NBA day 87/363: 2025-01-16, 24 discovered -> 1 selected
2026-08-16 00:11:48,459 INFO NBA backfill checkpoint processed=1/1 parsed=1 missing=0 http_failed=0 invalid_pdf=0 parse_failed=0
2026-08-16 00:12:06,464 INFO Suppressed 1072 entries from older reports for games superseded by newer snapshots on 2025-01-16
2026-08-16 00:13:04,193 INFO Direct NBA day 88/363: 2025-01-17, 24 discovered -> 1 selected
2026-08-16 00:13:04,536 INFO NBA backfill checkpoint processed=1/1 parsed=1 missing=0 http_failed=0 invalid_pdf=0 parse_failed=0
2026-08-16 00:13:35,096 INFO Suppressed 2032 entries from older reports for games superseded by newer snapshots on 2025-01-17
2026-08-16 00:14:32,275 INFO Direct NBA day 89/363: 2025-01-18, 24 discovered -> 1 selected
2026-08-16 00:14:32,629 INFO NBA backfill checkpoint processed=1/1 parsed=1 missing=0 http_failed=0 invalid_pdf=0 parse_failed=0
2026-08-16 00:14:53,861 INFO Suppressed 1362 entries from older reports for games superseded by newer snapshots on 2025-01-18
2026-08-16 00:15:51,851 INFO Direct NBA day 90/363: 2025-01-19, 24 discovered -> 1 selected
2026-08-16 00:15:52,245 INFO NBA backfill checkpoint processed=1/1 parsed=1 missing=0 http_failed=0 invalid_pdf=0 parse_failed=0
2026-08-16 00:16:18,222 INFO Suppressed 1688 entries from older reports for games superseded by newer snapshots on 2025-01-19
2026-08-16 00:17:15,564 INFO Direct NBA day 91/363: 2025-01-20, 24 discovered -> 1 selected
2026-08-16 00:17:15,881 INFO NBA backfill checkpoint processed=1/1 parsed=1 missing=0 http_failed=0 invalid_pdf=0 parse_failed=0
2026-08-16 00:17:36,961 INFO Suppressed 1349 entries from older reports for games superseded by newer snapshots on 2025-01-20
2026-08-16 00:18:34,171 INFO Direct NBA day 92/363: 2025-01-21, 24 discovered -> 1 selected
2026-08-16 00:18:34,584 INFO NBA backfill checkpoint processed=1/1 parsed=1 missing=0 http_failed=0 invalid_pdf=0 parse_failed=0
2026-08-16 00:18:55,840 INFO Suppressed 1352 entries from older reports for games superseded by newer snapshots on 2025-01-21
2026-08-16 00:19:55,550 INFO Direct NBA day 93/363: 2025-01-22, 24 discovered -> 2 selected
2026-08-16 00:19:55,884 INFO NBA backfill checkpoint processed=1/1 parsed=1 missing=0 http_failed=0 invalid_pdf=0 parse_failed=0
2026-08-16 00:20:24,634 INFO Suppressed 1890 entries from older reports for games superseded by newer snapshots on 2025-01-22
2026-08-16 00:21:21,300 INFO Direct NBA day 94/363: 2025-01-23, 24 discovered -> 1 selected
2026-08-16 00:21:21,598 INFO NBA backfill checkpoint processed=1/1 parsed=1 missing=0 http_failed=0 invalid_pdf=0 parse_failed=0
2026-08-16 00:21:41,927 INFO Suppressed 1302 entries from older reports for games superseded by newer snapshots on 2025-01-23
2026-08-16 00:22:39,577 INFO Direct NBA day 95/363: 2025-01-24, 24 discovered -> 1 selected
2026-08-16 00:22:40,000 INFO NBA backfill checkpoint processed=1/1 parsed=1 missing=0 http_failed=0 invalid_pdf=0 parse_failed=0
2026-08-16 00:23:00,334 INFO Suppressed 1257 entries from older reports for games superseded by newer snapshots on 2025-01-24
2026-08-16 00:23:58,001 INFO Direct NBA day 96/363: 2025-01-25, 24 discovered -> 1 selected
2026-08-16 00:23:58,398 INFO NBA backfill checkpoint processed=1/1 parsed=1 missing=0 http_failed=0 invalid_pdf=0 parse_failed=0
2026-08-16 00:24:25,620 INFO Suppressed 1862 entries from older reports for games superseded by newer snapshots on 2025-01-25
2026-08-16 00:25:20,949 INFO Direct NBA day 97/363: 2025-01-26, 24 discovered -> 1 selected
2026-08-16 00:25:21,254 INFO NBA backfill checkpoint processed=1/1 parsed=1 missing=0 http_failed=0 invalid_pdf=0 parse_failed=0
2026-08-16 00:25:34,855 INFO Suppressed 820 entries from older reports for games superseded by newer snapshots on 2025-01-26
2026-08-16 00:26:33,216 INFO Direct NBA day 98/363: 2025-01-27, 24 discovered -> 1 selected
2026-08-16 00:26:33,525 INFO NBA backfill checkpoint processed=1/1 parsed=1 missing=0 http_failed=0 invalid_pdf=0 parse_failed=0
2026-08-16 00:27:02,249 INFO Suppressed 1934 entries from older reports for games superseded by newer snapshots on 2025-01-27
2026-08-16 00:27:58,202 INFO Direct NBA day 99/363: 2025-01-28, 24 discovered -> 1 selected
2026-08-16 00:28:18,028 INFO Suppressed 1187 entries from older reports for games superseded by newer snapshots on 2025-01-28
2026-08-16 00:29:15,212 INFO Direct NBA day 100/363: 2025-01-29, 24 discovered -> 1 selected
2026-08-16 00:29:15,546 INFO NBA backfill checkpoint processed=1/1 parsed=1 missing=0 http_failed=0 invalid_pdf=0 parse_failed=0
2026-08-16 00:29:43,283 INFO Suppressed 1847 entries from older reports for games superseded by newer snapshots on 2025-01-29
2026-08-16 00:30:39,178 INFO Direct NBA day 101/363: 2025-01-30, 24 discovered -> 1 selected
2026-08-16 00:30:39,472 INFO NBA backfill checkpoint processed=1/1 parsed=1 missing=0 http_failed=0 invalid_pdf=0 parse_failed=0
2026-08-16 00:30:58,093 INFO Suppressed 1159 entries from older reports for games superseded by newer snapshots on 2025-01-30
2026-08-16 00:31:55,283 INFO Direct NBA day 102/363: 2025-01-31, 24 discovered -> 1 selected
2026-08-16 00:31:55,604 INFO NBA backfill checkpoint processed=1/1 parsed=1 missing=0 http_failed=0 invalid_pdf=0 parse_failed=0
2026-08-16 00:32:12,454 INFO Suppressed 1069 entries from older reports for games superseded by newer snapshots on 2025-01-31
2026-08-16 00:33:09,873 INFO Direct NBA day 103/363: 2025-02-01, 24 discovered -> 1 selected
2026-08-16 00:33:10,260 INFO NBA backfill checkpoint processed=1/1 parsed=1 missing=0 http_failed=0 invalid_pdf=0 parse_failed=0
2026-08-16 00:33:22,758 INFO Suppressed 773 entries from older reports for games superseded by newer snapshots on 2025-02-01
2026-08-16 00:34:19,956 INFO Direct NBA day 104/363: 2025-02-02, 24 discovered -> 1 selected
2026-08-16 00:34:20,346 INFO NBA backfill checkpoint processed=1/1 parsed=1 missing=0 http_failed=0 invalid_pdf=0 parse_failed=0
2026-08-16 00:34:32,866 INFO Suppressed 744 entries from older reports for games superseded by newer snapshots on 2025-02-02
2026-08-16 00:35:30,241 INFO Direct NBA day 105/363: 2025-02-03, 24 discovered -> 1 selected
2026-08-16 00:35:47,681 INFO Suppressed 1128 entries from older reports for games superseded by newer snapshots on 2025-02-03
2026-08-16 00:36:44,412 INFO Direct NBA day 106/363: 2025-02-04, 24 discovered -> 1 selected
2026-08-16 00:36:44,734 INFO NBA backfill checkpoint processed=1/1 parsed=1 missing=0 http_failed=0 invalid_pdf=0 parse_failed=0
2026-08-16 00:37:04,346 INFO Suppressed 1215 entries from older reports for games superseded by newer snapshots on 2025-02-04
2026-08-16 00:38:01,324 INFO Direct NBA day 107/363: 2025-02-05, 24 discovered -> 1 selected
2026-08-16 00:38:01,666 INFO NBA backfill checkpoint processed=1/1 parsed=1 missing=0 http_failed=0 invalid_pdf=0 parse_failed=0
2026-08-16 00:38:21,579 INFO Suppressed 1249 entries from older reports for games superseded by newer snapshots on 2025-02-05
2026-08-16 00:39:16,591 INFO Direct NBA day 108/363: 2025-02-06, 24 discovered -> 1 selected
2026-08-16 00:39:16,893 INFO NBA backfill checkpoint processed=1/1 parsed=1 missing=0 http_failed=0 invalid_pdf=0 parse_failed=0
2026-08-16 00:39:33,701 INFO Suppressed 1046 entries from older reports for games superseded by newer snapshots on 2025-02-06
2026-08-16 00:40:31,071 INFO Direct NBA day 109/363: 2025-02-07, 24 discovered -> 1 selected
2026-08-16 00:40:31,427 INFO NBA backfill checkpoint processed=1/1 parsed=1 missing=0 http_failed=0 invalid_pdf=0 parse_failed=0
2026-08-16 00:40:52,855 INFO Suppressed 1430 entries from older reports for games superseded by newer snapshots on 2025-02-07
2026-08-16 00:41:49,153 INFO Direct NBA day 110/363: 2025-02-08, 24 discovered -> 1 selected
2026-08-16 00:41:49,465 INFO NBA backfill checkpoint processed=1/1 parsed=1 missing=0 http_failed=0 invalid_pdf=0 parse_failed=0
2026-08-16 00:42:05,767 INFO Suppressed 1044 entries from older reports for games superseded by newer snapshots on 2025-02-08
2026-08-16 00:43:01,580 INFO Direct NBA day 111/363: 2025-02-09, 24 discovered -> 1 selected
2026-08-16 00:43:15,886 INFO Suppressed 880 entries from older reports for games superseded by newer snapshots on 2025-02-09
2026-08-16 00:44:13,193 INFO Direct NBA day 112/363: 2025-02-10, 24 discovered -> 1 selected
2026-08-16 00:44:13,526 INFO NBA backfill checkpoint processed=1/1 parsed=1 missing=0 http_failed=0 invalid_pdf=0 parse_failed=0
2026-08-16 00:44:31,955 INFO Suppressed 1232 entries from older reports for games superseded by newer snapshots on 2025-02-10
2026-08-16 00:45:28,895 INFO Direct NBA day 113/363: 2025-02-11, 24 discovered -> 1 selected
2026-08-16 00:45:29,249 INFO NBA backfill checkpoint processed=1/1 parsed=1 missing=0 http_failed=0 invalid_pdf=0 parse_failed=0
2026-08-16 00:45:46,555 INFO Suppressed 1071 entries from older reports for games superseded by newer snapshots on 2025-02-11
2026-08-16 00:46:44,203 INFO Direct NBA day 114/363: 2025-02-12, 24 discovered -> 1 selected
2026-08-16 00:46:44,547 INFO NBA backfill checkpoint processed=1/1 parsed=1 missing=0 http_failed=0 invalid_pdf=0 parse_failed=0
2026-08-16 00:47:10,441 INFO Suppressed 1775 entries from older reports for games superseded by newer snapshots on 2025-02-12
2026-08-16 00:48:03,145 INFO Skipped non-substantive snapshot (no date/matchup pairs): timestamp=2025-02-13T01:30:00 source_url=https://ak-static.cms.nba.com/referee/injury/Injury-Report_2025-02-13_01AM.pdf
2026-08-16 00:48:03,159 INFO Skipped non-substantive snapshot (no date/matchup pairs): timestamp=2025-02-13T13:30:00 source_url=https://ak-static.cms.nba.com/referee/injury/Injury-Report_2025-02-13_01PM.pdf
2026-08-16 00:48:03,173 INFO Skipped non-substantive snapshot (no date/matchup pairs): timestamp=2025-02-13T02:30:00 source_url=https://ak-static.cms.nba.com/referee/injury/Injury-Report_2025-02-13_02AM.pdf
2026-08-16 00:48:03,232 INFO Skipped non-substantive snapshot (no date/matchup pairs): timestamp=2025-02-13T03:30:00 source_url=https://ak-static.cms.nba.com/referee/injury/Injury-Report_2025-02-13_03AM.pdf
2026-08-16 00:48:03,299 INFO Skipped non-substantive snapshot (no date/matchup pairs): timestamp=2025-02-13T04:30:00 source_url=https://ak-static.cms.nba.com/referee/injury/Injury-Report_2025-02-13_04AM.pdf
2026-08-16 00:48:03,366 INFO Skipped non-substantive snapshot (no date/matchup pairs): timestamp=2025-02-13T05:30:00 source_url=https://ak-static.cms.nba.com/referee/injury/Injury-Report_2025-02-13_05AM.pdf
2026-08-16 00:48:03,433 INFO Skipped non-substantive snapshot (no date/matchup pairs): timestamp=2025-02-13T06:30:00 source_url=https://ak-static.cms.nba.com/referee/injury/Injury-Report_2025-02-13_06AM.pdf
2026-08-16 00:48:03,547 INFO Skipped non-substantive snapshot (no date/matchup pairs): timestamp=2025-02-13T07:30:00 source_url=https://ak-static.cms.nba.com/referee/injury/Injury-Report_2025-02-13_07AM.pdf
2026-08-16 00:48:03,617 INFO Skipped non-substantive snapshot (no date/matchup pairs): timestamp=2025-02-13T08:30:00 source_url=https://ak-static.cms.nba.com/referee/injury/Injury-Report_2025-02-13_08AM.pdf
2026-08-16 00:48:03,685 INFO Skipped non-substantive snapshot (no date/matchup pairs): timestamp=2025-02-13T09:30:00 source_url=https://ak-static.cms.nba.com/referee/injury/Injury-Report_2025-02-13_09AM.pdf
2026-08-16 00:48:03,755 INFO Skipped non-substantive snapshot (no date/matchup pairs): timestamp=2025-02-13T10:30:00 source_url=https://ak-static.cms.nba.com/referee/injury/Injury-Report_2025-02-13_10AM.pdf
2026-08-16 00:48:03,825 INFO Skipped non-substantive snapshot (no date/matchup pairs): timestamp=2025-02-13T11:30:00 source_url=https://ak-static.cms.nba.com/referee/injury/Injury-Report_2025-02-13_11AM.pdf
2026-08-16 00:48:03,893 INFO Skipped non-substantive snapshot (no date/matchup pairs): timestamp=2025-02-13T00:30:00 source_url=https://ak-static.cms.nba.com/referee/injury/Injury-Report_2025-02-13_12AM.pdf
2026-08-16 00:48:03,904 INFO Skipped non-substantive snapshot (no date/matchup pairs): timestamp=2025-02-13T12:30:00 source_url=https://ak-static.cms.nba.com/referee/injury/Injury-Report_2025-02-13_12PM.pdf
2026-08-16 00:48:03,904 INFO Direct NBA day 115/363: 2025-02-13, 24 discovered -> 1 selected
2026-08-16 00:48:04,323 INFO NBA backfill checkpoint processed=1/1 parsed=1 missing=0 http_failed=0 invalid_pdf=0 parse_failed=0
2026-08-16 00:48:11,034 INFO Suppressed 337 entries from older reports for games superseded by newer snapshots on 2025-02-13
2026-08-16 00:48:36,756 INFO Direct NBA day 116/363: 2025-02-14, 0 discovered -> 0 selected
2026-08-16 00:49:02,136 INFO Direct NBA day 117/363: 2025-02-15, 0 discovered -> 0 selected
2026-08-16 00:49:27,677 INFO Direct NBA day 118/363: 2025-02-16, 0 discovered -> 0 selected
2026-08-16 00:49:53,411 INFO Direct NBA day 119/363: 2025-02-17, 0 discovered -> 0 selected
2026-08-16 00:50:46,593 INFO Skipped non-substantive snapshot (no date/matchup pairs): timestamp=2025-02-18T01:30:00 source_url=https://ak-static.cms.nba.com/referee/injury/Injury-Report_2025-02-18_01AM.pdf
2026-08-16 00:50:46,602 INFO Skipped non-substantive snapshot (no date/matchup pairs): timestamp=2025-02-18T13:30:00 source_url=https://ak-static.cms.nba.com/referee/injury/Injury-Report_2025-02-18_01PM.pdf
2026-08-16 00:50:46,610 INFO Skipped non-substantive snapshot (no date/matchup pairs): timestamp=2025-02-18T02:30:00 source_url=https://ak-static.cms.nba.com/referee/injury/Injury-Report_2025-02-18_02AM.pdf
2026-08-16 00:50:46,616 INFO Skipped non-substantive snapshot (no date/matchup pairs): timestamp=2025-02-18T14:30:00 source_url=https://ak-static.cms.nba.com/referee/injury/Injury-Report_2025-02-18_02PM.pdf
2026-08-16 00:50:46,623 INFO Skipped non-substantive snapshot (no date/matchup pairs): timestamp=2025-02-18T03:30:00 source_url=https://ak-static.cms.nba.com/referee/injury/Injury-Report_2025-02-18_03AM.pdf
2026-08-16 00:50:46,629 INFO Skipped non-substantive snapshot (no date/matchup pairs): timestamp=2025-02-18T15:30:00 source_url=https://ak-static.cms.nba.com/referee/injury/Injury-Report_2025-02-18_03PM.pdf
2026-08-16 00:50:46,635 INFO Skipped non-substantive snapshot (no date/matchup pairs): timestamp=2025-02-18T04:30:00 source_url=https://ak-static.cms.nba.com/referee/injury/Injury-Report_2025-02-18_04AM.pdf
2026-08-16 00:50:46,640 INFO Skipped non-substantive snapshot (no date/matchup pairs): timestamp=2025-02-18T16:30:00 source_url=https://ak-static.cms.nba.com/referee/injury/Injury-Report_2025-02-18_04PM.pdf
2026-08-16 00:50:46,646 INFO Skipped non-substantive snapshot (no date/matchup pairs): timestamp=2025-02-18T05:30:00 source_url=https://ak-static.cms.nba.com/referee/injury/Injury-Report_2025-02-18_05AM.pdf
2026-08-16 00:50:46,651 INFO Skipped non-substantive snapshot (no date/matchup pairs): timestamp=2025-02-18T17:30:00 source_url=https://ak-static.cms.nba.com/referee/injury/Injury-Report_2025-02-18_05PM.pdf
2026-08-16 00:50:46,656 INFO Skipped non-substantive snapshot (no date/matchup pairs): timestamp=2025-02-18T06:30:00 source_url=https://ak-static.cms.nba.com/referee/injury/Injury-Report_2025-02-18_06AM.pdf
2026-08-16 00:50:46,661 INFO Skipped non-substantive snapshot (no date/matchup pairs): timestamp=2025-02-18T18:30:00 source_url=https://ak-static.cms.nba.com/referee/injury/Injury-Report_2025-02-18_06PM.pdf
2026-08-16 00:50:46,668 INFO Skipped non-substantive snapshot (no date/matchup pairs): timestamp=2025-02-18T07:30:00 source_url=https://ak-static.cms.nba.com/referee/injury/Injury-Report_2025-02-18_07AM.pdf
2026-08-16 00:50:46,673 INFO Skipped non-substantive snapshot (no date/matchup pairs): timestamp=2025-02-18T19:30:00 source_url=https://ak-static.cms.nba.com/referee/injury/Injury-Report_2025-02-18_07PM.pdf
2026-08-16 00:50:46,677 INFO Skipped non-substantive snapshot (no date/matchup pairs): timestamp=2025-02-18T08:30:00 source_url=https://ak-static.cms.nba.com/referee/injury/Injury-Report_2025-02-18_08AM.pdf
2026-08-16 00:50:46,693 INFO Skipped non-substantive snapshot (no date/matchup pairs): timestamp=2025-02-18T09:30:00 source_url=https://ak-static.cms.nba.com/referee/injury/Injury-Report_2025-02-18_09AM.pdf
2026-08-16 00:50:46,707 INFO Skipped non-substantive snapshot (no date/matchup pairs): timestamp=2025-02-18T10:30:00 source_url=https://ak-static.cms.nba.com/referee/injury/Injury-Report_2025-02-18_10AM.pdf
2026-08-16 00:50:46,722 INFO Skipped non-substantive snapshot (no date/matchup pairs): timestamp=2025-02-18T11:30:00 source_url=https://ak-static.cms.nba.com/referee/injury/Injury-Report_2025-02-18_11AM.pdf
2026-08-16 00:50:46,738 INFO Skipped non-substantive snapshot (no date/matchup pairs): timestamp=2025-02-18T00:30:00 source_url=https://ak-static.cms.nba.com/referee/injury/Injury-Report_2025-02-18_12AM.pdf
2026-08-16 00:50:46,744 INFO Skipped non-substantive snapshot (no date/matchup pairs): timestamp=2025-02-18T12:30:00 source_url=https://ak-static.cms.nba.com/referee/injury/Injury-Report_2025-02-18_12PM.pdf
2026-08-16 00:50:46,744 INFO Direct NBA day 120/363: 2025-02-18, 24 discovered -> 1 selected
2026-08-16 00:50:47,677 INFO NBA backfill checkpoint processed=1/1 parsed=1 missing=0 http_failed=0 invalid_pdf=0 parse_failed=0
2026-08-16 00:50:49,251 INFO Suppressed 16 entries from older reports for games superseded by newer snapshots on 2025-02-18
2026-08-16 00:51:43,688 INFO Direct NBA day 121/363: 2025-02-19, 24 discovered -> 1 selected
2026-08-16 00:51:43,987 INFO NBA backfill checkpoint processed=1/1 parsed=1 missing=0 http_failed=0 invalid_pdf=0 parse_failed=0
2026-08-16 00:51:54,021 INFO Suppressed 547 entries from older reports for games superseded by newer snapshots on 2025-02-19
2026-08-16 00:52:51,604 INFO Direct NBA day 122/363: 2025-02-20, 24 discovered -> 1 selected
2026-08-16 00:53:15,780 INFO Suppressed 1575 entries from older reports for games superseded by newer snapshots on 2025-02-20
2026-08-16 00:54:11,339 INFO Direct NBA day 123/363: 2025-02-21, 24 discovered -> 1 selected
2026-08-16 00:54:11,651 INFO NBA backfill checkpoint processed=1/1 parsed=1 missing=0 http_failed=0 invalid_pdf=0 parse_failed=0
2026-08-16 00:54:28,322 INFO Suppressed 1024 entries from older reports for games superseded by newer snapshots on 2025-02-21
2026-08-16 00:55:23,644 INFO Direct NBA day 124/363: 2025-02-22, 24 discovered -> 1 selected
2026-08-16 00:55:24,025 INFO NBA backfill checkpoint processed=1/1 parsed=1 missing=0 http_failed=0 invalid_pdf=0 parse_failed=0
2026-08-16 00:55:41,177 INFO Suppressed 1072 entries from older reports for games superseded by newer snapshots on 2025-02-22
2026-08-16 00:56:37,533 INFO Direct NBA day 125/363: 2025-02-23, 24 discovered -> 1 selected
2026-08-16 00:56:37,857 INFO NBA backfill checkpoint processed=1/1 parsed=1 missing=0 http_failed=0 invalid_pdf=0 parse_failed=0
2026-08-16 00:56:59,006 INFO Suppressed 1377 entries from older reports for games superseded by newer snapshots on 2025-02-23
2026-08-16 00:57:55,580 INFO Direct NBA day 126/363: 2025-02-24, 24 discovered -> 1 selected
2026-08-16 00:57:55,965 INFO NBA backfill checkpoint processed=1/1 parsed=1 missing=0 http_failed=0 invalid_pdf=0 parse_failed=0
2026-08-16 00:58:17,235 INFO Suppressed 1369 entries from older reports for games superseded by newer snapshots on 2025-02-24
2026-08-16 00:59:13,906 INFO Direct NBA day 127/363: 2025-02-25, 24 discovered -> 1 selected
2026-08-16 00:59:34,312 INFO Suppressed 1309 entries from older reports for games superseded by newer snapshots on 2025-02-25
2026-08-16 01:00:31,508 INFO Direct NBA day 128/363: 2025-02-26, 24 discovered -> 1 selected
2026-08-16 01:00:57,950 INFO Suppressed 1775 entries from older reports for games superseded by newer snapshots on 2025-02-26
2026-08-16 01:01:54,245 INFO Direct NBA day 129/363: 2025-02-27, 24 discovered -> 1 selected
2026-08-16 01:01:54,631 INFO NBA backfill checkpoint processed=1/1 parsed=1 missing=0 http_failed=0 invalid_pdf=0 parse_failed=0
2026-08-16 01:02:13,030 INFO Suppressed 1134 entries from older reports for games superseded by newer snapshots on 2025-02-27
2026-08-16 01:03:10,839 INFO Direct NBA day 130/363: 2025-02-28, 24 discovered -> 1 selected
2026-08-16 01:03:11,169 INFO NBA backfill checkpoint processed=1/1 parsed=1 missing=0 http_failed=0 invalid_pdf=0 parse_failed=0
2026-08-16 01:03:40,284 INFO Suppressed 1989 entries from older reports for games superseded by newer snapshots on 2025-02-28
2026-08-16 01:04:36,988 INFO Direct NBA day 131/363: 2025-03-01, 24 discovered -> 1 selected
2026-08-16 01:04:37,386 INFO NBA backfill checkpoint processed=1/1 parsed=1 missing=0 http_failed=0 invalid_pdf=0 parse_failed=0
2026-08-16 01:05:02,810 INFO Suppressed 1663 entries from older reports for games superseded by newer snapshots on 2025-03-01
2026-08-16 01:05:58,929 INFO Direct NBA day 132/363: 2025-03-02, 24 discovered -> 1 selected
2026-08-16 01:05:59,267 INFO NBA backfill checkpoint processed=1/1 parsed=1 missing=0 http_failed=0 invalid_pdf=0 parse_failed=0
2026-08-16 01:06:22,226 INFO Suppressed 1553 entries from older reports for games superseded by newer snapshots on 2025-03-02
2026-08-16 01:07:19,169 INFO Direct NBA day 133/363: 2025-03-03, 24 discovered -> 1 selected
2026-08-16 01:07:46,836 INFO Suppressed 1818 entries from older reports for games superseded by newer snapshots on 2025-03-03
2026-08-16 01:08:44,419 INFO Direct NBA day 134/363: 2025-03-04, 24 discovered -> 1 selected
2026-08-16 01:08:44,801 INFO NBA backfill checkpoint processed=1/1 parsed=1 missing=0 http_failed=0 invalid_pdf=0 parse_failed=0
2026-08-16 01:09:15,016 INFO Suppressed 2035 entries from older reports for games superseded by newer snapshots on 2025-03-04
2026-08-16 01:10:12,484 INFO Direct NBA day 135/363: 2025-03-05, 24 discovered -> 1 selected
2026-08-16 01:10:12,826 INFO NBA backfill checkpoint processed=1/1 parsed=1 missing=0 http_failed=0 invalid_pdf=0 parse_failed=0
2026-08-16 01:10:39,414 INFO Suppressed 1846 entries from older reports for games superseded by newer snapshots on 2025-03-05
2026-08-16 01:11:36,780 INFO Direct NBA day 136/363: 2025-03-06, 24 discovered -> 1 selected
2026-08-16 01:11:37,171 INFO NBA backfill checkpoint processed=1/1 parsed=1 missing=0 http_failed=0 invalid_pdf=0 parse_failed=0
2026-08-16 01:12:03,549 INFO Suppressed 1750 entries from older reports for games superseded by newer snapshots on 2025-03-06
2026-08-16 01:13:01,357 INFO Direct NBA day 137/363: 2025-03-07, 24 discovered -> 1 selected
2026-08-16 01:13:01,778 INFO NBA backfill checkpoint processed=1/1 parsed=1 missing=0 http_failed=0 invalid_pdf=0 parse_failed=0
2026-08-16 01:13:32,428 INFO Suppressed 2135 entries from older reports for games superseded by newer snapshots on 2025-03-07
2026-08-16 01:14:30,253 INFO Direct NBA day 138/363: 2025-03-08, 24 discovered -> 1 selected
2026-08-16 01:14:57,004 INFO Suppressed 1836 entries from older reports for games superseded by newer snapshots on 2025-03-08
2026-08-16 01:15:53,390 INFO Direct NBA day 139/363: 2025-03-09, 23 discovered -> 1 selected
2026-08-16 01:16:14,216 INFO Suppressed 1377 entries from older reports for games superseded by newer snapshots on 2025-03-09
2026-08-16 01:17:11,720 INFO Direct NBA day 140/363: 2025-03-10, 24 discovered -> 1 selected
2026-08-16 01:17:12,082 INFO NBA backfill checkpoint processed=1/1 parsed=1 missing=0 http_failed=0 invalid_pdf=0 parse_failed=0
2026-08-16 01:17:46,271 INFO Suppressed 2349 entries from older reports for games superseded by newer snapshots on 2025-03-10
2026-08-16 01:18:42,443 INFO Direct NBA day 141/363: 2025-03-11, 24 discovered -> 1 selected
2026-08-16 01:18:42,771 INFO NBA backfill checkpoint processed=1/1 parsed=1 missing=0 http_failed=0 invalid_pdf=0 parse_failed=0
2026-08-16 01:19:01,231 INFO Suppressed 1215 entries from older reports for games superseded by newer snapshots on 2025-03-11
2026-08-16 01:19:59,404 INFO Direct NBA day 142/363: 2025-03-12, 24 discovered -> 1 selected
2026-08-16 01:19:59,769 INFO NBA backfill checkpoint processed=1/1 parsed=1 missing=0 http_failed=0 invalid_pdf=0 parse_failed=0
2026-08-16 01:20:28,316 INFO Suppressed 2035 entries from older reports for games superseded by newer snapshots on 2025-03-12
2026-08-16 01:21:25,010 INFO Direct NBA day 143/363: 2025-03-13, 24 discovered -> 1 selected
2026-08-16 01:21:25,356 INFO NBA backfill checkpoint processed=1/1 parsed=1 missing=0 http_failed=0 invalid_pdf=0 parse_failed=0
2026-08-16 01:21:56,261 INFO Suppressed 1994 entries from older reports for games superseded by newer snapshots on 2025-03-13
2026-08-16 01:22:54,736 INFO Direct NBA day 144/363: 2025-03-14, 24 discovered -> 1 selected
2026-08-16 01:22:55,167 INFO NBA backfill checkpoint processed=1/1 parsed=1 missing=0 http_failed=0 invalid_pdf=0 parse_failed=0
2026-08-16 01:23:33,088 INFO Suppressed 2631 entries from older reports for games superseded by newer snapshots on 2025-03-14
2026-08-16 01:24:30,283 INFO Direct NBA day 145/363: 2025-03-15, 24 discovered -> 1 selected
2026-08-16 01:24:30,710 INFO NBA backfill checkpoint processed=1/1 parsed=1 missing=0 http_failed=0 invalid_pdf=0 parse_failed=0
2026-08-16 01:24:52,889 INFO Suppressed 1490 entries from older reports for games superseded by newer snapshots on 2025-03-15
2026-08-16 01:25:50,103 INFO Direct NBA day 146/363: 2025-03-16, 24 discovered -> 1 selected
2026-08-16 01:25:50,554 INFO NBA backfill checkpoint processed=1/1 parsed=1 missing=0 http_failed=0 invalid_pdf=0 parse_failed=0
2026-08-16 01:26:23,770 INFO Suppressed 2300 entries from older reports for games superseded by newer snapshots on 2025-03-16
2026-08-16 01:27:21,045 INFO Direct NBA day 147/363: 2025-03-17, 24 discovered -> 1 selected
2026-08-16 01:27:21,371 INFO NBA backfill checkpoint processed=1/1 parsed=1 missing=0 http_failed=0 invalid_pdf=0 parse_failed=0
2026-08-16 01:27:47,884 INFO Suppressed 1822 entries from older reports for games superseded by newer snapshots on 2025-03-17
2026-08-16 01:28:45,045 INFO Direct NBA day 148/363: 2025-03-18, 24 discovered -> 1 selected
2026-08-16 01:28:45,411 INFO NBA backfill checkpoint processed=1/1 parsed=1 missing=0 http_failed=0 invalid_pdf=0 parse_failed=0
2026-08-16 01:29:06,848 INFO Suppressed 1452 entries from older reports for games superseded by newer snapshots on 2025-03-18
2026-08-16 01:30:05,019 INFO Direct NBA day 149/363: 2025-03-19, 24 discovered -> 1 selected
2026-08-16 01:30:05,378 INFO NBA backfill checkpoint processed=1/1 parsed=1 missing=0 http_failed=0 invalid_pdf=0 parse_failed=0
2026-08-16 01:30:34,904 INFO Suppressed 2110 entries from older reports for games superseded by newer snapshots on 2025-03-19
2026-08-16 01:31:31,328 INFO Direct NBA day 150/363: 2025-03-20, 24 discovered -> 1 selected
2026-08-16 01:31:31,676 INFO NBA backfill checkpoint processed=1/1 parsed=1 missing=0 http_failed=0 invalid_pdf=0 parse_failed=0
2026-08-16 01:31:52,567 INFO Suppressed 1345 entries from older reports for games superseded by newer snapshots on 2025-03-20
2026-08-16 01:32:50,156 INFO Direct NBA day 151/363: 2025-03-21, 24 discovered -> 1 selected
2026-08-16 01:33:17,496 INFO Suppressed 1916 entries from older reports for games superseded by newer snapshots on 2025-03-21
2026-08-16 01:34:13,780 INFO Direct NBA day 152/363: 2025-03-22, 24 discovered -> 1 selected
2026-08-16 01:34:34,325 INFO Suppressed 1393 entries from older reports for games superseded by newer snapshots on 2025-03-22
2026-08-16 01:35:32,594 INFO Direct NBA day 153/363: 2025-03-23, 24 discovered -> 1 selected
2026-08-16 01:35:52,129 INFO Suppressed 1368 entries from older reports for games superseded by newer snapshots on 2025-03-23
2026-08-16 01:36:48,871 INFO Direct NBA day 154/363: 2025-03-24, 24 discovered -> 1 selected
2026-08-16 01:37:19,393 INFO Suppressed 2042 entries from older reports for games superseded by newer snapshots on 2025-03-24
2026-08-16 01:38:16,470 INFO Direct NBA day 155/363: 2025-03-25, 24 discovered -> 1 selected
2026-08-16 01:38:16,811 INFO NBA backfill checkpoint processed=1/1 parsed=1 missing=0 http_failed=0 invalid_pdf=0 parse_failed=0
2026-08-16 01:38:39,640 INFO Suppressed 1614 entries from older reports for games superseded by newer snapshots on 2025-03-25
2026-08-16 01:39:36,563 INFO Direct NBA day 156/363: 2025-03-26, 24 discovered -> 1 selected
2026-08-16 01:39:56,681 INFO Suppressed 1388 entries from older reports for games superseded by newer snapshots on 2025-03-26
2026-08-16 01:40:54,059 INFO Direct NBA day 157/363: 2025-03-27, 24 discovered -> 1 selected
2026-08-16 01:41:22,828 INFO Suppressed 2036 entries from older reports for games superseded by newer snapshots on 2025-03-27
2026-08-16 01:42:20,283 INFO Direct NBA day 158/363: 2025-03-28, 24 discovered -> 1 selected
2026-08-16 01:42:20,677 INFO NBA backfill checkpoint processed=1/1 parsed=1 missing=0 http_failed=0 invalid_pdf=0 parse_failed=0
2026-08-16 01:42:38,901 INFO Suppressed 1223 entries from older reports for games superseded by newer snapshots on 2025-03-28
2026-08-16 01:43:36,120 INFO Direct NBA day 159/363: 2025-03-29, 24 discovered -> 1 selected
2026-08-16 01:44:00,830 INFO Suppressed 1726 entries from older reports for games superseded by newer snapshots on 2025-03-29
2026-08-16 01:44:58,365 INFO Direct NBA day 160/363: 2025-03-30, 24 discovered -> 1 selected
2026-08-16 01:44:58,772 INFO NBA backfill checkpoint processed=1/1 parsed=1 missing=0 http_failed=0 invalid_pdf=0 parse_failed=0
2026-08-16 01:45:14,648 INFO Suppressed 1090 entries from older reports for games superseded by newer snapshots on 2025-03-30
2026-08-16 01:46:12,028 INFO Direct NBA day 161/363: 2025-03-31, 24 discovered -> 1 selected
2026-08-16 01:46:35,948 INFO Suppressed 1660 entries from older reports for games superseded by newer snapshots on 2025-03-31
2026-08-16 01:47:32,979 INFO Direct NBA day 162/363: 2025-04-01, 24 discovered -> 1 selected
2026-08-16 01:47:33,316 INFO NBA backfill checkpoint processed=1/1 parsed=1 missing=0 http_failed=0 invalid_pdf=0 parse_failed=0
2026-08-16 01:47:51,099 INFO Suppressed 1199 entries from older reports for games superseded by newer snapshots on 2025-04-01
2026-08-16 01:48:48,666 INFO Direct NBA day 163/363: 2025-04-02, 24 discovered -> 1 selected
2026-08-16 01:48:49,273 INFO NBA backfill checkpoint processed=1/1 parsed=1 missing=0 http_failed=0 invalid_pdf=0 parse_failed=0
2026-08-16 01:49:16,646 INFO Suppressed 1947 entries from older reports for games superseded by newer snapshots on 2025-04-02
2026-08-16 01:50:13,181 INFO Direct NBA day 164/363: 2025-04-03, 24 discovered -> 1 selected
2026-08-16 01:50:13,569 INFO NBA backfill checkpoint processed=1/1 parsed=1 missing=0 http_failed=0 invalid_pdf=0 parse_failed=0
2026-08-16 01:50:31,418 INFO Suppressed 1149 entries from older reports for games superseded by newer snapshots on 2025-04-03
2026-08-16 01:51:28,633 INFO Direct NBA day 165/363: 2025-04-04, 24 discovered -> 1 selected
2026-08-16 01:51:29,155 INFO NBA backfill checkpoint processed=1/1 parsed=1 missing=0 http_failed=0 invalid_pdf=0 parse_failed=0
2026-08-16 01:51:54,281 INFO Suppressed 1778 entries from older reports for games superseded by newer snapshots on 2025-04-04
2026-08-16 01:52:50,596 INFO Direct NBA day 166/363: 2025-04-05, 24 discovered -> 1 selected
2026-08-16 01:52:50,931 INFO NBA backfill checkpoint processed=1/1 parsed=1 missing=0 http_failed=0 invalid_pdf=0 parse_failed=0
2026-08-16 01:53:09,556 INFO Suppressed 1225 entries from older reports for games superseded by newer snapshots on 2025-04-05
2026-08-16 01:54:06,357 INFO Direct NBA day 167/363: 2025-04-06, 24 discovered -> 1 selected
2026-08-16 01:54:06,677 INFO NBA backfill checkpoint processed=1/1 parsed=1 missing=0 http_failed=0 invalid_pdf=0 parse_failed=0
2026-08-16 01:54:26,137 INFO Suppressed 1375 entries from older reports for games superseded by newer snapshots on 2025-04-06
2026-08-16 01:55:21,842 INFO Direct NBA day 168/363: 2025-04-07, 24 discovered -> 1 selected
2026-08-16 01:55:22,153 INFO NBA backfill checkpoint processed=1/1 parsed=1 missing=0 http_failed=0 invalid_pdf=0 parse_failed=0
2026-08-16 01:55:34,714 INFO Suppressed 848 entries from older reports for games superseded by newer snapshots on 2025-04-07
2026-08-16 01:56:32,377 INFO Direct NBA day 169/363: 2025-04-08, 24 discovered -> 1 selected
2026-08-16 01:56:32,702 INFO NBA backfill checkpoint processed=1/1 parsed=1 missing=0 http_failed=0 invalid_pdf=0 parse_failed=0
2026-08-16 01:56:58,068 INFO Suppressed 1796 entries from older reports for games superseded by newer snapshots on 2025-04-08
2026-08-16 01:57:54,776 INFO Direct NBA day 170/363: 2025-04-09, 24 discovered -> 1 selected
2026-08-16 01:57:55,139 INFO NBA backfill checkpoint processed=1/1 parsed=1 missing=0 http_failed=0 invalid_pdf=0 parse_failed=0
2026-08-16 01:58:19,804 INFO Suppressed 1714 entries from older reports for games superseded by newer snapshots on 2025-04-09
2026-08-16 01:59:18,503 INFO Direct NBA day 171/363: 2025-04-10, 24 discovered -> 1 selected
2026-08-16 01:59:40,405 INFO Suppressed 1456 entries from older reports for games superseded by newer snapshots on 2025-04-10
2026-08-16 02:00:38,565 INFO Direct NBA day 172/363: 2025-04-11, 24 discovered -> 1 selected
2026-08-16 02:01:14,819 INFO Suppressed 2709 entries from older reports for games superseded by newer snapshots on 2025-04-11
2026-08-16 02:02:08,156 INFO Skipped non-substantive snapshot (no date/matchup pairs): timestamp=2025-04-12T01:30:00 source_url=https://ak-static.cms.nba.com/referee/injury/Injury-Report_2025-04-12_01AM.pdf
2026-08-16 02:02:08,182 INFO Skipped non-substantive snapshot (no date/matchup pairs): timestamp=2025-04-12T13:30:00 source_url=https://ak-static.cms.nba.com/referee/injury/Injury-Report_2025-04-12_01PM.pdf
2026-08-16 02:02:08,206 INFO Skipped non-substantive snapshot (no date/matchup pairs): timestamp=2025-04-12T02:30:00 source_url=https://ak-static.cms.nba.com/referee/injury/Injury-Report_2025-04-12_02AM.pdf
2026-08-16 02:02:08,278 INFO Skipped non-substantive snapshot (no date/matchup pairs): timestamp=2025-04-12T03:30:00 source_url=https://ak-static.cms.nba.com/referee/injury/Injury-Report_2025-04-12_03AM.pdf
2026-08-16 02:02:08,358 INFO Skipped non-substantive snapshot (no date/matchup pairs): timestamp=2025-04-12T04:30:00 source_url=https://ak-static.cms.nba.com/referee/injury/Injury-Report_2025-04-12_04AM.pdf
2026-08-16 02:02:08,458 INFO Skipped non-substantive snapshot (no date/matchup pairs): timestamp=2025-04-12T05:30:00 source_url=https://ak-static.cms.nba.com/referee/injury/Injury-Report_2025-04-12_05AM.pdf
2026-08-16 02:02:08,687 INFO Skipped non-substantive snapshot (no date/matchup pairs): timestamp=2025-04-12T06:30:00 source_url=https://ak-static.cms.nba.com/referee/injury/Injury-Report_2025-04-12_06AM.pdf
2026-08-16 02:02:08,887 INFO Skipped non-substantive snapshot (no date/matchup pairs): timestamp=2025-04-12T07:30:00 source_url=https://ak-static.cms.nba.com/referee/injury/Injury-Report_2025-04-12_07AM.pdf
2026-08-16 02:02:09,091 INFO Skipped non-substantive snapshot (no date/matchup pairs): timestamp=2025-04-12T08:30:00 source_url=https://ak-static.cms.nba.com/referee/injury/Injury-Report_2025-04-12_08AM.pdf
2026-08-16 02:02:09,375 INFO Skipped non-substantive snapshot (no date/matchup pairs): timestamp=2025-04-12T09:30:00 source_url=https://ak-static.cms.nba.com/referee/injury/Injury-Report_2025-04-12_09AM.pdf
2026-08-16 02:02:09,600 INFO Skipped non-substantive snapshot (no date/matchup pairs): timestamp=2025-04-12T10:30:00 source_url=https://ak-static.cms.nba.com/referee/injury/Injury-Report_2025-04-12_10AM.pdf
2026-08-16 02:02:09,879 INFO Skipped non-substantive snapshot (no date/matchup pairs): timestamp=2025-04-12T11:30:00 source_url=https://ak-static.cms.nba.com/referee/injury/Injury-Report_2025-04-12_11AM.pdf
2026-08-16 02:02:10,104 INFO Skipped non-substantive snapshot (no date/matchup pairs): timestamp=2025-04-12T00:30:00 source_url=https://ak-static.cms.nba.com/referee/injury/Injury-Report_2025-04-12_12AM.pdf
2026-08-16 02:02:10,131 INFO Skipped non-substantive snapshot (no date/matchup pairs): timestamp=2025-04-12T12:30:00 source_url=https://ak-static.cms.nba.com/referee/injury/Injury-Report_2025-04-12_12PM.pdf
2026-08-16 02:02:10,131 INFO Direct NBA day 173/363: 2025-04-12, 24 discovered -> 1 selected
2026-08-16 02:02:10,586 INFO NBA backfill checkpoint processed=1/1 parsed=1 missing=0 http_failed=0 invalid_pdf=0 parse_failed=0
2026-08-16 02:02:26,186 INFO Suppressed 1115 entries from older reports for games superseded by newer snapshots on 2025-04-12
2026-08-16 02:03:26,585 INFO Direct NBA day 174/363: 2025-04-13, 24 discovered -> 1 selected
2026-08-16 02:03:27,224 INFO NBA backfill checkpoint processed=1/1 parsed=1 missing=0 http_failed=0 invalid_pdf=0 parse_failed=0
2026-08-16 02:03:50,930 INFO Suppressed 1854 entries from older reports for games superseded by newer snapshots on 2025-04-13
2026-08-16 02:04:43,656 INFO Skipped non-substantive snapshot (no date/matchup pairs): timestamp=2025-04-14T01:30:00 source_url=https://ak-static.cms.nba.com/referee/injury/Injury-Report_2025-04-14_01AM.pdf
2026-08-16 02:04:43,666 INFO Skipped non-substantive snapshot (no date/matchup pairs): timestamp=2025-04-14T13:30:00 source_url=https://ak-static.cms.nba.com/referee/injury/Injury-Report_2025-04-14_01PM.pdf
2026-08-16 02:04:43,675 INFO Skipped non-substantive snapshot (no date/matchup pairs): timestamp=2025-04-14T02:30:00 source_url=https://ak-static.cms.nba.com/referee/injury/Injury-Report_2025-04-14_02AM.pdf
2026-08-16 02:04:43,683 INFO Skipped non-substantive snapshot (no date/matchup pairs): timestamp=2025-04-14T14:30:00 source_url=https://ak-static.cms.nba.com/referee/injury/Injury-Report_2025-04-14_02PM.pdf
2026-08-16 02:04:43,691 INFO Skipped non-substantive snapshot (no date/matchup pairs): timestamp=2025-04-14T03:30:00 source_url=https://ak-static.cms.nba.com/referee/injury/Injury-Report_2025-04-14_03AM.pdf
2026-08-16 02:04:43,698 INFO Skipped non-substantive snapshot (no date/matchup pairs): timestamp=2025-04-14T15:30:00 source_url=https://ak-static.cms.nba.com/referee/injury/Injury-Report_2025-04-14_03PM.pdf
2026-08-16 02:04:43,705 INFO Skipped non-substantive snapshot (no date/matchup pairs): timestamp=2025-04-14T04:30:00 source_url=https://ak-static.cms.nba.com/referee/injury/Injury-Report_2025-04-14_04AM.pdf
2026-08-16 02:04:43,712 INFO Skipped non-substantive snapshot (no date/matchup pairs): timestamp=2025-04-14T16:30:00 source_url=https://ak-static.cms.nba.com/referee/injury/Injury-Report_2025-04-14_04PM.pdf
2026-08-16 02:04:43,721 INFO Skipped non-substantive snapshot (no date/matchup pairs): timestamp=2025-04-14T05:30:00 source_url=https://ak-static.cms.nba.com/referee/injury/Injury-Report_2025-04-14_05AM.pdf
2026-08-16 02:04:43,743 INFO Skipped non-substantive snapshot (no date/matchup pairs): timestamp=2025-04-14T06:30:00 source_url=https://ak-static.cms.nba.com/referee/injury/Injury-Report_2025-04-14_06AM.pdf
2026-08-16 02:04:43,765 INFO Skipped non-substantive snapshot (no date/matchup pairs): timestamp=2025-04-14T07:30:00 source_url=https://ak-static.cms.nba.com/referee/injury/Injury-Report_2025-04-14_07AM.pdf
2026-08-16 02:04:43,790 INFO Skipped non-substantive snapshot (no date/matchup pairs): timestamp=2025-04-14T08:30:00 source_url=https://ak-static.cms.nba.com/referee/injury/Injury-Report_2025-04-14_08AM.pdf
2026-08-16 02:04:43,817 INFO Skipped non-substantive snapshot (no date/matchup pairs): timestamp=2025-04-14T09:30:00 source_url=https://ak-static.cms.nba.com/referee/injury/Injury-Report_2025-04-14_09AM.pdf
2026-08-16 02:04:43,844 INFO Skipped non-substantive snapshot (no date/matchup pairs): timestamp=2025-04-14T10:30:00 source_url=https://ak-static.cms.nba.com/referee/injury/Injury-Report_2025-04-14_10AM.pdf
2026-08-16 02:04:43,873 INFO Skipped non-substantive snapshot (no date/matchup pairs): timestamp=2025-04-14T11:30:00 source_url=https://ak-static.cms.nba.com/referee/injury/Injury-Report_2025-04-14_11AM.pdf
2026-08-16 02:04:43,900 INFO Skipped non-substantive snapshot (no date/matchup pairs): timestamp=2025-04-14T00:30:00 source_url=https://ak-static.cms.nba.com/referee/injury/Injury-Report_2025-04-14_12AM.pdf
2026-08-16 02:04:43,906 INFO Skipped non-substantive snapshot (no date/matchup pairs): timestamp=2025-04-14T12:30:00 source_url=https://ak-static.cms.nba.com/referee/injury/Injury-Report_2025-04-14_12PM.pdf
2026-08-16 02:04:43,906 INFO Direct NBA day 175/363: 2025-04-14, 24 discovered -> 1 selected
2026-08-16 02:04:44,768 INFO NBA backfill checkpoint processed=1/1 parsed=1 missing=0 http_failed=0 invalid_pdf=0 parse_failed=0
2026-08-16 02:04:46,873 INFO Suppressed 66 entries from older reports for games superseded by newer snapshots on 2025-04-14
2026-08-16 02:05:40,649 INFO Direct NBA day 176/363: 2025-04-15, 24 discovered -> 1 selected
2026-08-16 02:05:41,014 INFO NBA backfill checkpoint processed=1/1 parsed=1 missing=0 http_failed=0 invalid_pdf=0 parse_failed=0
2026-08-16 02:05:46,691 INFO Suppressed 331 entries from older reports for games superseded by newer snapshots on 2025-04-15
2026-08-16 02:06:40,006 INFO Direct NBA day 177/363: 2025-04-16, 24 discovered -> 1 selected
2026-08-16 02:06:40,559 INFO NBA backfill checkpoint processed=1/1 parsed=1 missing=0 http_failed=0 invalid_pdf=0 parse_failed=0
2026-08-16 02:06:44,442 INFO Suppressed 187 entries from older reports for games superseded by newer snapshots on 2025-04-16
2026-08-16 02:07:36,809 INFO Skipped non-substantive snapshot (no date/matchup pairs): timestamp=2025-04-17T01:30:00 source_url=https://ak-static.cms.nba.com/referee/injury/Injury-Report_2025-04-17_01AM.pdf
2026-08-16 02:07:36,818 INFO Skipped non-substantive snapshot (no date/matchup pairs): timestamp=2025-04-17T13:30:00 source_url=https://ak-static.cms.nba.com/referee/injury/Injury-Report_2025-04-17_01PM.pdf
2026-08-16 02:07:36,827 INFO Skipped non-substantive snapshot (no date/matchup pairs): timestamp=2025-04-17T02:30:00 source_url=https://ak-static.cms.nba.com/referee/injury/Injury-Report_2025-04-17_02AM.pdf
2026-08-16 02:07:36,835 INFO Skipped non-substantive snapshot (no date/matchup pairs): timestamp=2025-04-17T14:30:00 source_url=https://ak-static.cms.nba.com/referee/injury/Injury-Report_2025-04-17_02PM.pdf
2026-08-16 02:07:36,842 INFO Skipped non-substantive snapshot (no date/matchup pairs): timestamp=2025-04-17T03:30:00 source_url=https://ak-static.cms.nba.com/referee/injury/Injury-Report_2025-04-17_03AM.pdf
2026-08-16 02:07:36,849 INFO Skipped non-substantive snapshot (no date/matchup pairs): timestamp=2025-04-17T15:30:00 source_url=https://ak-static.cms.nba.com/referee/injury/Injury-Report_2025-04-17_03PM.pdf
2026-08-16 02:07:36,856 INFO Skipped non-substantive snapshot (no date/matchup pairs): timestamp=2025-04-17T04:30:00 source_url=https://ak-static.cms.nba.com/referee/injury/Injury-Report_2025-04-17_04AM.pdf
2026-08-16 02:07:36,862 INFO Skipped non-substantive snapshot (no date/matchup pairs): timestamp=2025-04-17T16:30:00 source_url=https://ak-static.cms.nba.com/referee/injury/Injury-Report_2025-04-17_04PM.pdf
2026-08-16 02:07:36,869 INFO Skipped non-substantive snapshot (no date/matchup pairs): timestamp=2025-04-17T05:30:00 source_url=https://ak-static.cms.nba.com/referee/injury/Injury-Report_2025-04-17_05AM.pdf
2026-08-16 02:07:36,890 INFO Skipped non-substantive snapshot (no date/matchup pairs): timestamp=2025-04-17T06:30:00 source_url=https://ak-static.cms.nba.com/referee/injury/Injury-Report_2025-04-17_06AM.pdf
2026-08-16 02:07:36,920 INFO Skipped non-substantive snapshot (no date/matchup pairs): timestamp=2025-04-17T07:30:00 source_url=https://ak-static.cms.nba.com/referee/injury/Injury-Report_2025-04-17_07AM.pdf
2026-08-16 02:07:36,949 INFO Skipped non-substantive snapshot (no date/matchup pairs): timestamp=2025-04-17T08:30:00 source_url=https://ak-static.cms.nba.com/referee/injury/Injury-Report_2025-04-17_08AM.pdf
2026-08-16 02:07:36,979 INFO Skipped non-substantive snapshot (no date/matchup pairs): timestamp=2025-04-17T09:30:00 source_url=https://ak-static.cms.nba.com/referee/injury/Injury-Report_2025-04-17_09AM.pdf
2026-08-16 02:07:37,008 INFO Skipped non-substantive snapshot (no date/matchup pairs): timestamp=2025-04-17T10:30:00 source_url=https://ak-static.cms.nba.com/referee/injury/Injury-Report_2025-04-17_10AM.pdf
2026-08-16 02:07:37,038 INFO Skipped non-substantive snapshot (no date/matchup pairs): timestamp=2025-04-17T11:30:00 source_url=https://ak-static.cms.nba.com/referee/injury/Injury-Report_2025-04-17_11AM.pdf
2026-08-16 02:07:37,067 INFO Skipped non-substantive snapshot (no date/matchup pairs): timestamp=2025-04-17T00:30:00 source_url=https://ak-static.cms.nba.com/referee/injury/Injury-Report_2025-04-17_12AM.pdf
2026-08-16 02:07:37,073 INFO Skipped non-substantive snapshot (no date/matchup pairs): timestamp=2025-04-17T12:30:00 source_url=https://ak-static.cms.nba.com/referee/injury/Injury-Report_2025-04-17_12PM.pdf
2026-08-16 02:07:37,073 INFO Direct NBA day 178/363: 2025-04-17, 24 discovered -> 1 selected
2026-08-16 02:07:37,913 INFO NBA backfill checkpoint processed=1/1 parsed=1 missing=0 http_failed=0 invalid_pdf=0 parse_failed=0
2026-08-16 02:07:40,007 INFO Suppressed 54 entries from older reports for games superseded by newer snapshots on 2025-04-17
2026-08-16 02:08:34,479 INFO Direct NBA day 179/363: 2025-04-18, 24 discovered -> 1 selected
2026-08-16 02:08:34,727 INFO NBA backfill checkpoint processed=1/1 parsed=1 missing=0 http_failed=0 invalid_pdf=0 parse_failed=0
2026-08-16 02:08:41,144 INFO Suppressed 339 entries from older reports for games superseded by newer snapshots on 2025-04-18
2026-08-16 02:09:34,729 INFO Direct NBA day 180/363: 2025-04-19, 24 discovered -> 1 selected
2026-08-16 02:09:35,210 INFO NBA backfill checkpoint processed=1/1 parsed=1 missing=0 http_failed=0 invalid_pdf=0 parse_failed=0
2026-08-16 02:09:40,189 INFO Suppressed 194 entries from older reports for games superseded by newer snapshots on 2025-04-19
2026-08-16 02:10:33,606 INFO Direct NBA day 181/363: 2025-04-20, 24 discovered -> 1 selected
2026-08-16 02:10:34,082 INFO NBA backfill checkpoint processed=1/1 parsed=1 missing=0 http_failed=0 invalid_pdf=0 parse_failed=0
2026-08-16 02:10:37,393 INFO Suppressed 125 entries from older reports for games superseded by newer snapshots on 2025-04-20
2026-08-16 02:11:30,166 INFO Direct NBA day 182/363: 2025-04-21, 24 discovered -> 1 selected
2026-08-16 02:11:30,910 INFO NBA backfill checkpoint processed=1/1 parsed=1 missing=0 http_failed=0 invalid_pdf=0 parse_failed=0
2026-08-16 02:11:33,587 INFO Suppressed 74 entries from older reports for games superseded by newer snapshots on 2025-04-21
2026-08-16 02:12:26,865 INFO Direct NBA day 183/363: 2025-04-22, 24 discovered -> 1 selected
2026-08-16 02:12:27,350 INFO NBA backfill checkpoint processed=1/1 parsed=1 missing=0 http_failed=0 invalid_pdf=0 parse_failed=0
2026-08-16 02:12:32,257 INFO Suppressed 223 entries from older reports for games superseded by newer snapshots on 2025-04-22
2026-08-16 02:13:25,723 INFO Direct NBA day 184/363: 2025-04-23, 24 discovered -> 1 selected
2026-08-16 02:13:26,225 INFO NBA backfill checkpoint processed=1/1 parsed=1 missing=0 http_failed=0 invalid_pdf=0 parse_failed=0
2026-08-16 02:13:31,549 INFO Suppressed 244 entries from older reports for games superseded by newer snapshots on 2025-04-23
2026-08-16 02:14:24,914 INFO Direct NBA day 185/363: 2025-04-24, 24 discovered -> 1 selected
2026-08-16 02:14:25,544 INFO NBA backfill checkpoint processed=1/1 parsed=1 missing=0 http_failed=0 invalid_pdf=0 parse_failed=0
2026-08-16 02:14:28,605 INFO Suppressed 98 entries from older reports for games superseded by newer snapshots on 2025-04-24
2026-08-16 02:15:22,083 INFO Direct NBA day 186/363: 2025-04-25, 24 discovered -> 1 selected
2026-08-16 02:15:28,111 INFO Suppressed 280 entries from older reports for games superseded by newer snapshots on 2025-04-25
2026-08-16 02:16:22,319 INFO Direct NBA day 187/363: 2025-04-26, 24 discovered -> 1 selected
2026-08-16 02:16:22,507 INFO NBA backfill checkpoint processed=1/1 parsed=1 missing=0 http_failed=0 invalid_pdf=0 parse_failed=0
2026-08-16 02:16:28,576 INFO Suppressed 304 entries from older reports for games superseded by newer snapshots on 2025-04-26
2026-08-16 02:17:21,890 INFO Direct NBA day 188/363: 2025-04-27, 24 discovered -> 1 selected
2026-08-16 02:17:22,419 INFO NBA backfill checkpoint processed=1/1 parsed=1 missing=0 http_failed=0 invalid_pdf=0 parse_failed=0
2026-08-16 02:17:26,993 INFO Suppressed 186 entries from older reports for games superseded by newer snapshots on 2025-04-27
2026-08-16 02:18:20,457 INFO Direct NBA day 189/363: 2025-04-28, 24 discovered -> 1 selected
2026-08-16 02:18:20,965 INFO NBA backfill checkpoint processed=1/1 parsed=1 missing=0 http_failed=0 invalid_pdf=0 parse_failed=0
2026-08-16 02:18:26,976 INFO Suppressed 294 entries from older reports for games superseded by newer snapshots on 2025-04-28
2026-08-16 02:19:20,569 INFO Direct NBA day 190/363: 2025-04-29, 24 discovered -> 1 selected
2026-08-16 02:19:21,096 INFO NBA backfill checkpoint processed=1/1 parsed=1 missing=0 http_failed=0 invalid_pdf=0 parse_failed=0
2026-08-16 02:19:25,530 INFO Suppressed 187 entries from older reports for games superseded by newer snapshots on 2025-04-29
2026-08-16 02:20:18,143 INFO Direct NBA day 191/363: 2025-04-30, 24 discovered -> 1 selected
2026-08-16 02:20:18,872 INFO NBA backfill checkpoint processed=1/1 parsed=1 missing=0 http_failed=0 invalid_pdf=0 parse_failed=0
2026-08-16 02:20:21,628 INFO Suppressed 75 entries from older reports for games superseded by newer snapshots on 2025-04-30
2026-08-16 02:21:14,735 INFO Direct NBA day 192/363: 2025-05-01, 24 discovered -> 1 selected
2026-08-16 02:21:15,579 INFO NBA backfill checkpoint processed=1/1 parsed=1 missing=0 http_failed=0 invalid_pdf=0 parse_failed=0
2026-08-16 02:21:17,677 INFO Suppressed 33 entries from older reports for games superseded by newer snapshots on 2025-05-01
2026-08-16 02:22:10,861 INFO Direct NBA day 193/363: 2025-05-02, 24 discovered -> 1 selected
2026-08-16 02:22:11,694 INFO NBA backfill checkpoint processed=1/1 parsed=1 missing=0 http_failed=0 invalid_pdf=0 parse_failed=0
2026-08-16 02:22:13,497 INFO Suppressed 22 entries from older reports for games superseded by newer snapshots on 2025-05-02
2026-08-16 02:23:06,363 INFO Direct NBA day 194/363: 2025-05-03, 24 discovered -> 1 selected
2026-08-16 02:23:07,215 INFO NBA backfill checkpoint processed=1/1 parsed=1 missing=0 http_failed=0 invalid_pdf=0 parse_failed=0
2026-08-16 02:23:09,086 INFO Suppressed 31 entries from older reports for games superseded by newer snapshots on 2025-05-03
2026-08-16 02:24:01,855 INFO Direct NBA day 195/363: 2025-05-04, 24 discovered -> 1 selected
2026-08-16 02:24:02,635 INFO NBA backfill checkpoint processed=1/1 parsed=1 missing=0 http_failed=0 invalid_pdf=0 parse_failed=0
2026-08-16 02:24:04,732 INFO Suppressed 46 entries from older reports for games superseded by newer snapshots on 2025-05-04
2026-08-16 02:24:57,646 INFO Direct NBA day 196/363: 2025-05-05, 24 discovered -> 1 selected
2026-08-16 02:24:58,468 INFO NBA backfill checkpoint processed=1/1 parsed=1 missing=0 http_failed=0 invalid_pdf=0 parse_failed=0
2026-08-16 02:25:00,324 INFO Suppressed 29 entries from older reports for games superseded by newer snapshots on 2025-05-05
2026-08-16 02:25:53,005 INFO Direct NBA day 197/363: 2025-05-06, 24 discovered -> 1 selected
2026-08-16 02:25:55,583 INFO Suppressed 73 entries from older reports for games superseded by newer snapshots on 2025-05-06
2026-08-16 02:26:48,525 INFO Direct NBA day 198/363: 2025-05-07, 24 discovered -> 1 selected
2026-08-16 02:26:49,355 INFO NBA backfill checkpoint processed=1/1 parsed=1 missing=0 http_failed=0 invalid_pdf=0 parse_failed=0
2026-08-16 02:26:50,949 INFO Suppressed 17 entries from older reports for games superseded by newer snapshots on 2025-05-07
2026-08-16 02:27:43,675 INFO Direct NBA day 199/363: 2025-05-08, 24 discovered -> 1 selected
2026-08-16 02:27:44,493 INFO NBA backfill checkpoint processed=1/1 parsed=1 missing=0 http_failed=0 invalid_pdf=0 parse_failed=0
2026-08-16 02:27:46,223 INFO Suppressed 26 entries from older reports for games superseded by newer snapshots on 2025-05-08
2026-08-16 02:28:39,341 INFO Direct NBA day 200/363: 2025-05-09, 24 discovered -> 1 selected
2026-08-16 02:28:40,096 INFO NBA backfill checkpoint processed=1/1 parsed=1 missing=0 http_failed=0 invalid_pdf=0 parse_failed=0
2026-08-16 02:28:42,951 INFO Suppressed 84 entries from older reports for games superseded by newer snapshots on 2025-05-09
2026-08-16 02:29:36,002 INFO Direct NBA day 201/363: 2025-05-10, 24 discovered -> 1 selected
2026-08-16 02:29:36,823 INFO NBA backfill checkpoint processed=1/1 parsed=1 missing=0 http_failed=0 invalid_pdf=0 parse_failed=0
2026-08-16 02:29:40,537 INFO Suppressed 121 entries from older reports for games superseded by newer snapshots on 2025-05-10
2026-08-16 02:30:33,305 INFO Direct NBA day 202/363: 2025-05-11, 24 discovered -> 1 selected
2026-08-16 02:30:34,116 INFO NBA backfill checkpoint processed=1/1 parsed=1 missing=0 http_failed=0 invalid_pdf=0 parse_failed=0
2026-08-16 02:30:36,048 INFO Suppressed 32 entries from older reports for games superseded by newer snapshots on 2025-05-11
2026-08-16 02:31:29,211 INFO Direct NBA day 203/363: 2025-05-12, 24 discovered -> 1 selected
2026-08-16 02:31:30,027 INFO NBA backfill checkpoint processed=1/1 parsed=1 missing=0 http_failed=0 invalid_pdf=0 parse_failed=0
2026-08-16 02:31:32,400 INFO Suppressed 53 entries from older reports for games superseded by newer snapshots on 2025-05-12
2026-08-16 02:32:25,103 INFO Direct NBA day 204/363: 2025-05-13, 24 discovered -> 1 selected
2026-08-16 02:32:25,891 INFO NBA backfill checkpoint processed=1/1 parsed=1 missing=0 http_failed=0 invalid_pdf=0 parse_failed=0
2026-08-16 02:32:28,285 INFO Suppressed 58 entries from older reports for games superseded by newer snapshots on 2025-05-13
2026-08-16 02:33:20,663 INFO Direct NBA day 205/363: 2025-05-14, 24 discovered -> 1 selected
2026-08-16 02:33:21,528 INFO NBA backfill checkpoint processed=1/1 parsed=1 missing=0 http_failed=0 invalid_pdf=0 parse_failed=0
2026-08-16 02:33:23,296 INFO Suppressed 24 entries from older reports for games superseded by newer snapshots on 2025-05-14
2026-08-16 02:34:15,948 INFO Direct NBA day 206/363: 2025-05-15, 24 discovered -> 1 selected
2026-08-16 02:34:16,816 INFO NBA backfill checkpoint processed=1/1 parsed=1 missing=0 http_failed=0 invalid_pdf=0 parse_failed=0
2026-08-16 02:34:18,460 INFO Suppressed 20 entries from older reports for games superseded by newer snapshots on 2025-05-15
2026-08-16 02:35:11,298 INFO Direct NBA day 207/363: 2025-05-16, 24 discovered -> 1 selected
2026-08-16 02:35:12,216 INFO NBA backfill checkpoint processed=1/1 parsed=1 missing=0 http_failed=0 invalid_pdf=0 parse_failed=0
2026-08-16 02:35:13,877 INFO Suppressed 12 entries from older reports for games superseded by newer snapshots on 2025-05-16
2026-08-16 02:36:06,237 INFO Skipped non-substantive snapshot (no date/matchup pairs): timestamp=2025-05-17T01:30:00 source_url=https://ak-static.cms.nba.com/referee/injury/Injury-Report_2025-05-17_01AM.pdf
2026-08-16 02:36:06,245 INFO Skipped non-substantive snapshot (no date/matchup pairs): timestamp=2025-05-17T13:30:00 source_url=https://ak-static.cms.nba.com/referee/injury/Injury-Report_2025-05-17_01PM.pdf
2026-08-16 02:36:06,253 INFO Skipped non-substantive snapshot (no date/matchup pairs): timestamp=2025-05-17T02:30:00 source_url=https://ak-static.cms.nba.com/referee/injury/Injury-Report_2025-05-17_02AM.pdf
2026-08-16 02:36:06,260 INFO Skipped non-substantive snapshot (no date/matchup pairs): timestamp=2025-05-17T14:30:00 source_url=https://ak-static.cms.nba.com/referee/injury/Injury-Report_2025-05-17_02PM.pdf
2026-08-16 02:36:06,266 INFO Skipped non-substantive snapshot (no date/matchup pairs): timestamp=2025-05-17T03:30:00 source_url=https://ak-static.cms.nba.com/referee/injury/Injury-Report_2025-05-17_03AM.pdf
2026-08-16 02:36:06,272 INFO Skipped non-substantive snapshot (no date/matchup pairs): timestamp=2025-05-17T15:30:00 source_url=https://ak-static.cms.nba.com/referee/injury/Injury-Report_2025-05-17_03PM.pdf
2026-08-16 02:36:06,278 INFO Skipped non-substantive snapshot (no date/matchup pairs): timestamp=2025-05-17T04:30:00 source_url=https://ak-static.cms.nba.com/referee/injury/Injury-Report_2025-05-17_04AM.pdf
2026-08-16 02:36:06,283 INFO Skipped non-substantive snapshot (no date/matchup pairs): timestamp=2025-05-17T16:30:00 source_url=https://ak-static.cms.nba.com/referee/injury/Injury-Report_2025-05-17_04PM.pdf
2026-08-16 02:36:06,288 INFO Skipped non-substantive snapshot (no date/matchup pairs): timestamp=2025-05-17T05:30:00 source_url=https://ak-static.cms.nba.com/referee/injury/Injury-Report_2025-05-17_05AM.pdf
2026-08-16 02:36:06,294 INFO Skipped non-substantive snapshot (no date/matchup pairs): timestamp=2025-05-17T17:30:00 source_url=https://ak-static.cms.nba.com/referee/injury/Injury-Report_2025-05-17_05PM.pdf
2026-08-16 02:36:06,301 INFO Skipped non-substantive snapshot (no date/matchup pairs): timestamp=2025-05-17T06:30:00 source_url=https://ak-static.cms.nba.com/referee/injury/Injury-Report_2025-05-17_06AM.pdf
2026-08-16 02:36:06,315 INFO Skipped non-substantive snapshot (no date/matchup pairs): timestamp=2025-05-17T07:30:00 source_url=https://ak-static.cms.nba.com/referee/injury/Injury-Report_2025-05-17_07AM.pdf
2026-08-16 02:36:06,328 INFO Skipped non-substantive snapshot (no date/matchup pairs): timestamp=2025-05-17T08:30:00 source_url=https://ak-static.cms.nba.com/referee/injury/Injury-Report_2025-05-17_08AM.pdf
2026-08-16 02:36:06,341 INFO Skipped non-substantive snapshot (no date/matchup pairs): timestamp=2025-05-17T09:30:00 source_url=https://ak-static.cms.nba.com/referee/injury/Injury-Report_2025-05-17_09AM.pdf
2026-08-16 02:36:06,355 INFO Skipped non-substantive snapshot (no date/matchup pairs): timestamp=2025-05-17T10:30:00 source_url=https://ak-static.cms.nba.com/referee/injury/Injury-Report_2025-05-17_10AM.pdf
2026-08-16 02:36:06,369 INFO Skipped non-substantive snapshot (no date/matchup pairs): timestamp=2025-05-17T11:30:00 source_url=https://ak-static.cms.nba.com/referee/injury/Injury-Report_2025-05-17_11AM.pdf
2026-08-16 02:36:06,384 INFO Skipped non-substantive snapshot (no date/matchup pairs): timestamp=2025-05-17T00:30:00 source_url=https://ak-static.cms.nba.com/referee/injury/Injury-Report_2025-05-17_12AM.pdf
2026-08-16 02:36:06,389 INFO Skipped non-substantive snapshot (no date/matchup pairs): timestamp=2025-05-17T12:30:00 source_url=https://ak-static.cms.nba.com/referee/injury/Injury-Report_2025-05-17_12PM.pdf
2026-08-16 02:36:06,389 INFO Direct NBA day 208/363: 2025-05-17, 24 discovered -> 1 selected
2026-08-16 02:36:07,316 INFO NBA backfill checkpoint processed=1/1 parsed=1 missing=0 http_failed=0 invalid_pdf=0 parse_failed=0
2026-08-16 02:36:08,983 INFO Suppressed 18 entries from older reports for games superseded by newer snapshots on 2025-05-17
2026-08-16 02:37:01,798 INFO Direct NBA day 209/363: 2025-05-18, 24 discovered -> 1 selected
2026-08-16 02:37:02,637 INFO NBA backfill checkpoint processed=1/1 parsed=1 missing=0 http_failed=0 invalid_pdf=0 parse_failed=0
2026-08-16 02:37:04,430 INFO Suppressed 24 entries from older reports for games superseded by newer snapshots on 2025-05-18
2026-08-16 02:37:57,127 INFO Skipped non-substantive snapshot (no date/matchup pairs): timestamp=2025-05-19T01:30:00 source_url=https://ak-static.cms.nba.com/referee/injury/Injury-Report_2025-05-19_01AM.pdf
2026-08-16 02:37:57,136 INFO Skipped non-substantive snapshot (no date/matchup pairs): timestamp=2025-05-19T13:30:00 source_url=https://ak-static.cms.nba.com/referee/injury/Injury-Report_2025-05-19_01PM.pdf
2026-08-16 02:37:57,143 INFO Skipped non-substantive snapshot (no date/matchup pairs): timestamp=2025-05-19T02:30:00 source_url=https://ak-static.cms.nba.com/referee/injury/Injury-Report_2025-05-19_02AM.pdf
2026-08-16 02:37:57,150 INFO Skipped non-substantive snapshot (no date/matchup pairs): timestamp=2025-05-19T14:30:00 source_url=https://ak-static.cms.nba.com/referee/injury/Injury-Report_2025-05-19_02PM.pdf
2026-08-16 02:37:57,159 INFO Skipped non-substantive snapshot (no date/matchup pairs): timestamp=2025-05-19T03:30:00 source_url=https://ak-static.cms.nba.com/referee/injury/Injury-Report_2025-05-19_03AM.pdf
2026-08-16 02:37:57,165 INFO Skipped non-substantive snapshot (no date/matchup pairs): timestamp=2025-05-19T15:30:00 source_url=https://ak-static.cms.nba.com/referee/injury/Injury-Report_2025-05-19_03PM.pdf
2026-08-16 02:37:57,170 INFO Skipped non-substantive snapshot (no date/matchup pairs): timestamp=2025-05-19T04:30:00 source_url=https://ak-static.cms.nba.com/referee/injury/Injury-Report_2025-05-19_04AM.pdf
2026-08-16 02:37:57,176 INFO Skipped non-substantive snapshot (no date/matchup pairs): timestamp=2025-05-19T16:30:00 source_url=https://ak-static.cms.nba.com/referee/injury/Injury-Report_2025-05-19_04PM.pdf
2026-08-16 02:37:57,181 INFO Skipped non-substantive snapshot (no date/matchup pairs): timestamp=2025-05-19T05:30:00 source_url=https://ak-static.cms.nba.com/referee/injury/Injury-Report_2025-05-19_05AM.pdf
2026-08-16 02:37:57,187 INFO Skipped non-substantive snapshot (no date/matchup pairs): timestamp=2025-05-19T17:30:00 source_url=https://ak-static.cms.nba.com/referee/injury/Injury-Report_2025-05-19_05PM.pdf
2026-08-16 02:37:57,192 INFO Skipped non-substantive snapshot (no date/matchup pairs): timestamp=2025-05-19T06:30:00 source_url=https://ak-static.cms.nba.com/referee/injury/Injury-Report_2025-05-19_06AM.pdf
2026-08-16 02:37:57,201 INFO Skipped non-substantive snapshot (no date/matchup pairs): timestamp=2025-05-19T07:30:00 source_url=https://ak-static.cms.nba.com/referee/injury/Injury-Report_2025-05-19_07AM.pdf
2026-08-16 02:37:57,211 INFO Skipped non-substantive snapshot (no date/matchup pairs): timestamp=2025-05-19T08:30:00 source_url=https://ak-static.cms.nba.com/referee/injury/Injury-Report_2025-05-19_08AM.pdf
2026-08-16 02:37:57,220 INFO Skipped non-substantive snapshot (no date/matchup pairs): timestamp=2025-05-19T09:30:00 source_url=https://ak-static.cms.nba.com/referee/injury/Injury-Report_2025-05-19_09AM.pdf
2026-08-16 02:37:57,229 INFO Skipped non-substantive snapshot (no date/matchup pairs): timestamp=2025-05-19T10:30:00 source_url=https://ak-static.cms.nba.com/referee/injury/Injury-Report_2025-05-19_10AM.pdf
2026-08-16 02:37:57,239 INFO Skipped non-substantive snapshot (no date/matchup pairs): timestamp=2025-05-19T11:30:00 source_url=https://ak-static.cms.nba.com/referee/injury/Injury-Report_2025-05-19_11AM.pdf
2026-08-16 02:37:57,248 INFO Skipped non-substantive snapshot (no date/matchup pairs): timestamp=2025-05-19T00:30:00 source_url=https://ak-static.cms.nba.com/referee/injury/Injury-Report_2025-05-19_12AM.pdf
2026-08-16 02:37:57,253 INFO Skipped non-substantive snapshot (no date/matchup pairs): timestamp=2025-05-19T12:30:00 source_url=https://ak-static.cms.nba.com/referee/injury/Injury-Report_2025-05-19_12PM.pdf
2026-08-16 02:37:57,253 INFO Direct NBA day 210/363: 2025-05-19, 24 discovered -> 1 selected
2026-08-16 02:37:58,195 INFO NBA backfill checkpoint processed=1/1 parsed=1 missing=0 http_failed=0 invalid_pdf=0 parse_failed=0
2026-08-16 02:38:51,998 INFO Direct NBA day 211/363: 2025-05-20, 24 discovered -> 1 selected
2026-08-16 02:38:52,910 INFO NBA backfill checkpoint processed=1/1 parsed=1 missing=0 http_failed=0 invalid_pdf=0 parse_failed=0
2026-08-16 02:38:54,640 INFO Suppressed 13 entries from older reports for games superseded by newer snapshots on 2025-05-20
2026-08-16 02:39:47,170 INFO Direct NBA day 212/363: 2025-05-21, 24 discovered -> 1 selected
2026-08-16 02:39:48,082 INFO NBA backfill checkpoint processed=1/1 parsed=1 missing=0 http_failed=0 invalid_pdf=0 parse_failed=0
2026-08-16 02:39:49,602 INFO Suppressed 4 entries from older reports for games superseded by newer snapshots on 2025-05-21
2026-08-16 02:40:42,485 INFO Direct NBA day 213/363: 2025-05-22, 24 discovered -> 1 selected
2026-08-16 02:40:43,393 INFO NBA backfill checkpoint processed=1/1 parsed=1 missing=0 http_failed=0 invalid_pdf=0 parse_failed=0
2026-08-16 02:40:44,906 INFO Suppressed 3 entries from older reports for games superseded by newer snapshots on 2025-05-22
2026-08-16 02:41:37,687 INFO Direct NBA day 214/363: 2025-05-23, 24 discovered -> 1 selected
2026-08-16 02:41:38,595 INFO NBA backfill checkpoint processed=1/1 parsed=1 missing=0 http_failed=0 invalid_pdf=0 parse_failed=0
2026-08-16 02:41:40,114 INFO Suppressed 4 entries from older reports for games superseded by newer snapshots on 2025-05-23
2026-08-16 02:42:33,067 INFO Direct NBA day 215/363: 2025-05-24, 24 discovered -> 1 selected
2026-08-16 02:42:33,989 INFO NBA backfill checkpoint processed=1/1 parsed=1 missing=0 http_failed=0 invalid_pdf=0 parse_failed=0
2026-08-16 02:42:35,498 INFO Suppressed 4 entries from older reports for games superseded by newer snapshots on 2025-05-24
2026-08-16 02:43:28,393 INFO Direct NBA day 216/363: 2025-05-25, 24 discovered -> 1 selected
2026-08-16 02:43:29,430 INFO NBA backfill checkpoint processed=1/1 parsed=1 missing=0 http_failed=0 invalid_pdf=0 parse_failed=0
2026-08-16 02:43:30,933 INFO Suppressed 4 entries from older reports for games superseded by newer snapshots on 2025-05-25
2026-08-16 02:44:24,070 INFO Direct NBA day 217/363: 2025-05-26, 24 discovered -> 1 selected
2026-08-16 02:44:24,980 INFO NBA backfill checkpoint processed=1/1 parsed=1 missing=0 http_failed=0 invalid_pdf=0 parse_failed=0
2026-08-16 02:44:26,352 INFO Suppressed 4 entries from older reports for games superseded by newer snapshots on 2025-05-26
2026-08-16 02:45:19,401 INFO Direct NBA day 218/363: 2025-05-27, 24 discovered -> 1 selected
2026-08-16 02:45:20,306 INFO NBA backfill checkpoint processed=1/1 parsed=1 missing=0 http_failed=0 invalid_pdf=0 parse_failed=0
2026-08-16 02:45:22,009 INFO Suppressed 21 entries from older reports for games superseded by newer snapshots on 2025-05-27
2026-08-16 02:46:14,407 INFO Direct NBA day 219/363: 2025-05-28, 24 discovered -> 1 selected
2026-08-16 02:46:15,310 INFO NBA backfill checkpoint processed=1/1 parsed=1 missing=0 http_failed=0 invalid_pdf=0 parse_failed=0
2026-08-16 02:46:16,926 INFO Suppressed 17 entries from older reports for games superseded by newer snapshots on 2025-05-28
2026-08-16 02:47:09,515 INFO Direct NBA day 220/363: 2025-05-29, 24 discovered -> 1 selected
2026-08-16 02:47:10,410 INFO NBA backfill checkpoint processed=1/1 parsed=1 missing=0 http_failed=0 invalid_pdf=0 parse_failed=0
2026-08-16 02:47:11,883 INFO Suppressed 12 entries from older reports for games superseded by newer snapshots on 2025-05-29
2026-08-16 02:48:04,420 INFO Skipped non-substantive snapshot (no date/matchup pairs): timestamp=2025-05-30T01:30:00 source_url=https://ak-static.cms.nba.com/referee/injury/Injury-Report_2025-05-30_01AM.pdf
2026-08-16 02:48:04,429 INFO Skipped non-substantive snapshot (no date/matchup pairs): timestamp=2025-05-30T13:30:00 source_url=https://ak-static.cms.nba.com/referee/injury/Injury-Report_2025-05-30_01PM.pdf
2026-08-16 02:48:04,440 INFO Skipped non-substantive snapshot (no date/matchup pairs): timestamp=2025-05-30T02:30:00 source_url=https://ak-static.cms.nba.com/referee/injury/Injury-Report_2025-05-30_02AM.pdf
2026-08-16 02:48:04,446 INFO Skipped non-substantive snapshot (no date/matchup pairs): timestamp=2025-05-30T14:30:00 source_url=https://ak-static.cms.nba.com/referee/injury/Injury-Report_2025-05-30_02PM.pdf
2026-08-16 02:48:04,452 INFO Skipped non-substantive snapshot (no date/matchup pairs): timestamp=2025-05-30T03:30:00 source_url=https://ak-static.cms.nba.com/referee/injury/Injury-Report_2025-05-30_03AM.pdf
2026-08-16 02:48:04,459 INFO Skipped non-substantive snapshot (no date/matchup pairs): timestamp=2025-05-30T15:30:00 source_url=https://ak-static.cms.nba.com/referee/injury/Injury-Report_2025-05-30_03PM.pdf
2026-08-16 02:48:04,464 INFO Skipped non-substantive snapshot (no date/matchup pairs): timestamp=2025-05-30T04:30:00 source_url=https://ak-static.cms.nba.com/referee/injury/Injury-Report_2025-05-30_04AM.pdf
2026-08-16 02:48:04,469 INFO Skipped non-substantive snapshot (no date/matchup pairs): timestamp=2025-05-30T16:30:00 source_url=https://ak-static.cms.nba.com/referee/injury/Injury-Report_2025-05-30_04PM.pdf
2026-08-16 02:48:04,474 INFO Skipped non-substantive snapshot (no date/matchup pairs): timestamp=2025-05-30T05:30:00 source_url=https://ak-static.cms.nba.com/referee/injury/Injury-Report_2025-05-30_05AM.pdf
2026-08-16 02:48:04,485 INFO Skipped non-substantive snapshot (no date/matchup pairs): timestamp=2025-05-30T06:30:00 source_url=https://ak-static.cms.nba.com/referee/injury/Injury-Report_2025-05-30_06AM.pdf
2026-08-16 02:48:04,495 INFO Skipped non-substantive snapshot (no date/matchup pairs): timestamp=2025-05-30T07:30:00 source_url=https://ak-static.cms.nba.com/referee/injury/Injury-Report_2025-05-30_07AM.pdf
2026-08-16 02:48:04,506 INFO Skipped non-substantive snapshot (no date/matchup pairs): timestamp=2025-05-30T08:30:00 source_url=https://ak-static.cms.nba.com/referee/injury/Injury-Report_2025-05-30_08AM.pdf
2026-08-16 02:48:04,516 INFO Skipped non-substantive snapshot (no date/matchup pairs): timestamp=2025-05-30T09:30:00 source_url=https://ak-static.cms.nba.com/referee/injury/Injury-Report_2025-05-30_09AM.pdf
2026-08-16 02:48:04,526 INFO Skipped non-substantive snapshot (no date/matchup pairs): timestamp=2025-05-30T10:30:00 source_url=https://ak-static.cms.nba.com/referee/injury/Injury-Report_2025-05-30_10AM.pdf
2026-08-16 02:48:04,536 INFO Skipped non-substantive snapshot (no date/matchup pairs): timestamp=2025-05-30T11:30:00 source_url=https://ak-static.cms.nba.com/referee/injury/Injury-Report_2025-05-30_11AM.pdf
2026-08-16 02:48:04,547 INFO Skipped non-substantive snapshot (no date/matchup pairs): timestamp=2025-05-30T00:30:00 source_url=https://ak-static.cms.nba.com/referee/injury/Injury-Report_2025-05-30_12AM.pdf
2026-08-16 02:48:04,552 INFO Skipped non-substantive snapshot (no date/matchup pairs): timestamp=2025-05-30T12:30:00 source_url=https://ak-static.cms.nba.com/referee/injury/Injury-Report_2025-05-30_12PM.pdf
2026-08-16 02:48:04,552 INFO Direct NBA day 221/363: 2025-05-30, 24 discovered -> 1 selected
2026-08-16 02:48:05,498 INFO NBA backfill checkpoint processed=1/1 parsed=1 missing=0 http_failed=0 invalid_pdf=0 parse_failed=0
2026-08-16 02:48:06,898 INFO Suppressed 4 entries from older reports for games superseded by newer snapshots on 2025-05-30
2026-08-16 02:48:59,729 INFO Direct NBA day 222/363: 2025-05-31, 24 discovered -> 1 selected
2026-08-16 02:49:00,660 INFO NBA backfill checkpoint processed=1/1 parsed=1 missing=0 http_failed=0 invalid_pdf=0 parse_failed=0
2026-08-16 02:49:02,064 INFO Suppressed 6 entries from older reports for games superseded by newer snapshots on 2025-05-31
2026-08-16 02:49:27,792 INFO Direct NBA day 223/363: 2025-06-01, 0 discovered -> 0 selected
2026-08-16 02:49:53,213 INFO Direct NBA day 224/363: 2025-06-02, 0 discovered -> 0 selected
2026-08-16 02:50:18,947 INFO Direct NBA day 225/363: 2025-06-03, 0 discovered -> 0 selected
2026-08-16 02:51:11,190 INFO Skipped non-substantive snapshot (no date/matchup pairs): timestamp=2025-06-04T01:30:00 source_url=https://ak-static.cms.nba.com/referee/injury/Injury-Report_2025-06-04_01AM.pdf
2026-08-16 02:51:11,203 INFO Skipped non-substantive snapshot (no date/matchup pairs): timestamp=2025-06-04T13:30:00 source_url=https://ak-static.cms.nba.com/referee/injury/Injury-Report_2025-06-04_01PM.pdf
2026-08-16 02:51:11,210 INFO Skipped non-substantive snapshot (no date/matchup pairs): timestamp=2025-06-04T02:30:00 source_url=https://ak-static.cms.nba.com/referee/injury/Injury-Report_2025-06-04_02AM.pdf
2026-08-16 02:51:11,217 INFO Skipped non-substantive snapshot (no date/matchup pairs): timestamp=2025-06-04T14:30:00 source_url=https://ak-static.cms.nba.com/referee/injury/Injury-Report_2025-06-04_02PM.pdf
2026-08-16 02:51:11,223 INFO Skipped non-substantive snapshot (no date/matchup pairs): timestamp=2025-06-04T03:30:00 source_url=https://ak-static.cms.nba.com/referee/injury/Injury-Report_2025-06-04_03AM.pdf
2026-08-16 02:51:11,229 INFO Skipped non-substantive snapshot (no date/matchup pairs): timestamp=2025-06-04T15:30:00 source_url=https://ak-static.cms.nba.com/referee/injury/Injury-Report_2025-06-04_03PM.pdf
2026-08-16 02:51:11,235 INFO Skipped non-substantive snapshot (no date/matchup pairs): timestamp=2025-06-04T04:30:00 source_url=https://ak-static.cms.nba.com/referee/injury/Injury-Report_2025-06-04_04AM.pdf
2026-08-16 02:51:11,240 INFO Skipped non-substantive snapshot (no date/matchup pairs): timestamp=2025-06-04T16:30:00 source_url=https://ak-static.cms.nba.com/referee/injury/Injury-Report_2025-06-04_04PM.pdf
2026-08-16 02:51:11,246 INFO Skipped non-substantive snapshot (no date/matchup pairs): timestamp=2025-06-04T05:30:00 source_url=https://ak-static.cms.nba.com/referee/injury/Injury-Report_2025-06-04_05AM.pdf
2026-08-16 02:51:11,251 INFO Skipped non-substantive snapshot (no date/matchup pairs): timestamp=2025-06-04T17:30:00 source_url=https://ak-static.cms.nba.com/referee/injury/Injury-Report_2025-06-04_05PM.pdf
2026-08-16 02:51:11,256 INFO Skipped non-substantive snapshot (no date/matchup pairs): timestamp=2025-06-04T06:30:00 source_url=https://ak-static.cms.nba.com/referee/injury/Injury-Report_2025-06-04_06AM.pdf
2026-08-16 02:51:11,268 INFO Skipped non-substantive snapshot (no date/matchup pairs): timestamp=2025-06-04T07:30:00 source_url=https://ak-static.cms.nba.com/referee/injury/Injury-Report_2025-06-04_07AM.pdf
2026-08-16 02:51:11,280 INFO Skipped non-substantive snapshot (no date/matchup pairs): timestamp=2025-06-04T08:30:00 source_url=https://ak-static.cms.nba.com/referee/injury/Injury-Report_2025-06-04_08AM.pdf
2026-08-16 02:51:11,292 INFO Skipped non-substantive snapshot (no date/matchup pairs): timestamp=2025-06-04T09:30:00 source_url=https://ak-static.cms.nba.com/referee/injury/Injury-Report_2025-06-04_09AM.pdf
2026-08-16 02:51:11,305 INFO Skipped non-substantive snapshot (no date/matchup pairs): timestamp=2025-06-04T10:30:00 source_url=https://ak-static.cms.nba.com/referee/injury/Injury-Report_2025-06-04_10AM.pdf
2026-08-16 02:51:11,318 INFO Skipped non-substantive snapshot (no date/matchup pairs): timestamp=2025-06-04T11:30:00 source_url=https://ak-static.cms.nba.com/referee/injury/Injury-Report_2025-06-04_11AM.pdf
2026-08-16 02:51:11,330 INFO Skipped non-substantive snapshot (no date/matchup pairs): timestamp=2025-06-04T00:30:00 source_url=https://ak-static.cms.nba.com/referee/injury/Injury-Report_2025-06-04_12AM.pdf
2026-08-16 02:51:11,335 INFO Skipped non-substantive snapshot (no date/matchup pairs): timestamp=2025-06-04T12:30:00 source_url=https://ak-static.cms.nba.com/referee/injury/Injury-Report_2025-06-04_12PM.pdf
2026-08-16 02:51:11,335 INFO Direct NBA day 226/363: 2025-06-04, 24 discovered -> 1 selected
2026-08-16 02:51:12,269 INFO NBA backfill checkpoint processed=1/1 parsed=1 missing=0 http_failed=0 invalid_pdf=0 parse_failed=0
2026-08-16 02:51:13,573 INFO Suppressed 4 entries from older reports for games superseded by newer snapshots on 2025-06-04
2026-08-16 02:52:05,936 INFO Direct NBA day 227/363: 2025-06-05, 24 discovered -> 1 selected
2026-08-16 02:52:06,824 INFO NBA backfill checkpoint processed=1/1 parsed=1 missing=0 http_failed=0 invalid_pdf=0 parse_failed=0
2026-08-16 02:52:08,292 INFO Suppressed 4 entries from older reports for games superseded by newer snapshots on 2025-06-05
2026-08-16 02:52:34,335 INFO Direct NBA day 228/363: 2025-06-06, 0 discovered -> 0 selected
2026-08-16 02:53:26,754 INFO Skipped non-substantive snapshot (no date/matchup pairs): timestamp=2025-06-07T01:30:00 source_url=https://ak-static.cms.nba.com/referee/injury/Injury-Report_2025-06-07_01AM.pdf
2026-08-16 02:53:26,763 INFO Skipped non-substantive snapshot (no date/matchup pairs): timestamp=2025-06-07T13:30:00 source_url=https://ak-static.cms.nba.com/referee/injury/Injury-Report_2025-06-07_01PM.pdf
2026-08-16 02:53:26,771 INFO Skipped non-substantive snapshot (no date/matchup pairs): timestamp=2025-06-07T02:30:00 source_url=https://ak-static.cms.nba.com/referee/injury/Injury-Report_2025-06-07_02AM.pdf
2026-08-16 02:53:26,778 INFO Skipped non-substantive snapshot (no date/matchup pairs): timestamp=2025-06-07T14:30:00 source_url=https://ak-static.cms.nba.com/referee/injury/Injury-Report_2025-06-07_02PM.pdf
2026-08-16 02:53:26,785 INFO Skipped non-substantive snapshot (no date/matchup pairs): timestamp=2025-06-07T03:30:00 source_url=https://ak-static.cms.nba.com/referee/injury/Injury-Report_2025-06-07_03AM.pdf
2026-08-16 02:53:26,791 INFO Skipped non-substantive snapshot (no date/matchup pairs): timestamp=2025-06-07T15:30:00 source_url=https://ak-static.cms.nba.com/referee/injury/Injury-Report_2025-06-07_03PM.pdf
2026-08-16 02:53:26,797 INFO Skipped non-substantive snapshot (no date/matchup pairs): timestamp=2025-06-07T04:30:00 source_url=https://ak-static.cms.nba.com/referee/injury/Injury-Report_2025-06-07_04AM.pdf
2026-08-16 02:53:26,802 INFO Skipped non-substantive snapshot (no date/matchup pairs): timestamp=2025-06-07T16:30:00 source_url=https://ak-static.cms.nba.com/referee/injury/Injury-Report_2025-06-07_04PM.pdf
2026-08-16 02:53:26,808 INFO Skipped non-substantive snapshot (no date/matchup pairs): timestamp=2025-06-07T05:30:00 source_url=https://ak-static.cms.nba.com/referee/injury/Injury-Report_2025-06-07_05AM.pdf
2026-08-16 02:53:26,813 INFO Skipped non-substantive snapshot (no date/matchup pairs): timestamp=2025-06-07T17:30:00 source_url=https://ak-static.cms.nba.com/referee/injury/Injury-Report_2025-06-07_05PM.pdf
2026-08-16 02:53:26,818 INFO Skipped non-substantive snapshot (no date/matchup pairs): timestamp=2025-06-07T06:30:00 source_url=https://ak-static.cms.nba.com/referee/injury/Injury-Report_2025-06-07_06AM.pdf
2026-08-16 02:53:26,829 INFO Skipped non-substantive snapshot (no date/matchup pairs): timestamp=2025-06-07T07:30:00 source_url=https://ak-static.cms.nba.com/referee/injury/Injury-Report_2025-06-07_07AM.pdf
2026-08-16 02:53:26,842 INFO Skipped non-substantive snapshot (no date/matchup pairs): timestamp=2025-06-07T08:30:00 source_url=https://ak-static.cms.nba.com/referee/injury/Injury-Report_2025-06-07_08AM.pdf
2026-08-16 02:53:26,853 INFO Skipped non-substantive snapshot (no date/matchup pairs): timestamp=2025-06-07T09:30:00 source_url=https://ak-static.cms.nba.com/referee/injury/Injury-Report_2025-06-07_09AM.pdf
2026-08-16 02:53:26,864 INFO Skipped non-substantive snapshot (no date/matchup pairs): timestamp=2025-06-07T10:30:00 source_url=https://ak-static.cms.nba.com/referee/injury/Injury-Report_2025-06-07_10AM.pdf
2026-08-16 02:53:26,875 INFO Skipped non-substantive snapshot (no date/matchup pairs): timestamp=2025-06-07T11:30:00 source_url=https://ak-static.cms.nba.com/referee/injury/Injury-Report_2025-06-07_11AM.pdf
2026-08-16 02:53:26,887 INFO Skipped non-substantive snapshot (no date/matchup pairs): timestamp=2025-06-07T00:30:00 source_url=https://ak-static.cms.nba.com/referee/injury/Injury-Report_2025-06-07_12AM.pdf
2026-08-16 02:53:26,891 INFO Skipped non-substantive snapshot (no date/matchup pairs): timestamp=2025-06-07T12:30:00 source_url=https://ak-static.cms.nba.com/referee/injury/Injury-Report_2025-06-07_12PM.pdf
2026-08-16 02:53:26,891 INFO Direct NBA day 229/363: 2025-06-07, 24 discovered -> 1 selected
2026-08-16 02:53:27,827 INFO NBA backfill checkpoint processed=1/1 parsed=1 missing=0 http_failed=0 invalid_pdf=0 parse_failed=0
2026-08-16 02:54:21,556 INFO Direct NBA day 230/363: 2025-06-08, 24 discovered -> 1 selected
2026-08-16 02:54:22,475 INFO NBA backfill checkpoint processed=1/1 parsed=1 missing=0 http_failed=0 invalid_pdf=0 parse_failed=0
2026-08-16 02:54:24,050 INFO Suppressed 9 entries from older reports for games superseded by newer snapshots on 2025-06-08
2026-08-16 02:54:49,715 INFO Direct NBA day 231/363: 2025-06-09, 0 discovered -> 0 selected
2026-08-16 02:55:41,854 INFO Skipped non-substantive snapshot (no date/matchup pairs): timestamp=2025-06-10T01:30:00 source_url=https://ak-static.cms.nba.com/referee/injury/Injury-Report_2025-06-10_01AM.pdf
2026-08-16 02:55:41,862 INFO Skipped non-substantive snapshot (no date/matchup pairs): timestamp=2025-06-10T13:30:00 source_url=https://ak-static.cms.nba.com/referee/injury/Injury-Report_2025-06-10_01PM.pdf
2026-08-16 02:55:41,869 INFO Skipped non-substantive snapshot (no date/matchup pairs): timestamp=2025-06-10T02:30:00 source_url=https://ak-static.cms.nba.com/referee/injury/Injury-Report_2025-06-10_02AM.pdf
2026-08-16 02:55:41,876 INFO Skipped non-substantive snapshot (no date/matchup pairs): timestamp=2025-06-10T14:30:00 source_url=https://ak-static.cms.nba.com/referee/injury/Injury-Report_2025-06-10_02PM.pdf
2026-08-16 02:55:41,882 INFO Skipped non-substantive snapshot (no date/matchup pairs): timestamp=2025-06-10T03:30:00 source_url=https://ak-static.cms.nba.com/referee/injury/Injury-Report_2025-06-10_03AM.pdf
2026-08-16 02:55:41,888 INFO Skipped non-substantive snapshot (no date/matchup pairs): timestamp=2025-06-10T15:30:00 source_url=https://ak-static.cms.nba.com/referee/injury/Injury-Report_2025-06-10_03PM.pdf
2026-08-16 02:55:41,894 INFO Skipped non-substantive snapshot (no date/matchup pairs): timestamp=2025-06-10T04:30:00 source_url=https://ak-static.cms.nba.com/referee/injury/Injury-Report_2025-06-10_04AM.pdf
2026-08-16 02:55:41,899 INFO Skipped non-substantive snapshot (no date/matchup pairs): timestamp=2025-06-10T16:30:00 source_url=https://ak-static.cms.nba.com/referee/injury/Injury-Report_2025-06-10_04PM.pdf
2026-08-16 02:55:41,904 INFO Skipped non-substantive snapshot (no date/matchup pairs): timestamp=2025-06-10T05:30:00 source_url=https://ak-static.cms.nba.com/referee/injury/Injury-Report_2025-06-10_05AM.pdf
2026-08-16 02:55:41,916 INFO Skipped non-substantive snapshot (no date/matchup pairs): timestamp=2025-06-10T06:30:00 source_url=https://ak-static.cms.nba.com/referee/injury/Injury-Report_2025-06-10_06AM.pdf
2026-08-16 02:55:41,928 INFO Skipped non-substantive snapshot (no date/matchup pairs): timestamp=2025-06-10T07:30:00 source_url=https://ak-static.cms.nba.com/referee/injury/Injury-Report_2025-06-10_07AM.pdf
2026-08-16 02:55:41,939 INFO Skipped non-substantive snapshot (no date/matchup pairs): timestamp=2025-06-10T08:30:00 source_url=https://ak-static.cms.nba.com/referee/injury/Injury-Report_2025-06-10_08AM.pdf
2026-08-16 02:55:41,951 INFO Skipped non-substantive snapshot (no date/matchup pairs): timestamp=2025-06-10T09:30:00 source_url=https://ak-static.cms.nba.com/referee/injury/Injury-Report_2025-06-10_09AM.pdf
2026-08-16 02:55:41,962 INFO Skipped non-substantive snapshot (no date/matchup pairs): timestamp=2025-06-10T10:30:00 source_url=https://ak-static.cms.nba.com/referee/injury/Injury-Report_2025-06-10_10AM.pdf
2026-08-16 02:55:41,973 INFO Skipped non-substantive snapshot (no date/matchup pairs): timestamp=2025-06-10T11:30:00 source_url=https://ak-static.cms.nba.com/referee/injury/Injury-Report_2025-06-10_11AM.pdf
2026-08-16 02:55:41,984 INFO Skipped non-substantive snapshot (no date/matchup pairs): timestamp=2025-06-10T00:30:00 source_url=https://ak-static.cms.nba.com/referee/injury/Injury-Report_2025-06-10_12AM.pdf
2026-08-16 02:55:41,989 INFO Skipped non-substantive snapshot (no date/matchup pairs): timestamp=2025-06-10T12:30:00 source_url=https://ak-static.cms.nba.com/referee/injury/Injury-Report_2025-06-10_12PM.pdf
2026-08-16 02:55:41,989 INFO Direct NBA day 232/363: 2025-06-10, 24 discovered -> 1 selected
2026-08-16 02:55:42,913 INFO NBA backfill checkpoint processed=1/1 parsed=1 missing=0 http_failed=0 invalid_pdf=0 parse_failed=0
2026-08-16 02:55:45,025 INFO Suppressed 43 entries from older reports for games superseded by newer snapshots on 2025-06-10
2026-08-16 02:56:37,214 INFO Direct NBA day 233/363: 2025-06-11, 24 discovered -> 1 selected
2026-08-16 02:56:38,122 INFO NBA backfill checkpoint processed=1/1 parsed=1 missing=0 http_failed=0 invalid_pdf=0 parse_failed=0
2026-08-16 02:56:39,485 INFO Suppressed 6 entries from older reports for games superseded by newer snapshots on 2025-06-11
2026-08-16 02:57:31,672 INFO Skipped non-substantive snapshot (no date/matchup pairs): timestamp=2025-06-12T01:30:00 source_url=https://ak-static.cms.nba.com/referee/injury/Injury-Report_2025-06-12_01AM.pdf
2026-08-16 02:57:31,680 INFO Skipped non-substantive snapshot (no date/matchup pairs): timestamp=2025-06-12T13:30:00 source_url=https://ak-static.cms.nba.com/referee/injury/Injury-Report_2025-06-12_01PM.pdf
2026-08-16 02:57:31,688 INFO Skipped non-substantive snapshot (no date/matchup pairs): timestamp=2025-06-12T02:30:00 source_url=https://ak-static.cms.nba.com/referee/injury/Injury-Report_2025-06-12_02AM.pdf
2026-08-16 02:57:31,695 INFO Skipped non-substantive snapshot (no date/matchup pairs): timestamp=2025-06-12T14:30:00 source_url=https://ak-static.cms.nba.com/referee/injury/Injury-Report_2025-06-12_02PM.pdf
2026-08-16 02:57:31,704 INFO Skipped non-substantive snapshot (no date/matchup pairs): timestamp=2025-06-12T03:30:00 source_url=https://ak-static.cms.nba.com/referee/injury/Injury-Report_2025-06-12_03AM.pdf
2026-08-16 02:57:31,709 INFO Skipped non-substantive snapshot (no date/matchup pairs): timestamp=2025-06-12T15:30:00 source_url=https://ak-static.cms.nba.com/referee/injury/Injury-Report_2025-06-12_03PM.pdf
2026-08-16 02:57:31,715 INFO Skipped non-substantive snapshot (no date/matchup pairs): timestamp=2025-06-12T04:30:00 source_url=https://ak-static.cms.nba.com/referee/injury/Injury-Report_2025-06-12_04AM.pdf
2026-08-16 02:57:31,726 INFO Skipped non-substantive snapshot (no date/matchup pairs): timestamp=2025-06-12T05:30:00 source_url=https://ak-static.cms.nba.com/referee/injury/Injury-Report_2025-06-12_05AM.pdf
2026-08-16 02:57:31,738 INFO Skipped non-substantive snapshot (no date/matchup pairs): timestamp=2025-06-12T06:30:00 source_url=https://ak-static.cms.nba.com/referee/injury/Injury-Report_2025-06-12_06AM.pdf
2026-08-16 02:57:31,749 INFO Skipped non-substantive snapshot (no date/matchup pairs): timestamp=2025-06-12T07:30:00 source_url=https://ak-static.cms.nba.com/referee/injury/Injury-Report_2025-06-12_07AM.pdf
2026-08-16 02:57:31,760 INFO Skipped non-substantive snapshot (no date/matchup pairs): timestamp=2025-06-12T08:30:00 source_url=https://ak-static.cms.nba.com/referee/injury/Injury-Report_2025-06-12_08AM.pdf
2026-08-16 02:57:31,771 INFO Skipped non-substantive snapshot (no date/matchup pairs): timestamp=2025-06-12T09:30:00 source_url=https://ak-static.cms.nba.com/referee/injury/Injury-Report_2025-06-12_09AM.pdf
2026-08-16 02:57:31,782 INFO Skipped non-substantive snapshot (no date/matchup pairs): timestamp=2025-06-12T10:30:00 source_url=https://ak-static.cms.nba.com/referee/injury/Injury-Report_2025-06-12_10AM.pdf
2026-08-16 02:57:31,795 INFO Skipped non-substantive snapshot (no date/matchup pairs): timestamp=2025-06-12T11:30:00 source_url=https://ak-static.cms.nba.com/referee/injury/Injury-Report_2025-06-12_11AM.pdf
2026-08-16 02:57:31,807 INFO Skipped non-substantive snapshot (no date/matchup pairs): timestamp=2025-06-12T00:30:00 source_url=https://ak-static.cms.nba.com/referee/injury/Injury-Report_2025-06-12_12AM.pdf
2026-08-16 02:57:31,811 INFO Skipped non-substantive snapshot (no date/matchup pairs): timestamp=2025-06-12T12:30:00 source_url=https://ak-static.cms.nba.com/referee/injury/Injury-Report_2025-06-12_12PM.pdf
2026-08-16 02:57:31,811 INFO Direct NBA day 234/363: 2025-06-12, 24 discovered -> 1 selected
2026-08-16 02:57:32,749 INFO NBA backfill checkpoint processed=1/1 parsed=1 missing=0 http_failed=0 invalid_pdf=0 parse_failed=0
2026-08-16 02:57:34,063 INFO Suppressed 3 entries from older reports for games superseded by newer snapshots on 2025-06-12
2026-08-16 02:58:26,359 INFO Direct NBA day 235/363: 2025-06-13, 24 discovered -> 1 selected
2026-08-16 02:58:27,265 INFO NBA backfill checkpoint processed=1/1 parsed=1 missing=0 http_failed=0 invalid_pdf=0 parse_failed=0
2026-08-16 02:58:28,635 INFO Suppressed 6 entries from older reports for games superseded by newer snapshots on 2025-06-13
2026-08-16 02:58:54,476 INFO Direct NBA day 236/363: 2025-06-14, 0 discovered -> 0 selected
2026-08-16 02:59:47,100 INFO Skipped non-substantive snapshot (no date/matchup pairs): timestamp=2025-06-15T01:30:00 source_url=https://ak-static.cms.nba.com/referee/injury/Injury-Report_2025-06-15_01AM.pdf
2026-08-16 02:59:47,109 INFO Skipped non-substantive snapshot (no date/matchup pairs): timestamp=2025-06-15T13:30:00 source_url=https://ak-static.cms.nba.com/referee/injury/Injury-Report_2025-06-15_01PM.pdf
2026-08-16 02:59:47,117 INFO Skipped non-substantive snapshot (no date/matchup pairs): timestamp=2025-06-15T02:30:00 source_url=https://ak-static.cms.nba.com/referee/injury/Injury-Report_2025-06-15_02AM.pdf
2026-08-16 02:59:47,124 INFO Skipped non-substantive snapshot (no date/matchup pairs): timestamp=2025-06-15T14:30:00 source_url=https://ak-static.cms.nba.com/referee/injury/Injury-Report_2025-06-15_02PM.pdf
2026-08-16 02:59:47,130 INFO Skipped non-substantive snapshot (no date/matchup pairs): timestamp=2025-06-15T03:30:00 source_url=https://ak-static.cms.nba.com/referee/injury/Injury-Report_2025-06-15_03AM.pdf
2026-08-16 02:59:47,139 INFO Skipped non-substantive snapshot (no date/matchup pairs): timestamp=2025-06-15T15:30:00 source_url=https://ak-static.cms.nba.com/referee/injury/Injury-Report_2025-06-15_03PM.pdf
2026-08-16 02:59:47,145 INFO Skipped non-substantive snapshot (no date/matchup pairs): timestamp=2025-06-15T04:30:00 source_url=https://ak-static.cms.nba.com/referee/injury/Injury-Report_2025-06-15_04AM.pdf
2026-08-16 02:59:47,150 INFO Skipped non-substantive snapshot (no date/matchup pairs): timestamp=2025-06-15T16:30:00 source_url=https://ak-static.cms.nba.com/referee/injury/Injury-Report_2025-06-15_04PM.pdf
2026-08-16 02:59:47,156 INFO Skipped non-substantive snapshot (no date/matchup pairs): timestamp=2025-06-15T05:30:00 source_url=https://ak-static.cms.nba.com/referee/injury/Injury-Report_2025-06-15_05AM.pdf
2026-08-16 02:59:47,167 INFO Skipped non-substantive snapshot (no date/matchup pairs): timestamp=2025-06-15T06:30:00 source_url=https://ak-static.cms.nba.com/referee/injury/Injury-Report_2025-06-15_06AM.pdf
2026-08-16 02:59:47,178 INFO Skipped non-substantive snapshot (no date/matchup pairs): timestamp=2025-06-15T07:30:00 source_url=https://ak-static.cms.nba.com/referee/injury/Injury-Report_2025-06-15_07AM.pdf
2026-08-16 02:59:47,189 INFO Skipped non-substantive snapshot (no date/matchup pairs): timestamp=2025-06-15T08:30:00 source_url=https://ak-static.cms.nba.com/referee/injury/Injury-Report_2025-06-15_08AM.pdf
2026-08-16 02:59:47,200 INFO Skipped non-substantive snapshot (no date/matchup pairs): timestamp=2025-06-15T09:30:00 source_url=https://ak-static.cms.nba.com/referee/injury/Injury-Report_2025-06-15_09AM.pdf
2026-08-16 02:59:47,211 INFO Skipped non-substantive snapshot (no date/matchup pairs): timestamp=2025-06-15T10:30:00 source_url=https://ak-static.cms.nba.com/referee/injury/Injury-Report_2025-06-15_10AM.pdf
2026-08-16 02:59:47,224 INFO Skipped non-substantive snapshot (no date/matchup pairs): timestamp=2025-06-15T11:30:00 source_url=https://ak-static.cms.nba.com/referee/injury/Injury-Report_2025-06-15_11AM.pdf
2026-08-16 02:59:47,235 INFO Skipped non-substantive snapshot (no date/matchup pairs): timestamp=2025-06-15T00:30:00 source_url=https://ak-static.cms.nba.com/referee/injury/Injury-Report_2025-06-15_12AM.pdf
2026-08-16 02:59:47,240 INFO Skipped non-substantive snapshot (no date/matchup pairs): timestamp=2025-06-15T12:30:00 source_url=https://ak-static.cms.nba.com/referee/injury/Injury-Report_2025-06-15_12PM.pdf
2026-08-16 02:59:47,240 INFO Direct NBA day 237/363: 2025-06-15, 24 discovered -> 1 selected
2026-08-16 02:59:48,175 INFO NBA backfill checkpoint processed=1/1 parsed=1 missing=0 http_failed=0 invalid_pdf=0 parse_failed=0
2026-08-16 03:00:42,984 INFO Direct NBA day 238/363: 2025-06-16, 24 discovered -> 1 selected
2026-08-16 03:00:43,887 INFO NBA backfill checkpoint processed=1/1 parsed=1 missing=0 http_failed=0 invalid_pdf=0 parse_failed=0
2026-08-16 03:00:45,190 INFO Suppressed 3 entries from older reports for games superseded by newer snapshots on 2025-06-16
2026-08-16 03:01:10,929 INFO Direct NBA day 239/363: 2025-06-17, 0 discovered -> 0 selected
2026-08-16 03:02:02,979 INFO Skipped non-substantive snapshot (no date/matchup pairs): timestamp=2025-06-18T01:30:00 source_url=https://ak-static.cms.nba.com/referee/injury/Injury-Report_2025-06-18_01AM.pdf
2026-08-16 03:02:02,990 INFO Skipped non-substantive snapshot (no date/matchup pairs): timestamp=2025-06-18T13:30:00 source_url=https://ak-static.cms.nba.com/referee/injury/Injury-Report_2025-06-18_01PM.pdf
2026-08-16 03:02:02,997 INFO Skipped non-substantive snapshot (no date/matchup pairs): timestamp=2025-06-18T02:30:00 source_url=https://ak-static.cms.nba.com/referee/injury/Injury-Report_2025-06-18_02AM.pdf
2026-08-16 03:02:03,004 INFO Skipped non-substantive snapshot (no date/matchup pairs): timestamp=2025-06-18T14:30:00 source_url=https://ak-static.cms.nba.com/referee/injury/Injury-Report_2025-06-18_02PM.pdf
2026-08-16 03:02:03,010 INFO Skipped non-substantive snapshot (no date/matchup pairs): timestamp=2025-06-18T03:30:00 source_url=https://ak-static.cms.nba.com/referee/injury/Injury-Report_2025-06-18_03AM.pdf
2026-08-16 03:02:03,016 INFO Skipped non-substantive snapshot (no date/matchup pairs): timestamp=2025-06-18T15:30:00 source_url=https://ak-static.cms.nba.com/referee/injury/Injury-Report_2025-06-18_03PM.pdf
2026-08-16 03:02:03,022 INFO Skipped non-substantive snapshot (no date/matchup pairs): timestamp=2025-06-18T04:30:00 source_url=https://ak-static.cms.nba.com/referee/injury/Injury-Report_2025-06-18_04AM.pdf
2026-08-16 03:02:03,027 INFO Skipped non-substantive snapshot (no date/matchup pairs): timestamp=2025-06-18T16:30:00 source_url=https://ak-static.cms.nba.com/referee/injury/Injury-Report_2025-06-18_04PM.pdf
2026-08-16 03:02:03,032 INFO Skipped non-substantive snapshot (no date/matchup pairs): timestamp=2025-06-18T05:30:00 source_url=https://ak-static.cms.nba.com/referee/injury/Injury-Report_2025-06-18_05AM.pdf
2026-08-16 03:02:03,045 INFO Skipped non-substantive snapshot (no date/matchup pairs): timestamp=2025-06-18T06:30:00 source_url=https://ak-static.cms.nba.com/referee/injury/Injury-Report_2025-06-18_06AM.pdf
2026-08-16 03:02:03,057 INFO Skipped non-substantive snapshot (no date/matchup pairs): timestamp=2025-06-18T07:30:00 source_url=https://ak-static.cms.nba.com/referee/injury/Injury-Report_2025-06-18_07AM.pdf
2026-08-16 03:02:03,069 INFO Skipped non-substantive snapshot (no date/matchup pairs): timestamp=2025-06-18T08:30:00 source_url=https://ak-static.cms.nba.com/referee/injury/Injury-Report_2025-06-18_08AM.pdf
2026-08-16 03:02:03,083 INFO Skipped non-substantive snapshot (no date/matchup pairs): timestamp=2025-06-18T09:30:00 source_url=https://ak-static.cms.nba.com/referee/injury/Injury-Report_2025-06-18_09AM.pdf
2026-08-16 03:02:03,095 INFO Skipped non-substantive snapshot (no date/matchup pairs): timestamp=2025-06-18T10:30:00 source_url=https://ak-static.cms.nba.com/referee/injury/Injury-Report_2025-06-18_10AM.pdf
2026-08-16 03:02:03,107 INFO Skipped non-substantive snapshot (no date/matchup pairs): timestamp=2025-06-18T11:30:00 source_url=https://ak-static.cms.nba.com/referee/injury/Injury-Report_2025-06-18_11AM.pdf
2026-08-16 03:02:03,119 INFO Skipped non-substantive snapshot (no date/matchup pairs): timestamp=2025-06-18T00:30:00 source_url=https://ak-static.cms.nba.com/referee/injury/Injury-Report_2025-06-18_12AM.pdf
2026-08-16 03:02:03,124 INFO Skipped non-substantive snapshot (no date/matchup pairs): timestamp=2025-06-18T12:30:00 source_url=https://ak-static.cms.nba.com/referee/injury/Injury-Report_2025-06-18_12PM.pdf
2026-08-16 03:02:03,124 INFO Direct NBA day 240/363: 2025-06-18, 24 discovered -> 1 selected
2026-08-16 03:02:04,059 INFO NBA backfill checkpoint processed=1/1 parsed=1 missing=0 http_failed=0 invalid_pdf=0 parse_failed=0
2026-08-16 03:02:58,238 INFO Direct NBA day 241/363: 2025-06-19, 24 discovered -> 1 selected
2026-08-16 03:02:59,117 INFO NBA backfill checkpoint processed=1/1 parsed=1 missing=0 http_failed=0 invalid_pdf=0 parse_failed=0
2026-08-16 03:03:00,746 INFO Suppressed 12 entries from older reports for games superseded by newer snapshots on 2025-06-19
2026-08-16 03:03:26,653 INFO Direct NBA day 242/363: 2025-06-20, 0 discovered -> 0 selected
2026-08-16 03:04:18,964 INFO Skipped non-substantive snapshot (no date/matchup pairs): timestamp=2025-06-21T01:30:00 source_url=https://ak-static.cms.nba.com/referee/injury/Injury-Report_2025-06-21_01AM.pdf
2026-08-16 03:04:18,973 INFO Skipped non-substantive snapshot (no date/matchup pairs): timestamp=2025-06-21T13:30:00 source_url=https://ak-static.cms.nba.com/referee/injury/Injury-Report_2025-06-21_01PM.pdf
2026-08-16 03:04:18,984 INFO Skipped non-substantive snapshot (no date/matchup pairs): timestamp=2025-06-21T02:30:00 source_url=https://ak-static.cms.nba.com/referee/injury/Injury-Report_2025-06-21_02AM.pdf
2026-08-16 03:04:18,991 INFO Skipped non-substantive snapshot (no date/matchup pairs): timestamp=2025-06-21T14:30:00 source_url=https://ak-static.cms.nba.com/referee/injury/Injury-Report_2025-06-21_02PM.pdf
2026-08-16 03:04:18,997 INFO Skipped non-substantive snapshot (no date/matchup pairs): timestamp=2025-06-21T03:30:00 source_url=https://ak-static.cms.nba.com/referee/injury/Injury-Report_2025-06-21_03AM.pdf
2026-08-16 03:04:19,003 INFO Skipped non-substantive snapshot (no date/matchup pairs): timestamp=2025-06-21T15:30:00 source_url=https://ak-static.cms.nba.com/referee/injury/Injury-Report_2025-06-21_03PM.pdf
2026-08-16 03:04:19,009 INFO Skipped non-substantive snapshot (no date/matchup pairs): timestamp=2025-06-21T04:30:00 source_url=https://ak-static.cms.nba.com/referee/injury/Injury-Report_2025-06-21_04AM.pdf
2026-08-16 03:04:19,014 INFO Skipped non-substantive snapshot (no date/matchup pairs): timestamp=2025-06-21T16:30:00 source_url=https://ak-static.cms.nba.com/referee/injury/Injury-Report_2025-06-21_04PM.pdf
2026-08-16 03:04:19,020 INFO Skipped non-substantive snapshot (no date/matchup pairs): timestamp=2025-06-21T05:30:00 source_url=https://ak-static.cms.nba.com/referee/injury/Injury-Report_2025-06-21_05AM.pdf
2026-08-16 03:04:19,032 INFO Skipped non-substantive snapshot (no date/matchup pairs): timestamp=2025-06-21T06:30:00 source_url=https://ak-static.cms.nba.com/referee/injury/Injury-Report_2025-06-21_06AM.pdf
2026-08-16 03:04:19,044 INFO Skipped non-substantive snapshot (no date/matchup pairs): timestamp=2025-06-21T07:30:00 source_url=https://ak-static.cms.nba.com/referee/injury/Injury-Report_2025-06-21_07AM.pdf
2026-08-16 03:04:19,056 INFO Skipped non-substantive snapshot (no date/matchup pairs): timestamp=2025-06-21T08:30:00 source_url=https://ak-static.cms.nba.com/referee/injury/Injury-Report_2025-06-21_08AM.pdf
2026-08-16 03:04:19,068 INFO Skipped non-substantive snapshot (no date/matchup pairs): timestamp=2025-06-21T09:30:00 source_url=https://ak-static.cms.nba.com/referee/injury/Injury-Report_2025-06-21_09AM.pdf
2026-08-16 03:04:19,081 INFO Skipped non-substantive snapshot (no date/matchup pairs): timestamp=2025-06-21T10:30:00 source_url=https://ak-static.cms.nba.com/referee/injury/Injury-Report_2025-06-21_10AM.pdf
2026-08-16 03:04:19,093 INFO Skipped non-substantive snapshot (no date/matchup pairs): timestamp=2025-06-21T11:30:00 source_url=https://ak-static.cms.nba.com/referee/injury/Injury-Report_2025-06-21_11AM.pdf
2026-08-16 03:04:19,105 INFO Skipped non-substantive snapshot (no date/matchup pairs): timestamp=2025-06-21T00:30:00 source_url=https://ak-static.cms.nba.com/referee/injury/Injury-Report_2025-06-21_12AM.pdf
2026-08-16 03:04:19,110 INFO Skipped non-substantive snapshot (no date/matchup pairs): timestamp=2025-06-21T12:30:00 source_url=https://ak-static.cms.nba.com/referee/injury/Injury-Report_2025-06-21_12PM.pdf
2026-08-16 03:04:19,110 INFO Direct NBA day 243/363: 2025-06-21, 24 discovered -> 1 selected
2026-08-16 03:04:20,038 INFO NBA backfill checkpoint processed=1/1 parsed=1 missing=0 http_failed=0 invalid_pdf=0 parse_failed=0
2026-08-16 03:04:21,405 INFO Suppressed 8 entries from older reports for games superseded by newer snapshots on 2025-06-21
2026-08-16 03:05:13,890 INFO Direct NBA day 244/363: 2025-06-22, 24 discovered -> 1 selected
2026-08-16 03:05:14,779 INFO NBA backfill checkpoint processed=1/1 parsed=1 missing=0 http_failed=0 invalid_pdf=0 parse_failed=0
2026-08-16 03:05:16,314 INFO Suppressed 16 entries from older reports for games superseded by newer snapshots on 2025-06-22
2026-08-16 03:05:41,859 INFO Direct NBA day 245/363: 2025-06-23, 0 discovered -> 0 selected
2026-08-16 03:06:07,344 INFO Direct NBA day 246/363: 2025-06-24, 0 discovered -> 0 selected
2026-08-16 03:06:33,120 INFO Direct NBA day 247/363: 2025-06-25, 0 discovered -> 0 selected
2026-08-16 03:06:59,188 INFO Direct NBA day 248/363: 2025-06-26, 0 discovered -> 0 selected
2026-08-16 03:07:24,593 INFO Direct NBA day 249/363: 2025-06-27, 0 discovered -> 0 selected
2026-08-16 03:07:50,154 INFO Direct NBA day 250/363: 2025-06-28, 0 discovered -> 0 selected
2026-08-16 03:08:15,615 INFO Direct NBA day 251/363: 2025-06-29, 0 discovered -> 0 selected
2026-08-16 03:08:41,426 INFO Direct NBA day 252/363: 2025-06-30, 0 discovered -> 0 selected
2026-08-16 03:09:07,048 INFO Direct NBA day 253/363: 2025-07-01, 0 discovered -> 0 selected
2026-08-16 03:09:32,598 INFO Direct NBA day 254/363: 2025-07-02, 0 discovered -> 0 selected
2026-08-16 03:09:58,194 INFO Direct NBA day 255/363: 2025-07-03, 0 discovered -> 0 selected
2026-08-16 03:10:47,922 INFO Skipped non-substantive snapshot (no date/matchup pairs): timestamp=2025-07-04T01:30:00 source_url=https://ak-static.cms.nba.com/referee/injury/Injury-Report_2025-07-04_01AM.pdf
2026-08-16 03:10:47,933 INFO Skipped non-substantive snapshot (no date/matchup pairs): timestamp=2025-07-04T13:30:00 source_url=https://ak-static.cms.nba.com/referee/injury/Injury-Report_2025-07-04_01PM.pdf
2026-08-16 03:10:47,941 INFO Skipped non-substantive snapshot (no date/matchup pairs): timestamp=2025-07-04T02:30:00 source_url=https://ak-static.cms.nba.com/referee/injury/Injury-Report_2025-07-04_02AM.pdf
2026-08-16 03:10:47,950 INFO Skipped non-substantive snapshot (no date/matchup pairs): timestamp=2025-07-04T14:30:00 source_url=https://ak-static.cms.nba.com/referee/injury/Injury-Report_2025-07-04_02PM.pdf
2026-08-16 03:10:47,957 INFO Skipped non-substantive snapshot (no date/matchup pairs): timestamp=2025-07-04T03:30:00 source_url=https://ak-static.cms.nba.com/referee/injury/Injury-Report_2025-07-04_03AM.pdf
2026-08-16 03:10:47,965 INFO Skipped non-substantive snapshot (no date/matchup pairs): timestamp=2025-07-04T15:30:00 source_url=https://ak-static.cms.nba.com/referee/injury/Injury-Report_2025-07-04_03PM.pdf
2026-08-16 03:10:47,972 INFO Skipped non-substantive snapshot (no date/matchup pairs): timestamp=2025-07-04T04:30:00 source_url=https://ak-static.cms.nba.com/referee/injury/Injury-Report_2025-07-04_04AM.pdf
2026-08-16 03:10:47,980 INFO Skipped non-substantive snapshot (no date/matchup pairs): timestamp=2025-07-04T16:30:00 source_url=https://ak-static.cms.nba.com/referee/injury/Injury-Report_2025-07-04_04PM.pdf
2026-08-16 03:10:47,987 INFO Skipped non-substantive snapshot (no date/matchup pairs): timestamp=2025-07-04T05:30:00 source_url=https://ak-static.cms.nba.com/referee/injury/Injury-Report_2025-07-04_05AM.pdf
2026-08-16 03:10:47,993 INFO Skipped non-substantive snapshot (no date/matchup pairs): timestamp=2025-07-04T17:30:00 source_url=https://ak-static.cms.nba.com/referee/injury/Injury-Report_2025-07-04_05PM.pdf
2026-08-16 03:10:47,999 INFO Skipped non-substantive snapshot (no date/matchup pairs): timestamp=2025-07-04T06:30:00 source_url=https://ak-static.cms.nba.com/referee/injury/Injury-Report_2025-07-04_06AM.pdf
2026-08-16 03:10:48,005 INFO Skipped non-substantive snapshot (no date/matchup pairs): timestamp=2025-07-04T18:30:00 source_url=https://ak-static.cms.nba.com/referee/injury/Injury-Report_2025-07-04_06PM.pdf
2026-08-16 03:10:48,012 INFO Skipped non-substantive snapshot (no date/matchup pairs): timestamp=2025-07-04T07:30:00 source_url=https://ak-static.cms.nba.com/referee/injury/Injury-Report_2025-07-04_07AM.pdf
2026-08-16 03:10:48,018 INFO Skipped non-substantive snapshot (no date/matchup pairs): timestamp=2025-07-04T19:30:00 source_url=https://ak-static.cms.nba.com/referee/injury/Injury-Report_2025-07-04_07PM.pdf
2026-08-16 03:10:48,024 INFO Skipped non-substantive snapshot (no date/matchup pairs): timestamp=2025-07-04T08:30:00 source_url=https://ak-static.cms.nba.com/referee/injury/Injury-Report_2025-07-04_08AM.pdf
2026-08-16 03:10:48,030 INFO Skipped non-substantive snapshot (no date/matchup pairs): timestamp=2025-07-04T20:30:00 source_url=https://ak-static.cms.nba.com/referee/injury/Injury-Report_2025-07-04_08PM.pdf
2026-08-16 03:10:48,036 INFO Skipped non-substantive snapshot (no date/matchup pairs): timestamp=2025-07-04T09:30:00 source_url=https://ak-static.cms.nba.com/referee/injury/Injury-Report_2025-07-04_09AM.pdf
2026-08-16 03:10:48,043 INFO Skipped non-substantive snapshot (no date/matchup pairs): timestamp=2025-07-04T21:30:00 source_url=https://ak-static.cms.nba.com/referee/injury/Injury-Report_2025-07-04_09PM.pdf
2026-08-16 03:10:48,049 INFO Skipped non-substantive snapshot (no date/matchup pairs): timestamp=2025-07-04T10:30:00 source_url=https://ak-static.cms.nba.com/referee/injury/Injury-Report_2025-07-04_10AM.pdf
2026-08-16 03:10:48,057 INFO Skipped non-substantive snapshot (no date/matchup pairs): timestamp=2025-07-04T22:30:00 source_url=https://ak-static.cms.nba.com/referee/injury/Injury-Report_2025-07-04_10PM.pdf
2026-08-16 03:10:48,063 INFO Skipped non-substantive snapshot (no date/matchup pairs): timestamp=2025-07-04T11:30:00 source_url=https://ak-static.cms.nba.com/referee/injury/Injury-Report_2025-07-04_11AM.pdf
2026-08-16 03:10:48,069 INFO Skipped non-substantive snapshot (no date/matchup pairs): timestamp=2025-07-04T23:30:00 source_url=https://ak-static.cms.nba.com/referee/injury/Injury-Report_2025-07-04_11PM.pdf
2026-08-16 03:10:48,075 INFO Skipped non-substantive snapshot (no date/matchup pairs): timestamp=2025-07-04T00:30:00 source_url=https://ak-static.cms.nba.com/referee/injury/Injury-Report_2025-07-04_12AM.pdf
2026-08-16 03:10:48,082 INFO Skipped non-substantive snapshot (no date/matchup pairs): timestamp=2025-07-04T12:30:00 source_url=https://ak-static.cms.nba.com/referee/injury/Injury-Report_2025-07-04_12PM.pdf
2026-08-16 03:10:48,082 INFO Direct NBA day 256/363: 2025-07-04, 24 discovered -> 0 selected
2026-08-16 03:11:36,732 INFO Skipped non-substantive snapshot (no date/matchup pairs): timestamp=2025-07-05T01:30:00 source_url=https://ak-static.cms.nba.com/referee/injury/Injury-Report_2025-07-05_01AM.pdf
2026-08-16 03:11:36,742 INFO Skipped non-substantive snapshot (no date/matchup pairs): timestamp=2025-07-05T13:30:00 source_url=https://ak-static.cms.nba.com/referee/injury/Injury-Report_2025-07-05_01PM.pdf
2026-08-16 03:11:36,751 INFO Skipped non-substantive snapshot (no date/matchup pairs): timestamp=2025-07-05T02:30:00 source_url=https://ak-static.cms.nba.com/referee/injury/Injury-Report_2025-07-05_02AM.pdf
2026-08-16 03:11:36,759 INFO Skipped non-substantive snapshot (no date/matchup pairs): timestamp=2025-07-05T14:30:00 source_url=https://ak-static.cms.nba.com/referee/injury/Injury-Report_2025-07-05_02PM.pdf
2026-08-16 03:11:36,767 INFO Skipped non-substantive snapshot (no date/matchup pairs): timestamp=2025-07-05T03:30:00 source_url=https://ak-static.cms.nba.com/referee/injury/Injury-Report_2025-07-05_03AM.pdf
2026-08-16 03:11:36,777 INFO Skipped non-substantive snapshot (no date/matchup pairs): timestamp=2025-07-05T15:30:00 source_url=https://ak-static.cms.nba.com/referee/injury/Injury-Report_2025-07-05_03PM.pdf
2026-08-16 03:11:36,784 INFO Skipped non-substantive snapshot (no date/matchup pairs): timestamp=2025-07-05T04:30:00 source_url=https://ak-static.cms.nba.com/referee/injury/Injury-Report_2025-07-05_04AM.pdf
2026-08-16 03:11:36,791 INFO Skipped non-substantive snapshot (no date/matchup pairs): timestamp=2025-07-05T16:30:00 source_url=https://ak-static.cms.nba.com/referee/injury/Injury-Report_2025-07-05_04PM.pdf
2026-08-16 03:11:36,797 INFO Skipped non-substantive snapshot (no date/matchup pairs): timestamp=2025-07-05T05:30:00 source_url=https://ak-static.cms.nba.com/referee/injury/Injury-Report_2025-07-05_05AM.pdf
2026-08-16 03:11:36,803 INFO Skipped non-substantive snapshot (no date/matchup pairs): timestamp=2025-07-05T17:30:00 source_url=https://ak-static.cms.nba.com/referee/injury/Injury-Report_2025-07-05_05PM.pdf
2026-08-16 03:11:36,810 INFO Skipped non-substantive snapshot (no date/matchup pairs): timestamp=2025-07-05T06:30:00 source_url=https://ak-static.cms.nba.com/referee/injury/Injury-Report_2025-07-05_06AM.pdf
2026-08-16 03:11:36,816 INFO Skipped non-substantive snapshot (no date/matchup pairs): timestamp=2025-07-05T18:30:00 source_url=https://ak-static.cms.nba.com/referee/injury/Injury-Report_2025-07-05_06PM.pdf
2026-08-16 03:11:36,822 INFO Skipped non-substantive snapshot (no date/matchup pairs): timestamp=2025-07-05T07:30:00 source_url=https://ak-static.cms.nba.com/referee/injury/Injury-Report_2025-07-05_07AM.pdf
2026-08-16 03:11:36,828 INFO Skipped non-substantive snapshot (no date/matchup pairs): timestamp=2025-07-05T19:30:00 source_url=https://ak-static.cms.nba.com/referee/injury/Injury-Report_2025-07-05_07PM.pdf
2026-08-16 03:11:36,834 INFO Skipped non-substantive snapshot (no date/matchup pairs): timestamp=2025-07-05T08:30:00 source_url=https://ak-static.cms.nba.com/referee/injury/Injury-Report_2025-07-05_08AM.pdf
2026-08-16 03:11:36,840 INFO Skipped non-substantive snapshot (no date/matchup pairs): timestamp=2025-07-05T20:30:00 source_url=https://ak-static.cms.nba.com/referee/injury/Injury-Report_2025-07-05_08PM.pdf
2026-08-16 03:11:36,847 INFO Skipped non-substantive snapshot (no date/matchup pairs): timestamp=2025-07-05T09:30:00 source_url=https://ak-static.cms.nba.com/referee/injury/Injury-Report_2025-07-05_09AM.pdf
2026-08-16 03:11:36,855 INFO Skipped non-substantive snapshot (no date/matchup pairs): timestamp=2025-07-05T21:30:00 source_url=https://ak-static.cms.nba.com/referee/injury/Injury-Report_2025-07-05_09PM.pdf
2026-08-16 03:11:36,861 INFO Skipped non-substantive snapshot (no date/matchup pairs): timestamp=2025-07-05T10:30:00 source_url=https://ak-static.cms.nba.com/referee/injury/Injury-Report_2025-07-05_10AM.pdf
2026-08-16 03:11:36,867 INFO Skipped non-substantive snapshot (no date/matchup pairs): timestamp=2025-07-05T22:30:00 source_url=https://ak-static.cms.nba.com/referee/injury/Injury-Report_2025-07-05_10PM.pdf
2026-08-16 03:11:36,873 INFO Skipped non-substantive snapshot (no date/matchup pairs): timestamp=2025-07-05T11:30:00 source_url=https://ak-static.cms.nba.com/referee/injury/Injury-Report_2025-07-05_11AM.pdf
2026-08-16 03:11:36,880 INFO Skipped non-substantive snapshot (no date/matchup pairs): timestamp=2025-07-05T23:30:00 source_url=https://ak-static.cms.nba.com/referee/injury/Injury-Report_2025-07-05_11PM.pdf
2026-08-16 03:11:36,886 INFO Skipped non-substantive snapshot (no date/matchup pairs): timestamp=2025-07-05T00:30:00 source_url=https://ak-static.cms.nba.com/referee/injury/Injury-Report_2025-07-05_12AM.pdf
2026-08-16 03:11:36,892 INFO Skipped non-substantive snapshot (no date/matchup pairs): timestamp=2025-07-05T12:30:00 source_url=https://ak-static.cms.nba.com/referee/injury/Injury-Report_2025-07-05_12PM.pdf
2026-08-16 03:11:36,892 INFO Direct NBA day 257/363: 2025-07-05, 24 discovered -> 0 selected
2026-08-16 03:12:25,523 INFO Skipped non-substantive snapshot (no date/matchup pairs): timestamp=2025-07-06T01:30:00 source_url=https://ak-static.cms.nba.com/referee/injury/Injury-Report_2025-07-06_01AM.pdf
2026-08-16 03:12:25,533 INFO Skipped non-substantive snapshot (no date/matchup pairs): timestamp=2025-07-06T13:30:00 source_url=https://ak-static.cms.nba.com/referee/injury/Injury-Report_2025-07-06_01PM.pdf
2026-08-16 03:12:25,542 INFO Skipped non-substantive snapshot (no date/matchup pairs): timestamp=2025-07-06T02:30:00 source_url=https://ak-static.cms.nba.com/referee/injury/Injury-Report_2025-07-06_02AM.pdf
2026-08-16 03:12:25,550 INFO Skipped non-substantive snapshot (no date/matchup pairs): timestamp=2025-07-06T14:30:00 source_url=https://ak-static.cms.nba.com/referee/injury/Injury-Report_2025-07-06_02PM.pdf
2026-08-16 03:12:25,558 INFO Skipped non-substantive snapshot (no date/matchup pairs): timestamp=2025-07-06T03:30:00 source_url=https://ak-static.cms.nba.com/referee/injury/Injury-Report_2025-07-06_03AM.pdf
2026-08-16 03:12:25,568 INFO Skipped non-substantive snapshot (no date/matchup pairs): timestamp=2025-07-06T15:30:00 source_url=https://ak-static.cms.nba.com/referee/injury/Injury-Report_2025-07-06_03PM.pdf
2026-08-16 03:12:25,574 INFO Skipped non-substantive snapshot (no date/matchup pairs): timestamp=2025-07-06T04:30:00 source_url=https://ak-static.cms.nba.com/referee/injury/Injury-Report_2025-07-06_04AM.pdf
2026-08-16 03:12:25,581 INFO Skipped non-substantive snapshot (no date/matchup pairs): timestamp=2025-07-06T16:30:00 source_url=https://ak-static.cms.nba.com/referee/injury/Injury-Report_2025-07-06_04PM.pdf
2026-08-16 03:12:25,587 INFO Skipped non-substantive snapshot (no date/matchup pairs): timestamp=2025-07-06T05:30:00 source_url=https://ak-static.cms.nba.com/referee/injury/Injury-Report_2025-07-06_05AM.pdf
2026-08-16 03:12:25,594 INFO Skipped non-substantive snapshot (no date/matchup pairs): timestamp=2025-07-06T17:30:00 source_url=https://ak-static.cms.nba.com/referee/injury/Injury-Report_2025-07-06_05PM.pdf
2026-08-16 03:12:25,600 INFO Skipped non-substantive snapshot (no date/matchup pairs): timestamp=2025-07-06T06:30:00 source_url=https://ak-static.cms.nba.com/referee/injury/Injury-Report_2025-07-06_06AM.pdf
2026-08-16 03:12:25,606 INFO Skipped non-substantive snapshot (no date/matchup pairs): timestamp=2025-07-06T18:30:00 source_url=https://ak-static.cms.nba.com/referee/injury/Injury-Report_2025-07-06_06PM.pdf
2026-08-16 03:12:25,612 INFO Skipped non-substantive snapshot (no date/matchup pairs): timestamp=2025-07-06T07:30:00 source_url=https://ak-static.cms.nba.com/referee/injury/Injury-Report_2025-07-06_07AM.pdf
2026-08-16 03:12:25,618 INFO Skipped non-substantive snapshot (no date/matchup pairs): timestamp=2025-07-06T19:30:00 source_url=https://ak-static.cms.nba.com/referee/injury/Injury-Report_2025-07-06_07PM.pdf
2026-08-16 03:12:25,625 INFO Skipped non-substantive snapshot (no date/matchup pairs): timestamp=2025-07-06T08:30:00 source_url=https://ak-static.cms.nba.com/referee/injury/Injury-Report_2025-07-06_08AM.pdf
2026-08-16 03:12:25,631 INFO Skipped non-substantive snapshot (no date/matchup pairs): timestamp=2025-07-06T20:30:00 source_url=https://ak-static.cms.nba.com/referee/injury/Injury-Report_2025-07-06_08PM.pdf
2026-08-16 03:12:25,637 INFO Skipped non-substantive snapshot (no date/matchup pairs): timestamp=2025-07-06T09:30:00 source_url=https://ak-static.cms.nba.com/referee/injury/Injury-Report_2025-07-06_09AM.pdf
2026-08-16 03:12:25,645 INFO Skipped non-substantive snapshot (no date/matchup pairs): timestamp=2025-07-06T21:30:00 source_url=https://ak-static.cms.nba.com/referee/injury/Injury-Report_2025-07-06_09PM.pdf
2026-08-16 03:12:25,651 INFO Skipped non-substantive snapshot (no date/matchup pairs): timestamp=2025-07-06T10:30:00 source_url=https://ak-static.cms.nba.com/referee/injury/Injury-Report_2025-07-06_10AM.pdf
2026-08-16 03:12:25,658 INFO Skipped non-substantive snapshot (no date/matchup pairs): timestamp=2025-07-06T22:30:00 source_url=https://ak-static.cms.nba.com/referee/injury/Injury-Report_2025-07-06_10PM.pdf
2026-08-16 03:12:25,664 INFO Skipped non-substantive snapshot (no date/matchup pairs): timestamp=2025-07-06T11:30:00 source_url=https://ak-static.cms.nba.com/referee/injury/Injury-Report_2025-07-06_11AM.pdf
2026-08-16 03:12:25,670 INFO Skipped non-substantive snapshot (no date/matchup pairs): timestamp=2025-07-06T23:30:00 source_url=https://ak-static.cms.nba.com/referee/injury/Injury-Report_2025-07-06_11PM.pdf
2026-08-16 03:12:25,676 INFO Skipped non-substantive snapshot (no date/matchup pairs): timestamp=2025-07-06T00:30:00 source_url=https://ak-static.cms.nba.com/referee/injury/Injury-Report_2025-07-06_12AM.pdf
2026-08-16 03:12:25,682 INFO Skipped non-substantive snapshot (no date/matchup pairs): timestamp=2025-07-06T12:30:00 source_url=https://ak-static.cms.nba.com/referee/injury/Injury-Report_2025-07-06_12PM.pdf
2026-08-16 03:12:25,682 INFO Direct NBA day 258/363: 2025-07-06, 24 discovered -> 0 selected
2026-08-16 03:13:15,856 INFO Skipped non-substantive snapshot (no date/matchup pairs): timestamp=2025-07-07T01:30:00 source_url=https://ak-static.cms.nba.com/referee/injury/Injury-Report_2025-07-07_01AM.pdf
2026-08-16 03:13:15,868 INFO Skipped non-substantive snapshot (no date/matchup pairs): timestamp=2025-07-07T13:30:00 source_url=https://ak-static.cms.nba.com/referee/injury/Injury-Report_2025-07-07_01PM.pdf
2026-08-16 03:13:15,879 INFO Skipped non-substantive snapshot (no date/matchup pairs): timestamp=2025-07-07T02:30:00 source_url=https://ak-static.cms.nba.com/referee/injury/Injury-Report_2025-07-07_02AM.pdf
2026-08-16 03:13:15,890 INFO Skipped non-substantive snapshot (no date/matchup pairs): timestamp=2025-07-07T14:30:00 source_url=https://ak-static.cms.nba.com/referee/injury/Injury-Report_2025-07-07_02PM.pdf
2026-08-16 03:13:15,902 INFO Skipped non-substantive snapshot (no date/matchup pairs): timestamp=2025-07-07T03:30:00 source_url=https://ak-static.cms.nba.com/referee/injury/Injury-Report_2025-07-07_03AM.pdf
2026-08-16 03:13:15,911 INFO Skipped non-substantive snapshot (no date/matchup pairs): timestamp=2025-07-07T15:30:00 source_url=https://ak-static.cms.nba.com/referee/injury/Injury-Report_2025-07-07_03PM.pdf
2026-08-16 03:13:15,920 INFO Skipped non-substantive snapshot (no date/matchup pairs): timestamp=2025-07-07T04:30:00 source_url=https://ak-static.cms.nba.com/referee/injury/Injury-Report_2025-07-07_04AM.pdf
2026-08-16 03:13:15,930 INFO Skipped non-substantive snapshot (no date/matchup pairs): timestamp=2025-07-07T16:30:00 source_url=https://ak-static.cms.nba.com/referee/injury/Injury-Report_2025-07-07_04PM.pdf
2026-08-16 03:13:15,939 INFO Skipped non-substantive snapshot (no date/matchup pairs): timestamp=2025-07-07T05:30:00 source_url=https://ak-static.cms.nba.com/referee/injury/Injury-Report_2025-07-07_05AM.pdf
2026-08-16 03:13:15,948 INFO Skipped non-substantive snapshot (no date/matchup pairs): timestamp=2025-07-07T17:30:00 source_url=https://ak-static.cms.nba.com/referee/injury/Injury-Report_2025-07-07_05PM.pdf
2026-08-16 03:13:15,957 INFO Skipped non-substantive snapshot (no date/matchup pairs): timestamp=2025-07-07T06:30:00 source_url=https://ak-static.cms.nba.com/referee/injury/Injury-Report_2025-07-07_06AM.pdf
2026-08-16 03:13:15,967 INFO Skipped non-substantive snapshot (no date/matchup pairs): timestamp=2025-07-07T18:30:00 source_url=https://ak-static.cms.nba.com/referee/injury/Injury-Report_2025-07-07_06PM.pdf
2026-08-16 03:13:15,978 INFO Skipped non-substantive snapshot (no date/matchup pairs): timestamp=2025-07-07T07:30:00 source_url=https://ak-static.cms.nba.com/referee/injury/Injury-Report_2025-07-07_07AM.pdf
2026-08-16 03:13:15,987 INFO Skipped non-substantive snapshot (no date/matchup pairs): timestamp=2025-07-07T19:30:00 source_url=https://ak-static.cms.nba.com/referee/injury/Injury-Report_2025-07-07_07PM.pdf
2026-08-16 03:13:15,996 INFO Skipped non-substantive snapshot (no date/matchup pairs): timestamp=2025-07-07T08:30:00 source_url=https://ak-static.cms.nba.com/referee/injury/Injury-Report_2025-07-07_08AM.pdf
2026-08-16 03:13:16,005 INFO Skipped non-substantive snapshot (no date/matchup pairs): timestamp=2025-07-07T20:30:00 source_url=https://ak-static.cms.nba.com/referee/injury/Injury-Report_2025-07-07_08PM.pdf
2026-08-16 03:13:16,014 INFO Skipped non-substantive snapshot (no date/matchup pairs): timestamp=2025-07-07T09:30:00 source_url=https://ak-static.cms.nba.com/referee/injury/Injury-Report_2025-07-07_09AM.pdf
2026-08-16 03:13:16,023 INFO Skipped non-substantive snapshot (no date/matchup pairs): timestamp=2025-07-07T21:30:00 source_url=https://ak-static.cms.nba.com/referee/injury/Injury-Report_2025-07-07_09PM.pdf
2026-08-16 03:13:16,033 INFO Skipped non-substantive snapshot (no date/matchup pairs): timestamp=2025-07-07T10:30:00 source_url=https://ak-static.cms.nba.com/referee/injury/Injury-Report_2025-07-07_10AM.pdf
2026-08-16 03:13:16,044 INFO Skipped non-substantive snapshot (no date/matchup pairs): timestamp=2025-07-07T22:30:00 source_url=https://ak-static.cms.nba.com/referee/injury/Injury-Report_2025-07-07_10PM.pdf
2026-08-16 03:13:16,053 INFO Skipped non-substantive snapshot (no date/matchup pairs): timestamp=2025-07-07T11:30:00 source_url=https://ak-static.cms.nba.com/referee/injury/Injury-Report_2025-07-07_11AM.pdf
2026-08-16 03:13:16,062 INFO Skipped non-substantive snapshot (no date/matchup pairs): timestamp=2025-07-07T23:30:00 source_url=https://ak-static.cms.nba.com/referee/injury/Injury-Report_2025-07-07_11PM.pdf
2026-08-16 03:13:16,071 INFO Skipped non-substantive snapshot (no date/matchup pairs): timestamp=2025-07-07T00:30:00 source_url=https://ak-static.cms.nba.com/referee/injury/Injury-Report_2025-07-07_12AM.pdf
2026-08-16 03:13:16,080 INFO Skipped non-substantive snapshot (no date/matchup pairs): timestamp=2025-07-07T12:30:00 source_url=https://ak-static.cms.nba.com/referee/injury/Injury-Report_2025-07-07_12PM.pdf
2026-08-16 03:13:16,081 INFO Direct NBA day 259/363: 2025-07-07, 24 discovered -> 0 selected
2026-08-16 03:14:04,766 INFO Skipped non-substantive snapshot (no date/matchup pairs): timestamp=2025-07-08T01:30:00 source_url=https://ak-static.cms.nba.com/referee/injury/Injury-Report_2025-07-08_01AM.pdf
2026-08-16 03:14:04,775 INFO Skipped non-substantive snapshot (no date/matchup pairs): timestamp=2025-07-08T13:30:00 source_url=https://ak-static.cms.nba.com/referee/injury/Injury-Report_2025-07-08_01PM.pdf
2026-08-16 03:14:04,786 INFO Skipped non-substantive snapshot (no date/matchup pairs): timestamp=2025-07-08T02:30:00 source_url=https://ak-static.cms.nba.com/referee/injury/Injury-Report_2025-07-08_02AM.pdf
2026-08-16 03:14:04,793 INFO Skipped non-substantive snapshot (no date/matchup pairs): timestamp=2025-07-08T14:30:00 source_url=https://ak-static.cms.nba.com/referee/injury/Injury-Report_2025-07-08_02PM.pdf
2026-08-16 03:14:04,801 INFO Skipped non-substantive snapshot (no date/matchup pairs): timestamp=2025-07-08T03:30:00 source_url=https://ak-static.cms.nba.com/referee/injury/Injury-Report_2025-07-08_03AM.pdf
2026-08-16 03:14:04,807 INFO Skipped non-substantive snapshot (no date/matchup pairs): timestamp=2025-07-08T15:30:00 source_url=https://ak-static.cms.nba.com/referee/injury/Injury-Report_2025-07-08_03PM.pdf
2026-08-16 03:14:04,814 INFO Skipped non-substantive snapshot (no date/matchup pairs): timestamp=2025-07-08T04:30:00 source_url=https://ak-static.cms.nba.com/referee/injury/Injury-Report_2025-07-08_04AM.pdf
2026-08-16 03:14:04,821 INFO Skipped non-substantive snapshot (no date/matchup pairs): timestamp=2025-07-08T16:30:00 source_url=https://ak-static.cms.nba.com/referee/injury/Injury-Report_2025-07-08_04PM.pdf
2026-08-16 03:14:04,827 INFO Skipped non-substantive snapshot (no date/matchup pairs): timestamp=2025-07-08T05:30:00 source_url=https://ak-static.cms.nba.com/referee/injury/Injury-Report_2025-07-08_05AM.pdf
2026-08-16 03:14:04,833 INFO Skipped non-substantive snapshot (no date/matchup pairs): timestamp=2025-07-08T17:30:00 source_url=https://ak-static.cms.nba.com/referee/injury/Injury-Report_2025-07-08_05PM.pdf
2026-08-16 03:14:04,839 INFO Skipped non-substantive snapshot (no date/matchup pairs): timestamp=2025-07-08T06:30:00 source_url=https://ak-static.cms.nba.com/referee/injury/Injury-Report_2025-07-08_06AM.pdf
2026-08-16 03:14:04,845 INFO Skipped non-substantive snapshot (no date/matchup pairs): timestamp=2025-07-08T18:30:00 source_url=https://ak-static.cms.nba.com/referee/injury/Injury-Report_2025-07-08_06PM.pdf
2026-08-16 03:14:04,852 INFO Skipped non-substantive snapshot (no date/matchup pairs): timestamp=2025-07-08T07:30:00 source_url=https://ak-static.cms.nba.com/referee/injury/Injury-Report_2025-07-08_07AM.pdf
2026-08-16 03:14:04,858 INFO Skipped non-substantive snapshot (no date/matchup pairs): timestamp=2025-07-08T19:30:00 source_url=https://ak-static.cms.nba.com/referee/injury/Injury-Report_2025-07-08_07PM.pdf
2026-08-16 03:14:04,864 INFO Skipped non-substantive snapshot (no date/matchup pairs): timestamp=2025-07-08T08:30:00 source_url=https://ak-static.cms.nba.com/referee/injury/Injury-Report_2025-07-08_08AM.pdf
2026-08-16 03:14:04,872 INFO Skipped non-substantive snapshot (no date/matchup pairs): timestamp=2025-07-08T20:30:00 source_url=https://ak-static.cms.nba.com/referee/injury/Injury-Report_2025-07-08_08PM.pdf
2026-08-16 03:14:04,878 INFO Skipped non-substantive snapshot (no date/matchup pairs): timestamp=2025-07-08T09:30:00 source_url=https://ak-static.cms.nba.com/referee/injury/Injury-Report_2025-07-08_09AM.pdf
2026-08-16 03:14:04,884 INFO Skipped non-substantive snapshot (no date/matchup pairs): timestamp=2025-07-08T21:30:00 source_url=https://ak-static.cms.nba.com/referee/injury/Injury-Report_2025-07-08_09PM.pdf
2026-08-16 03:14:04,891 INFO Skipped non-substantive snapshot (no date/matchup pairs): timestamp=2025-07-08T10:30:00 source_url=https://ak-static.cms.nba.com/referee/injury/Injury-Report_2025-07-08_10AM.pdf
2026-08-16 03:14:04,897 INFO Skipped non-substantive snapshot (no date/matchup pairs): timestamp=2025-07-08T22:30:00 source_url=https://ak-static.cms.nba.com/referee/injury/Injury-Report_2025-07-08_10PM.pdf
2026-08-16 03:14:04,903 INFO Skipped non-substantive snapshot (no date/matchup pairs): timestamp=2025-07-08T11:30:00 source_url=https://ak-static.cms.nba.com/referee/injury/Injury-Report_2025-07-08_11AM.pdf
2026-08-16 03:14:04,909 INFO Skipped non-substantive snapshot (no date/matchup pairs): timestamp=2025-07-08T23:30:00 source_url=https://ak-static.cms.nba.com/referee/injury/Injury-Report_2025-07-08_11PM.pdf
2026-08-16 03:14:04,916 INFO Skipped non-substantive snapshot (no date/matchup pairs): timestamp=2025-07-08T00:30:00 source_url=https://ak-static.cms.nba.com/referee/injury/Injury-Report_2025-07-08_12AM.pdf
2026-08-16 03:14:04,922 INFO Skipped non-substantive snapshot (no date/matchup pairs): timestamp=2025-07-08T12:30:00 source_url=https://ak-static.cms.nba.com/referee/injury/Injury-Report_2025-07-08_12PM.pdf
2026-08-16 03:14:04,922 INFO Direct NBA day 260/363: 2025-07-08, 24 discovered -> 0 selected
2026-08-16 03:14:55,341 INFO Skipped non-substantive snapshot (no date/matchup pairs): timestamp=2025-07-09T01:30:00 source_url=https://ak-static.cms.nba.com/referee/injury/Injury-Report_2025-07-09_01AM.pdf
2026-08-16 03:14:55,359 INFO Skipped non-substantive snapshot (no date/matchup pairs): timestamp=2025-07-09T13:30:00 source_url=https://ak-static.cms.nba.com/referee/injury/Injury-Report_2025-07-09_01PM.pdf
2026-08-16 03:14:55,375 INFO Skipped non-substantive snapshot (no date/matchup pairs): timestamp=2025-07-09T02:30:00 source_url=https://ak-static.cms.nba.com/referee/injury/Injury-Report_2025-07-09_02AM.pdf
2026-08-16 03:14:55,390 INFO Skipped non-substantive snapshot (no date/matchup pairs): timestamp=2025-07-09T14:30:00 source_url=https://ak-static.cms.nba.com/referee/injury/Injury-Report_2025-07-09_02PM.pdf
2026-08-16 03:14:55,403 INFO Skipped non-substantive snapshot (no date/matchup pairs): timestamp=2025-07-09T03:30:00 source_url=https://ak-static.cms.nba.com/referee/injury/Injury-Report_2025-07-09_03AM.pdf
2026-08-16 03:14:55,417 INFO Skipped non-substantive snapshot (no date/matchup pairs): timestamp=2025-07-09T15:30:00 source_url=https://ak-static.cms.nba.com/referee/injury/Injury-Report_2025-07-09_03PM.pdf
2026-08-16 03:14:55,432 INFO Skipped non-substantive snapshot (no date/matchup pairs): timestamp=2025-07-09T04:30:00 source_url=https://ak-static.cms.nba.com/referee/injury/Injury-Report_2025-07-09_04AM.pdf
2026-08-16 03:14:55,445 INFO Skipped non-substantive snapshot (no date/matchup pairs): timestamp=2025-07-09T16:30:00 source_url=https://ak-static.cms.nba.com/referee/injury/Injury-Report_2025-07-09_04PM.pdf
2026-08-16 03:14:55,459 INFO Skipped non-substantive snapshot (no date/matchup pairs): timestamp=2025-07-09T05:30:00 source_url=https://ak-static.cms.nba.com/referee/injury/Injury-Report_2025-07-09_05AM.pdf
2026-08-16 03:14:55,472 INFO Skipped non-substantive snapshot (no date/matchup pairs): timestamp=2025-07-09T17:30:00 source_url=https://ak-static.cms.nba.com/referee/injury/Injury-Report_2025-07-09_05PM.pdf
2026-08-16 03:14:55,486 INFO Skipped non-substantive snapshot (no date/matchup pairs): timestamp=2025-07-09T06:30:00 source_url=https://ak-static.cms.nba.com/referee/injury/Injury-Report_2025-07-09_06AM.pdf
2026-08-16 03:14:55,501 INFO Skipped non-substantive snapshot (no date/matchup pairs): timestamp=2025-07-09T18:30:00 source_url=https://ak-static.cms.nba.com/referee/injury/Injury-Report_2025-07-09_06PM.pdf
2026-08-16 03:14:55,515 INFO Skipped non-substantive snapshot (no date/matchup pairs): timestamp=2025-07-09T07:30:00 source_url=https://ak-static.cms.nba.com/referee/injury/Injury-Report_2025-07-09_07AM.pdf
2026-08-16 03:14:55,528 INFO Skipped non-substantive snapshot (no date/matchup pairs): timestamp=2025-07-09T19:30:00 source_url=https://ak-static.cms.nba.com/referee/injury/Injury-Report_2025-07-09_07PM.pdf
2026-08-16 03:14:55,541 INFO Skipped non-substantive snapshot (no date/matchup pairs): timestamp=2025-07-09T08:30:00 source_url=https://ak-static.cms.nba.com/referee/injury/Injury-Report_2025-07-09_08AM.pdf
2026-08-16 03:14:55,557 INFO Skipped non-substantive snapshot (no date/matchup pairs): timestamp=2025-07-09T20:30:00 source_url=https://ak-static.cms.nba.com/referee/injury/Injury-Report_2025-07-09_08PM.pdf
2026-08-16 03:14:55,570 INFO Skipped non-substantive snapshot (no date/matchup pairs): timestamp=2025-07-09T09:30:00 source_url=https://ak-static.cms.nba.com/referee/injury/Injury-Report_2025-07-09_09AM.pdf
2026-08-16 03:14:55,584 INFO Skipped non-substantive snapshot (no date/matchup pairs): timestamp=2025-07-09T21:30:00 source_url=https://ak-static.cms.nba.com/referee/injury/Injury-Report_2025-07-09_09PM.pdf
2026-08-16 03:14:55,597 INFO Skipped non-substantive snapshot (no date/matchup pairs): timestamp=2025-07-09T10:30:00 source_url=https://ak-static.cms.nba.com/referee/injury/Injury-Report_2025-07-09_10AM.pdf
2026-08-16 03:14:55,611 INFO Skipped non-substantive snapshot (no date/matchup pairs): timestamp=2025-07-09T22:30:00 source_url=https://ak-static.cms.nba.com/referee/injury/Injury-Report_2025-07-09_10PM.pdf
2026-08-16 03:14:55,626 INFO Skipped non-substantive snapshot (no date/matchup pairs): timestamp=2025-07-09T11:30:00 source_url=https://ak-static.cms.nba.com/referee/injury/Injury-Report_2025-07-09_11AM.pdf
2026-08-16 03:14:55,639 INFO Skipped non-substantive snapshot (no date/matchup pairs): timestamp=2025-07-09T23:30:00 source_url=https://ak-static.cms.nba.com/referee/injury/Injury-Report_2025-07-09_11PM.pdf
2026-08-16 03:14:55,653 INFO Skipped non-substantive snapshot (no date/matchup pairs): timestamp=2025-07-09T00:30:00 source_url=https://ak-static.cms.nba.com/referee/injury/Injury-Report_2025-07-09_12AM.pdf
2026-08-16 03:14:55,666 INFO Skipped non-substantive snapshot (no date/matchup pairs): timestamp=2025-07-09T12:30:00 source_url=https://ak-static.cms.nba.com/referee/injury/Injury-Report_2025-07-09_12PM.pdf
2026-08-16 03:14:55,666 INFO Direct NBA day 261/363: 2025-07-09, 24 discovered -> 0 selected
2026-08-16 03:15:44,718 INFO Skipped non-substantive snapshot (no date/matchup pairs): timestamp=2025-07-10T01:30:00 source_url=https://ak-static.cms.nba.com/referee/injury/Injury-Report_2025-07-10_01AM.pdf
2026-08-16 03:15:44,745 INFO Skipped non-substantive snapshot (no date/matchup pairs): timestamp=2025-07-10T13:30:00 source_url=https://ak-static.cms.nba.com/referee/injury/Injury-Report_2025-07-10_01PM.pdf
2026-08-16 03:15:44,772 INFO Skipped non-substantive snapshot (no date/matchup pairs): timestamp=2025-07-10T02:30:00 source_url=https://ak-static.cms.nba.com/referee/injury/Injury-Report_2025-07-10_02AM.pdf
2026-08-16 03:15:44,798 INFO Skipped non-substantive snapshot (no date/matchup pairs): timestamp=2025-07-10T14:30:00 source_url=https://ak-static.cms.nba.com/referee/injury/Injury-Report_2025-07-10_02PM.pdf
2026-08-16 03:15:44,826 INFO Skipped non-substantive snapshot (no date/matchup pairs): timestamp=2025-07-10T03:30:00 source_url=https://ak-static.cms.nba.com/referee/injury/Injury-Report_2025-07-10_03AM.pdf
2026-08-16 03:15:44,852 INFO Skipped non-substantive snapshot (no date/matchup pairs): timestamp=2025-07-10T15:30:00 source_url=https://ak-static.cms.nba.com/referee/injury/Injury-Report_2025-07-10_03PM.pdf
2026-08-16 03:15:44,878 INFO Skipped non-substantive snapshot (no date/matchup pairs): timestamp=2025-07-10T04:30:00 source_url=https://ak-static.cms.nba.com/referee/injury/Injury-Report_2025-07-10_04AM.pdf
2026-08-16 03:15:44,906 INFO Skipped non-substantive snapshot (no date/matchup pairs): timestamp=2025-07-10T16:30:00 source_url=https://ak-static.cms.nba.com/referee/injury/Injury-Report_2025-07-10_04PM.pdf
2026-08-16 03:15:44,932 INFO Skipped non-substantive snapshot (no date/matchup pairs): timestamp=2025-07-10T05:30:00 source_url=https://ak-static.cms.nba.com/referee/injury/Injury-Report_2025-07-10_05AM.pdf
2026-08-16 03:15:44,959 INFO Skipped non-substantive snapshot (no date/matchup pairs): timestamp=2025-07-10T17:30:00 source_url=https://ak-static.cms.nba.com/referee/injury/Injury-Report_2025-07-10_05PM.pdf
2026-08-16 03:15:44,985 INFO Skipped non-substantive snapshot (no date/matchup pairs): timestamp=2025-07-10T06:30:00 source_url=https://ak-static.cms.nba.com/referee/injury/Injury-Report_2025-07-10_06AM.pdf
2026-08-16 03:15:45,012 INFO Skipped non-substantive snapshot (no date/matchup pairs): timestamp=2025-07-10T18:30:00 source_url=https://ak-static.cms.nba.com/referee/injury/Injury-Report_2025-07-10_06PM.pdf
2026-08-16 03:15:45,039 INFO Skipped non-substantive snapshot (no date/matchup pairs): timestamp=2025-07-10T07:30:00 source_url=https://ak-static.cms.nba.com/referee/injury/Injury-Report_2025-07-10_07AM.pdf
2026-08-16 03:15:45,066 INFO Skipped non-substantive snapshot (no date/matchup pairs): timestamp=2025-07-10T19:30:00 source_url=https://ak-static.cms.nba.com/referee/injury/Injury-Report_2025-07-10_07PM.pdf
2026-08-16 03:15:45,092 INFO Skipped non-substantive snapshot (no date/matchup pairs): timestamp=2025-07-10T08:30:00 source_url=https://ak-static.cms.nba.com/referee/injury/Injury-Report_2025-07-10_08AM.pdf
2026-08-16 03:15:45,118 INFO Skipped non-substantive snapshot (no date/matchup pairs): timestamp=2025-07-10T20:30:00 source_url=https://ak-static.cms.nba.com/referee/injury/Injury-Report_2025-07-10_08PM.pdf
2026-08-16 03:15:45,146 INFO Skipped non-substantive snapshot (no date/matchup pairs): timestamp=2025-07-10T09:30:00 source_url=https://ak-static.cms.nba.com/referee/injury/Injury-Report_2025-07-10_09AM.pdf
2026-08-16 03:15:45,172 INFO Skipped non-substantive snapshot (no date/matchup pairs): timestamp=2025-07-10T21:30:00 source_url=https://ak-static.cms.nba.com/referee/injury/Injury-Report_2025-07-10_09PM.pdf
2026-08-16 03:15:45,199 INFO Skipped non-substantive snapshot (no date/matchup pairs): timestamp=2025-07-10T10:30:00 source_url=https://ak-static.cms.nba.com/referee/injury/Injury-Report_2025-07-10_10AM.pdf
2026-08-16 03:15:45,225 INFO Skipped non-substantive snapshot (no date/matchup pairs): timestamp=2025-07-10T22:30:00 source_url=https://ak-static.cms.nba.com/referee/injury/Injury-Report_2025-07-10_10PM.pdf
2026-08-16 03:15:45,347 INFO Skipped non-substantive snapshot (no date/matchup pairs): timestamp=2025-07-10T11:30:00 source_url=https://ak-static.cms.nba.com/referee/injury/Injury-Report_2025-07-10_11AM.pdf
2026-08-16 03:15:45,374 INFO Skipped non-substantive snapshot (no date/matchup pairs): timestamp=2025-07-10T23:30:00 source_url=https://ak-static.cms.nba.com/referee/injury/Injury-Report_2025-07-10_11PM.pdf
2026-08-16 03:15:45,401 INFO Skipped non-substantive snapshot (no date/matchup pairs): timestamp=2025-07-10T00:30:00 source_url=https://ak-static.cms.nba.com/referee/injury/Injury-Report_2025-07-10_12AM.pdf
2026-08-16 03:15:45,427 INFO Skipped non-substantive snapshot (no date/matchup pairs): timestamp=2025-07-10T12:30:00 source_url=https://ak-static.cms.nba.com/referee/injury/Injury-Report_2025-07-10_12PM.pdf
2026-08-16 03:15:45,427 INFO Direct NBA day 262/363: 2025-07-10, 24 discovered -> 0 selected
2026-08-16 03:16:34,237 INFO Skipped non-substantive snapshot (no date/matchup pairs): timestamp=2025-07-11T01:30:00 source_url=https://ak-static.cms.nba.com/referee/injury/Injury-Report_2025-07-11_01AM.pdf
2026-08-16 03:16:34,266 INFO Skipped non-substantive snapshot (no date/matchup pairs): timestamp=2025-07-11T13:30:00 source_url=https://ak-static.cms.nba.com/referee/injury/Injury-Report_2025-07-11_01PM.pdf
2026-08-16 03:16:34,294 INFO Skipped non-substantive snapshot (no date/matchup pairs): timestamp=2025-07-11T02:30:00 source_url=https://ak-static.cms.nba.com/referee/injury/Injury-Report_2025-07-11_02AM.pdf
2026-08-16 03:16:34,323 INFO Skipped non-substantive snapshot (no date/matchup pairs): timestamp=2025-07-11T14:30:00 source_url=https://ak-static.cms.nba.com/referee/injury/Injury-Report_2025-07-11_02PM.pdf
2026-08-16 03:16:34,351 INFO Skipped non-substantive snapshot (no date/matchup pairs): timestamp=2025-07-11T03:30:00 source_url=https://ak-static.cms.nba.com/referee/injury/Injury-Report_2025-07-11_03AM.pdf
2026-08-16 03:16:34,380 INFO Skipped non-substantive snapshot (no date/matchup pairs): timestamp=2025-07-11T15:30:00 source_url=https://ak-static.cms.nba.com/referee/injury/Injury-Report_2025-07-11_03PM.pdf
2026-08-16 03:16:34,408 INFO Skipped non-substantive snapshot (no date/matchup pairs): timestamp=2025-07-11T04:30:00 source_url=https://ak-static.cms.nba.com/referee/injury/Injury-Report_2025-07-11_04AM.pdf
2026-08-16 03:16:34,437 INFO Skipped non-substantive snapshot (no date/matchup pairs): timestamp=2025-07-11T16:30:00 source_url=https://ak-static.cms.nba.com/referee/injury/Injury-Report_2025-07-11_04PM.pdf
2026-08-16 03:16:34,465 INFO Skipped non-substantive snapshot (no date/matchup pairs): timestamp=2025-07-11T05:30:00 source_url=https://ak-static.cms.nba.com/referee/injury/Injury-Report_2025-07-11_05AM.pdf
2026-08-16 03:16:34,495 INFO Skipped non-substantive snapshot (no date/matchup pairs): timestamp=2025-07-11T17:30:00 source_url=https://ak-static.cms.nba.com/referee/injury/Injury-Report_2025-07-11_05PM.pdf
2026-08-16 03:16:34,523 INFO Skipped non-substantive snapshot (no date/matchup pairs): timestamp=2025-07-11T06:30:00 source_url=https://ak-static.cms.nba.com/referee/injury/Injury-Report_2025-07-11_06AM.pdf
2026-08-16 03:16:34,552 INFO Skipped non-substantive snapshot (no date/matchup pairs): timestamp=2025-07-11T18:30:00 source_url=https://ak-static.cms.nba.com/referee/injury/Injury-Report_2025-07-11_06PM.pdf
2026-08-16 03:16:34,580 INFO Skipped non-substantive snapshot (no date/matchup pairs): timestamp=2025-07-11T07:30:00 source_url=https://ak-static.cms.nba.com/referee/injury/Injury-Report_2025-07-11_07AM.pdf
2026-08-16 03:16:34,609 INFO Skipped non-substantive snapshot (no date/matchup pairs): timestamp=2025-07-11T19:30:00 source_url=https://ak-static.cms.nba.com/referee/injury/Injury-Report_2025-07-11_07PM.pdf
2026-08-16 03:16:34,637 INFO Skipped non-substantive snapshot (no date/matchup pairs): timestamp=2025-07-11T08:30:00 source_url=https://ak-static.cms.nba.com/referee/injury/Injury-Report_2025-07-11_08AM.pdf
2026-08-16 03:16:34,667 INFO Skipped non-substantive snapshot (no date/matchup pairs): timestamp=2025-07-11T20:30:00 source_url=https://ak-static.cms.nba.com/referee/injury/Injury-Report_2025-07-11_08PM.pdf
2026-08-16 03:16:34,740 INFO Skipped non-substantive snapshot (no date/matchup pairs): timestamp=2025-07-11T09:30:00 source_url=https://ak-static.cms.nba.com/referee/injury/Injury-Report_2025-07-11_09AM.pdf
2026-08-16 03:16:34,769 INFO Skipped non-substantive snapshot (no date/matchup pairs): timestamp=2025-07-11T21:30:00 source_url=https://ak-static.cms.nba.com/referee/injury/Injury-Report_2025-07-11_09PM.pdf
2026-08-16 03:16:34,797 INFO Skipped non-substantive snapshot (no date/matchup pairs): timestamp=2025-07-11T10:30:00 source_url=https://ak-static.cms.nba.com/referee/injury/Injury-Report_2025-07-11_10AM.pdf
2026-08-16 03:16:34,826 INFO Skipped non-substantive snapshot (no date/matchup pairs): timestamp=2025-07-11T22:30:00 source_url=https://ak-static.cms.nba.com/referee/injury/Injury-Report_2025-07-11_10PM.pdf
2026-08-16 03:16:34,854 INFO Skipped non-substantive snapshot (no date/matchup pairs): timestamp=2025-07-11T11:30:00 source_url=https://ak-static.cms.nba.com/referee/injury/Injury-Report_2025-07-11_11AM.pdf
2026-08-16 03:16:34,884 INFO Skipped non-substantive snapshot (no date/matchup pairs): timestamp=2025-07-11T23:30:00 source_url=https://ak-static.cms.nba.com/referee/injury/Injury-Report_2025-07-11_11PM.pdf
2026-08-16 03:16:34,912 INFO Skipped non-substantive snapshot (no date/matchup pairs): timestamp=2025-07-11T00:30:00 source_url=https://ak-static.cms.nba.com/referee/injury/Injury-Report_2025-07-11_12AM.pdf
2026-08-16 03:16:34,941 INFO Skipped non-substantive snapshot (no date/matchup pairs): timestamp=2025-07-11T12:30:00 source_url=https://ak-static.cms.nba.com/referee/injury/Injury-Report_2025-07-11_12PM.pdf
2026-08-16 03:16:34,941 INFO Direct NBA day 263/363: 2025-07-11, 24 discovered -> 0 selected
2026-08-16 03:17:23,639 INFO Skipped non-substantive snapshot (no date/matchup pairs): timestamp=2025-07-12T01:30:00 source_url=https://ak-static.cms.nba.com/referee/injury/Injury-Report_2025-07-12_01AM.pdf
2026-08-16 03:17:23,669 INFO Skipped non-substantive snapshot (no date/matchup pairs): timestamp=2025-07-12T13:30:00 source_url=https://ak-static.cms.nba.com/referee/injury/Injury-Report_2025-07-12_01PM.pdf
2026-08-16 03:17:23,696 INFO Skipped non-substantive snapshot (no date/matchup pairs): timestamp=2025-07-12T02:30:00 source_url=https://ak-static.cms.nba.com/referee/injury/Injury-Report_2025-07-12_02AM.pdf
2026-08-16 03:17:23,725 INFO Skipped non-substantive snapshot (no date/matchup pairs): timestamp=2025-07-12T14:30:00 source_url=https://ak-static.cms.nba.com/referee/injury/Injury-Report_2025-07-12_02PM.pdf
2026-08-16 03:17:23,753 INFO Skipped non-substantive snapshot (no date/matchup pairs): timestamp=2025-07-12T03:30:00 source_url=https://ak-static.cms.nba.com/referee/injury/Injury-Report_2025-07-12_03AM.pdf
2026-08-16 03:17:23,782 INFO Skipped non-substantive snapshot (no date/matchup pairs): timestamp=2025-07-12T15:30:00 source_url=https://ak-static.cms.nba.com/referee/injury/Injury-Report_2025-07-12_03PM.pdf
2026-08-16 03:17:23,810 INFO Skipped non-substantive snapshot (no date/matchup pairs): timestamp=2025-07-12T04:30:00 source_url=https://ak-static.cms.nba.com/referee/injury/Injury-Report_2025-07-12_04AM.pdf
2026-08-16 03:17:23,838 INFO Skipped non-substantive snapshot (no date/matchup pairs): timestamp=2025-07-12T16:30:00 source_url=https://ak-static.cms.nba.com/referee/injury/Injury-Report_2025-07-12_04PM.pdf
2026-08-16 03:17:23,866 INFO Skipped non-substantive snapshot (no date/matchup pairs): timestamp=2025-07-12T05:30:00 source_url=https://ak-static.cms.nba.com/referee/injury/Injury-Report_2025-07-12_05AM.pdf
2026-08-16 03:17:23,895 INFO Skipped non-substantive snapshot (no date/matchup pairs): timestamp=2025-07-12T17:30:00 source_url=https://ak-static.cms.nba.com/referee/injury/Injury-Report_2025-07-12_05PM.pdf
2026-08-16 03:17:23,969 INFO Skipped non-substantive snapshot (no date/matchup pairs): timestamp=2025-07-12T06:30:00 source_url=https://ak-static.cms.nba.com/referee/injury/Injury-Report_2025-07-12_06AM.pdf
2026-08-16 03:17:23,997 INFO Skipped non-substantive snapshot (no date/matchup pairs): timestamp=2025-07-12T18:30:00 source_url=https://ak-static.cms.nba.com/referee/injury/Injury-Report_2025-07-12_06PM.pdf
2026-08-16 03:17:24,025 INFO Skipped non-substantive snapshot (no date/matchup pairs): timestamp=2025-07-12T07:30:00 source_url=https://ak-static.cms.nba.com/referee/injury/Injury-Report_2025-07-12_07AM.pdf
2026-08-16 03:17:24,053 INFO Skipped non-substantive snapshot (no date/matchup pairs): timestamp=2025-07-12T19:30:00 source_url=https://ak-static.cms.nba.com/referee/injury/Injury-Report_2025-07-12_07PM.pdf
2026-08-16 03:17:24,081 INFO Skipped non-substantive snapshot (no date/matchup pairs): timestamp=2025-07-12T08:30:00 source_url=https://ak-static.cms.nba.com/referee/injury/Injury-Report_2025-07-12_08AM.pdf
2026-08-16 03:17:24,110 INFO Skipped non-substantive snapshot (no date/matchup pairs): timestamp=2025-07-12T20:30:00 source_url=https://ak-static.cms.nba.com/referee/injury/Injury-Report_2025-07-12_08PM.pdf
2026-08-16 03:17:24,137 INFO Skipped non-substantive snapshot (no date/matchup pairs): timestamp=2025-07-12T09:30:00 source_url=https://ak-static.cms.nba.com/referee/injury/Injury-Report_2025-07-12_09AM.pdf
2026-08-16 03:17:24,166 INFO Skipped non-substantive snapshot (no date/matchup pairs): timestamp=2025-07-12T21:30:00 source_url=https://ak-static.cms.nba.com/referee/injury/Injury-Report_2025-07-12_09PM.pdf
2026-08-16 03:17:24,194 INFO Skipped non-substantive snapshot (no date/matchup pairs): timestamp=2025-07-12T10:30:00 source_url=https://ak-static.cms.nba.com/referee/injury/Injury-Report_2025-07-12_10AM.pdf
2026-08-16 03:17:24,222 INFO Skipped non-substantive snapshot (no date/matchup pairs): timestamp=2025-07-12T22:30:00 source_url=https://ak-static.cms.nba.com/referee/injury/Injury-Report_2025-07-12_10PM.pdf
2026-08-16 03:17:24,250 INFO Skipped non-substantive snapshot (no date/matchup pairs): timestamp=2025-07-12T11:30:00 source_url=https://ak-static.cms.nba.com/referee/injury/Injury-Report_2025-07-12_11AM.pdf
2026-08-16 03:17:24,278 INFO Skipped non-substantive snapshot (no date/matchup pairs): timestamp=2025-07-12T23:30:00 source_url=https://ak-static.cms.nba.com/referee/injury/Injury-Report_2025-07-12_11PM.pdf
2026-08-16 03:17:24,306 INFO Skipped non-substantive snapshot (no date/matchup pairs): timestamp=2025-07-12T00:30:00 source_url=https://ak-static.cms.nba.com/referee/injury/Injury-Report_2025-07-12_12AM.pdf
2026-08-16 03:17:24,335 INFO Skipped non-substantive snapshot (no date/matchup pairs): timestamp=2025-07-12T12:30:00 source_url=https://ak-static.cms.nba.com/referee/injury/Injury-Report_2025-07-12_12PM.pdf
2026-08-16 03:17:24,335 INFO Direct NBA day 264/363: 2025-07-12, 24 discovered -> 0 selected
2026-08-16 03:18:13,805 INFO Skipped non-substantive snapshot (no date/matchup pairs): timestamp=2025-07-13T01:30:00 source_url=https://ak-static.cms.nba.com/referee/injury/Injury-Report_2025-07-13_01AM.pdf
2026-08-16 03:18:13,832 INFO Skipped non-substantive snapshot (no date/matchup pairs): timestamp=2025-07-13T13:30:00 source_url=https://ak-static.cms.nba.com/referee/injury/Injury-Report_2025-07-13_01PM.pdf
2026-08-16 03:18:13,859 INFO Skipped non-substantive snapshot (no date/matchup pairs): timestamp=2025-07-13T02:30:00 source_url=https://ak-static.cms.nba.com/referee/injury/Injury-Report_2025-07-13_02AM.pdf
2026-08-16 03:18:13,884 INFO Skipped non-substantive snapshot (no date/matchup pairs): timestamp=2025-07-13T14:30:00 source_url=https://ak-static.cms.nba.com/referee/injury/Injury-Report_2025-07-13_02PM.pdf
2026-08-16 03:18:13,910 INFO Skipped non-substantive snapshot (no date/matchup pairs): timestamp=2025-07-13T03:30:00 source_url=https://ak-static.cms.nba.com/referee/injury/Injury-Report_2025-07-13_03AM.pdf
2026-08-16 03:18:13,938 INFO Skipped non-substantive snapshot (no date/matchup pairs): timestamp=2025-07-13T15:30:00 source_url=https://ak-static.cms.nba.com/referee/injury/Injury-Report_2025-07-13_03PM.pdf
2026-08-16 03:18:13,967 INFO Skipped non-substantive snapshot (no date/matchup pairs): timestamp=2025-07-13T04:30:00 source_url=https://ak-static.cms.nba.com/referee/injury/Injury-Report_2025-07-13_04AM.pdf
2026-08-16 03:18:14,038 INFO Skipped non-substantive snapshot (no date/matchup pairs): timestamp=2025-07-13T16:30:00 source_url=https://ak-static.cms.nba.com/referee/injury/Injury-Report_2025-07-13_04PM.pdf
2026-08-16 03:18:14,064 INFO Skipped non-substantive snapshot (no date/matchup pairs): timestamp=2025-07-13T05:30:00 source_url=https://ak-static.cms.nba.com/referee/injury/Injury-Report_2025-07-13_05AM.pdf
2026-08-16 03:18:14,090 INFO Skipped non-substantive snapshot (no date/matchup pairs): timestamp=2025-07-13T17:30:00 source_url=https://ak-static.cms.nba.com/referee/injury/Injury-Report_2025-07-13_05PM.pdf
2026-08-16 03:18:14,116 INFO Skipped non-substantive snapshot (no date/matchup pairs): timestamp=2025-07-13T06:30:00 source_url=https://ak-static.cms.nba.com/referee/injury/Injury-Report_2025-07-13_06AM.pdf
2026-08-16 03:18:14,144 INFO Skipped non-substantive snapshot (no date/matchup pairs): timestamp=2025-07-13T18:30:00 source_url=https://ak-static.cms.nba.com/referee/injury/Injury-Report_2025-07-13_06PM.pdf
2026-08-16 03:18:14,170 INFO Skipped non-substantive snapshot (no date/matchup pairs): timestamp=2025-07-13T07:30:00 source_url=https://ak-static.cms.nba.com/referee/injury/Injury-Report_2025-07-13_07AM.pdf
2026-08-16 03:18:14,196 INFO Skipped non-substantive snapshot (no date/matchup pairs): timestamp=2025-07-13T19:30:00 source_url=https://ak-static.cms.nba.com/referee/injury/Injury-Report_2025-07-13_07PM.pdf
2026-08-16 03:18:14,223 INFO Skipped non-substantive snapshot (no date/matchup pairs): timestamp=2025-07-13T08:30:00 source_url=https://ak-static.cms.nba.com/referee/injury/Injury-Report_2025-07-13_08AM.pdf
2026-08-16 03:18:14,249 INFO Skipped non-substantive snapshot (no date/matchup pairs): timestamp=2025-07-13T20:30:00 source_url=https://ak-static.cms.nba.com/referee/injury/Injury-Report_2025-07-13_08PM.pdf
2026-08-16 03:18:14,277 INFO Skipped non-substantive snapshot (no date/matchup pairs): timestamp=2025-07-13T09:30:00 source_url=https://ak-static.cms.nba.com/referee/injury/Injury-Report_2025-07-13_09AM.pdf
2026-08-16 03:18:14,303 INFO Skipped non-substantive snapshot (no date/matchup pairs): timestamp=2025-07-13T21:30:00 source_url=https://ak-static.cms.nba.com/referee/injury/Injury-Report_2025-07-13_09PM.pdf
2026-08-16 03:18:14,330 INFO Skipped non-substantive snapshot (no date/matchup pairs): timestamp=2025-07-13T10:30:00 source_url=https://ak-static.cms.nba.com/referee/injury/Injury-Report_2025-07-13_10AM.pdf
2026-08-16 03:18:14,356 INFO Skipped non-substantive snapshot (no date/matchup pairs): timestamp=2025-07-13T22:30:00 source_url=https://ak-static.cms.nba.com/referee/injury/Injury-Report_2025-07-13_10PM.pdf
2026-08-16 03:18:14,382 INFO Skipped non-substantive snapshot (no date/matchup pairs): timestamp=2025-07-13T11:30:00 source_url=https://ak-static.cms.nba.com/referee/injury/Injury-Report_2025-07-13_11AM.pdf
2026-08-16 03:18:14,410 INFO Skipped non-substantive snapshot (no date/matchup pairs): timestamp=2025-07-13T23:30:00 source_url=https://ak-static.cms.nba.com/referee/injury/Injury-Report_2025-07-13_11PM.pdf
2026-08-16 03:18:14,436 INFO Skipped non-substantive snapshot (no date/matchup pairs): timestamp=2025-07-13T00:30:00 source_url=https://ak-static.cms.nba.com/referee/injury/Injury-Report_2025-07-13_12AM.pdf
2026-08-16 03:18:14,463 INFO Skipped non-substantive snapshot (no date/matchup pairs): timestamp=2025-07-13T12:30:00 source_url=https://ak-static.cms.nba.com/referee/injury/Injury-Report_2025-07-13_12PM.pdf
2026-08-16 03:18:14,463 INFO Direct NBA day 265/363: 2025-07-13, 24 discovered -> 0 selected
2026-08-16 03:19:03,344 INFO Skipped non-substantive snapshot (no date/matchup pairs): timestamp=2025-07-14T01:30:00 source_url=https://ak-static.cms.nba.com/referee/injury/Injury-Report_2025-07-14_01AM.pdf
2026-08-16 03:19:03,371 INFO Skipped non-substantive snapshot (no date/matchup pairs): timestamp=2025-07-14T13:30:00 source_url=https://ak-static.cms.nba.com/referee/injury/Injury-Report_2025-07-14_01PM.pdf
2026-08-16 03:19:03,395 INFO Skipped non-substantive snapshot (no date/matchup pairs): timestamp=2025-07-14T02:30:00 source_url=https://ak-static.cms.nba.com/referee/injury/Injury-Report_2025-07-14_02AM.pdf
2026-08-16 03:19:03,421 INFO Skipped non-substantive snapshot (no date/matchup pairs): timestamp=2025-07-14T14:30:00 source_url=https://ak-static.cms.nba.com/referee/injury/Injury-Report_2025-07-14_02PM.pdf
2026-08-16 03:19:03,446 INFO Skipped non-substantive snapshot (no date/matchup pairs): timestamp=2025-07-14T03:30:00 source_url=https://ak-static.cms.nba.com/referee/injury/Injury-Report_2025-07-14_03AM.pdf
2026-08-16 03:19:03,473 INFO Skipped non-substantive snapshot (no date/matchup pairs): timestamp=2025-07-14T15:30:00 source_url=https://ak-static.cms.nba.com/referee/injury/Injury-Report_2025-07-14_03PM.pdf
2026-08-16 03:19:03,497 INFO Skipped non-substantive snapshot (no date/matchup pairs): timestamp=2025-07-14T04:30:00 source_url=https://ak-static.cms.nba.com/referee/injury/Injury-Report_2025-07-14_04AM.pdf
2026-08-16 03:19:03,522 INFO Skipped non-substantive snapshot (no date/matchup pairs): timestamp=2025-07-14T16:30:00 source_url=https://ak-static.cms.nba.com/referee/injury/Injury-Report_2025-07-14_04PM.pdf
2026-08-16 03:19:03,589 INFO Skipped non-substantive snapshot (no date/matchup pairs): timestamp=2025-07-14T05:30:00 source_url=https://ak-static.cms.nba.com/referee/injury/Injury-Report_2025-07-14_05AM.pdf
2026-08-16 03:19:03,614 INFO Skipped non-substantive snapshot (no date/matchup pairs): timestamp=2025-07-14T17:30:00 source_url=https://ak-static.cms.nba.com/referee/injury/Injury-Report_2025-07-14_05PM.pdf
2026-08-16 03:19:03,640 INFO Skipped non-substantive snapshot (no date/matchup pairs): timestamp=2025-07-14T06:30:00 source_url=https://ak-static.cms.nba.com/referee/injury/Injury-Report_2025-07-14_06AM.pdf
2026-08-16 03:19:03,665 INFO Skipped non-substantive snapshot (no date/matchup pairs): timestamp=2025-07-14T18:30:00 source_url=https://ak-static.cms.nba.com/referee/injury/Injury-Report_2025-07-14_06PM.pdf
2026-08-16 03:19:03,691 INFO Skipped non-substantive snapshot (no date/matchup pairs): timestamp=2025-07-14T07:30:00 source_url=https://ak-static.cms.nba.com/referee/injury/Injury-Report_2025-07-14_07AM.pdf
2026-08-16 03:19:03,716 INFO Skipped non-substantive snapshot (no date/matchup pairs): timestamp=2025-07-14T19:30:00 source_url=https://ak-static.cms.nba.com/referee/injury/Injury-Report_2025-07-14_07PM.pdf
2026-08-16 03:19:03,741 INFO Skipped non-substantive snapshot (no date/matchup pairs): timestamp=2025-07-14T08:30:00 source_url=https://ak-static.cms.nba.com/referee/injury/Injury-Report_2025-07-14_08AM.pdf
2026-08-16 03:19:03,768 INFO Skipped non-substantive snapshot (no date/matchup pairs): timestamp=2025-07-14T20:30:00 source_url=https://ak-static.cms.nba.com/referee/injury/Injury-Report_2025-07-14_08PM.pdf
2026-08-16 03:19:03,793 INFO Skipped non-substantive snapshot (no date/matchup pairs): timestamp=2025-07-14T09:30:00 source_url=https://ak-static.cms.nba.com/referee/injury/Injury-Report_2025-07-14_09AM.pdf
2026-08-16 03:19:03,819 INFO Skipped non-substantive snapshot (no date/matchup pairs): timestamp=2025-07-14T21:30:00 source_url=https://ak-static.cms.nba.com/referee/injury/Injury-Report_2025-07-14_09PM.pdf
2026-08-16 03:19:03,844 INFO Skipped non-substantive snapshot (no date/matchup pairs): timestamp=2025-07-14T10:30:00 source_url=https://ak-static.cms.nba.com/referee/injury/Injury-Report_2025-07-14_10AM.pdf
2026-08-16 03:19:03,870 INFO Skipped non-substantive snapshot (no date/matchup pairs): timestamp=2025-07-14T22:30:00 source_url=https://ak-static.cms.nba.com/referee/injury/Injury-Report_2025-07-14_10PM.pdf
2026-08-16 03:19:03,895 INFO Skipped non-substantive snapshot (no date/matchup pairs): timestamp=2025-07-14T11:30:00 source_url=https://ak-static.cms.nba.com/referee/injury/Injury-Report_2025-07-14_11AM.pdf
2026-08-16 03:19:03,920 INFO Skipped non-substantive snapshot (no date/matchup pairs): timestamp=2025-07-14T23:30:00 source_url=https://ak-static.cms.nba.com/referee/injury/Injury-Report_2025-07-14_11PM.pdf
2026-08-16 03:19:03,947 INFO Skipped non-substantive snapshot (no date/matchup pairs): timestamp=2025-07-14T00:30:00 source_url=https://ak-static.cms.nba.com/referee/injury/Injury-Report_2025-07-14_12AM.pdf
2026-08-16 03:19:03,972 INFO Skipped non-substantive snapshot (no date/matchup pairs): timestamp=2025-07-14T12:30:00 source_url=https://ak-static.cms.nba.com/referee/injury/Injury-Report_2025-07-14_12PM.pdf
2026-08-16 03:19:03,972 INFO Direct NBA day 266/363: 2025-07-14, 24 discovered -> 0 selected
2026-08-16 03:19:53,545 INFO Skipped non-substantive snapshot (no date/matchup pairs): timestamp=2025-07-15T01:30:00 source_url=https://ak-static.cms.nba.com/referee/injury/Injury-Report_2025-07-15_01AM.pdf
2026-08-16 03:19:53,571 INFO Skipped non-substantive snapshot (no date/matchup pairs): timestamp=2025-07-15T13:30:00 source_url=https://ak-static.cms.nba.com/referee/injury/Injury-Report_2025-07-15_01PM.pdf
2026-08-16 03:19:53,598 INFO Skipped non-substantive snapshot (no date/matchup pairs): timestamp=2025-07-15T02:30:00 source_url=https://ak-static.cms.nba.com/referee/injury/Injury-Report_2025-07-15_02AM.pdf
2026-08-16 03:19:53,622 INFO Skipped non-substantive snapshot (no date/matchup pairs): timestamp=2025-07-15T14:30:00 source_url=https://ak-static.cms.nba.com/referee/injury/Injury-Report_2025-07-15_02PM.pdf
2026-08-16 03:19:53,649 INFO Skipped non-substantive snapshot (no date/matchup pairs): timestamp=2025-07-15T03:30:00 source_url=https://ak-static.cms.nba.com/referee/injury/Injury-Report_2025-07-15_03AM.pdf
2026-08-16 03:19:53,674 INFO Skipped non-substantive snapshot (no date/matchup pairs): timestamp=2025-07-15T15:30:00 source_url=https://ak-static.cms.nba.com/referee/injury/Injury-Report_2025-07-15_03PM.pdf
2026-08-16 03:19:53,700 INFO Skipped non-substantive snapshot (no date/matchup pairs): timestamp=2025-07-15T04:30:00 source_url=https://ak-static.cms.nba.com/referee/injury/Injury-Report_2025-07-15_04AM.pdf
2026-08-16 03:19:53,725 INFO Skipped non-substantive snapshot (no date/matchup pairs): timestamp=2025-07-15T16:30:00 source_url=https://ak-static.cms.nba.com/referee/injury/Injury-Report_2025-07-15_04PM.pdf
2026-08-16 03:19:53,752 INFO Skipped non-substantive snapshot (no date/matchup pairs): timestamp=2025-07-15T05:30:00 source_url=https://ak-static.cms.nba.com/referee/injury/Injury-Report_2025-07-15_05AM.pdf
2026-08-16 03:19:53,822 INFO Skipped non-substantive snapshot (no date/matchup pairs): timestamp=2025-07-15T17:30:00 source_url=https://ak-static.cms.nba.com/referee/injury/Injury-Report_2025-07-15_05PM.pdf
2026-08-16 03:19:53,847 INFO Skipped non-substantive snapshot (no date/matchup pairs): timestamp=2025-07-15T06:30:00 source_url=https://ak-static.cms.nba.com/referee/injury/Injury-Report_2025-07-15_06AM.pdf
2026-08-16 03:19:53,873 INFO Skipped non-substantive snapshot (no date/matchup pairs): timestamp=2025-07-15T18:30:00 source_url=https://ak-static.cms.nba.com/referee/injury/Injury-Report_2025-07-15_06PM.pdf
2026-08-16 03:19:53,899 INFO Skipped non-substantive snapshot (no date/matchup pairs): timestamp=2025-07-15T07:30:00 source_url=https://ak-static.cms.nba.com/referee/injury/Injury-Report_2025-07-15_07AM.pdf
2026-08-16 03:19:53,925 INFO Skipped non-substantive snapshot (no date/matchup pairs): timestamp=2025-07-15T19:30:00 source_url=https://ak-static.cms.nba.com/referee/injury/Injury-Report_2025-07-15_07PM.pdf
2026-08-16 03:19:53,950 INFO Skipped non-substantive snapshot (no date/matchup pairs): timestamp=2025-07-15T08:30:00 source_url=https://ak-static.cms.nba.com/referee/injury/Injury-Report_2025-07-15_08AM.pdf
2026-08-16 03:19:53,977 INFO Skipped non-substantive snapshot (no date/matchup pairs): timestamp=2025-07-15T20:30:00 source_url=https://ak-static.cms.nba.com/referee/injury/Injury-Report_2025-07-15_08PM.pdf
2026-08-16 03:19:54,002 INFO Skipped non-substantive snapshot (no date/matchup pairs): timestamp=2025-07-15T09:30:00 source_url=https://ak-static.cms.nba.com/referee/injury/Injury-Report_2025-07-15_09AM.pdf
2026-08-16 03:19:54,028 INFO Skipped non-substantive snapshot (no date/matchup pairs): timestamp=2025-07-15T21:30:00 source_url=https://ak-static.cms.nba.com/referee/injury/Injury-Report_2025-07-15_09PM.pdf
2026-08-16 03:19:54,055 INFO Skipped non-substantive snapshot (no date/matchup pairs): timestamp=2025-07-15T10:30:00 source_url=https://ak-static.cms.nba.com/referee/injury/Injury-Report_2025-07-15_10AM.pdf
2026-08-16 03:19:54,080 INFO Skipped non-substantive snapshot (no date/matchup pairs): timestamp=2025-07-15T22:30:00 source_url=https://ak-static.cms.nba.com/referee/injury/Injury-Report_2025-07-15_10PM.pdf
2026-08-16 03:19:54,106 INFO Skipped non-substantive snapshot (no date/matchup pairs): timestamp=2025-07-15T11:30:00 source_url=https://ak-static.cms.nba.com/referee/injury/Injury-Report_2025-07-15_11AM.pdf
2026-08-16 03:19:54,132 INFO Skipped non-substantive snapshot (no date/matchup pairs): timestamp=2025-07-15T23:30:00 source_url=https://ak-static.cms.nba.com/referee/injury/Injury-Report_2025-07-15_11PM.pdf
2026-08-16 03:19:54,158 INFO Skipped non-substantive snapshot (no date/matchup pairs): timestamp=2025-07-15T00:30:00 source_url=https://ak-static.cms.nba.com/referee/injury/Injury-Report_2025-07-15_12AM.pdf
2026-08-16 03:19:54,184 INFO Skipped non-substantive snapshot (no date/matchup pairs): timestamp=2025-07-15T12:30:00 source_url=https://ak-static.cms.nba.com/referee/injury/Injury-Report_2025-07-15_12PM.pdf
2026-08-16 03:19:54,184 INFO Direct NBA day 267/363: 2025-07-15, 24 discovered -> 0 selected
2026-08-16 03:20:43,824 INFO Skipped non-substantive snapshot (no date/matchup pairs): timestamp=2025-07-16T01:30:00 source_url=https://ak-static.cms.nba.com/referee/injury/Injury-Report_2025-07-16_01AM.pdf
2026-08-16 03:20:43,851 INFO Skipped non-substantive snapshot (no date/matchup pairs): timestamp=2025-07-16T13:30:00 source_url=https://ak-static.cms.nba.com/referee/injury/Injury-Report_2025-07-16_01PM.pdf
2026-08-16 03:20:43,878 INFO Skipped non-substantive snapshot (no date/matchup pairs): timestamp=2025-07-16T02:30:00 source_url=https://ak-static.cms.nba.com/referee/injury/Injury-Report_2025-07-16_02AM.pdf
2026-08-16 03:20:43,904 INFO Skipped non-substantive snapshot (no date/matchup pairs): timestamp=2025-07-16T14:30:00 source_url=https://ak-static.cms.nba.com/referee/injury/Injury-Report_2025-07-16_02PM.pdf
2026-08-16 03:20:43,932 INFO Skipped non-substantive snapshot (no date/matchup pairs): timestamp=2025-07-16T03:30:00 source_url=https://ak-static.cms.nba.com/referee/injury/Injury-Report_2025-07-16_03AM.pdf
2026-08-16 03:20:43,958 INFO Skipped non-substantive snapshot (no date/matchup pairs): timestamp=2025-07-16T15:30:00 source_url=https://ak-static.cms.nba.com/referee/injury/Injury-Report_2025-07-16_03PM.pdf
2026-08-16 03:20:43,984 INFO Skipped non-substantive snapshot (no date/matchup pairs): timestamp=2025-07-16T04:30:00 source_url=https://ak-static.cms.nba.com/referee/injury/Injury-Report_2025-07-16_04AM.pdf
2026-08-16 03:20:44,056 INFO Skipped non-substantive snapshot (no date/matchup pairs): timestamp=2025-07-16T16:30:00 source_url=https://ak-static.cms.nba.com/referee/injury/Injury-Report_2025-07-16_04PM.pdf
2026-08-16 03:20:44,082 INFO Skipped non-substantive snapshot (no date/matchup pairs): timestamp=2025-07-16T05:30:00 source_url=https://ak-static.cms.nba.com/referee/injury/Injury-Report_2025-07-16_05AM.pdf
2026-08-16 03:20:44,109 INFO Skipped non-substantive snapshot (no date/matchup pairs): timestamp=2025-07-16T17:30:00 source_url=https://ak-static.cms.nba.com/referee/injury/Injury-Report_2025-07-16_05PM.pdf
2026-08-16 03:20:44,136 INFO Skipped non-substantive snapshot (no date/matchup pairs): timestamp=2025-07-16T06:30:00 source_url=https://ak-static.cms.nba.com/referee/injury/Injury-Report_2025-07-16_06AM.pdf
2026-08-16 03:20:44,163 INFO Skipped non-substantive snapshot (no date/matchup pairs): timestamp=2025-07-16T18:30:00 source_url=https://ak-static.cms.nba.com/referee/injury/Injury-Report_2025-07-16_06PM.pdf
2026-08-16 03:20:44,189 INFO Skipped non-substantive snapshot (no date/matchup pairs): timestamp=2025-07-16T07:30:00 source_url=https://ak-static.cms.nba.com/referee/injury/Injury-Report_2025-07-16_07AM.pdf
2026-08-16 03:20:44,216 INFO Skipped non-substantive snapshot (no date/matchup pairs): timestamp=2025-07-16T19:30:00 source_url=https://ak-static.cms.nba.com/referee/injury/Injury-Report_2025-07-16_07PM.pdf
2026-08-16 03:20:44,242 INFO Skipped non-substantive snapshot (no date/matchup pairs): timestamp=2025-07-16T08:30:00 source_url=https://ak-static.cms.nba.com/referee/injury/Injury-Report_2025-07-16_08AM.pdf
2026-08-16 03:20:44,270 INFO Skipped non-substantive snapshot (no date/matchup pairs): timestamp=2025-07-16T20:30:00 source_url=https://ak-static.cms.nba.com/referee/injury/Injury-Report_2025-07-16_08PM.pdf
2026-08-16 03:20:44,296 INFO Skipped non-substantive snapshot (no date/matchup pairs): timestamp=2025-07-16T09:30:00 source_url=https://ak-static.cms.nba.com/referee/injury/Injury-Report_2025-07-16_09AM.pdf
2026-08-16 03:20:44,322 INFO Skipped non-substantive snapshot (no date/matchup pairs): timestamp=2025-07-16T21:30:00 source_url=https://ak-static.cms.nba.com/referee/injury/Injury-Report_2025-07-16_09PM.pdf
2026-08-16 03:20:44,350 INFO Skipped non-substantive snapshot (no date/matchup pairs): timestamp=2025-07-16T10:30:00 source_url=https://ak-static.cms.nba.com/referee/injury/Injury-Report_2025-07-16_10AM.pdf
2026-08-16 03:20:44,375 INFO Skipped non-substantive snapshot (no date/matchup pairs): timestamp=2025-07-16T22:30:00 source_url=https://ak-static.cms.nba.com/referee/injury/Injury-Report_2025-07-16_10PM.pdf
2026-08-16 03:20:44,403 INFO Skipped non-substantive snapshot (no date/matchup pairs): timestamp=2025-07-16T11:30:00 source_url=https://ak-static.cms.nba.com/referee/injury/Injury-Report_2025-07-16_11AM.pdf
2026-08-16 03:20:44,429 INFO Skipped non-substantive snapshot (no date/matchup pairs): timestamp=2025-07-16T23:30:00 source_url=https://ak-static.cms.nba.com/referee/injury/Injury-Report_2025-07-16_11PM.pdf
2026-08-16 03:20:44,456 INFO Skipped non-substantive snapshot (no date/matchup pairs): timestamp=2025-07-16T00:30:00 source_url=https://ak-static.cms.nba.com/referee/injury/Injury-Report_2025-07-16_12AM.pdf
2026-08-16 03:20:44,482 INFO Skipped non-substantive snapshot (no date/matchup pairs): timestamp=2025-07-16T12:30:00 source_url=https://ak-static.cms.nba.com/referee/injury/Injury-Report_2025-07-16_12PM.pdf
2026-08-16 03:20:44,482 INFO Direct NBA day 268/363: 2025-07-16, 24 discovered -> 0 selected
2026-08-16 03:21:33,265 INFO Skipped non-substantive snapshot (no date/matchup pairs): timestamp=2025-07-17T01:30:00 source_url=https://ak-static.cms.nba.com/referee/injury/Injury-Report_2025-07-17_01AM.pdf
2026-08-16 03:21:33,290 INFO Skipped non-substantive snapshot (no date/matchup pairs): timestamp=2025-07-17T13:30:00 source_url=https://ak-static.cms.nba.com/referee/injury/Injury-Report_2025-07-17_01PM.pdf
2026-08-16 03:21:33,315 INFO Skipped non-substantive snapshot (no date/matchup pairs): timestamp=2025-07-17T02:30:00 source_url=https://ak-static.cms.nba.com/referee/injury/Injury-Report_2025-07-17_02AM.pdf
2026-08-16 03:21:33,341 INFO Skipped non-substantive snapshot (no date/matchup pairs): timestamp=2025-07-17T14:30:00 source_url=https://ak-static.cms.nba.com/referee/injury/Injury-Report_2025-07-17_02PM.pdf
2026-08-16 03:21:33,366 INFO Skipped non-substantive snapshot (no date/matchup pairs): timestamp=2025-07-17T03:30:00 source_url=https://ak-static.cms.nba.com/referee/injury/Injury-Report_2025-07-17_03AM.pdf
2026-08-16 03:21:33,391 INFO Skipped non-substantive snapshot (no date/matchup pairs): timestamp=2025-07-17T15:30:00 source_url=https://ak-static.cms.nba.com/referee/injury/Injury-Report_2025-07-17_03PM.pdf
2026-08-16 03:21:33,416 INFO Skipped non-substantive snapshot (no date/matchup pairs): timestamp=2025-07-17T04:30:00 source_url=https://ak-static.cms.nba.com/referee/injury/Injury-Report_2025-07-17_04AM.pdf
2026-08-16 03:21:33,442 INFO Skipped non-substantive snapshot (no date/matchup pairs): timestamp=2025-07-17T16:30:00 source_url=https://ak-static.cms.nba.com/referee/injury/Injury-Report_2025-07-17_04PM.pdf
2026-08-16 03:21:33,510 INFO Skipped non-substantive snapshot (no date/matchup pairs): timestamp=2025-07-17T05:30:00 source_url=https://ak-static.cms.nba.com/referee/injury/Injury-Report_2025-07-17_05AM.pdf
2026-08-16 03:21:33,535 INFO Skipped non-substantive snapshot (no date/matchup pairs): timestamp=2025-07-17T17:30:00 source_url=https://ak-static.cms.nba.com/referee/injury/Injury-Report_2025-07-17_05PM.pdf
2026-08-16 03:21:33,561 INFO Skipped non-substantive snapshot (no date/matchup pairs): timestamp=2025-07-17T06:30:00 source_url=https://ak-static.cms.nba.com/referee/injury/Injury-Report_2025-07-17_06AM.pdf
2026-08-16 03:21:33,586 INFO Skipped non-substantive snapshot (no date/matchup pairs): timestamp=2025-07-17T18:30:00 source_url=https://ak-static.cms.nba.com/referee/injury/Injury-Report_2025-07-17_06PM.pdf
2026-08-16 03:21:33,612 INFO Skipped non-substantive snapshot (no date/matchup pairs): timestamp=2025-07-17T07:30:00 source_url=https://ak-static.cms.nba.com/referee/injury/Injury-Report_2025-07-17_07AM.pdf
2026-08-16 03:21:33,637 INFO Skipped non-substantive snapshot (no date/matchup pairs): timestamp=2025-07-17T19:30:00 source_url=https://ak-static.cms.nba.com/referee/injury/Injury-Report_2025-07-17_07PM.pdf
2026-08-16 03:21:33,663 INFO Skipped non-substantive snapshot (no date/matchup pairs): timestamp=2025-07-17T08:30:00 source_url=https://ak-static.cms.nba.com/referee/injury/Injury-Report_2025-07-17_08AM.pdf
2026-08-16 03:21:33,688 INFO Skipped non-substantive snapshot (no date/matchup pairs): timestamp=2025-07-17T20:30:00 source_url=https://ak-static.cms.nba.com/referee/injury/Injury-Report_2025-07-17_08PM.pdf
2026-08-16 03:21:33,713 INFO Skipped non-substantive snapshot (no date/matchup pairs): timestamp=2025-07-17T09:30:00 source_url=https://ak-static.cms.nba.com/referee/injury/Injury-Report_2025-07-17_09AM.pdf
2026-08-16 03:21:33,739 INFO Skipped non-substantive snapshot (no date/matchup pairs): timestamp=2025-07-17T21:30:00 source_url=https://ak-static.cms.nba.com/referee/injury/Injury-Report_2025-07-17_09PM.pdf
2026-08-16 03:21:33,764 INFO Skipped non-substantive snapshot (no date/matchup pairs): timestamp=2025-07-17T10:30:00 source_url=https://ak-static.cms.nba.com/referee/injury/Injury-Report_2025-07-17_10AM.pdf
2026-08-16 03:21:33,790 INFO Skipped non-substantive snapshot (no date/matchup pairs): timestamp=2025-07-17T22:30:00 source_url=https://ak-static.cms.nba.com/referee/injury/Injury-Report_2025-07-17_10PM.pdf
2026-08-16 03:21:33,815 INFO Skipped non-substantive snapshot (no date/matchup pairs): timestamp=2025-07-17T11:30:00 source_url=https://ak-static.cms.nba.com/referee/injury/Injury-Report_2025-07-17_11AM.pdf
2026-08-16 03:21:33,841 INFO Skipped non-substantive snapshot (no date/matchup pairs): timestamp=2025-07-17T23:30:00 source_url=https://ak-static.cms.nba.com/referee/injury/Injury-Report_2025-07-17_11PM.pdf
2026-08-16 03:21:33,867 INFO Skipped non-substantive snapshot (no date/matchup pairs): timestamp=2025-07-17T00:30:00 source_url=https://ak-static.cms.nba.com/referee/injury/Injury-Report_2025-07-17_12AM.pdf
2026-08-16 03:21:33,892 INFO Skipped non-substantive snapshot (no date/matchup pairs): timestamp=2025-07-17T12:30:00 source_url=https://ak-static.cms.nba.com/referee/injury/Injury-Report_2025-07-17_12PM.pdf
2026-08-16 03:21:33,892 INFO Direct NBA day 269/363: 2025-07-17, 24 discovered -> 0 selected
2026-08-16 03:22:23,213 INFO Skipped non-substantive snapshot (no date/matchup pairs): timestamp=2025-07-18T01:30:00 source_url=https://ak-static.cms.nba.com/referee/injury/Injury-Report_2025-07-18_01AM.pdf
2026-08-16 03:22:23,238 INFO Skipped non-substantive snapshot (no date/matchup pairs): timestamp=2025-07-18T13:30:00 source_url=https://ak-static.cms.nba.com/referee/injury/Injury-Report_2025-07-18_01PM.pdf
2026-08-16 03:22:23,262 INFO Skipped non-substantive snapshot (no date/matchup pairs): timestamp=2025-07-18T02:30:00 source_url=https://ak-static.cms.nba.com/referee/injury/Injury-Report_2025-07-18_02AM.pdf
2026-08-16 03:22:23,285 INFO Skipped non-substantive snapshot (no date/matchup pairs): timestamp=2025-07-18T14:30:00 source_url=https://ak-static.cms.nba.com/referee/injury/Injury-Report_2025-07-18_02PM.pdf
2026-08-16 03:22:23,310 INFO Skipped non-substantive snapshot (no date/matchup pairs): timestamp=2025-07-18T03:30:00 source_url=https://ak-static.cms.nba.com/referee/injury/Injury-Report_2025-07-18_03AM.pdf
2026-08-16 03:22:23,333 INFO Skipped non-substantive snapshot (no date/matchup pairs): timestamp=2025-07-18T15:30:00 source_url=https://ak-static.cms.nba.com/referee/injury/Injury-Report_2025-07-18_03PM.pdf
2026-08-16 03:22:23,357 INFO Skipped non-substantive snapshot (no date/matchup pairs): timestamp=2025-07-18T04:30:00 source_url=https://ak-static.cms.nba.com/referee/injury/Injury-Report_2025-07-18_04AM.pdf
2026-08-16 03:22:23,380 INFO Skipped non-substantive snapshot (no date/matchup pairs): timestamp=2025-07-18T16:30:00 source_url=https://ak-static.cms.nba.com/referee/injury/Injury-Report_2025-07-18_04PM.pdf
2026-08-16 03:22:23,404 INFO Skipped non-substantive snapshot (no date/matchup pairs): timestamp=2025-07-18T05:30:00 source_url=https://ak-static.cms.nba.com/referee/injury/Injury-Report_2025-07-18_05AM.pdf
2026-08-16 03:22:23,428 INFO Skipped non-substantive snapshot (no date/matchup pairs): timestamp=2025-07-18T17:30:00 source_url=https://ak-static.cms.nba.com/referee/injury/Injury-Report_2025-07-18_05PM.pdf
2026-08-16 03:22:23,451 INFO Skipped non-substantive snapshot (no date/matchup pairs): timestamp=2025-07-18T06:30:00 source_url=https://ak-static.cms.nba.com/referee/injury/Injury-Report_2025-07-18_06AM.pdf
2026-08-16 03:22:23,476 INFO Skipped non-substantive snapshot (no date/matchup pairs): timestamp=2025-07-18T18:30:00 source_url=https://ak-static.cms.nba.com/referee/injury/Injury-Report_2025-07-18_06PM.pdf
2026-08-16 03:22:23,541 INFO Skipped non-substantive snapshot (no date/matchup pairs): timestamp=2025-07-18T07:30:00 source_url=https://ak-static.cms.nba.com/referee/injury/Injury-Report_2025-07-18_07AM.pdf
2026-08-16 03:22:23,565 INFO Skipped non-substantive snapshot (no date/matchup pairs): timestamp=2025-07-18T19:30:00 source_url=https://ak-static.cms.nba.com/referee/injury/Injury-Report_2025-07-18_07PM.pdf
2026-08-16 03:22:23,588 INFO Skipped non-substantive snapshot (no date/matchup pairs): timestamp=2025-07-18T08:30:00 source_url=https://ak-static.cms.nba.com/referee/injury/Injury-Report_2025-07-18_08AM.pdf
2026-08-16 03:22:23,613 INFO Skipped non-substantive snapshot (no date/matchup pairs): timestamp=2025-07-18T20:30:00 source_url=https://ak-static.cms.nba.com/referee/injury/Injury-Report_2025-07-18_08PM.pdf
2026-08-16 03:22:23,636 INFO Skipped non-substantive snapshot (no date/matchup pairs): timestamp=2025-07-18T09:30:00 source_url=https://ak-static.cms.nba.com/referee/injury/Injury-Report_2025-07-18_09AM.pdf
2026-08-16 03:22:23,659 INFO Skipped non-substantive snapshot (no date/matchup pairs): timestamp=2025-07-18T21:30:00 source_url=https://ak-static.cms.nba.com/referee/injury/Injury-Report_2025-07-18_09PM.pdf
2026-08-16 03:22:23,684 INFO Skipped non-substantive snapshot (no date/matchup pairs): timestamp=2025-07-18T10:30:00 source_url=https://ak-static.cms.nba.com/referee/injury/Injury-Report_2025-07-18_10AM.pdf
2026-08-16 03:22:23,707 INFO Skipped non-substantive snapshot (no date/matchup pairs): timestamp=2025-07-18T22:30:00 source_url=https://ak-static.cms.nba.com/referee/injury/Injury-Report_2025-07-18_10PM.pdf
2026-08-16 03:22:23,731 INFO Skipped non-substantive snapshot (no date/matchup pairs): timestamp=2025-07-18T11:30:00 source_url=https://ak-static.cms.nba.com/referee/injury/Injury-Report_2025-07-18_11AM.pdf
2026-08-16 03:22:23,754 INFO Skipped non-substantive snapshot (no date/matchup pairs): timestamp=2025-07-18T23:30:00 source_url=https://ak-static.cms.nba.com/referee/injury/Injury-Report_2025-07-18_11PM.pdf
2026-08-16 03:22:23,766 INFO Skipped non-substantive snapshot (no date/matchup pairs): timestamp=2025-07-18T00:30:00 source_url=https://ak-static.cms.nba.com/referee/injury/Injury-Report_2025-07-18_12AM.pdf
2026-08-16 03:22:23,791 INFO Skipped non-substantive snapshot (no date/matchup pairs): timestamp=2025-07-18T12:30:00 source_url=https://ak-static.cms.nba.com/referee/injury/Injury-Report_2025-07-18_12PM.pdf
2026-08-16 03:22:23,791 INFO Direct NBA day 270/363: 2025-07-18, 24 discovered -> 0 selected
2026-08-16 03:23:12,267 INFO Skipped non-substantive snapshot (no date/matchup pairs): timestamp=2025-07-19T01:30:00 source_url=https://ak-static.cms.nba.com/referee/injury/Injury-Report_2025-07-19_01AM.pdf
2026-08-16 03:23:12,287 INFO Skipped non-substantive snapshot (no date/matchup pairs): timestamp=2025-07-19T13:30:00 source_url=https://ak-static.cms.nba.com/referee/injury/Injury-Report_2025-07-19_01PM.pdf
2026-08-16 03:23:12,306 INFO Skipped non-substantive snapshot (no date/matchup pairs): timestamp=2025-07-19T02:30:00 source_url=https://ak-static.cms.nba.com/referee/injury/Injury-Report_2025-07-19_02AM.pdf
2026-08-16 03:23:12,325 INFO Skipped non-substantive snapshot (no date/matchup pairs): timestamp=2025-07-19T14:30:00 source_url=https://ak-static.cms.nba.com/referee/injury/Injury-Report_2025-07-19_02PM.pdf
2026-08-16 03:23:12,343 INFO Skipped non-substantive snapshot (no date/matchup pairs): timestamp=2025-07-19T03:30:00 source_url=https://ak-static.cms.nba.com/referee/injury/Injury-Report_2025-07-19_03AM.pdf
2026-08-16 03:23:12,361 INFO Skipped non-substantive snapshot (no date/matchup pairs): timestamp=2025-07-19T15:30:00 source_url=https://ak-static.cms.nba.com/referee/injury/Injury-Report_2025-07-19_03PM.pdf
2026-08-16 03:23:12,380 INFO Skipped non-substantive snapshot (no date/matchup pairs): timestamp=2025-07-19T04:30:00 source_url=https://ak-static.cms.nba.com/referee/injury/Injury-Report_2025-07-19_04AM.pdf
2026-08-16 03:23:12,398 INFO Skipped non-substantive snapshot (no date/matchup pairs): timestamp=2025-07-19T16:30:00 source_url=https://ak-static.cms.nba.com/referee/injury/Injury-Report_2025-07-19_04PM.pdf
2026-08-16 03:23:12,415 INFO Skipped non-substantive snapshot (no date/matchup pairs): timestamp=2025-07-19T05:30:00 source_url=https://ak-static.cms.nba.com/referee/injury/Injury-Report_2025-07-19_05AM.pdf
2026-08-16 03:23:12,433 INFO Skipped non-substantive snapshot (no date/matchup pairs): timestamp=2025-07-19T17:30:00 source_url=https://ak-static.cms.nba.com/referee/injury/Injury-Report_2025-07-19_05PM.pdf
2026-08-16 03:23:12,453 INFO Skipped non-substantive snapshot (no date/matchup pairs): timestamp=2025-07-19T06:30:00 source_url=https://ak-static.cms.nba.com/referee/injury/Injury-Report_2025-07-19_06AM.pdf
2026-08-16 03:23:12,471 INFO Skipped non-substantive snapshot (no date/matchup pairs): timestamp=2025-07-19T18:30:00 source_url=https://ak-static.cms.nba.com/referee/injury/Injury-Report_2025-07-19_06PM.pdf
2026-08-16 03:23:12,489 INFO Skipped non-substantive snapshot (no date/matchup pairs): timestamp=2025-07-19T07:30:00 source_url=https://ak-static.cms.nba.com/referee/injury/Injury-Report_2025-07-19_07AM.pdf
2026-08-16 03:23:12,508 INFO Skipped non-substantive snapshot (no date/matchup pairs): timestamp=2025-07-19T19:30:00 source_url=https://ak-static.cms.nba.com/referee/injury/Injury-Report_2025-07-19_07PM.pdf
2026-08-16 03:23:12,526 INFO Skipped non-substantive snapshot (no date/matchup pairs): timestamp=2025-07-19T08:30:00 source_url=https://ak-static.cms.nba.com/referee/injury/Injury-Report_2025-07-19_08AM.pdf
2026-08-16 03:23:12,544 INFO Skipped non-substantive snapshot (no date/matchup pairs): timestamp=2025-07-19T20:30:00 source_url=https://ak-static.cms.nba.com/referee/injury/Injury-Report_2025-07-19_08PM.pdf
2026-08-16 03:23:12,562 INFO Skipped non-substantive snapshot (no date/matchup pairs): timestamp=2025-07-19T09:30:00 source_url=https://ak-static.cms.nba.com/referee/injury/Injury-Report_2025-07-19_09AM.pdf
2026-08-16 03:23:12,583 INFO Skipped non-substantive snapshot (no date/matchup pairs): timestamp=2025-07-19T21:30:00 source_url=https://ak-static.cms.nba.com/referee/injury/Injury-Report_2025-07-19_09PM.pdf
2026-08-16 03:23:12,601 INFO Skipped non-substantive snapshot (no date/matchup pairs): timestamp=2025-07-19T10:30:00 source_url=https://ak-static.cms.nba.com/referee/injury/Injury-Report_2025-07-19_10AM.pdf
2026-08-16 03:23:12,621 INFO Skipped non-substantive snapshot (no date/matchup pairs): timestamp=2025-07-19T22:30:00 source_url=https://ak-static.cms.nba.com/referee/injury/Injury-Report_2025-07-19_10PM.pdf
2026-08-16 03:23:12,640 INFO Skipped non-substantive snapshot (no date/matchup pairs): timestamp=2025-07-19T11:30:00 source_url=https://ak-static.cms.nba.com/referee/injury/Injury-Report_2025-07-19_11AM.pdf
2026-08-16 03:23:12,659 INFO Skipped non-substantive snapshot (no date/matchup pairs): timestamp=2025-07-19T23:30:00 source_url=https://ak-static.cms.nba.com/referee/injury/Injury-Report_2025-07-19_11PM.pdf
2026-08-16 03:23:12,678 INFO Skipped non-substantive snapshot (no date/matchup pairs): timestamp=2025-07-19T00:30:00 source_url=https://ak-static.cms.nba.com/referee/injury/Injury-Report_2025-07-19_12AM.pdf
2026-08-16 03:23:12,697 INFO Skipped non-substantive snapshot (no date/matchup pairs): timestamp=2025-07-19T12:30:00 source_url=https://ak-static.cms.nba.com/referee/injury/Injury-Report_2025-07-19_12PM.pdf
2026-08-16 03:23:12,697 INFO Direct NBA day 271/363: 2025-07-19, 24 discovered -> 0 selected
2026-08-16 03:24:02,252 INFO Skipped non-substantive snapshot (no date/matchup pairs): timestamp=2025-07-20T01:30:00 source_url=https://ak-static.cms.nba.com/referee/injury/Injury-Report_2025-07-20_01AM.pdf
2026-08-16 03:24:02,300 INFO Skipped non-substantive snapshot (no date/matchup pairs): timestamp=2025-07-20T13:30:00 source_url=https://ak-static.cms.nba.com/referee/injury/Injury-Report_2025-07-20_01PM.pdf
2026-08-16 03:24:02,308 INFO Skipped non-substantive snapshot (no date/matchup pairs): timestamp=2025-07-20T02:30:00 source_url=https://ak-static.cms.nba.com/referee/injury/Injury-Report_2025-07-20_02AM.pdf
2026-08-16 03:24:02,315 INFO Skipped non-substantive snapshot (no date/matchup pairs): timestamp=2025-07-20T14:30:00 source_url=https://ak-static.cms.nba.com/referee/injury/Injury-Report_2025-07-20_02PM.pdf
2026-08-16 03:24:02,323 INFO Skipped non-substantive snapshot (no date/matchup pairs): timestamp=2025-07-20T03:30:00 source_url=https://ak-static.cms.nba.com/referee/injury/Injury-Report_2025-07-20_03AM.pdf
2026-08-16 03:24:02,330 INFO Skipped non-substantive snapshot (no date/matchup pairs): timestamp=2025-07-20T15:30:00 source_url=https://ak-static.cms.nba.com/referee/injury/Injury-Report_2025-07-20_03PM.pdf
2026-08-16 03:24:02,338 INFO Skipped non-substantive snapshot (no date/matchup pairs): timestamp=2025-07-20T04:30:00 source_url=https://ak-static.cms.nba.com/referee/injury/Injury-Report_2025-07-20_04AM.pdf
2026-08-16 03:24:02,347 INFO Skipped non-substantive snapshot (no date/matchup pairs): timestamp=2025-07-20T16:30:00 source_url=https://ak-static.cms.nba.com/referee/injury/Injury-Report_2025-07-20_04PM.pdf
2026-08-16 03:24:02,354 INFO Skipped non-substantive snapshot (no date/matchup pairs): timestamp=2025-07-20T05:30:00 source_url=https://ak-static.cms.nba.com/referee/injury/Injury-Report_2025-07-20_05AM.pdf
2026-08-16 03:24:02,362 INFO Skipped non-substantive snapshot (no date/matchup pairs): timestamp=2025-07-20T17:30:00 source_url=https://ak-static.cms.nba.com/referee/injury/Injury-Report_2025-07-20_05PM.pdf
2026-08-16 03:24:02,369 INFO Skipped non-substantive snapshot (no date/matchup pairs): timestamp=2025-07-20T06:30:00 source_url=https://ak-static.cms.nba.com/referee/injury/Injury-Report_2025-07-20_06AM.pdf
2026-08-16 03:24:02,377 INFO Skipped non-substantive snapshot (no date/matchup pairs): timestamp=2025-07-20T18:30:00 source_url=https://ak-static.cms.nba.com/referee/injury/Injury-Report_2025-07-20_06PM.pdf
2026-08-16 03:24:02,384 INFO Skipped non-substantive snapshot (no date/matchup pairs): timestamp=2025-07-20T07:30:00 source_url=https://ak-static.cms.nba.com/referee/injury/Injury-Report_2025-07-20_07AM.pdf
2026-08-16 03:24:02,392 INFO Skipped non-substantive snapshot (no date/matchup pairs): timestamp=2025-07-20T19:30:00 source_url=https://ak-static.cms.nba.com/referee/injury/Injury-Report_2025-07-20_07PM.pdf
2026-08-16 03:24:02,400 INFO Skipped non-substantive snapshot (no date/matchup pairs): timestamp=2025-07-20T08:30:00 source_url=https://ak-static.cms.nba.com/referee/injury/Injury-Report_2025-07-20_08AM.pdf
2026-08-16 03:24:02,407 INFO Skipped non-substantive snapshot (no date/matchup pairs): timestamp=2025-07-20T20:30:00 source_url=https://ak-static.cms.nba.com/referee/injury/Injury-Report_2025-07-20_08PM.pdf
2026-08-16 03:24:02,415 INFO Skipped non-substantive snapshot (no date/matchup pairs): timestamp=2025-07-20T09:30:00 source_url=https://ak-static.cms.nba.com/referee/injury/Injury-Report_2025-07-20_09AM.pdf
2026-08-16 03:24:02,422 INFO Skipped non-substantive snapshot (no date/matchup pairs): timestamp=2025-07-20T21:30:00 source_url=https://ak-static.cms.nba.com/referee/injury/Injury-Report_2025-07-20_09PM.pdf
2026-08-16 03:24:02,432 INFO Skipped non-substantive snapshot (no date/matchup pairs): timestamp=2025-07-20T10:30:00 source_url=https://ak-static.cms.nba.com/referee/injury/Injury-Report_2025-07-20_10AM.pdf
2026-08-16 03:24:02,439 INFO Skipped non-substantive snapshot (no date/matchup pairs): timestamp=2025-07-20T22:30:00 source_url=https://ak-static.cms.nba.com/referee/injury/Injury-Report_2025-07-20_10PM.pdf
2026-08-16 03:24:02,447 INFO Skipped non-substantive snapshot (no date/matchup pairs): timestamp=2025-07-20T11:30:00 source_url=https://ak-static.cms.nba.com/referee/injury/Injury-Report_2025-07-20_11AM.pdf
2026-08-16 03:24:02,454 INFO Skipped non-substantive snapshot (no date/matchup pairs): timestamp=2025-07-20T23:30:00 source_url=https://ak-static.cms.nba.com/referee/injury/Injury-Report_2025-07-20_11PM.pdf
2026-08-16 03:24:02,462 INFO Skipped non-substantive snapshot (no date/matchup pairs): timestamp=2025-07-20T00:30:00 source_url=https://ak-static.cms.nba.com/referee/injury/Injury-Report_2025-07-20_12AM.pdf
2026-08-16 03:24:02,469 INFO Skipped non-substantive snapshot (no date/matchup pairs): timestamp=2025-07-20T12:30:00 source_url=https://ak-static.cms.nba.com/referee/injury/Injury-Report_2025-07-20_12PM.pdf
2026-08-16 03:24:02,469 INFO Direct NBA day 272/363: 2025-07-20, 24 discovered -> 0 selected
2026-08-16 03:24:28,314 INFO Direct NBA day 273/363: 2025-07-21, 0 discovered -> 0 selected
2026-08-16 03:24:53,808 INFO Direct NBA day 274/363: 2025-07-22, 0 discovered -> 0 selected
2026-08-16 03:25:19,298 INFO Direct NBA day 275/363: 2025-07-23, 0 discovered -> 0 selected
2026-08-16 03:25:44,668 INFO Direct NBA day 276/363: 2025-07-24, 0 discovered -> 0 selected
2026-08-16 03:26:10,023 INFO Direct NBA day 277/363: 2025-07-25, 0 discovered -> 0 selected
2026-08-16 03:26:35,597 INFO Direct NBA day 278/363: 2025-07-26, 0 discovered -> 0 selected
2026-08-16 03:27:01,151 INFO Direct NBA day 279/363: 2025-07-27, 0 discovered -> 0 selected
2026-08-16 03:27:26,592 INFO Direct NBA day 280/363: 2025-07-28, 0 discovered -> 0 selected
2026-08-16 03:27:52,183 INFO Direct NBA day 281/363: 2025-07-29, 0 discovered -> 0 selected
2026-08-16 03:28:17,763 INFO Direct NBA day 282/363: 2025-07-30, 0 discovered -> 0 selected
2026-08-16 03:28:43,259 INFO Direct NBA day 283/363: 2025-07-31, 0 discovered -> 0 selected
2026-08-16 03:29:08,896 INFO Direct NBA day 284/363: 2025-08-01, 0 discovered -> 0 selected
2026-08-16 03:29:34,425 INFO Direct NBA day 285/363: 2025-08-02, 0 discovered -> 0 selected
2026-08-16 03:30:00,020 INFO Direct NBA day 286/363: 2025-08-03, 0 discovered -> 0 selected
2026-08-16 03:30:25,523 INFO Direct NBA day 287/363: 2025-08-04, 0 discovered -> 0 selected
2026-08-16 03:30:51,052 INFO Direct NBA day 288/363: 2025-08-05, 0 discovered -> 0 selected
2026-08-16 03:31:16,680 INFO Direct NBA day 289/363: 2025-08-06, 0 discovered -> 0 selected
2026-08-16 03:31:42,134 INFO Direct NBA day 290/363: 2025-08-07, 0 discovered -> 0 selected
2026-08-16 03:32:07,725 INFO Direct NBA day 291/363: 2025-08-08, 0 discovered -> 0 selected
2026-08-16 03:32:33,328 INFO Direct NBA day 292/363: 2025-08-09, 0 discovered -> 0 selected
2026-08-16 03:32:58,850 INFO Direct NBA day 293/363: 2025-08-10, 0 discovered -> 0 selected
2026-08-16 03:33:24,416 INFO Direct NBA day 294/363: 2025-08-11, 0 discovered -> 0 selected
2026-08-16 03:33:50,004 INFO Direct NBA day 295/363: 2025-08-12, 0 discovered -> 0 selected
2026-08-16 03:34:15,668 INFO Direct NBA day 296/363: 2025-08-13, 0 discovered -> 0 selected
2026-08-16 03:34:41,246 INFO Direct NBA day 297/363: 2025-08-14, 0 discovered -> 0 selected
2026-08-16 03:35:06,787 INFO Direct NBA day 298/363: 2025-08-15, 0 discovered -> 0 selected
2026-08-16 03:35:32,226 INFO Direct NBA day 299/363: 2025-08-16, 0 discovered -> 0 selected
2026-08-16 03:35:57,845 INFO Direct NBA day 300/363: 2025-08-17, 0 discovered -> 0 selected
2026-08-16 03:36:23,248 INFO Direct NBA day 301/363: 2025-08-18, 0 discovered -> 0 selected
2026-08-16 03:36:48,904 INFO Direct NBA day 302/363: 2025-08-19, 0 discovered -> 0 selected
2026-08-16 03:37:14,465 INFO Direct NBA day 303/363: 2025-08-20, 0 discovered -> 0 selected
2026-08-16 03:37:39,899 INFO Direct NBA day 304/363: 2025-08-21, 0 discovered -> 0 selected
2026-08-16 03:38:05,505 INFO Direct NBA day 305/363: 2025-08-22, 0 discovered -> 0 selected
2026-08-16 03:38:31,105 INFO Direct NBA day 306/363: 2025-08-23, 0 discovered -> 0 selected
2026-08-16 03:38:56,647 INFO Direct NBA day 307/363: 2025-08-24, 0 discovered -> 0 selected
2026-08-16 03:39:22,177 INFO Direct NBA day 308/363: 2025-08-25, 0 discovered -> 0 selected
2026-08-16 03:39:47,567 INFO Direct NBA day 309/363: 2025-08-26, 0 discovered -> 0 selected
2026-08-16 03:40:13,257 INFO Direct NBA day 310/363: 2025-08-27, 0 discovered -> 0 selected
2026-08-16 03:40:38,831 INFO Direct NBA day 311/363: 2025-08-28, 0 discovered -> 0 selected
2026-08-16 03:41:04,424 INFO Direct NBA day 312/363: 2025-08-29, 0 discovered -> 0 selected
2026-08-16 03:41:29,994 INFO Direct NBA day 313/363: 2025-08-30, 0 discovered -> 0 selected
2026-08-16 03:41:55,584 INFO Direct NBA day 314/363: 2025-08-31, 0 discovered -> 0 selected
2026-08-16 03:42:21,092 INFO Direct NBA day 315/363: 2025-09-01, 0 discovered -> 0 selected
2026-08-16 03:42:46,532 INFO Direct NBA day 316/363: 2025-09-02, 0 discovered -> 0 selected
2026-08-16 03:43:12,193 INFO Direct NBA day 317/363: 2025-09-03, 0 discovered -> 0 selected
2026-08-16 03:43:37,675 INFO Direct NBA day 318/363: 2025-09-04, 0 discovered -> 0 selected
2026-08-16 03:44:03,258 INFO Direct NBA day 319/363: 2025-09-05, 0 discovered -> 0 selected
2026-08-16 03:44:28,875 INFO Direct NBA day 320/363: 2025-09-06, 0 discovered -> 0 selected
2026-08-16 03:44:54,466 INFO Direct NBA day 321/363: 2025-09-07, 0 discovered -> 0 selected
2026-08-16 03:45:20,064 INFO Direct NBA day 322/363: 2025-09-08, 0 discovered -> 0 selected
2026-08-16 03:45:45,750 INFO Direct NBA day 323/363: 2025-09-09, 0 discovered -> 0 selected
2026-08-16 03:46:11,240 INFO Direct NBA day 324/363: 2025-09-10, 0 discovered -> 0 selected
2026-08-16 03:46:36,757 INFO Direct NBA day 325/363: 2025-09-11, 0 discovered -> 0 selected
2026-08-16 03:47:02,396 INFO Direct NBA day 326/363: 2025-09-12, 0 discovered -> 0 selected
2026-08-16 03:47:27,952 INFO Direct NBA day 327/363: 2025-09-13, 0 discovered -> 0 selected
2026-08-16 03:47:53,543 INFO Direct NBA day 328/363: 2025-09-14, 0 discovered -> 0 selected
2026-08-16 03:48:18,980 INFO Direct NBA day 329/363: 2025-09-15, 0 discovered -> 0 selected
2026-08-16 03:48:44,377 INFO Direct NBA day 330/363: 2025-09-16, 0 discovered -> 0 selected
2026-08-16 03:49:09,986 INFO Direct NBA day 331/363: 2025-09-17, 0 discovered -> 0 selected
2026-08-16 03:49:35,663 INFO Direct NBA day 332/363: 2025-09-18, 0 discovered -> 0 selected
2026-08-16 03:50:01,084 INFO Direct NBA day 333/363: 2025-09-19, 0 discovered -> 0 selected
2026-08-16 03:50:26,588 INFO Direct NBA day 334/363: 2025-09-20, 0 discovered -> 0 selected
2026-08-16 03:50:52,013 INFO Direct NBA day 335/363: 2025-09-21, 0 discovered -> 0 selected
2026-08-16 03:51:17,733 INFO Direct NBA day 336/363: 2025-09-22, 0 discovered -> 0 selected
2026-08-16 03:51:43,256 INFO Direct NBA day 337/363: 2025-09-23, 0 discovered -> 0 selected
2026-08-16 03:52:08,820 INFO Direct NBA day 338/363: 2025-09-24, 0 discovered -> 0 selected
2026-08-16 03:52:34,498 INFO Direct NBA day 339/363: 2025-09-25, 0 discovered -> 0 selected
2026-08-16 03:53:00,018 INFO Direct NBA day 340/363: 2025-09-26, 0 discovered -> 0 selected
2026-08-16 03:53:25,462 INFO Direct NBA day 341/363: 2025-09-27, 0 discovered -> 0 selected
2026-08-16 03:53:51,039 INFO Direct NBA day 342/363: 2025-09-28, 0 discovered -> 0 selected
2026-08-16 03:54:16,608 INFO Direct NBA day 343/363: 2025-09-29, 0 discovered -> 0 selected
2026-08-16 03:54:42,280 INFO Direct NBA day 344/363: 2025-09-30, 0 discovered -> 0 selected
2026-08-16 03:55:07,643 INFO Direct NBA day 345/363: 2025-10-01, 0 discovered -> 0 selected
2026-08-16 03:55:33,298 INFO Direct NBA day 346/363: 2025-10-02, 0 discovered -> 0 selected
2026-08-16 03:55:58,836 INFO Direct NBA day 347/363: 2025-10-03, 0 discovered -> 0 selected
2026-08-16 03:56:24,385 INFO Direct NBA day 348/363: 2025-10-04, 0 discovered -> 0 selected
2026-08-16 03:56:49,928 INFO Direct NBA day 349/363: 2025-10-05, 0 discovered -> 0 selected
2026-08-16 03:57:15,520 INFO Direct NBA day 350/363: 2025-10-06, 0 discovered -> 0 selected
2026-08-16 03:57:41,085 INFO Direct NBA day 351/363: 2025-10-07, 0 discovered -> 0 selected
2026-08-16 03:58:06,491 INFO Direct NBA day 352/363: 2025-10-08, 0 discovered -> 0 selected
2026-08-16 03:58:32,348 INFO Direct NBA day 353/363: 2025-10-09, 0 discovered -> 0 selected
2026-08-16 03:58:57,685 INFO Direct NBA day 354/363: 2025-10-10, 0 discovered -> 0 selected
2026-08-16 03:59:23,281 INFO Direct NBA day 355/363: 2025-10-11, 0 discovered -> 0 selected
2026-08-16 03:59:48,928 INFO Direct NBA day 356/363: 2025-10-12, 0 discovered -> 0 selected
2026-08-16 04:00:14,619 INFO Direct NBA day 357/363: 2025-10-13, 0 discovered -> 0 selected
2026-08-16 04:00:40,159 INFO Direct NBA day 358/363: 2025-10-14, 0 discovered -> 0 selected
2026-08-16 04:01:05,609 INFO Direct NBA day 359/363: 2025-10-15, 0 discovered -> 0 selected
2026-08-16 04:01:31,246 INFO Direct NBA day 360/363: 2025-10-16, 0 discovered -> 0 selected
2026-08-16 04:01:56,905 INFO Direct NBA day 361/363: 2025-10-17, 0 discovered -> 0 selected
2026-08-16 04:02:22,432 INFO Direct NBA day 362/363: 2025-10-18, 0 discovered -> 0 selected
2026-08-16 04:02:47,860 INFO Direct NBA day 363/363: 2025-10-19, 0 discovered -> 0 selected
{"already_known": 0, "archive_urls_discovered": 235, "candidates_already_known": 39, "candidates_inserted": 196, "discovered": 0, "downloaded": 196, "entries_inserted": 20814, "http_failures": 0, "invalid_pdfs": 0, "missing": 0, "parse_failures": 0, "parsed": 196}
