2026-08-14 16:17:11,372 INFO Skipped non-substantive snapshot (no date/matchup pairs): timestamp=2026-04-13T01:00:00 source_url=https://ak-static.cms.nba.com/referee/injury/Injury-Report_2026-04-13_01_00AM.pdf
2026-08-14 16:17:11,382 INFO Skipped non-substantive snapshot (no date/matchup pairs): timestamp=2026-04-13T13:00:00 source_url=https://ak-static.cms.nba.com/referee/injury/Injury-Report_2026-04-13_01_00PM.pdf
2026-08-14 16:17:11,392 INFO Skipped non-substantive snapshot (no date/matchup pairs): timestamp=2026-04-13T01:15:00 source_url=https://ak-static.cms.nba.com/referee/injury/Injury-Report_2026-04-13_01_15AM.pdf
2026-08-14 16:17:11,401 INFO Skipped non-substantive snapshot (no date/matchup pairs): timestamp=2026-04-13T13:15:00 source_url=https://ak-static.cms.nba.com/referee/injury/Injury-Report_2026-04-13_01_15PM.pdf
2026-08-14 16:17:11,409 INFO Skipped non-substantive snapshot (no date/matchup pairs): timestamp=2026-04-13T01:30:00 source_url=https://ak-static.cms.nba.com/referee/injury/Injury-Report_2026-04-13_01_30AM.pdf
2026-08-14 16:17:11,420 INFO Skipped non-substantive snapshot (no date/matchup pairs): timestamp=2026-04-13T13:30:00 source_url=https://ak-static.cms.nba.com/referee/injury/Injury-Report_2026-04-13_01_30PM.pdf
2026-08-14 16:17:11,428 INFO Skipped non-substantive snapshot (no date/matchup pairs): timestamp=2026-04-13T01:45:00 source_url=https://ak-static.cms.nba.com/referee/injury/Injury-Report_2026-04-13_01_45AM.pdf
2026-08-14 16:17:11,435 INFO Skipped non-substantive snapshot (no date/matchup pairs): timestamp=2026-04-13T13:45:00 source_url=https://ak-static.cms.nba.com/referee/injury/Injury-Report_2026-04-13_01_45PM.pdf
2026-08-14 16:17:11,442 INFO Skipped non-substantive snapshot (no date/matchup pairs): timestamp=2026-04-13T02:00:00 source_url=https://ak-static.cms.nba.com/referee/injury/Injury-Report_2026-04-13_02_00AM.pdf
2026-08-14 16:17:11,449 INFO Skipped non-substantive snapshot (no date/matchup pairs): timestamp=2026-04-13T14:00:00 source_url=https://ak-static.cms.nba.com/referee/injury/Injury-Report_2026-04-13_02_00PM.pdf
2026-08-14 16:17:11,456 INFO Skipped non-substantive snapshot (no date/matchup pairs): timestamp=2026-04-13T02:15:00 source_url=https://ak-static.cms.nba.com/referee/injury/Injury-Report_2026-04-13_02_15AM.pdf
2026-08-14 16:17:11,463 INFO Skipped non-substantive snapshot (no date/matchup pairs): timestamp=2026-04-13T14:15:00 source_url=https://ak-static.cms.nba.com/referee/injury/Injury-Report_2026-04-13_02_15PM.pdf
2026-08-14 16:17:11,470 INFO Skipped non-substantive snapshot (no date/matchup pairs): timestamp=2026-04-13T02:30:00 source_url=https://ak-static.cms.nba.com/referee/injury/Injury-Report_2026-04-13_02_30AM.pdf
2026-08-14 16:17:11,477 INFO Skipped non-substantive snapshot (no date/matchup pairs): timestamp=2026-04-13T14:30:00 source_url=https://ak-static.cms.nba.com/referee/injury/Injury-Report_2026-04-13_02_30PM.pdf
2026-08-14 16:17:11,484 INFO Skipped non-substantive snapshot (no date/matchup pairs): timestamp=2026-04-13T02:45:00 source_url=https://ak-static.cms.nba.com/referee/injury/Injury-Report_2026-04-13_02_45AM.pdf
2026-08-14 16:17:11,490 INFO Skipped non-substantive snapshot (no date/matchup pairs): timestamp=2026-04-13T14:45:00 source_url=https://ak-static.cms.nba.com/referee/injury/Injury-Report_2026-04-13_02_45PM.pdf
2026-08-14 16:17:11,497 INFO Skipped non-substantive snapshot (no date/matchup pairs): timestamp=2026-04-13T03:00:00 source_url=https://ak-static.cms.nba.com/referee/injury/Injury-Report_2026-04-13_03_00AM.pdf
2026-08-14 16:17:11,506 INFO Skipped non-substantive snapshot (no date/matchup pairs): timestamp=2026-04-13T15:00:00 source_url=https://ak-static.cms.nba.com/referee/injury/Injury-Report_2026-04-13_03_00PM.pdf
2026-08-14 16:17:11,512 INFO Skipped non-substantive snapshot (no date/matchup pairs): timestamp=2026-04-13T03:15:00 source_url=https://ak-static.cms.nba.com/referee/injury/Injury-Report_2026-04-13_03_15AM.pdf
2026-08-14 16:17:11,553 INFO Skipped non-substantive snapshot (no date/matchup pairs): timestamp=2026-04-13T15:15:00 source_url=https://ak-static.cms.nba.com/referee/injury/Injury-Report_2026-04-13_03_15PM.pdf
2026-08-14 16:17:11,560 INFO Skipped non-substantive snapshot (no date/matchup pairs): timestamp=2026-04-13T03:30:00 source_url=https://ak-static.cms.nba.com/referee/injury/Injury-Report_2026-04-13_03_30AM.pdf
2026-08-14 16:17:11,566 INFO Skipped non-substantive snapshot (no date/matchup pairs): timestamp=2026-04-13T15:30:00 source_url=https://ak-static.cms.nba.com/referee/injury/Injury-Report_2026-04-13_03_30PM.pdf
2026-08-14 16:17:11,573 INFO Skipped non-substantive snapshot (no date/matchup pairs): timestamp=2026-04-13T03:45:00 source_url=https://ak-static.cms.nba.com/referee/injury/Injury-Report_2026-04-13_03_45AM.pdf
2026-08-14 16:17:11,579 INFO Skipped non-substantive snapshot (no date/matchup pairs): timestamp=2026-04-13T15:45:00 source_url=https://ak-static.cms.nba.com/referee/injury/Injury-Report_2026-04-13_03_45PM.pdf
2026-08-14 16:17:11,586 INFO Skipped non-substantive snapshot (no date/matchup pairs): timestamp=2026-04-13T04:00:00 source_url=https://ak-static.cms.nba.com/referee/injury/Injury-Report_2026-04-13_04_00AM.pdf
2026-08-14 16:17:11,592 INFO Skipped non-substantive snapshot (no date/matchup pairs): timestamp=2026-04-13T16:00:00 source_url=https://ak-static.cms.nba.com/referee/injury/Injury-Report_2026-04-13_04_00PM.pdf
2026-08-14 16:17:11,599 INFO Skipped non-substantive snapshot (no date/matchup pairs): timestamp=2026-04-13T04:15:00 source_url=https://ak-static.cms.nba.com/referee/injury/Injury-Report_2026-04-13_04_15AM.pdf
2026-08-14 16:17:11,607 INFO Skipped non-substantive snapshot (no date/matchup pairs): timestamp=2026-04-13T16:15:00 source_url=https://ak-static.cms.nba.com/referee/injury/Injury-Report_2026-04-13_04_15PM.pdf
2026-08-14 16:17:11,613 INFO Skipped non-substantive snapshot (no date/matchup pairs): timestamp=2026-04-13T04:30:00 source_url=https://ak-static.cms.nba.com/referee/injury/Injury-Report_2026-04-13_04_30AM.pdf
2026-08-14 16:17:11,620 INFO Skipped non-substantive snapshot (no date/matchup pairs): timestamp=2026-04-13T16:30:00 source_url=https://ak-static.cms.nba.com/referee/injury/Injury-Report_2026-04-13_04_30PM.pdf
2026-08-14 16:17:11,626 INFO Skipped non-substantive snapshot (no date/matchup pairs): timestamp=2026-04-13T04:45:00 source_url=https://ak-static.cms.nba.com/referee/injury/Injury-Report_2026-04-13_04_45AM.pdf
2026-08-14 16:17:11,632 INFO Skipped non-substantive snapshot (no date/matchup pairs): timestamp=2026-04-13T16:45:00 source_url=https://ak-static.cms.nba.com/referee/injury/Injury-Report_2026-04-13_04_45PM.pdf
2026-08-14 16:17:11,638 INFO Skipped non-substantive snapshot (no date/matchup pairs): timestamp=2026-04-13T05:00:00 source_url=https://ak-static.cms.nba.com/referee/injury/Injury-Report_2026-04-13_05_00AM.pdf
2026-08-14 16:17:11,651 INFO Skipped non-substantive snapshot (no date/matchup pairs): timestamp=2026-04-13T05:15:00 source_url=https://ak-static.cms.nba.com/referee/injury/Injury-Report_2026-04-13_05_15AM.pdf
2026-08-14 16:17:11,664 INFO Skipped non-substantive snapshot (no date/matchup pairs): timestamp=2026-04-13T05:30:00 source_url=https://ak-static.cms.nba.com/referee/injury/Injury-Report_2026-04-13_05_30AM.pdf
2026-08-14 16:17:11,682 INFO Skipped non-substantive snapshot (no date/matchup pairs): timestamp=2026-04-13T05:45:00 source_url=https://ak-static.cms.nba.com/referee/injury/Injury-Report_2026-04-13_05_45AM.pdf
2026-08-14 16:17:11,701 INFO Skipped non-substantive snapshot (no date/matchup pairs): timestamp=2026-04-13T06:00:00 source_url=https://ak-static.cms.nba.com/referee/injury/Injury-Report_2026-04-13_06_00AM.pdf
2026-08-14 16:17:11,718 INFO Skipped non-substantive snapshot (no date/matchup pairs): timestamp=2026-04-13T06:15:00 source_url=https://ak-static.cms.nba.com/referee/injury/Injury-Report_2026-04-13_06_15AM.pdf
2026-08-14 16:17:11,735 INFO Skipped non-substantive snapshot (no date/matchup pairs): timestamp=2026-04-13T06:30:00 source_url=https://ak-static.cms.nba.com/referee/injury/Injury-Report_2026-04-13_06_30AM.pdf
2026-08-14 16:17:11,755 INFO Skipped non-substantive snapshot (no date/matchup pairs): timestamp=2026-04-13T06:45:00 source_url=https://ak-static.cms.nba.com/referee/injury/Injury-Report_2026-04-13_06_45AM.pdf
2026-08-14 16:17:11,772 INFO Skipped non-substantive snapshot (no date/matchup pairs): timestamp=2026-04-13T07:00:00 source_url=https://ak-static.cms.nba.com/referee/injury/Injury-Report_2026-04-13_07_00AM.pdf
2026-08-14 16:17:11,789 INFO Skipped non-substantive snapshot (no date/matchup pairs): timestamp=2026-04-13T07:15:00 source_url=https://ak-static.cms.nba.com/referee/injury/Injury-Report_2026-04-13_07_15AM.pdf
2026-08-14 16:17:11,807 INFO Skipped non-substantive snapshot (no date/matchup pairs): timestamp=2026-04-13T07:30:00 source_url=https://ak-static.cms.nba.com/referee/injury/Injury-Report_2026-04-13_07_30AM.pdf
2026-08-14 16:17:11,826 INFO Skipped non-substantive snapshot (no date/matchup pairs): timestamp=2026-04-13T07:45:00 source_url=https://ak-static.cms.nba.com/referee/injury/Injury-Report_2026-04-13_07_45AM.pdf
2026-08-14 16:17:11,843 INFO Skipped non-substantive snapshot (no date/matchup pairs): timestamp=2026-04-13T08:00:00 source_url=https://ak-static.cms.nba.com/referee/injury/Injury-Report_2026-04-13_08_00AM.pdf
2026-08-14 16:17:11,862 INFO Skipped non-substantive snapshot (no date/matchup pairs): timestamp=2026-04-13T08:15:00 source_url=https://ak-static.cms.nba.com/referee/injury/Injury-Report_2026-04-13_08_15AM.pdf
2026-08-14 16:17:11,882 INFO Skipped non-substantive snapshot (no date/matchup pairs): timestamp=2026-04-13T08:30:00 source_url=https://ak-static.cms.nba.com/referee/injury/Injury-Report_2026-04-13_08_30AM.pdf
2026-08-14 16:17:11,903 INFO Skipped non-substantive snapshot (no date/matchup pairs): timestamp=2026-04-13T08:45:00 source_url=https://ak-static.cms.nba.com/referee/injury/Injury-Report_2026-04-13_08_45AM.pdf
2026-08-14 16:17:11,921 INFO Skipped non-substantive snapshot (no date/matchup pairs): timestamp=2026-04-13T09:00:00 source_url=https://ak-static.cms.nba.com/referee/injury/Injury-Report_2026-04-13_09_00AM.pdf
2026-08-14 16:17:11,939 INFO Skipped non-substantive snapshot (no date/matchup pairs): timestamp=2026-04-13T09:15:00 source_url=https://ak-static.cms.nba.com/referee/injury/Injury-Report_2026-04-13_09_15AM.pdf
2026-08-14 16:17:11,959 INFO Skipped non-substantive snapshot (no date/matchup pairs): timestamp=2026-04-13T09:30:00 source_url=https://ak-static.cms.nba.com/referee/injury/Injury-Report_2026-04-13_09_30AM.pdf
2026-08-14 16:17:11,978 INFO Skipped non-substantive snapshot (no date/matchup pairs): timestamp=2026-04-13T09:45:00 source_url=https://ak-static.cms.nba.com/referee/injury/Injury-Report_2026-04-13_09_45AM.pdf
2026-08-14 16:17:11,996 INFO Skipped non-substantive snapshot (no date/matchup pairs): timestamp=2026-04-13T10:00:00 source_url=https://ak-static.cms.nba.com/referee/injury/Injury-Report_2026-04-13_10_00AM.pdf
2026-08-14 16:17:12,015 INFO Skipped non-substantive snapshot (no date/matchup pairs): timestamp=2026-04-13T10:15:00 source_url=https://ak-static.cms.nba.com/referee/injury/Injury-Report_2026-04-13_10_15AM.pdf
2026-08-14 16:17:12,035 INFO Skipped non-substantive snapshot (no date/matchup pairs): timestamp=2026-04-13T10:30:00 source_url=https://ak-static.cms.nba.com/referee/injury/Injury-Report_2026-04-13_10_30AM.pdf
2026-08-14 16:17:12,055 INFO Skipped non-substantive snapshot (no date/matchup pairs): timestamp=2026-04-13T10:45:00 source_url=https://ak-static.cms.nba.com/referee/injury/Injury-Report_2026-04-13_10_45AM.pdf
2026-08-14 16:17:12,073 INFO Skipped non-substantive snapshot (no date/matchup pairs): timestamp=2026-04-13T11:00:00 source_url=https://ak-static.cms.nba.com/referee/injury/Injury-Report_2026-04-13_11_00AM.pdf
2026-08-14 16:17:12,093 INFO Skipped non-substantive snapshot (no date/matchup pairs): timestamp=2026-04-13T11:15:00 source_url=https://ak-static.cms.nba.com/referee/injury/Injury-Report_2026-04-13_11_15AM.pdf
2026-08-14 16:17:12,112 INFO Skipped non-substantive snapshot (no date/matchup pairs): timestamp=2026-04-13T11:30:00 source_url=https://ak-static.cms.nba.com/referee/injury/Injury-Report_2026-04-13_11_30AM.pdf
2026-08-14 16:17:12,130 INFO Skipped non-substantive snapshot (no date/matchup pairs): timestamp=2026-04-13T11:45:00 source_url=https://ak-static.cms.nba.com/referee/injury/Injury-Report_2026-04-13_11_45AM.pdf
2026-08-14 16:17:12,151 INFO Skipped non-substantive snapshot (no date/matchup pairs): timestamp=2026-04-13T00:00:00 source_url=https://ak-static.cms.nba.com/referee/injury/Injury-Report_2026-04-13_12_00AM.pdf
2026-08-14 16:17:12,157 INFO Skipped non-substantive snapshot (no date/matchup pairs): timestamp=2026-04-13T12:00:00 source_url=https://ak-static.cms.nba.com/referee/injury/Injury-Report_2026-04-13_12_00PM.pdf
2026-08-14 16:17:12,164 INFO Skipped non-substantive snapshot (no date/matchup pairs): timestamp=2026-04-13T00:15:00 source_url=https://ak-static.cms.nba.com/referee/injury/Injury-Report_2026-04-13_12_15AM.pdf
2026-08-14 16:17:12,170 INFO Skipped non-substantive snapshot (no date/matchup pairs): timestamp=2026-04-13T12:15:00 source_url=https://ak-static.cms.nba.com/referee/injury/Injury-Report_2026-04-13_12_15PM.pdf
2026-08-14 16:17:12,176 INFO Skipped non-substantive snapshot (no date/matchup pairs): timestamp=2026-04-13T00:30:00 source_url=https://ak-static.cms.nba.com/referee/injury/Injury-Report_2026-04-13_12_30AM.pdf
2026-08-14 16:17:12,182 INFO Skipped non-substantive snapshot (no date/matchup pairs): timestamp=2026-04-13T12:30:00 source_url=https://ak-static.cms.nba.com/referee/injury/Injury-Report_2026-04-13_12_30PM.pdf
2026-08-14 16:17:12,189 INFO Skipped non-substantive snapshot (no date/matchup pairs): timestamp=2026-04-13T00:45:00 source_url=https://ak-static.cms.nba.com/referee/injury/Injury-Report_2026-04-13_12_45AM.pdf
2026-08-14 16:17:12,195 INFO Skipped non-substantive snapshot (no date/matchup pairs): timestamp=2026-04-13T12:45:00 source_url=https://ak-static.cms.nba.com/referee/injury/Injury-Report_2026-04-13_12_45PM.pdf
2026-08-14 16:17:12,195 INFO Direct NBA day 1/123: 2026-04-13, 96 discovered -> 1 selected
2026-08-14 16:17:12,502 INFO NBA backfill checkpoint processed=1/1 parsed=1 missing=0 http_failed=0 invalid_pdf=0 parse_failed=0
2026-08-14 16:17:14,732 INFO Suppressed 9 entries from older reports for games superseded by newer snapshots on 2026-04-13
2026-08-14 16:20:48,513 INFO Direct NBA day 2/123: 2026-04-14, 96 discovered -> 1 selected
2026-08-14 16:20:48,674 INFO NBA backfill checkpoint processed=1/1 parsed=1 missing=0 http_failed=0 invalid_pdf=0 parse_failed=0
2026-08-14 16:20:51,414 INFO Suppressed 32 entries from older reports for games superseded by newer snapshots on 2026-04-14
2026-08-14 16:24:25,238 INFO Direct NBA day 3/123: 2026-04-15, 96 discovered -> 1 selected
2026-08-14 16:24:25,338 INFO NBA backfill checkpoint processed=1/1 parsed=1 missing=0 http_failed=0 invalid_pdf=0 parse_failed=0
2026-08-14 16:24:27,743 INFO Suppressed 26 entries from older reports for games superseded by newer snapshots on 2026-04-15
2026-08-14 16:27:59,455 INFO Skipped non-substantive snapshot (no date/matchup pairs): timestamp=2026-04-16T01:00:00 source_url=https://ak-static.cms.nba.com/referee/injury/Injury-Report_2026-04-16_01_00AM.pdf
2026-08-14 16:27:59,465 INFO Skipped non-substantive snapshot (no date/matchup pairs): timestamp=2026-04-16T13:00:00 source_url=https://ak-static.cms.nba.com/referee/injury/Injury-Report_2026-04-16_01_00PM.pdf
2026-08-14 16:27:59,473 INFO Skipped non-substantive snapshot (no date/matchup pairs): timestamp=2026-04-16T01:15:00 source_url=https://ak-static.cms.nba.com/referee/injury/Injury-Report_2026-04-16_01_15AM.pdf
2026-08-14 16:27:59,480 INFO Skipped non-substantive snapshot (no date/matchup pairs): timestamp=2026-04-16T13:15:00 source_url=https://ak-static.cms.nba.com/referee/injury/Injury-Report_2026-04-16_01_15PM.pdf
2026-08-14 16:27:59,487 INFO Skipped non-substantive snapshot (no date/matchup pairs): timestamp=2026-04-16T01:30:00 source_url=https://ak-static.cms.nba.com/referee/injury/Injury-Report_2026-04-16_01_30AM.pdf
2026-08-14 16:27:59,495 INFO Skipped non-substantive snapshot (no date/matchup pairs): timestamp=2026-04-16T13:30:00 source_url=https://ak-static.cms.nba.com/referee/injury/Injury-Report_2026-04-16_01_30PM.pdf
2026-08-14 16:27:59,501 INFO Skipped non-substantive snapshot (no date/matchup pairs): timestamp=2026-04-16T01:45:00 source_url=https://ak-static.cms.nba.com/referee/injury/Injury-Report_2026-04-16_01_45AM.pdf
2026-08-14 16:27:59,508 INFO Skipped non-substantive snapshot (no date/matchup pairs): timestamp=2026-04-16T13:45:00 source_url=https://ak-static.cms.nba.com/referee/injury/Injury-Report_2026-04-16_01_45PM.pdf
2026-08-14 16:27:59,514 INFO Skipped non-substantive snapshot (no date/matchup pairs): timestamp=2026-04-16T02:00:00 source_url=https://ak-static.cms.nba.com/referee/injury/Injury-Report_2026-04-16_02_00AM.pdf
2026-08-14 16:27:59,521 INFO Skipped non-substantive snapshot (no date/matchup pairs): timestamp=2026-04-16T14:00:00 source_url=https://ak-static.cms.nba.com/referee/injury/Injury-Report_2026-04-16_02_00PM.pdf
2026-08-14 16:27:59,528 INFO Skipped non-substantive snapshot (no date/matchup pairs): timestamp=2026-04-16T02:15:00 source_url=https://ak-static.cms.nba.com/referee/injury/Injury-Report_2026-04-16_02_15AM.pdf
2026-08-14 16:27:59,534 INFO Skipped non-substantive snapshot (no date/matchup pairs): timestamp=2026-04-16T14:15:00 source_url=https://ak-static.cms.nba.com/referee/injury/Injury-Report_2026-04-16_02_15PM.pdf
2026-08-14 16:27:59,541 INFO Skipped non-substantive snapshot (no date/matchup pairs): timestamp=2026-04-16T02:30:00 source_url=https://ak-static.cms.nba.com/referee/injury/Injury-Report_2026-04-16_02_30AM.pdf
2026-08-14 16:27:59,550 INFO Skipped non-substantive snapshot (no date/matchup pairs): timestamp=2026-04-16T14:30:00 source_url=https://ak-static.cms.nba.com/referee/injury/Injury-Report_2026-04-16_02_30PM.pdf
2026-08-14 16:27:59,556 INFO Skipped non-substantive snapshot (no date/matchup pairs): timestamp=2026-04-16T02:45:00 source_url=https://ak-static.cms.nba.com/referee/injury/Injury-Report_2026-04-16_02_45AM.pdf
2026-08-14 16:27:59,563 INFO Skipped non-substantive snapshot (no date/matchup pairs): timestamp=2026-04-16T14:45:00 source_url=https://ak-static.cms.nba.com/referee/injury/Injury-Report_2026-04-16_02_45PM.pdf
2026-08-14 16:27:59,570 INFO Skipped non-substantive snapshot (no date/matchup pairs): timestamp=2026-04-16T03:00:00 source_url=https://ak-static.cms.nba.com/referee/injury/Injury-Report_2026-04-16_03_00AM.pdf
2026-08-14 16:27:59,576 INFO Skipped non-substantive snapshot (no date/matchup pairs): timestamp=2026-04-16T15:00:00 source_url=https://ak-static.cms.nba.com/referee/injury/Injury-Report_2026-04-16_03_00PM.pdf
2026-08-14 16:27:59,583 INFO Skipped non-substantive snapshot (no date/matchup pairs): timestamp=2026-04-16T03:15:00 source_url=https://ak-static.cms.nba.com/referee/injury/Injury-Report_2026-04-16_03_15AM.pdf
2026-08-14 16:27:59,590 INFO Skipped non-substantive snapshot (no date/matchup pairs): timestamp=2026-04-16T15:15:00 source_url=https://ak-static.cms.nba.com/referee/injury/Injury-Report_2026-04-16_03_15PM.pdf
2026-08-14 16:27:59,596 INFO Skipped non-substantive snapshot (no date/matchup pairs): timestamp=2026-04-16T03:30:00 source_url=https://ak-static.cms.nba.com/referee/injury/Injury-Report_2026-04-16_03_30AM.pdf
2026-08-14 16:27:59,603 INFO Skipped non-substantive snapshot (no date/matchup pairs): timestamp=2026-04-16T15:30:00 source_url=https://ak-static.cms.nba.com/referee/injury/Injury-Report_2026-04-16_03_30PM.pdf
2026-08-14 16:27:59,610 INFO Skipped non-substantive snapshot (no date/matchup pairs): timestamp=2026-04-16T03:45:00 source_url=https://ak-static.cms.nba.com/referee/injury/Injury-Report_2026-04-16_03_45AM.pdf
2026-08-14 16:27:59,616 INFO Skipped non-substantive snapshot (no date/matchup pairs): timestamp=2026-04-16T15:45:00 source_url=https://ak-static.cms.nba.com/referee/injury/Injury-Report_2026-04-16_03_45PM.pdf
2026-08-14 16:27:59,623 INFO Skipped non-substantive snapshot (no date/matchup pairs): timestamp=2026-04-16T04:00:00 source_url=https://ak-static.cms.nba.com/referee/injury/Injury-Report_2026-04-16_04_00AM.pdf
2026-08-14 16:27:59,630 INFO Skipped non-substantive snapshot (no date/matchup pairs): timestamp=2026-04-16T16:00:00 source_url=https://ak-static.cms.nba.com/referee/injury/Injury-Report_2026-04-16_04_00PM.pdf
2026-08-14 16:27:59,639 INFO Skipped non-substantive snapshot (no date/matchup pairs): timestamp=2026-04-16T04:15:00 source_url=https://ak-static.cms.nba.com/referee/injury/Injury-Report_2026-04-16_04_15AM.pdf
2026-08-14 16:27:59,646 INFO Skipped non-substantive snapshot (no date/matchup pairs): timestamp=2026-04-16T16:15:00 source_url=https://ak-static.cms.nba.com/referee/injury/Injury-Report_2026-04-16_04_15PM.pdf
2026-08-14 16:27:59,652 INFO Skipped non-substantive snapshot (no date/matchup pairs): timestamp=2026-04-16T04:30:00 source_url=https://ak-static.cms.nba.com/referee/injury/Injury-Report_2026-04-16_04_30AM.pdf
2026-08-14 16:27:59,658 INFO Skipped non-substantive snapshot (no date/matchup pairs): timestamp=2026-04-16T16:30:00 source_url=https://ak-static.cms.nba.com/referee/injury/Injury-Report_2026-04-16_04_30PM.pdf
2026-08-14 16:27:59,665 INFO Skipped non-substantive snapshot (no date/matchup pairs): timestamp=2026-04-16T04:45:00 source_url=https://ak-static.cms.nba.com/referee/injury/Injury-Report_2026-04-16_04_45AM.pdf
2026-08-14 16:27:59,680 INFO Skipped non-substantive snapshot (no date/matchup pairs): timestamp=2026-04-16T05:00:00 source_url=https://ak-static.cms.nba.com/referee/injury/Injury-Report_2026-04-16_05_00AM.pdf
2026-08-14 16:27:59,695 INFO Skipped non-substantive snapshot (no date/matchup pairs): timestamp=2026-04-16T05:15:00 source_url=https://ak-static.cms.nba.com/referee/injury/Injury-Report_2026-04-16_05_15AM.pdf
2026-08-14 16:27:59,710 INFO Skipped non-substantive snapshot (no date/matchup pairs): timestamp=2026-04-16T05:30:00 source_url=https://ak-static.cms.nba.com/referee/injury/Injury-Report_2026-04-16_05_30AM.pdf
2026-08-14 16:27:59,728 INFO Skipped non-substantive snapshot (no date/matchup pairs): timestamp=2026-04-16T05:45:00 source_url=https://ak-static.cms.nba.com/referee/injury/Injury-Report_2026-04-16_05_45AM.pdf
2026-08-14 16:27:59,743 INFO Skipped non-substantive snapshot (no date/matchup pairs): timestamp=2026-04-16T06:00:00 source_url=https://ak-static.cms.nba.com/referee/injury/Injury-Report_2026-04-16_06_00AM.pdf
2026-08-14 16:27:59,758 INFO Skipped non-substantive snapshot (no date/matchup pairs): timestamp=2026-04-16T06:15:00 source_url=https://ak-static.cms.nba.com/referee/injury/Injury-Report_2026-04-16_06_15AM.pdf
2026-08-14 16:27:59,774 INFO Skipped non-substantive snapshot (no date/matchup pairs): timestamp=2026-04-16T06:30:00 source_url=https://ak-static.cms.nba.com/referee/injury/Injury-Report_2026-04-16_06_30AM.pdf
2026-08-14 16:27:59,788 INFO Skipped non-substantive snapshot (no date/matchup pairs): timestamp=2026-04-16T06:45:00 source_url=https://ak-static.cms.nba.com/referee/injury/Injury-Report_2026-04-16_06_45AM.pdf
2026-08-14 16:27:59,805 INFO Skipped non-substantive snapshot (no date/matchup pairs): timestamp=2026-04-16T07:00:00 source_url=https://ak-static.cms.nba.com/referee/injury/Injury-Report_2026-04-16_07_00AM.pdf
2026-08-14 16:27:59,820 INFO Skipped non-substantive snapshot (no date/matchup pairs): timestamp=2026-04-16T07:15:00 source_url=https://ak-static.cms.nba.com/referee/injury/Injury-Report_2026-04-16_07_15AM.pdf
2026-08-14 16:27:59,834 INFO Skipped non-substantive snapshot (no date/matchup pairs): timestamp=2026-04-16T07:30:00 source_url=https://ak-static.cms.nba.com/referee/injury/Injury-Report_2026-04-16_07_30AM.pdf
2026-08-14 16:27:59,849 INFO Skipped non-substantive snapshot (no date/matchup pairs): timestamp=2026-04-16T07:45:00 source_url=https://ak-static.cms.nba.com/referee/injury/Injury-Report_2026-04-16_07_45AM.pdf
2026-08-14 16:27:59,866 INFO Skipped non-substantive snapshot (no date/matchup pairs): timestamp=2026-04-16T08:00:00 source_url=https://ak-static.cms.nba.com/referee/injury/Injury-Report_2026-04-16_08_00AM.pdf
2026-08-14 16:27:59,884 INFO Skipped non-substantive snapshot (no date/matchup pairs): timestamp=2026-04-16T08:15:00 source_url=https://ak-static.cms.nba.com/referee/injury/Injury-Report_2026-04-16_08_15AM.pdf
2026-08-14 16:27:59,903 INFO Skipped non-substantive snapshot (no date/matchup pairs): timestamp=2026-04-16T08:30:00 source_url=https://ak-static.cms.nba.com/referee/injury/Injury-Report_2026-04-16_08_30AM.pdf
2026-08-14 16:27:59,922 INFO Skipped non-substantive snapshot (no date/matchup pairs): timestamp=2026-04-16T08:45:00 source_url=https://ak-static.cms.nba.com/referee/injury/Injury-Report_2026-04-16_08_45AM.pdf
2026-08-14 16:27:59,944 INFO Skipped non-substantive snapshot (no date/matchup pairs): timestamp=2026-04-16T09:00:00 source_url=https://ak-static.cms.nba.com/referee/injury/Injury-Report_2026-04-16_09_00AM.pdf
2026-08-14 16:27:59,963 INFO Skipped non-substantive snapshot (no date/matchup pairs): timestamp=2026-04-16T09:15:00 source_url=https://ak-static.cms.nba.com/referee/injury/Injury-Report_2026-04-16_09_15AM.pdf
2026-08-14 16:27:59,982 INFO Skipped non-substantive snapshot (no date/matchup pairs): timestamp=2026-04-16T09:30:00 source_url=https://ak-static.cms.nba.com/referee/injury/Injury-Report_2026-04-16_09_30AM.pdf
2026-08-14 16:28:00,003 INFO Skipped non-substantive snapshot (no date/matchup pairs): timestamp=2026-04-16T09:45:00 source_url=https://ak-static.cms.nba.com/referee/injury/Injury-Report_2026-04-16_09_45AM.pdf
2026-08-14 16:28:00,022 INFO Skipped non-substantive snapshot (no date/matchup pairs): timestamp=2026-04-16T10:00:00 source_url=https://ak-static.cms.nba.com/referee/injury/Injury-Report_2026-04-16_10_00AM.pdf
2026-08-14 16:28:00,041 INFO Skipped non-substantive snapshot (no date/matchup pairs): timestamp=2026-04-16T10:15:00 source_url=https://ak-static.cms.nba.com/referee/injury/Injury-Report_2026-04-16_10_15AM.pdf
2026-08-14 16:28:00,062 INFO Skipped non-substantive snapshot (no date/matchup pairs): timestamp=2026-04-16T10:30:00 source_url=https://ak-static.cms.nba.com/referee/injury/Injury-Report_2026-04-16_10_30AM.pdf
2026-08-14 16:28:00,081 INFO Skipped non-substantive snapshot (no date/matchup pairs): timestamp=2026-04-16T10:45:00 source_url=https://ak-static.cms.nba.com/referee/injury/Injury-Report_2026-04-16_10_45AM.pdf
2026-08-14 16:28:00,100 INFO Skipped non-substantive snapshot (no date/matchup pairs): timestamp=2026-04-16T11:00:00 source_url=https://ak-static.cms.nba.com/referee/injury/Injury-Report_2026-04-16_11_00AM.pdf
2026-08-14 16:28:00,120 INFO Skipped non-substantive snapshot (no date/matchup pairs): timestamp=2026-04-16T11:15:00 source_url=https://ak-static.cms.nba.com/referee/injury/Injury-Report_2026-04-16_11_15AM.pdf
2026-08-14 16:28:00,141 INFO Skipped non-substantive snapshot (no date/matchup pairs): timestamp=2026-04-16T11:30:00 source_url=https://ak-static.cms.nba.com/referee/injury/Injury-Report_2026-04-16_11_30AM.pdf
2026-08-14 16:28:00,160 INFO Skipped non-substantive snapshot (no date/matchup pairs): timestamp=2026-04-16T11:45:00 source_url=https://ak-static.cms.nba.com/referee/injury/Injury-Report_2026-04-16_11_45AM.pdf
2026-08-14 16:28:00,178 INFO Skipped non-substantive snapshot (no date/matchup pairs): timestamp=2026-04-16T00:00:00 source_url=https://ak-static.cms.nba.com/referee/injury/Injury-Report_2026-04-16_12_00AM.pdf
2026-08-14 16:28:00,184 INFO Skipped non-substantive snapshot (no date/matchup pairs): timestamp=2026-04-16T12:00:00 source_url=https://ak-static.cms.nba.com/referee/injury/Injury-Report_2026-04-16_12_00PM.pdf
2026-08-14 16:28:00,189 INFO Skipped non-substantive snapshot (no date/matchup pairs): timestamp=2026-04-16T00:15:00 source_url=https://ak-static.cms.nba.com/referee/injury/Injury-Report_2026-04-16_12_15AM.pdf
2026-08-14 16:28:00,196 INFO Skipped non-substantive snapshot (no date/matchup pairs): timestamp=2026-04-16T12:15:00 source_url=https://ak-static.cms.nba.com/referee/injury/Injury-Report_2026-04-16_12_15PM.pdf
2026-08-14 16:28:00,203 INFO Skipped non-substantive snapshot (no date/matchup pairs): timestamp=2026-04-16T00:30:00 source_url=https://ak-static.cms.nba.com/referee/injury/Injury-Report_2026-04-16_12_30AM.pdf
2026-08-14 16:28:00,209 INFO Skipped non-substantive snapshot (no date/matchup pairs): timestamp=2026-04-16T12:30:00 source_url=https://ak-static.cms.nba.com/referee/injury/Injury-Report_2026-04-16_12_30PM.pdf
2026-08-14 16:28:00,214 INFO Skipped non-substantive snapshot (no date/matchup pairs): timestamp=2026-04-16T00:45:00 source_url=https://ak-static.cms.nba.com/referee/injury/Injury-Report_2026-04-16_12_45AM.pdf
2026-08-14 16:28:00,221 INFO Skipped non-substantive snapshot (no date/matchup pairs): timestamp=2026-04-16T12:45:00 source_url=https://ak-static.cms.nba.com/referee/injury/Injury-Report_2026-04-16_12_45PM.pdf
2026-08-14 16:28:00,221 INFO Direct NBA day 4/123: 2026-04-16, 96 discovered -> 1 selected
2026-08-14 16:28:00,538 INFO NBA backfill checkpoint processed=1/1 parsed=1 missing=0 http_failed=0 invalid_pdf=0 parse_failed=0
2026-08-14 16:28:02,755 INFO Suppressed 9 entries from older reports for games superseded by newer snapshots on 2026-04-16
2026-08-14 16:31:37,744 INFO Direct NBA day 5/123: 2026-04-17, 96 discovered -> 1 selected
2026-08-14 16:31:37,878 INFO NBA backfill checkpoint processed=1/1 parsed=1 missing=0 http_failed=0 invalid_pdf=0 parse_failed=0
2026-08-14 16:31:40,619 INFO Suppressed 38 entries from older reports for games superseded by newer snapshots on 2026-04-17
2026-08-14 16:35:17,082 INFO Direct NBA day 6/123: 2026-04-18, 96 discovered -> 1 selected
2026-08-14 16:35:17,213 INFO NBA backfill checkpoint processed=1/1 parsed=1 missing=0 http_failed=0 invalid_pdf=0 parse_failed=0
2026-08-14 16:35:20,197 INFO Suppressed 40 entries from older reports for games superseded by newer snapshots on 2026-04-18
2026-08-14 16:38:54,641 INFO Direct NBA day 7/123: 2026-04-19, 96 discovered -> 1 selected
2026-08-14 16:38:54,775 INFO NBA backfill checkpoint processed=1/1 parsed=1 missing=0 http_failed=0 invalid_pdf=0 parse_failed=0
2026-08-14 16:38:57,225 INFO Suppressed 26 entries from older reports for games superseded by newer snapshots on 2026-04-19
2026-08-14 16:42:32,247 INFO Direct NBA day 8/123: 2026-04-20, 96 discovered -> 1 selected
2026-08-14 16:42:32,350 INFO NBA backfill checkpoint processed=1/1 parsed=1 missing=0 http_failed=0 invalid_pdf=0 parse_failed=0
2026-08-14 16:42:34,816 INFO Suppressed 24 entries from older reports for games superseded by newer snapshots on 2026-04-20
2026-08-14 16:46:10,546 INFO Direct NBA day 9/123: 2026-04-21, 96 discovered -> 1 selected
2026-08-14 16:46:10,652 INFO NBA backfill checkpoint processed=1/1 parsed=1 missing=0 http_failed=0 invalid_pdf=0 parse_failed=0
2026-08-14 16:46:13,226 INFO Suppressed 25 entries from older reports for games superseded by newer snapshots on 2026-04-21
2026-08-14 16:49:48,867 INFO Direct NBA day 10/123: 2026-04-22, 96 discovered -> 1 selected
2026-08-14 16:49:48,976 INFO NBA backfill checkpoint processed=1/1 parsed=1 missing=0 http_failed=0 invalid_pdf=0 parse_failed=0
2026-08-14 16:49:51,394 INFO Suppressed 17 entries from older reports for games superseded by newer snapshots on 2026-04-22
2026-08-14 16:53:26,918 INFO Direct NBA day 11/123: 2026-04-23, 96 discovered -> 1 selected
2026-08-14 16:53:27,029 INFO NBA backfill checkpoint processed=1/1 parsed=1 missing=0 http_failed=0 invalid_pdf=0 parse_failed=0
2026-08-14 16:53:29,978 INFO Suppressed 26 entries from older reports for games superseded by newer snapshots on 2026-04-23
2026-08-14 16:57:04,001 INFO Direct NBA day 12/123: 2026-04-24, 96 discovered -> 1 selected
2026-08-14 16:57:04,115 INFO NBA backfill checkpoint processed=1/1 parsed=1 missing=0 http_failed=0 invalid_pdf=0 parse_failed=0
2026-08-14 16:57:06,984 INFO Suppressed 30 entries from older reports for games superseded by newer snapshots on 2026-04-24
2026-08-14 17:00:40,961 INFO Direct NBA day 13/123: 2026-04-25, 96 discovered -> 1 selected
2026-08-14 17:00:41,084 INFO NBA backfill checkpoint processed=1/1 parsed=1 missing=0 http_failed=0 invalid_pdf=0 parse_failed=0
2026-08-14 17:00:44,010 INFO Suppressed 33 entries from older reports for games superseded by newer snapshots on 2026-04-25
2026-08-14 17:04:18,827 INFO Direct NBA day 14/123: 2026-04-26, 96 discovered -> 1 selected
2026-08-14 17:04:18,946 INFO NBA backfill checkpoint processed=1/1 parsed=1 missing=0 http_failed=0 invalid_pdf=0 parse_failed=0
2026-08-14 17:04:21,899 INFO Suppressed 36 entries from older reports for games superseded by newer snapshots on 2026-04-26
2026-08-14 17:07:55,377 INFO Direct NBA day 15/123: 2026-04-27, 96 discovered -> 1 selected
2026-08-14 17:07:55,484 INFO NBA backfill checkpoint processed=1/1 parsed=1 missing=0 http_failed=0 invalid_pdf=0 parse_failed=0
2026-08-14 17:07:58,202 INFO Suppressed 24 entries from older reports for games superseded by newer snapshots on 2026-04-27
2026-08-14 17:11:33,289 INFO Direct NBA day 16/123: 2026-04-28, 96 discovered -> 1 selected
2026-08-14 17:11:33,373 INFO NBA backfill checkpoint processed=1/1 parsed=1 missing=0 http_failed=0 invalid_pdf=0 parse_failed=0
2026-08-14 17:11:36,062 INFO Suppressed 17 entries from older reports for games superseded by newer snapshots on 2026-04-28
2026-08-14 17:15:14,360 INFO Direct NBA day 17/123: 2026-04-29, 96 discovered -> 1 selected
2026-08-14 17:15:14,470 INFO NBA backfill checkpoint processed=1/1 parsed=1 missing=0 http_failed=0 invalid_pdf=0 parse_failed=0
2026-08-14 17:15:17,308 INFO Suppressed 27 entries from older reports for games superseded by newer snapshots on 2026-04-29
2026-08-14 17:18:53,677 INFO Direct NBA day 18/123: 2026-04-30, 94 discovered -> 1 selected
2026-08-14 17:18:53,827 INFO NBA backfill checkpoint processed=1/1 parsed=1 missing=0 http_failed=0 invalid_pdf=0 parse_failed=0
2026-08-14 17:18:56,368 INFO Suppressed 30 entries from older reports for games superseded by newer snapshots on 2026-04-30
2026-08-14 17:22:35,192 INFO Direct NBA day 19/123: 2026-05-01, 96 discovered -> 1 selected
2026-08-14 17:22:35,335 INFO NBA backfill checkpoint processed=1/1 parsed=1 missing=0 http_failed=0 invalid_pdf=0 parse_failed=0
2026-08-14 17:22:37,773 INFO Suppressed 22 entries from older reports for games superseded by newer snapshots on 2026-05-01
2026-08-14 17:26:18,043 INFO Direct NBA day 20/123: 2026-05-02, 96 discovered -> 1 selected
2026-08-14 17:26:18,175 INFO NBA backfill checkpoint processed=1/1 parsed=1 missing=0 http_failed=0 invalid_pdf=0 parse_failed=0
2026-08-14 17:26:20,497 INFO Suppressed 11 entries from older reports for games superseded by newer snapshots on 2026-05-02
2026-08-14 17:30:00,655 INFO Direct NBA day 21/123: 2026-05-03, 96 discovered -> 1 selected
2026-08-14 17:30:00,801 INFO NBA backfill checkpoint processed=1/1 parsed=1 missing=0 http_failed=0 invalid_pdf=0 parse_failed=0
2026-08-14 17:30:03,226 INFO Suppressed 17 entries from older reports for games superseded by newer snapshots on 2026-05-03
2026-08-14 17:33:43,234 INFO Direct NBA day 22/123: 2026-05-04, 96 discovered -> 1 selected
2026-08-14 17:33:43,372 INFO NBA backfill checkpoint processed=1/1 parsed=1 missing=0 http_failed=0 invalid_pdf=0 parse_failed=0
2026-08-14 17:33:45,776 INFO Suppressed 18 entries from older reports for games superseded by newer snapshots on 2026-05-04
2026-08-14 17:37:24,642 INFO Direct NBA day 23/123: 2026-05-05, 96 discovered -> 1 selected
2026-08-14 17:37:24,774 INFO NBA backfill checkpoint processed=1/1 parsed=1 missing=0 http_failed=0 invalid_pdf=0 parse_failed=0
2026-08-14 17:37:27,056 INFO Suppressed 14 entries from older reports for games superseded by newer snapshots on 2026-05-05
2026-08-14 17:41:07,436 INFO Direct NBA day 24/123: 2026-05-06, 96 discovered -> 1 selected
2026-08-14 17:41:07,568 INFO NBA backfill checkpoint processed=1/1 parsed=1 missing=0 http_failed=0 invalid_pdf=0 parse_failed=0
2026-08-14 17:41:09,996 INFO Suppressed 20 entries from older reports for games superseded by newer snapshots on 2026-05-06
2026-08-14 17:44:50,090 INFO Direct NBA day 25/123: 2026-05-07, 96 discovered -> 1 selected
2026-08-14 17:44:50,233 INFO NBA backfill checkpoint processed=1/1 parsed=1 missing=0 http_failed=0 invalid_pdf=0 parse_failed=0
2026-08-14 17:44:52,864 INFO Suppressed 22 entries from older reports for games superseded by newer snapshots on 2026-05-07
2026-08-14 17:48:31,081 INFO Direct NBA day 26/123: 2026-05-08, 96 discovered -> 1 selected
2026-08-14 17:48:31,219 INFO NBA backfill checkpoint processed=1/1 parsed=1 missing=0 http_failed=0 invalid_pdf=0 parse_failed=0
2026-08-14 17:48:33,688 INFO Suppressed 22 entries from older reports for games superseded by newer snapshots on 2026-05-08
2026-08-14 17:52:13,813 INFO Direct NBA day 27/123: 2026-05-09, 96 discovered -> 1 selected
2026-08-14 17:52:13,959 INFO NBA backfill checkpoint processed=1/1 parsed=1 missing=0 http_failed=0 invalid_pdf=0 parse_failed=0
2026-08-14 17:52:16,243 INFO Suppressed 16 entries from older reports for games superseded by newer snapshots on 2026-05-09
2026-08-14 17:55:56,493 INFO Direct NBA day 28/123: 2026-05-10, 96 discovered -> 1 selected
2026-08-14 17:55:56,659 INFO NBA backfill checkpoint processed=1/1 parsed=1 missing=0 http_failed=0 invalid_pdf=0 parse_failed=0
2026-08-14 17:55:59,062 INFO Suppressed 13 entries from older reports for games superseded by newer snapshots on 2026-05-10
2026-08-14 17:59:36,454 INFO Direct NBA day 29/123: 2026-05-11, 96 discovered -> 1 selected
2026-08-14 17:59:36,588 INFO NBA backfill checkpoint processed=1/1 parsed=1 missing=0 http_failed=0 invalid_pdf=0 parse_failed=0
2026-08-14 17:59:38,865 INFO Suppressed 13 entries from older reports for games superseded by newer snapshots on 2026-05-11
2026-08-14 18:03:15,278 INFO Direct NBA day 30/123: 2026-05-12, 96 discovered -> 1 selected
2026-08-14 18:03:15,577 INFO NBA backfill checkpoint processed=1/1 parsed=1 missing=0 http_failed=0 invalid_pdf=0 parse_failed=0
2026-08-14 18:03:17,760 INFO Suppressed 8 entries from older reports for games superseded by newer snapshots on 2026-05-12
2026-08-14 18:06:54,264 INFO Direct NBA day 31/123: 2026-05-13, 96 discovered -> 1 selected
2026-08-14 18:06:54,722 INFO NBA backfill checkpoint processed=1/1 parsed=1 missing=0 http_failed=0 invalid_pdf=0 parse_failed=0
2026-08-14 18:06:56,848 INFO Suppressed 6 entries from older reports for games superseded by newer snapshots on 2026-05-13
2026-08-14 18:10:34,027 INFO Skipped non-substantive snapshot (no date/matchup pairs): timestamp=2026-05-14T01:00:00 source_url=https://ak-static.cms.nba.com/referee/injury/Injury-Report_2026-05-14_01_00AM.pdf
2026-08-14 18:10:34,038 INFO Skipped non-substantive snapshot (no date/matchup pairs): timestamp=2026-05-14T13:00:00 source_url=https://ak-static.cms.nba.com/referee/injury/Injury-Report_2026-05-14_01_00PM.pdf
2026-08-14 18:10:34,047 INFO Skipped non-substantive snapshot (no date/matchup pairs): timestamp=2026-05-14T01:15:00 source_url=https://ak-static.cms.nba.com/referee/injury/Injury-Report_2026-05-14_01_15AM.pdf
2026-08-14 18:10:34,055 INFO Skipped non-substantive snapshot (no date/matchup pairs): timestamp=2026-05-14T13:15:00 source_url=https://ak-static.cms.nba.com/referee/injury/Injury-Report_2026-05-14_01_15PM.pdf
2026-08-14 18:10:34,063 INFO Skipped non-substantive snapshot (no date/matchup pairs): timestamp=2026-05-14T01:30:00 source_url=https://ak-static.cms.nba.com/referee/injury/Injury-Report_2026-05-14_01_30AM.pdf
2026-08-14 18:10:34,070 INFO Skipped non-substantive snapshot (no date/matchup pairs): timestamp=2026-05-14T13:30:00 source_url=https://ak-static.cms.nba.com/referee/injury/Injury-Report_2026-05-14_01_30PM.pdf
2026-08-14 18:10:34,078 INFO Skipped non-substantive snapshot (no date/matchup pairs): timestamp=2026-05-14T01:45:00 source_url=https://ak-static.cms.nba.com/referee/injury/Injury-Report_2026-05-14_01_45AM.pdf
2026-08-14 18:10:34,085 INFO Skipped non-substantive snapshot (no date/matchup pairs): timestamp=2026-05-14T13:45:00 source_url=https://ak-static.cms.nba.com/referee/injury/Injury-Report_2026-05-14_01_45PM.pdf
2026-08-14 18:10:34,094 INFO Skipped non-substantive snapshot (no date/matchup pairs): timestamp=2026-05-14T02:00:00 source_url=https://ak-static.cms.nba.com/referee/injury/Injury-Report_2026-05-14_02_00AM.pdf
2026-08-14 18:10:34,100 INFO Skipped non-substantive snapshot (no date/matchup pairs): timestamp=2026-05-14T14:00:00 source_url=https://ak-static.cms.nba.com/referee/injury/Injury-Report_2026-05-14_02_00PM.pdf
2026-08-14 18:10:34,106 INFO Skipped non-substantive snapshot (no date/matchup pairs): timestamp=2026-05-14T02:15:00 source_url=https://ak-static.cms.nba.com/referee/injury/Injury-Report_2026-05-14_02_15AM.pdf
2026-08-14 18:10:34,113 INFO Skipped non-substantive snapshot (no date/matchup pairs): timestamp=2026-05-14T14:15:00 source_url=https://ak-static.cms.nba.com/referee/injury/Injury-Report_2026-05-14_02_15PM.pdf
2026-08-14 18:10:34,119 INFO Skipped non-substantive snapshot (no date/matchup pairs): timestamp=2026-05-14T02:30:00 source_url=https://ak-static.cms.nba.com/referee/injury/Injury-Report_2026-05-14_02_30AM.pdf
2026-08-14 18:10:34,125 INFO Skipped non-substantive snapshot (no date/matchup pairs): timestamp=2026-05-14T14:30:00 source_url=https://ak-static.cms.nba.com/referee/injury/Injury-Report_2026-05-14_02_30PM.pdf
2026-08-14 18:10:34,132 INFO Skipped non-substantive snapshot (no date/matchup pairs): timestamp=2026-05-14T02:45:00 source_url=https://ak-static.cms.nba.com/referee/injury/Injury-Report_2026-05-14_02_45AM.pdf
2026-08-14 18:10:34,138 INFO Skipped non-substantive snapshot (no date/matchup pairs): timestamp=2026-05-14T14:45:00 source_url=https://ak-static.cms.nba.com/referee/injury/Injury-Report_2026-05-14_02_45PM.pdf
2026-08-14 18:10:34,145 INFO Skipped non-substantive snapshot (no date/matchup pairs): timestamp=2026-05-14T03:00:00 source_url=https://ak-static.cms.nba.com/referee/injury/Injury-Report_2026-05-14_03_00AM.pdf
2026-08-14 18:10:34,151 INFO Skipped non-substantive snapshot (no date/matchup pairs): timestamp=2026-05-14T15:00:00 source_url=https://ak-static.cms.nba.com/referee/injury/Injury-Report_2026-05-14_03_00PM.pdf
2026-08-14 18:10:34,157 INFO Skipped non-substantive snapshot (no date/matchup pairs): timestamp=2026-05-14T03:15:00 source_url=https://ak-static.cms.nba.com/referee/injury/Injury-Report_2026-05-14_03_15AM.pdf
2026-08-14 18:10:34,164 INFO Skipped non-substantive snapshot (no date/matchup pairs): timestamp=2026-05-14T15:15:00 source_url=https://ak-static.cms.nba.com/referee/injury/Injury-Report_2026-05-14_03_15PM.pdf
2026-08-14 18:10:34,172 INFO Skipped non-substantive snapshot (no date/matchup pairs): timestamp=2026-05-14T03:30:00 source_url=https://ak-static.cms.nba.com/referee/injury/Injury-Report_2026-05-14_03_30AM.pdf
2026-08-14 18:10:34,185 INFO Skipped non-substantive snapshot (no date/matchup pairs): timestamp=2026-05-14T03:45:00 source_url=https://ak-static.cms.nba.com/referee/injury/Injury-Report_2026-05-14_03_45AM.pdf
2026-08-14 18:10:34,198 INFO Skipped non-substantive snapshot (no date/matchup pairs): timestamp=2026-05-14T04:00:00 source_url=https://ak-static.cms.nba.com/referee/injury/Injury-Report_2026-05-14_04_00AM.pdf
2026-08-14 18:10:34,210 INFO Skipped non-substantive snapshot (no date/matchup pairs): timestamp=2026-05-14T04:15:00 source_url=https://ak-static.cms.nba.com/referee/injury/Injury-Report_2026-05-14_04_15AM.pdf
2026-08-14 18:10:34,223 INFO Skipped non-substantive snapshot (no date/matchup pairs): timestamp=2026-05-14T04:30:00 source_url=https://ak-static.cms.nba.com/referee/injury/Injury-Report_2026-05-14_04_30AM.pdf
2026-08-14 18:10:34,236 INFO Skipped non-substantive snapshot (no date/matchup pairs): timestamp=2026-05-14T04:45:00 source_url=https://ak-static.cms.nba.com/referee/injury/Injury-Report_2026-05-14_04_45AM.pdf
2026-08-14 18:10:34,249 INFO Skipped non-substantive snapshot (no date/matchup pairs): timestamp=2026-05-14T05:00:00 source_url=https://ak-static.cms.nba.com/referee/injury/Injury-Report_2026-05-14_05_00AM.pdf
2026-08-14 18:10:34,263 INFO Skipped non-substantive snapshot (no date/matchup pairs): timestamp=2026-05-14T05:15:00 source_url=https://ak-static.cms.nba.com/referee/injury/Injury-Report_2026-05-14_05_15AM.pdf
2026-08-14 18:10:34,278 INFO Skipped non-substantive snapshot (no date/matchup pairs): timestamp=2026-05-14T05:30:00 source_url=https://ak-static.cms.nba.com/referee/injury/Injury-Report_2026-05-14_05_30AM.pdf
2026-08-14 18:10:34,293 INFO Skipped non-substantive snapshot (no date/matchup pairs): timestamp=2026-05-14T05:45:00 source_url=https://ak-static.cms.nba.com/referee/injury/Injury-Report_2026-05-14_05_45AM.pdf
2026-08-14 18:10:34,308 INFO Skipped non-substantive snapshot (no date/matchup pairs): timestamp=2026-05-14T06:00:00 source_url=https://ak-static.cms.nba.com/referee/injury/Injury-Report_2026-05-14_06_00AM.pdf
2026-08-14 18:10:34,324 INFO Skipped non-substantive snapshot (no date/matchup pairs): timestamp=2026-05-14T06:15:00 source_url=https://ak-static.cms.nba.com/referee/injury/Injury-Report_2026-05-14_06_15AM.pdf
2026-08-14 18:10:34,339 INFO Skipped non-substantive snapshot (no date/matchup pairs): timestamp=2026-05-14T06:30:00 source_url=https://ak-static.cms.nba.com/referee/injury/Injury-Report_2026-05-14_06_30AM.pdf
2026-08-14 18:10:34,353 INFO Skipped non-substantive snapshot (no date/matchup pairs): timestamp=2026-05-14T06:45:00 source_url=https://ak-static.cms.nba.com/referee/injury/Injury-Report_2026-05-14_06_45AM.pdf
2026-08-14 18:10:34,368 INFO Skipped non-substantive snapshot (no date/matchup pairs): timestamp=2026-05-14T07:00:00 source_url=https://ak-static.cms.nba.com/referee/injury/Injury-Report_2026-05-14_07_00AM.pdf
2026-08-14 18:10:34,382 INFO Skipped non-substantive snapshot (no date/matchup pairs): timestamp=2026-05-14T07:15:00 source_url=https://ak-static.cms.nba.com/referee/injury/Injury-Report_2026-05-14_07_15AM.pdf
2026-08-14 18:10:34,396 INFO Skipped non-substantive snapshot (no date/matchup pairs): timestamp=2026-05-14T07:30:00 source_url=https://ak-static.cms.nba.com/referee/injury/Injury-Report_2026-05-14_07_30AM.pdf
2026-08-14 18:10:34,413 INFO Skipped non-substantive snapshot (no date/matchup pairs): timestamp=2026-05-14T07:45:00 source_url=https://ak-static.cms.nba.com/referee/injury/Injury-Report_2026-05-14_07_45AM.pdf
2026-08-14 18:10:34,427 INFO Skipped non-substantive snapshot (no date/matchup pairs): timestamp=2026-05-14T08:00:00 source_url=https://ak-static.cms.nba.com/referee/injury/Injury-Report_2026-05-14_08_00AM.pdf
2026-08-14 18:10:34,442 INFO Skipped non-substantive snapshot (no date/matchup pairs): timestamp=2026-05-14T08:15:00 source_url=https://ak-static.cms.nba.com/referee/injury/Injury-Report_2026-05-14_08_15AM.pdf
2026-08-14 18:10:34,456 INFO Skipped non-substantive snapshot (no date/matchup pairs): timestamp=2026-05-14T08:30:00 source_url=https://ak-static.cms.nba.com/referee/injury/Injury-Report_2026-05-14_08_30AM.pdf
2026-08-14 18:10:34,472 INFO Skipped non-substantive snapshot (no date/matchup pairs): timestamp=2026-05-14T08:45:00 source_url=https://ak-static.cms.nba.com/referee/injury/Injury-Report_2026-05-14_08_45AM.pdf
2026-08-14 18:10:34,487 INFO Skipped non-substantive snapshot (no date/matchup pairs): timestamp=2026-05-14T09:00:00 source_url=https://ak-static.cms.nba.com/referee/injury/Injury-Report_2026-05-14_09_00AM.pdf
2026-08-14 18:10:34,501 INFO Skipped non-substantive snapshot (no date/matchup pairs): timestamp=2026-05-14T09:15:00 source_url=https://ak-static.cms.nba.com/referee/injury/Injury-Report_2026-05-14_09_15AM.pdf
2026-08-14 18:10:34,516 INFO Skipped non-substantive snapshot (no date/matchup pairs): timestamp=2026-05-14T09:30:00 source_url=https://ak-static.cms.nba.com/referee/injury/Injury-Report_2026-05-14_09_30AM.pdf
2026-08-14 18:10:34,530 INFO Skipped non-substantive snapshot (no date/matchup pairs): timestamp=2026-05-14T09:45:00 source_url=https://ak-static.cms.nba.com/referee/injury/Injury-Report_2026-05-14_09_45AM.pdf
2026-08-14 18:10:34,546 INFO Skipped non-substantive snapshot (no date/matchup pairs): timestamp=2026-05-14T10:00:00 source_url=https://ak-static.cms.nba.com/referee/injury/Injury-Report_2026-05-14_10_00AM.pdf
2026-08-14 18:10:34,561 INFO Skipped non-substantive snapshot (no date/matchup pairs): timestamp=2026-05-14T10:15:00 source_url=https://ak-static.cms.nba.com/referee/injury/Injury-Report_2026-05-14_10_15AM.pdf
2026-08-14 18:10:34,576 INFO Skipped non-substantive snapshot (no date/matchup pairs): timestamp=2026-05-14T10:30:00 source_url=https://ak-static.cms.nba.com/referee/injury/Injury-Report_2026-05-14_10_30AM.pdf
2026-08-14 18:10:34,590 INFO Skipped non-substantive snapshot (no date/matchup pairs): timestamp=2026-05-14T10:45:00 source_url=https://ak-static.cms.nba.com/referee/injury/Injury-Report_2026-05-14_10_45AM.pdf
2026-08-14 18:10:34,604 INFO Skipped non-substantive snapshot (no date/matchup pairs): timestamp=2026-05-14T11:00:00 source_url=https://ak-static.cms.nba.com/referee/injury/Injury-Report_2026-05-14_11_00AM.pdf
2026-08-14 18:10:34,621 INFO Skipped non-substantive snapshot (no date/matchup pairs): timestamp=2026-05-14T11:15:00 source_url=https://ak-static.cms.nba.com/referee/injury/Injury-Report_2026-05-14_11_15AM.pdf
2026-08-14 18:10:34,635 INFO Skipped non-substantive snapshot (no date/matchup pairs): timestamp=2026-05-14T11:30:00 source_url=https://ak-static.cms.nba.com/referee/injury/Injury-Report_2026-05-14_11_30AM.pdf
2026-08-14 18:10:34,650 INFO Skipped non-substantive snapshot (no date/matchup pairs): timestamp=2026-05-14T11:45:00 source_url=https://ak-static.cms.nba.com/referee/injury/Injury-Report_2026-05-14_11_45AM.pdf
2026-08-14 18:10:34,664 INFO Skipped non-substantive snapshot (no date/matchup pairs): timestamp=2026-05-14T00:00:00 source_url=https://ak-static.cms.nba.com/referee/injury/Injury-Report_2026-05-14_12_00AM.pdf
2026-08-14 18:10:34,671 INFO Skipped non-substantive snapshot (no date/matchup pairs): timestamp=2026-05-14T12:00:00 source_url=https://ak-static.cms.nba.com/referee/injury/Injury-Report_2026-05-14_12_00PM.pdf
2026-08-14 18:10:34,677 INFO Skipped non-substantive snapshot (no date/matchup pairs): timestamp=2026-05-14T00:15:00 source_url=https://ak-static.cms.nba.com/referee/injury/Injury-Report_2026-05-14_12_15AM.pdf
2026-08-14 18:10:34,684 INFO Skipped non-substantive snapshot (no date/matchup pairs): timestamp=2026-05-14T12:15:00 source_url=https://ak-static.cms.nba.com/referee/injury/Injury-Report_2026-05-14_12_15PM.pdf
2026-08-14 18:10:34,692 INFO Skipped non-substantive snapshot (no date/matchup pairs): timestamp=2026-05-14T00:30:00 source_url=https://ak-static.cms.nba.com/referee/injury/Injury-Report_2026-05-14_12_30AM.pdf
2026-08-14 18:10:34,699 INFO Skipped non-substantive snapshot (no date/matchup pairs): timestamp=2026-05-14T12:30:00 source_url=https://ak-static.cms.nba.com/referee/injury/Injury-Report_2026-05-14_12_30PM.pdf
2026-08-14 18:10:34,705 INFO Skipped non-substantive snapshot (no date/matchup pairs): timestamp=2026-05-14T00:45:00 source_url=https://ak-static.cms.nba.com/referee/injury/Injury-Report_2026-05-14_12_45AM.pdf
2026-08-14 18:10:34,712 INFO Skipped non-substantive snapshot (no date/matchup pairs): timestamp=2026-05-14T12:45:00 source_url=https://ak-static.cms.nba.com/referee/injury/Injury-Report_2026-05-14_12_45PM.pdf
2026-08-14 18:10:34,712 INFO Direct NBA day 32/123: 2026-05-14, 96 discovered -> 1 selected
2026-08-14 18:10:35,133 INFO NBA backfill checkpoint processed=1/1 parsed=1 missing=0 http_failed=0 invalid_pdf=0 parse_failed=0
2026-08-14 18:10:37,242 INFO Suppressed 4 entries from older reports for games superseded by newer snapshots on 2026-05-14
2026-08-14 18:14:14,224 INFO Direct NBA day 33/123: 2026-05-15, 96 discovered -> 1 selected
2026-08-14 18:14:14,493 INFO NBA backfill checkpoint processed=1/1 parsed=1 missing=0 http_failed=0 invalid_pdf=0 parse_failed=0
2026-08-14 18:14:16,731 INFO Suppressed 10 entries from older reports for games superseded by newer snapshots on 2026-05-15
2026-08-14 18:17:53,963 INFO Skipped non-substantive snapshot (no date/matchup pairs): timestamp=2026-05-16T01:00:00 source_url=https://ak-static.cms.nba.com/referee/injury/Injury-Report_2026-05-16_01_00AM.pdf
2026-08-14 18:17:53,972 INFO Skipped non-substantive snapshot (no date/matchup pairs): timestamp=2026-05-16T13:00:00 source_url=https://ak-static.cms.nba.com/referee/injury/Injury-Report_2026-05-16_01_00PM.pdf
2026-08-14 18:17:53,980 INFO Skipped non-substantive snapshot (no date/matchup pairs): timestamp=2026-05-16T01:15:00 source_url=https://ak-static.cms.nba.com/referee/injury/Injury-Report_2026-05-16_01_15AM.pdf
2026-08-14 18:17:53,987 INFO Skipped non-substantive snapshot (no date/matchup pairs): timestamp=2026-05-16T13:15:00 source_url=https://ak-static.cms.nba.com/referee/injury/Injury-Report_2026-05-16_01_15PM.pdf
2026-08-14 18:17:53,997 INFO Skipped non-substantive snapshot (no date/matchup pairs): timestamp=2026-05-16T01:30:00 source_url=https://ak-static.cms.nba.com/referee/injury/Injury-Report_2026-05-16_01_30AM.pdf
2026-08-14 18:17:54,003 INFO Skipped non-substantive snapshot (no date/matchup pairs): timestamp=2026-05-16T13:30:00 source_url=https://ak-static.cms.nba.com/referee/injury/Injury-Report_2026-05-16_01_30PM.pdf
2026-08-14 18:17:54,008 INFO Skipped non-substantive snapshot (no date/matchup pairs): timestamp=2026-05-16T01:45:00 source_url=https://ak-static.cms.nba.com/referee/injury/Injury-Report_2026-05-16_01_45AM.pdf
2026-08-14 18:17:54,014 INFO Skipped non-substantive snapshot (no date/matchup pairs): timestamp=2026-05-16T13:45:00 source_url=https://ak-static.cms.nba.com/referee/injury/Injury-Report_2026-05-16_01_45PM.pdf
2026-08-14 18:17:54,020 INFO Skipped non-substantive snapshot (no date/matchup pairs): timestamp=2026-05-16T02:00:00 source_url=https://ak-static.cms.nba.com/referee/injury/Injury-Report_2026-05-16_02_00AM.pdf
2026-08-14 18:17:54,026 INFO Skipped non-substantive snapshot (no date/matchup pairs): timestamp=2026-05-16T14:00:00 source_url=https://ak-static.cms.nba.com/referee/injury/Injury-Report_2026-05-16_02_00PM.pdf
2026-08-14 18:17:54,031 INFO Skipped non-substantive snapshot (no date/matchup pairs): timestamp=2026-05-16T02:15:00 source_url=https://ak-static.cms.nba.com/referee/injury/Injury-Report_2026-05-16_02_15AM.pdf
2026-08-14 18:17:54,037 INFO Skipped non-substantive snapshot (no date/matchup pairs): timestamp=2026-05-16T14:15:00 source_url=https://ak-static.cms.nba.com/referee/injury/Injury-Report_2026-05-16_02_15PM.pdf
2026-08-14 18:17:54,043 INFO Skipped non-substantive snapshot (no date/matchup pairs): timestamp=2026-05-16T02:30:00 source_url=https://ak-static.cms.nba.com/referee/injury/Injury-Report_2026-05-16_02_30AM.pdf
2026-08-14 18:17:54,048 INFO Skipped non-substantive snapshot (no date/matchup pairs): timestamp=2026-05-16T14:30:00 source_url=https://ak-static.cms.nba.com/referee/injury/Injury-Report_2026-05-16_02_30PM.pdf
2026-08-14 18:17:54,053 INFO Skipped non-substantive snapshot (no date/matchup pairs): timestamp=2026-05-16T02:45:00 source_url=https://ak-static.cms.nba.com/referee/injury/Injury-Report_2026-05-16_02_45AM.pdf
2026-08-14 18:17:54,058 INFO Skipped non-substantive snapshot (no date/matchup pairs): timestamp=2026-05-16T14:45:00 source_url=https://ak-static.cms.nba.com/referee/injury/Injury-Report_2026-05-16_02_45PM.pdf
2026-08-14 18:17:54,063 INFO Skipped non-substantive snapshot (no date/matchup pairs): timestamp=2026-05-16T03:00:00 source_url=https://ak-static.cms.nba.com/referee/injury/Injury-Report_2026-05-16_03_00AM.pdf
2026-08-14 18:17:54,068 INFO Skipped non-substantive snapshot (no date/matchup pairs): timestamp=2026-05-16T15:00:00 source_url=https://ak-static.cms.nba.com/referee/injury/Injury-Report_2026-05-16_03_00PM.pdf
2026-08-14 18:17:54,072 INFO Skipped non-substantive snapshot (no date/matchup pairs): timestamp=2026-05-16T03:15:00 source_url=https://ak-static.cms.nba.com/referee/injury/Injury-Report_2026-05-16_03_15AM.pdf
2026-08-14 18:17:54,077 INFO Skipped non-substantive snapshot (no date/matchup pairs): timestamp=2026-05-16T15:15:00 source_url=https://ak-static.cms.nba.com/referee/injury/Injury-Report_2026-05-16_03_15PM.pdf
2026-08-14 18:17:54,082 INFO Skipped non-substantive snapshot (no date/matchup pairs): timestamp=2026-05-16T03:30:00 source_url=https://ak-static.cms.nba.com/referee/injury/Injury-Report_2026-05-16_03_30AM.pdf
2026-08-14 18:17:54,087 INFO Skipped non-substantive snapshot (no date/matchup pairs): timestamp=2026-05-16T15:30:00 source_url=https://ak-static.cms.nba.com/referee/injury/Injury-Report_2026-05-16_03_30PM.pdf
2026-08-14 18:17:54,092 INFO Skipped non-substantive snapshot (no date/matchup pairs): timestamp=2026-05-16T03:45:00 source_url=https://ak-static.cms.nba.com/referee/injury/Injury-Report_2026-05-16_03_45AM.pdf
2026-08-14 18:17:54,096 INFO Skipped non-substantive snapshot (no date/matchup pairs): timestamp=2026-05-16T15:45:00 source_url=https://ak-static.cms.nba.com/referee/injury/Injury-Report_2026-05-16_03_45PM.pdf
2026-08-14 18:17:54,103 INFO Skipped non-substantive snapshot (no date/matchup pairs): timestamp=2026-05-16T04:00:00 source_url=https://ak-static.cms.nba.com/referee/injury/Injury-Report_2026-05-16_04_00AM.pdf
2026-08-14 18:17:54,108 INFO Skipped non-substantive snapshot (no date/matchup pairs): timestamp=2026-05-16T16:00:00 source_url=https://ak-static.cms.nba.com/referee/injury/Injury-Report_2026-05-16_04_00PM.pdf
2026-08-14 18:17:54,112 INFO Skipped non-substantive snapshot (no date/matchup pairs): timestamp=2026-05-16T04:15:00 source_url=https://ak-static.cms.nba.com/referee/injury/Injury-Report_2026-05-16_04_15AM.pdf
2026-08-14 18:17:54,117 INFO Skipped non-substantive snapshot (no date/matchup pairs): timestamp=2026-05-16T16:15:00 source_url=https://ak-static.cms.nba.com/referee/injury/Injury-Report_2026-05-16_04_15PM.pdf
2026-08-14 18:17:54,122 INFO Skipped non-substantive snapshot (no date/matchup pairs): timestamp=2026-05-16T04:30:00 source_url=https://ak-static.cms.nba.com/referee/injury/Injury-Report_2026-05-16_04_30AM.pdf
2026-08-14 18:17:54,127 INFO Skipped non-substantive snapshot (no date/matchup pairs): timestamp=2026-05-16T16:30:00 source_url=https://ak-static.cms.nba.com/referee/injury/Injury-Report_2026-05-16_04_30PM.pdf
2026-08-14 18:17:54,132 INFO Skipped non-substantive snapshot (no date/matchup pairs): timestamp=2026-05-16T04:45:00 source_url=https://ak-static.cms.nba.com/referee/injury/Injury-Report_2026-05-16_04_45AM.pdf
2026-08-14 18:17:54,144 INFO Skipped non-substantive snapshot (no date/matchup pairs): timestamp=2026-05-16T05:00:00 source_url=https://ak-static.cms.nba.com/referee/injury/Injury-Report_2026-05-16_05_00AM.pdf
2026-08-14 18:17:54,156 INFO Skipped non-substantive snapshot (no date/matchup pairs): timestamp=2026-05-16T05:15:00 source_url=https://ak-static.cms.nba.com/referee/injury/Injury-Report_2026-05-16_05_15AM.pdf
2026-08-14 18:17:54,168 INFO Skipped non-substantive snapshot (no date/matchup pairs): timestamp=2026-05-16T05:30:00 source_url=https://ak-static.cms.nba.com/referee/injury/Injury-Report_2026-05-16_05_30AM.pdf
2026-08-14 18:17:54,180 INFO Skipped non-substantive snapshot (no date/matchup pairs): timestamp=2026-05-16T05:45:00 source_url=https://ak-static.cms.nba.com/referee/injury/Injury-Report_2026-05-16_05_45AM.pdf
2026-08-14 18:17:54,194 INFO Skipped non-substantive snapshot (no date/matchup pairs): timestamp=2026-05-16T06:00:00 source_url=https://ak-static.cms.nba.com/referee/injury/Injury-Report_2026-05-16_06_00AM.pdf
2026-08-14 18:17:54,207 INFO Skipped non-substantive snapshot (no date/matchup pairs): timestamp=2026-05-16T06:15:00 source_url=https://ak-static.cms.nba.com/referee/injury/Injury-Report_2026-05-16_06_15AM.pdf
2026-08-14 18:17:54,219 INFO Skipped non-substantive snapshot (no date/matchup pairs): timestamp=2026-05-16T06:30:00 source_url=https://ak-static.cms.nba.com/referee/injury/Injury-Report_2026-05-16_06_30AM.pdf
2026-08-14 18:17:54,231 INFO Skipped non-substantive snapshot (no date/matchup pairs): timestamp=2026-05-16T06:45:00 source_url=https://ak-static.cms.nba.com/referee/injury/Injury-Report_2026-05-16_06_45AM.pdf
2026-08-14 18:17:54,244 INFO Skipped non-substantive snapshot (no date/matchup pairs): timestamp=2026-05-16T07:00:00 source_url=https://ak-static.cms.nba.com/referee/injury/Injury-Report_2026-05-16_07_00AM.pdf
2026-08-14 18:17:54,256 INFO Skipped non-substantive snapshot (no date/matchup pairs): timestamp=2026-05-16T07:15:00 source_url=https://ak-static.cms.nba.com/referee/injury/Injury-Report_2026-05-16_07_15AM.pdf
2026-08-14 18:17:54,270 INFO Skipped non-substantive snapshot (no date/matchup pairs): timestamp=2026-05-16T07:30:00 source_url=https://ak-static.cms.nba.com/referee/injury/Injury-Report_2026-05-16_07_30AM.pdf
2026-08-14 18:17:54,282 INFO Skipped non-substantive snapshot (no date/matchup pairs): timestamp=2026-05-16T07:45:00 source_url=https://ak-static.cms.nba.com/referee/injury/Injury-Report_2026-05-16_07_45AM.pdf
2026-08-14 18:17:54,295 INFO Skipped non-substantive snapshot (no date/matchup pairs): timestamp=2026-05-16T08:00:00 source_url=https://ak-static.cms.nba.com/referee/injury/Injury-Report_2026-05-16_08_00AM.pdf
2026-08-14 18:17:54,307 INFO Skipped non-substantive snapshot (no date/matchup pairs): timestamp=2026-05-16T08:15:00 source_url=https://ak-static.cms.nba.com/referee/injury/Injury-Report_2026-05-16_08_15AM.pdf
2026-08-14 18:17:54,320 INFO Skipped non-substantive snapshot (no date/matchup pairs): timestamp=2026-05-16T08:30:00 source_url=https://ak-static.cms.nba.com/referee/injury/Injury-Report_2026-05-16_08_30AM.pdf
2026-08-14 18:17:54,332 INFO Skipped non-substantive snapshot (no date/matchup pairs): timestamp=2026-05-16T08:45:00 source_url=https://ak-static.cms.nba.com/referee/injury/Injury-Report_2026-05-16_08_45AM.pdf
2026-08-14 18:17:54,346 INFO Skipped non-substantive snapshot (no date/matchup pairs): timestamp=2026-05-16T09:00:00 source_url=https://ak-static.cms.nba.com/referee/injury/Injury-Report_2026-05-16_09_00AM.pdf
2026-08-14 18:17:54,358 INFO Skipped non-substantive snapshot (no date/matchup pairs): timestamp=2026-05-16T09:15:00 source_url=https://ak-static.cms.nba.com/referee/injury/Injury-Report_2026-05-16_09_15AM.pdf
2026-08-14 18:17:54,371 INFO Skipped non-substantive snapshot (no date/matchup pairs): timestamp=2026-05-16T09:30:00 source_url=https://ak-static.cms.nba.com/referee/injury/Injury-Report_2026-05-16_09_30AM.pdf
2026-08-14 18:17:54,383 INFO Skipped non-substantive snapshot (no date/matchup pairs): timestamp=2026-05-16T09:45:00 source_url=https://ak-static.cms.nba.com/referee/injury/Injury-Report_2026-05-16_09_45AM.pdf
2026-08-14 18:17:54,396 INFO Skipped non-substantive snapshot (no date/matchup pairs): timestamp=2026-05-16T10:00:00 source_url=https://ak-static.cms.nba.com/referee/injury/Injury-Report_2026-05-16_10_00AM.pdf
2026-08-14 18:17:54,408 INFO Skipped non-substantive snapshot (no date/matchup pairs): timestamp=2026-05-16T10:15:00 source_url=https://ak-static.cms.nba.com/referee/injury/Injury-Report_2026-05-16_10_15AM.pdf
2026-08-14 18:17:54,422 INFO Skipped non-substantive snapshot (no date/matchup pairs): timestamp=2026-05-16T10:30:00 source_url=https://ak-static.cms.nba.com/referee/injury/Injury-Report_2026-05-16_10_30AM.pdf
2026-08-14 18:17:54,435 INFO Skipped non-substantive snapshot (no date/matchup pairs): timestamp=2026-05-16T10:45:00 source_url=https://ak-static.cms.nba.com/referee/injury/Injury-Report_2026-05-16_10_45AM.pdf
2026-08-14 18:17:54,447 INFO Skipped non-substantive snapshot (no date/matchup pairs): timestamp=2026-05-16T11:00:00 source_url=https://ak-static.cms.nba.com/referee/injury/Injury-Report_2026-05-16_11_00AM.pdf
2026-08-14 18:17:54,460 INFO Skipped non-substantive snapshot (no date/matchup pairs): timestamp=2026-05-16T11:15:00 source_url=https://ak-static.cms.nba.com/referee/injury/Injury-Report_2026-05-16_11_15AM.pdf
2026-08-14 18:17:54,472 INFO Skipped non-substantive snapshot (no date/matchup pairs): timestamp=2026-05-16T11:30:00 source_url=https://ak-static.cms.nba.com/referee/injury/Injury-Report_2026-05-16_11_30AM.pdf
2026-08-14 18:17:54,487 INFO Skipped non-substantive snapshot (no date/matchup pairs): timestamp=2026-05-16T11:45:00 source_url=https://ak-static.cms.nba.com/referee/injury/Injury-Report_2026-05-16_11_45AM.pdf
2026-08-14 18:17:54,501 INFO Skipped non-substantive snapshot (no date/matchup pairs): timestamp=2026-05-16T00:00:00 source_url=https://ak-static.cms.nba.com/referee/injury/Injury-Report_2026-05-16_12_00AM.pdf
2026-08-14 18:17:54,506 INFO Skipped non-substantive snapshot (no date/matchup pairs): timestamp=2026-05-16T12:00:00 source_url=https://ak-static.cms.nba.com/referee/injury/Injury-Report_2026-05-16_12_00PM.pdf
2026-08-14 18:17:54,512 INFO Skipped non-substantive snapshot (no date/matchup pairs): timestamp=2026-05-16T00:15:00 source_url=https://ak-static.cms.nba.com/referee/injury/Injury-Report_2026-05-16_12_15AM.pdf
2026-08-14 18:17:54,517 INFO Skipped non-substantive snapshot (no date/matchup pairs): timestamp=2026-05-16T12:15:00 source_url=https://ak-static.cms.nba.com/referee/injury/Injury-Report_2026-05-16_12_15PM.pdf
2026-08-14 18:17:54,522 INFO Skipped non-substantive snapshot (no date/matchup pairs): timestamp=2026-05-16T00:30:00 source_url=https://ak-static.cms.nba.com/referee/injury/Injury-Report_2026-05-16_12_30AM.pdf
2026-08-14 18:17:54,527 INFO Skipped non-substantive snapshot (no date/matchup pairs): timestamp=2026-05-16T12:30:00 source_url=https://ak-static.cms.nba.com/referee/injury/Injury-Report_2026-05-16_12_30PM.pdf
2026-08-14 18:17:54,532 INFO Skipped non-substantive snapshot (no date/matchup pairs): timestamp=2026-05-16T00:45:00 source_url=https://ak-static.cms.nba.com/referee/injury/Injury-Report_2026-05-16_12_45AM.pdf
2026-08-14 18:17:54,537 INFO Skipped non-substantive snapshot (no date/matchup pairs): timestamp=2026-05-16T12:45:00 source_url=https://ak-static.cms.nba.com/referee/injury/Injury-Report_2026-05-16_12_45PM.pdf
2026-08-14 18:17:54,537 INFO Direct NBA day 34/123: 2026-05-16, 96 discovered -> 1 selected
2026-08-14 18:17:55,065 INFO NBA backfill checkpoint processed=1/1 parsed=1 missing=0 http_failed=0 invalid_pdf=0 parse_failed=0
2026-08-14 18:17:57,170 INFO Suppressed 4 entries from older reports for games superseded by newer snapshots on 2026-05-16
2026-08-14 18:21:36,718 INFO Direct NBA day 35/123: 2026-05-17, 96 discovered -> 1 selected
2026-08-14 18:21:36,847 INFO NBA backfill checkpoint processed=1/1 parsed=1 missing=0 http_failed=0 invalid_pdf=0 parse_failed=0
2026-08-14 18:21:39,062 INFO Suppressed 11 entries from older reports for games superseded by newer snapshots on 2026-05-17
2026-08-14 18:25:18,246 INFO Direct NBA day 36/123: 2026-05-18, 96 discovered -> 1 selected
2026-08-14 18:25:18,455 INFO NBA backfill checkpoint processed=1/1 parsed=1 missing=0 http_failed=0 invalid_pdf=0 parse_failed=0
2026-08-14 18:25:20,673 INFO Suppressed 8 entries from older reports for games superseded by newer snapshots on 2026-05-18
2026-08-14 18:28:57,240 INFO Direct NBA day 37/123: 2026-05-19, 96 discovered -> 1 selected
2026-08-14 18:28:57,591 INFO NBA backfill checkpoint processed=1/1 parsed=1 missing=0 http_failed=0 invalid_pdf=0 parse_failed=0
2026-08-14 18:28:59,718 INFO Suppressed 6 entries from older reports for games superseded by newer snapshots on 2026-05-19
2026-08-14 18:32:34,850 INFO Direct NBA day 38/123: 2026-05-20, 96 discovered -> 1 selected
2026-08-14 18:32:35,262 INFO NBA backfill checkpoint processed=1/1 parsed=1 missing=0 http_failed=0 invalid_pdf=0 parse_failed=0
2026-08-14 18:32:37,447 INFO Suppressed 4 entries from older reports for games superseded by newer snapshots on 2026-05-20
2026-08-14 18:36:12,477 INFO Skipped non-substantive snapshot (no date/matchup pairs): timestamp=2026-05-21T01:00:00 source_url=https://ak-static.cms.nba.com/referee/injury/Injury-Report_2026-05-21_01_00AM.pdf
2026-08-14 18:36:12,486 INFO Skipped non-substantive snapshot (no date/matchup pairs): timestamp=2026-05-21T13:00:00 source_url=https://ak-static.cms.nba.com/referee/injury/Injury-Report_2026-05-21_01_00PM.pdf
2026-08-14 18:36:12,494 INFO Skipped non-substantive snapshot (no date/matchup pairs): timestamp=2026-05-21T01:15:00 source_url=https://ak-static.cms.nba.com/referee/injury/Injury-Report_2026-05-21_01_15AM.pdf
2026-08-14 18:36:12,501 INFO Skipped non-substantive snapshot (no date/matchup pairs): timestamp=2026-05-21T13:15:00 source_url=https://ak-static.cms.nba.com/referee/injury/Injury-Report_2026-05-21_01_15PM.pdf
2026-08-14 18:36:12,507 INFO Skipped non-substantive snapshot (no date/matchup pairs): timestamp=2026-05-21T01:30:00 source_url=https://ak-static.cms.nba.com/referee/injury/Injury-Report_2026-05-21_01_30AM.pdf
2026-08-14 18:36:12,513 INFO Skipped non-substantive snapshot (no date/matchup pairs): timestamp=2026-05-21T13:30:00 source_url=https://ak-static.cms.nba.com/referee/injury/Injury-Report_2026-05-21_01_30PM.pdf
2026-08-14 18:36:12,521 INFO Skipped non-substantive snapshot (no date/matchup pairs): timestamp=2026-05-21T01:45:00 source_url=https://ak-static.cms.nba.com/referee/injury/Injury-Report_2026-05-21_01_45AM.pdf
2026-08-14 18:36:12,527 INFO Skipped non-substantive snapshot (no date/matchup pairs): timestamp=2026-05-21T13:45:00 source_url=https://ak-static.cms.nba.com/referee/injury/Injury-Report_2026-05-21_01_45PM.pdf
2026-08-14 18:36:12,532 INFO Skipped non-substantive snapshot (no date/matchup pairs): timestamp=2026-05-21T02:00:00 source_url=https://ak-static.cms.nba.com/referee/injury/Injury-Report_2026-05-21_02_00AM.pdf
2026-08-14 18:36:12,537 INFO Skipped non-substantive snapshot (no date/matchup pairs): timestamp=2026-05-21T14:00:00 source_url=https://ak-static.cms.nba.com/referee/injury/Injury-Report_2026-05-21_02_00PM.pdf
2026-08-14 18:36:12,542 INFO Skipped non-substantive snapshot (no date/matchup pairs): timestamp=2026-05-21T02:15:00 source_url=https://ak-static.cms.nba.com/referee/injury/Injury-Report_2026-05-21_02_15AM.pdf
2026-08-14 18:36:12,547 INFO Skipped non-substantive snapshot (no date/matchup pairs): timestamp=2026-05-21T14:15:00 source_url=https://ak-static.cms.nba.com/referee/injury/Injury-Report_2026-05-21_02_15PM.pdf
2026-08-14 18:36:12,552 INFO Skipped non-substantive snapshot (no date/matchup pairs): timestamp=2026-05-21T02:30:00 source_url=https://ak-static.cms.nba.com/referee/injury/Injury-Report_2026-05-21_02_30AM.pdf
2026-08-14 18:36:12,556 INFO Skipped non-substantive snapshot (no date/matchup pairs): timestamp=2026-05-21T14:30:00 source_url=https://ak-static.cms.nba.com/referee/injury/Injury-Report_2026-05-21_02_30PM.pdf
2026-08-14 18:36:12,561 INFO Skipped non-substantive snapshot (no date/matchup pairs): timestamp=2026-05-21T02:45:00 source_url=https://ak-static.cms.nba.com/referee/injury/Injury-Report_2026-05-21_02_45AM.pdf
2026-08-14 18:36:12,566 INFO Skipped non-substantive snapshot (no date/matchup pairs): timestamp=2026-05-21T14:45:00 source_url=https://ak-static.cms.nba.com/referee/injury/Injury-Report_2026-05-21_02_45PM.pdf
2026-08-14 18:36:12,571 INFO Skipped non-substantive snapshot (no date/matchup pairs): timestamp=2026-05-21T03:00:00 source_url=https://ak-static.cms.nba.com/referee/injury/Injury-Report_2026-05-21_03_00AM.pdf
2026-08-14 18:36:12,576 INFO Skipped non-substantive snapshot (no date/matchup pairs): timestamp=2026-05-21T15:00:00 source_url=https://ak-static.cms.nba.com/referee/injury/Injury-Report_2026-05-21_03_00PM.pdf
2026-08-14 18:36:12,581 INFO Skipped non-substantive snapshot (no date/matchup pairs): timestamp=2026-05-21T03:15:00 source_url=https://ak-static.cms.nba.com/referee/injury/Injury-Report_2026-05-21_03_15AM.pdf
2026-08-14 18:36:12,585 INFO Skipped non-substantive snapshot (no date/matchup pairs): timestamp=2026-05-21T15:15:00 source_url=https://ak-static.cms.nba.com/referee/injury/Injury-Report_2026-05-21_03_15PM.pdf
2026-08-14 18:36:12,590 INFO Skipped non-substantive snapshot (no date/matchup pairs): timestamp=2026-05-21T03:30:00 source_url=https://ak-static.cms.nba.com/referee/injury/Injury-Report_2026-05-21_03_30AM.pdf
2026-08-14 18:36:12,595 INFO Skipped non-substantive snapshot (no date/matchup pairs): timestamp=2026-05-21T15:30:00 source_url=https://ak-static.cms.nba.com/referee/injury/Injury-Report_2026-05-21_03_30PM.pdf
2026-08-14 18:36:12,600 INFO Skipped non-substantive snapshot (no date/matchup pairs): timestamp=2026-05-21T03:45:00 source_url=https://ak-static.cms.nba.com/referee/injury/Injury-Report_2026-05-21_03_45AM.pdf
2026-08-14 18:36:12,604 INFO Skipped non-substantive snapshot (no date/matchup pairs): timestamp=2026-05-21T15:45:00 source_url=https://ak-static.cms.nba.com/referee/injury/Injury-Report_2026-05-21_03_45PM.pdf
2026-08-14 18:36:12,609 INFO Skipped non-substantive snapshot (no date/matchup pairs): timestamp=2026-05-21T04:00:00 source_url=https://ak-static.cms.nba.com/referee/injury/Injury-Report_2026-05-21_04_00AM.pdf
2026-08-14 18:36:12,614 INFO Skipped non-substantive snapshot (no date/matchup pairs): timestamp=2026-05-21T16:00:00 source_url=https://ak-static.cms.nba.com/referee/injury/Injury-Report_2026-05-21_04_00PM.pdf
2026-08-14 18:36:12,620 INFO Skipped non-substantive snapshot (no date/matchup pairs): timestamp=2026-05-21T04:15:00 source_url=https://ak-static.cms.nba.com/referee/injury/Injury-Report_2026-05-21_04_15AM.pdf
2026-08-14 18:36:12,625 INFO Skipped non-substantive snapshot (no date/matchup pairs): timestamp=2026-05-21T16:15:00 source_url=https://ak-static.cms.nba.com/referee/injury/Injury-Report_2026-05-21_04_15PM.pdf
2026-08-14 18:36:12,630 INFO Skipped non-substantive snapshot (no date/matchup pairs): timestamp=2026-05-21T04:30:00 source_url=https://ak-static.cms.nba.com/referee/injury/Injury-Report_2026-05-21_04_30AM.pdf
2026-08-14 18:36:12,635 INFO Skipped non-substantive snapshot (no date/matchup pairs): timestamp=2026-05-21T16:30:00 source_url=https://ak-static.cms.nba.com/referee/injury/Injury-Report_2026-05-21_04_30PM.pdf
2026-08-14 18:36:12,639 INFO Skipped non-substantive snapshot (no date/matchup pairs): timestamp=2026-05-21T04:45:00 source_url=https://ak-static.cms.nba.com/referee/injury/Injury-Report_2026-05-21_04_45AM.pdf
2026-08-14 18:36:12,644 INFO Skipped non-substantive snapshot (no date/matchup pairs): timestamp=2026-05-21T16:45:00 source_url=https://ak-static.cms.nba.com/referee/injury/Injury-Report_2026-05-21_04_45PM.pdf
2026-08-14 18:36:12,649 INFO Skipped non-substantive snapshot (no date/matchup pairs): timestamp=2026-05-21T05:00:00 source_url=https://ak-static.cms.nba.com/referee/injury/Injury-Report_2026-05-21_05_00AM.pdf
2026-08-14 18:36:12,653 INFO Skipped non-substantive snapshot (no date/matchup pairs): timestamp=2026-05-21T17:00:00 source_url=https://ak-static.cms.nba.com/referee/injury/Injury-Report_2026-05-21_05_00PM.pdf
2026-08-14 18:36:12,658 INFO Skipped non-substantive snapshot (no date/matchup pairs): timestamp=2026-05-21T05:15:00 source_url=https://ak-static.cms.nba.com/referee/injury/Injury-Report_2026-05-21_05_15AM.pdf
2026-08-14 18:36:12,663 INFO Skipped non-substantive snapshot (no date/matchup pairs): timestamp=2026-05-21T17:15:00 source_url=https://ak-static.cms.nba.com/referee/injury/Injury-Report_2026-05-21_05_15PM.pdf
2026-08-14 18:36:12,668 INFO Skipped non-substantive snapshot (no date/matchup pairs): timestamp=2026-05-21T05:30:00 source_url=https://ak-static.cms.nba.com/referee/injury/Injury-Report_2026-05-21_05_30AM.pdf
2026-08-14 18:36:12,673 INFO Skipped non-substantive snapshot (no date/matchup pairs): timestamp=2026-05-21T17:30:00 source_url=https://ak-static.cms.nba.com/referee/injury/Injury-Report_2026-05-21_05_30PM.pdf
2026-08-14 18:36:12,677 INFO Skipped non-substantive snapshot (no date/matchup pairs): timestamp=2026-05-21T05:45:00 source_url=https://ak-static.cms.nba.com/referee/injury/Injury-Report_2026-05-21_05_45AM.pdf
2026-08-14 18:36:12,682 INFO Skipped non-substantive snapshot (no date/matchup pairs): timestamp=2026-05-21T17:45:00 source_url=https://ak-static.cms.nba.com/referee/injury/Injury-Report_2026-05-21_05_45PM.pdf
2026-08-14 18:36:12,687 INFO Skipped non-substantive snapshot (no date/matchup pairs): timestamp=2026-05-21T06:00:00 source_url=https://ak-static.cms.nba.com/referee/injury/Injury-Report_2026-05-21_06_00AM.pdf
2026-08-14 18:36:12,698 INFO Skipped non-substantive snapshot (no date/matchup pairs): timestamp=2026-05-21T06:15:00 source_url=https://ak-static.cms.nba.com/referee/injury/Injury-Report_2026-05-21_06_15AM.pdf
2026-08-14 18:36:12,710 INFO Skipped non-substantive snapshot (no date/matchup pairs): timestamp=2026-05-21T06:30:00 source_url=https://ak-static.cms.nba.com/referee/injury/Injury-Report_2026-05-21_06_30AM.pdf
2026-08-14 18:36:12,723 INFO Skipped non-substantive snapshot (no date/matchup pairs): timestamp=2026-05-21T06:45:00 source_url=https://ak-static.cms.nba.com/referee/injury/Injury-Report_2026-05-21_06_45AM.pdf
2026-08-14 18:36:12,736 INFO Skipped non-substantive snapshot (no date/matchup pairs): timestamp=2026-05-21T07:00:00 source_url=https://ak-static.cms.nba.com/referee/injury/Injury-Report_2026-05-21_07_00AM.pdf
2026-08-14 18:36:12,748 INFO Skipped non-substantive snapshot (no date/matchup pairs): timestamp=2026-05-21T07:15:00 source_url=https://ak-static.cms.nba.com/referee/injury/Injury-Report_2026-05-21_07_15AM.pdf
2026-08-14 18:36:12,760 INFO Skipped non-substantive snapshot (no date/matchup pairs): timestamp=2026-05-21T07:30:00 source_url=https://ak-static.cms.nba.com/referee/injury/Injury-Report_2026-05-21_07_30AM.pdf
2026-08-14 18:36:12,772 INFO Skipped non-substantive snapshot (no date/matchup pairs): timestamp=2026-05-21T07:45:00 source_url=https://ak-static.cms.nba.com/referee/injury/Injury-Report_2026-05-21_07_45AM.pdf
2026-08-14 18:36:12,786 INFO Skipped non-substantive snapshot (no date/matchup pairs): timestamp=2026-05-21T08:00:00 source_url=https://ak-static.cms.nba.com/referee/injury/Injury-Report_2026-05-21_08_00AM.pdf
2026-08-14 18:36:12,798 INFO Skipped non-substantive snapshot (no date/matchup pairs): timestamp=2026-05-21T08:15:00 source_url=https://ak-static.cms.nba.com/referee/injury/Injury-Report_2026-05-21_08_15AM.pdf
2026-08-14 18:36:12,810 INFO Skipped non-substantive snapshot (no date/matchup pairs): timestamp=2026-05-21T08:30:00 source_url=https://ak-static.cms.nba.com/referee/injury/Injury-Report_2026-05-21_08_30AM.pdf
2026-08-14 18:36:12,822 INFO Skipped non-substantive snapshot (no date/matchup pairs): timestamp=2026-05-21T08:45:00 source_url=https://ak-static.cms.nba.com/referee/injury/Injury-Report_2026-05-21_08_45AM.pdf
2026-08-14 18:36:12,835 INFO Skipped non-substantive snapshot (no date/matchup pairs): timestamp=2026-05-21T09:00:00 source_url=https://ak-static.cms.nba.com/referee/injury/Injury-Report_2026-05-21_09_00AM.pdf
2026-08-14 18:36:12,847 INFO Skipped non-substantive snapshot (no date/matchup pairs): timestamp=2026-05-21T09:15:00 source_url=https://ak-static.cms.nba.com/referee/injury/Injury-Report_2026-05-21_09_15AM.pdf
2026-08-14 18:36:12,859 INFO Skipped non-substantive snapshot (no date/matchup pairs): timestamp=2026-05-21T09:30:00 source_url=https://ak-static.cms.nba.com/referee/injury/Injury-Report_2026-05-21_09_30AM.pdf
2026-08-14 18:36:12,872 INFO Skipped non-substantive snapshot (no date/matchup pairs): timestamp=2026-05-21T09:45:00 source_url=https://ak-static.cms.nba.com/referee/injury/Injury-Report_2026-05-21_09_45AM.pdf
2026-08-14 18:36:12,885 INFO Skipped non-substantive snapshot (no date/matchup pairs): timestamp=2026-05-21T10:00:00 source_url=https://ak-static.cms.nba.com/referee/injury/Injury-Report_2026-05-21_10_00AM.pdf
2026-08-14 18:36:12,897 INFO Skipped non-substantive snapshot (no date/matchup pairs): timestamp=2026-05-21T10:15:00 source_url=https://ak-static.cms.nba.com/referee/injury/Injury-Report_2026-05-21_10_15AM.pdf
2026-08-14 18:36:12,909 INFO Skipped non-substantive snapshot (no date/matchup pairs): timestamp=2026-05-21T10:30:00 source_url=https://ak-static.cms.nba.com/referee/injury/Injury-Report_2026-05-21_10_30AM.pdf
2026-08-14 18:36:12,921 INFO Skipped non-substantive snapshot (no date/matchup pairs): timestamp=2026-05-21T10:45:00 source_url=https://ak-static.cms.nba.com/referee/injury/Injury-Report_2026-05-21_10_45AM.pdf
2026-08-14 18:36:12,933 INFO Skipped non-substantive snapshot (no date/matchup pairs): timestamp=2026-05-21T11:00:00 source_url=https://ak-static.cms.nba.com/referee/injury/Injury-Report_2026-05-21_11_00AM.pdf
2026-08-14 18:36:12,947 INFO Skipped non-substantive snapshot (no date/matchup pairs): timestamp=2026-05-21T11:15:00 source_url=https://ak-static.cms.nba.com/referee/injury/Injury-Report_2026-05-21_11_15AM.pdf
2026-08-14 18:36:12,959 INFO Skipped non-substantive snapshot (no date/matchup pairs): timestamp=2026-05-21T11:30:00 source_url=https://ak-static.cms.nba.com/referee/injury/Injury-Report_2026-05-21_11_30AM.pdf
2026-08-14 18:36:12,972 INFO Skipped non-substantive snapshot (no date/matchup pairs): timestamp=2026-05-21T11:45:00 source_url=https://ak-static.cms.nba.com/referee/injury/Injury-Report_2026-05-21_11_45AM.pdf
2026-08-14 18:36:12,984 INFO Skipped non-substantive snapshot (no date/matchup pairs): timestamp=2026-05-21T00:00:00 source_url=https://ak-static.cms.nba.com/referee/injury/Injury-Report_2026-05-21_12_00AM.pdf
2026-08-14 18:36:12,989 INFO Skipped non-substantive snapshot (no date/matchup pairs): timestamp=2026-05-21T12:00:00 source_url=https://ak-static.cms.nba.com/referee/injury/Injury-Report_2026-05-21_12_00PM.pdf
2026-08-14 18:36:12,993 INFO Skipped non-substantive snapshot (no date/matchup pairs): timestamp=2026-05-21T00:15:00 source_url=https://ak-static.cms.nba.com/referee/injury/Injury-Report_2026-05-21_12_15AM.pdf
2026-08-14 18:36:12,998 INFO Skipped non-substantive snapshot (no date/matchup pairs): timestamp=2026-05-21T12:15:00 source_url=https://ak-static.cms.nba.com/referee/injury/Injury-Report_2026-05-21_12_15PM.pdf
2026-08-14 18:36:13,003 INFO Skipped non-substantive snapshot (no date/matchup pairs): timestamp=2026-05-21T00:30:00 source_url=https://ak-static.cms.nba.com/referee/injury/Injury-Report_2026-05-21_12_30AM.pdf
2026-08-14 18:36:13,008 INFO Skipped non-substantive snapshot (no date/matchup pairs): timestamp=2026-05-21T12:30:00 source_url=https://ak-static.cms.nba.com/referee/injury/Injury-Report_2026-05-21_12_30PM.pdf
2026-08-14 18:36:13,014 INFO Skipped non-substantive snapshot (no date/matchup pairs): timestamp=2026-05-21T00:45:00 source_url=https://ak-static.cms.nba.com/referee/injury/Injury-Report_2026-05-21_12_45AM.pdf
2026-08-14 18:36:13,019 INFO Skipped non-substantive snapshot (no date/matchup pairs): timestamp=2026-05-21T12:45:00 source_url=https://ak-static.cms.nba.com/referee/injury/Injury-Report_2026-05-21_12_45PM.pdf
2026-08-14 18:36:13,019 INFO Direct NBA day 39/123: 2026-05-21, 96 discovered -> 1 selected
2026-08-14 18:36:13,586 INFO NBA backfill checkpoint processed=1/1 parsed=1 missing=0 http_failed=0 invalid_pdf=0 parse_failed=0
2026-08-14 18:36:15,682 INFO Suppressed 4 entries from older reports for games superseded by newer snapshots on 2026-05-21
2026-08-14 18:39:54,781 INFO Direct NBA day 40/123: 2026-05-22, 96 discovered -> 1 selected
2026-08-14 18:39:55,015 INFO NBA backfill checkpoint processed=1/1 parsed=1 missing=0 http_failed=0 invalid_pdf=0 parse_failed=0
2026-08-14 18:39:57,180 INFO Suppressed 8 entries from older reports for games superseded by newer snapshots on 2026-05-22
2026-08-14 18:43:34,557 INFO Skipped non-substantive snapshot (no date/matchup pairs): timestamp=2026-05-23T01:00:00 source_url=https://ak-static.cms.nba.com/referee/injury/Injury-Report_2026-05-23_01_00AM.pdf
2026-08-14 18:43:34,571 INFO Skipped non-substantive snapshot (no date/matchup pairs): timestamp=2026-05-23T13:00:00 source_url=https://ak-static.cms.nba.com/referee/injury/Injury-Report_2026-05-23_01_00PM.pdf
2026-08-14 18:43:34,578 INFO Skipped non-substantive snapshot (no date/matchup pairs): timestamp=2026-05-23T01:15:00 source_url=https://ak-static.cms.nba.com/referee/injury/Injury-Report_2026-05-23_01_15AM.pdf
2026-08-14 18:43:34,585 INFO Skipped non-substantive snapshot (no date/matchup pairs): timestamp=2026-05-23T13:15:00 source_url=https://ak-static.cms.nba.com/referee/injury/Injury-Report_2026-05-23_01_15PM.pdf
2026-08-14 18:43:34,591 INFO Skipped non-substantive snapshot (no date/matchup pairs): timestamp=2026-05-23T01:30:00 source_url=https://ak-static.cms.nba.com/referee/injury/Injury-Report_2026-05-23_01_30AM.pdf
2026-08-14 18:43:34,596 INFO Skipped non-substantive snapshot (no date/matchup pairs): timestamp=2026-05-23T13:30:00 source_url=https://ak-static.cms.nba.com/referee/injury/Injury-Report_2026-05-23_01_30PM.pdf
2026-08-14 18:43:34,602 INFO Skipped non-substantive snapshot (no date/matchup pairs): timestamp=2026-05-23T01:45:00 source_url=https://ak-static.cms.nba.com/referee/injury/Injury-Report_2026-05-23_01_45AM.pdf
2026-08-14 18:43:34,607 INFO Skipped non-substantive snapshot (no date/matchup pairs): timestamp=2026-05-23T13:45:00 source_url=https://ak-static.cms.nba.com/referee/injury/Injury-Report_2026-05-23_01_45PM.pdf
2026-08-14 18:43:34,613 INFO Skipped non-substantive snapshot (no date/matchup pairs): timestamp=2026-05-23T02:00:00 source_url=https://ak-static.cms.nba.com/referee/injury/Injury-Report_2026-05-23_02_00AM.pdf
2026-08-14 18:43:34,618 INFO Skipped non-substantive snapshot (no date/matchup pairs): timestamp=2026-05-23T14:00:00 source_url=https://ak-static.cms.nba.com/referee/injury/Injury-Report_2026-05-23_02_00PM.pdf
2026-08-14 18:43:34,623 INFO Skipped non-substantive snapshot (no date/matchup pairs): timestamp=2026-05-23T02:15:00 source_url=https://ak-static.cms.nba.com/referee/injury/Injury-Report_2026-05-23_02_15AM.pdf
2026-08-14 18:43:34,628 INFO Skipped non-substantive snapshot (no date/matchup pairs): timestamp=2026-05-23T14:15:00 source_url=https://ak-static.cms.nba.com/referee/injury/Injury-Report_2026-05-23_02_15PM.pdf
2026-08-14 18:43:34,633 INFO Skipped non-substantive snapshot (no date/matchup pairs): timestamp=2026-05-23T02:30:00 source_url=https://ak-static.cms.nba.com/referee/injury/Injury-Report_2026-05-23_02_30AM.pdf
2026-08-14 18:43:34,637 INFO Skipped non-substantive snapshot (no date/matchup pairs): timestamp=2026-05-23T14:30:00 source_url=https://ak-static.cms.nba.com/referee/injury/Injury-Report_2026-05-23_02_30PM.pdf
2026-08-14 18:43:34,642 INFO Skipped non-substantive snapshot (no date/matchup pairs): timestamp=2026-05-23T02:45:00 source_url=https://ak-static.cms.nba.com/referee/injury/Injury-Report_2026-05-23_02_45AM.pdf
2026-08-14 18:43:34,647 INFO Skipped non-substantive snapshot (no date/matchup pairs): timestamp=2026-05-23T14:45:00 source_url=https://ak-static.cms.nba.com/referee/injury/Injury-Report_2026-05-23_02_45PM.pdf
2026-08-14 18:43:34,652 INFO Skipped non-substantive snapshot (no date/matchup pairs): timestamp=2026-05-23T03:00:00 source_url=https://ak-static.cms.nba.com/referee/injury/Injury-Report_2026-05-23_03_00AM.pdf
2026-08-14 18:43:34,656 INFO Skipped non-substantive snapshot (no date/matchup pairs): timestamp=2026-05-23T15:00:00 source_url=https://ak-static.cms.nba.com/referee/injury/Injury-Report_2026-05-23_03_00PM.pdf
2026-08-14 18:43:34,661 INFO Skipped non-substantive snapshot (no date/matchup pairs): timestamp=2026-05-23T03:15:00 source_url=https://ak-static.cms.nba.com/referee/injury/Injury-Report_2026-05-23_03_15AM.pdf
2026-08-14 18:43:34,666 INFO Skipped non-substantive snapshot (no date/matchup pairs): timestamp=2026-05-23T15:15:00 source_url=https://ak-static.cms.nba.com/referee/injury/Injury-Report_2026-05-23_03_15PM.pdf
2026-08-14 18:43:34,672 INFO Skipped non-substantive snapshot (no date/matchup pairs): timestamp=2026-05-23T03:30:00 source_url=https://ak-static.cms.nba.com/referee/injury/Injury-Report_2026-05-23_03_30AM.pdf
2026-08-14 18:43:34,677 INFO Skipped non-substantive snapshot (no date/matchup pairs): timestamp=2026-05-23T15:30:00 source_url=https://ak-static.cms.nba.com/referee/injury/Injury-Report_2026-05-23_03_30PM.pdf
2026-08-14 18:43:34,682 INFO Skipped non-substantive snapshot (no date/matchup pairs): timestamp=2026-05-23T03:45:00 source_url=https://ak-static.cms.nba.com/referee/injury/Injury-Report_2026-05-23_03_45AM.pdf
2026-08-14 18:43:34,687 INFO Skipped non-substantive snapshot (no date/matchup pairs): timestamp=2026-05-23T15:45:00 source_url=https://ak-static.cms.nba.com/referee/injury/Injury-Report_2026-05-23_03_45PM.pdf
2026-08-14 18:43:34,691 INFO Skipped non-substantive snapshot (no date/matchup pairs): timestamp=2026-05-23T04:00:00 source_url=https://ak-static.cms.nba.com/referee/injury/Injury-Report_2026-05-23_04_00AM.pdf
2026-08-14 18:43:34,696 INFO Skipped non-substantive snapshot (no date/matchup pairs): timestamp=2026-05-23T16:00:00 source_url=https://ak-static.cms.nba.com/referee/injury/Injury-Report_2026-05-23_04_00PM.pdf
2026-08-14 18:43:34,701 INFO Skipped non-substantive snapshot (no date/matchup pairs): timestamp=2026-05-23T04:15:00 source_url=https://ak-static.cms.nba.com/referee/injury/Injury-Report_2026-05-23_04_15AM.pdf
2026-08-14 18:43:34,705 INFO Skipped non-substantive snapshot (no date/matchup pairs): timestamp=2026-05-23T16:15:00 source_url=https://ak-static.cms.nba.com/referee/injury/Injury-Report_2026-05-23_04_15PM.pdf
2026-08-14 18:43:34,710 INFO Skipped non-substantive snapshot (no date/matchup pairs): timestamp=2026-05-23T04:30:00 source_url=https://ak-static.cms.nba.com/referee/injury/Injury-Report_2026-05-23_04_30AM.pdf
2026-08-14 18:43:34,715 INFO Skipped non-substantive snapshot (no date/matchup pairs): timestamp=2026-05-23T16:30:00 source_url=https://ak-static.cms.nba.com/referee/injury/Injury-Report_2026-05-23_04_30PM.pdf
2026-08-14 18:43:34,720 INFO Skipped non-substantive snapshot (no date/matchup pairs): timestamp=2026-05-23T04:45:00 source_url=https://ak-static.cms.nba.com/referee/injury/Injury-Report_2026-05-23_04_45AM.pdf
2026-08-14 18:43:34,724 INFO Skipped non-substantive snapshot (no date/matchup pairs): timestamp=2026-05-23T16:45:00 source_url=https://ak-static.cms.nba.com/referee/injury/Injury-Report_2026-05-23_04_45PM.pdf
2026-08-14 18:43:34,729 INFO Skipped non-substantive snapshot (no date/matchup pairs): timestamp=2026-05-23T05:00:00 source_url=https://ak-static.cms.nba.com/referee/injury/Injury-Report_2026-05-23_05_00AM.pdf
2026-08-14 18:43:34,734 INFO Skipped non-substantive snapshot (no date/matchup pairs): timestamp=2026-05-23T17:00:00 source_url=https://ak-static.cms.nba.com/referee/injury/Injury-Report_2026-05-23_05_00PM.pdf
2026-08-14 18:43:34,739 INFO Skipped non-substantive snapshot (no date/matchup pairs): timestamp=2026-05-23T05:15:00 source_url=https://ak-static.cms.nba.com/referee/injury/Injury-Report_2026-05-23_05_15AM.pdf
2026-08-14 18:43:34,744 INFO Skipped non-substantive snapshot (no date/matchup pairs): timestamp=2026-05-23T17:15:00 source_url=https://ak-static.cms.nba.com/referee/injury/Injury-Report_2026-05-23_05_15PM.pdf
2026-08-14 18:43:34,748 INFO Skipped non-substantive snapshot (no date/matchup pairs): timestamp=2026-05-23T05:30:00 source_url=https://ak-static.cms.nba.com/referee/injury/Injury-Report_2026-05-23_05_30AM.pdf
2026-08-14 18:43:34,753 INFO Skipped non-substantive snapshot (no date/matchup pairs): timestamp=2026-05-23T17:30:00 source_url=https://ak-static.cms.nba.com/referee/injury/Injury-Report_2026-05-23_05_30PM.pdf
2026-08-14 18:43:34,758 INFO Skipped non-substantive snapshot (no date/matchup pairs): timestamp=2026-05-23T05:45:00 source_url=https://ak-static.cms.nba.com/referee/injury/Injury-Report_2026-05-23_05_45AM.pdf
2026-08-14 18:43:34,762 INFO Skipped non-substantive snapshot (no date/matchup pairs): timestamp=2026-05-23T17:45:00 source_url=https://ak-static.cms.nba.com/referee/injury/Injury-Report_2026-05-23_05_45PM.pdf
2026-08-14 18:43:34,769 INFO Skipped non-substantive snapshot (no date/matchup pairs): timestamp=2026-05-23T06:00:00 source_url=https://ak-static.cms.nba.com/referee/injury/Injury-Report_2026-05-23_06_00AM.pdf
2026-08-14 18:43:34,773 INFO Skipped non-substantive snapshot (no date/matchup pairs): timestamp=2026-05-23T18:00:00 source_url=https://ak-static.cms.nba.com/referee/injury/Injury-Report_2026-05-23_06_00PM.pdf
2026-08-14 18:43:34,778 INFO Skipped non-substantive snapshot (no date/matchup pairs): timestamp=2026-05-23T06:15:00 source_url=https://ak-static.cms.nba.com/referee/injury/Injury-Report_2026-05-23_06_15AM.pdf
2026-08-14 18:43:34,790 INFO Skipped non-substantive snapshot (no date/matchup pairs): timestamp=2026-05-23T06:30:00 source_url=https://ak-static.cms.nba.com/referee/injury/Injury-Report_2026-05-23_06_30AM.pdf
2026-08-14 18:43:34,801 INFO Skipped non-substantive snapshot (no date/matchup pairs): timestamp=2026-05-23T06:45:00 source_url=https://ak-static.cms.nba.com/referee/injury/Injury-Report_2026-05-23_06_45AM.pdf
2026-08-14 18:43:34,812 INFO Skipped non-substantive snapshot (no date/matchup pairs): timestamp=2026-05-23T07:00:00 source_url=https://ak-static.cms.nba.com/referee/injury/Injury-Report_2026-05-23_07_00AM.pdf
2026-08-14 18:43:34,823 INFO Skipped non-substantive snapshot (no date/matchup pairs): timestamp=2026-05-23T07:15:00 source_url=https://ak-static.cms.nba.com/referee/injury/Injury-Report_2026-05-23_07_15AM.pdf
2026-08-14 18:43:34,834 INFO Skipped non-substantive snapshot (no date/matchup pairs): timestamp=2026-05-23T07:30:00 source_url=https://ak-static.cms.nba.com/referee/injury/Injury-Report_2026-05-23_07_30AM.pdf
2026-08-14 18:43:34,845 INFO Skipped non-substantive snapshot (no date/matchup pairs): timestamp=2026-05-23T07:45:00 source_url=https://ak-static.cms.nba.com/referee/injury/Injury-Report_2026-05-23_07_45AM.pdf
2026-08-14 18:43:34,858 INFO Skipped non-substantive snapshot (no date/matchup pairs): timestamp=2026-05-23T08:00:00 source_url=https://ak-static.cms.nba.com/referee/injury/Injury-Report_2026-05-23_08_00AM.pdf
2026-08-14 18:43:34,869 INFO Skipped non-substantive snapshot (no date/matchup pairs): timestamp=2026-05-23T08:15:00 source_url=https://ak-static.cms.nba.com/referee/injury/Injury-Report_2026-05-23_08_15AM.pdf
2026-08-14 18:43:34,880 INFO Skipped non-substantive snapshot (no date/matchup pairs): timestamp=2026-05-23T08:30:00 source_url=https://ak-static.cms.nba.com/referee/injury/Injury-Report_2026-05-23_08_30AM.pdf
2026-08-14 18:43:34,891 INFO Skipped non-substantive snapshot (no date/matchup pairs): timestamp=2026-05-23T08:45:00 source_url=https://ak-static.cms.nba.com/referee/injury/Injury-Report_2026-05-23_08_45AM.pdf
2026-08-14 18:43:34,902 INFO Skipped non-substantive snapshot (no date/matchup pairs): timestamp=2026-05-23T09:00:00 source_url=https://ak-static.cms.nba.com/referee/injury/Injury-Report_2026-05-23_09_00AM.pdf
2026-08-14 18:43:34,913 INFO Skipped non-substantive snapshot (no date/matchup pairs): timestamp=2026-05-23T09:15:00 source_url=https://ak-static.cms.nba.com/referee/injury/Injury-Report_2026-05-23_09_15AM.pdf
2026-08-14 18:43:34,926 INFO Skipped non-substantive snapshot (no date/matchup pairs): timestamp=2026-05-23T09:30:00 source_url=https://ak-static.cms.nba.com/referee/injury/Injury-Report_2026-05-23_09_30AM.pdf
2026-08-14 18:43:34,936 INFO Skipped non-substantive snapshot (no date/matchup pairs): timestamp=2026-05-23T09:45:00 source_url=https://ak-static.cms.nba.com/referee/injury/Injury-Report_2026-05-23_09_45AM.pdf
2026-08-14 18:43:34,947 INFO Skipped non-substantive snapshot (no date/matchup pairs): timestamp=2026-05-23T10:00:00 source_url=https://ak-static.cms.nba.com/referee/injury/Injury-Report_2026-05-23_10_00AM.pdf
2026-08-14 18:43:34,958 INFO Skipped non-substantive snapshot (no date/matchup pairs): timestamp=2026-05-23T10:15:00 source_url=https://ak-static.cms.nba.com/referee/injury/Injury-Report_2026-05-23_10_15AM.pdf
2026-08-14 18:43:34,969 INFO Skipped non-substantive snapshot (no date/matchup pairs): timestamp=2026-05-23T10:30:00 source_url=https://ak-static.cms.nba.com/referee/injury/Injury-Report_2026-05-23_10_30AM.pdf
2026-08-14 18:43:34,980 INFO Skipped non-substantive snapshot (no date/matchup pairs): timestamp=2026-05-23T10:45:00 source_url=https://ak-static.cms.nba.com/referee/injury/Injury-Report_2026-05-23_10_45AM.pdf
2026-08-14 18:43:34,991 INFO Skipped non-substantive snapshot (no date/matchup pairs): timestamp=2026-05-23T11:00:00 source_url=https://ak-static.cms.nba.com/referee/injury/Injury-Report_2026-05-23_11_00AM.pdf
2026-08-14 18:43:35,004 INFO Skipped non-substantive snapshot (no date/matchup pairs): timestamp=2026-05-23T11:15:00 source_url=https://ak-static.cms.nba.com/referee/injury/Injury-Report_2026-05-23_11_15AM.pdf
2026-08-14 18:43:35,015 INFO Skipped non-substantive snapshot (no date/matchup pairs): timestamp=2026-05-23T11:30:00 source_url=https://ak-static.cms.nba.com/referee/injury/Injury-Report_2026-05-23_11_30AM.pdf
2026-08-14 18:43:35,026 INFO Skipped non-substantive snapshot (no date/matchup pairs): timestamp=2026-05-23T11:45:00 source_url=https://ak-static.cms.nba.com/referee/injury/Injury-Report_2026-05-23_11_45AM.pdf
2026-08-14 18:43:35,037 INFO Skipped non-substantive snapshot (no date/matchup pairs): timestamp=2026-05-23T00:00:00 source_url=https://ak-static.cms.nba.com/referee/injury/Injury-Report_2026-05-23_12_00AM.pdf
2026-08-14 18:43:35,042 INFO Skipped non-substantive snapshot (no date/matchup pairs): timestamp=2026-05-23T12:00:00 source_url=https://ak-static.cms.nba.com/referee/injury/Injury-Report_2026-05-23_12_00PM.pdf
2026-08-14 18:43:35,046 INFO Skipped non-substantive snapshot (no date/matchup pairs): timestamp=2026-05-23T00:15:00 source_url=https://ak-static.cms.nba.com/referee/injury/Injury-Report_2026-05-23_12_15AM.pdf
2026-08-14 18:43:35,051 INFO Skipped non-substantive snapshot (no date/matchup pairs): timestamp=2026-05-23T12:15:00 source_url=https://ak-static.cms.nba.com/referee/injury/Injury-Report_2026-05-23_12_15PM.pdf
2026-08-14 18:43:35,056 INFO Skipped non-substantive snapshot (no date/matchup pairs): timestamp=2026-05-23T00:30:00 source_url=https://ak-static.cms.nba.com/referee/injury/Injury-Report_2026-05-23_12_30AM.pdf
2026-08-14 18:43:35,061 INFO Skipped non-substantive snapshot (no date/matchup pairs): timestamp=2026-05-23T12:30:00 source_url=https://ak-static.cms.nba.com/referee/injury/Injury-Report_2026-05-23_12_30PM.pdf
2026-08-14 18:43:35,065 INFO Skipped non-substantive snapshot (no date/matchup pairs): timestamp=2026-05-23T00:45:00 source_url=https://ak-static.cms.nba.com/referee/injury/Injury-Report_2026-05-23_12_45AM.pdf
2026-08-14 18:43:35,070 INFO Skipped non-substantive snapshot (no date/matchup pairs): timestamp=2026-05-23T12:45:00 source_url=https://ak-static.cms.nba.com/referee/injury/Injury-Report_2026-05-23_12_45PM.pdf
2026-08-14 18:43:35,070 INFO Direct NBA day 41/123: 2026-05-23, 96 discovered -> 1 selected
2026-08-14 18:43:35,670 INFO NBA backfill checkpoint processed=1/1 parsed=1 missing=0 http_failed=0 invalid_pdf=0 parse_failed=0
2026-08-14 18:43:37,800 INFO Suppressed 3 entries from older reports for games superseded by newer snapshots on 2026-05-23
2026-08-14 18:47:16,102 INFO Direct NBA day 42/123: 2026-05-24, 96 discovered -> 1 selected
2026-08-14 18:47:16,460 INFO NBA backfill checkpoint processed=1/1 parsed=1 missing=0 http_failed=0 invalid_pdf=0 parse_failed=0
2026-08-14 18:47:18,576 INFO Suppressed 6 entries from older reports for games superseded by newer snapshots on 2026-05-24
2026-08-14 18:50:58,415 INFO Skipped non-substantive snapshot (no date/matchup pairs): timestamp=2026-05-25T01:00:00 source_url=https://ak-static.cms.nba.com/referee/injury/Injury-Report_2026-05-25_01_00AM.pdf
2026-08-14 18:50:58,423 INFO Skipped non-substantive snapshot (no date/matchup pairs): timestamp=2026-05-25T13:00:00 source_url=https://ak-static.cms.nba.com/referee/injury/Injury-Report_2026-05-25_01_00PM.pdf
2026-08-14 18:50:58,430 INFO Skipped non-substantive snapshot (no date/matchup pairs): timestamp=2026-05-25T01:15:00 source_url=https://ak-static.cms.nba.com/referee/injury/Injury-Report_2026-05-25_01_15AM.pdf
2026-08-14 18:50:58,437 INFO Skipped non-substantive snapshot (no date/matchup pairs): timestamp=2026-05-25T13:15:00 source_url=https://ak-static.cms.nba.com/referee/injury/Injury-Report_2026-05-25_01_15PM.pdf
2026-08-14 18:50:58,443 INFO Skipped non-substantive snapshot (no date/matchup pairs): timestamp=2026-05-25T01:30:00 source_url=https://ak-static.cms.nba.com/referee/injury/Injury-Report_2026-05-25_01_30AM.pdf
2026-08-14 18:50:58,449 INFO Skipped non-substantive snapshot (no date/matchup pairs): timestamp=2026-05-25T13:30:00 source_url=https://ak-static.cms.nba.com/referee/injury/Injury-Report_2026-05-25_01_30PM.pdf
2026-08-14 18:50:58,454 INFO Skipped non-substantive snapshot (no date/matchup pairs): timestamp=2026-05-25T01:45:00 source_url=https://ak-static.cms.nba.com/referee/injury/Injury-Report_2026-05-25_01_45AM.pdf
2026-08-14 18:50:58,459 INFO Skipped non-substantive snapshot (no date/matchup pairs): timestamp=2026-05-25T13:45:00 source_url=https://ak-static.cms.nba.com/referee/injury/Injury-Report_2026-05-25_01_45PM.pdf
2026-08-14 18:50:58,465 INFO Skipped non-substantive snapshot (no date/matchup pairs): timestamp=2026-05-25T02:00:00 source_url=https://ak-static.cms.nba.com/referee/injury/Injury-Report_2026-05-25_02_00AM.pdf
2026-08-14 18:50:58,470 INFO Skipped non-substantive snapshot (no date/matchup pairs): timestamp=2026-05-25T14:00:00 source_url=https://ak-static.cms.nba.com/referee/injury/Injury-Report_2026-05-25_02_00PM.pdf
2026-08-14 18:50:58,475 INFO Skipped non-substantive snapshot (no date/matchup pairs): timestamp=2026-05-25T02:15:00 source_url=https://ak-static.cms.nba.com/referee/injury/Injury-Report_2026-05-25_02_15AM.pdf
2026-08-14 18:50:58,480 INFO Skipped non-substantive snapshot (no date/matchup pairs): timestamp=2026-05-25T14:15:00 source_url=https://ak-static.cms.nba.com/referee/injury/Injury-Report_2026-05-25_02_15PM.pdf
2026-08-14 18:50:58,485 INFO Skipped non-substantive snapshot (no date/matchup pairs): timestamp=2026-05-25T02:30:00 source_url=https://ak-static.cms.nba.com/referee/injury/Injury-Report_2026-05-25_02_30AM.pdf
2026-08-14 18:50:58,490 INFO Skipped non-substantive snapshot (no date/matchup pairs): timestamp=2026-05-25T14:30:00 source_url=https://ak-static.cms.nba.com/referee/injury/Injury-Report_2026-05-25_02_30PM.pdf
2026-08-14 18:50:58,494 INFO Skipped non-substantive snapshot (no date/matchup pairs): timestamp=2026-05-25T02:45:00 source_url=https://ak-static.cms.nba.com/referee/injury/Injury-Report_2026-05-25_02_45AM.pdf
2026-08-14 18:50:58,499 INFO Skipped non-substantive snapshot (no date/matchup pairs): timestamp=2026-05-25T14:45:00 source_url=https://ak-static.cms.nba.com/referee/injury/Injury-Report_2026-05-25_02_45PM.pdf
2026-08-14 18:50:58,504 INFO Skipped non-substantive snapshot (no date/matchup pairs): timestamp=2026-05-25T03:00:00 source_url=https://ak-static.cms.nba.com/referee/injury/Injury-Report_2026-05-25_03_00AM.pdf
2026-08-14 18:50:58,509 INFO Skipped non-substantive snapshot (no date/matchup pairs): timestamp=2026-05-25T15:00:00 source_url=https://ak-static.cms.nba.com/referee/injury/Injury-Report_2026-05-25_03_00PM.pdf
2026-08-14 18:50:58,513 INFO Skipped non-substantive snapshot (no date/matchup pairs): timestamp=2026-05-25T03:15:00 source_url=https://ak-static.cms.nba.com/referee/injury/Injury-Report_2026-05-25_03_15AM.pdf
2026-08-14 18:50:58,518 INFO Skipped non-substantive snapshot (no date/matchup pairs): timestamp=2026-05-25T15:15:00 source_url=https://ak-static.cms.nba.com/referee/injury/Injury-Report_2026-05-25_03_15PM.pdf
2026-08-14 18:50:58,523 INFO Skipped non-substantive snapshot (no date/matchup pairs): timestamp=2026-05-25T03:30:00 source_url=https://ak-static.cms.nba.com/referee/injury/Injury-Report_2026-05-25_03_30AM.pdf
2026-08-14 18:50:58,527 INFO Skipped non-substantive snapshot (no date/matchup pairs): timestamp=2026-05-25T15:30:00 source_url=https://ak-static.cms.nba.com/referee/injury/Injury-Report_2026-05-25_03_30PM.pdf
2026-08-14 18:50:58,534 INFO Skipped non-substantive snapshot (no date/matchup pairs): timestamp=2026-05-25T03:45:00 source_url=https://ak-static.cms.nba.com/referee/injury/Injury-Report_2026-05-25_03_45AM.pdf
2026-08-14 18:50:58,538 INFO Skipped non-substantive snapshot (no date/matchup pairs): timestamp=2026-05-25T15:45:00 source_url=https://ak-static.cms.nba.com/referee/injury/Injury-Report_2026-05-25_03_45PM.pdf
2026-08-14 18:50:58,543 INFO Skipped non-substantive snapshot (no date/matchup pairs): timestamp=2026-05-25T04:00:00 source_url=https://ak-static.cms.nba.com/referee/injury/Injury-Report_2026-05-25_04_00AM.pdf
2026-08-14 18:50:58,548 INFO Skipped non-substantive snapshot (no date/matchup pairs): timestamp=2026-05-25T16:00:00 source_url=https://ak-static.cms.nba.com/referee/injury/Injury-Report_2026-05-25_04_00PM.pdf
2026-08-14 18:50:58,553 INFO Skipped non-substantive snapshot (no date/matchup pairs): timestamp=2026-05-25T04:15:00 source_url=https://ak-static.cms.nba.com/referee/injury/Injury-Report_2026-05-25_04_15AM.pdf
2026-08-14 18:50:58,557 INFO Skipped non-substantive snapshot (no date/matchup pairs): timestamp=2026-05-25T16:15:00 source_url=https://ak-static.cms.nba.com/referee/injury/Injury-Report_2026-05-25_04_15PM.pdf
2026-08-14 18:50:58,562 INFO Skipped non-substantive snapshot (no date/matchup pairs): timestamp=2026-05-25T04:30:00 source_url=https://ak-static.cms.nba.com/referee/injury/Injury-Report_2026-05-25_04_30AM.pdf
2026-08-14 18:50:58,567 INFO Skipped non-substantive snapshot (no date/matchup pairs): timestamp=2026-05-25T16:30:00 source_url=https://ak-static.cms.nba.com/referee/injury/Injury-Report_2026-05-25_04_30PM.pdf
2026-08-14 18:50:58,572 INFO Skipped non-substantive snapshot (no date/matchup pairs): timestamp=2026-05-25T04:45:00 source_url=https://ak-static.cms.nba.com/referee/injury/Injury-Report_2026-05-25_04_45AM.pdf
2026-08-14 18:50:58,576 INFO Skipped non-substantive snapshot (no date/matchup pairs): timestamp=2026-05-25T16:45:00 source_url=https://ak-static.cms.nba.com/referee/injury/Injury-Report_2026-05-25_04_45PM.pdf
2026-08-14 18:50:58,581 INFO Skipped non-substantive snapshot (no date/matchup pairs): timestamp=2026-05-25T05:00:00 source_url=https://ak-static.cms.nba.com/referee/injury/Injury-Report_2026-05-25_05_00AM.pdf
2026-08-14 18:50:58,586 INFO Skipped non-substantive snapshot (no date/matchup pairs): timestamp=2026-05-25T17:00:00 source_url=https://ak-static.cms.nba.com/referee/injury/Injury-Report_2026-05-25_05_00PM.pdf
2026-08-14 18:50:58,591 INFO Skipped non-substantive snapshot (no date/matchup pairs): timestamp=2026-05-25T05:15:00 source_url=https://ak-static.cms.nba.com/referee/injury/Injury-Report_2026-05-25_05_15AM.pdf
2026-08-14 18:50:58,596 INFO Skipped non-substantive snapshot (no date/matchup pairs): timestamp=2026-05-25T17:15:00 source_url=https://ak-static.cms.nba.com/referee/injury/Injury-Report_2026-05-25_05_15PM.pdf
2026-08-14 18:50:58,600 INFO Skipped non-substantive snapshot (no date/matchup pairs): timestamp=2026-05-25T05:30:00 source_url=https://ak-static.cms.nba.com/referee/injury/Injury-Report_2026-05-25_05_30AM.pdf
2026-08-14 18:50:58,605 INFO Skipped non-substantive snapshot (no date/matchup pairs): timestamp=2026-05-25T17:30:00 source_url=https://ak-static.cms.nba.com/referee/injury/Injury-Report_2026-05-25_05_30PM.pdf
2026-08-14 18:50:58,610 INFO Skipped non-substantive snapshot (no date/matchup pairs): timestamp=2026-05-25T05:45:00 source_url=https://ak-static.cms.nba.com/referee/injury/Injury-Report_2026-05-25_05_45AM.pdf
2026-08-14 18:50:58,614 INFO Skipped non-substantive snapshot (no date/matchup pairs): timestamp=2026-05-25T17:45:00 source_url=https://ak-static.cms.nba.com/referee/injury/Injury-Report_2026-05-25_05_45PM.pdf
2026-08-14 18:50:58,619 INFO Skipped non-substantive snapshot (no date/matchup pairs): timestamp=2026-05-25T06:00:00 source_url=https://ak-static.cms.nba.com/referee/injury/Injury-Report_2026-05-25_06_00AM.pdf
2026-08-14 18:50:58,629 INFO Skipped non-substantive snapshot (no date/matchup pairs): timestamp=2026-05-25T06:15:00 source_url=https://ak-static.cms.nba.com/referee/injury/Injury-Report_2026-05-25_06_15AM.pdf
2026-08-14 18:50:58,644 INFO Skipped non-substantive snapshot (no date/matchup pairs): timestamp=2026-05-25T06:30:00 source_url=https://ak-static.cms.nba.com/referee/injury/Injury-Report_2026-05-25_06_30AM.pdf
2026-08-14 18:50:58,656 INFO Skipped non-substantive snapshot (no date/matchup pairs): timestamp=2026-05-25T06:45:00 source_url=https://ak-static.cms.nba.com/referee/injury/Injury-Report_2026-05-25_06_45AM.pdf
2026-08-14 18:50:58,669 INFO Skipped non-substantive snapshot (no date/matchup pairs): timestamp=2026-05-25T07:00:00 source_url=https://ak-static.cms.nba.com/referee/injury/Injury-Report_2026-05-25_07_00AM.pdf
2026-08-14 18:50:58,681 INFO Skipped non-substantive snapshot (no date/matchup pairs): timestamp=2026-05-25T07:15:00 source_url=https://ak-static.cms.nba.com/referee/injury/Injury-Report_2026-05-25_07_15AM.pdf
2026-08-14 18:50:58,694 INFO Skipped non-substantive snapshot (no date/matchup pairs): timestamp=2026-05-25T07:30:00 source_url=https://ak-static.cms.nba.com/referee/injury/Injury-Report_2026-05-25_07_30AM.pdf
2026-08-14 18:50:58,708 INFO Skipped non-substantive snapshot (no date/matchup pairs): timestamp=2026-05-25T07:45:00 source_url=https://ak-static.cms.nba.com/referee/injury/Injury-Report_2026-05-25_07_45AM.pdf
2026-08-14 18:50:58,720 INFO Skipped non-substantive snapshot (no date/matchup pairs): timestamp=2026-05-25T08:00:00 source_url=https://ak-static.cms.nba.com/referee/injury/Injury-Report_2026-05-25_08_00AM.pdf
2026-08-14 18:50:58,733 INFO Skipped non-substantive snapshot (no date/matchup pairs): timestamp=2026-05-25T08:15:00 source_url=https://ak-static.cms.nba.com/referee/injury/Injury-Report_2026-05-25_08_15AM.pdf
2026-08-14 18:50:58,745 INFO Skipped non-substantive snapshot (no date/matchup pairs): timestamp=2026-05-25T08:30:00 source_url=https://ak-static.cms.nba.com/referee/injury/Injury-Report_2026-05-25_08_30AM.pdf
2026-08-14 18:50:58,758 INFO Skipped non-substantive snapshot (no date/matchup pairs): timestamp=2026-05-25T08:45:00 source_url=https://ak-static.cms.nba.com/referee/injury/Injury-Report_2026-05-25_08_45AM.pdf
2026-08-14 18:50:58,770 INFO Skipped non-substantive snapshot (no date/matchup pairs): timestamp=2026-05-25T09:00:00 source_url=https://ak-static.cms.nba.com/referee/injury/Injury-Report_2026-05-25_09_00AM.pdf
2026-08-14 18:50:58,785 INFO Skipped non-substantive snapshot (no date/matchup pairs): timestamp=2026-05-25T09:15:00 source_url=https://ak-static.cms.nba.com/referee/injury/Injury-Report_2026-05-25_09_15AM.pdf
2026-08-14 18:50:58,797 INFO Skipped non-substantive snapshot (no date/matchup pairs): timestamp=2026-05-25T09:30:00 source_url=https://ak-static.cms.nba.com/referee/injury/Injury-Report_2026-05-25_09_30AM.pdf
2026-08-14 18:50:58,809 INFO Skipped non-substantive snapshot (no date/matchup pairs): timestamp=2026-05-25T09:45:00 source_url=https://ak-static.cms.nba.com/referee/injury/Injury-Report_2026-05-25_09_45AM.pdf
2026-08-14 18:50:58,822 INFO Skipped non-substantive snapshot (no date/matchup pairs): timestamp=2026-05-25T10:00:00 source_url=https://ak-static.cms.nba.com/referee/injury/Injury-Report_2026-05-25_10_00AM.pdf
2026-08-14 18:50:58,834 INFO Skipped non-substantive snapshot (no date/matchup pairs): timestamp=2026-05-25T10:15:00 source_url=https://ak-static.cms.nba.com/referee/injury/Injury-Report_2026-05-25_10_15AM.pdf
2026-08-14 18:50:58,847 INFO Skipped non-substantive snapshot (no date/matchup pairs): timestamp=2026-05-25T10:30:00 source_url=https://ak-static.cms.nba.com/referee/injury/Injury-Report_2026-05-25_10_30AM.pdf
2026-08-14 18:50:58,861 INFO Skipped non-substantive snapshot (no date/matchup pairs): timestamp=2026-05-25T10:45:00 source_url=https://ak-static.cms.nba.com/referee/injury/Injury-Report_2026-05-25_10_45AM.pdf
2026-08-14 18:50:58,874 INFO Skipped non-substantive snapshot (no date/matchup pairs): timestamp=2026-05-25T11:00:00 source_url=https://ak-static.cms.nba.com/referee/injury/Injury-Report_2026-05-25_11_00AM.pdf
2026-08-14 18:50:58,886 INFO Skipped non-substantive snapshot (no date/matchup pairs): timestamp=2026-05-25T11:15:00 source_url=https://ak-static.cms.nba.com/referee/injury/Injury-Report_2026-05-25_11_15AM.pdf
2026-08-14 18:50:58,898 INFO Skipped non-substantive snapshot (no date/matchup pairs): timestamp=2026-05-25T11:30:00 source_url=https://ak-static.cms.nba.com/referee/injury/Injury-Report_2026-05-25_11_30AM.pdf
2026-08-14 18:50:58,911 INFO Skipped non-substantive snapshot (no date/matchup pairs): timestamp=2026-05-25T11:45:00 source_url=https://ak-static.cms.nba.com/referee/injury/Injury-Report_2026-05-25_11_45AM.pdf
2026-08-14 18:50:58,925 INFO Skipped non-substantive snapshot (no date/matchup pairs): timestamp=2026-05-25T00:00:00 source_url=https://ak-static.cms.nba.com/referee/injury/Injury-Report_2026-05-25_12_00AM.pdf
2026-08-14 18:50:58,930 INFO Skipped non-substantive snapshot (no date/matchup pairs): timestamp=2026-05-25T12:00:00 source_url=https://ak-static.cms.nba.com/referee/injury/Injury-Report_2026-05-25_12_00PM.pdf
2026-08-14 18:50:58,935 INFO Skipped non-substantive snapshot (no date/matchup pairs): timestamp=2026-05-25T00:15:00 source_url=https://ak-static.cms.nba.com/referee/injury/Injury-Report_2026-05-25_12_15AM.pdf
2026-08-14 18:50:58,939 INFO Skipped non-substantive snapshot (no date/matchup pairs): timestamp=2026-05-25T12:15:00 source_url=https://ak-static.cms.nba.com/referee/injury/Injury-Report_2026-05-25_12_15PM.pdf
2026-08-14 18:50:58,944 INFO Skipped non-substantive snapshot (no date/matchup pairs): timestamp=2026-05-25T00:30:00 source_url=https://ak-static.cms.nba.com/referee/injury/Injury-Report_2026-05-25_12_30AM.pdf
2026-08-14 18:50:58,949 INFO Skipped non-substantive snapshot (no date/matchup pairs): timestamp=2026-05-25T12:30:00 source_url=https://ak-static.cms.nba.com/referee/injury/Injury-Report_2026-05-25_12_30PM.pdf
2026-08-14 18:50:58,953 INFO Skipped non-substantive snapshot (no date/matchup pairs): timestamp=2026-05-25T00:45:00 source_url=https://ak-static.cms.nba.com/referee/injury/Injury-Report_2026-05-25_12_45AM.pdf
2026-08-14 18:50:58,958 INFO Skipped non-substantive snapshot (no date/matchup pairs): timestamp=2026-05-25T12:45:00 source_url=https://ak-static.cms.nba.com/referee/injury/Injury-Report_2026-05-25_12_45PM.pdf
2026-08-14 18:50:58,958 INFO Direct NBA day 43/123: 2026-05-25, 96 discovered -> 1 selected
2026-08-14 18:50:59,530 INFO NBA backfill checkpoint processed=1/1 parsed=1 missing=0 http_failed=0 invalid_pdf=0 parse_failed=0
2026-08-14 18:51:01,647 INFO Suppressed 4 entries from older reports for games superseded by newer snapshots on 2026-05-25
2026-08-14 18:54:40,047 INFO Direct NBA day 44/123: 2026-05-26, 96 discovered -> 1 selected
2026-08-14 18:54:40,516 INFO NBA backfill checkpoint processed=1/1 parsed=1 missing=0 http_failed=0 invalid_pdf=0 parse_failed=0
2026-08-14 18:54:42,649 INFO Suppressed 6 entries from older reports for games superseded by newer snapshots on 2026-05-26
2026-08-14 18:58:21,816 INFO Skipped non-substantive snapshot (no date/matchup pairs): timestamp=2026-05-27T01:00:00 source_url=https://ak-static.cms.nba.com/referee/injury/Injury-Report_2026-05-27_01_00AM.pdf
2026-08-14 18:58:21,824 INFO Skipped non-substantive snapshot (no date/matchup pairs): timestamp=2026-05-27T13:00:00 source_url=https://ak-static.cms.nba.com/referee/injury/Injury-Report_2026-05-27_01_00PM.pdf
2026-08-14 18:58:21,832 INFO Skipped non-substantive snapshot (no date/matchup pairs): timestamp=2026-05-27T01:15:00 source_url=https://ak-static.cms.nba.com/referee/injury/Injury-Report_2026-05-27_01_15AM.pdf
2026-08-14 18:58:21,839 INFO Skipped non-substantive snapshot (no date/matchup pairs): timestamp=2026-05-27T13:15:00 source_url=https://ak-static.cms.nba.com/referee/injury/Injury-Report_2026-05-27_01_15PM.pdf
2026-08-14 18:58:21,845 INFO Skipped non-substantive snapshot (no date/matchup pairs): timestamp=2026-05-27T01:30:00 source_url=https://ak-static.cms.nba.com/referee/injury/Injury-Report_2026-05-27_01_30AM.pdf
2026-08-14 18:58:21,852 INFO Skipped non-substantive snapshot (no date/matchup pairs): timestamp=2026-05-27T13:30:00 source_url=https://ak-static.cms.nba.com/referee/injury/Injury-Report_2026-05-27_01_30PM.pdf
2026-08-14 18:58:21,857 INFO Skipped non-substantive snapshot (no date/matchup pairs): timestamp=2026-05-27T01:45:00 source_url=https://ak-static.cms.nba.com/referee/injury/Injury-Report_2026-05-27_01_45AM.pdf
2026-08-14 18:58:21,863 INFO Skipped non-substantive snapshot (no date/matchup pairs): timestamp=2026-05-27T13:45:00 source_url=https://ak-static.cms.nba.com/referee/injury/Injury-Report_2026-05-27_01_45PM.pdf
2026-08-14 18:58:21,871 INFO Skipped non-substantive snapshot (no date/matchup pairs): timestamp=2026-05-27T02:00:00 source_url=https://ak-static.cms.nba.com/referee/injury/Injury-Report_2026-05-27_02_00AM.pdf
2026-08-14 18:58:21,876 INFO Skipped non-substantive snapshot (no date/matchup pairs): timestamp=2026-05-27T14:00:00 source_url=https://ak-static.cms.nba.com/referee/injury/Injury-Report_2026-05-27_02_00PM.pdf
2026-08-14 18:58:21,881 INFO Skipped non-substantive snapshot (no date/matchup pairs): timestamp=2026-05-27T02:15:00 source_url=https://ak-static.cms.nba.com/referee/injury/Injury-Report_2026-05-27_02_15AM.pdf
2026-08-14 18:58:21,886 INFO Skipped non-substantive snapshot (no date/matchup pairs): timestamp=2026-05-27T14:15:00 source_url=https://ak-static.cms.nba.com/referee/injury/Injury-Report_2026-05-27_02_15PM.pdf
2026-08-14 18:58:21,891 INFO Skipped non-substantive snapshot (no date/matchup pairs): timestamp=2026-05-27T02:30:00 source_url=https://ak-static.cms.nba.com/referee/injury/Injury-Report_2026-05-27_02_30AM.pdf
2026-08-14 18:58:21,895 INFO Skipped non-substantive snapshot (no date/matchup pairs): timestamp=2026-05-27T14:30:00 source_url=https://ak-static.cms.nba.com/referee/injury/Injury-Report_2026-05-27_02_30PM.pdf
2026-08-14 18:58:21,900 INFO Skipped non-substantive snapshot (no date/matchup pairs): timestamp=2026-05-27T02:45:00 source_url=https://ak-static.cms.nba.com/referee/injury/Injury-Report_2026-05-27_02_45AM.pdf
2026-08-14 18:58:21,905 INFO Skipped non-substantive snapshot (no date/matchup pairs): timestamp=2026-05-27T14:45:00 source_url=https://ak-static.cms.nba.com/referee/injury/Injury-Report_2026-05-27_02_45PM.pdf
2026-08-14 18:58:21,910 INFO Skipped non-substantive snapshot (no date/matchup pairs): timestamp=2026-05-27T03:00:00 source_url=https://ak-static.cms.nba.com/referee/injury/Injury-Report_2026-05-27_03_00AM.pdf
2026-08-14 18:58:21,914 INFO Skipped non-substantive snapshot (no date/matchup pairs): timestamp=2026-05-27T15:00:00 source_url=https://ak-static.cms.nba.com/referee/injury/Injury-Report_2026-05-27_03_00PM.pdf
2026-08-14 18:58:21,919 INFO Skipped non-substantive snapshot (no date/matchup pairs): timestamp=2026-05-27T03:15:00 source_url=https://ak-static.cms.nba.com/referee/injury/Injury-Report_2026-05-27_03_15AM.pdf
2026-08-14 18:58:21,924 INFO Skipped non-substantive snapshot (no date/matchup pairs): timestamp=2026-05-27T15:15:00 source_url=https://ak-static.cms.nba.com/referee/injury/Injury-Report_2026-05-27_03_15PM.pdf
2026-08-14 18:58:21,929 INFO Skipped non-substantive snapshot (no date/matchup pairs): timestamp=2026-05-27T03:30:00 source_url=https://ak-static.cms.nba.com/referee/injury/Injury-Report_2026-05-27_03_30AM.pdf
2026-08-14 18:58:21,933 INFO Skipped non-substantive snapshot (no date/matchup pairs): timestamp=2026-05-27T15:30:00 source_url=https://ak-static.cms.nba.com/referee/injury/Injury-Report_2026-05-27_03_30PM.pdf
2026-08-14 18:58:21,938 INFO Skipped non-substantive snapshot (no date/matchup pairs): timestamp=2026-05-27T03:45:00 source_url=https://ak-static.cms.nba.com/referee/injury/Injury-Report_2026-05-27_03_45AM.pdf
2026-08-14 18:58:21,943 INFO Skipped non-substantive snapshot (no date/matchup pairs): timestamp=2026-05-27T15:45:00 source_url=https://ak-static.cms.nba.com/referee/injury/Injury-Report_2026-05-27_03_45PM.pdf
2026-08-14 18:58:21,948 INFO Skipped non-substantive snapshot (no date/matchup pairs): timestamp=2026-05-27T04:00:00 source_url=https://ak-static.cms.nba.com/referee/injury/Injury-Report_2026-05-27_04_00AM.pdf
2026-08-14 18:58:21,952 INFO Skipped non-substantive snapshot (no date/matchup pairs): timestamp=2026-05-27T16:00:00 source_url=https://ak-static.cms.nba.com/referee/injury/Injury-Report_2026-05-27_04_00PM.pdf
2026-08-14 18:58:21,957 INFO Skipped non-substantive snapshot (no date/matchup pairs): timestamp=2026-05-27T04:15:00 source_url=https://ak-static.cms.nba.com/referee/injury/Injury-Report_2026-05-27_04_15AM.pdf
2026-08-14 18:58:21,962 INFO Skipped non-substantive snapshot (no date/matchup pairs): timestamp=2026-05-27T16:15:00 source_url=https://ak-static.cms.nba.com/referee/injury/Injury-Report_2026-05-27_04_15PM.pdf
2026-08-14 18:58:21,967 INFO Skipped non-substantive snapshot (no date/matchup pairs): timestamp=2026-05-27T04:30:00 source_url=https://ak-static.cms.nba.com/referee/injury/Injury-Report_2026-05-27_04_30AM.pdf
2026-08-14 18:58:21,971 INFO Skipped non-substantive snapshot (no date/matchup pairs): timestamp=2026-05-27T16:30:00 source_url=https://ak-static.cms.nba.com/referee/injury/Injury-Report_2026-05-27_04_30PM.pdf
2026-08-14 18:58:21,978 INFO Skipped non-substantive snapshot (no date/matchup pairs): timestamp=2026-05-27T04:45:00 source_url=https://ak-static.cms.nba.com/referee/injury/Injury-Report_2026-05-27_04_45AM.pdf
2026-08-14 18:58:21,982 INFO Skipped non-substantive snapshot (no date/matchup pairs): timestamp=2026-05-27T16:45:00 source_url=https://ak-static.cms.nba.com/referee/injury/Injury-Report_2026-05-27_04_45PM.pdf
2026-08-14 18:58:21,987 INFO Skipped non-substantive snapshot (no date/matchup pairs): timestamp=2026-05-27T05:00:00 source_url=https://ak-static.cms.nba.com/referee/injury/Injury-Report_2026-05-27_05_00AM.pdf
2026-08-14 18:58:21,992 INFO Skipped non-substantive snapshot (no date/matchup pairs): timestamp=2026-05-27T17:00:00 source_url=https://ak-static.cms.nba.com/referee/injury/Injury-Report_2026-05-27_05_00PM.pdf
2026-08-14 18:58:21,997 INFO Skipped non-substantive snapshot (no date/matchup pairs): timestamp=2026-05-27T05:15:00 source_url=https://ak-static.cms.nba.com/referee/injury/Injury-Report_2026-05-27_05_15AM.pdf
2026-08-14 18:58:22,001 INFO Skipped non-substantive snapshot (no date/matchup pairs): timestamp=2026-05-27T17:15:00 source_url=https://ak-static.cms.nba.com/referee/injury/Injury-Report_2026-05-27_05_15PM.pdf
2026-08-14 18:58:22,007 INFO Skipped non-substantive snapshot (no date/matchup pairs): timestamp=2026-05-27T05:30:00 source_url=https://ak-static.cms.nba.com/referee/injury/Injury-Report_2026-05-27_05_30AM.pdf
2026-08-14 18:58:22,011 INFO Skipped non-substantive snapshot (no date/matchup pairs): timestamp=2026-05-27T17:30:00 source_url=https://ak-static.cms.nba.com/referee/injury/Injury-Report_2026-05-27_05_30PM.pdf
2026-08-14 18:58:22,016 INFO Skipped non-substantive snapshot (no date/matchup pairs): timestamp=2026-05-27T05:45:00 source_url=https://ak-static.cms.nba.com/referee/injury/Injury-Report_2026-05-27_05_45AM.pdf
2026-08-14 18:58:22,020 INFO Skipped non-substantive snapshot (no date/matchup pairs): timestamp=2026-05-27T17:45:00 source_url=https://ak-static.cms.nba.com/referee/injury/Injury-Report_2026-05-27_05_45PM.pdf
2026-08-14 18:58:22,025 INFO Skipped non-substantive snapshot (no date/matchup pairs): timestamp=2026-05-27T06:00:00 source_url=https://ak-static.cms.nba.com/referee/injury/Injury-Report_2026-05-27_06_00AM.pdf
2026-08-14 18:58:22,029 INFO Skipped non-substantive snapshot (no date/matchup pairs): timestamp=2026-05-27T18:00:00 source_url=https://ak-static.cms.nba.com/referee/injury/Injury-Report_2026-05-27_06_00PM.pdf
2026-08-14 18:58:22,034 INFO Skipped non-substantive snapshot (no date/matchup pairs): timestamp=2026-05-27T06:15:00 source_url=https://ak-static.cms.nba.com/referee/injury/Injury-Report_2026-05-27_06_15AM.pdf
2026-08-14 18:58:22,045 INFO Skipped non-substantive snapshot (no date/matchup pairs): timestamp=2026-05-27T06:30:00 source_url=https://ak-static.cms.nba.com/referee/injury/Injury-Report_2026-05-27_06_30AM.pdf
2026-08-14 18:58:22,057 INFO Skipped non-substantive snapshot (no date/matchup pairs): timestamp=2026-05-27T06:45:00 source_url=https://ak-static.cms.nba.com/referee/injury/Injury-Report_2026-05-27_06_45AM.pdf
2026-08-14 18:58:22,068 INFO Skipped non-substantive snapshot (no date/matchup pairs): timestamp=2026-05-27T07:00:00 source_url=https://ak-static.cms.nba.com/referee/injury/Injury-Report_2026-05-27_07_00AM.pdf
2026-08-14 18:58:22,081 INFO Skipped non-substantive snapshot (no date/matchup pairs): timestamp=2026-05-27T07:15:00 source_url=https://ak-static.cms.nba.com/referee/injury/Injury-Report_2026-05-27_07_15AM.pdf
2026-08-14 18:58:22,092 INFO Skipped non-substantive snapshot (no date/matchup pairs): timestamp=2026-05-27T07:30:00 source_url=https://ak-static.cms.nba.com/referee/injury/Injury-Report_2026-05-27_07_30AM.pdf
2026-08-14 18:58:22,104 INFO Skipped non-substantive snapshot (no date/matchup pairs): timestamp=2026-05-27T07:45:00 source_url=https://ak-static.cms.nba.com/referee/injury/Injury-Report_2026-05-27_07_45AM.pdf
2026-08-14 18:58:22,115 INFO Skipped non-substantive snapshot (no date/matchup pairs): timestamp=2026-05-27T08:00:00 source_url=https://ak-static.cms.nba.com/referee/injury/Injury-Report_2026-05-27_08_00AM.pdf
2026-08-14 18:58:22,127 INFO Skipped non-substantive snapshot (no date/matchup pairs): timestamp=2026-05-27T08:15:00 source_url=https://ak-static.cms.nba.com/referee/injury/Injury-Report_2026-05-27_08_15AM.pdf
2026-08-14 18:58:22,138 INFO Skipped non-substantive snapshot (no date/matchup pairs): timestamp=2026-05-27T08:30:00 source_url=https://ak-static.cms.nba.com/referee/injury/Injury-Report_2026-05-27_08_30AM.pdf
2026-08-14 18:58:22,152 INFO Skipped non-substantive snapshot (no date/matchup pairs): timestamp=2026-05-27T08:45:00 source_url=https://ak-static.cms.nba.com/referee/injury/Injury-Report_2026-05-27_08_45AM.pdf
2026-08-14 18:58:22,163 INFO Skipped non-substantive snapshot (no date/matchup pairs): timestamp=2026-05-27T09:00:00 source_url=https://ak-static.cms.nba.com/referee/injury/Injury-Report_2026-05-27_09_00AM.pdf
2026-08-14 18:58:22,174 INFO Skipped non-substantive snapshot (no date/matchup pairs): timestamp=2026-05-27T09:15:00 source_url=https://ak-static.cms.nba.com/referee/injury/Injury-Report_2026-05-27_09_15AM.pdf
2026-08-14 18:58:22,186 INFO Skipped non-substantive snapshot (no date/matchup pairs): timestamp=2026-05-27T09:30:00 source_url=https://ak-static.cms.nba.com/referee/injury/Injury-Report_2026-05-27_09_30AM.pdf
2026-08-14 18:58:22,197 INFO Skipped non-substantive snapshot (no date/matchup pairs): timestamp=2026-05-27T09:45:00 source_url=https://ak-static.cms.nba.com/referee/injury/Injury-Report_2026-05-27_09_45AM.pdf
2026-08-14 18:58:22,209 INFO Skipped non-substantive snapshot (no date/matchup pairs): timestamp=2026-05-27T10:00:00 source_url=https://ak-static.cms.nba.com/referee/injury/Injury-Report_2026-05-27_10_00AM.pdf
2026-08-14 18:58:22,220 INFO Skipped non-substantive snapshot (no date/matchup pairs): timestamp=2026-05-27T10:15:00 source_url=https://ak-static.cms.nba.com/referee/injury/Injury-Report_2026-05-27_10_15AM.pdf
2026-08-14 18:58:22,232 INFO Skipped non-substantive snapshot (no date/matchup pairs): timestamp=2026-05-27T10:30:00 source_url=https://ak-static.cms.nba.com/referee/injury/Injury-Report_2026-05-27_10_30AM.pdf
2026-08-14 18:58:22,245 INFO Skipped non-substantive snapshot (no date/matchup pairs): timestamp=2026-05-27T10:45:00 source_url=https://ak-static.cms.nba.com/referee/injury/Injury-Report_2026-05-27_10_45AM.pdf
2026-08-14 18:58:22,256 INFO Skipped non-substantive snapshot (no date/matchup pairs): timestamp=2026-05-27T11:00:00 source_url=https://ak-static.cms.nba.com/referee/injury/Injury-Report_2026-05-27_11_00AM.pdf
2026-08-14 18:58:22,268 INFO Skipped non-substantive snapshot (no date/matchup pairs): timestamp=2026-05-27T11:15:00 source_url=https://ak-static.cms.nba.com/referee/injury/Injury-Report_2026-05-27_11_15AM.pdf
2026-08-14 18:58:22,279 INFO Skipped non-substantive snapshot (no date/matchup pairs): timestamp=2026-05-27T11:30:00 source_url=https://ak-static.cms.nba.com/referee/injury/Injury-Report_2026-05-27_11_30AM.pdf
2026-08-14 18:58:22,291 INFO Skipped non-substantive snapshot (no date/matchup pairs): timestamp=2026-05-27T11:45:00 source_url=https://ak-static.cms.nba.com/referee/injury/Injury-Report_2026-05-27_11_45AM.pdf
2026-08-14 18:58:22,302 INFO Skipped non-substantive snapshot (no date/matchup pairs): timestamp=2026-05-27T00:00:00 source_url=https://ak-static.cms.nba.com/referee/injury/Injury-Report_2026-05-27_12_00AM.pdf
2026-08-14 18:58:22,307 INFO Skipped non-substantive snapshot (no date/matchup pairs): timestamp=2026-05-27T12:00:00 source_url=https://ak-static.cms.nba.com/referee/injury/Injury-Report_2026-05-27_12_00PM.pdf
2026-08-14 18:58:22,312 INFO Skipped non-substantive snapshot (no date/matchup pairs): timestamp=2026-05-27T00:15:00 source_url=https://ak-static.cms.nba.com/referee/injury/Injury-Report_2026-05-27_12_15AM.pdf
2026-08-14 18:58:22,317 INFO Skipped non-substantive snapshot (no date/matchup pairs): timestamp=2026-05-27T12:15:00 source_url=https://ak-static.cms.nba.com/referee/injury/Injury-Report_2026-05-27_12_15PM.pdf
2026-08-14 18:58:22,322 INFO Skipped non-substantive snapshot (no date/matchup pairs): timestamp=2026-05-27T00:30:00 source_url=https://ak-static.cms.nba.com/referee/injury/Injury-Report_2026-05-27_12_30AM.pdf
2026-08-14 18:58:22,327 INFO Skipped non-substantive snapshot (no date/matchup pairs): timestamp=2026-05-27T12:30:00 source_url=https://ak-static.cms.nba.com/referee/injury/Injury-Report_2026-05-27_12_30PM.pdf
2026-08-14 18:58:22,333 INFO Skipped non-substantive snapshot (no date/matchup pairs): timestamp=2026-05-27T00:45:00 source_url=https://ak-static.cms.nba.com/referee/injury/Injury-Report_2026-05-27_12_45AM.pdf
2026-08-14 18:58:22,338 INFO Skipped non-substantive snapshot (no date/matchup pairs): timestamp=2026-05-27T12:45:00 source_url=https://ak-static.cms.nba.com/referee/injury/Injury-Report_2026-05-27_12_45PM.pdf
2026-08-14 18:58:22,338 INFO Direct NBA day 45/123: 2026-05-27, 96 discovered -> 1 selected
2026-08-14 18:58:22,924 INFO NBA backfill checkpoint processed=1/1 parsed=1 missing=0 http_failed=0 invalid_pdf=0 parse_failed=0
2026-08-14 18:58:24,971 INFO Suppressed 3 entries from older reports for games superseded by newer snapshots on 2026-05-27
2026-08-14 19:02:01,901 INFO Direct NBA day 46/123: 2026-05-28, 96 discovered -> 1 selected
2026-08-14 19:02:02,369 INFO NBA backfill checkpoint processed=1/1 parsed=1 missing=0 http_failed=0 invalid_pdf=0 parse_failed=0
2026-08-14 19:02:04,481 INFO Suppressed 6 entries from older reports for games superseded by newer snapshots on 2026-05-28
2026-08-14 19:05:39,928 INFO Skipped non-substantive snapshot (no date/matchup pairs): timestamp=2026-05-29T01:00:00 source_url=https://ak-static.cms.nba.com/referee/injury/Injury-Report_2026-05-29_01_00AM.pdf
2026-08-14 19:05:39,937 INFO Skipped non-substantive snapshot (no date/matchup pairs): timestamp=2026-05-29T13:00:00 source_url=https://ak-static.cms.nba.com/referee/injury/Injury-Report_2026-05-29_01_00PM.pdf
2026-08-14 19:05:39,945 INFO Skipped non-substantive snapshot (no date/matchup pairs): timestamp=2026-05-29T01:15:00 source_url=https://ak-static.cms.nba.com/referee/injury/Injury-Report_2026-05-29_01_15AM.pdf
2026-08-14 19:05:39,952 INFO Skipped non-substantive snapshot (no date/matchup pairs): timestamp=2026-05-29T13:15:00 source_url=https://ak-static.cms.nba.com/referee/injury/Injury-Report_2026-05-29_01_15PM.pdf
2026-08-14 19:05:39,961 INFO Skipped non-substantive snapshot (no date/matchup pairs): timestamp=2026-05-29T01:30:00 source_url=https://ak-static.cms.nba.com/referee/injury/Injury-Report_2026-05-29_01_30AM.pdf
2026-08-14 19:05:39,967 INFO Skipped non-substantive snapshot (no date/matchup pairs): timestamp=2026-05-29T13:30:00 source_url=https://ak-static.cms.nba.com/referee/injury/Injury-Report_2026-05-29_01_30PM.pdf
2026-08-14 19:05:39,972 INFO Skipped non-substantive snapshot (no date/matchup pairs): timestamp=2026-05-29T01:45:00 source_url=https://ak-static.cms.nba.com/referee/injury/Injury-Report_2026-05-29_01_45AM.pdf
2026-08-14 19:05:39,978 INFO Skipped non-substantive snapshot (no date/matchup pairs): timestamp=2026-05-29T13:45:00 source_url=https://ak-static.cms.nba.com/referee/injury/Injury-Report_2026-05-29_01_45PM.pdf
2026-08-14 19:05:39,983 INFO Skipped non-substantive snapshot (no date/matchup pairs): timestamp=2026-05-29T02:00:00 source_url=https://ak-static.cms.nba.com/referee/injury/Injury-Report_2026-05-29_02_00AM.pdf
2026-08-14 19:05:39,989 INFO Skipped non-substantive snapshot (no date/matchup pairs): timestamp=2026-05-29T14:00:00 source_url=https://ak-static.cms.nba.com/referee/injury/Injury-Report_2026-05-29_02_00PM.pdf
2026-08-14 19:05:39,994 INFO Skipped non-substantive snapshot (no date/matchup pairs): timestamp=2026-05-29T02:15:00 source_url=https://ak-static.cms.nba.com/referee/injury/Injury-Report_2026-05-29_02_15AM.pdf
2026-08-14 19:05:39,999 INFO Skipped non-substantive snapshot (no date/matchup pairs): timestamp=2026-05-29T14:15:00 source_url=https://ak-static.cms.nba.com/referee/injury/Injury-Report_2026-05-29_02_15PM.pdf
2026-08-14 19:05:40,004 INFO Skipped non-substantive snapshot (no date/matchup pairs): timestamp=2026-05-29T02:30:00 source_url=https://ak-static.cms.nba.com/referee/injury/Injury-Report_2026-05-29_02_30AM.pdf
2026-08-14 19:05:40,008 INFO Skipped non-substantive snapshot (no date/matchup pairs): timestamp=2026-05-29T14:30:00 source_url=https://ak-static.cms.nba.com/referee/injury/Injury-Report_2026-05-29_02_30PM.pdf
2026-08-14 19:05:40,013 INFO Skipped non-substantive snapshot (no date/matchup pairs): timestamp=2026-05-29T02:45:00 source_url=https://ak-static.cms.nba.com/referee/injury/Injury-Report_2026-05-29_02_45AM.pdf
2026-08-14 19:05:40,018 INFO Skipped non-substantive snapshot (no date/matchup pairs): timestamp=2026-05-29T14:45:00 source_url=https://ak-static.cms.nba.com/referee/injury/Injury-Report_2026-05-29_02_45PM.pdf
2026-08-14 19:05:40,023 INFO Skipped non-substantive snapshot (no date/matchup pairs): timestamp=2026-05-29T03:00:00 source_url=https://ak-static.cms.nba.com/referee/injury/Injury-Report_2026-05-29_03_00AM.pdf
2026-08-14 19:05:40,028 INFO Skipped non-substantive snapshot (no date/matchup pairs): timestamp=2026-05-29T15:00:00 source_url=https://ak-static.cms.nba.com/referee/injury/Injury-Report_2026-05-29_03_00PM.pdf
2026-08-14 19:05:40,032 INFO Skipped non-substantive snapshot (no date/matchup pairs): timestamp=2026-05-29T03:15:00 source_url=https://ak-static.cms.nba.com/referee/injury/Injury-Report_2026-05-29_03_15AM.pdf
2026-08-14 19:05:40,037 INFO Skipped non-substantive snapshot (no date/matchup pairs): timestamp=2026-05-29T15:15:00 source_url=https://ak-static.cms.nba.com/referee/injury/Injury-Report_2026-05-29_03_15PM.pdf
2026-08-14 19:05:40,042 INFO Skipped non-substantive snapshot (no date/matchup pairs): timestamp=2026-05-29T03:30:00 source_url=https://ak-static.cms.nba.com/referee/injury/Injury-Report_2026-05-29_03_30AM.pdf
2026-08-14 19:05:40,047 INFO Skipped non-substantive snapshot (no date/matchup pairs): timestamp=2026-05-29T15:30:00 source_url=https://ak-static.cms.nba.com/referee/injury/Injury-Report_2026-05-29_03_30PM.pdf
2026-08-14 19:05:40,052 INFO Skipped non-substantive snapshot (no date/matchup pairs): timestamp=2026-05-29T03:45:00 source_url=https://ak-static.cms.nba.com/referee/injury/Injury-Report_2026-05-29_03_45AM.pdf
2026-08-14 19:05:40,056 INFO Skipped non-substantive snapshot (no date/matchup pairs): timestamp=2026-05-29T15:45:00 source_url=https://ak-static.cms.nba.com/referee/injury/Injury-Report_2026-05-29_03_45PM.pdf
2026-08-14 19:05:40,061 INFO Skipped non-substantive snapshot (no date/matchup pairs): timestamp=2026-05-29T04:00:00 source_url=https://ak-static.cms.nba.com/referee/injury/Injury-Report_2026-05-29_04_00AM.pdf
2026-08-14 19:05:40,066 INFO Skipped non-substantive snapshot (no date/matchup pairs): timestamp=2026-05-29T16:00:00 source_url=https://ak-static.cms.nba.com/referee/injury/Injury-Report_2026-05-29_04_00PM.pdf
2026-08-14 19:05:40,072 INFO Skipped non-substantive snapshot (no date/matchup pairs): timestamp=2026-05-29T04:15:00 source_url=https://ak-static.cms.nba.com/referee/injury/Injury-Report_2026-05-29_04_15AM.pdf
2026-08-14 19:05:40,077 INFO Skipped non-substantive snapshot (no date/matchup pairs): timestamp=2026-05-29T16:15:00 source_url=https://ak-static.cms.nba.com/referee/injury/Injury-Report_2026-05-29_04_15PM.pdf
2026-08-14 19:05:40,081 INFO Skipped non-substantive snapshot (no date/matchup pairs): timestamp=2026-05-29T04:30:00 source_url=https://ak-static.cms.nba.com/referee/injury/Injury-Report_2026-05-29_04_30AM.pdf
2026-08-14 19:05:40,086 INFO Skipped non-substantive snapshot (no date/matchup pairs): timestamp=2026-05-29T16:30:00 source_url=https://ak-static.cms.nba.com/referee/injury/Injury-Report_2026-05-29_04_30PM.pdf
2026-08-14 19:05:40,091 INFO Skipped non-substantive snapshot (no date/matchup pairs): timestamp=2026-05-29T04:45:00 source_url=https://ak-static.cms.nba.com/referee/injury/Injury-Report_2026-05-29_04_45AM.pdf
2026-08-14 19:05:40,096 INFO Skipped non-substantive snapshot (no date/matchup pairs): timestamp=2026-05-29T16:45:00 source_url=https://ak-static.cms.nba.com/referee/injury/Injury-Report_2026-05-29_04_45PM.pdf
2026-08-14 19:05:40,101 INFO Skipped non-substantive snapshot (no date/matchup pairs): timestamp=2026-05-29T05:00:00 source_url=https://ak-static.cms.nba.com/referee/injury/Injury-Report_2026-05-29_05_00AM.pdf
2026-08-14 19:05:40,105 INFO Skipped non-substantive snapshot (no date/matchup pairs): timestamp=2026-05-29T17:00:00 source_url=https://ak-static.cms.nba.com/referee/injury/Injury-Report_2026-05-29_05_00PM.pdf
2026-08-14 19:05:40,110 INFO Skipped non-substantive snapshot (no date/matchup pairs): timestamp=2026-05-29T05:15:00 source_url=https://ak-static.cms.nba.com/referee/injury/Injury-Report_2026-05-29_05_15AM.pdf
2026-08-14 19:05:40,115 INFO Skipped non-substantive snapshot (no date/matchup pairs): timestamp=2026-05-29T17:15:00 source_url=https://ak-static.cms.nba.com/referee/injury/Injury-Report_2026-05-29_05_15PM.pdf
2026-08-14 19:05:40,119 INFO Skipped non-substantive snapshot (no date/matchup pairs): timestamp=2026-05-29T05:30:00 source_url=https://ak-static.cms.nba.com/referee/injury/Injury-Report_2026-05-29_05_30AM.pdf
2026-08-14 19:05:40,124 INFO Skipped non-substantive snapshot (no date/matchup pairs): timestamp=2026-05-29T17:30:00 source_url=https://ak-static.cms.nba.com/referee/injury/Injury-Report_2026-05-29_05_30PM.pdf
2026-08-14 19:05:40,129 INFO Skipped non-substantive snapshot (no date/matchup pairs): timestamp=2026-05-29T05:45:00 source_url=https://ak-static.cms.nba.com/referee/injury/Injury-Report_2026-05-29_05_45AM.pdf
2026-08-14 19:05:40,134 INFO Skipped non-substantive snapshot (no date/matchup pairs): timestamp=2026-05-29T17:45:00 source_url=https://ak-static.cms.nba.com/referee/injury/Injury-Report_2026-05-29_05_45PM.pdf
2026-08-14 19:05:40,139 INFO Skipped non-substantive snapshot (no date/matchup pairs): timestamp=2026-05-29T06:00:00 source_url=https://ak-static.cms.nba.com/referee/injury/Injury-Report_2026-05-29_06_00AM.pdf
2026-08-14 19:05:40,144 INFO Skipped non-substantive snapshot (no date/matchup pairs): timestamp=2026-05-29T18:00:00 source_url=https://ak-static.cms.nba.com/referee/injury/Injury-Report_2026-05-29_06_00PM.pdf
2026-08-14 19:05:40,148 INFO Skipped non-substantive snapshot (no date/matchup pairs): timestamp=2026-05-29T06:15:00 source_url=https://ak-static.cms.nba.com/referee/injury/Injury-Report_2026-05-29_06_15AM.pdf
2026-08-14 19:05:40,159 INFO Skipped non-substantive snapshot (no date/matchup pairs): timestamp=2026-05-29T06:30:00 source_url=https://ak-static.cms.nba.com/referee/injury/Injury-Report_2026-05-29_06_30AM.pdf
2026-08-14 19:05:40,172 INFO Skipped non-substantive snapshot (no date/matchup pairs): timestamp=2026-05-29T06:45:00 source_url=https://ak-static.cms.nba.com/referee/injury/Injury-Report_2026-05-29_06_45AM.pdf
2026-08-14 19:05:40,183 INFO Skipped non-substantive snapshot (no date/matchup pairs): timestamp=2026-05-29T07:00:00 source_url=https://ak-static.cms.nba.com/referee/injury/Injury-Report_2026-05-29_07_00AM.pdf
2026-08-14 19:05:40,194 INFO Skipped non-substantive snapshot (no date/matchup pairs): timestamp=2026-05-29T07:15:00 source_url=https://ak-static.cms.nba.com/referee/injury/Injury-Report_2026-05-29_07_15AM.pdf
2026-08-14 19:05:40,206 INFO Skipped non-substantive snapshot (no date/matchup pairs): timestamp=2026-05-29T07:30:00 source_url=https://ak-static.cms.nba.com/referee/injury/Injury-Report_2026-05-29_07_30AM.pdf
2026-08-14 19:05:40,217 INFO Skipped non-substantive snapshot (no date/matchup pairs): timestamp=2026-05-29T07:45:00 source_url=https://ak-static.cms.nba.com/referee/injury/Injury-Report_2026-05-29_07_45AM.pdf
2026-08-14 19:05:40,228 INFO Skipped non-substantive snapshot (no date/matchup pairs): timestamp=2026-05-29T08:00:00 source_url=https://ak-static.cms.nba.com/referee/injury/Injury-Report_2026-05-29_08_00AM.pdf
2026-08-14 19:05:40,239 INFO Skipped non-substantive snapshot (no date/matchup pairs): timestamp=2026-05-29T08:15:00 source_url=https://ak-static.cms.nba.com/referee/injury/Injury-Report_2026-05-29_08_15AM.pdf
2026-08-14 19:05:40,250 INFO Skipped non-substantive snapshot (no date/matchup pairs): timestamp=2026-05-29T08:30:00 source_url=https://ak-static.cms.nba.com/referee/injury/Injury-Report_2026-05-29_08_30AM.pdf
2026-08-14 19:05:40,263 INFO Skipped non-substantive snapshot (no date/matchup pairs): timestamp=2026-05-29T08:45:00 source_url=https://ak-static.cms.nba.com/referee/injury/Injury-Report_2026-05-29_08_45AM.pdf
2026-08-14 19:05:40,274 INFO Skipped non-substantive snapshot (no date/matchup pairs): timestamp=2026-05-29T09:00:00 source_url=https://ak-static.cms.nba.com/referee/injury/Injury-Report_2026-05-29_09_00AM.pdf
2026-08-14 19:05:40,285 INFO Skipped non-substantive snapshot (no date/matchup pairs): timestamp=2026-05-29T09:15:00 source_url=https://ak-static.cms.nba.com/referee/injury/Injury-Report_2026-05-29_09_15AM.pdf
2026-08-14 19:05:40,296 INFO Skipped non-substantive snapshot (no date/matchup pairs): timestamp=2026-05-29T09:30:00 source_url=https://ak-static.cms.nba.com/referee/injury/Injury-Report_2026-05-29_09_30AM.pdf
2026-08-14 19:05:40,307 INFO Skipped non-substantive snapshot (no date/matchup pairs): timestamp=2026-05-29T09:45:00 source_url=https://ak-static.cms.nba.com/referee/injury/Injury-Report_2026-05-29_09_45AM.pdf
2026-08-14 19:05:40,318 INFO Skipped non-substantive snapshot (no date/matchup pairs): timestamp=2026-05-29T10:00:00 source_url=https://ak-static.cms.nba.com/referee/injury/Injury-Report_2026-05-29_10_00AM.pdf
2026-08-14 19:05:40,329 INFO Skipped non-substantive snapshot (no date/matchup pairs): timestamp=2026-05-29T10:15:00 source_url=https://ak-static.cms.nba.com/referee/injury/Injury-Report_2026-05-29_10_15AM.pdf
2026-08-14 19:05:40,340 INFO Skipped non-substantive snapshot (no date/matchup pairs): timestamp=2026-05-29T10:30:00 source_url=https://ak-static.cms.nba.com/referee/injury/Injury-Report_2026-05-29_10_30AM.pdf
2026-08-14 19:05:40,353 INFO Skipped non-substantive snapshot (no date/matchup pairs): timestamp=2026-05-29T10:45:00 source_url=https://ak-static.cms.nba.com/referee/injury/Injury-Report_2026-05-29_10_45AM.pdf
2026-08-14 19:05:40,364 INFO Skipped non-substantive snapshot (no date/matchup pairs): timestamp=2026-05-29T11:00:00 source_url=https://ak-static.cms.nba.com/referee/injury/Injury-Report_2026-05-29_11_00AM.pdf
2026-08-14 19:05:40,375 INFO Skipped non-substantive snapshot (no date/matchup pairs): timestamp=2026-05-29T11:15:00 source_url=https://ak-static.cms.nba.com/referee/injury/Injury-Report_2026-05-29_11_15AM.pdf
2026-08-14 19:05:40,386 INFO Skipped non-substantive snapshot (no date/matchup pairs): timestamp=2026-05-29T11:30:00 source_url=https://ak-static.cms.nba.com/referee/injury/Injury-Report_2026-05-29_11_30AM.pdf
2026-08-14 19:05:40,397 INFO Skipped non-substantive snapshot (no date/matchup pairs): timestamp=2026-05-29T11:45:00 source_url=https://ak-static.cms.nba.com/referee/injury/Injury-Report_2026-05-29_11_45AM.pdf
2026-08-14 19:05:40,408 INFO Skipped non-substantive snapshot (no date/matchup pairs): timestamp=2026-05-29T00:00:00 source_url=https://ak-static.cms.nba.com/referee/injury/Injury-Report_2026-05-29_12_00AM.pdf
2026-08-14 19:05:40,413 INFO Skipped non-substantive snapshot (no date/matchup pairs): timestamp=2026-05-29T12:00:00 source_url=https://ak-static.cms.nba.com/referee/injury/Injury-Report_2026-05-29_12_00PM.pdf
2026-08-14 19:05:40,418 INFO Skipped non-substantive snapshot (no date/matchup pairs): timestamp=2026-05-29T00:15:00 source_url=https://ak-static.cms.nba.com/referee/injury/Injury-Report_2026-05-29_12_15AM.pdf
2026-08-14 19:05:40,425 INFO Skipped non-substantive snapshot (no date/matchup pairs): timestamp=2026-05-29T12:15:00 source_url=https://ak-static.cms.nba.com/referee/injury/Injury-Report_2026-05-29_12_15PM.pdf
2026-08-14 19:05:40,429 INFO Skipped non-substantive snapshot (no date/matchup pairs): timestamp=2026-05-29T00:30:00 source_url=https://ak-static.cms.nba.com/referee/injury/Injury-Report_2026-05-29_12_30AM.pdf
2026-08-14 19:05:40,434 INFO Skipped non-substantive snapshot (no date/matchup pairs): timestamp=2026-05-29T12:30:00 source_url=https://ak-static.cms.nba.com/referee/injury/Injury-Report_2026-05-29_12_30PM.pdf
2026-08-14 19:05:40,439 INFO Skipped non-substantive snapshot (no date/matchup pairs): timestamp=2026-05-29T00:45:00 source_url=https://ak-static.cms.nba.com/referee/injury/Injury-Report_2026-05-29_12_45AM.pdf
2026-08-14 19:05:40,444 INFO Skipped non-substantive snapshot (no date/matchup pairs): timestamp=2026-05-29T12:45:00 source_url=https://ak-static.cms.nba.com/referee/injury/Injury-Report_2026-05-29_12_45PM.pdf
2026-08-14 19:05:40,444 INFO Direct NBA day 47/123: 2026-05-29, 96 discovered -> 1 selected
2026-08-14 19:05:41,030 INFO NBA backfill checkpoint processed=1/1 parsed=1 missing=0 http_failed=0 invalid_pdf=0 parse_failed=0
2026-08-14 19:05:43,086 INFO Suppressed 3 entries from older reports for games superseded by newer snapshots on 2026-05-29
2026-08-14 19:09:07,213 INFO Direct NBA day 48/123: 2026-05-30, 96 discovered -> 1 selected
2026-08-14 19:09:09,295 INFO Suppressed 6 entries from older reports for games superseded by newer snapshots on 2026-05-30
2026-08-14 19:10:56,291 INFO Direct NBA day 49/123: 2026-05-31, 0 discovered -> 0 selected
2026-08-14 19:12:44,119 INFO Direct NBA day 50/123: 2026-06-01, 0 discovered -> 0 selected
2026-08-14 19:16:07,501 INFO Skipped non-substantive snapshot (no date/matchup pairs): timestamp=2026-06-02T01:00:00 source_url=https://ak-static.cms.nba.com/referee/injury/Injury-Report_2026-06-02_01_00AM.pdf
2026-08-14 19:16:07,510 INFO Skipped non-substantive snapshot (no date/matchup pairs): timestamp=2026-06-02T13:00:00 source_url=https://ak-static.cms.nba.com/referee/injury/Injury-Report_2026-06-02_01_00PM.pdf
2026-08-14 19:16:07,518 INFO Skipped non-substantive snapshot (no date/matchup pairs): timestamp=2026-06-02T01:15:00 source_url=https://ak-static.cms.nba.com/referee/injury/Injury-Report_2026-06-02_01_15AM.pdf
2026-08-14 19:16:07,525 INFO Skipped non-substantive snapshot (no date/matchup pairs): timestamp=2026-06-02T13:15:00 source_url=https://ak-static.cms.nba.com/referee/injury/Injury-Report_2026-06-02_01_15PM.pdf
2026-08-14 19:16:07,531 INFO Skipped non-substantive snapshot (no date/matchup pairs): timestamp=2026-06-02T01:30:00 source_url=https://ak-static.cms.nba.com/referee/injury/Injury-Report_2026-06-02_01_30AM.pdf
2026-08-14 19:16:07,537 INFO Skipped non-substantive snapshot (no date/matchup pairs): timestamp=2026-06-02T13:30:00 source_url=https://ak-static.cms.nba.com/referee/injury/Injury-Report_2026-06-02_01_30PM.pdf
2026-08-14 19:16:07,545 INFO Skipped non-substantive snapshot (no date/matchup pairs): timestamp=2026-06-02T01:45:00 source_url=https://ak-static.cms.nba.com/referee/injury/Injury-Report_2026-06-02_01_45AM.pdf
2026-08-14 19:16:07,551 INFO Skipped non-substantive snapshot (no date/matchup pairs): timestamp=2026-06-02T13:45:00 source_url=https://ak-static.cms.nba.com/referee/injury/Injury-Report_2026-06-02_01_45PM.pdf
2026-08-14 19:16:07,556 INFO Skipped non-substantive snapshot (no date/matchup pairs): timestamp=2026-06-02T02:00:00 source_url=https://ak-static.cms.nba.com/referee/injury/Injury-Report_2026-06-02_02_00AM.pdf
2026-08-14 19:16:07,561 INFO Skipped non-substantive snapshot (no date/matchup pairs): timestamp=2026-06-02T14:00:00 source_url=https://ak-static.cms.nba.com/referee/injury/Injury-Report_2026-06-02_02_00PM.pdf
2026-08-14 19:16:07,566 INFO Skipped non-substantive snapshot (no date/matchup pairs): timestamp=2026-06-02T02:15:00 source_url=https://ak-static.cms.nba.com/referee/injury/Injury-Report_2026-06-02_02_15AM.pdf
2026-08-14 19:16:07,571 INFO Skipped non-substantive snapshot (no date/matchup pairs): timestamp=2026-06-02T14:15:00 source_url=https://ak-static.cms.nba.com/referee/injury/Injury-Report_2026-06-02_02_15PM.pdf
2026-08-14 19:16:07,576 INFO Skipped non-substantive snapshot (no date/matchup pairs): timestamp=2026-06-02T02:30:00 source_url=https://ak-static.cms.nba.com/referee/injury/Injury-Report_2026-06-02_02_30AM.pdf
2026-08-14 19:16:07,581 INFO Skipped non-substantive snapshot (no date/matchup pairs): timestamp=2026-06-02T14:30:00 source_url=https://ak-static.cms.nba.com/referee/injury/Injury-Report_2026-06-02_02_30PM.pdf
2026-08-14 19:16:07,586 INFO Skipped non-substantive snapshot (no date/matchup pairs): timestamp=2026-06-02T02:45:00 source_url=https://ak-static.cms.nba.com/referee/injury/Injury-Report_2026-06-02_02_45AM.pdf
2026-08-14 19:16:07,590 INFO Skipped non-substantive snapshot (no date/matchup pairs): timestamp=2026-06-02T14:45:00 source_url=https://ak-static.cms.nba.com/referee/injury/Injury-Report_2026-06-02_02_45PM.pdf
2026-08-14 19:16:07,595 INFO Skipped non-substantive snapshot (no date/matchup pairs): timestamp=2026-06-02T03:00:00 source_url=https://ak-static.cms.nba.com/referee/injury/Injury-Report_2026-06-02_03_00AM.pdf
2026-08-14 19:16:07,600 INFO Skipped non-substantive snapshot (no date/matchup pairs): timestamp=2026-06-02T15:00:00 source_url=https://ak-static.cms.nba.com/referee/injury/Injury-Report_2026-06-02_03_00PM.pdf
2026-08-14 19:16:07,605 INFO Skipped non-substantive snapshot (no date/matchup pairs): timestamp=2026-06-02T03:15:00 source_url=https://ak-static.cms.nba.com/referee/injury/Injury-Report_2026-06-02_03_15AM.pdf
2026-08-14 19:16:07,610 INFO Skipped non-substantive snapshot (no date/matchup pairs): timestamp=2026-06-02T15:15:00 source_url=https://ak-static.cms.nba.com/referee/injury/Injury-Report_2026-06-02_03_15PM.pdf
2026-08-14 19:16:07,615 INFO Skipped non-substantive snapshot (no date/matchup pairs): timestamp=2026-06-02T03:30:00 source_url=https://ak-static.cms.nba.com/referee/injury/Injury-Report_2026-06-02_03_30AM.pdf
2026-08-14 19:16:07,620 INFO Skipped non-substantive snapshot (no date/matchup pairs): timestamp=2026-06-02T15:30:00 source_url=https://ak-static.cms.nba.com/referee/injury/Injury-Report_2026-06-02_03_30PM.pdf
2026-08-14 19:16:07,625 INFO Skipped non-substantive snapshot (no date/matchup pairs): timestamp=2026-06-02T03:45:00 source_url=https://ak-static.cms.nba.com/referee/injury/Injury-Report_2026-06-02_03_45AM.pdf
2026-08-14 19:16:07,630 INFO Skipped non-substantive snapshot (no date/matchup pairs): timestamp=2026-06-02T15:45:00 source_url=https://ak-static.cms.nba.com/referee/injury/Injury-Report_2026-06-02_03_45PM.pdf
2026-08-14 19:16:07,635 INFO Skipped non-substantive snapshot (no date/matchup pairs): timestamp=2026-06-02T04:00:00 source_url=https://ak-static.cms.nba.com/referee/injury/Injury-Report_2026-06-02_04_00AM.pdf
2026-08-14 19:16:07,639 INFO Skipped non-substantive snapshot (no date/matchup pairs): timestamp=2026-06-02T16:00:00 source_url=https://ak-static.cms.nba.com/referee/injury/Injury-Report_2026-06-02_04_00PM.pdf
2026-08-14 19:16:07,644 INFO Skipped non-substantive snapshot (no date/matchup pairs): timestamp=2026-06-02T04:15:00 source_url=https://ak-static.cms.nba.com/referee/injury/Injury-Report_2026-06-02_04_15AM.pdf
2026-08-14 19:16:07,649 INFO Skipped non-substantive snapshot (no date/matchup pairs): timestamp=2026-06-02T16:15:00 source_url=https://ak-static.cms.nba.com/referee/injury/Injury-Report_2026-06-02_04_15PM.pdf
2026-08-14 19:16:07,655 INFO Skipped non-substantive snapshot (no date/matchup pairs): timestamp=2026-06-02T04:30:00 source_url=https://ak-static.cms.nba.com/referee/injury/Injury-Report_2026-06-02_04_30AM.pdf
2026-08-14 19:16:07,660 INFO Skipped non-substantive snapshot (no date/matchup pairs): timestamp=2026-06-02T16:30:00 source_url=https://ak-static.cms.nba.com/referee/injury/Injury-Report_2026-06-02_04_30PM.pdf
2026-08-14 19:16:07,664 INFO Skipped non-substantive snapshot (no date/matchup pairs): timestamp=2026-06-02T04:45:00 source_url=https://ak-static.cms.nba.com/referee/injury/Injury-Report_2026-06-02_04_45AM.pdf
2026-08-14 19:16:07,669 INFO Skipped non-substantive snapshot (no date/matchup pairs): timestamp=2026-06-02T16:45:00 source_url=https://ak-static.cms.nba.com/referee/injury/Injury-Report_2026-06-02_04_45PM.pdf
2026-08-14 19:16:07,674 INFO Skipped non-substantive snapshot (no date/matchup pairs): timestamp=2026-06-02T05:00:00 source_url=https://ak-static.cms.nba.com/referee/injury/Injury-Report_2026-06-02_05_00AM.pdf
2026-08-14 19:16:07,679 INFO Skipped non-substantive snapshot (no date/matchup pairs): timestamp=2026-06-02T17:00:00 source_url=https://ak-static.cms.nba.com/referee/injury/Injury-Report_2026-06-02_05_00PM.pdf
2026-08-14 19:16:07,683 INFO Skipped non-substantive snapshot (no date/matchup pairs): timestamp=2026-06-02T05:15:00 source_url=https://ak-static.cms.nba.com/referee/injury/Injury-Report_2026-06-02_05_15AM.pdf
2026-08-14 19:16:07,688 INFO Skipped non-substantive snapshot (no date/matchup pairs): timestamp=2026-06-02T17:15:00 source_url=https://ak-static.cms.nba.com/referee/injury/Injury-Report_2026-06-02_05_15PM.pdf
2026-08-14 19:16:07,693 INFO Skipped non-substantive snapshot (no date/matchup pairs): timestamp=2026-06-02T05:30:00 source_url=https://ak-static.cms.nba.com/referee/injury/Injury-Report_2026-06-02_05_30AM.pdf
2026-08-14 19:16:07,698 INFO Skipped non-substantive snapshot (no date/matchup pairs): timestamp=2026-06-02T17:30:00 source_url=https://ak-static.cms.nba.com/referee/injury/Injury-Report_2026-06-02_05_30PM.pdf
2026-08-14 19:16:07,702 INFO Skipped non-substantive snapshot (no date/matchup pairs): timestamp=2026-06-02T05:45:00 source_url=https://ak-static.cms.nba.com/referee/injury/Injury-Report_2026-06-02_05_45AM.pdf
2026-08-14 19:16:07,707 INFO Skipped non-substantive snapshot (no date/matchup pairs): timestamp=2026-06-02T17:45:00 source_url=https://ak-static.cms.nba.com/referee/injury/Injury-Report_2026-06-02_05_45PM.pdf
2026-08-14 19:16:07,712 INFO Skipped non-substantive snapshot (no date/matchup pairs): timestamp=2026-06-02T06:00:00 source_url=https://ak-static.cms.nba.com/referee/injury/Injury-Report_2026-06-02_06_00AM.pdf
2026-08-14 19:16:07,722 INFO Skipped non-substantive snapshot (no date/matchup pairs): timestamp=2026-06-02T06:15:00 source_url=https://ak-static.cms.nba.com/referee/injury/Injury-Report_2026-06-02_06_15AM.pdf
2026-08-14 19:16:07,731 INFO Skipped non-substantive snapshot (no date/matchup pairs): timestamp=2026-06-02T06:30:00 source_url=https://ak-static.cms.nba.com/referee/injury/Injury-Report_2026-06-02_06_30AM.pdf
2026-08-14 19:16:07,741 INFO Skipped non-substantive snapshot (no date/matchup pairs): timestamp=2026-06-02T06:45:00 source_url=https://ak-static.cms.nba.com/referee/injury/Injury-Report_2026-06-02_06_45AM.pdf
2026-08-14 19:16:07,752 INFO Skipped non-substantive snapshot (no date/matchup pairs): timestamp=2026-06-02T07:00:00 source_url=https://ak-static.cms.nba.com/referee/injury/Injury-Report_2026-06-02_07_00AM.pdf
2026-08-14 19:16:07,761 INFO Skipped non-substantive snapshot (no date/matchup pairs): timestamp=2026-06-02T07:15:00 source_url=https://ak-static.cms.nba.com/referee/injury/Injury-Report_2026-06-02_07_15AM.pdf
2026-08-14 19:16:07,771 INFO Skipped non-substantive snapshot (no date/matchup pairs): timestamp=2026-06-02T07:30:00 source_url=https://ak-static.cms.nba.com/referee/injury/Injury-Report_2026-06-02_07_30AM.pdf
2026-08-14 19:16:07,780 INFO Skipped non-substantive snapshot (no date/matchup pairs): timestamp=2026-06-02T07:45:00 source_url=https://ak-static.cms.nba.com/referee/injury/Injury-Report_2026-06-02_07_45AM.pdf
2026-08-14 19:16:07,790 INFO Skipped non-substantive snapshot (no date/matchup pairs): timestamp=2026-06-02T08:00:00 source_url=https://ak-static.cms.nba.com/referee/injury/Injury-Report_2026-06-02_08_00AM.pdf
2026-08-14 19:16:07,800 INFO Skipped non-substantive snapshot (no date/matchup pairs): timestamp=2026-06-02T08:15:00 source_url=https://ak-static.cms.nba.com/referee/injury/Injury-Report_2026-06-02_08_15AM.pdf
2026-08-14 19:16:07,809 INFO Skipped non-substantive snapshot (no date/matchup pairs): timestamp=2026-06-02T08:30:00 source_url=https://ak-static.cms.nba.com/referee/injury/Injury-Report_2026-06-02_08_30AM.pdf
2026-08-14 19:16:07,819 INFO Skipped non-substantive snapshot (no date/matchup pairs): timestamp=2026-06-02T08:45:00 source_url=https://ak-static.cms.nba.com/referee/injury/Injury-Report_2026-06-02_08_45AM.pdf
2026-08-14 19:16:07,829 INFO Skipped non-substantive snapshot (no date/matchup pairs): timestamp=2026-06-02T09:00:00 source_url=https://ak-static.cms.nba.com/referee/injury/Injury-Report_2026-06-02_09_00AM.pdf
2026-08-14 19:16:07,838 INFO Skipped non-substantive snapshot (no date/matchup pairs): timestamp=2026-06-02T09:15:00 source_url=https://ak-static.cms.nba.com/referee/injury/Injury-Report_2026-06-02_09_15AM.pdf
2026-08-14 19:16:07,849 INFO Skipped non-substantive snapshot (no date/matchup pairs): timestamp=2026-06-02T09:30:00 source_url=https://ak-static.cms.nba.com/referee/injury/Injury-Report_2026-06-02_09_30AM.pdf
2026-08-14 19:16:07,859 INFO Skipped non-substantive snapshot (no date/matchup pairs): timestamp=2026-06-02T09:45:00 source_url=https://ak-static.cms.nba.com/referee/injury/Injury-Report_2026-06-02_09_45AM.pdf
2026-08-14 19:16:07,868 INFO Skipped non-substantive snapshot (no date/matchup pairs): timestamp=2026-06-02T10:00:00 source_url=https://ak-static.cms.nba.com/referee/injury/Injury-Report_2026-06-02_10_00AM.pdf
2026-08-14 19:16:07,878 INFO Skipped non-substantive snapshot (no date/matchup pairs): timestamp=2026-06-02T10:15:00 source_url=https://ak-static.cms.nba.com/referee/injury/Injury-Report_2026-06-02_10_15AM.pdf
2026-08-14 19:16:07,888 INFO Skipped non-substantive snapshot (no date/matchup pairs): timestamp=2026-06-02T10:30:00 source_url=https://ak-static.cms.nba.com/referee/injury/Injury-Report_2026-06-02_10_30AM.pdf
2026-08-14 19:16:07,897 INFO Skipped non-substantive snapshot (no date/matchup pairs): timestamp=2026-06-02T10:45:00 source_url=https://ak-static.cms.nba.com/referee/injury/Injury-Report_2026-06-02_10_45AM.pdf
2026-08-14 19:16:07,907 INFO Skipped non-substantive snapshot (no date/matchup pairs): timestamp=2026-06-02T11:00:00 source_url=https://ak-static.cms.nba.com/referee/injury/Injury-Report_2026-06-02_11_00AM.pdf
2026-08-14 19:16:07,917 INFO Skipped non-substantive snapshot (no date/matchup pairs): timestamp=2026-06-02T11:15:00 source_url=https://ak-static.cms.nba.com/referee/injury/Injury-Report_2026-06-02_11_15AM.pdf
2026-08-14 19:16:07,926 INFO Skipped non-substantive snapshot (no date/matchup pairs): timestamp=2026-06-02T11:30:00 source_url=https://ak-static.cms.nba.com/referee/injury/Injury-Report_2026-06-02_11_30AM.pdf
2026-08-14 19:16:07,936 INFO Skipped non-substantive snapshot (no date/matchup pairs): timestamp=2026-06-02T11:45:00 source_url=https://ak-static.cms.nba.com/referee/injury/Injury-Report_2026-06-02_11_45AM.pdf
2026-08-14 19:16:07,947 INFO Skipped non-substantive snapshot (no date/matchup pairs): timestamp=2026-06-02T00:00:00 source_url=https://ak-static.cms.nba.com/referee/injury/Injury-Report_2026-06-02_12_00AM.pdf
2026-08-14 19:16:07,952 INFO Skipped non-substantive snapshot (no date/matchup pairs): timestamp=2026-06-02T12:00:00 source_url=https://ak-static.cms.nba.com/referee/injury/Injury-Report_2026-06-02_12_00PM.pdf
2026-08-14 19:16:07,957 INFO Skipped non-substantive snapshot (no date/matchup pairs): timestamp=2026-06-02T00:15:00 source_url=https://ak-static.cms.nba.com/referee/injury/Injury-Report_2026-06-02_12_15AM.pdf
2026-08-14 19:16:07,961 INFO Skipped non-substantive snapshot (no date/matchup pairs): timestamp=2026-06-02T12:15:00 source_url=https://ak-static.cms.nba.com/referee/injury/Injury-Report_2026-06-02_12_15PM.pdf
2026-08-14 19:16:07,966 INFO Skipped non-substantive snapshot (no date/matchup pairs): timestamp=2026-06-02T00:30:00 source_url=https://ak-static.cms.nba.com/referee/injury/Injury-Report_2026-06-02_12_30AM.pdf
2026-08-14 19:16:07,971 INFO Skipped non-substantive snapshot (no date/matchup pairs): timestamp=2026-06-02T12:30:00 source_url=https://ak-static.cms.nba.com/referee/injury/Injury-Report_2026-06-02_12_30PM.pdf
2026-08-14 19:16:07,976 INFO Skipped non-substantive snapshot (no date/matchup pairs): timestamp=2026-06-02T00:45:00 source_url=https://ak-static.cms.nba.com/referee/injury/Injury-Report_2026-06-02_12_45AM.pdf
2026-08-14 19:16:07,980 INFO Skipped non-substantive snapshot (no date/matchup pairs): timestamp=2026-06-02T12:45:00 source_url=https://ak-static.cms.nba.com/referee/injury/Injury-Report_2026-06-02_12_45PM.pdf
2026-08-14 19:16:07,980 INFO Direct NBA day 51/123: 2026-06-02, 96 discovered -> 1 selected
2026-08-14 19:19:33,158 INFO Direct NBA day 52/123: 2026-06-03, 96 discovered -> 1 selected
2026-08-14 19:19:35,145 INFO Suppressed 1 entries from older reports for games superseded by newer snapshots on 2026-06-03
2026-08-14 19:22:58,380 INFO Skipped non-substantive snapshot (no date/matchup pairs): timestamp=2026-06-04T01:00:00 source_url=https://ak-static.cms.nba.com/referee/injury/Injury-Report_2026-06-04_01_00AM.pdf
2026-08-14 19:22:58,390 INFO Skipped non-substantive snapshot (no date/matchup pairs): timestamp=2026-06-04T13:00:00 source_url=https://ak-static.cms.nba.com/referee/injury/Injury-Report_2026-06-04_01_00PM.pdf
2026-08-14 19:22:58,397 INFO Skipped non-substantive snapshot (no date/matchup pairs): timestamp=2026-06-04T01:15:00 source_url=https://ak-static.cms.nba.com/referee/injury/Injury-Report_2026-06-04_01_15AM.pdf
2026-08-14 19:22:58,405 INFO Skipped non-substantive snapshot (no date/matchup pairs): timestamp=2026-06-04T13:15:00 source_url=https://ak-static.cms.nba.com/referee/injury/Injury-Report_2026-06-04_01_15PM.pdf
2026-08-14 19:22:58,411 INFO Skipped non-substantive snapshot (no date/matchup pairs): timestamp=2026-06-04T01:30:00 source_url=https://ak-static.cms.nba.com/referee/injury/Injury-Report_2026-06-04_01_30AM.pdf
2026-08-14 19:22:58,417 INFO Skipped non-substantive snapshot (no date/matchup pairs): timestamp=2026-06-04T13:30:00 source_url=https://ak-static.cms.nba.com/referee/injury/Injury-Report_2026-06-04_01_30PM.pdf
2026-08-14 19:22:58,423 INFO Skipped non-substantive snapshot (no date/matchup pairs): timestamp=2026-06-04T01:45:00 source_url=https://ak-static.cms.nba.com/referee/injury/Injury-Report_2026-06-04_01_45AM.pdf
2026-08-14 19:22:58,429 INFO Skipped non-substantive snapshot (no date/matchup pairs): timestamp=2026-06-04T13:45:00 source_url=https://ak-static.cms.nba.com/referee/injury/Injury-Report_2026-06-04_01_45PM.pdf
2026-08-14 19:22:58,434 INFO Skipped non-substantive snapshot (no date/matchup pairs): timestamp=2026-06-04T02:00:00 source_url=https://ak-static.cms.nba.com/referee/injury/Injury-Report_2026-06-04_02_00AM.pdf
2026-08-14 19:22:58,439 INFO Skipped non-substantive snapshot (no date/matchup pairs): timestamp=2026-06-04T14:00:00 source_url=https://ak-static.cms.nba.com/referee/injury/Injury-Report_2026-06-04_02_00PM.pdf
2026-08-14 19:22:58,444 INFO Skipped non-substantive snapshot (no date/matchup pairs): timestamp=2026-06-04T02:15:00 source_url=https://ak-static.cms.nba.com/referee/injury/Injury-Report_2026-06-04_02_15AM.pdf
2026-08-14 19:22:58,449 INFO Skipped non-substantive snapshot (no date/matchup pairs): timestamp=2026-06-04T14:15:00 source_url=https://ak-static.cms.nba.com/referee/injury/Injury-Report_2026-06-04_02_15PM.pdf
2026-08-14 19:22:58,454 INFO Skipped non-substantive snapshot (no date/matchup pairs): timestamp=2026-06-04T02:30:00 source_url=https://ak-static.cms.nba.com/referee/injury/Injury-Report_2026-06-04_02_30AM.pdf
2026-08-14 19:22:58,459 INFO Skipped non-substantive snapshot (no date/matchup pairs): timestamp=2026-06-04T14:30:00 source_url=https://ak-static.cms.nba.com/referee/injury/Injury-Report_2026-06-04_02_30PM.pdf
2026-08-14 19:22:58,464 INFO Skipped non-substantive snapshot (no date/matchup pairs): timestamp=2026-06-04T02:45:00 source_url=https://ak-static.cms.nba.com/referee/injury/Injury-Report_2026-06-04_02_45AM.pdf
2026-08-14 19:22:58,471 INFO Skipped non-substantive snapshot (no date/matchup pairs): timestamp=2026-06-04T14:45:00 source_url=https://ak-static.cms.nba.com/referee/injury/Injury-Report_2026-06-04_02_45PM.pdf
2026-08-14 19:22:58,475 INFO Skipped non-substantive snapshot (no date/matchup pairs): timestamp=2026-06-04T03:00:00 source_url=https://ak-static.cms.nba.com/referee/injury/Injury-Report_2026-06-04_03_00AM.pdf
2026-08-14 19:22:58,480 INFO Skipped non-substantive snapshot (no date/matchup pairs): timestamp=2026-06-04T15:00:00 source_url=https://ak-static.cms.nba.com/referee/injury/Injury-Report_2026-06-04_03_00PM.pdf
2026-08-14 19:22:58,485 INFO Skipped non-substantive snapshot (no date/matchup pairs): timestamp=2026-06-04T03:15:00 source_url=https://ak-static.cms.nba.com/referee/injury/Injury-Report_2026-06-04_03_15AM.pdf
2026-08-14 19:22:58,489 INFO Skipped non-substantive snapshot (no date/matchup pairs): timestamp=2026-06-04T15:15:00 source_url=https://ak-static.cms.nba.com/referee/injury/Injury-Report_2026-06-04_03_15PM.pdf
2026-08-14 19:22:58,494 INFO Skipped non-substantive snapshot (no date/matchup pairs): timestamp=2026-06-04T03:30:00 source_url=https://ak-static.cms.nba.com/referee/injury/Injury-Report_2026-06-04_03_30AM.pdf
2026-08-14 19:22:58,499 INFO Skipped non-substantive snapshot (no date/matchup pairs): timestamp=2026-06-04T15:30:00 source_url=https://ak-static.cms.nba.com/referee/injury/Injury-Report_2026-06-04_03_30PM.pdf
2026-08-14 19:22:58,504 INFO Skipped non-substantive snapshot (no date/matchup pairs): timestamp=2026-06-04T03:45:00 source_url=https://ak-static.cms.nba.com/referee/injury/Injury-Report_2026-06-04_03_45AM.pdf
2026-08-14 19:22:58,508 INFO Skipped non-substantive snapshot (no date/matchup pairs): timestamp=2026-06-04T15:45:00 source_url=https://ak-static.cms.nba.com/referee/injury/Injury-Report_2026-06-04_03_45PM.pdf
2026-08-14 19:22:58,513 INFO Skipped non-substantive snapshot (no date/matchup pairs): timestamp=2026-06-04T04:00:00 source_url=https://ak-static.cms.nba.com/referee/injury/Injury-Report_2026-06-04_04_00AM.pdf
2026-08-14 19:22:58,518 INFO Skipped non-substantive snapshot (no date/matchup pairs): timestamp=2026-06-04T16:00:00 source_url=https://ak-static.cms.nba.com/referee/injury/Injury-Report_2026-06-04_04_00PM.pdf
2026-08-14 19:22:58,523 INFO Skipped non-substantive snapshot (no date/matchup pairs): timestamp=2026-06-04T04:15:00 source_url=https://ak-static.cms.nba.com/referee/injury/Injury-Report_2026-06-04_04_15AM.pdf
2026-08-14 19:22:58,527 INFO Skipped non-substantive snapshot (no date/matchup pairs): timestamp=2026-06-04T16:15:00 source_url=https://ak-static.cms.nba.com/referee/injury/Injury-Report_2026-06-04_04_15PM.pdf
2026-08-14 19:22:58,532 INFO Skipped non-substantive snapshot (no date/matchup pairs): timestamp=2026-06-04T04:30:00 source_url=https://ak-static.cms.nba.com/referee/injury/Injury-Report_2026-06-04_04_30AM.pdf
2026-08-14 19:22:58,537 INFO Skipped non-substantive snapshot (no date/matchup pairs): timestamp=2026-06-04T16:30:00 source_url=https://ak-static.cms.nba.com/referee/injury/Injury-Report_2026-06-04_04_30PM.pdf
2026-08-14 19:22:58,542 INFO Skipped non-substantive snapshot (no date/matchup pairs): timestamp=2026-06-04T04:45:00 source_url=https://ak-static.cms.nba.com/referee/injury/Injury-Report_2026-06-04_04_45AM.pdf
2026-08-14 19:22:58,546 INFO Skipped non-substantive snapshot (no date/matchup pairs): timestamp=2026-06-04T16:45:00 source_url=https://ak-static.cms.nba.com/referee/injury/Injury-Report_2026-06-04_04_45PM.pdf
2026-08-14 19:22:58,551 INFO Skipped non-substantive snapshot (no date/matchup pairs): timestamp=2026-06-04T05:00:00 source_url=https://ak-static.cms.nba.com/referee/injury/Injury-Report_2026-06-04_05_00AM.pdf
2026-08-14 19:22:58,556 INFO Skipped non-substantive snapshot (no date/matchup pairs): timestamp=2026-06-04T17:00:00 source_url=https://ak-static.cms.nba.com/referee/injury/Injury-Report_2026-06-04_05_00PM.pdf
2026-08-14 19:22:58,560 INFO Skipped non-substantive snapshot (no date/matchup pairs): timestamp=2026-06-04T05:15:00 source_url=https://ak-static.cms.nba.com/referee/injury/Injury-Report_2026-06-04_05_15AM.pdf
2026-08-14 19:22:58,564 INFO Skipped non-substantive snapshot (no date/matchup pairs): timestamp=2026-06-04T17:15:00 source_url=https://ak-static.cms.nba.com/referee/injury/Injury-Report_2026-06-04_05_15PM.pdf
2026-08-14 19:22:58,569 INFO Skipped non-substantive snapshot (no date/matchup pairs): timestamp=2026-06-04T05:30:00 source_url=https://ak-static.cms.nba.com/referee/injury/Injury-Report_2026-06-04_05_30AM.pdf
2026-08-14 19:22:58,573 INFO Skipped non-substantive snapshot (no date/matchup pairs): timestamp=2026-06-04T17:30:00 source_url=https://ak-static.cms.nba.com/referee/injury/Injury-Report_2026-06-04_05_30PM.pdf
2026-08-14 19:22:58,580 INFO Skipped non-substantive snapshot (no date/matchup pairs): timestamp=2026-06-04T05:45:00 source_url=https://ak-static.cms.nba.com/referee/injury/Injury-Report_2026-06-04_05_45AM.pdf
2026-08-14 19:22:58,584 INFO Skipped non-substantive snapshot (no date/matchup pairs): timestamp=2026-06-04T17:45:00 source_url=https://ak-static.cms.nba.com/referee/injury/Injury-Report_2026-06-04_05_45PM.pdf
2026-08-14 19:22:58,589 INFO Skipped non-substantive snapshot (no date/matchup pairs): timestamp=2026-06-04T06:00:00 source_url=https://ak-static.cms.nba.com/referee/injury/Injury-Report_2026-06-04_06_00AM.pdf
2026-08-14 19:22:58,598 INFO Skipped non-substantive snapshot (no date/matchup pairs): timestamp=2026-06-04T06:15:00 source_url=https://ak-static.cms.nba.com/referee/injury/Injury-Report_2026-06-04_06_15AM.pdf
2026-08-14 19:22:58,607 INFO Skipped non-substantive snapshot (no date/matchup pairs): timestamp=2026-06-04T06:30:00 source_url=https://ak-static.cms.nba.com/referee/injury/Injury-Report_2026-06-04_06_30AM.pdf
2026-08-14 19:22:58,617 INFO Skipped non-substantive snapshot (no date/matchup pairs): timestamp=2026-06-04T06:45:00 source_url=https://ak-static.cms.nba.com/referee/injury/Injury-Report_2026-06-04_06_45AM.pdf
2026-08-14 19:22:58,626 INFO Skipped non-substantive snapshot (no date/matchup pairs): timestamp=2026-06-04T07:00:00 source_url=https://ak-static.cms.nba.com/referee/injury/Injury-Report_2026-06-04_07_00AM.pdf
2026-08-14 19:22:58,636 INFO Skipped non-substantive snapshot (no date/matchup pairs): timestamp=2026-06-04T07:15:00 source_url=https://ak-static.cms.nba.com/referee/injury/Injury-Report_2026-06-04_07_15AM.pdf
2026-08-14 19:22:58,645 INFO Skipped non-substantive snapshot (no date/matchup pairs): timestamp=2026-06-04T07:30:00 source_url=https://ak-static.cms.nba.com/referee/injury/Injury-Report_2026-06-04_07_30AM.pdf
2026-08-14 19:22:58,655 INFO Skipped non-substantive snapshot (no date/matchup pairs): timestamp=2026-06-04T07:45:00 source_url=https://ak-static.cms.nba.com/referee/injury/Injury-Report_2026-06-04_07_45AM.pdf
2026-08-14 19:22:58,666 INFO Skipped non-substantive snapshot (no date/matchup pairs): timestamp=2026-06-04T08:00:00 source_url=https://ak-static.cms.nba.com/referee/injury/Injury-Report_2026-06-04_08_00AM.pdf
2026-08-14 19:22:58,675 INFO Skipped non-substantive snapshot (no date/matchup pairs): timestamp=2026-06-04T08:15:00 source_url=https://ak-static.cms.nba.com/referee/injury/Injury-Report_2026-06-04_08_15AM.pdf
2026-08-14 19:22:58,685 INFO Skipped non-substantive snapshot (no date/matchup pairs): timestamp=2026-06-04T08:30:00 source_url=https://ak-static.cms.nba.com/referee/injury/Injury-Report_2026-06-04_08_30AM.pdf
2026-08-14 19:22:58,694 INFO Skipped non-substantive snapshot (no date/matchup pairs): timestamp=2026-06-04T08:45:00 source_url=https://ak-static.cms.nba.com/referee/injury/Injury-Report_2026-06-04_08_45AM.pdf
2026-08-14 19:22:58,704 INFO Skipped non-substantive snapshot (no date/matchup pairs): timestamp=2026-06-04T09:00:00 source_url=https://ak-static.cms.nba.com/referee/injury/Injury-Report_2026-06-04_09_00AM.pdf
2026-08-14 19:22:58,714 INFO Skipped non-substantive snapshot (no date/matchup pairs): timestamp=2026-06-04T09:15:00 source_url=https://ak-static.cms.nba.com/referee/injury/Injury-Report_2026-06-04_09_15AM.pdf
2026-08-14 19:22:58,723 INFO Skipped non-substantive snapshot (no date/matchup pairs): timestamp=2026-06-04T09:30:00 source_url=https://ak-static.cms.nba.com/referee/injury/Injury-Report_2026-06-04_09_30AM.pdf
2026-08-14 19:22:58,732 INFO Skipped non-substantive snapshot (no date/matchup pairs): timestamp=2026-06-04T09:45:00 source_url=https://ak-static.cms.nba.com/referee/injury/Injury-Report_2026-06-04_09_45AM.pdf
2026-08-14 19:22:58,742 INFO Skipped non-substantive snapshot (no date/matchup pairs): timestamp=2026-06-04T10:00:00 source_url=https://ak-static.cms.nba.com/referee/injury/Injury-Report_2026-06-04_10_00AM.pdf
2026-08-14 19:22:58,751 INFO Skipped non-substantive snapshot (no date/matchup pairs): timestamp=2026-06-04T10:15:00 source_url=https://ak-static.cms.nba.com/referee/injury/Injury-Report_2026-06-04_10_15AM.pdf
2026-08-14 19:22:58,763 INFO Skipped non-substantive snapshot (no date/matchup pairs): timestamp=2026-06-04T10:30:00 source_url=https://ak-static.cms.nba.com/referee/injury/Injury-Report_2026-06-04_10_30AM.pdf
2026-08-14 19:22:58,772 INFO Skipped non-substantive snapshot (no date/matchup pairs): timestamp=2026-06-04T10:45:00 source_url=https://ak-static.cms.nba.com/referee/injury/Injury-Report_2026-06-04_10_45AM.pdf
2026-08-14 19:22:58,781 INFO Skipped non-substantive snapshot (no date/matchup pairs): timestamp=2026-06-04T11:00:00 source_url=https://ak-static.cms.nba.com/referee/injury/Injury-Report_2026-06-04_11_00AM.pdf
2026-08-14 19:22:58,791 INFO Skipped non-substantive snapshot (no date/matchup pairs): timestamp=2026-06-04T11:15:00 source_url=https://ak-static.cms.nba.com/referee/injury/Injury-Report_2026-06-04_11_15AM.pdf
2026-08-14 19:22:58,801 INFO Skipped non-substantive snapshot (no date/matchup pairs): timestamp=2026-06-04T11:30:00 source_url=https://ak-static.cms.nba.com/referee/injury/Injury-Report_2026-06-04_11_30AM.pdf
2026-08-14 19:22:58,810 INFO Skipped non-substantive snapshot (no date/matchup pairs): timestamp=2026-06-04T11:45:00 source_url=https://ak-static.cms.nba.com/referee/injury/Injury-Report_2026-06-04_11_45AM.pdf
2026-08-14 19:22:58,820 INFO Skipped non-substantive snapshot (no date/matchup pairs): timestamp=2026-06-04T00:00:00 source_url=https://ak-static.cms.nba.com/referee/injury/Injury-Report_2026-06-04_12_00AM.pdf
2026-08-14 19:22:58,824 INFO Skipped non-substantive snapshot (no date/matchup pairs): timestamp=2026-06-04T12:00:00 source_url=https://ak-static.cms.nba.com/referee/injury/Injury-Report_2026-06-04_12_00PM.pdf
2026-08-14 19:22:58,829 INFO Skipped non-substantive snapshot (no date/matchup pairs): timestamp=2026-06-04T00:15:00 source_url=https://ak-static.cms.nba.com/referee/injury/Injury-Report_2026-06-04_12_15AM.pdf
2026-08-14 19:22:58,834 INFO Skipped non-substantive snapshot (no date/matchup pairs): timestamp=2026-06-04T12:15:00 source_url=https://ak-static.cms.nba.com/referee/injury/Injury-Report_2026-06-04_12_15PM.pdf
2026-08-14 19:22:58,838 INFO Skipped non-substantive snapshot (no date/matchup pairs): timestamp=2026-06-04T00:30:00 source_url=https://ak-static.cms.nba.com/referee/injury/Injury-Report_2026-06-04_12_30AM.pdf
2026-08-14 19:22:58,843 INFO Skipped non-substantive snapshot (no date/matchup pairs): timestamp=2026-06-04T12:30:00 source_url=https://ak-static.cms.nba.com/referee/injury/Injury-Report_2026-06-04_12_30PM.pdf
2026-08-14 19:22:58,848 INFO Skipped non-substantive snapshot (no date/matchup pairs): timestamp=2026-06-04T00:45:00 source_url=https://ak-static.cms.nba.com/referee/injury/Injury-Report_2026-06-04_12_45AM.pdf
2026-08-14 19:22:58,852 INFO Skipped non-substantive snapshot (no date/matchup pairs): timestamp=2026-06-04T12:45:00 source_url=https://ak-static.cms.nba.com/referee/injury/Injury-Report_2026-06-04_12_45PM.pdf
2026-08-14 19:22:58,852 INFO Direct NBA day 53/123: 2026-06-04, 96 discovered -> 1 selected
2026-08-14 19:26:23,897 INFO Direct NBA day 54/123: 2026-06-05, 96 discovered -> 1 selected
2026-08-14 19:28:12,464 INFO Direct NBA day 55/123: 2026-06-06, 0 discovered -> 0 selected
2026-08-14 19:31:35,723 INFO Skipped non-substantive snapshot (no date/matchup pairs): timestamp=2026-06-07T01:00:00 source_url=https://ak-static.cms.nba.com/referee/injury/Injury-Report_2026-06-07_01_00AM.pdf
2026-08-14 19:31:35,732 INFO Skipped non-substantive snapshot (no date/matchup pairs): timestamp=2026-06-07T13:00:00 source_url=https://ak-static.cms.nba.com/referee/injury/Injury-Report_2026-06-07_01_00PM.pdf
2026-08-14 19:31:35,739 INFO Skipped non-substantive snapshot (no date/matchup pairs): timestamp=2026-06-07T01:15:00 source_url=https://ak-static.cms.nba.com/referee/injury/Injury-Report_2026-06-07_01_15AM.pdf
2026-08-14 19:31:35,746 INFO Skipped non-substantive snapshot (no date/matchup pairs): timestamp=2026-06-07T13:15:00 source_url=https://ak-static.cms.nba.com/referee/injury/Injury-Report_2026-06-07_01_15PM.pdf
2026-08-14 19:31:35,752 INFO Skipped non-substantive snapshot (no date/matchup pairs): timestamp=2026-06-07T01:30:00 source_url=https://ak-static.cms.nba.com/referee/injury/Injury-Report_2026-06-07_01_30AM.pdf
2026-08-14 19:31:35,758 INFO Skipped non-substantive snapshot (no date/matchup pairs): timestamp=2026-06-07T13:30:00 source_url=https://ak-static.cms.nba.com/referee/injury/Injury-Report_2026-06-07_01_30PM.pdf
2026-08-14 19:31:35,766 INFO Skipped non-substantive snapshot (no date/matchup pairs): timestamp=2026-06-07T01:45:00 source_url=https://ak-static.cms.nba.com/referee/injury/Injury-Report_2026-06-07_01_45AM.pdf
2026-08-14 19:31:35,772 INFO Skipped non-substantive snapshot (no date/matchup pairs): timestamp=2026-06-07T13:45:00 source_url=https://ak-static.cms.nba.com/referee/injury/Injury-Report_2026-06-07_01_45PM.pdf
2026-08-14 19:31:35,777 INFO Skipped non-substantive snapshot (no date/matchup pairs): timestamp=2026-06-07T02:00:00 source_url=https://ak-static.cms.nba.com/referee/injury/Injury-Report_2026-06-07_02_00AM.pdf
2026-08-14 19:31:35,782 INFO Skipped non-substantive snapshot (no date/matchup pairs): timestamp=2026-06-07T14:00:00 source_url=https://ak-static.cms.nba.com/referee/injury/Injury-Report_2026-06-07_02_00PM.pdf
2026-08-14 19:31:35,787 INFO Skipped non-substantive snapshot (no date/matchup pairs): timestamp=2026-06-07T02:15:00 source_url=https://ak-static.cms.nba.com/referee/injury/Injury-Report_2026-06-07_02_15AM.pdf
2026-08-14 19:31:35,792 INFO Skipped non-substantive snapshot (no date/matchup pairs): timestamp=2026-06-07T14:15:00 source_url=https://ak-static.cms.nba.com/referee/injury/Injury-Report_2026-06-07_02_15PM.pdf
2026-08-14 19:31:35,797 INFO Skipped non-substantive snapshot (no date/matchup pairs): timestamp=2026-06-07T02:30:00 source_url=https://ak-static.cms.nba.com/referee/injury/Injury-Report_2026-06-07_02_30AM.pdf
2026-08-14 19:31:35,801 INFO Skipped non-substantive snapshot (no date/matchup pairs): timestamp=2026-06-07T14:30:00 source_url=https://ak-static.cms.nba.com/referee/injury/Injury-Report_2026-06-07_02_30PM.pdf
2026-08-14 19:31:35,806 INFO Skipped non-substantive snapshot (no date/matchup pairs): timestamp=2026-06-07T02:45:00 source_url=https://ak-static.cms.nba.com/referee/injury/Injury-Report_2026-06-07_02_45AM.pdf
2026-08-14 19:31:35,811 INFO Skipped non-substantive snapshot (no date/matchup pairs): timestamp=2026-06-07T14:45:00 source_url=https://ak-static.cms.nba.com/referee/injury/Injury-Report_2026-06-07_02_45PM.pdf
2026-08-14 19:31:35,816 INFO Skipped non-substantive snapshot (no date/matchup pairs): timestamp=2026-06-07T03:00:00 source_url=https://ak-static.cms.nba.com/referee/injury/Injury-Report_2026-06-07_03_00AM.pdf
2026-08-14 19:31:35,821 INFO Skipped non-substantive snapshot (no date/matchup pairs): timestamp=2026-06-07T15:00:00 source_url=https://ak-static.cms.nba.com/referee/injury/Injury-Report_2026-06-07_03_00PM.pdf
2026-08-14 19:31:35,825 INFO Skipped non-substantive snapshot (no date/matchup pairs): timestamp=2026-06-07T03:15:00 source_url=https://ak-static.cms.nba.com/referee/injury/Injury-Report_2026-06-07_03_15AM.pdf
2026-08-14 19:31:35,830 INFO Skipped non-substantive snapshot (no date/matchup pairs): timestamp=2026-06-07T15:15:00 source_url=https://ak-static.cms.nba.com/referee/injury/Injury-Report_2026-06-07_03_15PM.pdf
2026-08-14 19:31:35,835 INFO Skipped non-substantive snapshot (no date/matchup pairs): timestamp=2026-06-07T03:30:00 source_url=https://ak-static.cms.nba.com/referee/injury/Injury-Report_2026-06-07_03_30AM.pdf
2026-08-14 19:31:35,839 INFO Skipped non-substantive snapshot (no date/matchup pairs): timestamp=2026-06-07T15:30:00 source_url=https://ak-static.cms.nba.com/referee/injury/Injury-Report_2026-06-07_03_30PM.pdf
2026-08-14 19:31:35,844 INFO Skipped non-substantive snapshot (no date/matchup pairs): timestamp=2026-06-07T03:45:00 source_url=https://ak-static.cms.nba.com/referee/injury/Injury-Report_2026-06-07_03_45AM.pdf
2026-08-14 19:31:35,849 INFO Skipped non-substantive snapshot (no date/matchup pairs): timestamp=2026-06-07T15:45:00 source_url=https://ak-static.cms.nba.com/referee/injury/Injury-Report_2026-06-07_03_45PM.pdf
2026-08-14 19:31:35,854 INFO Skipped non-substantive snapshot (no date/matchup pairs): timestamp=2026-06-07T04:00:00 source_url=https://ak-static.cms.nba.com/referee/injury/Injury-Report_2026-06-07_04_00AM.pdf
2026-08-14 19:31:35,858 INFO Skipped non-substantive snapshot (no date/matchup pairs): timestamp=2026-06-07T16:00:00 source_url=https://ak-static.cms.nba.com/referee/injury/Injury-Report_2026-06-07_04_00PM.pdf
2026-08-14 19:31:35,863 INFO Skipped non-substantive snapshot (no date/matchup pairs): timestamp=2026-06-07T04:15:00 source_url=https://ak-static.cms.nba.com/referee/injury/Injury-Report_2026-06-07_04_15AM.pdf
2026-08-14 19:31:35,869 INFO Skipped non-substantive snapshot (no date/matchup pairs): timestamp=2026-06-07T16:15:00 source_url=https://ak-static.cms.nba.com/referee/injury/Injury-Report_2026-06-07_04_15PM.pdf
2026-08-14 19:31:35,874 INFO Skipped non-substantive snapshot (no date/matchup pairs): timestamp=2026-06-07T04:30:00 source_url=https://ak-static.cms.nba.com/referee/injury/Injury-Report_2026-06-07_04_30AM.pdf
2026-08-14 19:31:35,878 INFO Skipped non-substantive snapshot (no date/matchup pairs): timestamp=2026-06-07T16:30:00 source_url=https://ak-static.cms.nba.com/referee/injury/Injury-Report_2026-06-07_04_30PM.pdf
2026-08-14 19:31:35,883 INFO Skipped non-substantive snapshot (no date/matchup pairs): timestamp=2026-06-07T04:45:00 source_url=https://ak-static.cms.nba.com/referee/injury/Injury-Report_2026-06-07_04_45AM.pdf
2026-08-14 19:31:35,887 INFO Skipped non-substantive snapshot (no date/matchup pairs): timestamp=2026-06-07T16:45:00 source_url=https://ak-static.cms.nba.com/referee/injury/Injury-Report_2026-06-07_04_45PM.pdf
2026-08-14 19:31:35,892 INFO Skipped non-substantive snapshot (no date/matchup pairs): timestamp=2026-06-07T05:00:00 source_url=https://ak-static.cms.nba.com/referee/injury/Injury-Report_2026-06-07_05_00AM.pdf
2026-08-14 19:31:35,896 INFO Skipped non-substantive snapshot (no date/matchup pairs): timestamp=2026-06-07T17:00:00 source_url=https://ak-static.cms.nba.com/referee/injury/Injury-Report_2026-06-07_05_00PM.pdf
2026-08-14 19:31:35,901 INFO Skipped non-substantive snapshot (no date/matchup pairs): timestamp=2026-06-07T05:15:00 source_url=https://ak-static.cms.nba.com/referee/injury/Injury-Report_2026-06-07_05_15AM.pdf
2026-08-14 19:31:35,911 INFO Skipped non-substantive snapshot (no date/matchup pairs): timestamp=2026-06-07T05:30:00 source_url=https://ak-static.cms.nba.com/referee/injury/Injury-Report_2026-06-07_05_30AM.pdf
2026-08-14 19:31:35,920 INFO Skipped non-substantive snapshot (no date/matchup pairs): timestamp=2026-06-07T05:45:00 source_url=https://ak-static.cms.nba.com/referee/injury/Injury-Report_2026-06-07_05_45AM.pdf
2026-08-14 19:31:35,930 INFO Skipped non-substantive snapshot (no date/matchup pairs): timestamp=2026-06-07T06:00:00 source_url=https://ak-static.cms.nba.com/referee/injury/Injury-Report_2026-06-07_06_00AM.pdf
2026-08-14 19:31:35,939 INFO Skipped non-substantive snapshot (no date/matchup pairs): timestamp=2026-06-07T06:15:00 source_url=https://ak-static.cms.nba.com/referee/injury/Injury-Report_2026-06-07_06_15AM.pdf
2026-08-14 19:31:35,949 INFO Skipped non-substantive snapshot (no date/matchup pairs): timestamp=2026-06-07T06:30:00 source_url=https://ak-static.cms.nba.com/referee/injury/Injury-Report_2026-06-07_06_30AM.pdf
2026-08-14 19:31:35,959 INFO Skipped non-substantive snapshot (no date/matchup pairs): timestamp=2026-06-07T06:45:00 source_url=https://ak-static.cms.nba.com/referee/injury/Injury-Report_2026-06-07_06_45AM.pdf
2026-08-14 19:31:35,968 INFO Skipped non-substantive snapshot (no date/matchup pairs): timestamp=2026-06-07T07:00:00 source_url=https://ak-static.cms.nba.com/referee/injury/Injury-Report_2026-06-07_07_00AM.pdf
2026-08-14 19:31:35,979 INFO Skipped non-substantive snapshot (no date/matchup pairs): timestamp=2026-06-07T07:15:00 source_url=https://ak-static.cms.nba.com/referee/injury/Injury-Report_2026-06-07_07_15AM.pdf
2026-08-14 19:31:35,989 INFO Skipped non-substantive snapshot (no date/matchup pairs): timestamp=2026-06-07T07:30:00 source_url=https://ak-static.cms.nba.com/referee/injury/Injury-Report_2026-06-07_07_30AM.pdf
2026-08-14 19:31:35,998 INFO Skipped non-substantive snapshot (no date/matchup pairs): timestamp=2026-06-07T07:45:00 source_url=https://ak-static.cms.nba.com/referee/injury/Injury-Report_2026-06-07_07_45AM.pdf
2026-08-14 19:31:36,008 INFO Skipped non-substantive snapshot (no date/matchup pairs): timestamp=2026-06-07T08:00:00 source_url=https://ak-static.cms.nba.com/referee/injury/Injury-Report_2026-06-07_08_00AM.pdf
2026-08-14 19:31:36,018 INFO Skipped non-substantive snapshot (no date/matchup pairs): timestamp=2026-06-07T08:15:00 source_url=https://ak-static.cms.nba.com/referee/injury/Injury-Report_2026-06-07_08_15AM.pdf
2026-08-14 19:31:36,027 INFO Skipped non-substantive snapshot (no date/matchup pairs): timestamp=2026-06-07T08:30:00 source_url=https://ak-static.cms.nba.com/referee/injury/Injury-Report_2026-06-07_08_30AM.pdf
2026-08-14 19:31:36,037 INFO Skipped non-substantive snapshot (no date/matchup pairs): timestamp=2026-06-07T08:45:00 source_url=https://ak-static.cms.nba.com/referee/injury/Injury-Report_2026-06-07_08_45AM.pdf
2026-08-14 19:31:36,047 INFO Skipped non-substantive snapshot (no date/matchup pairs): timestamp=2026-06-07T09:00:00 source_url=https://ak-static.cms.nba.com/referee/injury/Injury-Report_2026-06-07_09_00AM.pdf
2026-08-14 19:31:36,056 INFO Skipped non-substantive snapshot (no date/matchup pairs): timestamp=2026-06-07T09:15:00 source_url=https://ak-static.cms.nba.com/referee/injury/Injury-Report_2026-06-07_09_15AM.pdf
2026-08-14 19:31:36,068 INFO Skipped non-substantive snapshot (no date/matchup pairs): timestamp=2026-06-07T09:30:00 source_url=https://ak-static.cms.nba.com/referee/injury/Injury-Report_2026-06-07_09_30AM.pdf
2026-08-14 19:31:36,077 INFO Skipped non-substantive snapshot (no date/matchup pairs): timestamp=2026-06-07T09:45:00 source_url=https://ak-static.cms.nba.com/referee/injury/Injury-Report_2026-06-07_09_45AM.pdf
2026-08-14 19:31:36,087 INFO Skipped non-substantive snapshot (no date/matchup pairs): timestamp=2026-06-07T10:00:00 source_url=https://ak-static.cms.nba.com/referee/injury/Injury-Report_2026-06-07_10_00AM.pdf
2026-08-14 19:31:36,096 INFO Skipped non-substantive snapshot (no date/matchup pairs): timestamp=2026-06-07T10:15:00 source_url=https://ak-static.cms.nba.com/referee/injury/Injury-Report_2026-06-07_10_15AM.pdf
2026-08-14 19:31:36,106 INFO Skipped non-substantive snapshot (no date/matchup pairs): timestamp=2026-06-07T10:30:00 source_url=https://ak-static.cms.nba.com/referee/injury/Injury-Report_2026-06-07_10_30AM.pdf
2026-08-14 19:31:36,116 INFO Skipped non-substantive snapshot (no date/matchup pairs): timestamp=2026-06-07T10:45:00 source_url=https://ak-static.cms.nba.com/referee/injury/Injury-Report_2026-06-07_10_45AM.pdf
2026-08-14 19:31:36,125 INFO Skipped non-substantive snapshot (no date/matchup pairs): timestamp=2026-06-07T11:00:00 source_url=https://ak-static.cms.nba.com/referee/injury/Injury-Report_2026-06-07_11_00AM.pdf
2026-08-14 19:31:36,135 INFO Skipped non-substantive snapshot (no date/matchup pairs): timestamp=2026-06-07T11:15:00 source_url=https://ak-static.cms.nba.com/referee/injury/Injury-Report_2026-06-07_11_15AM.pdf
2026-08-14 19:31:36,145 INFO Skipped non-substantive snapshot (no date/matchup pairs): timestamp=2026-06-07T11:30:00 source_url=https://ak-static.cms.nba.com/referee/injury/Injury-Report_2026-06-07_11_30AM.pdf
2026-08-14 19:31:36,154 INFO Skipped non-substantive snapshot (no date/matchup pairs): timestamp=2026-06-07T11:45:00 source_url=https://ak-static.cms.nba.com/referee/injury/Injury-Report_2026-06-07_11_45AM.pdf
2026-08-14 19:31:36,166 INFO Skipped non-substantive snapshot (no date/matchup pairs): timestamp=2026-06-07T00:00:00 source_url=https://ak-static.cms.nba.com/referee/injury/Injury-Report_2026-06-07_12_00AM.pdf
2026-08-14 19:31:36,170 INFO Skipped non-substantive snapshot (no date/matchup pairs): timestamp=2026-06-07T12:00:00 source_url=https://ak-static.cms.nba.com/referee/injury/Injury-Report_2026-06-07_12_00PM.pdf
2026-08-14 19:31:36,175 INFO Skipped non-substantive snapshot (no date/matchup pairs): timestamp=2026-06-07T00:15:00 source_url=https://ak-static.cms.nba.com/referee/injury/Injury-Report_2026-06-07_12_15AM.pdf
2026-08-14 19:31:36,180 INFO Skipped non-substantive snapshot (no date/matchup pairs): timestamp=2026-06-07T12:15:00 source_url=https://ak-static.cms.nba.com/referee/injury/Injury-Report_2026-06-07_12_15PM.pdf
2026-08-14 19:31:36,185 INFO Skipped non-substantive snapshot (no date/matchup pairs): timestamp=2026-06-07T00:30:00 source_url=https://ak-static.cms.nba.com/referee/injury/Injury-Report_2026-06-07_12_30AM.pdf
2026-08-14 19:31:36,190 INFO Skipped non-substantive snapshot (no date/matchup pairs): timestamp=2026-06-07T12:30:00 source_url=https://ak-static.cms.nba.com/referee/injury/Injury-Report_2026-06-07_12_30PM.pdf
2026-08-14 19:31:36,194 INFO Skipped non-substantive snapshot (no date/matchup pairs): timestamp=2026-06-07T00:45:00 source_url=https://ak-static.cms.nba.com/referee/injury/Injury-Report_2026-06-07_12_45AM.pdf
2026-08-14 19:31:36,199 INFO Skipped non-substantive snapshot (no date/matchup pairs): timestamp=2026-06-07T12:45:00 source_url=https://ak-static.cms.nba.com/referee/injury/Injury-Report_2026-06-07_12_45PM.pdf
2026-08-14 19:31:36,199 INFO Direct NBA day 56/123: 2026-06-07, 96 discovered -> 1 selected
2026-08-14 19:35:21,195 INFO Direct NBA day 57/123: 2026-06-08, 96 discovered -> 1 selected
2026-08-14 19:35:21,812 INFO NBA backfill checkpoint processed=1/1 parsed=1 missing=0 http_failed=0 invalid_pdf=0 parse_failed=0
2026-08-14 19:35:23,788 INFO Suppressed 1 entries from older reports for games superseded by newer snapshots on 2026-06-08
2026-08-14 19:39:14,115 INFO Skipped non-substantive snapshot (no date/matchup pairs): timestamp=2026-06-09T01:00:00 source_url=https://ak-static.cms.nba.com/referee/injury/Injury-Report_2026-06-09_01_00AM.pdf
2026-08-14 19:39:14,123 INFO Skipped non-substantive snapshot (no date/matchup pairs): timestamp=2026-06-09T13:00:00 source_url=https://ak-static.cms.nba.com/referee/injury/Injury-Report_2026-06-09_01_00PM.pdf
2026-08-14 19:39:14,131 INFO Skipped non-substantive snapshot (no date/matchup pairs): timestamp=2026-06-09T01:15:00 source_url=https://ak-static.cms.nba.com/referee/injury/Injury-Report_2026-06-09_01_15AM.pdf
2026-08-14 19:39:14,138 INFO Skipped non-substantive snapshot (no date/matchup pairs): timestamp=2026-06-09T13:15:00 source_url=https://ak-static.cms.nba.com/referee/injury/Injury-Report_2026-06-09_01_15PM.pdf
2026-08-14 19:39:14,144 INFO Skipped non-substantive snapshot (no date/matchup pairs): timestamp=2026-06-09T01:30:00 source_url=https://ak-static.cms.nba.com/referee/injury/Injury-Report_2026-06-09_01_30AM.pdf
2026-08-14 19:39:14,150 INFO Skipped non-substantive snapshot (no date/matchup pairs): timestamp=2026-06-09T13:30:00 source_url=https://ak-static.cms.nba.com/referee/injury/Injury-Report_2026-06-09_01_30PM.pdf
2026-08-14 19:39:14,156 INFO Skipped non-substantive snapshot (no date/matchup pairs): timestamp=2026-06-09T01:45:00 source_url=https://ak-static.cms.nba.com/referee/injury/Injury-Report_2026-06-09_01_45AM.pdf
2026-08-14 19:39:14,161 INFO Skipped non-substantive snapshot (no date/matchup pairs): timestamp=2026-06-09T13:45:00 source_url=https://ak-static.cms.nba.com/referee/injury/Injury-Report_2026-06-09_01_45PM.pdf
2026-08-14 19:39:14,167 INFO Skipped non-substantive snapshot (no date/matchup pairs): timestamp=2026-06-09T02:00:00 source_url=https://ak-static.cms.nba.com/referee/injury/Injury-Report_2026-06-09_02_00AM.pdf
2026-08-14 19:39:14,172 INFO Skipped non-substantive snapshot (no date/matchup pairs): timestamp=2026-06-09T14:00:00 source_url=https://ak-static.cms.nba.com/referee/injury/Injury-Report_2026-06-09_02_00PM.pdf
2026-08-14 19:39:14,177 INFO Skipped non-substantive snapshot (no date/matchup pairs): timestamp=2026-06-09T02:15:00 source_url=https://ak-static.cms.nba.com/referee/injury/Injury-Report_2026-06-09_02_15AM.pdf
2026-08-14 19:39:14,182 INFO Skipped non-substantive snapshot (no date/matchup pairs): timestamp=2026-06-09T14:15:00 source_url=https://ak-static.cms.nba.com/referee/injury/Injury-Report_2026-06-09_02_15PM.pdf
2026-08-14 19:39:14,187 INFO Skipped non-substantive snapshot (no date/matchup pairs): timestamp=2026-06-09T02:30:00 source_url=https://ak-static.cms.nba.com/referee/injury/Injury-Report_2026-06-09_02_30AM.pdf
2026-08-14 19:39:14,192 INFO Skipped non-substantive snapshot (no date/matchup pairs): timestamp=2026-06-09T14:30:00 source_url=https://ak-static.cms.nba.com/referee/injury/Injury-Report_2026-06-09_02_30PM.pdf
2026-08-14 19:39:14,197 INFO Skipped non-substantive snapshot (no date/matchup pairs): timestamp=2026-06-09T02:45:00 source_url=https://ak-static.cms.nba.com/referee/injury/Injury-Report_2026-06-09_02_45AM.pdf
2026-08-14 19:39:14,203 INFO Skipped non-substantive snapshot (no date/matchup pairs): timestamp=2026-06-09T14:45:00 source_url=https://ak-static.cms.nba.com/referee/injury/Injury-Report_2026-06-09_02_45PM.pdf
2026-08-14 19:39:14,208 INFO Skipped non-substantive snapshot (no date/matchup pairs): timestamp=2026-06-09T03:00:00 source_url=https://ak-static.cms.nba.com/referee/injury/Injury-Report_2026-06-09_03_00AM.pdf
2026-08-14 19:39:14,212 INFO Skipped non-substantive snapshot (no date/matchup pairs): timestamp=2026-06-09T15:00:00 source_url=https://ak-static.cms.nba.com/referee/injury/Injury-Report_2026-06-09_03_00PM.pdf
2026-08-14 19:39:14,217 INFO Skipped non-substantive snapshot (no date/matchup pairs): timestamp=2026-06-09T03:15:00 source_url=https://ak-static.cms.nba.com/referee/injury/Injury-Report_2026-06-09_03_15AM.pdf
2026-08-14 19:39:14,222 INFO Skipped non-substantive snapshot (no date/matchup pairs): timestamp=2026-06-09T15:15:00 source_url=https://ak-static.cms.nba.com/referee/injury/Injury-Report_2026-06-09_03_15PM.pdf
2026-08-14 19:39:14,226 INFO Skipped non-substantive snapshot (no date/matchup pairs): timestamp=2026-06-09T03:30:00 source_url=https://ak-static.cms.nba.com/referee/injury/Injury-Report_2026-06-09_03_30AM.pdf
2026-08-14 19:39:14,231 INFO Skipped non-substantive snapshot (no date/matchup pairs): timestamp=2026-06-09T15:30:00 source_url=https://ak-static.cms.nba.com/referee/injury/Injury-Report_2026-06-09_03_30PM.pdf
2026-08-14 19:39:14,236 INFO Skipped non-substantive snapshot (no date/matchup pairs): timestamp=2026-06-09T03:45:00 source_url=https://ak-static.cms.nba.com/referee/injury/Injury-Report_2026-06-09_03_45AM.pdf
2026-08-14 19:39:14,241 INFO Skipped non-substantive snapshot (no date/matchup pairs): timestamp=2026-06-09T15:45:00 source_url=https://ak-static.cms.nba.com/referee/injury/Injury-Report_2026-06-09_03_45PM.pdf
2026-08-14 19:39:14,245 INFO Skipped non-substantive snapshot (no date/matchup pairs): timestamp=2026-06-09T04:00:00 source_url=https://ak-static.cms.nba.com/referee/injury/Injury-Report_2026-06-09_04_00AM.pdf
2026-08-14 19:39:14,250 INFO Skipped non-substantive snapshot (no date/matchup pairs): timestamp=2026-06-09T16:00:00 source_url=https://ak-static.cms.nba.com/referee/injury/Injury-Report_2026-06-09_04_00PM.pdf
2026-08-14 19:39:14,255 INFO Skipped non-substantive snapshot (no date/matchup pairs): timestamp=2026-06-09T04:15:00 source_url=https://ak-static.cms.nba.com/referee/injury/Injury-Report_2026-06-09_04_15AM.pdf
2026-08-14 19:39:14,259 INFO Skipped non-substantive snapshot (no date/matchup pairs): timestamp=2026-06-09T16:15:00 source_url=https://ak-static.cms.nba.com/referee/injury/Injury-Report_2026-06-09_04_15PM.pdf
2026-08-14 19:39:14,264 INFO Skipped non-substantive snapshot (no date/matchup pairs): timestamp=2026-06-09T04:30:00 source_url=https://ak-static.cms.nba.com/referee/injury/Injury-Report_2026-06-09_04_30AM.pdf
2026-08-14 19:39:14,269 INFO Skipped non-substantive snapshot (no date/matchup pairs): timestamp=2026-06-09T16:30:00 source_url=https://ak-static.cms.nba.com/referee/injury/Injury-Report_2026-06-09_04_30PM.pdf
2026-08-14 19:39:14,274 INFO Skipped non-substantive snapshot (no date/matchup pairs): timestamp=2026-06-09T04:45:00 source_url=https://ak-static.cms.nba.com/referee/injury/Injury-Report_2026-06-09_04_45AM.pdf
2026-08-14 19:39:14,278 INFO Skipped non-substantive snapshot (no date/matchup pairs): timestamp=2026-06-09T16:45:00 source_url=https://ak-static.cms.nba.com/referee/injury/Injury-Report_2026-06-09_04_45PM.pdf
2026-08-14 19:39:14,283 INFO Skipped non-substantive snapshot (no date/matchup pairs): timestamp=2026-06-09T05:00:00 source_url=https://ak-static.cms.nba.com/referee/injury/Injury-Report_2026-06-09_05_00AM.pdf
2026-08-14 19:39:14,293 INFO Skipped non-substantive snapshot (no date/matchup pairs): timestamp=2026-06-09T05:15:00 source_url=https://ak-static.cms.nba.com/referee/injury/Injury-Report_2026-06-09_05_15AM.pdf
2026-08-14 19:39:14,303 INFO Skipped non-substantive snapshot (no date/matchup pairs): timestamp=2026-06-09T05:30:00 source_url=https://ak-static.cms.nba.com/referee/injury/Injury-Report_2026-06-09_05_30AM.pdf
2026-08-14 19:39:14,314 INFO Skipped non-substantive snapshot (no date/matchup pairs): timestamp=2026-06-09T05:45:00 source_url=https://ak-static.cms.nba.com/referee/injury/Injury-Report_2026-06-09_05_45AM.pdf
2026-08-14 19:39:14,323 INFO Skipped non-substantive snapshot (no date/matchup pairs): timestamp=2026-06-09T06:00:00 source_url=https://ak-static.cms.nba.com/referee/injury/Injury-Report_2026-06-09_06_00AM.pdf
2026-08-14 19:39:14,333 INFO Skipped non-substantive snapshot (no date/matchup pairs): timestamp=2026-06-09T06:15:00 source_url=https://ak-static.cms.nba.com/referee/injury/Injury-Report_2026-06-09_06_15AM.pdf
2026-08-14 19:39:14,342 INFO Skipped non-substantive snapshot (no date/matchup pairs): timestamp=2026-06-09T06:30:00 source_url=https://ak-static.cms.nba.com/referee/injury/Injury-Report_2026-06-09_06_30AM.pdf
2026-08-14 19:39:14,352 INFO Skipped non-substantive snapshot (no date/matchup pairs): timestamp=2026-06-09T06:45:00 source_url=https://ak-static.cms.nba.com/referee/injury/Injury-Report_2026-06-09_06_45AM.pdf
2026-08-14 19:39:14,361 INFO Skipped non-substantive snapshot (no date/matchup pairs): timestamp=2026-06-09T07:00:00 source_url=https://ak-static.cms.nba.com/referee/injury/Injury-Report_2026-06-09_07_00AM.pdf
2026-08-14 19:39:14,371 INFO Skipped non-substantive snapshot (no date/matchup pairs): timestamp=2026-06-09T07:15:00 source_url=https://ak-static.cms.nba.com/referee/injury/Injury-Report_2026-06-09_07_15AM.pdf
2026-08-14 19:39:14,380 INFO Skipped non-substantive snapshot (no date/matchup pairs): timestamp=2026-06-09T07:30:00 source_url=https://ak-static.cms.nba.com/referee/injury/Injury-Report_2026-06-09_07_30AM.pdf
2026-08-14 19:39:14,389 INFO Skipped non-substantive snapshot (no date/matchup pairs): timestamp=2026-06-09T07:45:00 source_url=https://ak-static.cms.nba.com/referee/injury/Injury-Report_2026-06-09_07_45AM.pdf
2026-08-14 19:39:14,401 INFO Skipped non-substantive snapshot (no date/matchup pairs): timestamp=2026-06-09T08:00:00 source_url=https://ak-static.cms.nba.com/referee/injury/Injury-Report_2026-06-09_08_00AM.pdf
2026-08-14 19:39:14,410 INFO Skipped non-substantive snapshot (no date/matchup pairs): timestamp=2026-06-09T08:15:00 source_url=https://ak-static.cms.nba.com/referee/injury/Injury-Report_2026-06-09_08_15AM.pdf
2026-08-14 19:39:14,420 INFO Skipped non-substantive snapshot (no date/matchup pairs): timestamp=2026-06-09T08:30:00 source_url=https://ak-static.cms.nba.com/referee/injury/Injury-Report_2026-06-09_08_30AM.pdf
2026-08-14 19:39:14,429 INFO Skipped non-substantive snapshot (no date/matchup pairs): timestamp=2026-06-09T08:45:00 source_url=https://ak-static.cms.nba.com/referee/injury/Injury-Report_2026-06-09_08_45AM.pdf
2026-08-14 19:39:14,438 INFO Skipped non-substantive snapshot (no date/matchup pairs): timestamp=2026-06-09T09:00:00 source_url=https://ak-static.cms.nba.com/referee/injury/Injury-Report_2026-06-09_09_00AM.pdf
2026-08-14 19:39:14,448 INFO Skipped non-substantive snapshot (no date/matchup pairs): timestamp=2026-06-09T09:15:00 source_url=https://ak-static.cms.nba.com/referee/injury/Injury-Report_2026-06-09_09_15AM.pdf
2026-08-14 19:39:14,457 INFO Skipped non-substantive snapshot (no date/matchup pairs): timestamp=2026-06-09T09:30:00 source_url=https://ak-static.cms.nba.com/referee/injury/Injury-Report_2026-06-09_09_30AM.pdf
2026-08-14 19:39:14,467 INFO Skipped non-substantive snapshot (no date/matchup pairs): timestamp=2026-06-09T09:45:00 source_url=https://ak-static.cms.nba.com/referee/injury/Injury-Report_2026-06-09_09_45AM.pdf
2026-08-14 19:39:14,476 INFO Skipped non-substantive snapshot (no date/matchup pairs): timestamp=2026-06-09T10:00:00 source_url=https://ak-static.cms.nba.com/referee/injury/Injury-Report_2026-06-09_10_00AM.pdf
2026-08-14 19:39:14,485 INFO Skipped non-substantive snapshot (no date/matchup pairs): timestamp=2026-06-09T10:15:00 source_url=https://ak-static.cms.nba.com/referee/injury/Injury-Report_2026-06-09_10_15AM.pdf
2026-08-14 19:39:14,496 INFO Skipped non-substantive snapshot (no date/matchup pairs): timestamp=2026-06-09T10:30:00 source_url=https://ak-static.cms.nba.com/referee/injury/Injury-Report_2026-06-09_10_30AM.pdf
2026-08-14 19:39:14,506 INFO Skipped non-substantive snapshot (no date/matchup pairs): timestamp=2026-06-09T10:45:00 source_url=https://ak-static.cms.nba.com/referee/injury/Injury-Report_2026-06-09_10_45AM.pdf
2026-08-14 19:39:14,515 INFO Skipped non-substantive snapshot (no date/matchup pairs): timestamp=2026-06-09T11:00:00 source_url=https://ak-static.cms.nba.com/referee/injury/Injury-Report_2026-06-09_11_00AM.pdf
2026-08-14 19:39:14,525 INFO Skipped non-substantive snapshot (no date/matchup pairs): timestamp=2026-06-09T11:15:00 source_url=https://ak-static.cms.nba.com/referee/injury/Injury-Report_2026-06-09_11_15AM.pdf
2026-08-14 19:39:14,534 INFO Skipped non-substantive snapshot (no date/matchup pairs): timestamp=2026-06-09T11:30:00 source_url=https://ak-static.cms.nba.com/referee/injury/Injury-Report_2026-06-09_11_30AM.pdf
2026-08-14 19:39:14,544 INFO Skipped non-substantive snapshot (no date/matchup pairs): timestamp=2026-06-09T11:45:00 source_url=https://ak-static.cms.nba.com/referee/injury/Injury-Report_2026-06-09_11_45AM.pdf
2026-08-14 19:39:14,553 INFO Skipped non-substantive snapshot (no date/matchup pairs): timestamp=2026-06-09T00:00:00 source_url=https://ak-static.cms.nba.com/referee/injury/Injury-Report_2026-06-09_12_00AM.pdf
2026-08-14 19:39:14,558 INFO Skipped non-substantive snapshot (no date/matchup pairs): timestamp=2026-06-09T12:00:00 source_url=https://ak-static.cms.nba.com/referee/injury/Injury-Report_2026-06-09_12_00PM.pdf
2026-08-14 19:39:14,563 INFO Skipped non-substantive snapshot (no date/matchup pairs): timestamp=2026-06-09T00:15:00 source_url=https://ak-static.cms.nba.com/referee/injury/Injury-Report_2026-06-09_12_15AM.pdf
2026-08-14 19:39:14,567 INFO Skipped non-substantive snapshot (no date/matchup pairs): timestamp=2026-06-09T12:15:00 source_url=https://ak-static.cms.nba.com/referee/injury/Injury-Report_2026-06-09_12_15PM.pdf
2026-08-14 19:39:14,572 INFO Skipped non-substantive snapshot (no date/matchup pairs): timestamp=2026-06-09T00:30:00 source_url=https://ak-static.cms.nba.com/referee/injury/Injury-Report_2026-06-09_12_30AM.pdf
2026-08-14 19:39:14,577 INFO Skipped non-substantive snapshot (no date/matchup pairs): timestamp=2026-06-09T12:30:00 source_url=https://ak-static.cms.nba.com/referee/injury/Injury-Report_2026-06-09_12_30PM.pdf
2026-08-14 19:39:14,581 INFO Skipped non-substantive snapshot (no date/matchup pairs): timestamp=2026-06-09T00:45:00 source_url=https://ak-static.cms.nba.com/referee/injury/Injury-Report_2026-06-09_12_45AM.pdf
2026-08-14 19:39:14,588 INFO Skipped non-substantive snapshot (no date/matchup pairs): timestamp=2026-06-09T12:45:00 source_url=https://ak-static.cms.nba.com/referee/injury/Injury-Report_2026-06-09_12_45PM.pdf
2026-08-14 19:39:14,588 INFO Direct NBA day 58/123: 2026-06-09, 96 discovered -> 1 selected
2026-08-14 19:39:15,224 INFO NBA backfill checkpoint processed=1/1 parsed=1 missing=0 http_failed=0 invalid_pdf=0 parse_failed=0
2026-08-14 19:43:08,683 INFO Direct NBA day 59/123: 2026-06-10, 96 discovered -> 1 selected
2026-08-14 19:43:09,290 INFO NBA backfill checkpoint processed=1/1 parsed=1 missing=0 http_failed=0 invalid_pdf=0 parse_failed=0
2026-08-14 19:43:11,281 INFO Suppressed 1 entries from older reports for games superseded by newer snapshots on 2026-06-10
2026-08-14 19:44:58,515 INFO Direct NBA day 60/123: 2026-06-11, 0 discovered -> 0 selected
2026-08-14 19:48:44,177 INFO Skipped non-substantive snapshot (no date/matchup pairs): timestamp=2026-06-12T01:00:00 source_url=https://ak-static.cms.nba.com/referee/injury/Injury-Report_2026-06-12_01_00AM.pdf
2026-08-14 19:48:44,187 INFO Skipped non-substantive snapshot (no date/matchup pairs): timestamp=2026-06-12T13:00:00 source_url=https://ak-static.cms.nba.com/referee/injury/Injury-Report_2026-06-12_01_00PM.pdf
2026-08-14 19:48:44,195 INFO Skipped non-substantive snapshot (no date/matchup pairs): timestamp=2026-06-12T01:15:00 source_url=https://ak-static.cms.nba.com/referee/injury/Injury-Report_2026-06-12_01_15AM.pdf
2026-08-14 19:48:44,202 INFO Skipped non-substantive snapshot (no date/matchup pairs): timestamp=2026-06-12T13:15:00 source_url=https://ak-static.cms.nba.com/referee/injury/Injury-Report_2026-06-12_01_15PM.pdf
2026-08-14 19:48:44,208 INFO Skipped non-substantive snapshot (no date/matchup pairs): timestamp=2026-06-12T01:30:00 source_url=https://ak-static.cms.nba.com/referee/injury/Injury-Report_2026-06-12_01_30AM.pdf
2026-08-14 19:48:44,214 INFO Skipped non-substantive snapshot (no date/matchup pairs): timestamp=2026-06-12T13:30:00 source_url=https://ak-static.cms.nba.com/referee/injury/Injury-Report_2026-06-12_01_30PM.pdf
2026-08-14 19:48:44,220 INFO Skipped non-substantive snapshot (no date/matchup pairs): timestamp=2026-06-12T01:45:00 source_url=https://ak-static.cms.nba.com/referee/injury/Injury-Report_2026-06-12_01_45AM.pdf
2026-08-14 19:48:44,226 INFO Skipped non-substantive snapshot (no date/matchup pairs): timestamp=2026-06-12T13:45:00 source_url=https://ak-static.cms.nba.com/referee/injury/Injury-Report_2026-06-12_01_45PM.pdf
2026-08-14 19:48:44,231 INFO Skipped non-substantive snapshot (no date/matchup pairs): timestamp=2026-06-12T02:00:00 source_url=https://ak-static.cms.nba.com/referee/injury/Injury-Report_2026-06-12_02_00AM.pdf
2026-08-14 19:48:44,236 INFO Skipped non-substantive snapshot (no date/matchup pairs): timestamp=2026-06-12T14:00:00 source_url=https://ak-static.cms.nba.com/referee/injury/Injury-Report_2026-06-12_02_00PM.pdf
2026-08-14 19:48:44,241 INFO Skipped non-substantive snapshot (no date/matchup pairs): timestamp=2026-06-12T02:15:00 source_url=https://ak-static.cms.nba.com/referee/injury/Injury-Report_2026-06-12_02_15AM.pdf
2026-08-14 19:48:44,248 INFO Skipped non-substantive snapshot (no date/matchup pairs): timestamp=2026-06-12T14:15:00 source_url=https://ak-static.cms.nba.com/referee/injury/Injury-Report_2026-06-12_02_15PM.pdf
2026-08-14 19:48:44,253 INFO Skipped non-substantive snapshot (no date/matchup pairs): timestamp=2026-06-12T02:30:00 source_url=https://ak-static.cms.nba.com/referee/injury/Injury-Report_2026-06-12_02_30AM.pdf
2026-08-14 19:48:44,258 INFO Skipped non-substantive snapshot (no date/matchup pairs): timestamp=2026-06-12T14:30:00 source_url=https://ak-static.cms.nba.com/referee/injury/Injury-Report_2026-06-12_02_30PM.pdf
2026-08-14 19:48:44,262 INFO Skipped non-substantive snapshot (no date/matchup pairs): timestamp=2026-06-12T02:45:00 source_url=https://ak-static.cms.nba.com/referee/injury/Injury-Report_2026-06-12_02_45AM.pdf
2026-08-14 19:48:44,267 INFO Skipped non-substantive snapshot (no date/matchup pairs): timestamp=2026-06-12T14:45:00 source_url=https://ak-static.cms.nba.com/referee/injury/Injury-Report_2026-06-12_02_45PM.pdf
2026-08-14 19:48:44,272 INFO Skipped non-substantive snapshot (no date/matchup pairs): timestamp=2026-06-12T03:00:00 source_url=https://ak-static.cms.nba.com/referee/injury/Injury-Report_2026-06-12_03_00AM.pdf
2026-08-14 19:48:44,276 INFO Skipped non-substantive snapshot (no date/matchup pairs): timestamp=2026-06-12T15:00:00 source_url=https://ak-static.cms.nba.com/referee/injury/Injury-Report_2026-06-12_03_00PM.pdf
2026-08-14 19:48:44,281 INFO Skipped non-substantive snapshot (no date/matchup pairs): timestamp=2026-06-12T03:15:00 source_url=https://ak-static.cms.nba.com/referee/injury/Injury-Report_2026-06-12_03_15AM.pdf
2026-08-14 19:48:44,286 INFO Skipped non-substantive snapshot (no date/matchup pairs): timestamp=2026-06-12T15:15:00 source_url=https://ak-static.cms.nba.com/referee/injury/Injury-Report_2026-06-12_03_15PM.pdf
2026-08-14 19:48:44,291 INFO Skipped non-substantive snapshot (no date/matchup pairs): timestamp=2026-06-12T03:30:00 source_url=https://ak-static.cms.nba.com/referee/injury/Injury-Report_2026-06-12_03_30AM.pdf
2026-08-14 19:48:44,296 INFO Skipped non-substantive snapshot (no date/matchup pairs): timestamp=2026-06-12T15:30:00 source_url=https://ak-static.cms.nba.com/referee/injury/Injury-Report_2026-06-12_03_30PM.pdf
2026-08-14 19:48:44,300 INFO Skipped non-substantive snapshot (no date/matchup pairs): timestamp=2026-06-12T03:45:00 source_url=https://ak-static.cms.nba.com/referee/injury/Injury-Report_2026-06-12_03_45AM.pdf
2026-08-14 19:48:44,305 INFO Skipped non-substantive snapshot (no date/matchup pairs): timestamp=2026-06-12T15:45:00 source_url=https://ak-static.cms.nba.com/referee/injury/Injury-Report_2026-06-12_03_45PM.pdf
2026-08-14 19:48:44,310 INFO Skipped non-substantive snapshot (no date/matchup pairs): timestamp=2026-06-12T04:00:00 source_url=https://ak-static.cms.nba.com/referee/injury/Injury-Report_2026-06-12_04_00AM.pdf
2026-08-14 19:48:44,315 INFO Skipped non-substantive snapshot (no date/matchup pairs): timestamp=2026-06-12T16:00:00 source_url=https://ak-static.cms.nba.com/referee/injury/Injury-Report_2026-06-12_04_00PM.pdf
2026-08-14 19:48:44,319 INFO Skipped non-substantive snapshot (no date/matchup pairs): timestamp=2026-06-12T04:15:00 source_url=https://ak-static.cms.nba.com/referee/injury/Injury-Report_2026-06-12_04_15AM.pdf
2026-08-14 19:48:44,324 INFO Skipped non-substantive snapshot (no date/matchup pairs): timestamp=2026-06-12T16:15:00 source_url=https://ak-static.cms.nba.com/referee/injury/Injury-Report_2026-06-12_04_15PM.pdf
2026-08-14 19:48:44,329 INFO Skipped non-substantive snapshot (no date/matchup pairs): timestamp=2026-06-12T04:30:00 source_url=https://ak-static.cms.nba.com/referee/injury/Injury-Report_2026-06-12_04_30AM.pdf
2026-08-14 19:48:44,333 INFO Skipped non-substantive snapshot (no date/matchup pairs): timestamp=2026-06-12T16:30:00 source_url=https://ak-static.cms.nba.com/referee/injury/Injury-Report_2026-06-12_04_30PM.pdf
2026-08-14 19:48:44,338 INFO Skipped non-substantive snapshot (no date/matchup pairs): timestamp=2026-06-12T04:45:00 source_url=https://ak-static.cms.nba.com/referee/injury/Injury-Report_2026-06-12_04_45AM.pdf
2026-08-14 19:48:44,343 INFO Skipped non-substantive snapshot (no date/matchup pairs): timestamp=2026-06-12T16:45:00 source_url=https://ak-static.cms.nba.com/referee/injury/Injury-Report_2026-06-12_04_45PM.pdf
2026-08-14 19:48:44,349 INFO Skipped non-substantive snapshot (no date/matchup pairs): timestamp=2026-06-12T05:00:00 source_url=https://ak-static.cms.nba.com/referee/injury/Injury-Report_2026-06-12_05_00AM.pdf
2026-08-14 19:48:44,354 INFO Skipped non-substantive snapshot (no date/matchup pairs): timestamp=2026-06-12T17:00:00 source_url=https://ak-static.cms.nba.com/referee/injury/Injury-Report_2026-06-12_05_00PM.pdf
2026-08-14 19:48:44,358 INFO Skipped non-substantive snapshot (no date/matchup pairs): timestamp=2026-06-12T05:15:00 source_url=https://ak-static.cms.nba.com/referee/injury/Injury-Report_2026-06-12_05_15AM.pdf
2026-08-14 19:48:44,369 INFO Skipped non-substantive snapshot (no date/matchup pairs): timestamp=2026-06-12T05:30:00 source_url=https://ak-static.cms.nba.com/referee/injury/Injury-Report_2026-06-12_05_30AM.pdf
2026-08-14 19:48:44,379 INFO Skipped non-substantive snapshot (no date/matchup pairs): timestamp=2026-06-12T05:45:00 source_url=https://ak-static.cms.nba.com/referee/injury/Injury-Report_2026-06-12_05_45AM.pdf
2026-08-14 19:48:44,389 INFO Skipped non-substantive snapshot (no date/matchup pairs): timestamp=2026-06-12T06:00:00 source_url=https://ak-static.cms.nba.com/referee/injury/Injury-Report_2026-06-12_06_00AM.pdf
2026-08-14 19:48:44,400 INFO Skipped non-substantive snapshot (no date/matchup pairs): timestamp=2026-06-12T06:15:00 source_url=https://ak-static.cms.nba.com/referee/injury/Injury-Report_2026-06-12_06_15AM.pdf
2026-08-14 19:48:44,410 INFO Skipped non-substantive snapshot (no date/matchup pairs): timestamp=2026-06-12T06:30:00 source_url=https://ak-static.cms.nba.com/referee/injury/Injury-Report_2026-06-12_06_30AM.pdf
2026-08-14 19:48:44,421 INFO Skipped non-substantive snapshot (no date/matchup pairs): timestamp=2026-06-12T06:45:00 source_url=https://ak-static.cms.nba.com/referee/injury/Injury-Report_2026-06-12_06_45AM.pdf
2026-08-14 19:48:44,433 INFO Skipped non-substantive snapshot (no date/matchup pairs): timestamp=2026-06-12T07:00:00 source_url=https://ak-static.cms.nba.com/referee/injury/Injury-Report_2026-06-12_07_00AM.pdf
2026-08-14 19:48:44,443 INFO Skipped non-substantive snapshot (no date/matchup pairs): timestamp=2026-06-12T07:15:00 source_url=https://ak-static.cms.nba.com/referee/injury/Injury-Report_2026-06-12_07_15AM.pdf
2026-08-14 19:48:44,453 INFO Skipped non-substantive snapshot (no date/matchup pairs): timestamp=2026-06-12T07:30:00 source_url=https://ak-static.cms.nba.com/referee/injury/Injury-Report_2026-06-12_07_30AM.pdf
2026-08-14 19:48:44,464 INFO Skipped non-substantive snapshot (no date/matchup pairs): timestamp=2026-06-12T07:45:00 source_url=https://ak-static.cms.nba.com/referee/injury/Injury-Report_2026-06-12_07_45AM.pdf
2026-08-14 19:48:44,474 INFO Skipped non-substantive snapshot (no date/matchup pairs): timestamp=2026-06-12T08:00:00 source_url=https://ak-static.cms.nba.com/referee/injury/Injury-Report_2026-06-12_08_00AM.pdf
2026-08-14 19:48:44,485 INFO Skipped non-substantive snapshot (no date/matchup pairs): timestamp=2026-06-12T08:15:00 source_url=https://ak-static.cms.nba.com/referee/injury/Injury-Report_2026-06-12_08_15AM.pdf
2026-08-14 19:48:44,495 INFO Skipped non-substantive snapshot (no date/matchup pairs): timestamp=2026-06-12T08:30:00 source_url=https://ak-static.cms.nba.com/referee/injury/Injury-Report_2026-06-12_08_30AM.pdf
2026-08-14 19:48:44,505 INFO Skipped non-substantive snapshot (no date/matchup pairs): timestamp=2026-06-12T08:45:00 source_url=https://ak-static.cms.nba.com/referee/injury/Injury-Report_2026-06-12_08_45AM.pdf
2026-08-14 19:48:44,515 INFO Skipped non-substantive snapshot (no date/matchup pairs): timestamp=2026-06-12T09:00:00 source_url=https://ak-static.cms.nba.com/referee/injury/Injury-Report_2026-06-12_09_00AM.pdf
2026-08-14 19:48:44,527 INFO Skipped non-substantive snapshot (no date/matchup pairs): timestamp=2026-06-12T09:15:00 source_url=https://ak-static.cms.nba.com/referee/injury/Injury-Report_2026-06-12_09_15AM.pdf
2026-08-14 19:48:44,538 INFO Skipped non-substantive snapshot (no date/matchup pairs): timestamp=2026-06-12T09:30:00 source_url=https://ak-static.cms.nba.com/referee/injury/Injury-Report_2026-06-12_09_30AM.pdf
2026-08-14 19:48:44,548 INFO Skipped non-substantive snapshot (no date/matchup pairs): timestamp=2026-06-12T09:45:00 source_url=https://ak-static.cms.nba.com/referee/injury/Injury-Report_2026-06-12_09_45AM.pdf
2026-08-14 19:48:44,558 INFO Skipped non-substantive snapshot (no date/matchup pairs): timestamp=2026-06-12T10:00:00 source_url=https://ak-static.cms.nba.com/referee/injury/Injury-Report_2026-06-12_10_00AM.pdf
2026-08-14 19:48:44,569 INFO Skipped non-substantive snapshot (no date/matchup pairs): timestamp=2026-06-12T10:15:00 source_url=https://ak-static.cms.nba.com/referee/injury/Injury-Report_2026-06-12_10_15AM.pdf
2026-08-14 19:48:44,579 INFO Skipped non-substantive snapshot (no date/matchup pairs): timestamp=2026-06-12T10:30:00 source_url=https://ak-static.cms.nba.com/referee/injury/Injury-Report_2026-06-12_10_30AM.pdf
2026-08-14 19:48:44,589 INFO Skipped non-substantive snapshot (no date/matchup pairs): timestamp=2026-06-12T10:45:00 source_url=https://ak-static.cms.nba.com/referee/injury/Injury-Report_2026-06-12_10_45AM.pdf
2026-08-14 19:48:44,600 INFO Skipped non-substantive snapshot (no date/matchup pairs): timestamp=2026-06-12T11:00:00 source_url=https://ak-static.cms.nba.com/referee/injury/Injury-Report_2026-06-12_11_00AM.pdf
2026-08-14 19:48:44,610 INFO Skipped non-substantive snapshot (no date/matchup pairs): timestamp=2026-06-12T11:15:00 source_url=https://ak-static.cms.nba.com/referee/injury/Injury-Report_2026-06-12_11_15AM.pdf
2026-08-14 19:48:44,622 INFO Skipped non-substantive snapshot (no date/matchup pairs): timestamp=2026-06-12T11:30:00 source_url=https://ak-static.cms.nba.com/referee/injury/Injury-Report_2026-06-12_11_30AM.pdf
2026-08-14 19:48:44,632 INFO Skipped non-substantive snapshot (no date/matchup pairs): timestamp=2026-06-12T11:45:00 source_url=https://ak-static.cms.nba.com/referee/injury/Injury-Report_2026-06-12_11_45AM.pdf
2026-08-14 19:48:44,643 INFO Skipped non-substantive snapshot (no date/matchup pairs): timestamp=2026-06-12T00:00:00 source_url=https://ak-static.cms.nba.com/referee/injury/Injury-Report_2026-06-12_12_00AM.pdf
2026-08-14 19:48:44,647 INFO Skipped non-substantive snapshot (no date/matchup pairs): timestamp=2026-06-12T12:00:00 source_url=https://ak-static.cms.nba.com/referee/injury/Injury-Report_2026-06-12_12_00PM.pdf
2026-08-14 19:48:44,652 INFO Skipped non-substantive snapshot (no date/matchup pairs): timestamp=2026-06-12T00:15:00 source_url=https://ak-static.cms.nba.com/referee/injury/Injury-Report_2026-06-12_12_15AM.pdf
2026-08-14 19:48:44,657 INFO Skipped non-substantive snapshot (no date/matchup pairs): timestamp=2026-06-12T12:15:00 source_url=https://ak-static.cms.nba.com/referee/injury/Injury-Report_2026-06-12_12_15PM.pdf
2026-08-14 19:48:44,661 INFO Skipped non-substantive snapshot (no date/matchup pairs): timestamp=2026-06-12T00:30:00 source_url=https://ak-static.cms.nba.com/referee/injury/Injury-Report_2026-06-12_12_30AM.pdf
2026-08-14 19:48:44,666 INFO Skipped non-substantive snapshot (no date/matchup pairs): timestamp=2026-06-12T12:30:00 source_url=https://ak-static.cms.nba.com/referee/injury/Injury-Report_2026-06-12_12_30PM.pdf
2026-08-14 19:48:44,671 INFO Skipped non-substantive snapshot (no date/matchup pairs): timestamp=2026-06-12T00:45:00 source_url=https://ak-static.cms.nba.com/referee/injury/Injury-Report_2026-06-12_12_45AM.pdf
2026-08-14 19:48:44,675 INFO Skipped non-substantive snapshot (no date/matchup pairs): timestamp=2026-06-12T12:45:00 source_url=https://ak-static.cms.nba.com/referee/injury/Injury-Report_2026-06-12_12_45PM.pdf
2026-08-14 19:48:44,675 INFO Direct NBA day 61/123: 2026-06-12, 96 discovered -> 1 selected
2026-08-14 19:48:45,270 INFO NBA backfill checkpoint processed=1/1 parsed=1 missing=0 http_failed=0 invalid_pdf=0 parse_failed=0
2026-08-14 19:52:36,066 INFO Direct NBA day 62/123: 2026-06-13, 96 discovered -> 1 selected
2026-08-14 19:52:36,586 INFO NBA backfill checkpoint processed=1/1 parsed=1 missing=0 http_failed=0 invalid_pdf=0 parse_failed=0
2026-08-14 19:52:38,922 INFO Suppressed 2 entries from older reports for games superseded by newer snapshots on 2026-06-13
2026-08-14 19:54:26,507 INFO Direct NBA day 63/123: 2026-06-14, 0 discovered -> 0 selected
2026-08-14 19:56:14,115 INFO Direct NBA day 64/123: 2026-06-15, 0 discovered -> 0 selected
2026-08-14 19:58:01,377 INFO Direct NBA day 65/123: 2026-06-16, 0 discovered -> 0 selected
2026-08-14 19:59:47,699 INFO Direct NBA day 66/123: 2026-06-17, 0 discovered -> 0 selected
2026-08-14 20:01:35,622 INFO Direct NBA day 67/123: 2026-06-18, 0 discovered -> 0 selected
2026-08-14 20:03:22,314 INFO Direct NBA day 68/123: 2026-06-19, 0 discovered -> 0 selected
2026-08-14 20:05:10,061 INFO Direct NBA day 69/123: 2026-06-20, 0 discovered -> 0 selected
2026-08-14 20:06:56,931 INFO Direct NBA day 70/123: 2026-06-21, 0 discovered -> 0 selected
2026-08-14 20:08:43,983 INFO Direct NBA day 71/123: 2026-06-22, 0 discovered -> 0 selected
2026-08-14 20:10:31,814 INFO Direct NBA day 72/123: 2026-06-23, 0 discovered -> 0 selected
2026-08-14 20:12:18,274 INFO Direct NBA day 73/123: 2026-06-24, 0 discovered -> 0 selected
2026-08-14 20:14:05,189 INFO Direct NBA day 74/123: 2026-06-25, 0 discovered -> 0 selected
2026-08-14 20:15:52,281 INFO Direct NBA day 75/123: 2026-06-26, 0 discovered -> 0 selected
2026-08-14 20:17:40,448 INFO Direct NBA day 76/123: 2026-06-27, 0 discovered -> 0 selected
2026-08-14 20:19:27,445 INFO Direct NBA day 77/123: 2026-06-28, 0 discovered -> 0 selected
2026-08-14 20:21:14,963 INFO Direct NBA day 78/123: 2026-06-29, 0 discovered -> 0 selected
2026-08-14 20:23:03,505 INFO Direct NBA day 79/123: 2026-06-30, 0 discovered -> 0 selected
2026-08-14 20:24:50,644 INFO Direct NBA day 80/123: 2026-07-01, 0 discovered -> 0 selected
2026-08-14 20:26:38,056 INFO Direct NBA day 81/123: 2026-07-02, 0 discovered -> 0 selected
2026-08-14 20:30:25,332 INFO Skipped non-substantive snapshot (no date/matchup pairs): timestamp=2026-07-03T01:00:00 source_url=https://ak-static.cms.nba.com/referee/injury/Injury-Report_2026-07-03_01_00AM.pdf
2026-08-14 20:30:25,342 INFO Skipped non-substantive snapshot (no date/matchup pairs): timestamp=2026-07-03T13:00:00 source_url=https://ak-static.cms.nba.com/referee/injury/Injury-Report_2026-07-03_01_00PM.pdf
2026-08-14 20:30:25,351 INFO Skipped non-substantive snapshot (no date/matchup pairs): timestamp=2026-07-03T01:15:00 source_url=https://ak-static.cms.nba.com/referee/injury/Injury-Report_2026-07-03_01_15AM.pdf
2026-08-14 20:30:25,359 INFO Skipped non-substantive snapshot (no date/matchup pairs): timestamp=2026-07-03T13:15:00 source_url=https://ak-static.cms.nba.com/referee/injury/Injury-Report_2026-07-03_01_15PM.pdf
2026-08-14 20:30:25,367 INFO Skipped non-substantive snapshot (no date/matchup pairs): timestamp=2026-07-03T01:30:00 source_url=https://ak-static.cms.nba.com/referee/injury/Injury-Report_2026-07-03_01_30AM.pdf
2026-08-14 20:30:25,374 INFO Skipped non-substantive snapshot (no date/matchup pairs): timestamp=2026-07-03T13:30:00 source_url=https://ak-static.cms.nba.com/referee/injury/Injury-Report_2026-07-03_01_30PM.pdf
2026-08-14 20:30:25,381 INFO Skipped non-substantive snapshot (no date/matchup pairs): timestamp=2026-07-03T01:45:00 source_url=https://ak-static.cms.nba.com/referee/injury/Injury-Report_2026-07-03_01_45AM.pdf
2026-08-14 20:30:25,387 INFO Skipped non-substantive snapshot (no date/matchup pairs): timestamp=2026-07-03T13:45:00 source_url=https://ak-static.cms.nba.com/referee/injury/Injury-Report_2026-07-03_01_45PM.pdf
2026-08-14 20:30:25,394 INFO Skipped non-substantive snapshot (no date/matchup pairs): timestamp=2026-07-03T02:00:00 source_url=https://ak-static.cms.nba.com/referee/injury/Injury-Report_2026-07-03_02_00AM.pdf
2026-08-14 20:30:25,402 INFO Skipped non-substantive snapshot (no date/matchup pairs): timestamp=2026-07-03T14:00:00 source_url=https://ak-static.cms.nba.com/referee/injury/Injury-Report_2026-07-03_02_00PM.pdf
2026-08-14 20:30:25,408 INFO Skipped non-substantive snapshot (no date/matchup pairs): timestamp=2026-07-03T02:15:00 source_url=https://ak-static.cms.nba.com/referee/injury/Injury-Report_2026-07-03_02_15AM.pdf
2026-08-14 20:30:25,414 INFO Skipped non-substantive snapshot (no date/matchup pairs): timestamp=2026-07-03T14:15:00 source_url=https://ak-static.cms.nba.com/referee/injury/Injury-Report_2026-07-03_02_15PM.pdf
2026-08-14 20:30:25,420 INFO Skipped non-substantive snapshot (no date/matchup pairs): timestamp=2026-07-03T02:30:00 source_url=https://ak-static.cms.nba.com/referee/injury/Injury-Report_2026-07-03_02_30AM.pdf
2026-08-14 20:30:25,427 INFO Skipped non-substantive snapshot (no date/matchup pairs): timestamp=2026-07-03T14:30:00 source_url=https://ak-static.cms.nba.com/referee/injury/Injury-Report_2026-07-03_02_30PM.pdf
2026-08-14 20:30:25,433 INFO Skipped non-substantive snapshot (no date/matchup pairs): timestamp=2026-07-03T02:45:00 source_url=https://ak-static.cms.nba.com/referee/injury/Injury-Report_2026-07-03_02_45AM.pdf
2026-08-14 20:30:25,439 INFO Skipped non-substantive snapshot (no date/matchup pairs): timestamp=2026-07-03T14:45:00 source_url=https://ak-static.cms.nba.com/referee/injury/Injury-Report_2026-07-03_02_45PM.pdf
2026-08-14 20:30:25,445 INFO Skipped non-substantive snapshot (no date/matchup pairs): timestamp=2026-07-03T03:00:00 source_url=https://ak-static.cms.nba.com/referee/injury/Injury-Report_2026-07-03_03_00AM.pdf
2026-08-14 20:30:25,451 INFO Skipped non-substantive snapshot (no date/matchup pairs): timestamp=2026-07-03T15:00:00 source_url=https://ak-static.cms.nba.com/referee/injury/Injury-Report_2026-07-03_03_00PM.pdf
2026-08-14 20:30:25,457 INFO Skipped non-substantive snapshot (no date/matchup pairs): timestamp=2026-07-03T03:15:00 source_url=https://ak-static.cms.nba.com/referee/injury/Injury-Report_2026-07-03_03_15AM.pdf
2026-08-14 20:30:25,463 INFO Skipped non-substantive snapshot (no date/matchup pairs): timestamp=2026-07-03T15:15:00 source_url=https://ak-static.cms.nba.com/referee/injury/Injury-Report_2026-07-03_03_15PM.pdf
2026-08-14 20:30:25,469 INFO Skipped non-substantive snapshot (no date/matchup pairs): timestamp=2026-07-03T03:30:00 source_url=https://ak-static.cms.nba.com/referee/injury/Injury-Report_2026-07-03_03_30AM.pdf
2026-08-14 20:30:25,477 INFO Skipped non-substantive snapshot (no date/matchup pairs): timestamp=2026-07-03T15:30:00 source_url=https://ak-static.cms.nba.com/referee/injury/Injury-Report_2026-07-03_03_30PM.pdf
2026-08-14 20:30:25,483 INFO Skipped non-substantive snapshot (no date/matchup pairs): timestamp=2026-07-03T03:45:00 source_url=https://ak-static.cms.nba.com/referee/injury/Injury-Report_2026-07-03_03_45AM.pdf
2026-08-14 20:30:25,490 INFO Skipped non-substantive snapshot (no date/matchup pairs): timestamp=2026-07-03T15:45:00 source_url=https://ak-static.cms.nba.com/referee/injury/Injury-Report_2026-07-03_03_45PM.pdf
2026-08-14 20:30:25,495 INFO Skipped non-substantive snapshot (no date/matchup pairs): timestamp=2026-07-03T04:00:00 source_url=https://ak-static.cms.nba.com/referee/injury/Injury-Report_2026-07-03_04_00AM.pdf
2026-08-14 20:30:25,502 INFO Skipped non-substantive snapshot (no date/matchup pairs): timestamp=2026-07-03T16:00:00 source_url=https://ak-static.cms.nba.com/referee/injury/Injury-Report_2026-07-03_04_00PM.pdf
2026-08-14 20:30:25,508 INFO Skipped non-substantive snapshot (no date/matchup pairs): timestamp=2026-07-03T04:15:00 source_url=https://ak-static.cms.nba.com/referee/injury/Injury-Report_2026-07-03_04_15AM.pdf
2026-08-14 20:30:25,514 INFO Skipped non-substantive snapshot (no date/matchup pairs): timestamp=2026-07-03T16:15:00 source_url=https://ak-static.cms.nba.com/referee/injury/Injury-Report_2026-07-03_04_15PM.pdf
2026-08-14 20:30:25,520 INFO Skipped non-substantive snapshot (no date/matchup pairs): timestamp=2026-07-03T04:30:00 source_url=https://ak-static.cms.nba.com/referee/injury/Injury-Report_2026-07-03_04_30AM.pdf
2026-08-14 20:30:25,526 INFO Skipped non-substantive snapshot (no date/matchup pairs): timestamp=2026-07-03T16:30:00 source_url=https://ak-static.cms.nba.com/referee/injury/Injury-Report_2026-07-03_04_30PM.pdf
2026-08-14 20:30:25,532 INFO Skipped non-substantive snapshot (no date/matchup pairs): timestamp=2026-07-03T04:45:00 source_url=https://ak-static.cms.nba.com/referee/injury/Injury-Report_2026-07-03_04_45AM.pdf
2026-08-14 20:30:25,538 INFO Skipped non-substantive snapshot (no date/matchup pairs): timestamp=2026-07-03T16:45:00 source_url=https://ak-static.cms.nba.com/referee/injury/Injury-Report_2026-07-03_04_45PM.pdf
2026-08-14 20:30:25,544 INFO Skipped non-substantive snapshot (no date/matchup pairs): timestamp=2026-07-03T05:00:00 source_url=https://ak-static.cms.nba.com/referee/injury/Injury-Report_2026-07-03_05_00AM.pdf
2026-08-14 20:30:25,550 INFO Skipped non-substantive snapshot (no date/matchup pairs): timestamp=2026-07-03T17:00:00 source_url=https://ak-static.cms.nba.com/referee/injury/Injury-Report_2026-07-03_05_00PM.pdf
2026-08-14 20:30:25,558 INFO Skipped non-substantive snapshot (no date/matchup pairs): timestamp=2026-07-03T05:15:00 source_url=https://ak-static.cms.nba.com/referee/injury/Injury-Report_2026-07-03_05_15AM.pdf
2026-08-14 20:30:25,564 INFO Skipped non-substantive snapshot (no date/matchup pairs): timestamp=2026-07-03T17:15:00 source_url=https://ak-static.cms.nba.com/referee/injury/Injury-Report_2026-07-03_05_15PM.pdf
2026-08-14 20:30:25,571 INFO Skipped non-substantive snapshot (no date/matchup pairs): timestamp=2026-07-03T05:30:00 source_url=https://ak-static.cms.nba.com/referee/injury/Injury-Report_2026-07-03_05_30AM.pdf
2026-08-14 20:30:25,577 INFO Skipped non-substantive snapshot (no date/matchup pairs): timestamp=2026-07-03T17:30:00 source_url=https://ak-static.cms.nba.com/referee/injury/Injury-Report_2026-07-03_05_30PM.pdf
2026-08-14 20:30:25,583 INFO Skipped non-substantive snapshot (no date/matchup pairs): timestamp=2026-07-03T05:45:00 source_url=https://ak-static.cms.nba.com/referee/injury/Injury-Report_2026-07-03_05_45AM.pdf
2026-08-14 20:30:25,589 INFO Skipped non-substantive snapshot (no date/matchup pairs): timestamp=2026-07-03T17:45:00 source_url=https://ak-static.cms.nba.com/referee/injury/Injury-Report_2026-07-03_05_45PM.pdf
2026-08-14 20:30:25,595 INFO Skipped non-substantive snapshot (no date/matchup pairs): timestamp=2026-07-03T06:00:00 source_url=https://ak-static.cms.nba.com/referee/injury/Injury-Report_2026-07-03_06_00AM.pdf
2026-08-14 20:30:25,601 INFO Skipped non-substantive snapshot (no date/matchup pairs): timestamp=2026-07-03T18:00:00 source_url=https://ak-static.cms.nba.com/referee/injury/Injury-Report_2026-07-03_06_00PM.pdf
2026-08-14 20:30:25,607 INFO Skipped non-substantive snapshot (no date/matchup pairs): timestamp=2026-07-03T06:15:00 source_url=https://ak-static.cms.nba.com/referee/injury/Injury-Report_2026-07-03_06_15AM.pdf
2026-08-14 20:30:25,613 INFO Skipped non-substantive snapshot (no date/matchup pairs): timestamp=2026-07-03T18:15:00 source_url=https://ak-static.cms.nba.com/referee/injury/Injury-Report_2026-07-03_06_15PM.pdf
2026-08-14 20:30:25,619 INFO Skipped non-substantive snapshot (no date/matchup pairs): timestamp=2026-07-03T06:30:00 source_url=https://ak-static.cms.nba.com/referee/injury/Injury-Report_2026-07-03_06_30AM.pdf
2026-08-14 20:30:25,625 INFO Skipped non-substantive snapshot (no date/matchup pairs): timestamp=2026-07-03T18:30:00 source_url=https://ak-static.cms.nba.com/referee/injury/Injury-Report_2026-07-03_06_30PM.pdf
2026-08-14 20:30:25,631 INFO Skipped non-substantive snapshot (no date/matchup pairs): timestamp=2026-07-03T06:45:00 source_url=https://ak-static.cms.nba.com/referee/injury/Injury-Report_2026-07-03_06_45AM.pdf
2026-08-14 20:30:25,639 INFO Skipped non-substantive snapshot (no date/matchup pairs): timestamp=2026-07-03T18:45:00 source_url=https://ak-static.cms.nba.com/referee/injury/Injury-Report_2026-07-03_06_45PM.pdf
2026-08-14 20:30:25,645 INFO Skipped non-substantive snapshot (no date/matchup pairs): timestamp=2026-07-03T07:00:00 source_url=https://ak-static.cms.nba.com/referee/injury/Injury-Report_2026-07-03_07_00AM.pdf
2026-08-14 20:30:25,652 INFO Skipped non-substantive snapshot (no date/matchup pairs): timestamp=2026-07-03T19:00:00 source_url=https://ak-static.cms.nba.com/referee/injury/Injury-Report_2026-07-03_07_00PM.pdf
2026-08-14 20:30:25,658 INFO Skipped non-substantive snapshot (no date/matchup pairs): timestamp=2026-07-03T07:15:00 source_url=https://ak-static.cms.nba.com/referee/injury/Injury-Report_2026-07-03_07_15AM.pdf
2026-08-14 20:30:25,664 INFO Skipped non-substantive snapshot (no date/matchup pairs): timestamp=2026-07-03T19:15:00 source_url=https://ak-static.cms.nba.com/referee/injury/Injury-Report_2026-07-03_07_15PM.pdf
2026-08-14 20:30:25,670 INFO Skipped non-substantive snapshot (no date/matchup pairs): timestamp=2026-07-03T07:30:00 source_url=https://ak-static.cms.nba.com/referee/injury/Injury-Report_2026-07-03_07_30AM.pdf
2026-08-14 20:30:25,676 INFO Skipped non-substantive snapshot (no date/matchup pairs): timestamp=2026-07-03T19:30:00 source_url=https://ak-static.cms.nba.com/referee/injury/Injury-Report_2026-07-03_07_30PM.pdf
2026-08-14 20:30:25,682 INFO Skipped non-substantive snapshot (no date/matchup pairs): timestamp=2026-07-03T07:45:00 source_url=https://ak-static.cms.nba.com/referee/injury/Injury-Report_2026-07-03_07_45AM.pdf
2026-08-14 20:30:25,688 INFO Skipped non-substantive snapshot (no date/matchup pairs): timestamp=2026-07-03T19:45:00 source_url=https://ak-static.cms.nba.com/referee/injury/Injury-Report_2026-07-03_07_45PM.pdf
2026-08-14 20:30:25,694 INFO Skipped non-substantive snapshot (no date/matchup pairs): timestamp=2026-07-03T08:00:00 source_url=https://ak-static.cms.nba.com/referee/injury/Injury-Report_2026-07-03_08_00AM.pdf
2026-08-14 20:30:25,700 INFO Skipped non-substantive snapshot (no date/matchup pairs): timestamp=2026-07-03T20:00:00 source_url=https://ak-static.cms.nba.com/referee/injury/Injury-Report_2026-07-03_08_00PM.pdf
2026-08-14 20:30:25,706 INFO Skipped non-substantive snapshot (no date/matchup pairs): timestamp=2026-07-03T08:15:00 source_url=https://ak-static.cms.nba.com/referee/injury/Injury-Report_2026-07-03_08_15AM.pdf
2026-08-14 20:30:25,712 INFO Skipped non-substantive snapshot (no date/matchup pairs): timestamp=2026-07-03T20:15:00 source_url=https://ak-static.cms.nba.com/referee/injury/Injury-Report_2026-07-03_08_15PM.pdf
2026-08-14 20:30:25,720 INFO Skipped non-substantive snapshot (no date/matchup pairs): timestamp=2026-07-03T08:30:00 source_url=https://ak-static.cms.nba.com/referee/injury/Injury-Report_2026-07-03_08_30AM.pdf
2026-08-14 20:30:25,726 INFO Skipped non-substantive snapshot (no date/matchup pairs): timestamp=2026-07-03T20:30:00 source_url=https://ak-static.cms.nba.com/referee/injury/Injury-Report_2026-07-03_08_30PM.pdf
2026-08-14 20:30:25,733 INFO Skipped non-substantive snapshot (no date/matchup pairs): timestamp=2026-07-03T08:45:00 source_url=https://ak-static.cms.nba.com/referee/injury/Injury-Report_2026-07-03_08_45AM.pdf
2026-08-14 20:30:25,738 INFO Skipped non-substantive snapshot (no date/matchup pairs): timestamp=2026-07-03T20:45:00 source_url=https://ak-static.cms.nba.com/referee/injury/Injury-Report_2026-07-03_08_45PM.pdf
2026-08-14 20:30:25,745 INFO Skipped non-substantive snapshot (no date/matchup pairs): timestamp=2026-07-03T09:00:00 source_url=https://ak-static.cms.nba.com/referee/injury/Injury-Report_2026-07-03_09_00AM.pdf
2026-08-14 20:30:25,751 INFO Skipped non-substantive snapshot (no date/matchup pairs): timestamp=2026-07-03T21:00:00 source_url=https://ak-static.cms.nba.com/referee/injury/Injury-Report_2026-07-03_09_00PM.pdf
2026-08-14 20:30:25,757 INFO Skipped non-substantive snapshot (no date/matchup pairs): timestamp=2026-07-03T09:15:00 source_url=https://ak-static.cms.nba.com/referee/injury/Injury-Report_2026-07-03_09_15AM.pdf
2026-08-14 20:30:25,763 INFO Skipped non-substantive snapshot (no date/matchup pairs): timestamp=2026-07-03T21:15:00 source_url=https://ak-static.cms.nba.com/referee/injury/Injury-Report_2026-07-03_09_15PM.pdf
2026-08-14 20:30:25,769 INFO Skipped non-substantive snapshot (no date/matchup pairs): timestamp=2026-07-03T09:30:00 source_url=https://ak-static.cms.nba.com/referee/injury/Injury-Report_2026-07-03_09_30AM.pdf
2026-08-14 20:30:25,775 INFO Skipped non-substantive snapshot (no date/matchup pairs): timestamp=2026-07-03T21:30:00 source_url=https://ak-static.cms.nba.com/referee/injury/Injury-Report_2026-07-03_09_30PM.pdf
2026-08-14 20:30:25,781 INFO Skipped non-substantive snapshot (no date/matchup pairs): timestamp=2026-07-03T09:45:00 source_url=https://ak-static.cms.nba.com/referee/injury/Injury-Report_2026-07-03_09_45AM.pdf
2026-08-14 20:30:25,787 INFO Skipped non-substantive snapshot (no date/matchup pairs): timestamp=2026-07-03T21:45:00 source_url=https://ak-static.cms.nba.com/referee/injury/Injury-Report_2026-07-03_09_45PM.pdf
2026-08-14 20:30:25,793 INFO Skipped non-substantive snapshot (no date/matchup pairs): timestamp=2026-07-03T10:00:00 source_url=https://ak-static.cms.nba.com/referee/injury/Injury-Report_2026-07-03_10_00AM.pdf
2026-08-14 20:30:25,801 INFO Skipped non-substantive snapshot (no date/matchup pairs): timestamp=2026-07-03T22:00:00 source_url=https://ak-static.cms.nba.com/referee/injury/Injury-Report_2026-07-03_10_00PM.pdf
2026-08-14 20:30:25,807 INFO Skipped non-substantive snapshot (no date/matchup pairs): timestamp=2026-07-03T10:15:00 source_url=https://ak-static.cms.nba.com/referee/injury/Injury-Report_2026-07-03_10_15AM.pdf
2026-08-14 20:30:25,813 INFO Skipped non-substantive snapshot (no date/matchup pairs): timestamp=2026-07-03T22:15:00 source_url=https://ak-static.cms.nba.com/referee/injury/Injury-Report_2026-07-03_10_15PM.pdf
2026-08-14 20:30:25,819 INFO Skipped non-substantive snapshot (no date/matchup pairs): timestamp=2026-07-03T10:30:00 source_url=https://ak-static.cms.nba.com/referee/injury/Injury-Report_2026-07-03_10_30AM.pdf
2026-08-14 20:30:25,826 INFO Skipped non-substantive snapshot (no date/matchup pairs): timestamp=2026-07-03T22:30:00 source_url=https://ak-static.cms.nba.com/referee/injury/Injury-Report_2026-07-03_10_30PM.pdf
2026-08-14 20:30:25,832 INFO Skipped non-substantive snapshot (no date/matchup pairs): timestamp=2026-07-03T10:45:00 source_url=https://ak-static.cms.nba.com/referee/injury/Injury-Report_2026-07-03_10_45AM.pdf
2026-08-14 20:30:25,838 INFO Skipped non-substantive snapshot (no date/matchup pairs): timestamp=2026-07-03T22:45:00 source_url=https://ak-static.cms.nba.com/referee/injury/Injury-Report_2026-07-03_10_45PM.pdf
2026-08-14 20:30:25,844 INFO Skipped non-substantive snapshot (no date/matchup pairs): timestamp=2026-07-03T11:00:00 source_url=https://ak-static.cms.nba.com/referee/injury/Injury-Report_2026-07-03_11_00AM.pdf
2026-08-14 20:30:25,850 INFO Skipped non-substantive snapshot (no date/matchup pairs): timestamp=2026-07-03T23:00:00 source_url=https://ak-static.cms.nba.com/referee/injury/Injury-Report_2026-07-03_11_00PM.pdf
2026-08-14 20:30:25,856 INFO Skipped non-substantive snapshot (no date/matchup pairs): timestamp=2026-07-03T11:15:00 source_url=https://ak-static.cms.nba.com/referee/injury/Injury-Report_2026-07-03_11_15AM.pdf
2026-08-14 20:30:25,862 INFO Skipped non-substantive snapshot (no date/matchup pairs): timestamp=2026-07-03T23:15:00 source_url=https://ak-static.cms.nba.com/referee/injury/Injury-Report_2026-07-03_11_15PM.pdf
2026-08-14 20:30:25,868 INFO Skipped non-substantive snapshot (no date/matchup pairs): timestamp=2026-07-03T11:30:00 source_url=https://ak-static.cms.nba.com/referee/injury/Injury-Report_2026-07-03_11_30AM.pdf
2026-08-14 20:30:25,874 INFO Skipped non-substantive snapshot (no date/matchup pairs): timestamp=2026-07-03T23:30:00 source_url=https://ak-static.cms.nba.com/referee/injury/Injury-Report_2026-07-03_11_30PM.pdf
2026-08-14 20:30:25,880 INFO Skipped non-substantive snapshot (no date/matchup pairs): timestamp=2026-07-03T11:45:00 source_url=https://ak-static.cms.nba.com/referee/injury/Injury-Report_2026-07-03_11_45AM.pdf
2026-08-14 20:30:25,888 INFO Skipped non-substantive snapshot (no date/matchup pairs): timestamp=2026-07-03T23:45:00 source_url=https://ak-static.cms.nba.com/referee/injury/Injury-Report_2026-07-03_11_45PM.pdf
2026-08-14 20:30:25,894 INFO Skipped non-substantive snapshot (no date/matchup pairs): timestamp=2026-07-03T00:00:00 source_url=https://ak-static.cms.nba.com/referee/injury/Injury-Report_2026-07-03_12_00AM.pdf
2026-08-14 20:30:25,900 INFO Skipped non-substantive snapshot (no date/matchup pairs): timestamp=2026-07-03T12:00:00 source_url=https://ak-static.cms.nba.com/referee/injury/Injury-Report_2026-07-03_12_00PM.pdf
2026-08-14 20:30:25,906 INFO Skipped non-substantive snapshot (no date/matchup pairs): timestamp=2026-07-03T00:15:00 source_url=https://ak-static.cms.nba.com/referee/injury/Injury-Report_2026-07-03_12_15AM.pdf
2026-08-14 20:30:25,913 INFO Skipped non-substantive snapshot (no date/matchup pairs): timestamp=2026-07-03T12:15:00 source_url=https://ak-static.cms.nba.com/referee/injury/Injury-Report_2026-07-03_12_15PM.pdf
2026-08-14 20:30:25,919 INFO Skipped non-substantive snapshot (no date/matchup pairs): timestamp=2026-07-03T00:30:00 source_url=https://ak-static.cms.nba.com/referee/injury/Injury-Report_2026-07-03_12_30AM.pdf
2026-08-14 20:30:25,925 INFO Skipped non-substantive snapshot (no date/matchup pairs): timestamp=2026-07-03T12:30:00 source_url=https://ak-static.cms.nba.com/referee/injury/Injury-Report_2026-07-03_12_30PM.pdf
2026-08-14 20:30:25,931 INFO Skipped non-substantive snapshot (no date/matchup pairs): timestamp=2026-07-03T00:45:00 source_url=https://ak-static.cms.nba.com/referee/injury/Injury-Report_2026-07-03_12_45AM.pdf
2026-08-14 20:30:25,937 INFO Skipped non-substantive snapshot (no date/matchup pairs): timestamp=2026-07-03T12:45:00 source_url=https://ak-static.cms.nba.com/referee/injury/Injury-Report_2026-07-03_12_45PM.pdf
2026-08-14 20:30:25,937 INFO Direct NBA day 82/123: 2026-07-03, 96 discovered -> 0 selected
2026-08-14 20:34:12,428 INFO Skipped non-substantive snapshot (no date/matchup pairs): timestamp=2026-07-04T01:00:00 source_url=https://ak-static.cms.nba.com/referee/injury/Injury-Report_2026-07-04_01_00AM.pdf
2026-08-14 20:34:12,438 INFO Skipped non-substantive snapshot (no date/matchup pairs): timestamp=2026-07-04T13:00:00 source_url=https://ak-static.cms.nba.com/referee/injury/Injury-Report_2026-07-04_01_00PM.pdf
2026-08-14 20:34:12,447 INFO Skipped non-substantive snapshot (no date/matchup pairs): timestamp=2026-07-04T01:15:00 source_url=https://ak-static.cms.nba.com/referee/injury/Injury-Report_2026-07-04_01_15AM.pdf
2026-08-14 20:34:12,455 INFO Skipped non-substantive snapshot (no date/matchup pairs): timestamp=2026-07-04T13:15:00 source_url=https://ak-static.cms.nba.com/referee/injury/Injury-Report_2026-07-04_01_15PM.pdf
2026-08-14 20:34:12,463 INFO Skipped non-substantive snapshot (no date/matchup pairs): timestamp=2026-07-04T01:30:00 source_url=https://ak-static.cms.nba.com/referee/injury/Injury-Report_2026-07-04_01_30AM.pdf
2026-08-14 20:34:12,470 INFO Skipped non-substantive snapshot (no date/matchup pairs): timestamp=2026-07-04T13:30:00 source_url=https://ak-static.cms.nba.com/referee/injury/Injury-Report_2026-07-04_01_30PM.pdf
2026-08-14 20:34:12,480 INFO Skipped non-substantive snapshot (no date/matchup pairs): timestamp=2026-07-04T01:45:00 source_url=https://ak-static.cms.nba.com/referee/injury/Injury-Report_2026-07-04_01_45AM.pdf
2026-08-14 20:34:12,486 INFO Skipped non-substantive snapshot (no date/matchup pairs): timestamp=2026-07-04T13:45:00 source_url=https://ak-static.cms.nba.com/referee/injury/Injury-Report_2026-07-04_01_45PM.pdf
2026-08-14 20:34:12,493 INFO Skipped non-substantive snapshot (no date/matchup pairs): timestamp=2026-07-04T02:00:00 source_url=https://ak-static.cms.nba.com/referee/injury/Injury-Report_2026-07-04_02_00AM.pdf
2026-08-14 20:34:12,499 INFO Skipped non-substantive snapshot (no date/matchup pairs): timestamp=2026-07-04T14:00:00 source_url=https://ak-static.cms.nba.com/referee/injury/Injury-Report_2026-07-04_02_00PM.pdf
2026-08-14 20:34:12,505 INFO Skipped non-substantive snapshot (no date/matchup pairs): timestamp=2026-07-04T02:15:00 source_url=https://ak-static.cms.nba.com/referee/injury/Injury-Report_2026-07-04_02_15AM.pdf
2026-08-14 20:34:12,511 INFO Skipped non-substantive snapshot (no date/matchup pairs): timestamp=2026-07-04T14:15:00 source_url=https://ak-static.cms.nba.com/referee/injury/Injury-Report_2026-07-04_02_15PM.pdf
2026-08-14 20:34:12,517 INFO Skipped non-substantive snapshot (no date/matchup pairs): timestamp=2026-07-04T02:30:00 source_url=https://ak-static.cms.nba.com/referee/injury/Injury-Report_2026-07-04_02_30AM.pdf
2026-08-14 20:34:12,523 INFO Skipped non-substantive snapshot (no date/matchup pairs): timestamp=2026-07-04T14:30:00 source_url=https://ak-static.cms.nba.com/referee/injury/Injury-Report_2026-07-04_02_30PM.pdf
2026-08-14 20:34:12,529 INFO Skipped non-substantive snapshot (no date/matchup pairs): timestamp=2026-07-04T02:45:00 source_url=https://ak-static.cms.nba.com/referee/injury/Injury-Report_2026-07-04_02_45AM.pdf
2026-08-14 20:34:12,535 INFO Skipped non-substantive snapshot (no date/matchup pairs): timestamp=2026-07-04T14:45:00 source_url=https://ak-static.cms.nba.com/referee/injury/Injury-Report_2026-07-04_02_45PM.pdf
2026-08-14 20:34:12,542 INFO Skipped non-substantive snapshot (no date/matchup pairs): timestamp=2026-07-04T03:00:00 source_url=https://ak-static.cms.nba.com/referee/injury/Injury-Report_2026-07-04_03_00AM.pdf
2026-08-14 20:34:12,548 INFO Skipped non-substantive snapshot (no date/matchup pairs): timestamp=2026-07-04T15:00:00 source_url=https://ak-static.cms.nba.com/referee/injury/Injury-Report_2026-07-04_03_00PM.pdf
2026-08-14 20:34:12,556 INFO Skipped non-substantive snapshot (no date/matchup pairs): timestamp=2026-07-04T03:15:00 source_url=https://ak-static.cms.nba.com/referee/injury/Injury-Report_2026-07-04_03_15AM.pdf
2026-08-14 20:34:12,562 INFO Skipped non-substantive snapshot (no date/matchup pairs): timestamp=2026-07-04T15:15:00 source_url=https://ak-static.cms.nba.com/referee/injury/Injury-Report_2026-07-04_03_15PM.pdf
2026-08-14 20:34:12,568 INFO Skipped non-substantive snapshot (no date/matchup pairs): timestamp=2026-07-04T03:30:00 source_url=https://ak-static.cms.nba.com/referee/injury/Injury-Report_2026-07-04_03_30AM.pdf
2026-08-14 20:34:12,574 INFO Skipped non-substantive snapshot (no date/matchup pairs): timestamp=2026-07-04T15:30:00 source_url=https://ak-static.cms.nba.com/referee/injury/Injury-Report_2026-07-04_03_30PM.pdf
2026-08-14 20:34:12,580 INFO Skipped non-substantive snapshot (no date/matchup pairs): timestamp=2026-07-04T03:45:00 source_url=https://ak-static.cms.nba.com/referee/injury/Injury-Report_2026-07-04_03_45AM.pdf
2026-08-14 20:34:12,586 INFO Skipped non-substantive snapshot (no date/matchup pairs): timestamp=2026-07-04T15:45:00 source_url=https://ak-static.cms.nba.com/referee/injury/Injury-Report_2026-07-04_03_45PM.pdf
2026-08-14 20:34:12,592 INFO Skipped non-substantive snapshot (no date/matchup pairs): timestamp=2026-07-04T04:00:00 source_url=https://ak-static.cms.nba.com/referee/injury/Injury-Report_2026-07-04_04_00AM.pdf
2026-08-14 20:34:12,599 INFO Skipped non-substantive snapshot (no date/matchup pairs): timestamp=2026-07-04T16:00:00 source_url=https://ak-static.cms.nba.com/referee/injury/Injury-Report_2026-07-04_04_00PM.pdf
2026-08-14 20:34:12,605 INFO Skipped non-substantive snapshot (no date/matchup pairs): timestamp=2026-07-04T04:15:00 source_url=https://ak-static.cms.nba.com/referee/injury/Injury-Report_2026-07-04_04_15AM.pdf
2026-08-14 20:34:12,611 INFO Skipped non-substantive snapshot (no date/matchup pairs): timestamp=2026-07-04T16:15:00 source_url=https://ak-static.cms.nba.com/referee/injury/Injury-Report_2026-07-04_04_15PM.pdf
2026-08-14 20:34:12,617 INFO Skipped non-substantive snapshot (no date/matchup pairs): timestamp=2026-07-04T04:30:00 source_url=https://ak-static.cms.nba.com/referee/injury/Injury-Report_2026-07-04_04_30AM.pdf
2026-08-14 20:34:12,623 INFO Skipped non-substantive snapshot (no date/matchup pairs): timestamp=2026-07-04T16:30:00 source_url=https://ak-static.cms.nba.com/referee/injury/Injury-Report_2026-07-04_04_30PM.pdf
2026-08-14 20:34:12,629 INFO Skipped non-substantive snapshot (no date/matchup pairs): timestamp=2026-07-04T04:45:00 source_url=https://ak-static.cms.nba.com/referee/injury/Injury-Report_2026-07-04_04_45AM.pdf
2026-08-14 20:34:12,637 INFO Skipped non-substantive snapshot (no date/matchup pairs): timestamp=2026-07-04T16:45:00 source_url=https://ak-static.cms.nba.com/referee/injury/Injury-Report_2026-07-04_04_45PM.pdf
2026-08-14 20:34:12,643 INFO Skipped non-substantive snapshot (no date/matchup pairs): timestamp=2026-07-04T05:00:00 source_url=https://ak-static.cms.nba.com/referee/injury/Injury-Report_2026-07-04_05_00AM.pdf
2026-08-14 20:34:12,649 INFO Skipped non-substantive snapshot (no date/matchup pairs): timestamp=2026-07-04T17:00:00 source_url=https://ak-static.cms.nba.com/referee/injury/Injury-Report_2026-07-04_05_00PM.pdf
2026-08-14 20:34:12,655 INFO Skipped non-substantive snapshot (no date/matchup pairs): timestamp=2026-07-04T05:15:00 source_url=https://ak-static.cms.nba.com/referee/injury/Injury-Report_2026-07-04_05_15AM.pdf
2026-08-14 20:34:12,661 INFO Skipped non-substantive snapshot (no date/matchup pairs): timestamp=2026-07-04T17:15:00 source_url=https://ak-static.cms.nba.com/referee/injury/Injury-Report_2026-07-04_05_15PM.pdf
2026-08-14 20:34:12,667 INFO Skipped non-substantive snapshot (no date/matchup pairs): timestamp=2026-07-04T05:30:00 source_url=https://ak-static.cms.nba.com/referee/injury/Injury-Report_2026-07-04_05_30AM.pdf
2026-08-14 20:34:12,674 INFO Skipped non-substantive snapshot (no date/matchup pairs): timestamp=2026-07-04T17:30:00 source_url=https://ak-static.cms.nba.com/referee/injury/Injury-Report_2026-07-04_05_30PM.pdf
2026-08-14 20:34:12,680 INFO Skipped non-substantive snapshot (no date/matchup pairs): timestamp=2026-07-04T05:45:00 source_url=https://ak-static.cms.nba.com/referee/injury/Injury-Report_2026-07-04_05_45AM.pdf
2026-08-14 20:34:12,686 INFO Skipped non-substantive snapshot (no date/matchup pairs): timestamp=2026-07-04T17:45:00 source_url=https://ak-static.cms.nba.com/referee/injury/Injury-Report_2026-07-04_05_45PM.pdf
2026-08-14 20:34:12,692 INFO Skipped non-substantive snapshot (no date/matchup pairs): timestamp=2026-07-04T06:00:00 source_url=https://ak-static.cms.nba.com/referee/injury/Injury-Report_2026-07-04_06_00AM.pdf
2026-08-14 20:34:12,698 INFO Skipped non-substantive snapshot (no date/matchup pairs): timestamp=2026-07-04T18:00:00 source_url=https://ak-static.cms.nba.com/referee/injury/Injury-Report_2026-07-04_06_00PM.pdf
2026-08-14 20:34:12,704 INFO Skipped non-substantive snapshot (no date/matchup pairs): timestamp=2026-07-04T06:15:00 source_url=https://ak-static.cms.nba.com/referee/injury/Injury-Report_2026-07-04_06_15AM.pdf
2026-08-14 20:34:12,710 INFO Skipped non-substantive snapshot (no date/matchup pairs): timestamp=2026-07-04T18:15:00 source_url=https://ak-static.cms.nba.com/referee/injury/Injury-Report_2026-07-04_06_15PM.pdf
2026-08-14 20:34:12,718 INFO Skipped non-substantive snapshot (no date/matchup pairs): timestamp=2026-07-04T06:30:00 source_url=https://ak-static.cms.nba.com/referee/injury/Injury-Report_2026-07-04_06_30AM.pdf
2026-08-14 20:34:12,724 INFO Skipped non-substantive snapshot (no date/matchup pairs): timestamp=2026-07-04T18:30:00 source_url=https://ak-static.cms.nba.com/referee/injury/Injury-Report_2026-07-04_06_30PM.pdf
2026-08-14 20:34:12,731 INFO Skipped non-substantive snapshot (no date/matchup pairs): timestamp=2026-07-04T06:45:00 source_url=https://ak-static.cms.nba.com/referee/injury/Injury-Report_2026-07-04_06_45AM.pdf
2026-08-14 20:34:12,736 INFO Skipped non-substantive snapshot (no date/matchup pairs): timestamp=2026-07-04T18:45:00 source_url=https://ak-static.cms.nba.com/referee/injury/Injury-Report_2026-07-04_06_45PM.pdf
2026-08-14 20:34:12,743 INFO Skipped non-substantive snapshot (no date/matchup pairs): timestamp=2026-07-04T07:00:00 source_url=https://ak-static.cms.nba.com/referee/injury/Injury-Report_2026-07-04_07_00AM.pdf
2026-08-14 20:34:12,749 INFO Skipped non-substantive snapshot (no date/matchup pairs): timestamp=2026-07-04T19:00:00 source_url=https://ak-static.cms.nba.com/referee/injury/Injury-Report_2026-07-04_07_00PM.pdf
2026-08-14 20:34:12,755 INFO Skipped non-substantive snapshot (no date/matchup pairs): timestamp=2026-07-04T07:15:00 source_url=https://ak-static.cms.nba.com/referee/injury/Injury-Report_2026-07-04_07_15AM.pdf
2026-08-14 20:34:12,761 INFO Skipped non-substantive snapshot (no date/matchup pairs): timestamp=2026-07-04T19:15:00 source_url=https://ak-static.cms.nba.com/referee/injury/Injury-Report_2026-07-04_07_15PM.pdf
2026-08-14 20:34:12,767 INFO Skipped non-substantive snapshot (no date/matchup pairs): timestamp=2026-07-04T07:30:00 source_url=https://ak-static.cms.nba.com/referee/injury/Injury-Report_2026-07-04_07_30AM.pdf
2026-08-14 20:34:12,773 INFO Skipped non-substantive snapshot (no date/matchup pairs): timestamp=2026-07-04T19:30:00 source_url=https://ak-static.cms.nba.com/referee/injury/Injury-Report_2026-07-04_07_30PM.pdf
2026-08-14 20:34:12,780 INFO Skipped non-substantive snapshot (no date/matchup pairs): timestamp=2026-07-04T07:45:00 source_url=https://ak-static.cms.nba.com/referee/injury/Injury-Report_2026-07-04_07_45AM.pdf
2026-08-14 20:34:12,786 INFO Skipped non-substantive snapshot (no date/matchup pairs): timestamp=2026-07-04T19:45:00 source_url=https://ak-static.cms.nba.com/referee/injury/Injury-Report_2026-07-04_07_45PM.pdf
2026-08-14 20:34:12,792 INFO Skipped non-substantive snapshot (no date/matchup pairs): timestamp=2026-07-04T08:00:00 source_url=https://ak-static.cms.nba.com/referee/injury/Injury-Report_2026-07-04_08_00AM.pdf
2026-08-14 20:34:12,798 INFO Skipped non-substantive snapshot (no date/matchup pairs): timestamp=2026-07-04T20:00:00 source_url=https://ak-static.cms.nba.com/referee/injury/Injury-Report_2026-07-04_08_00PM.pdf
2026-08-14 20:34:12,806 INFO Skipped non-substantive snapshot (no date/matchup pairs): timestamp=2026-07-04T08:15:00 source_url=https://ak-static.cms.nba.com/referee/injury/Injury-Report_2026-07-04_08_15AM.pdf
2026-08-14 20:34:12,812 INFO Skipped non-substantive snapshot (no date/matchup pairs): timestamp=2026-07-04T20:15:00 source_url=https://ak-static.cms.nba.com/referee/injury/Injury-Report_2026-07-04_08_15PM.pdf
2026-08-14 20:34:12,818 INFO Skipped non-substantive snapshot (no date/matchup pairs): timestamp=2026-07-04T08:30:00 source_url=https://ak-static.cms.nba.com/referee/injury/Injury-Report_2026-07-04_08_30AM.pdf
2026-08-14 20:34:12,824 INFO Skipped non-substantive snapshot (no date/matchup pairs): timestamp=2026-07-04T20:30:00 source_url=https://ak-static.cms.nba.com/referee/injury/Injury-Report_2026-07-04_08_30PM.pdf
2026-08-14 20:34:12,830 INFO Skipped non-substantive snapshot (no date/matchup pairs): timestamp=2026-07-04T08:45:00 source_url=https://ak-static.cms.nba.com/referee/injury/Injury-Report_2026-07-04_08_45AM.pdf
2026-08-14 20:34:12,836 INFO Skipped non-substantive snapshot (no date/matchup pairs): timestamp=2026-07-04T20:45:00 source_url=https://ak-static.cms.nba.com/referee/injury/Injury-Report_2026-07-04_08_45PM.pdf
2026-08-14 20:34:12,843 INFO Skipped non-substantive snapshot (no date/matchup pairs): timestamp=2026-07-04T09:00:00 source_url=https://ak-static.cms.nba.com/referee/injury/Injury-Report_2026-07-04_09_00AM.pdf
2026-08-14 20:34:12,849 INFO Skipped non-substantive snapshot (no date/matchup pairs): timestamp=2026-07-04T21:00:00 source_url=https://ak-static.cms.nba.com/referee/injury/Injury-Report_2026-07-04_09_00PM.pdf
2026-08-14 20:34:12,855 INFO Skipped non-substantive snapshot (no date/matchup pairs): timestamp=2026-07-04T09:15:00 source_url=https://ak-static.cms.nba.com/referee/injury/Injury-Report_2026-07-04_09_15AM.pdf
2026-08-14 20:34:12,861 INFO Skipped non-substantive snapshot (no date/matchup pairs): timestamp=2026-07-04T21:15:00 source_url=https://ak-static.cms.nba.com/referee/injury/Injury-Report_2026-07-04_09_15PM.pdf
2026-08-14 20:34:12,867 INFO Skipped non-substantive snapshot (no date/matchup pairs): timestamp=2026-07-04T09:30:00 source_url=https://ak-static.cms.nba.com/referee/injury/Injury-Report_2026-07-04_09_30AM.pdf
2026-08-14 20:34:12,873 INFO Skipped non-substantive snapshot (no date/matchup pairs): timestamp=2026-07-04T21:30:00 source_url=https://ak-static.cms.nba.com/referee/injury/Injury-Report_2026-07-04_09_30PM.pdf
2026-08-14 20:34:12,879 INFO Skipped non-substantive snapshot (no date/matchup pairs): timestamp=2026-07-04T09:45:00 source_url=https://ak-static.cms.nba.com/referee/injury/Injury-Report_2026-07-04_09_45AM.pdf
2026-08-14 20:34:12,887 INFO Skipped non-substantive snapshot (no date/matchup pairs): timestamp=2026-07-04T21:45:00 source_url=https://ak-static.cms.nba.com/referee/injury/Injury-Report_2026-07-04_09_45PM.pdf
2026-08-14 20:34:12,893 INFO Skipped non-substantive snapshot (no date/matchup pairs): timestamp=2026-07-04T10:00:00 source_url=https://ak-static.cms.nba.com/referee/injury/Injury-Report_2026-07-04_10_00AM.pdf
2026-08-14 20:34:12,900 INFO Skipped non-substantive snapshot (no date/matchup pairs): timestamp=2026-07-04T22:00:00 source_url=https://ak-static.cms.nba.com/referee/injury/Injury-Report_2026-07-04_10_00PM.pdf
2026-08-14 20:34:12,905 INFO Skipped non-substantive snapshot (no date/matchup pairs): timestamp=2026-07-04T10:15:00 source_url=https://ak-static.cms.nba.com/referee/injury/Injury-Report_2026-07-04_10_15AM.pdf
2026-08-14 20:34:12,912 INFO Skipped non-substantive snapshot (no date/matchup pairs): timestamp=2026-07-04T22:15:00 source_url=https://ak-static.cms.nba.com/referee/injury/Injury-Report_2026-07-04_10_15PM.pdf
2026-08-14 20:34:12,918 INFO Skipped non-substantive snapshot (no date/matchup pairs): timestamp=2026-07-04T10:30:00 source_url=https://ak-static.cms.nba.com/referee/injury/Injury-Report_2026-07-04_10_30AM.pdf
2026-08-14 20:34:12,924 INFO Skipped non-substantive snapshot (no date/matchup pairs): timestamp=2026-07-04T22:30:00 source_url=https://ak-static.cms.nba.com/referee/injury/Injury-Report_2026-07-04_10_30PM.pdf
2026-08-14 20:34:12,930 INFO Skipped non-substantive snapshot (no date/matchup pairs): timestamp=2026-07-04T10:45:00 source_url=https://ak-static.cms.nba.com/referee/injury/Injury-Report_2026-07-04_10_45AM.pdf
2026-08-14 20:34:12,936 INFO Skipped non-substantive snapshot (no date/matchup pairs): timestamp=2026-07-04T22:45:00 source_url=https://ak-static.cms.nba.com/referee/injury/Injury-Report_2026-07-04_10_45PM.pdf
2026-08-14 20:34:12,942 INFO Skipped non-substantive snapshot (no date/matchup pairs): timestamp=2026-07-04T11:00:00 source_url=https://ak-static.cms.nba.com/referee/injury/Injury-Report_2026-07-04_11_00AM.pdf
2026-08-14 20:34:12,948 INFO Skipped non-substantive snapshot (no date/matchup pairs): timestamp=2026-07-04T23:00:00 source_url=https://ak-static.cms.nba.com/referee/injury/Injury-Report_2026-07-04_11_00PM.pdf
2026-08-14 20:34:12,954 INFO Skipped non-substantive snapshot (no date/matchup pairs): timestamp=2026-07-04T11:15:00 source_url=https://ak-static.cms.nba.com/referee/injury/Injury-Report_2026-07-04_11_15AM.pdf
2026-08-14 20:34:12,960 INFO Skipped non-substantive snapshot (no date/matchup pairs): timestamp=2026-07-04T23:15:00 source_url=https://ak-static.cms.nba.com/referee/injury/Injury-Report_2026-07-04_11_15PM.pdf
2026-08-14 20:34:12,968 INFO Skipped non-substantive snapshot (no date/matchup pairs): timestamp=2026-07-04T11:30:00 source_url=https://ak-static.cms.nba.com/referee/injury/Injury-Report_2026-07-04_11_30AM.pdf
2026-08-14 20:34:12,974 INFO Skipped non-substantive snapshot (no date/matchup pairs): timestamp=2026-07-04T23:30:00 source_url=https://ak-static.cms.nba.com/referee/injury/Injury-Report_2026-07-04_11_30PM.pdf
2026-08-14 20:34:12,981 INFO Skipped non-substantive snapshot (no date/matchup pairs): timestamp=2026-07-04T11:45:00 source_url=https://ak-static.cms.nba.com/referee/injury/Injury-Report_2026-07-04_11_45AM.pdf
2026-08-14 20:34:12,987 INFO Skipped non-substantive snapshot (no date/matchup pairs): timestamp=2026-07-04T23:45:00 source_url=https://ak-static.cms.nba.com/referee/injury/Injury-Report_2026-07-04_11_45PM.pdf
2026-08-14 20:34:12,993 INFO Skipped non-substantive snapshot (no date/matchup pairs): timestamp=2026-07-04T00:00:00 source_url=https://ak-static.cms.nba.com/referee/injury/Injury-Report_2026-07-04_12_00AM.pdf
2026-08-14 20:34:12,999 INFO Skipped non-substantive snapshot (no date/matchup pairs): timestamp=2026-07-04T12:00:00 source_url=https://ak-static.cms.nba.com/referee/injury/Injury-Report_2026-07-04_12_00PM.pdf
2026-08-14 20:34:13,005 INFO Skipped non-substantive snapshot (no date/matchup pairs): timestamp=2026-07-04T00:15:00 source_url=https://ak-static.cms.nba.com/referee/injury/Injury-Report_2026-07-04_12_15AM.pdf
2026-08-14 20:34:13,011 INFO Skipped non-substantive snapshot (no date/matchup pairs): timestamp=2026-07-04T12:15:00 source_url=https://ak-static.cms.nba.com/referee/injury/Injury-Report_2026-07-04_12_15PM.pdf
2026-08-14 20:34:13,017 INFO Skipped non-substantive snapshot (no date/matchup pairs): timestamp=2026-07-04T00:30:00 source_url=https://ak-static.cms.nba.com/referee/injury/Injury-Report_2026-07-04_12_30AM.pdf
2026-08-14 20:34:13,023 INFO Skipped non-substantive snapshot (no date/matchup pairs): timestamp=2026-07-04T12:30:00 source_url=https://ak-static.cms.nba.com/referee/injury/Injury-Report_2026-07-04_12_30PM.pdf
2026-08-14 20:34:13,029 INFO Skipped non-substantive snapshot (no date/matchup pairs): timestamp=2026-07-04T00:45:00 source_url=https://ak-static.cms.nba.com/referee/injury/Injury-Report_2026-07-04_12_45AM.pdf
2026-08-14 20:34:13,036 INFO Skipped non-substantive snapshot (no date/matchup pairs): timestamp=2026-07-04T12:45:00 source_url=https://ak-static.cms.nba.com/referee/injury/Injury-Report_2026-07-04_12_45PM.pdf
2026-08-14 20:34:13,036 INFO Direct NBA day 83/123: 2026-07-04, 96 discovered -> 0 selected
2026-08-14 20:38:02,762 INFO Skipped non-substantive snapshot (no date/matchup pairs): timestamp=2026-07-05T01:00:00 source_url=https://ak-static.cms.nba.com/referee/injury/Injury-Report_2026-07-05_01_00AM.pdf
2026-08-14 20:38:02,772 INFO Skipped non-substantive snapshot (no date/matchup pairs): timestamp=2026-07-05T13:00:00 source_url=https://ak-static.cms.nba.com/referee/injury/Injury-Report_2026-07-05_01_00PM.pdf
2026-08-14 20:38:02,782 INFO Skipped non-substantive snapshot (no date/matchup pairs): timestamp=2026-07-05T01:15:00 source_url=https://ak-static.cms.nba.com/referee/injury/Injury-Report_2026-07-05_01_15AM.pdf
2026-08-14 20:38:02,790 INFO Skipped non-substantive snapshot (no date/matchup pairs): timestamp=2026-07-05T13:15:00 source_url=https://ak-static.cms.nba.com/referee/injury/Injury-Report_2026-07-05_01_15PM.pdf
2026-08-14 20:38:02,798 INFO Skipped non-substantive snapshot (no date/matchup pairs): timestamp=2026-07-05T01:30:00 source_url=https://ak-static.cms.nba.com/referee/injury/Injury-Report_2026-07-05_01_30AM.pdf
2026-08-14 20:38:02,805 INFO Skipped non-substantive snapshot (no date/matchup pairs): timestamp=2026-07-05T13:30:00 source_url=https://ak-static.cms.nba.com/referee/injury/Injury-Report_2026-07-05_01_30PM.pdf
2026-08-14 20:38:02,812 INFO Skipped non-substantive snapshot (no date/matchup pairs): timestamp=2026-07-05T01:45:00 source_url=https://ak-static.cms.nba.com/referee/injury/Injury-Report_2026-07-05_01_45AM.pdf
2026-08-14 20:38:02,819 INFO Skipped non-substantive snapshot (no date/matchup pairs): timestamp=2026-07-05T13:45:00 source_url=https://ak-static.cms.nba.com/referee/injury/Injury-Report_2026-07-05_01_45PM.pdf
2026-08-14 20:38:02,826 INFO Skipped non-substantive snapshot (no date/matchup pairs): timestamp=2026-07-05T02:00:00 source_url=https://ak-static.cms.nba.com/referee/injury/Injury-Report_2026-07-05_02_00AM.pdf
2026-08-14 20:38:02,832 INFO Skipped non-substantive snapshot (no date/matchup pairs): timestamp=2026-07-05T14:00:00 source_url=https://ak-static.cms.nba.com/referee/injury/Injury-Report_2026-07-05_02_00PM.pdf
2026-08-14 20:38:02,839 INFO Skipped non-substantive snapshot (no date/matchup pairs): timestamp=2026-07-05T02:15:00 source_url=https://ak-static.cms.nba.com/referee/injury/Injury-Report_2026-07-05_02_15AM.pdf
2026-08-14 20:38:02,845 INFO Skipped non-substantive snapshot (no date/matchup pairs): timestamp=2026-07-05T14:15:00 source_url=https://ak-static.cms.nba.com/referee/injury/Injury-Report_2026-07-05_02_15PM.pdf
2026-08-14 20:38:02,853 INFO Skipped non-substantive snapshot (no date/matchup pairs): timestamp=2026-07-05T02:30:00 source_url=https://ak-static.cms.nba.com/referee/injury/Injury-Report_2026-07-05_02_30AM.pdf
2026-08-14 20:38:02,859 INFO Skipped non-substantive snapshot (no date/matchup pairs): timestamp=2026-07-05T14:30:00 source_url=https://ak-static.cms.nba.com/referee/injury/Injury-Report_2026-07-05_02_30PM.pdf
2026-08-14 20:38:02,866 INFO Skipped non-substantive snapshot (no date/matchup pairs): timestamp=2026-07-05T02:45:00 source_url=https://ak-static.cms.nba.com/referee/injury/Injury-Report_2026-07-05_02_45AM.pdf
2026-08-14 20:38:02,871 INFO Skipped non-substantive snapshot (no date/matchup pairs): timestamp=2026-07-05T14:45:00 source_url=https://ak-static.cms.nba.com/referee/injury/Injury-Report_2026-07-05_02_45PM.pdf
2026-08-14 20:38:02,878 INFO Skipped non-substantive snapshot (no date/matchup pairs): timestamp=2026-07-05T03:00:00 source_url=https://ak-static.cms.nba.com/referee/injury/Injury-Report_2026-07-05_03_00AM.pdf
2026-08-14 20:38:02,884 INFO Skipped non-substantive snapshot (no date/matchup pairs): timestamp=2026-07-05T15:00:00 source_url=https://ak-static.cms.nba.com/referee/injury/Injury-Report_2026-07-05_03_00PM.pdf
2026-08-14 20:38:02,890 INFO Skipped non-substantive snapshot (no date/matchup pairs): timestamp=2026-07-05T03:15:00 source_url=https://ak-static.cms.nba.com/referee/injury/Injury-Report_2026-07-05_03_15AM.pdf
2026-08-14 20:38:02,896 INFO Skipped non-substantive snapshot (no date/matchup pairs): timestamp=2026-07-05T15:15:00 source_url=https://ak-static.cms.nba.com/referee/injury/Injury-Report_2026-07-05_03_15PM.pdf
2026-08-14 20:38:02,902 INFO Skipped non-substantive snapshot (no date/matchup pairs): timestamp=2026-07-05T03:30:00 source_url=https://ak-static.cms.nba.com/referee/injury/Injury-Report_2026-07-05_03_30AM.pdf
2026-08-14 20:38:02,908 INFO Skipped non-substantive snapshot (no date/matchup pairs): timestamp=2026-07-05T15:30:00 source_url=https://ak-static.cms.nba.com/referee/injury/Injury-Report_2026-07-05_03_30PM.pdf
2026-08-14 20:38:02,914 INFO Skipped non-substantive snapshot (no date/matchup pairs): timestamp=2026-07-05T03:45:00 source_url=https://ak-static.cms.nba.com/referee/injury/Injury-Report_2026-07-05_03_45AM.pdf
2026-08-14 20:38:02,920 INFO Skipped non-substantive snapshot (no date/matchup pairs): timestamp=2026-07-05T15:45:00 source_url=https://ak-static.cms.nba.com/referee/injury/Injury-Report_2026-07-05_03_45PM.pdf
2026-08-14 20:38:02,927 INFO Skipped non-substantive snapshot (no date/matchup pairs): timestamp=2026-07-05T04:00:00 source_url=https://ak-static.cms.nba.com/referee/injury/Injury-Report_2026-07-05_04_00AM.pdf
2026-08-14 20:38:02,935 INFO Skipped non-substantive snapshot (no date/matchup pairs): timestamp=2026-07-05T16:00:00 source_url=https://ak-static.cms.nba.com/referee/injury/Injury-Report_2026-07-05_04_00PM.pdf
2026-08-14 20:38:02,941 INFO Skipped non-substantive snapshot (no date/matchup pairs): timestamp=2026-07-05T04:15:00 source_url=https://ak-static.cms.nba.com/referee/injury/Injury-Report_2026-07-05_04_15AM.pdf
2026-08-14 20:38:02,947 INFO Skipped non-substantive snapshot (no date/matchup pairs): timestamp=2026-07-05T16:15:00 source_url=https://ak-static.cms.nba.com/referee/injury/Injury-Report_2026-07-05_04_15PM.pdf
2026-08-14 20:38:02,953 INFO Skipped non-substantive snapshot (no date/matchup pairs): timestamp=2026-07-05T04:30:00 source_url=https://ak-static.cms.nba.com/referee/injury/Injury-Report_2026-07-05_04_30AM.pdf
2026-08-14 20:38:02,959 INFO Skipped non-substantive snapshot (no date/matchup pairs): timestamp=2026-07-05T16:30:00 source_url=https://ak-static.cms.nba.com/referee/injury/Injury-Report_2026-07-05_04_30PM.pdf
2026-08-14 20:38:02,965 INFO Skipped non-substantive snapshot (no date/matchup pairs): timestamp=2026-07-05T04:45:00 source_url=https://ak-static.cms.nba.com/referee/injury/Injury-Report_2026-07-05_04_45AM.pdf
2026-08-14 20:38:02,971 INFO Skipped non-substantive snapshot (no date/matchup pairs): timestamp=2026-07-05T16:45:00 source_url=https://ak-static.cms.nba.com/referee/injury/Injury-Report_2026-07-05_04_45PM.pdf
2026-08-14 20:38:02,977 INFO Skipped non-substantive snapshot (no date/matchup pairs): timestamp=2026-07-05T05:00:00 source_url=https://ak-static.cms.nba.com/referee/injury/Injury-Report_2026-07-05_05_00AM.pdf
2026-08-14 20:38:02,983 INFO Skipped non-substantive snapshot (no date/matchup pairs): timestamp=2026-07-05T17:00:00 source_url=https://ak-static.cms.nba.com/referee/injury/Injury-Report_2026-07-05_05_00PM.pdf
2026-08-14 20:38:02,990 INFO Skipped non-substantive snapshot (no date/matchup pairs): timestamp=2026-07-05T05:15:00 source_url=https://ak-static.cms.nba.com/referee/injury/Injury-Report_2026-07-05_05_15AM.pdf
2026-08-14 20:38:02,996 INFO Skipped non-substantive snapshot (no date/matchup pairs): timestamp=2026-07-05T17:15:00 source_url=https://ak-static.cms.nba.com/referee/injury/Injury-Report_2026-07-05_05_15PM.pdf
2026-08-14 20:38:03,002 INFO Skipped non-substantive snapshot (no date/matchup pairs): timestamp=2026-07-05T05:30:00 source_url=https://ak-static.cms.nba.com/referee/injury/Injury-Report_2026-07-05_05_30AM.pdf
2026-08-14 20:38:03,008 INFO Skipped non-substantive snapshot (no date/matchup pairs): timestamp=2026-07-05T17:30:00 source_url=https://ak-static.cms.nba.com/referee/injury/Injury-Report_2026-07-05_05_30PM.pdf
2026-08-14 20:38:03,016 INFO Skipped non-substantive snapshot (no date/matchup pairs): timestamp=2026-07-05T05:45:00 source_url=https://ak-static.cms.nba.com/referee/injury/Injury-Report_2026-07-05_05_45AM.pdf
2026-08-14 20:38:03,022 INFO Skipped non-substantive snapshot (no date/matchup pairs): timestamp=2026-07-05T17:45:00 source_url=https://ak-static.cms.nba.com/referee/injury/Injury-Report_2026-07-05_05_45PM.pdf
2026-08-14 20:38:03,028 INFO Skipped non-substantive snapshot (no date/matchup pairs): timestamp=2026-07-05T06:00:00 source_url=https://ak-static.cms.nba.com/referee/injury/Injury-Report_2026-07-05_06_00AM.pdf
2026-08-14 20:38:03,034 INFO Skipped non-substantive snapshot (no date/matchup pairs): timestamp=2026-07-05T18:00:00 source_url=https://ak-static.cms.nba.com/referee/injury/Injury-Report_2026-07-05_06_00PM.pdf
2026-08-14 20:38:03,040 INFO Skipped non-substantive snapshot (no date/matchup pairs): timestamp=2026-07-05T06:15:00 source_url=https://ak-static.cms.nba.com/referee/injury/Injury-Report_2026-07-05_06_15AM.pdf
2026-08-14 20:38:03,046 INFO Skipped non-substantive snapshot (no date/matchup pairs): timestamp=2026-07-05T18:15:00 source_url=https://ak-static.cms.nba.com/referee/injury/Injury-Report_2026-07-05_06_15PM.pdf
2026-08-14 20:38:03,053 INFO Skipped non-substantive snapshot (no date/matchup pairs): timestamp=2026-07-05T06:30:00 source_url=https://ak-static.cms.nba.com/referee/injury/Injury-Report_2026-07-05_06_30AM.pdf
2026-08-14 20:38:03,059 INFO Skipped non-substantive snapshot (no date/matchup pairs): timestamp=2026-07-05T18:30:00 source_url=https://ak-static.cms.nba.com/referee/injury/Injury-Report_2026-07-05_06_30PM.pdf
2026-08-14 20:38:03,065 INFO Skipped non-substantive snapshot (no date/matchup pairs): timestamp=2026-07-05T06:45:00 source_url=https://ak-static.cms.nba.com/referee/injury/Injury-Report_2026-07-05_06_45AM.pdf
2026-08-14 20:38:03,071 INFO Skipped non-substantive snapshot (no date/matchup pairs): timestamp=2026-07-05T18:45:00 source_url=https://ak-static.cms.nba.com/referee/injury/Injury-Report_2026-07-05_06_45PM.pdf
2026-08-14 20:38:03,077 INFO Skipped non-substantive snapshot (no date/matchup pairs): timestamp=2026-07-05T07:00:00 source_url=https://ak-static.cms.nba.com/referee/injury/Injury-Report_2026-07-05_07_00AM.pdf
2026-08-14 20:38:03,083 INFO Skipped non-substantive snapshot (no date/matchup pairs): timestamp=2026-07-05T19:00:00 source_url=https://ak-static.cms.nba.com/referee/injury/Injury-Report_2026-07-05_07_00PM.pdf
2026-08-14 20:38:03,089 INFO Skipped non-substantive snapshot (no date/matchup pairs): timestamp=2026-07-05T07:15:00 source_url=https://ak-static.cms.nba.com/referee/injury/Injury-Report_2026-07-05_07_15AM.pdf
2026-08-14 20:38:03,097 INFO Skipped non-substantive snapshot (no date/matchup pairs): timestamp=2026-07-05T19:15:00 source_url=https://ak-static.cms.nba.com/referee/injury/Injury-Report_2026-07-05_07_15PM.pdf
2026-08-14 20:38:03,103 INFO Skipped non-substantive snapshot (no date/matchup pairs): timestamp=2026-07-05T07:30:00 source_url=https://ak-static.cms.nba.com/referee/injury/Injury-Report_2026-07-05_07_30AM.pdf
2026-08-14 20:38:03,110 INFO Skipped non-substantive snapshot (no date/matchup pairs): timestamp=2026-07-05T19:30:00 source_url=https://ak-static.cms.nba.com/referee/injury/Injury-Report_2026-07-05_07_30PM.pdf
2026-08-14 20:38:03,115 INFO Skipped non-substantive snapshot (no date/matchup pairs): timestamp=2026-07-05T07:45:00 source_url=https://ak-static.cms.nba.com/referee/injury/Injury-Report_2026-07-05_07_45AM.pdf
2026-08-14 20:38:03,122 INFO Skipped non-substantive snapshot (no date/matchup pairs): timestamp=2026-07-05T19:45:00 source_url=https://ak-static.cms.nba.com/referee/injury/Injury-Report_2026-07-05_07_45PM.pdf
2026-08-14 20:38:03,128 INFO Skipped non-substantive snapshot (no date/matchup pairs): timestamp=2026-07-05T08:00:00 source_url=https://ak-static.cms.nba.com/referee/injury/Injury-Report_2026-07-05_08_00AM.pdf
2026-08-14 20:38:03,134 INFO Skipped non-substantive snapshot (no date/matchup pairs): timestamp=2026-07-05T20:00:00 source_url=https://ak-static.cms.nba.com/referee/injury/Injury-Report_2026-07-05_08_00PM.pdf
2026-08-14 20:38:03,140 INFO Skipped non-substantive snapshot (no date/matchup pairs): timestamp=2026-07-05T08:15:00 source_url=https://ak-static.cms.nba.com/referee/injury/Injury-Report_2026-07-05_08_15AM.pdf
2026-08-14 20:38:03,146 INFO Skipped non-substantive snapshot (no date/matchup pairs): timestamp=2026-07-05T20:15:00 source_url=https://ak-static.cms.nba.com/referee/injury/Injury-Report_2026-07-05_08_15PM.pdf
2026-08-14 20:38:03,152 INFO Skipped non-substantive snapshot (no date/matchup pairs): timestamp=2026-07-05T08:30:00 source_url=https://ak-static.cms.nba.com/referee/injury/Injury-Report_2026-07-05_08_30AM.pdf
2026-08-14 20:38:03,158 INFO Skipped non-substantive snapshot (no date/matchup pairs): timestamp=2026-07-05T20:30:00 source_url=https://ak-static.cms.nba.com/referee/injury/Injury-Report_2026-07-05_08_30PM.pdf
2026-08-14 20:38:03,164 INFO Skipped non-substantive snapshot (no date/matchup pairs): timestamp=2026-07-05T08:45:00 source_url=https://ak-static.cms.nba.com/referee/injury/Injury-Report_2026-07-05_08_45AM.pdf
2026-08-14 20:38:03,170 INFO Skipped non-substantive snapshot (no date/matchup pairs): timestamp=2026-07-05T20:45:00 source_url=https://ak-static.cms.nba.com/referee/injury/Injury-Report_2026-07-05_08_45PM.pdf
2026-08-14 20:38:03,177 INFO Skipped non-substantive snapshot (no date/matchup pairs): timestamp=2026-07-05T09:00:00 source_url=https://ak-static.cms.nba.com/referee/injury/Injury-Report_2026-07-05_09_00AM.pdf
2026-08-14 20:38:03,185 INFO Skipped non-substantive snapshot (no date/matchup pairs): timestamp=2026-07-05T21:00:00 source_url=https://ak-static.cms.nba.com/referee/injury/Injury-Report_2026-07-05_09_00PM.pdf
2026-08-14 20:38:03,190 INFO Skipped non-substantive snapshot (no date/matchup pairs): timestamp=2026-07-05T09:15:00 source_url=https://ak-static.cms.nba.com/referee/injury/Injury-Report_2026-07-05_09_15AM.pdf
2026-08-14 20:38:03,197 INFO Skipped non-substantive snapshot (no date/matchup pairs): timestamp=2026-07-05T21:15:00 source_url=https://ak-static.cms.nba.com/referee/injury/Injury-Report_2026-07-05_09_15PM.pdf
2026-08-14 20:38:03,203 INFO Skipped non-substantive snapshot (no date/matchup pairs): timestamp=2026-07-05T09:30:00 source_url=https://ak-static.cms.nba.com/referee/injury/Injury-Report_2026-07-05_09_30AM.pdf
2026-08-14 20:38:03,209 INFO Skipped non-substantive snapshot (no date/matchup pairs): timestamp=2026-07-05T21:30:00 source_url=https://ak-static.cms.nba.com/referee/injury/Injury-Report_2026-07-05_09_30PM.pdf
2026-08-14 20:38:03,215 INFO Skipped non-substantive snapshot (no date/matchup pairs): timestamp=2026-07-05T09:45:00 source_url=https://ak-static.cms.nba.com/referee/injury/Injury-Report_2026-07-05_09_45AM.pdf
2026-08-14 20:38:03,221 INFO Skipped non-substantive snapshot (no date/matchup pairs): timestamp=2026-07-05T21:45:00 source_url=https://ak-static.cms.nba.com/referee/injury/Injury-Report_2026-07-05_09_45PM.pdf
2026-08-14 20:38:03,227 INFO Skipped non-substantive snapshot (no date/matchup pairs): timestamp=2026-07-05T10:00:00 source_url=https://ak-static.cms.nba.com/referee/injury/Injury-Report_2026-07-05_10_00AM.pdf
2026-08-14 20:38:03,233 INFO Skipped non-substantive snapshot (no date/matchup pairs): timestamp=2026-07-05T22:00:00 source_url=https://ak-static.cms.nba.com/referee/injury/Injury-Report_2026-07-05_10_00PM.pdf
2026-08-14 20:38:03,239 INFO Skipped non-substantive snapshot (no date/matchup pairs): timestamp=2026-07-05T10:15:00 source_url=https://ak-static.cms.nba.com/referee/injury/Injury-Report_2026-07-05_10_15AM.pdf
2026-08-14 20:38:03,245 INFO Skipped non-substantive snapshot (no date/matchup pairs): timestamp=2026-07-05T22:15:00 source_url=https://ak-static.cms.nba.com/referee/injury/Injury-Report_2026-07-05_10_15PM.pdf
2026-08-14 20:38:03,252 INFO Skipped non-substantive snapshot (no date/matchup pairs): timestamp=2026-07-05T10:30:00 source_url=https://ak-static.cms.nba.com/referee/injury/Injury-Report_2026-07-05_10_30AM.pdf
2026-08-14 20:38:03,258 INFO Skipped non-substantive snapshot (no date/matchup pairs): timestamp=2026-07-05T22:30:00 source_url=https://ak-static.cms.nba.com/referee/injury/Injury-Report_2026-07-05_10_30PM.pdf
2026-08-14 20:38:03,266 INFO Skipped non-substantive snapshot (no date/matchup pairs): timestamp=2026-07-05T10:45:00 source_url=https://ak-static.cms.nba.com/referee/injury/Injury-Report_2026-07-05_10_45AM.pdf
2026-08-14 20:38:03,272 INFO Skipped non-substantive snapshot (no date/matchup pairs): timestamp=2026-07-05T22:45:00 source_url=https://ak-static.cms.nba.com/referee/injury/Injury-Report_2026-07-05_10_45PM.pdf
2026-08-14 20:38:03,278 INFO Skipped non-substantive snapshot (no date/matchup pairs): timestamp=2026-07-05T11:00:00 source_url=https://ak-static.cms.nba.com/referee/injury/Injury-Report_2026-07-05_11_00AM.pdf
2026-08-14 20:38:03,284 INFO Skipped non-substantive snapshot (no date/matchup pairs): timestamp=2026-07-05T23:00:00 source_url=https://ak-static.cms.nba.com/referee/injury/Injury-Report_2026-07-05_11_00PM.pdf
2026-08-14 20:38:03,290 INFO Skipped non-substantive snapshot (no date/matchup pairs): timestamp=2026-07-05T11:15:00 source_url=https://ak-static.cms.nba.com/referee/injury/Injury-Report_2026-07-05_11_15AM.pdf
2026-08-14 20:38:03,296 INFO Skipped non-substantive snapshot (no date/matchup pairs): timestamp=2026-07-05T23:15:00 source_url=https://ak-static.cms.nba.com/referee/injury/Injury-Report_2026-07-05_11_15PM.pdf
2026-08-14 20:38:03,302 INFO Skipped non-substantive snapshot (no date/matchup pairs): timestamp=2026-07-05T11:30:00 source_url=https://ak-static.cms.nba.com/referee/injury/Injury-Report_2026-07-05_11_30AM.pdf
2026-08-14 20:38:03,309 INFO Skipped non-substantive snapshot (no date/matchup pairs): timestamp=2026-07-05T23:30:00 source_url=https://ak-static.cms.nba.com/referee/injury/Injury-Report_2026-07-05_11_30PM.pdf
2026-08-14 20:38:03,315 INFO Skipped non-substantive snapshot (no date/matchup pairs): timestamp=2026-07-05T11:45:00 source_url=https://ak-static.cms.nba.com/referee/injury/Injury-Report_2026-07-05_11_45AM.pdf
2026-08-14 20:38:03,321 INFO Skipped non-substantive snapshot (no date/matchup pairs): timestamp=2026-07-05T23:45:00 source_url=https://ak-static.cms.nba.com/referee/injury/Injury-Report_2026-07-05_11_45PM.pdf
2026-08-14 20:38:03,327 INFO Skipped non-substantive snapshot (no date/matchup pairs): timestamp=2026-07-05T00:00:00 source_url=https://ak-static.cms.nba.com/referee/injury/Injury-Report_2026-07-05_12_00AM.pdf
2026-08-14 20:38:03,333 INFO Skipped non-substantive snapshot (no date/matchup pairs): timestamp=2026-07-05T12:00:00 source_url=https://ak-static.cms.nba.com/referee/injury/Injury-Report_2026-07-05_12_00PM.pdf
2026-08-14 20:38:03,339 INFO Skipped non-substantive snapshot (no date/matchup pairs): timestamp=2026-07-05T00:15:00 source_url=https://ak-static.cms.nba.com/referee/injury/Injury-Report_2026-07-05_12_15AM.pdf
2026-08-14 20:38:03,347 INFO Skipped non-substantive snapshot (no date/matchup pairs): timestamp=2026-07-05T12:15:00 source_url=https://ak-static.cms.nba.com/referee/injury/Injury-Report_2026-07-05_12_15PM.pdf
2026-08-14 20:38:03,353 INFO Skipped non-substantive snapshot (no date/matchup pairs): timestamp=2026-07-05T00:30:00 source_url=https://ak-static.cms.nba.com/referee/injury/Injury-Report_2026-07-05_12_30AM.pdf
2026-08-14 20:38:03,359 INFO Skipped non-substantive snapshot (no date/matchup pairs): timestamp=2026-07-05T12:30:00 source_url=https://ak-static.cms.nba.com/referee/injury/Injury-Report_2026-07-05_12_30PM.pdf
2026-08-14 20:38:03,365 INFO Skipped non-substantive snapshot (no date/matchup pairs): timestamp=2026-07-05T00:45:00 source_url=https://ak-static.cms.nba.com/referee/injury/Injury-Report_2026-07-05_12_45AM.pdf
2026-08-14 20:38:03,371 INFO Skipped non-substantive snapshot (no date/matchup pairs): timestamp=2026-07-05T12:45:00 source_url=https://ak-static.cms.nba.com/referee/injury/Injury-Report_2026-07-05_12_45PM.pdf
2026-08-14 20:38:03,371 INFO Direct NBA day 84/123: 2026-07-05, 96 discovered -> 0 selected
2026-08-14 20:41:47,470 INFO Skipped non-substantive snapshot (no date/matchup pairs): timestamp=2026-07-06T01:00:00 source_url=https://ak-static.cms.nba.com/referee/injury/Injury-Report_2026-07-06_01_00AM.pdf
2026-08-14 20:41:47,482 INFO Skipped non-substantive snapshot (no date/matchup pairs): timestamp=2026-07-06T13:00:00 source_url=https://ak-static.cms.nba.com/referee/injury/Injury-Report_2026-07-06_01_00PM.pdf
2026-08-14 20:41:47,494 INFO Skipped non-substantive snapshot (no date/matchup pairs): timestamp=2026-07-06T01:15:00 source_url=https://ak-static.cms.nba.com/referee/injury/Injury-Report_2026-07-06_01_15AM.pdf
2026-08-14 20:41:47,504 INFO Skipped non-substantive snapshot (no date/matchup pairs): timestamp=2026-07-06T13:15:00 source_url=https://ak-static.cms.nba.com/referee/injury/Injury-Report_2026-07-06_01_15PM.pdf
2026-08-14 20:41:47,514 INFO Skipped non-substantive snapshot (no date/matchup pairs): timestamp=2026-07-06T01:30:00 source_url=https://ak-static.cms.nba.com/referee/injury/Injury-Report_2026-07-06_01_30AM.pdf
2026-08-14 20:41:47,524 INFO Skipped non-substantive snapshot (no date/matchup pairs): timestamp=2026-07-06T13:30:00 source_url=https://ak-static.cms.nba.com/referee/injury/Injury-Report_2026-07-06_01_30PM.pdf
2026-08-14 20:41:47,535 INFO Skipped non-substantive snapshot (no date/matchup pairs): timestamp=2026-07-06T01:45:00 source_url=https://ak-static.cms.nba.com/referee/injury/Injury-Report_2026-07-06_01_45AM.pdf
2026-08-14 20:41:47,544 INFO Skipped non-substantive snapshot (no date/matchup pairs): timestamp=2026-07-06T13:45:00 source_url=https://ak-static.cms.nba.com/referee/injury/Injury-Report_2026-07-06_01_45PM.pdf
2026-08-14 20:41:47,553 INFO Skipped non-substantive snapshot (no date/matchup pairs): timestamp=2026-07-06T02:00:00 source_url=https://ak-static.cms.nba.com/referee/injury/Injury-Report_2026-07-06_02_00AM.pdf
2026-08-14 20:41:47,562 INFO Skipped non-substantive snapshot (no date/matchup pairs): timestamp=2026-07-06T14:00:00 source_url=https://ak-static.cms.nba.com/referee/injury/Injury-Report_2026-07-06_02_00PM.pdf
2026-08-14 20:41:47,571 INFO Skipped non-substantive snapshot (no date/matchup pairs): timestamp=2026-07-06T02:15:00 source_url=https://ak-static.cms.nba.com/referee/injury/Injury-Report_2026-07-06_02_15AM.pdf
2026-08-14 20:41:47,580 INFO Skipped non-substantive snapshot (no date/matchup pairs): timestamp=2026-07-06T14:15:00 source_url=https://ak-static.cms.nba.com/referee/injury/Injury-Report_2026-07-06_02_15PM.pdf
2026-08-14 20:41:47,590 INFO Skipped non-substantive snapshot (no date/matchup pairs): timestamp=2026-07-06T02:30:00 source_url=https://ak-static.cms.nba.com/referee/injury/Injury-Report_2026-07-06_02_30AM.pdf
2026-08-14 20:41:47,601 INFO Skipped non-substantive snapshot (no date/matchup pairs): timestamp=2026-07-06T14:30:00 source_url=https://ak-static.cms.nba.com/referee/injury/Injury-Report_2026-07-06_02_30PM.pdf
2026-08-14 20:41:47,610 INFO Skipped non-substantive snapshot (no date/matchup pairs): timestamp=2026-07-06T02:45:00 source_url=https://ak-static.cms.nba.com/referee/injury/Injury-Report_2026-07-06_02_45AM.pdf
2026-08-14 20:41:47,619 INFO Skipped non-substantive snapshot (no date/matchup pairs): timestamp=2026-07-06T14:45:00 source_url=https://ak-static.cms.nba.com/referee/injury/Injury-Report_2026-07-06_02_45PM.pdf
2026-08-14 20:41:47,628 INFO Skipped non-substantive snapshot (no date/matchup pairs): timestamp=2026-07-06T03:00:00 source_url=https://ak-static.cms.nba.com/referee/injury/Injury-Report_2026-07-06_03_00AM.pdf
2026-08-14 20:41:47,637 INFO Skipped non-substantive snapshot (no date/matchup pairs): timestamp=2026-07-06T15:00:00 source_url=https://ak-static.cms.nba.com/referee/injury/Injury-Report_2026-07-06_03_00PM.pdf
2026-08-14 20:41:47,646 INFO Skipped non-substantive snapshot (no date/matchup pairs): timestamp=2026-07-06T03:15:00 source_url=https://ak-static.cms.nba.com/referee/injury/Injury-Report_2026-07-06_03_15AM.pdf
2026-08-14 20:41:47,655 INFO Skipped non-substantive snapshot (no date/matchup pairs): timestamp=2026-07-06T15:15:00 source_url=https://ak-static.cms.nba.com/referee/injury/Injury-Report_2026-07-06_03_15PM.pdf
2026-08-14 20:41:47,667 INFO Skipped non-substantive snapshot (no date/matchup pairs): timestamp=2026-07-06T03:30:00 source_url=https://ak-static.cms.nba.com/referee/injury/Injury-Report_2026-07-06_03_30AM.pdf
2026-08-14 20:41:47,676 INFO Skipped non-substantive snapshot (no date/matchup pairs): timestamp=2026-07-06T15:30:00 source_url=https://ak-static.cms.nba.com/referee/injury/Injury-Report_2026-07-06_03_30PM.pdf
2026-08-14 20:41:47,685 INFO Skipped non-substantive snapshot (no date/matchup pairs): timestamp=2026-07-06T03:45:00 source_url=https://ak-static.cms.nba.com/referee/injury/Injury-Report_2026-07-06_03_45AM.pdf
2026-08-14 20:41:47,694 INFO Skipped non-substantive snapshot (no date/matchup pairs): timestamp=2026-07-06T15:45:00 source_url=https://ak-static.cms.nba.com/referee/injury/Injury-Report_2026-07-06_03_45PM.pdf
2026-08-14 20:41:47,703 INFO Skipped non-substantive snapshot (no date/matchup pairs): timestamp=2026-07-06T04:00:00 source_url=https://ak-static.cms.nba.com/referee/injury/Injury-Report_2026-07-06_04_00AM.pdf
2026-08-14 20:41:47,712 INFO Skipped non-substantive snapshot (no date/matchup pairs): timestamp=2026-07-06T16:00:00 source_url=https://ak-static.cms.nba.com/referee/injury/Injury-Report_2026-07-06_04_00PM.pdf
2026-08-14 20:41:47,721 INFO Skipped non-substantive snapshot (no date/matchup pairs): timestamp=2026-07-06T04:15:00 source_url=https://ak-static.cms.nba.com/referee/injury/Injury-Report_2026-07-06_04_15AM.pdf
2026-08-14 20:41:47,732 INFO Skipped non-substantive snapshot (no date/matchup pairs): timestamp=2026-07-06T16:15:00 source_url=https://ak-static.cms.nba.com/referee/injury/Injury-Report_2026-07-06_04_15PM.pdf
2026-08-14 20:41:47,741 INFO Skipped non-substantive snapshot (no date/matchup pairs): timestamp=2026-07-06T04:30:00 source_url=https://ak-static.cms.nba.com/referee/injury/Injury-Report_2026-07-06_04_30AM.pdf
2026-08-14 20:41:47,751 INFO Skipped non-substantive snapshot (no date/matchup pairs): timestamp=2026-07-06T16:30:00 source_url=https://ak-static.cms.nba.com/referee/injury/Injury-Report_2026-07-06_04_30PM.pdf
2026-08-14 20:41:47,760 INFO Skipped non-substantive snapshot (no date/matchup pairs): timestamp=2026-07-06T04:45:00 source_url=https://ak-static.cms.nba.com/referee/injury/Injury-Report_2026-07-06_04_45AM.pdf
2026-08-14 20:41:47,769 INFO Skipped non-substantive snapshot (no date/matchup pairs): timestamp=2026-07-06T16:45:00 source_url=https://ak-static.cms.nba.com/referee/injury/Injury-Report_2026-07-06_04_45PM.pdf
2026-08-14 20:41:47,778 INFO Skipped non-substantive snapshot (no date/matchup pairs): timestamp=2026-07-06T05:00:00 source_url=https://ak-static.cms.nba.com/referee/injury/Injury-Report_2026-07-06_05_00AM.pdf
2026-08-14 20:41:47,787 INFO Skipped non-substantive snapshot (no date/matchup pairs): timestamp=2026-07-06T17:00:00 source_url=https://ak-static.cms.nba.com/referee/injury/Injury-Report_2026-07-06_05_00PM.pdf
2026-08-14 20:41:47,798 INFO Skipped non-substantive snapshot (no date/matchup pairs): timestamp=2026-07-06T05:15:00 source_url=https://ak-static.cms.nba.com/referee/injury/Injury-Report_2026-07-06_05_15AM.pdf
2026-08-14 20:41:47,807 INFO Skipped non-substantive snapshot (no date/matchup pairs): timestamp=2026-07-06T17:15:00 source_url=https://ak-static.cms.nba.com/referee/injury/Injury-Report_2026-07-06_05_15PM.pdf
2026-08-14 20:41:47,816 INFO Skipped non-substantive snapshot (no date/matchup pairs): timestamp=2026-07-06T05:30:00 source_url=https://ak-static.cms.nba.com/referee/injury/Injury-Report_2026-07-06_05_30AM.pdf
2026-08-14 20:41:47,826 INFO Skipped non-substantive snapshot (no date/matchup pairs): timestamp=2026-07-06T17:30:00 source_url=https://ak-static.cms.nba.com/referee/injury/Injury-Report_2026-07-06_05_30PM.pdf
2026-08-14 20:41:47,835 INFO Skipped non-substantive snapshot (no date/matchup pairs): timestamp=2026-07-06T05:45:00 source_url=https://ak-static.cms.nba.com/referee/injury/Injury-Report_2026-07-06_05_45AM.pdf
2026-08-14 20:41:47,844 INFO Skipped non-substantive snapshot (no date/matchup pairs): timestamp=2026-07-06T17:45:00 source_url=https://ak-static.cms.nba.com/referee/injury/Injury-Report_2026-07-06_05_45PM.pdf
2026-08-14 20:41:47,855 INFO Skipped non-substantive snapshot (no date/matchup pairs): timestamp=2026-07-06T06:00:00 source_url=https://ak-static.cms.nba.com/referee/injury/Injury-Report_2026-07-06_06_00AM.pdf
2026-08-14 20:41:47,864 INFO Skipped non-substantive snapshot (no date/matchup pairs): timestamp=2026-07-06T18:00:00 source_url=https://ak-static.cms.nba.com/referee/injury/Injury-Report_2026-07-06_06_00PM.pdf
2026-08-14 20:41:47,873 INFO Skipped non-substantive snapshot (no date/matchup pairs): timestamp=2026-07-06T06:15:00 source_url=https://ak-static.cms.nba.com/referee/injury/Injury-Report_2026-07-06_06_15AM.pdf
2026-08-14 20:41:47,882 INFO Skipped non-substantive snapshot (no date/matchup pairs): timestamp=2026-07-06T18:15:00 source_url=https://ak-static.cms.nba.com/referee/injury/Injury-Report_2026-07-06_06_15PM.pdf
2026-08-14 20:41:47,892 INFO Skipped non-substantive snapshot (no date/matchup pairs): timestamp=2026-07-06T06:30:00 source_url=https://ak-static.cms.nba.com/referee/injury/Injury-Report_2026-07-06_06_30AM.pdf
2026-08-14 20:41:47,901 INFO Skipped non-substantive snapshot (no date/matchup pairs): timestamp=2026-07-06T18:30:00 source_url=https://ak-static.cms.nba.com/referee/injury/Injury-Report_2026-07-06_06_30PM.pdf
2026-08-14 20:41:47,910 INFO Skipped non-substantive snapshot (no date/matchup pairs): timestamp=2026-07-06T06:45:00 source_url=https://ak-static.cms.nba.com/referee/injury/Injury-Report_2026-07-06_06_45AM.pdf
2026-08-14 20:41:47,919 INFO Skipped non-substantive snapshot (no date/matchup pairs): timestamp=2026-07-06T18:45:00 source_url=https://ak-static.cms.nba.com/referee/injury/Injury-Report_2026-07-06_06_45PM.pdf
2026-08-14 20:41:47,930 INFO Skipped non-substantive snapshot (no date/matchup pairs): timestamp=2026-07-06T07:00:00 source_url=https://ak-static.cms.nba.com/referee/injury/Injury-Report_2026-07-06_07_00AM.pdf
2026-08-14 20:41:47,939 INFO Skipped non-substantive snapshot (no date/matchup pairs): timestamp=2026-07-06T19:00:00 source_url=https://ak-static.cms.nba.com/referee/injury/Injury-Report_2026-07-06_07_00PM.pdf
2026-08-14 20:41:47,948 INFO Skipped non-substantive snapshot (no date/matchup pairs): timestamp=2026-07-06T07:15:00 source_url=https://ak-static.cms.nba.com/referee/injury/Injury-Report_2026-07-06_07_15AM.pdf
2026-08-14 20:41:47,957 INFO Skipped non-substantive snapshot (no date/matchup pairs): timestamp=2026-07-06T19:15:00 source_url=https://ak-static.cms.nba.com/referee/injury/Injury-Report_2026-07-06_07_15PM.pdf
2026-08-14 20:41:47,966 INFO Skipped non-substantive snapshot (no date/matchup pairs): timestamp=2026-07-06T07:30:00 source_url=https://ak-static.cms.nba.com/referee/injury/Injury-Report_2026-07-06_07_30AM.pdf
2026-08-14 20:41:47,975 INFO Skipped non-substantive snapshot (no date/matchup pairs): timestamp=2026-07-06T19:30:00 source_url=https://ak-static.cms.nba.com/referee/injury/Injury-Report_2026-07-06_07_30PM.pdf
2026-08-14 20:41:47,985 INFO Skipped non-substantive snapshot (no date/matchup pairs): timestamp=2026-07-06T07:45:00 source_url=https://ak-static.cms.nba.com/referee/injury/Injury-Report_2026-07-06_07_45AM.pdf
2026-08-14 20:41:47,996 INFO Skipped non-substantive snapshot (no date/matchup pairs): timestamp=2026-07-06T19:45:00 source_url=https://ak-static.cms.nba.com/referee/injury/Injury-Report_2026-07-06_07_45PM.pdf
2026-08-14 20:41:48,005 INFO Skipped non-substantive snapshot (no date/matchup pairs): timestamp=2026-07-06T08:00:00 source_url=https://ak-static.cms.nba.com/referee/injury/Injury-Report_2026-07-06_08_00AM.pdf
2026-08-14 20:41:48,014 INFO Skipped non-substantive snapshot (no date/matchup pairs): timestamp=2026-07-06T20:00:00 source_url=https://ak-static.cms.nba.com/referee/injury/Injury-Report_2026-07-06_08_00PM.pdf
2026-08-14 20:41:48,023 INFO Skipped non-substantive snapshot (no date/matchup pairs): timestamp=2026-07-06T08:15:00 source_url=https://ak-static.cms.nba.com/referee/injury/Injury-Report_2026-07-06_08_15AM.pdf
2026-08-14 20:41:48,032 INFO Skipped non-substantive snapshot (no date/matchup pairs): timestamp=2026-07-06T20:15:00 source_url=https://ak-static.cms.nba.com/referee/injury/Injury-Report_2026-07-06_08_15PM.pdf
2026-08-14 20:41:48,041 INFO Skipped non-substantive snapshot (no date/matchup pairs): timestamp=2026-07-06T08:30:00 source_url=https://ak-static.cms.nba.com/referee/injury/Injury-Report_2026-07-06_08_30AM.pdf
2026-08-14 20:41:48,050 INFO Skipped non-substantive snapshot (no date/matchup pairs): timestamp=2026-07-06T20:30:00 source_url=https://ak-static.cms.nba.com/referee/injury/Injury-Report_2026-07-06_08_30PM.pdf
2026-08-14 20:41:48,061 INFO Skipped non-substantive snapshot (no date/matchup pairs): timestamp=2026-07-06T08:45:00 source_url=https://ak-static.cms.nba.com/referee/injury/Injury-Report_2026-07-06_08_45AM.pdf
2026-08-14 20:41:48,070 INFO Skipped non-substantive snapshot (no date/matchup pairs): timestamp=2026-07-06T20:45:00 source_url=https://ak-static.cms.nba.com/referee/injury/Injury-Report_2026-07-06_08_45PM.pdf
2026-08-14 20:41:48,080 INFO Skipped non-substantive snapshot (no date/matchup pairs): timestamp=2026-07-06T09:00:00 source_url=https://ak-static.cms.nba.com/referee/injury/Injury-Report_2026-07-06_09_00AM.pdf
2026-08-14 20:41:48,089 INFO Skipped non-substantive snapshot (no date/matchup pairs): timestamp=2026-07-06T21:00:00 source_url=https://ak-static.cms.nba.com/referee/injury/Injury-Report_2026-07-06_09_00PM.pdf
2026-08-14 20:41:48,098 INFO Skipped non-substantive snapshot (no date/matchup pairs): timestamp=2026-07-06T09:15:00 source_url=https://ak-static.cms.nba.com/referee/injury/Injury-Report_2026-07-06_09_15AM.pdf
2026-08-14 20:41:48,107 INFO Skipped non-substantive snapshot (no date/matchup pairs): timestamp=2026-07-06T21:15:00 source_url=https://ak-static.cms.nba.com/referee/injury/Injury-Report_2026-07-06_09_15PM.pdf
2026-08-14 20:41:48,116 INFO Skipped non-substantive snapshot (no date/matchup pairs): timestamp=2026-07-06T09:30:00 source_url=https://ak-static.cms.nba.com/referee/injury/Injury-Report_2026-07-06_09_30AM.pdf
2026-08-14 20:41:48,127 INFO Skipped non-substantive snapshot (no date/matchup pairs): timestamp=2026-07-06T21:30:00 source_url=https://ak-static.cms.nba.com/referee/injury/Injury-Report_2026-07-06_09_30PM.pdf
2026-08-14 20:41:48,136 INFO Skipped non-substantive snapshot (no date/matchup pairs): timestamp=2026-07-06T09:45:00 source_url=https://ak-static.cms.nba.com/referee/injury/Injury-Report_2026-07-06_09_45AM.pdf
2026-08-14 20:41:48,145 INFO Skipped non-substantive snapshot (no date/matchup pairs): timestamp=2026-07-06T21:45:00 source_url=https://ak-static.cms.nba.com/referee/injury/Injury-Report_2026-07-06_09_45PM.pdf
2026-08-14 20:41:48,154 INFO Skipped non-substantive snapshot (no date/matchup pairs): timestamp=2026-07-06T10:00:00 source_url=https://ak-static.cms.nba.com/referee/injury/Injury-Report_2026-07-06_10_00AM.pdf
2026-08-14 20:41:48,163 INFO Skipped non-substantive snapshot (no date/matchup pairs): timestamp=2026-07-06T22:00:00 source_url=https://ak-static.cms.nba.com/referee/injury/Injury-Report_2026-07-06_10_00PM.pdf
2026-08-14 20:41:48,172 INFO Skipped non-substantive snapshot (no date/matchup pairs): timestamp=2026-07-06T10:15:00 source_url=https://ak-static.cms.nba.com/referee/injury/Injury-Report_2026-07-06_10_15AM.pdf
2026-08-14 20:41:48,182 INFO Skipped non-substantive snapshot (no date/matchup pairs): timestamp=2026-07-06T22:15:00 source_url=https://ak-static.cms.nba.com/referee/injury/Injury-Report_2026-07-06_10_15PM.pdf
2026-08-14 20:41:48,193 INFO Skipped non-substantive snapshot (no date/matchup pairs): timestamp=2026-07-06T10:30:00 source_url=https://ak-static.cms.nba.com/referee/injury/Injury-Report_2026-07-06_10_30AM.pdf
2026-08-14 20:41:48,202 INFO Skipped non-substantive snapshot (no date/matchup pairs): timestamp=2026-07-06T22:30:00 source_url=https://ak-static.cms.nba.com/referee/injury/Injury-Report_2026-07-06_10_30PM.pdf
2026-08-14 20:41:48,211 INFO Skipped non-substantive snapshot (no date/matchup pairs): timestamp=2026-07-06T10:45:00 source_url=https://ak-static.cms.nba.com/referee/injury/Injury-Report_2026-07-06_10_45AM.pdf
2026-08-14 20:41:48,220 INFO Skipped non-substantive snapshot (no date/matchup pairs): timestamp=2026-07-06T22:45:00 source_url=https://ak-static.cms.nba.com/referee/injury/Injury-Report_2026-07-06_10_45PM.pdf
2026-08-14 20:41:48,229 INFO Skipped non-substantive snapshot (no date/matchup pairs): timestamp=2026-07-06T11:00:00 source_url=https://ak-static.cms.nba.com/referee/injury/Injury-Report_2026-07-06_11_00AM.pdf
2026-08-14 20:41:48,238 INFO Skipped non-substantive snapshot (no date/matchup pairs): timestamp=2026-07-06T23:00:00 source_url=https://ak-static.cms.nba.com/referee/injury/Injury-Report_2026-07-06_11_00PM.pdf
2026-08-14 20:41:48,247 INFO Skipped non-substantive snapshot (no date/matchup pairs): timestamp=2026-07-06T11:15:00 source_url=https://ak-static.cms.nba.com/referee/injury/Injury-Report_2026-07-06_11_15AM.pdf
2026-08-14 20:41:48,258 INFO Skipped non-substantive snapshot (no date/matchup pairs): timestamp=2026-07-06T23:15:00 source_url=https://ak-static.cms.nba.com/referee/injury/Injury-Report_2026-07-06_11_15PM.pdf
2026-08-14 20:41:48,267 INFO Skipped non-substantive snapshot (no date/matchup pairs): timestamp=2026-07-06T11:30:00 source_url=https://ak-static.cms.nba.com/referee/injury/Injury-Report_2026-07-06_11_30AM.pdf
2026-08-14 20:41:48,277 INFO Skipped non-substantive snapshot (no date/matchup pairs): timestamp=2026-07-06T23:30:00 source_url=https://ak-static.cms.nba.com/referee/injury/Injury-Report_2026-07-06_11_30PM.pdf
2026-08-14 20:41:48,286 INFO Skipped non-substantive snapshot (no date/matchup pairs): timestamp=2026-07-06T11:45:00 source_url=https://ak-static.cms.nba.com/referee/injury/Injury-Report_2026-07-06_11_45AM.pdf
2026-08-14 20:41:48,295 INFO Skipped non-substantive snapshot (no date/matchup pairs): timestamp=2026-07-06T23:45:00 source_url=https://ak-static.cms.nba.com/referee/injury/Injury-Report_2026-07-06_11_45PM.pdf
2026-08-14 20:41:48,304 INFO Skipped non-substantive snapshot (no date/matchup pairs): timestamp=2026-07-06T00:00:00 source_url=https://ak-static.cms.nba.com/referee/injury/Injury-Report_2026-07-06_12_00AM.pdf
2026-08-14 20:41:48,313 INFO Skipped non-substantive snapshot (no date/matchup pairs): timestamp=2026-07-06T12:00:00 source_url=https://ak-static.cms.nba.com/referee/injury/Injury-Report_2026-07-06_12_00PM.pdf
2026-08-14 20:41:48,324 INFO Skipped non-substantive snapshot (no date/matchup pairs): timestamp=2026-07-06T00:15:00 source_url=https://ak-static.cms.nba.com/referee/injury/Injury-Report_2026-07-06_12_15AM.pdf
2026-08-14 20:41:48,333 INFO Skipped non-substantive snapshot (no date/matchup pairs): timestamp=2026-07-06T12:15:00 source_url=https://ak-static.cms.nba.com/referee/injury/Injury-Report_2026-07-06_12_15PM.pdf
2026-08-14 20:41:48,342 INFO Skipped non-substantive snapshot (no date/matchup pairs): timestamp=2026-07-06T00:30:00 source_url=https://ak-static.cms.nba.com/referee/injury/Injury-Report_2026-07-06_12_30AM.pdf
2026-08-14 20:41:48,351 INFO Skipped non-substantive snapshot (no date/matchup pairs): timestamp=2026-07-06T12:30:00 source_url=https://ak-static.cms.nba.com/referee/injury/Injury-Report_2026-07-06_12_30PM.pdf
2026-08-14 20:41:48,360 INFO Skipped non-substantive snapshot (no date/matchup pairs): timestamp=2026-07-06T00:45:00 source_url=https://ak-static.cms.nba.com/referee/injury/Injury-Report_2026-07-06_12_45AM.pdf
2026-08-14 20:41:48,369 INFO Skipped non-substantive snapshot (no date/matchup pairs): timestamp=2026-07-06T12:45:00 source_url=https://ak-static.cms.nba.com/referee/injury/Injury-Report_2026-07-06_12_45PM.pdf
2026-08-14 20:41:48,369 INFO Direct NBA day 85/123: 2026-07-06, 96 discovered -> 0 selected
2026-08-14 20:45:32,197 INFO Skipped non-substantive snapshot (no date/matchup pairs): timestamp=2026-07-07T01:00:00 source_url=https://ak-static.cms.nba.com/referee/injury/Injury-Report_2026-07-07_01_00AM.pdf
2026-08-14 20:45:32,207 INFO Skipped non-substantive snapshot (no date/matchup pairs): timestamp=2026-07-07T13:00:00 source_url=https://ak-static.cms.nba.com/referee/injury/Injury-Report_2026-07-07_01_00PM.pdf
2026-08-14 20:45:32,216 INFO Skipped non-substantive snapshot (no date/matchup pairs): timestamp=2026-07-07T01:15:00 source_url=https://ak-static.cms.nba.com/referee/injury/Injury-Report_2026-07-07_01_15AM.pdf
2026-08-14 20:45:32,224 INFO Skipped non-substantive snapshot (no date/matchup pairs): timestamp=2026-07-07T13:15:00 source_url=https://ak-static.cms.nba.com/referee/injury/Injury-Report_2026-07-07_01_15PM.pdf
2026-08-14 20:45:32,231 INFO Skipped non-substantive snapshot (no date/matchup pairs): timestamp=2026-07-07T01:30:00 source_url=https://ak-static.cms.nba.com/referee/injury/Injury-Report_2026-07-07_01_30AM.pdf
2026-08-14 20:45:32,239 INFO Skipped non-substantive snapshot (no date/matchup pairs): timestamp=2026-07-07T13:30:00 source_url=https://ak-static.cms.nba.com/referee/injury/Injury-Report_2026-07-07_01_30PM.pdf
2026-08-14 20:45:32,248 INFO Skipped non-substantive snapshot (no date/matchup pairs): timestamp=2026-07-07T01:45:00 source_url=https://ak-static.cms.nba.com/referee/injury/Injury-Report_2026-07-07_01_45AM.pdf
2026-08-14 20:45:32,254 INFO Skipped non-substantive snapshot (no date/matchup pairs): timestamp=2026-07-07T13:45:00 source_url=https://ak-static.cms.nba.com/referee/injury/Injury-Report_2026-07-07_01_45PM.pdf
2026-08-14 20:45:32,261 INFO Skipped non-substantive snapshot (no date/matchup pairs): timestamp=2026-07-07T02:00:00 source_url=https://ak-static.cms.nba.com/referee/injury/Injury-Report_2026-07-07_02_00AM.pdf
2026-08-14 20:45:32,267 INFO Skipped non-substantive snapshot (no date/matchup pairs): timestamp=2026-07-07T14:00:00 source_url=https://ak-static.cms.nba.com/referee/injury/Injury-Report_2026-07-07_02_00PM.pdf
2026-08-14 20:45:32,273 INFO Skipped non-substantive snapshot (no date/matchup pairs): timestamp=2026-07-07T02:15:00 source_url=https://ak-static.cms.nba.com/referee/injury/Injury-Report_2026-07-07_02_15AM.pdf
2026-08-14 20:45:32,279 INFO Skipped non-substantive snapshot (no date/matchup pairs): timestamp=2026-07-07T14:15:00 source_url=https://ak-static.cms.nba.com/referee/injury/Injury-Report_2026-07-07_02_15PM.pdf
2026-08-14 20:45:32,286 INFO Skipped non-substantive snapshot (no date/matchup pairs): timestamp=2026-07-07T02:30:00 source_url=https://ak-static.cms.nba.com/referee/injury/Injury-Report_2026-07-07_02_30AM.pdf
2026-08-14 20:45:32,292 INFO Skipped non-substantive snapshot (no date/matchup pairs): timestamp=2026-07-07T14:30:00 source_url=https://ak-static.cms.nba.com/referee/injury/Injury-Report_2026-07-07_02_30PM.pdf
2026-08-14 20:45:32,298 INFO Skipped non-substantive snapshot (no date/matchup pairs): timestamp=2026-07-07T02:45:00 source_url=https://ak-static.cms.nba.com/referee/injury/Injury-Report_2026-07-07_02_45AM.pdf
2026-08-14 20:45:32,304 INFO Skipped non-substantive snapshot (no date/matchup pairs): timestamp=2026-07-07T14:45:00 source_url=https://ak-static.cms.nba.com/referee/injury/Injury-Report_2026-07-07_02_45PM.pdf
2026-08-14 20:45:32,310 INFO Skipped non-substantive snapshot (no date/matchup pairs): timestamp=2026-07-07T03:00:00 source_url=https://ak-static.cms.nba.com/referee/injury/Injury-Report_2026-07-07_03_00AM.pdf
2026-08-14 20:45:32,316 INFO Skipped non-substantive snapshot (no date/matchup pairs): timestamp=2026-07-07T15:00:00 source_url=https://ak-static.cms.nba.com/referee/injury/Injury-Report_2026-07-07_03_00PM.pdf
2026-08-14 20:45:32,324 INFO Skipped non-substantive snapshot (no date/matchup pairs): timestamp=2026-07-07T03:15:00 source_url=https://ak-static.cms.nba.com/referee/injury/Injury-Report_2026-07-07_03_15AM.pdf
2026-08-14 20:45:32,330 INFO Skipped non-substantive snapshot (no date/matchup pairs): timestamp=2026-07-07T15:15:00 source_url=https://ak-static.cms.nba.com/referee/injury/Injury-Report_2026-07-07_03_15PM.pdf
2026-08-14 20:45:32,336 INFO Skipped non-substantive snapshot (no date/matchup pairs): timestamp=2026-07-07T03:30:00 source_url=https://ak-static.cms.nba.com/referee/injury/Injury-Report_2026-07-07_03_30AM.pdf
2026-08-14 20:45:32,342 INFO Skipped non-substantive snapshot (no date/matchup pairs): timestamp=2026-07-07T15:30:00 source_url=https://ak-static.cms.nba.com/referee/injury/Injury-Report_2026-07-07_03_30PM.pdf
2026-08-14 20:45:32,349 INFO Skipped non-substantive snapshot (no date/matchup pairs): timestamp=2026-07-07T03:45:00 source_url=https://ak-static.cms.nba.com/referee/injury/Injury-Report_2026-07-07_03_45AM.pdf
2026-08-14 20:45:32,355 INFO Skipped non-substantive snapshot (no date/matchup pairs): timestamp=2026-07-07T15:45:00 source_url=https://ak-static.cms.nba.com/referee/injury/Injury-Report_2026-07-07_03_45PM.pdf
2026-08-14 20:45:32,361 INFO Skipped non-substantive snapshot (no date/matchup pairs): timestamp=2026-07-07T04:00:00 source_url=https://ak-static.cms.nba.com/referee/injury/Injury-Report_2026-07-07_04_00AM.pdf
2026-08-14 20:45:32,367 INFO Skipped non-substantive snapshot (no date/matchup pairs): timestamp=2026-07-07T16:00:00 source_url=https://ak-static.cms.nba.com/referee/injury/Injury-Report_2026-07-07_04_00PM.pdf
2026-08-14 20:45:32,373 INFO Skipped non-substantive snapshot (no date/matchup pairs): timestamp=2026-07-07T04:15:00 source_url=https://ak-static.cms.nba.com/referee/injury/Injury-Report_2026-07-07_04_15AM.pdf
2026-08-14 20:45:32,379 INFO Skipped non-substantive snapshot (no date/matchup pairs): timestamp=2026-07-07T16:15:00 source_url=https://ak-static.cms.nba.com/referee/injury/Injury-Report_2026-07-07_04_15PM.pdf
2026-08-14 20:45:32,385 INFO Skipped non-substantive snapshot (no date/matchup pairs): timestamp=2026-07-07T04:30:00 source_url=https://ak-static.cms.nba.com/referee/injury/Injury-Report_2026-07-07_04_30AM.pdf
2026-08-14 20:45:32,391 INFO Skipped non-substantive snapshot (no date/matchup pairs): timestamp=2026-07-07T16:30:00 source_url=https://ak-static.cms.nba.com/referee/injury/Injury-Report_2026-07-07_04_30PM.pdf
2026-08-14 20:45:32,398 INFO Skipped non-substantive snapshot (no date/matchup pairs): timestamp=2026-07-07T04:45:00 source_url=https://ak-static.cms.nba.com/referee/injury/Injury-Report_2026-07-07_04_45AM.pdf
2026-08-14 20:45:32,406 INFO Skipped non-substantive snapshot (no date/matchup pairs): timestamp=2026-07-07T16:45:00 source_url=https://ak-static.cms.nba.com/referee/injury/Injury-Report_2026-07-07_04_45PM.pdf
2026-08-14 20:45:32,412 INFO Skipped non-substantive snapshot (no date/matchup pairs): timestamp=2026-07-07T05:00:00 source_url=https://ak-static.cms.nba.com/referee/injury/Injury-Report_2026-07-07_05_00AM.pdf
2026-08-14 20:45:32,418 INFO Skipped non-substantive snapshot (no date/matchup pairs): timestamp=2026-07-07T17:00:00 source_url=https://ak-static.cms.nba.com/referee/injury/Injury-Report_2026-07-07_05_00PM.pdf
2026-08-14 20:45:32,424 INFO Skipped non-substantive snapshot (no date/matchup pairs): timestamp=2026-07-07T05:15:00 source_url=https://ak-static.cms.nba.com/referee/injury/Injury-Report_2026-07-07_05_15AM.pdf
2026-08-14 20:45:32,430 INFO Skipped non-substantive snapshot (no date/matchup pairs): timestamp=2026-07-07T17:15:00 source_url=https://ak-static.cms.nba.com/referee/injury/Injury-Report_2026-07-07_05_15PM.pdf
2026-08-14 20:45:32,436 INFO Skipped non-substantive snapshot (no date/matchup pairs): timestamp=2026-07-07T05:30:00 source_url=https://ak-static.cms.nba.com/referee/injury/Injury-Report_2026-07-07_05_30AM.pdf
2026-08-14 20:45:32,442 INFO Skipped non-substantive snapshot (no date/matchup pairs): timestamp=2026-07-07T17:30:00 source_url=https://ak-static.cms.nba.com/referee/injury/Injury-Report_2026-07-07_05_30PM.pdf
2026-08-14 20:45:32,448 INFO Skipped non-substantive snapshot (no date/matchup pairs): timestamp=2026-07-07T05:45:00 source_url=https://ak-static.cms.nba.com/referee/injury/Injury-Report_2026-07-07_05_45AM.pdf
2026-08-14 20:45:32,455 INFO Skipped non-substantive snapshot (no date/matchup pairs): timestamp=2026-07-07T17:45:00 source_url=https://ak-static.cms.nba.com/referee/injury/Injury-Report_2026-07-07_05_45PM.pdf
2026-08-14 20:45:32,461 INFO Skipped non-substantive snapshot (no date/matchup pairs): timestamp=2026-07-07T06:00:00 source_url=https://ak-static.cms.nba.com/referee/injury/Injury-Report_2026-07-07_06_00AM.pdf
2026-08-14 20:45:32,467 INFO Skipped non-substantive snapshot (no date/matchup pairs): timestamp=2026-07-07T18:00:00 source_url=https://ak-static.cms.nba.com/referee/injury/Injury-Report_2026-07-07_06_00PM.pdf
2026-08-14 20:45:32,473 INFO Skipped non-substantive snapshot (no date/matchup pairs): timestamp=2026-07-07T06:15:00 source_url=https://ak-static.cms.nba.com/referee/injury/Injury-Report_2026-07-07_06_15AM.pdf
2026-08-14 20:45:32,479 INFO Skipped non-substantive snapshot (no date/matchup pairs): timestamp=2026-07-07T18:15:00 source_url=https://ak-static.cms.nba.com/referee/injury/Injury-Report_2026-07-07_06_15PM.pdf
2026-08-14 20:45:32,487 INFO Skipped non-substantive snapshot (no date/matchup pairs): timestamp=2026-07-07T06:30:00 source_url=https://ak-static.cms.nba.com/referee/injury/Injury-Report_2026-07-07_06_30AM.pdf
2026-08-14 20:45:32,493 INFO Skipped non-substantive snapshot (no date/matchup pairs): timestamp=2026-07-07T18:30:00 source_url=https://ak-static.cms.nba.com/referee/injury/Injury-Report_2026-07-07_06_30PM.pdf
2026-08-14 20:45:32,499 INFO Skipped non-substantive snapshot (no date/matchup pairs): timestamp=2026-07-07T06:45:00 source_url=https://ak-static.cms.nba.com/referee/injury/Injury-Report_2026-07-07_06_45AM.pdf
2026-08-14 20:45:32,505 INFO Skipped non-substantive snapshot (no date/matchup pairs): timestamp=2026-07-07T18:45:00 source_url=https://ak-static.cms.nba.com/referee/injury/Injury-Report_2026-07-07_06_45PM.pdf
2026-08-14 20:45:32,511 INFO Skipped non-substantive snapshot (no date/matchup pairs): timestamp=2026-07-07T07:00:00 source_url=https://ak-static.cms.nba.com/referee/injury/Injury-Report_2026-07-07_07_00AM.pdf
2026-08-14 20:45:32,517 INFO Skipped non-substantive snapshot (no date/matchup pairs): timestamp=2026-07-07T19:00:00 source_url=https://ak-static.cms.nba.com/referee/injury/Injury-Report_2026-07-07_07_00PM.pdf
2026-08-14 20:45:32,524 INFO Skipped non-substantive snapshot (no date/matchup pairs): timestamp=2026-07-07T07:15:00 source_url=https://ak-static.cms.nba.com/referee/injury/Injury-Report_2026-07-07_07_15AM.pdf
2026-08-14 20:45:32,530 INFO Skipped non-substantive snapshot (no date/matchup pairs): timestamp=2026-07-07T19:15:00 source_url=https://ak-static.cms.nba.com/referee/injury/Injury-Report_2026-07-07_07_15PM.pdf
2026-08-14 20:45:32,536 INFO Skipped non-substantive snapshot (no date/matchup pairs): timestamp=2026-07-07T07:30:00 source_url=https://ak-static.cms.nba.com/referee/injury/Injury-Report_2026-07-07_07_30AM.pdf
2026-08-14 20:45:32,542 INFO Skipped non-substantive snapshot (no date/matchup pairs): timestamp=2026-07-07T19:30:00 source_url=https://ak-static.cms.nba.com/referee/injury/Injury-Report_2026-07-07_07_30PM.pdf
2026-08-14 20:45:32,548 INFO Skipped non-substantive snapshot (no date/matchup pairs): timestamp=2026-07-07T07:45:00 source_url=https://ak-static.cms.nba.com/referee/injury/Injury-Report_2026-07-07_07_45AM.pdf
2026-08-14 20:45:32,554 INFO Skipped non-substantive snapshot (no date/matchup pairs): timestamp=2026-07-07T19:45:00 source_url=https://ak-static.cms.nba.com/referee/injury/Injury-Report_2026-07-07_07_45PM.pdf
2026-08-14 20:45:32,560 INFO Skipped non-substantive snapshot (no date/matchup pairs): timestamp=2026-07-07T08:00:00 source_url=https://ak-static.cms.nba.com/referee/injury/Injury-Report_2026-07-07_08_00AM.pdf
2026-08-14 20:45:32,568 INFO Skipped non-substantive snapshot (no date/matchup pairs): timestamp=2026-07-07T20:00:00 source_url=https://ak-static.cms.nba.com/referee/injury/Injury-Report_2026-07-07_08_00PM.pdf
2026-08-14 20:45:32,574 INFO Skipped non-substantive snapshot (no date/matchup pairs): timestamp=2026-07-07T08:15:00 source_url=https://ak-static.cms.nba.com/referee/injury/Injury-Report_2026-07-07_08_15AM.pdf
2026-08-14 20:45:32,580 INFO Skipped non-substantive snapshot (no date/matchup pairs): timestamp=2026-07-07T20:15:00 source_url=https://ak-static.cms.nba.com/referee/injury/Injury-Report_2026-07-07_08_15PM.pdf
2026-08-14 20:45:32,586 INFO Skipped non-substantive snapshot (no date/matchup pairs): timestamp=2026-07-07T08:30:00 source_url=https://ak-static.cms.nba.com/referee/injury/Injury-Report_2026-07-07_08_30AM.pdf
2026-08-14 20:45:32,593 INFO Skipped non-substantive snapshot (no date/matchup pairs): timestamp=2026-07-07T20:30:00 source_url=https://ak-static.cms.nba.com/referee/injury/Injury-Report_2026-07-07_08_30PM.pdf
2026-08-14 20:45:32,599 INFO Skipped non-substantive snapshot (no date/matchup pairs): timestamp=2026-07-07T08:45:00 source_url=https://ak-static.cms.nba.com/referee/injury/Injury-Report_2026-07-07_08_45AM.pdf
2026-08-14 20:45:32,605 INFO Skipped non-substantive snapshot (no date/matchup pairs): timestamp=2026-07-07T20:45:00 source_url=https://ak-static.cms.nba.com/referee/injury/Injury-Report_2026-07-07_08_45PM.pdf
2026-08-14 20:45:32,611 INFO Skipped non-substantive snapshot (no date/matchup pairs): timestamp=2026-07-07T09:00:00 source_url=https://ak-static.cms.nba.com/referee/injury/Injury-Report_2026-07-07_09_00AM.pdf
2026-08-14 20:45:32,617 INFO Skipped non-substantive snapshot (no date/matchup pairs): timestamp=2026-07-07T21:00:00 source_url=https://ak-static.cms.nba.com/referee/injury/Injury-Report_2026-07-07_09_00PM.pdf
2026-08-14 20:45:32,623 INFO Skipped non-substantive snapshot (no date/matchup pairs): timestamp=2026-07-07T09:15:00 source_url=https://ak-static.cms.nba.com/referee/injury/Injury-Report_2026-07-07_09_15AM.pdf
2026-08-14 20:45:32,629 INFO Skipped non-substantive snapshot (no date/matchup pairs): timestamp=2026-07-07T21:15:00 source_url=https://ak-static.cms.nba.com/referee/injury/Injury-Report_2026-07-07_09_15PM.pdf
2026-08-14 20:45:32,635 INFO Skipped non-substantive snapshot (no date/matchup pairs): timestamp=2026-07-07T09:30:00 source_url=https://ak-static.cms.nba.com/referee/injury/Injury-Report_2026-07-07_09_30AM.pdf
2026-08-14 20:45:32,641 INFO Skipped non-substantive snapshot (no date/matchup pairs): timestamp=2026-07-07T21:30:00 source_url=https://ak-static.cms.nba.com/referee/injury/Injury-Report_2026-07-07_09_30PM.pdf
2026-08-14 20:45:32,650 INFO Skipped non-substantive snapshot (no date/matchup pairs): timestamp=2026-07-07T09:45:00 source_url=https://ak-static.cms.nba.com/referee/injury/Injury-Report_2026-07-07_09_45AM.pdf
2026-08-14 20:45:32,656 INFO Skipped non-substantive snapshot (no date/matchup pairs): timestamp=2026-07-07T21:45:00 source_url=https://ak-static.cms.nba.com/referee/injury/Injury-Report_2026-07-07_09_45PM.pdf
2026-08-14 20:45:32,662 INFO Skipped non-substantive snapshot (no date/matchup pairs): timestamp=2026-07-07T10:00:00 source_url=https://ak-static.cms.nba.com/referee/injury/Injury-Report_2026-07-07_10_00AM.pdf
2026-08-14 20:45:32,668 INFO Skipped non-substantive snapshot (no date/matchup pairs): timestamp=2026-07-07T22:00:00 source_url=https://ak-static.cms.nba.com/referee/injury/Injury-Report_2026-07-07_10_00PM.pdf
2026-08-14 20:45:32,674 INFO Skipped non-substantive snapshot (no date/matchup pairs): timestamp=2026-07-07T10:15:00 source_url=https://ak-static.cms.nba.com/referee/injury/Injury-Report_2026-07-07_10_15AM.pdf
2026-08-14 20:45:32,680 INFO Skipped non-substantive snapshot (no date/matchup pairs): timestamp=2026-07-07T22:15:00 source_url=https://ak-static.cms.nba.com/referee/injury/Injury-Report_2026-07-07_10_15PM.pdf
2026-08-14 20:45:32,686 INFO Skipped non-substantive snapshot (no date/matchup pairs): timestamp=2026-07-07T10:30:00 source_url=https://ak-static.cms.nba.com/referee/injury/Injury-Report_2026-07-07_10_30AM.pdf
2026-08-14 20:45:32,692 INFO Skipped non-substantive snapshot (no date/matchup pairs): timestamp=2026-07-07T22:30:00 source_url=https://ak-static.cms.nba.com/referee/injury/Injury-Report_2026-07-07_10_30PM.pdf
2026-08-14 20:45:32,698 INFO Skipped non-substantive snapshot (no date/matchup pairs): timestamp=2026-07-07T10:45:00 source_url=https://ak-static.cms.nba.com/referee/injury/Injury-Report_2026-07-07_10_45AM.pdf
2026-08-14 20:45:32,705 INFO Skipped non-substantive snapshot (no date/matchup pairs): timestamp=2026-07-07T22:45:00 source_url=https://ak-static.cms.nba.com/referee/injury/Injury-Report_2026-07-07_10_45PM.pdf
2026-08-14 20:45:32,711 INFO Skipped non-substantive snapshot (no date/matchup pairs): timestamp=2026-07-07T11:00:00 source_url=https://ak-static.cms.nba.com/referee/injury/Injury-Report_2026-07-07_11_00AM.pdf
2026-08-14 20:45:32,717 INFO Skipped non-substantive snapshot (no date/matchup pairs): timestamp=2026-07-07T23:00:00 source_url=https://ak-static.cms.nba.com/referee/injury/Injury-Report_2026-07-07_11_00PM.pdf
2026-08-14 20:45:32,723 INFO Skipped non-substantive snapshot (no date/matchup pairs): timestamp=2026-07-07T11:15:00 source_url=https://ak-static.cms.nba.com/referee/injury/Injury-Report_2026-07-07_11_15AM.pdf
2026-08-14 20:45:32,729 INFO Skipped non-substantive snapshot (no date/matchup pairs): timestamp=2026-07-07T23:15:00 source_url=https://ak-static.cms.nba.com/referee/injury/Injury-Report_2026-07-07_11_15PM.pdf
2026-08-14 20:45:32,737 INFO Skipped non-substantive snapshot (no date/matchup pairs): timestamp=2026-07-07T11:30:00 source_url=https://ak-static.cms.nba.com/referee/injury/Injury-Report_2026-07-07_11_30AM.pdf
2026-08-14 20:45:32,743 INFO Skipped non-substantive snapshot (no date/matchup pairs): timestamp=2026-07-07T23:30:00 source_url=https://ak-static.cms.nba.com/referee/injury/Injury-Report_2026-07-07_11_30PM.pdf
2026-08-14 20:45:32,749 INFO Skipped non-substantive snapshot (no date/matchup pairs): timestamp=2026-07-07T11:45:00 source_url=https://ak-static.cms.nba.com/referee/injury/Injury-Report_2026-07-07_11_45AM.pdf
2026-08-14 20:45:32,755 INFO Skipped non-substantive snapshot (no date/matchup pairs): timestamp=2026-07-07T23:45:00 source_url=https://ak-static.cms.nba.com/referee/injury/Injury-Report_2026-07-07_11_45PM.pdf
2026-08-14 20:45:32,761 INFO Skipped non-substantive snapshot (no date/matchup pairs): timestamp=2026-07-07T00:00:00 source_url=https://ak-static.cms.nba.com/referee/injury/Injury-Report_2026-07-07_12_00AM.pdf
2026-08-14 20:45:32,767 INFO Skipped non-substantive snapshot (no date/matchup pairs): timestamp=2026-07-07T12:00:00 source_url=https://ak-static.cms.nba.com/referee/injury/Injury-Report_2026-07-07_12_00PM.pdf
2026-08-14 20:45:32,774 INFO Skipped non-substantive snapshot (no date/matchup pairs): timestamp=2026-07-07T00:15:00 source_url=https://ak-static.cms.nba.com/referee/injury/Injury-Report_2026-07-07_12_15AM.pdf
2026-08-14 20:45:32,780 INFO Skipped non-substantive snapshot (no date/matchup pairs): timestamp=2026-07-07T12:15:00 source_url=https://ak-static.cms.nba.com/referee/injury/Injury-Report_2026-07-07_12_15PM.pdf
2026-08-14 20:45:32,786 INFO Skipped non-substantive snapshot (no date/matchup pairs): timestamp=2026-07-07T00:30:00 source_url=https://ak-static.cms.nba.com/referee/injury/Injury-Report_2026-07-07_12_30AM.pdf
2026-08-14 20:45:32,792 INFO Skipped non-substantive snapshot (no date/matchup pairs): timestamp=2026-07-07T12:30:00 source_url=https://ak-static.cms.nba.com/referee/injury/Injury-Report_2026-07-07_12_30PM.pdf
2026-08-14 20:45:32,798 INFO Skipped non-substantive snapshot (no date/matchup pairs): timestamp=2026-07-07T00:45:00 source_url=https://ak-static.cms.nba.com/referee/injury/Injury-Report_2026-07-07_12_45AM.pdf
2026-08-14 20:45:32,804 INFO Skipped non-substantive snapshot (no date/matchup pairs): timestamp=2026-07-07T12:45:00 source_url=https://ak-static.cms.nba.com/referee/injury/Injury-Report_2026-07-07_12_45PM.pdf
2026-08-14 20:45:32,804 INFO Direct NBA day 86/123: 2026-07-07, 96 discovered -> 0 selected
2026-08-14 20:49:15,774 INFO Skipped non-substantive snapshot (no date/matchup pairs): timestamp=2026-07-08T01:00:00 source_url=https://ak-static.cms.nba.com/referee/injury/Injury-Report_2026-07-08_01_00AM.pdf
2026-08-14 20:49:15,790 INFO Skipped non-substantive snapshot (no date/matchup pairs): timestamp=2026-07-08T13:00:00 source_url=https://ak-static.cms.nba.com/referee/injury/Injury-Report_2026-07-08_01_00PM.pdf
2026-08-14 20:49:15,805 INFO Skipped non-substantive snapshot (no date/matchup pairs): timestamp=2026-07-08T01:15:00 source_url=https://ak-static.cms.nba.com/referee/injury/Injury-Report_2026-07-08_01_15AM.pdf
2026-08-14 20:49:15,821 INFO Skipped non-substantive snapshot (no date/matchup pairs): timestamp=2026-07-08T13:15:00 source_url=https://ak-static.cms.nba.com/referee/injury/Injury-Report_2026-07-08_01_15PM.pdf
2026-08-14 20:49:15,834 INFO Skipped non-substantive snapshot (no date/matchup pairs): timestamp=2026-07-08T01:30:00 source_url=https://ak-static.cms.nba.com/referee/injury/Injury-Report_2026-07-08_01_30AM.pdf
2026-08-14 20:49:15,847 INFO Skipped non-substantive snapshot (no date/matchup pairs): timestamp=2026-07-08T13:30:00 source_url=https://ak-static.cms.nba.com/referee/injury/Injury-Report_2026-07-08_01_30PM.pdf
2026-08-14 20:49:15,861 INFO Skipped non-substantive snapshot (no date/matchup pairs): timestamp=2026-07-08T01:45:00 source_url=https://ak-static.cms.nba.com/referee/injury/Injury-Report_2026-07-08_01_45AM.pdf
2026-08-14 20:49:15,874 INFO Skipped non-substantive snapshot (no date/matchup pairs): timestamp=2026-07-08T13:45:00 source_url=https://ak-static.cms.nba.com/referee/injury/Injury-Report_2026-07-08_01_45PM.pdf
2026-08-14 20:49:15,889 INFO Skipped non-substantive snapshot (no date/matchup pairs): timestamp=2026-07-08T02:00:00 source_url=https://ak-static.cms.nba.com/referee/injury/Injury-Report_2026-07-08_02_00AM.pdf
2026-08-14 20:49:15,903 INFO Skipped non-substantive snapshot (no date/matchup pairs): timestamp=2026-07-08T14:00:00 source_url=https://ak-static.cms.nba.com/referee/injury/Injury-Report_2026-07-08_02_00PM.pdf
2026-08-14 20:49:15,916 INFO Skipped non-substantive snapshot (no date/matchup pairs): timestamp=2026-07-08T02:15:00 source_url=https://ak-static.cms.nba.com/referee/injury/Injury-Report_2026-07-08_02_15AM.pdf
2026-08-14 20:49:15,930 INFO Skipped non-substantive snapshot (no date/matchup pairs): timestamp=2026-07-08T14:15:00 source_url=https://ak-static.cms.nba.com/referee/injury/Injury-Report_2026-07-08_02_15PM.pdf
2026-08-14 20:49:15,945 INFO Skipped non-substantive snapshot (no date/matchup pairs): timestamp=2026-07-08T02:30:00 source_url=https://ak-static.cms.nba.com/referee/injury/Injury-Report_2026-07-08_02_30AM.pdf
2026-08-14 20:49:15,958 INFO Skipped non-substantive snapshot (no date/matchup pairs): timestamp=2026-07-08T14:30:00 source_url=https://ak-static.cms.nba.com/referee/injury/Injury-Report_2026-07-08_02_30PM.pdf
2026-08-14 20:49:15,972 INFO Skipped non-substantive snapshot (no date/matchup pairs): timestamp=2026-07-08T02:45:00 source_url=https://ak-static.cms.nba.com/referee/injury/Injury-Report_2026-07-08_02_45AM.pdf
2026-08-14 20:49:15,985 INFO Skipped non-substantive snapshot (no date/matchup pairs): timestamp=2026-07-08T14:45:00 source_url=https://ak-static.cms.nba.com/referee/injury/Injury-Report_2026-07-08_02_45PM.pdf
2026-08-14 20:49:15,999 INFO Skipped non-substantive snapshot (no date/matchup pairs): timestamp=2026-07-08T03:00:00 source_url=https://ak-static.cms.nba.com/referee/injury/Injury-Report_2026-07-08_03_00AM.pdf
2026-08-14 20:49:16,014 INFO Skipped non-substantive snapshot (no date/matchup pairs): timestamp=2026-07-08T15:00:00 source_url=https://ak-static.cms.nba.com/referee/injury/Injury-Report_2026-07-08_03_00PM.pdf
2026-08-14 20:49:16,028 INFO Skipped non-substantive snapshot (no date/matchup pairs): timestamp=2026-07-08T03:15:00 source_url=https://ak-static.cms.nba.com/referee/injury/Injury-Report_2026-07-08_03_15AM.pdf
2026-08-14 20:49:16,041 INFO Skipped non-substantive snapshot (no date/matchup pairs): timestamp=2026-07-08T15:15:00 source_url=https://ak-static.cms.nba.com/referee/injury/Injury-Report_2026-07-08_03_15PM.pdf
2026-08-14 20:49:16,055 INFO Skipped non-substantive snapshot (no date/matchup pairs): timestamp=2026-07-08T03:30:00 source_url=https://ak-static.cms.nba.com/referee/injury/Injury-Report_2026-07-08_03_30AM.pdf
2026-08-14 20:49:16,070 INFO Skipped non-substantive snapshot (no date/matchup pairs): timestamp=2026-07-08T15:30:00 source_url=https://ak-static.cms.nba.com/referee/injury/Injury-Report_2026-07-08_03_30PM.pdf
2026-08-14 20:49:16,083 INFO Skipped non-substantive snapshot (no date/matchup pairs): timestamp=2026-07-08T03:45:00 source_url=https://ak-static.cms.nba.com/referee/injury/Injury-Report_2026-07-08_03_45AM.pdf
2026-08-14 20:49:16,097 INFO Skipped non-substantive snapshot (no date/matchup pairs): timestamp=2026-07-08T15:45:00 source_url=https://ak-static.cms.nba.com/referee/injury/Injury-Report_2026-07-08_03_45PM.pdf
2026-08-14 20:49:16,111 INFO Skipped non-substantive snapshot (no date/matchup pairs): timestamp=2026-07-08T04:00:00 source_url=https://ak-static.cms.nba.com/referee/injury/Injury-Report_2026-07-08_04_00AM.pdf
2026-08-14 20:49:16,124 INFO Skipped non-substantive snapshot (no date/matchup pairs): timestamp=2026-07-08T16:00:00 source_url=https://ak-static.cms.nba.com/referee/injury/Injury-Report_2026-07-08_04_00PM.pdf
2026-08-14 20:49:16,139 INFO Skipped non-substantive snapshot (no date/matchup pairs): timestamp=2026-07-08T04:15:00 source_url=https://ak-static.cms.nba.com/referee/injury/Injury-Report_2026-07-08_04_15AM.pdf
2026-08-14 20:49:16,153 INFO Skipped non-substantive snapshot (no date/matchup pairs): timestamp=2026-07-08T16:15:00 source_url=https://ak-static.cms.nba.com/referee/injury/Injury-Report_2026-07-08_04_15PM.pdf
2026-08-14 20:49:16,167 INFO Skipped non-substantive snapshot (no date/matchup pairs): timestamp=2026-07-08T04:30:00 source_url=https://ak-static.cms.nba.com/referee/injury/Injury-Report_2026-07-08_04_30AM.pdf
2026-08-14 20:49:16,180 INFO Skipped non-substantive snapshot (no date/matchup pairs): timestamp=2026-07-08T16:30:00 source_url=https://ak-static.cms.nba.com/referee/injury/Injury-Report_2026-07-08_04_30PM.pdf
2026-08-14 20:49:16,195 INFO Skipped non-substantive snapshot (no date/matchup pairs): timestamp=2026-07-08T04:45:00 source_url=https://ak-static.cms.nba.com/referee/injury/Injury-Report_2026-07-08_04_45AM.pdf
2026-08-14 20:49:16,209 INFO Skipped non-substantive snapshot (no date/matchup pairs): timestamp=2026-07-08T16:45:00 source_url=https://ak-static.cms.nba.com/referee/injury/Injury-Report_2026-07-08_04_45PM.pdf
2026-08-14 20:49:16,223 INFO Skipped non-substantive snapshot (no date/matchup pairs): timestamp=2026-07-08T05:00:00 source_url=https://ak-static.cms.nba.com/referee/injury/Injury-Report_2026-07-08_05_00AM.pdf
2026-08-14 20:49:16,236 INFO Skipped non-substantive snapshot (no date/matchup pairs): timestamp=2026-07-08T17:00:00 source_url=https://ak-static.cms.nba.com/referee/injury/Injury-Report_2026-07-08_05_00PM.pdf
2026-08-14 20:49:16,250 INFO Skipped non-substantive snapshot (no date/matchup pairs): timestamp=2026-07-08T05:15:00 source_url=https://ak-static.cms.nba.com/referee/injury/Injury-Report_2026-07-08_05_15AM.pdf
2026-08-14 20:49:16,265 INFO Skipped non-substantive snapshot (no date/matchup pairs): timestamp=2026-07-08T17:15:00 source_url=https://ak-static.cms.nba.com/referee/injury/Injury-Report_2026-07-08_05_15PM.pdf
2026-08-14 20:49:16,279 INFO Skipped non-substantive snapshot (no date/matchup pairs): timestamp=2026-07-08T05:30:00 source_url=https://ak-static.cms.nba.com/referee/injury/Injury-Report_2026-07-08_05_30AM.pdf
2026-08-14 20:49:16,292 INFO Skipped non-substantive snapshot (no date/matchup pairs): timestamp=2026-07-08T17:30:00 source_url=https://ak-static.cms.nba.com/referee/injury/Injury-Report_2026-07-08_05_30PM.pdf
2026-08-14 20:49:16,306 INFO Skipped non-substantive snapshot (no date/matchup pairs): timestamp=2026-07-08T05:45:00 source_url=https://ak-static.cms.nba.com/referee/injury/Injury-Report_2026-07-08_05_45AM.pdf
2026-08-14 20:49:16,321 INFO Skipped non-substantive snapshot (no date/matchup pairs): timestamp=2026-07-08T17:45:00 source_url=https://ak-static.cms.nba.com/referee/injury/Injury-Report_2026-07-08_05_45PM.pdf
2026-08-14 20:49:16,335 INFO Skipped non-substantive snapshot (no date/matchup pairs): timestamp=2026-07-08T06:00:00 source_url=https://ak-static.cms.nba.com/referee/injury/Injury-Report_2026-07-08_06_00AM.pdf
2026-08-14 20:49:16,348 INFO Skipped non-substantive snapshot (no date/matchup pairs): timestamp=2026-07-08T18:00:00 source_url=https://ak-static.cms.nba.com/referee/injury/Injury-Report_2026-07-08_06_00PM.pdf
2026-08-14 20:49:16,362 INFO Skipped non-substantive snapshot (no date/matchup pairs): timestamp=2026-07-08T06:15:00 source_url=https://ak-static.cms.nba.com/referee/injury/Injury-Report_2026-07-08_06_15AM.pdf
2026-08-14 20:49:16,376 INFO Skipped non-substantive snapshot (no date/matchup pairs): timestamp=2026-07-08T18:15:00 source_url=https://ak-static.cms.nba.com/referee/injury/Injury-Report_2026-07-08_06_15PM.pdf
2026-08-14 20:49:16,391 INFO Skipped non-substantive snapshot (no date/matchup pairs): timestamp=2026-07-08T06:30:00 source_url=https://ak-static.cms.nba.com/referee/injury/Injury-Report_2026-07-08_06_30AM.pdf
2026-08-14 20:49:16,404 INFO Skipped non-substantive snapshot (no date/matchup pairs): timestamp=2026-07-08T18:30:00 source_url=https://ak-static.cms.nba.com/referee/injury/Injury-Report_2026-07-08_06_30PM.pdf
2026-08-14 20:49:16,418 INFO Skipped non-substantive snapshot (no date/matchup pairs): timestamp=2026-07-08T06:45:00 source_url=https://ak-static.cms.nba.com/referee/injury/Injury-Report_2026-07-08_06_45AM.pdf
2026-08-14 20:49:16,432 INFO Skipped non-substantive snapshot (no date/matchup pairs): timestamp=2026-07-08T18:45:00 source_url=https://ak-static.cms.nba.com/referee/injury/Injury-Report_2026-07-08_06_45PM.pdf
2026-08-14 20:49:16,447 INFO Skipped non-substantive snapshot (no date/matchup pairs): timestamp=2026-07-08T07:00:00 source_url=https://ak-static.cms.nba.com/referee/injury/Injury-Report_2026-07-08_07_00AM.pdf
2026-08-14 20:49:16,460 INFO Skipped non-substantive snapshot (no date/matchup pairs): timestamp=2026-07-08T19:00:00 source_url=https://ak-static.cms.nba.com/referee/injury/Injury-Report_2026-07-08_07_00PM.pdf
2026-08-14 20:49:16,474 INFO Skipped non-substantive snapshot (no date/matchup pairs): timestamp=2026-07-08T07:15:00 source_url=https://ak-static.cms.nba.com/referee/injury/Injury-Report_2026-07-08_07_15AM.pdf
2026-08-14 20:49:16,487 INFO Skipped non-substantive snapshot (no date/matchup pairs): timestamp=2026-07-08T19:15:00 source_url=https://ak-static.cms.nba.com/referee/injury/Injury-Report_2026-07-08_07_15PM.pdf
2026-08-14 20:49:16,501 INFO Skipped non-substantive snapshot (no date/matchup pairs): timestamp=2026-07-08T07:30:00 source_url=https://ak-static.cms.nba.com/referee/injury/Injury-Report_2026-07-08_07_30AM.pdf
2026-08-14 20:49:16,516 INFO Skipped non-substantive snapshot (no date/matchup pairs): timestamp=2026-07-08T19:30:00 source_url=https://ak-static.cms.nba.com/referee/injury/Injury-Report_2026-07-08_07_30PM.pdf
2026-08-14 20:49:16,530 INFO Skipped non-substantive snapshot (no date/matchup pairs): timestamp=2026-07-08T07:45:00 source_url=https://ak-static.cms.nba.com/referee/injury/Injury-Report_2026-07-08_07_45AM.pdf
2026-08-14 20:49:16,544 INFO Skipped non-substantive snapshot (no date/matchup pairs): timestamp=2026-07-08T19:45:00 source_url=https://ak-static.cms.nba.com/referee/injury/Injury-Report_2026-07-08_07_45PM.pdf
2026-08-14 20:49:16,557 INFO Skipped non-substantive snapshot (no date/matchup pairs): timestamp=2026-07-08T08:00:00 source_url=https://ak-static.cms.nba.com/referee/injury/Injury-Report_2026-07-08_08_00AM.pdf
2026-08-14 20:49:16,572 INFO Skipped non-substantive snapshot (no date/matchup pairs): timestamp=2026-07-08T20:00:00 source_url=https://ak-static.cms.nba.com/referee/injury/Injury-Report_2026-07-08_08_00PM.pdf
2026-08-14 20:49:16,586 INFO Skipped non-substantive snapshot (no date/matchup pairs): timestamp=2026-07-08T08:15:00 source_url=https://ak-static.cms.nba.com/referee/injury/Injury-Report_2026-07-08_08_15AM.pdf
2026-08-14 20:49:16,599 INFO Skipped non-substantive snapshot (no date/matchup pairs): timestamp=2026-07-08T20:15:00 source_url=https://ak-static.cms.nba.com/referee/injury/Injury-Report_2026-07-08_08_15PM.pdf
2026-08-14 20:49:16,613 INFO Skipped non-substantive snapshot (no date/matchup pairs): timestamp=2026-07-08T08:30:00 source_url=https://ak-static.cms.nba.com/referee/injury/Injury-Report_2026-07-08_08_30AM.pdf
2026-08-14 20:49:16,627 INFO Skipped non-substantive snapshot (no date/matchup pairs): timestamp=2026-07-08T20:30:00 source_url=https://ak-static.cms.nba.com/referee/injury/Injury-Report_2026-07-08_08_30PM.pdf
2026-08-14 20:49:16,642 INFO Skipped non-substantive snapshot (no date/matchup pairs): timestamp=2026-07-08T08:45:00 source_url=https://ak-static.cms.nba.com/referee/injury/Injury-Report_2026-07-08_08_45AM.pdf
2026-08-14 20:49:16,656 INFO Skipped non-substantive snapshot (no date/matchup pairs): timestamp=2026-07-08T20:45:00 source_url=https://ak-static.cms.nba.com/referee/injury/Injury-Report_2026-07-08_08_45PM.pdf
2026-08-14 20:49:16,669 INFO Skipped non-substantive snapshot (no date/matchup pairs): timestamp=2026-07-08T09:00:00 source_url=https://ak-static.cms.nba.com/referee/injury/Injury-Report_2026-07-08_09_00AM.pdf
2026-08-14 20:49:16,683 INFO Skipped non-substantive snapshot (no date/matchup pairs): timestamp=2026-07-08T21:00:00 source_url=https://ak-static.cms.nba.com/referee/injury/Injury-Report_2026-07-08_09_00PM.pdf
2026-08-14 20:49:16,698 INFO Skipped non-substantive snapshot (no date/matchup pairs): timestamp=2026-07-08T09:15:00 source_url=https://ak-static.cms.nba.com/referee/injury/Injury-Report_2026-07-08_09_15AM.pdf
2026-08-14 20:49:16,712 INFO Skipped non-substantive snapshot (no date/matchup pairs): timestamp=2026-07-08T21:15:00 source_url=https://ak-static.cms.nba.com/referee/injury/Injury-Report_2026-07-08_09_15PM.pdf
2026-08-14 20:49:16,725 INFO Skipped non-substantive snapshot (no date/matchup pairs): timestamp=2026-07-08T09:30:00 source_url=https://ak-static.cms.nba.com/referee/injury/Injury-Report_2026-07-08_09_30AM.pdf
2026-08-14 20:49:16,739 INFO Skipped non-substantive snapshot (no date/matchup pairs): timestamp=2026-07-08T21:30:00 source_url=https://ak-static.cms.nba.com/referee/injury/Injury-Report_2026-07-08_09_30PM.pdf
2026-08-14 20:49:16,753 INFO Skipped non-substantive snapshot (no date/matchup pairs): timestamp=2026-07-08T09:45:00 source_url=https://ak-static.cms.nba.com/referee/injury/Injury-Report_2026-07-08_09_45AM.pdf
2026-08-14 20:49:16,768 INFO Skipped non-substantive snapshot (no date/matchup pairs): timestamp=2026-07-08T21:45:00 source_url=https://ak-static.cms.nba.com/referee/injury/Injury-Report_2026-07-08_09_45PM.pdf
2026-08-14 20:49:16,782 INFO Skipped non-substantive snapshot (no date/matchup pairs): timestamp=2026-07-08T10:00:00 source_url=https://ak-static.cms.nba.com/referee/injury/Injury-Report_2026-07-08_10_00AM.pdf
2026-08-14 20:49:16,795 INFO Skipped non-substantive snapshot (no date/matchup pairs): timestamp=2026-07-08T22:00:00 source_url=https://ak-static.cms.nba.com/referee/injury/Injury-Report_2026-07-08_10_00PM.pdf
2026-08-14 20:49:16,809 INFO Skipped non-substantive snapshot (no date/matchup pairs): timestamp=2026-07-08T10:15:00 source_url=https://ak-static.cms.nba.com/referee/injury/Injury-Report_2026-07-08_10_15AM.pdf
2026-08-14 20:49:16,824 INFO Skipped non-substantive snapshot (no date/matchup pairs): timestamp=2026-07-08T22:15:00 source_url=https://ak-static.cms.nba.com/referee/injury/Injury-Report_2026-07-08_10_15PM.pdf
2026-08-14 20:49:16,954 INFO Skipped non-substantive snapshot (no date/matchup pairs): timestamp=2026-07-08T10:30:00 source_url=https://ak-static.cms.nba.com/referee/injury/Injury-Report_2026-07-08_10_30AM.pdf
2026-08-14 20:49:16,968 INFO Skipped non-substantive snapshot (no date/matchup pairs): timestamp=2026-07-08T22:30:00 source_url=https://ak-static.cms.nba.com/referee/injury/Injury-Report_2026-07-08_10_30PM.pdf
2026-08-14 20:49:16,982 INFO Skipped non-substantive snapshot (no date/matchup pairs): timestamp=2026-07-08T10:45:00 source_url=https://ak-static.cms.nba.com/referee/injury/Injury-Report_2026-07-08_10_45AM.pdf
2026-08-14 20:49:16,995 INFO Skipped non-substantive snapshot (no date/matchup pairs): timestamp=2026-07-08T22:45:00 source_url=https://ak-static.cms.nba.com/referee/injury/Injury-Report_2026-07-08_10_45PM.pdf
2026-08-14 20:49:17,010 INFO Skipped non-substantive snapshot (no date/matchup pairs): timestamp=2026-07-08T11:00:00 source_url=https://ak-static.cms.nba.com/referee/injury/Injury-Report_2026-07-08_11_00AM.pdf
2026-08-14 20:49:17,024 INFO Skipped non-substantive snapshot (no date/matchup pairs): timestamp=2026-07-08T23:00:00 source_url=https://ak-static.cms.nba.com/referee/injury/Injury-Report_2026-07-08_11_00PM.pdf
2026-08-14 20:49:17,037 INFO Skipped non-substantive snapshot (no date/matchup pairs): timestamp=2026-07-08T11:15:00 source_url=https://ak-static.cms.nba.com/referee/injury/Injury-Report_2026-07-08_11_15AM.pdf
2026-08-14 20:49:17,051 INFO Skipped non-substantive snapshot (no date/matchup pairs): timestamp=2026-07-08T23:15:00 source_url=https://ak-static.cms.nba.com/referee/injury/Injury-Report_2026-07-08_11_15PM.pdf
2026-08-14 20:49:17,066 INFO Skipped non-substantive snapshot (no date/matchup pairs): timestamp=2026-07-08T11:30:00 source_url=https://ak-static.cms.nba.com/referee/injury/Injury-Report_2026-07-08_11_30AM.pdf
2026-08-14 20:49:17,080 INFO Skipped non-substantive snapshot (no date/matchup pairs): timestamp=2026-07-08T23:30:00 source_url=https://ak-static.cms.nba.com/referee/injury/Injury-Report_2026-07-08_11_30PM.pdf
2026-08-14 20:49:17,093 INFO Skipped non-substantive snapshot (no date/matchup pairs): timestamp=2026-07-08T11:45:00 source_url=https://ak-static.cms.nba.com/referee/injury/Injury-Report_2026-07-08_11_45AM.pdf
2026-08-14 20:49:17,107 INFO Skipped non-substantive snapshot (no date/matchup pairs): timestamp=2026-07-08T23:45:00 source_url=https://ak-static.cms.nba.com/referee/injury/Injury-Report_2026-07-08_11_45PM.pdf
2026-08-14 20:49:17,121 INFO Skipped non-substantive snapshot (no date/matchup pairs): timestamp=2026-07-08T00:00:00 source_url=https://ak-static.cms.nba.com/referee/injury/Injury-Report_2026-07-08_12_00AM.pdf
2026-08-14 20:49:17,136 INFO Skipped non-substantive snapshot (no date/matchup pairs): timestamp=2026-07-08T12:00:00 source_url=https://ak-static.cms.nba.com/referee/injury/Injury-Report_2026-07-08_12_00PM.pdf
2026-08-14 20:49:17,150 INFO Skipped non-substantive snapshot (no date/matchup pairs): timestamp=2026-07-08T00:15:00 source_url=https://ak-static.cms.nba.com/referee/injury/Injury-Report_2026-07-08_12_15AM.pdf
2026-08-14 20:49:17,164 INFO Skipped non-substantive snapshot (no date/matchup pairs): timestamp=2026-07-08T12:15:00 source_url=https://ak-static.cms.nba.com/referee/injury/Injury-Report_2026-07-08_12_15PM.pdf
2026-08-14 20:49:17,177 INFO Skipped non-substantive snapshot (no date/matchup pairs): timestamp=2026-07-08T00:30:00 source_url=https://ak-static.cms.nba.com/referee/injury/Injury-Report_2026-07-08_12_30AM.pdf
2026-08-14 20:49:17,193 INFO Skipped non-substantive snapshot (no date/matchup pairs): timestamp=2026-07-08T12:30:00 source_url=https://ak-static.cms.nba.com/referee/injury/Injury-Report_2026-07-08_12_30PM.pdf
2026-08-14 20:49:17,206 INFO Skipped non-substantive snapshot (no date/matchup pairs): timestamp=2026-07-08T00:45:00 source_url=https://ak-static.cms.nba.com/referee/injury/Injury-Report_2026-07-08_12_45AM.pdf
2026-08-14 20:49:17,220 INFO Skipped non-substantive snapshot (no date/matchup pairs): timestamp=2026-07-08T12:45:00 source_url=https://ak-static.cms.nba.com/referee/injury/Injury-Report_2026-07-08_12_45PM.pdf
2026-08-14 20:49:17,220 INFO Direct NBA day 87/123: 2026-07-08, 96 discovered -> 0 selected
2026-08-14 20:53:01,533 INFO Skipped non-substantive snapshot (no date/matchup pairs): timestamp=2026-07-09T01:00:00 source_url=https://ak-static.cms.nba.com/referee/injury/Injury-Report_2026-07-09_01_00AM.pdf
2026-08-14 20:53:01,560 INFO Skipped non-substantive snapshot (no date/matchup pairs): timestamp=2026-07-09T13:00:00 source_url=https://ak-static.cms.nba.com/referee/injury/Injury-Report_2026-07-09_01_00PM.pdf
2026-08-14 20:53:01,587 INFO Skipped non-substantive snapshot (no date/matchup pairs): timestamp=2026-07-09T01:15:00 source_url=https://ak-static.cms.nba.com/referee/injury/Injury-Report_2026-07-09_01_15AM.pdf
2026-08-14 20:53:01,613 INFO Skipped non-substantive snapshot (no date/matchup pairs): timestamp=2026-07-09T13:15:00 source_url=https://ak-static.cms.nba.com/referee/injury/Injury-Report_2026-07-09_01_15PM.pdf
2026-08-14 20:53:01,641 INFO Skipped non-substantive snapshot (no date/matchup pairs): timestamp=2026-07-09T01:30:00 source_url=https://ak-static.cms.nba.com/referee/injury/Injury-Report_2026-07-09_01_30AM.pdf
2026-08-14 20:53:01,707 INFO Skipped non-substantive snapshot (no date/matchup pairs): timestamp=2026-07-09T13:30:00 source_url=https://ak-static.cms.nba.com/referee/injury/Injury-Report_2026-07-09_01_30PM.pdf
2026-08-14 20:53:01,734 INFO Skipped non-substantive snapshot (no date/matchup pairs): timestamp=2026-07-09T01:45:00 source_url=https://ak-static.cms.nba.com/referee/injury/Injury-Report_2026-07-09_01_45AM.pdf
2026-08-14 20:53:01,761 INFO Skipped non-substantive snapshot (no date/matchup pairs): timestamp=2026-07-09T13:45:00 source_url=https://ak-static.cms.nba.com/referee/injury/Injury-Report_2026-07-09_01_45PM.pdf
2026-08-14 20:53:01,787 INFO Skipped non-substantive snapshot (no date/matchup pairs): timestamp=2026-07-09T02:00:00 source_url=https://ak-static.cms.nba.com/referee/injury/Injury-Report_2026-07-09_02_00AM.pdf
2026-08-14 20:53:01,815 INFO Skipped non-substantive snapshot (no date/matchup pairs): timestamp=2026-07-09T14:00:00 source_url=https://ak-static.cms.nba.com/referee/injury/Injury-Report_2026-07-09_02_00PM.pdf
2026-08-14 20:53:01,841 INFO Skipped non-substantive snapshot (no date/matchup pairs): timestamp=2026-07-09T02:15:00 source_url=https://ak-static.cms.nba.com/referee/injury/Injury-Report_2026-07-09_02_15AM.pdf
2026-08-14 20:53:01,868 INFO Skipped non-substantive snapshot (no date/matchup pairs): timestamp=2026-07-09T14:15:00 source_url=https://ak-static.cms.nba.com/referee/injury/Injury-Report_2026-07-09_02_15PM.pdf
2026-08-14 20:53:01,894 INFO Skipped non-substantive snapshot (no date/matchup pairs): timestamp=2026-07-09T02:30:00 source_url=https://ak-static.cms.nba.com/referee/injury/Injury-Report_2026-07-09_02_30AM.pdf
2026-08-14 20:53:01,922 INFO Skipped non-substantive snapshot (no date/matchup pairs): timestamp=2026-07-09T14:30:00 source_url=https://ak-static.cms.nba.com/referee/injury/Injury-Report_2026-07-09_02_30PM.pdf
2026-08-14 20:53:01,948 INFO Skipped non-substantive snapshot (no date/matchup pairs): timestamp=2026-07-09T02:45:00 source_url=https://ak-static.cms.nba.com/referee/injury/Injury-Report_2026-07-09_02_45AM.pdf
2026-08-14 20:53:01,975 INFO Skipped non-substantive snapshot (no date/matchup pairs): timestamp=2026-07-09T14:45:00 source_url=https://ak-static.cms.nba.com/referee/injury/Injury-Report_2026-07-09_02_45PM.pdf
2026-08-14 20:53:02,001 INFO Skipped non-substantive snapshot (no date/matchup pairs): timestamp=2026-07-09T03:00:00 source_url=https://ak-static.cms.nba.com/referee/injury/Injury-Report_2026-07-09_03_00AM.pdf
2026-08-14 20:53:02,027 INFO Skipped non-substantive snapshot (no date/matchup pairs): timestamp=2026-07-09T15:00:00 source_url=https://ak-static.cms.nba.com/referee/injury/Injury-Report_2026-07-09_03_00PM.pdf
2026-08-14 20:53:02,055 INFO Skipped non-substantive snapshot (no date/matchup pairs): timestamp=2026-07-09T03:15:00 source_url=https://ak-static.cms.nba.com/referee/injury/Injury-Report_2026-07-09_03_15AM.pdf
2026-08-14 20:53:02,080 INFO Skipped non-substantive snapshot (no date/matchup pairs): timestamp=2026-07-09T15:15:00 source_url=https://ak-static.cms.nba.com/referee/injury/Injury-Report_2026-07-09_03_15PM.pdf
2026-08-14 20:53:02,108 INFO Skipped non-substantive snapshot (no date/matchup pairs): timestamp=2026-07-09T03:30:00 source_url=https://ak-static.cms.nba.com/referee/injury/Injury-Report_2026-07-09_03_30AM.pdf
2026-08-14 20:53:02,134 INFO Skipped non-substantive snapshot (no date/matchup pairs): timestamp=2026-07-09T15:30:00 source_url=https://ak-static.cms.nba.com/referee/injury/Injury-Report_2026-07-09_03_30PM.pdf
2026-08-14 20:53:02,161 INFO Skipped non-substantive snapshot (no date/matchup pairs): timestamp=2026-07-09T03:45:00 source_url=https://ak-static.cms.nba.com/referee/injury/Injury-Report_2026-07-09_03_45AM.pdf
2026-08-14 20:53:02,187 INFO Skipped non-substantive snapshot (no date/matchup pairs): timestamp=2026-07-09T15:45:00 source_url=https://ak-static.cms.nba.com/referee/injury/Injury-Report_2026-07-09_03_45PM.pdf
2026-08-14 20:53:02,214 INFO Skipped non-substantive snapshot (no date/matchup pairs): timestamp=2026-07-09T04:00:00 source_url=https://ak-static.cms.nba.com/referee/injury/Injury-Report_2026-07-09_04_00AM.pdf
2026-08-14 20:53:02,240 INFO Skipped non-substantive snapshot (no date/matchup pairs): timestamp=2026-07-09T16:00:00 source_url=https://ak-static.cms.nba.com/referee/injury/Injury-Report_2026-07-09_04_00PM.pdf
2026-08-14 20:53:02,268 INFO Skipped non-substantive snapshot (no date/matchup pairs): timestamp=2026-07-09T04:15:00 source_url=https://ak-static.cms.nba.com/referee/injury/Injury-Report_2026-07-09_04_15AM.pdf
2026-08-14 20:53:02,294 INFO Skipped non-substantive snapshot (no date/matchup pairs): timestamp=2026-07-09T16:15:00 source_url=https://ak-static.cms.nba.com/referee/injury/Injury-Report_2026-07-09_04_15PM.pdf
2026-08-14 20:53:02,320 INFO Skipped non-substantive snapshot (no date/matchup pairs): timestamp=2026-07-09T04:30:00 source_url=https://ak-static.cms.nba.com/referee/injury/Injury-Report_2026-07-09_04_30AM.pdf
2026-08-14 20:53:02,385 INFO Skipped non-substantive snapshot (no date/matchup pairs): timestamp=2026-07-09T16:30:00 source_url=https://ak-static.cms.nba.com/referee/injury/Injury-Report_2026-07-09_04_30PM.pdf
2026-08-14 20:53:02,411 INFO Skipped non-substantive snapshot (no date/matchup pairs): timestamp=2026-07-09T04:45:00 source_url=https://ak-static.cms.nba.com/referee/injury/Injury-Report_2026-07-09_04_45AM.pdf
2026-08-14 20:53:02,438 INFO Skipped non-substantive snapshot (no date/matchup pairs): timestamp=2026-07-09T16:45:00 source_url=https://ak-static.cms.nba.com/referee/injury/Injury-Report_2026-07-09_04_45PM.pdf
2026-08-14 20:53:02,464 INFO Skipped non-substantive snapshot (no date/matchup pairs): timestamp=2026-07-09T05:00:00 source_url=https://ak-static.cms.nba.com/referee/injury/Injury-Report_2026-07-09_05_00AM.pdf
2026-08-14 20:53:02,491 INFO Skipped non-substantive snapshot (no date/matchup pairs): timestamp=2026-07-09T17:00:00 source_url=https://ak-static.cms.nba.com/referee/injury/Injury-Report_2026-07-09_05_00PM.pdf
2026-08-14 20:53:02,517 INFO Skipped non-substantive snapshot (no date/matchup pairs): timestamp=2026-07-09T05:15:00 source_url=https://ak-static.cms.nba.com/referee/injury/Injury-Report_2026-07-09_05_15AM.pdf
2026-08-14 20:53:02,544 INFO Skipped non-substantive snapshot (no date/matchup pairs): timestamp=2026-07-09T17:15:00 source_url=https://ak-static.cms.nba.com/referee/injury/Injury-Report_2026-07-09_05_15PM.pdf
2026-08-14 20:53:02,570 INFO Skipped non-substantive snapshot (no date/matchup pairs): timestamp=2026-07-09T05:30:00 source_url=https://ak-static.cms.nba.com/referee/injury/Injury-Report_2026-07-09_05_30AM.pdf
2026-08-14 20:53:02,597 INFO Skipped non-substantive snapshot (no date/matchup pairs): timestamp=2026-07-09T17:30:00 source_url=https://ak-static.cms.nba.com/referee/injury/Injury-Report_2026-07-09_05_30PM.pdf
2026-08-14 20:53:02,623 INFO Skipped non-substantive snapshot (no date/matchup pairs): timestamp=2026-07-09T05:45:00 source_url=https://ak-static.cms.nba.com/referee/injury/Injury-Report_2026-07-09_05_45AM.pdf
2026-08-14 20:53:02,649 INFO Skipped non-substantive snapshot (no date/matchup pairs): timestamp=2026-07-09T17:45:00 source_url=https://ak-static.cms.nba.com/referee/injury/Injury-Report_2026-07-09_05_45PM.pdf
2026-08-14 20:53:02,676 INFO Skipped non-substantive snapshot (no date/matchup pairs): timestamp=2026-07-09T06:00:00 source_url=https://ak-static.cms.nba.com/referee/injury/Injury-Report_2026-07-09_06_00AM.pdf
2026-08-14 20:53:02,702 INFO Skipped non-substantive snapshot (no date/matchup pairs): timestamp=2026-07-09T18:00:00 source_url=https://ak-static.cms.nba.com/referee/injury/Injury-Report_2026-07-09_06_00PM.pdf
2026-08-14 20:53:02,729 INFO Skipped non-substantive snapshot (no date/matchup pairs): timestamp=2026-07-09T06:15:00 source_url=https://ak-static.cms.nba.com/referee/injury/Injury-Report_2026-07-09_06_15AM.pdf
2026-08-14 20:53:02,755 INFO Skipped non-substantive snapshot (no date/matchup pairs): timestamp=2026-07-09T18:15:00 source_url=https://ak-static.cms.nba.com/referee/injury/Injury-Report_2026-07-09_06_15PM.pdf
2026-08-14 20:53:02,782 INFO Skipped non-substantive snapshot (no date/matchup pairs): timestamp=2026-07-09T06:30:00 source_url=https://ak-static.cms.nba.com/referee/injury/Injury-Report_2026-07-09_06_30AM.pdf
2026-08-14 20:53:02,807 INFO Skipped non-substantive snapshot (no date/matchup pairs): timestamp=2026-07-09T18:30:00 source_url=https://ak-static.cms.nba.com/referee/injury/Injury-Report_2026-07-09_06_30PM.pdf
2026-08-14 20:53:02,835 INFO Skipped non-substantive snapshot (no date/matchup pairs): timestamp=2026-07-09T06:45:00 source_url=https://ak-static.cms.nba.com/referee/injury/Injury-Report_2026-07-09_06_45AM.pdf
2026-08-14 20:53:02,860 INFO Skipped non-substantive snapshot (no date/matchup pairs): timestamp=2026-07-09T18:45:00 source_url=https://ak-static.cms.nba.com/referee/injury/Injury-Report_2026-07-09_06_45PM.pdf
2026-08-14 20:53:02,888 INFO Skipped non-substantive snapshot (no date/matchup pairs): timestamp=2026-07-09T07:00:00 source_url=https://ak-static.cms.nba.com/referee/injury/Injury-Report_2026-07-09_07_00AM.pdf
2026-08-14 20:53:02,913 INFO Skipped non-substantive snapshot (no date/matchup pairs): timestamp=2026-07-09T19:00:00 source_url=https://ak-static.cms.nba.com/referee/injury/Injury-Report_2026-07-09_07_00PM.pdf
2026-08-14 20:53:02,939 INFO Skipped non-substantive snapshot (no date/matchup pairs): timestamp=2026-07-09T07:15:00 source_url=https://ak-static.cms.nba.com/referee/injury/Injury-Report_2026-07-09_07_15AM.pdf
2026-08-14 20:53:02,967 INFO Skipped non-substantive snapshot (no date/matchup pairs): timestamp=2026-07-09T19:15:00 source_url=https://ak-static.cms.nba.com/referee/injury/Injury-Report_2026-07-09_07_15PM.pdf
2026-08-14 20:53:02,992 INFO Skipped non-substantive snapshot (no date/matchup pairs): timestamp=2026-07-09T07:30:00 source_url=https://ak-static.cms.nba.com/referee/injury/Injury-Report_2026-07-09_07_30AM.pdf
2026-08-14 20:53:03,057 INFO Skipped non-substantive snapshot (no date/matchup pairs): timestamp=2026-07-09T19:30:00 source_url=https://ak-static.cms.nba.com/referee/injury/Injury-Report_2026-07-09_07_30PM.pdf
2026-08-14 20:53:03,084 INFO Skipped non-substantive snapshot (no date/matchup pairs): timestamp=2026-07-09T07:45:00 source_url=https://ak-static.cms.nba.com/referee/injury/Injury-Report_2026-07-09_07_45AM.pdf
2026-08-14 20:53:03,111 INFO Skipped non-substantive snapshot (no date/matchup pairs): timestamp=2026-07-09T19:45:00 source_url=https://ak-static.cms.nba.com/referee/injury/Injury-Report_2026-07-09_07_45PM.pdf
2026-08-14 20:53:03,137 INFO Skipped non-substantive snapshot (no date/matchup pairs): timestamp=2026-07-09T08:00:00 source_url=https://ak-static.cms.nba.com/referee/injury/Injury-Report_2026-07-09_08_00AM.pdf
2026-08-14 20:53:03,164 INFO Skipped non-substantive snapshot (no date/matchup pairs): timestamp=2026-07-09T20:00:00 source_url=https://ak-static.cms.nba.com/referee/injury/Injury-Report_2026-07-09_08_00PM.pdf
2026-08-14 20:53:03,190 INFO Skipped non-substantive snapshot (no date/matchup pairs): timestamp=2026-07-09T08:15:00 source_url=https://ak-static.cms.nba.com/referee/injury/Injury-Report_2026-07-09_08_15AM.pdf
2026-08-14 20:53:03,218 INFO Skipped non-substantive snapshot (no date/matchup pairs): timestamp=2026-07-09T20:15:00 source_url=https://ak-static.cms.nba.com/referee/injury/Injury-Report_2026-07-09_08_15PM.pdf
2026-08-14 20:53:03,243 INFO Skipped non-substantive snapshot (no date/matchup pairs): timestamp=2026-07-09T08:30:00 source_url=https://ak-static.cms.nba.com/referee/injury/Injury-Report_2026-07-09_08_30AM.pdf
2026-08-14 20:53:03,270 INFO Skipped non-substantive snapshot (no date/matchup pairs): timestamp=2026-07-09T20:30:00 source_url=https://ak-static.cms.nba.com/referee/injury/Injury-Report_2026-07-09_08_30PM.pdf
2026-08-14 20:53:03,297 INFO Skipped non-substantive snapshot (no date/matchup pairs): timestamp=2026-07-09T08:45:00 source_url=https://ak-static.cms.nba.com/referee/injury/Injury-Report_2026-07-09_08_45AM.pdf
2026-08-14 20:53:03,323 INFO Skipped non-substantive snapshot (no date/matchup pairs): timestamp=2026-07-09T20:45:00 source_url=https://ak-static.cms.nba.com/referee/injury/Injury-Report_2026-07-09_08_45PM.pdf
2026-08-14 20:53:03,350 INFO Skipped non-substantive snapshot (no date/matchup pairs): timestamp=2026-07-09T09:00:00 source_url=https://ak-static.cms.nba.com/referee/injury/Injury-Report_2026-07-09_09_00AM.pdf
2026-08-14 20:53:03,376 INFO Skipped non-substantive snapshot (no date/matchup pairs): timestamp=2026-07-09T21:00:00 source_url=https://ak-static.cms.nba.com/referee/injury/Injury-Report_2026-07-09_09_00PM.pdf
2026-08-14 20:53:03,403 INFO Skipped non-substantive snapshot (no date/matchup pairs): timestamp=2026-07-09T09:15:00 source_url=https://ak-static.cms.nba.com/referee/injury/Injury-Report_2026-07-09_09_15AM.pdf
2026-08-14 20:53:03,429 INFO Skipped non-substantive snapshot (no date/matchup pairs): timestamp=2026-07-09T21:15:00 source_url=https://ak-static.cms.nba.com/referee/injury/Injury-Report_2026-07-09_09_15PM.pdf
2026-08-14 20:53:03,457 INFO Skipped non-substantive snapshot (no date/matchup pairs): timestamp=2026-07-09T09:30:00 source_url=https://ak-static.cms.nba.com/referee/injury/Injury-Report_2026-07-09_09_30AM.pdf
2026-08-14 20:53:03,482 INFO Skipped non-substantive snapshot (no date/matchup pairs): timestamp=2026-07-09T21:30:00 source_url=https://ak-static.cms.nba.com/referee/injury/Injury-Report_2026-07-09_09_30PM.pdf
2026-08-14 20:53:03,508 INFO Skipped non-substantive snapshot (no date/matchup pairs): timestamp=2026-07-09T09:45:00 source_url=https://ak-static.cms.nba.com/referee/injury/Injury-Report_2026-07-09_09_45AM.pdf
2026-08-14 20:53:03,536 INFO Skipped non-substantive snapshot (no date/matchup pairs): timestamp=2026-07-09T21:45:00 source_url=https://ak-static.cms.nba.com/referee/injury/Injury-Report_2026-07-09_09_45PM.pdf
2026-08-14 20:53:03,562 INFO Skipped non-substantive snapshot (no date/matchup pairs): timestamp=2026-07-09T10:00:00 source_url=https://ak-static.cms.nba.com/referee/injury/Injury-Report_2026-07-09_10_00AM.pdf
2026-08-14 20:53:03,589 INFO Skipped non-substantive snapshot (no date/matchup pairs): timestamp=2026-07-09T22:00:00 source_url=https://ak-static.cms.nba.com/referee/injury/Injury-Report_2026-07-09_10_00PM.pdf
2026-08-14 20:53:03,615 INFO Skipped non-substantive snapshot (no date/matchup pairs): timestamp=2026-07-09T10:15:00 source_url=https://ak-static.cms.nba.com/referee/injury/Injury-Report_2026-07-09_10_15AM.pdf
2026-08-14 20:53:03,642 INFO Skipped non-substantive snapshot (no date/matchup pairs): timestamp=2026-07-09T22:15:00 source_url=https://ak-static.cms.nba.com/referee/injury/Injury-Report_2026-07-09_10_15PM.pdf
2026-08-14 20:53:03,668 INFO Skipped non-substantive snapshot (no date/matchup pairs): timestamp=2026-07-09T10:30:00 source_url=https://ak-static.cms.nba.com/referee/injury/Injury-Report_2026-07-09_10_30AM.pdf
2026-08-14 20:53:03,695 INFO Skipped non-substantive snapshot (no date/matchup pairs): timestamp=2026-07-09T22:30:00 source_url=https://ak-static.cms.nba.com/referee/injury/Injury-Report_2026-07-09_10_30PM.pdf
2026-08-14 20:53:03,760 INFO Skipped non-substantive snapshot (no date/matchup pairs): timestamp=2026-07-09T10:45:00 source_url=https://ak-static.cms.nba.com/referee/injury/Injury-Report_2026-07-09_10_45AM.pdf
2026-08-14 20:53:03,787 INFO Skipped non-substantive snapshot (no date/matchup pairs): timestamp=2026-07-09T22:45:00 source_url=https://ak-static.cms.nba.com/referee/injury/Injury-Report_2026-07-09_10_45PM.pdf
2026-08-14 20:53:03,814 INFO Skipped non-substantive snapshot (no date/matchup pairs): timestamp=2026-07-09T11:00:00 source_url=https://ak-static.cms.nba.com/referee/injury/Injury-Report_2026-07-09_11_00AM.pdf
2026-08-14 20:53:03,841 INFO Skipped non-substantive snapshot (no date/matchup pairs): timestamp=2026-07-09T23:00:00 source_url=https://ak-static.cms.nba.com/referee/injury/Injury-Report_2026-07-09_11_00PM.pdf
2026-08-14 20:53:03,867 INFO Skipped non-substantive snapshot (no date/matchup pairs): timestamp=2026-07-09T11:15:00 source_url=https://ak-static.cms.nba.com/referee/injury/Injury-Report_2026-07-09_11_15AM.pdf
2026-08-14 20:53:03,894 INFO Skipped non-substantive snapshot (no date/matchup pairs): timestamp=2026-07-09T23:15:00 source_url=https://ak-static.cms.nba.com/referee/injury/Injury-Report_2026-07-09_11_15PM.pdf
2026-08-14 20:53:03,920 INFO Skipped non-substantive snapshot (no date/matchup pairs): timestamp=2026-07-09T11:30:00 source_url=https://ak-static.cms.nba.com/referee/injury/Injury-Report_2026-07-09_11_30AM.pdf
2026-08-14 20:53:03,947 INFO Skipped non-substantive snapshot (no date/matchup pairs): timestamp=2026-07-09T23:30:00 source_url=https://ak-static.cms.nba.com/referee/injury/Injury-Report_2026-07-09_11_30PM.pdf
2026-08-14 20:53:03,973 INFO Skipped non-substantive snapshot (no date/matchup pairs): timestamp=2026-07-09T11:45:00 source_url=https://ak-static.cms.nba.com/referee/injury/Injury-Report_2026-07-09_11_45AM.pdf
2026-08-14 20:53:03,999 INFO Skipped non-substantive snapshot (no date/matchup pairs): timestamp=2026-07-09T23:45:00 source_url=https://ak-static.cms.nba.com/referee/injury/Injury-Report_2026-07-09_11_45PM.pdf
2026-08-14 20:53:04,027 INFO Skipped non-substantive snapshot (no date/matchup pairs): timestamp=2026-07-09T00:00:00 source_url=https://ak-static.cms.nba.com/referee/injury/Injury-Report_2026-07-09_12_00AM.pdf
2026-08-14 20:53:04,053 INFO Skipped non-substantive snapshot (no date/matchup pairs): timestamp=2026-07-09T12:00:00 source_url=https://ak-static.cms.nba.com/referee/injury/Injury-Report_2026-07-09_12_00PM.pdf
2026-08-14 20:53:04,080 INFO Skipped non-substantive snapshot (no date/matchup pairs): timestamp=2026-07-09T00:15:00 source_url=https://ak-static.cms.nba.com/referee/injury/Injury-Report_2026-07-09_12_15AM.pdf
2026-08-14 20:53:04,106 INFO Skipped non-substantive snapshot (no date/matchup pairs): timestamp=2026-07-09T12:15:00 source_url=https://ak-static.cms.nba.com/referee/injury/Injury-Report_2026-07-09_12_15PM.pdf
2026-08-14 20:53:04,133 INFO Skipped non-substantive snapshot (no date/matchup pairs): timestamp=2026-07-09T00:30:00 source_url=https://ak-static.cms.nba.com/referee/injury/Injury-Report_2026-07-09_12_30AM.pdf
2026-08-14 20:53:04,159 INFO Skipped non-substantive snapshot (no date/matchup pairs): timestamp=2026-07-09T12:30:00 source_url=https://ak-static.cms.nba.com/referee/injury/Injury-Report_2026-07-09_12_30PM.pdf
2026-08-14 20:53:04,186 INFO Skipped non-substantive snapshot (no date/matchup pairs): timestamp=2026-07-09T00:45:00 source_url=https://ak-static.cms.nba.com/referee/injury/Injury-Report_2026-07-09_12_45AM.pdf
2026-08-14 20:53:04,212 INFO Skipped non-substantive snapshot (no date/matchup pairs): timestamp=2026-07-09T12:45:00 source_url=https://ak-static.cms.nba.com/referee/injury/Injury-Report_2026-07-09_12_45PM.pdf
2026-08-14 20:53:04,212 INFO Direct NBA day 88/123: 2026-07-09, 96 discovered -> 0 selected
2026-08-14 20:56:49,637 INFO Skipped non-substantive snapshot (no date/matchup pairs): timestamp=2026-07-10T01:00:00 source_url=https://ak-static.cms.nba.com/referee/injury/Injury-Report_2026-07-10_01_00AM.pdf
2026-08-14 20:56:49,665 INFO Skipped non-substantive snapshot (no date/matchup pairs): timestamp=2026-07-10T13:00:00 source_url=https://ak-static.cms.nba.com/referee/injury/Injury-Report_2026-07-10_01_00PM.pdf
2026-08-14 20:56:49,694 INFO Skipped non-substantive snapshot (no date/matchup pairs): timestamp=2026-07-10T01:15:00 source_url=https://ak-static.cms.nba.com/referee/injury/Injury-Report_2026-07-10_01_15AM.pdf
2026-08-14 20:56:49,721 INFO Skipped non-substantive snapshot (no date/matchup pairs): timestamp=2026-07-10T13:15:00 source_url=https://ak-static.cms.nba.com/referee/injury/Injury-Report_2026-07-10_01_15PM.pdf
2026-08-14 20:56:49,750 INFO Skipped non-substantive snapshot (no date/matchup pairs): timestamp=2026-07-10T01:30:00 source_url=https://ak-static.cms.nba.com/referee/injury/Injury-Report_2026-07-10_01_30AM.pdf
2026-08-14 20:56:49,777 INFO Skipped non-substantive snapshot (no date/matchup pairs): timestamp=2026-07-10T13:30:00 source_url=https://ak-static.cms.nba.com/referee/injury/Injury-Report_2026-07-10_01_30PM.pdf
2026-08-14 20:56:49,806 INFO Skipped non-substantive snapshot (no date/matchup pairs): timestamp=2026-07-10T01:45:00 source_url=https://ak-static.cms.nba.com/referee/injury/Injury-Report_2026-07-10_01_45AM.pdf
2026-08-14 20:56:49,833 INFO Skipped non-substantive snapshot (no date/matchup pairs): timestamp=2026-07-10T13:45:00 source_url=https://ak-static.cms.nba.com/referee/injury/Injury-Report_2026-07-10_01_45PM.pdf
2026-08-14 20:56:49,862 INFO Skipped non-substantive snapshot (no date/matchup pairs): timestamp=2026-07-10T02:00:00 source_url=https://ak-static.cms.nba.com/referee/injury/Injury-Report_2026-07-10_02_00AM.pdf
2026-08-14 20:56:49,889 INFO Skipped non-substantive snapshot (no date/matchup pairs): timestamp=2026-07-10T14:00:00 source_url=https://ak-static.cms.nba.com/referee/injury/Injury-Report_2026-07-10_02_00PM.pdf
2026-08-14 20:56:49,918 INFO Skipped non-substantive snapshot (no date/matchup pairs): timestamp=2026-07-10T02:15:00 source_url=https://ak-static.cms.nba.com/referee/injury/Injury-Report_2026-07-10_02_15AM.pdf
2026-08-14 20:56:49,945 INFO Skipped non-substantive snapshot (no date/matchup pairs): timestamp=2026-07-10T14:15:00 source_url=https://ak-static.cms.nba.com/referee/injury/Injury-Report_2026-07-10_02_15PM.pdf
2026-08-14 20:56:49,973 INFO Skipped non-substantive snapshot (no date/matchup pairs): timestamp=2026-07-10T02:30:00 source_url=https://ak-static.cms.nba.com/referee/injury/Injury-Report_2026-07-10_02_30AM.pdf
2026-08-14 20:56:50,042 INFO Skipped non-substantive snapshot (no date/matchup pairs): timestamp=2026-07-10T14:30:00 source_url=https://ak-static.cms.nba.com/referee/injury/Injury-Report_2026-07-10_02_30PM.pdf
2026-08-14 20:56:50,069 INFO Skipped non-substantive snapshot (no date/matchup pairs): timestamp=2026-07-10T02:45:00 source_url=https://ak-static.cms.nba.com/referee/injury/Injury-Report_2026-07-10_02_45AM.pdf
2026-08-14 20:56:50,097 INFO Skipped non-substantive snapshot (no date/matchup pairs): timestamp=2026-07-10T14:45:00 source_url=https://ak-static.cms.nba.com/referee/injury/Injury-Report_2026-07-10_02_45PM.pdf
2026-08-14 20:56:50,125 INFO Skipped non-substantive snapshot (no date/matchup pairs): timestamp=2026-07-10T03:00:00 source_url=https://ak-static.cms.nba.com/referee/injury/Injury-Report_2026-07-10_03_00AM.pdf
2026-08-14 20:56:50,153 INFO Skipped non-substantive snapshot (no date/matchup pairs): timestamp=2026-07-10T15:00:00 source_url=https://ak-static.cms.nba.com/referee/injury/Injury-Report_2026-07-10_03_00PM.pdf
2026-08-14 20:56:50,181 INFO Skipped non-substantive snapshot (no date/matchup pairs): timestamp=2026-07-10T03:15:00 source_url=https://ak-static.cms.nba.com/referee/injury/Injury-Report_2026-07-10_03_15AM.pdf
2026-08-14 20:56:50,209 INFO Skipped non-substantive snapshot (no date/matchup pairs): timestamp=2026-07-10T15:15:00 source_url=https://ak-static.cms.nba.com/referee/injury/Injury-Report_2026-07-10_03_15PM.pdf
2026-08-14 20:56:50,237 INFO Skipped non-substantive snapshot (no date/matchup pairs): timestamp=2026-07-10T03:30:00 source_url=https://ak-static.cms.nba.com/referee/injury/Injury-Report_2026-07-10_03_30AM.pdf
2026-08-14 20:56:50,265 INFO Skipped non-substantive snapshot (no date/matchup pairs): timestamp=2026-07-10T15:30:00 source_url=https://ak-static.cms.nba.com/referee/injury/Injury-Report_2026-07-10_03_30PM.pdf
2026-08-14 20:56:50,292 INFO Skipped non-substantive snapshot (no date/matchup pairs): timestamp=2026-07-10T03:45:00 source_url=https://ak-static.cms.nba.com/referee/injury/Injury-Report_2026-07-10_03_45AM.pdf
2026-08-14 20:56:50,321 INFO Skipped non-substantive snapshot (no date/matchup pairs): timestamp=2026-07-10T15:45:00 source_url=https://ak-static.cms.nba.com/referee/injury/Injury-Report_2026-07-10_03_45PM.pdf
2026-08-14 20:56:50,348 INFO Skipped non-substantive snapshot (no date/matchup pairs): timestamp=2026-07-10T04:00:00 source_url=https://ak-static.cms.nba.com/referee/injury/Injury-Report_2026-07-10_04_00AM.pdf
2026-08-14 20:56:50,377 INFO Skipped non-substantive snapshot (no date/matchup pairs): timestamp=2026-07-10T16:00:00 source_url=https://ak-static.cms.nba.com/referee/injury/Injury-Report_2026-07-10_04_00PM.pdf
2026-08-14 20:56:50,404 INFO Skipped non-substantive snapshot (no date/matchup pairs): timestamp=2026-07-10T04:15:00 source_url=https://ak-static.cms.nba.com/referee/injury/Injury-Report_2026-07-10_04_15AM.pdf
2026-08-14 20:56:50,432 INFO Skipped non-substantive snapshot (no date/matchup pairs): timestamp=2026-07-10T16:15:00 source_url=https://ak-static.cms.nba.com/referee/injury/Injury-Report_2026-07-10_04_15PM.pdf
2026-08-14 20:56:50,459 INFO Skipped non-substantive snapshot (no date/matchup pairs): timestamp=2026-07-10T04:30:00 source_url=https://ak-static.cms.nba.com/referee/injury/Injury-Report_2026-07-10_04_30AM.pdf
2026-08-14 20:56:50,488 INFO Skipped non-substantive snapshot (no date/matchup pairs): timestamp=2026-07-10T16:30:00 source_url=https://ak-static.cms.nba.com/referee/injury/Injury-Report_2026-07-10_04_30PM.pdf
2026-08-14 20:56:50,515 INFO Skipped non-substantive snapshot (no date/matchup pairs): timestamp=2026-07-10T04:45:00 source_url=https://ak-static.cms.nba.com/referee/injury/Injury-Report_2026-07-10_04_45AM.pdf
2026-08-14 20:56:50,544 INFO Skipped non-substantive snapshot (no date/matchup pairs): timestamp=2026-07-10T16:45:00 source_url=https://ak-static.cms.nba.com/referee/injury/Injury-Report_2026-07-10_04_45PM.pdf
2026-08-14 20:56:50,571 INFO Skipped non-substantive snapshot (no date/matchup pairs): timestamp=2026-07-10T05:00:00 source_url=https://ak-static.cms.nba.com/referee/injury/Injury-Report_2026-07-10_05_00AM.pdf
2026-08-14 20:56:50,600 INFO Skipped non-substantive snapshot (no date/matchup pairs): timestamp=2026-07-10T17:00:00 source_url=https://ak-static.cms.nba.com/referee/injury/Injury-Report_2026-07-10_05_00PM.pdf
2026-08-14 20:56:50,627 INFO Skipped non-substantive snapshot (no date/matchup pairs): timestamp=2026-07-10T05:15:00 source_url=https://ak-static.cms.nba.com/referee/injury/Injury-Report_2026-07-10_05_15AM.pdf
2026-08-14 20:56:50,654 INFO Skipped non-substantive snapshot (no date/matchup pairs): timestamp=2026-07-10T17:15:00 source_url=https://ak-static.cms.nba.com/referee/injury/Injury-Report_2026-07-10_05_15PM.pdf
2026-08-14 20:56:50,722 INFO Skipped non-substantive snapshot (no date/matchup pairs): timestamp=2026-07-10T05:30:00 source_url=https://ak-static.cms.nba.com/referee/injury/Injury-Report_2026-07-10_05_30AM.pdf
2026-08-14 20:56:50,750 INFO Skipped non-substantive snapshot (no date/matchup pairs): timestamp=2026-07-10T17:30:00 source_url=https://ak-static.cms.nba.com/referee/injury/Injury-Report_2026-07-10_05_30PM.pdf
2026-08-14 20:56:50,778 INFO Skipped non-substantive snapshot (no date/matchup pairs): timestamp=2026-07-10T05:45:00 source_url=https://ak-static.cms.nba.com/referee/injury/Injury-Report_2026-07-10_05_45AM.pdf
2026-08-14 20:56:50,807 INFO Skipped non-substantive snapshot (no date/matchup pairs): timestamp=2026-07-10T17:45:00 source_url=https://ak-static.cms.nba.com/referee/injury/Injury-Report_2026-07-10_05_45PM.pdf
2026-08-14 20:56:50,834 INFO Skipped non-substantive snapshot (no date/matchup pairs): timestamp=2026-07-10T06:00:00 source_url=https://ak-static.cms.nba.com/referee/injury/Injury-Report_2026-07-10_06_00AM.pdf
2026-08-14 20:56:50,863 INFO Skipped non-substantive snapshot (no date/matchup pairs): timestamp=2026-07-10T18:00:00 source_url=https://ak-static.cms.nba.com/referee/injury/Injury-Report_2026-07-10_06_00PM.pdf
2026-08-14 20:56:50,890 INFO Skipped non-substantive snapshot (no date/matchup pairs): timestamp=2026-07-10T06:15:00 source_url=https://ak-static.cms.nba.com/referee/injury/Injury-Report_2026-07-10_06_15AM.pdf
2026-08-14 20:56:50,919 INFO Skipped non-substantive snapshot (no date/matchup pairs): timestamp=2026-07-10T18:15:00 source_url=https://ak-static.cms.nba.com/referee/injury/Injury-Report_2026-07-10_06_15PM.pdf
2026-08-14 20:56:50,946 INFO Skipped non-substantive snapshot (no date/matchup pairs): timestamp=2026-07-10T06:30:00 source_url=https://ak-static.cms.nba.com/referee/injury/Injury-Report_2026-07-10_06_30AM.pdf
2026-08-14 20:56:50,975 INFO Skipped non-substantive snapshot (no date/matchup pairs): timestamp=2026-07-10T18:30:00 source_url=https://ak-static.cms.nba.com/referee/injury/Injury-Report_2026-07-10_06_30PM.pdf
2026-08-14 20:56:51,002 INFO Skipped non-substantive snapshot (no date/matchup pairs): timestamp=2026-07-10T06:45:00 source_url=https://ak-static.cms.nba.com/referee/injury/Injury-Report_2026-07-10_06_45AM.pdf
2026-08-14 20:56:51,031 INFO Skipped non-substantive snapshot (no date/matchup pairs): timestamp=2026-07-10T18:45:00 source_url=https://ak-static.cms.nba.com/referee/injury/Injury-Report_2026-07-10_06_45PM.pdf
2026-08-14 20:56:51,059 INFO Skipped non-substantive snapshot (no date/matchup pairs): timestamp=2026-07-10T07:00:00 source_url=https://ak-static.cms.nba.com/referee/injury/Injury-Report_2026-07-10_07_00AM.pdf
2026-08-14 20:56:51,086 INFO Skipped non-substantive snapshot (no date/matchup pairs): timestamp=2026-07-10T19:00:00 source_url=https://ak-static.cms.nba.com/referee/injury/Injury-Report_2026-07-10_07_00PM.pdf
2026-08-14 20:56:51,115 INFO Skipped non-substantive snapshot (no date/matchup pairs): timestamp=2026-07-10T07:15:00 source_url=https://ak-static.cms.nba.com/referee/injury/Injury-Report_2026-07-10_07_15AM.pdf
2026-08-14 20:56:51,143 INFO Skipped non-substantive snapshot (no date/matchup pairs): timestamp=2026-07-10T19:15:00 source_url=https://ak-static.cms.nba.com/referee/injury/Injury-Report_2026-07-10_07_15PM.pdf
2026-08-14 20:56:51,171 INFO Skipped non-substantive snapshot (no date/matchup pairs): timestamp=2026-07-10T07:30:00 source_url=https://ak-static.cms.nba.com/referee/injury/Injury-Report_2026-07-10_07_30AM.pdf
2026-08-14 20:56:51,199 INFO Skipped non-substantive snapshot (no date/matchup pairs): timestamp=2026-07-10T19:30:00 source_url=https://ak-static.cms.nba.com/referee/injury/Injury-Report_2026-07-10_07_30PM.pdf
2026-08-14 20:56:51,227 INFO Skipped non-substantive snapshot (no date/matchup pairs): timestamp=2026-07-10T07:45:00 source_url=https://ak-static.cms.nba.com/referee/injury/Injury-Report_2026-07-10_07_45AM.pdf
2026-08-14 20:56:51,255 INFO Skipped non-substantive snapshot (no date/matchup pairs): timestamp=2026-07-10T19:45:00 source_url=https://ak-static.cms.nba.com/referee/injury/Injury-Report_2026-07-10_07_45PM.pdf
2026-08-14 20:56:51,284 INFO Skipped non-substantive snapshot (no date/matchup pairs): timestamp=2026-07-10T08:00:00 source_url=https://ak-static.cms.nba.com/referee/injury/Injury-Report_2026-07-10_08_00AM.pdf
2026-08-14 20:56:51,311 INFO Skipped non-substantive snapshot (no date/matchup pairs): timestamp=2026-07-10T20:00:00 source_url=https://ak-static.cms.nba.com/referee/injury/Injury-Report_2026-07-10_08_00PM.pdf
2026-08-14 20:56:51,379 INFO Skipped non-substantive snapshot (no date/matchup pairs): timestamp=2026-07-10T08:15:00 source_url=https://ak-static.cms.nba.com/referee/injury/Injury-Report_2026-07-10_08_15AM.pdf
2026-08-14 20:56:51,406 INFO Skipped non-substantive snapshot (no date/matchup pairs): timestamp=2026-07-10T20:15:00 source_url=https://ak-static.cms.nba.com/referee/injury/Injury-Report_2026-07-10_08_15PM.pdf
2026-08-14 20:56:51,435 INFO Skipped non-substantive snapshot (no date/matchup pairs): timestamp=2026-07-10T08:30:00 source_url=https://ak-static.cms.nba.com/referee/injury/Injury-Report_2026-07-10_08_30AM.pdf
2026-08-14 20:56:51,462 INFO Skipped non-substantive snapshot (no date/matchup pairs): timestamp=2026-07-10T20:30:00 source_url=https://ak-static.cms.nba.com/referee/injury/Injury-Report_2026-07-10_08_30PM.pdf
2026-08-14 20:56:51,491 INFO Skipped non-substantive snapshot (no date/matchup pairs): timestamp=2026-07-10T08:45:00 source_url=https://ak-static.cms.nba.com/referee/injury/Injury-Report_2026-07-10_08_45AM.pdf
2026-08-14 20:56:51,518 INFO Skipped non-substantive snapshot (no date/matchup pairs): timestamp=2026-07-10T20:45:00 source_url=https://ak-static.cms.nba.com/referee/injury/Injury-Report_2026-07-10_08_45PM.pdf
2026-08-14 20:56:51,547 INFO Skipped non-substantive snapshot (no date/matchup pairs): timestamp=2026-07-10T09:00:00 source_url=https://ak-static.cms.nba.com/referee/injury/Injury-Report_2026-07-10_09_00AM.pdf
2026-08-14 20:56:51,574 INFO Skipped non-substantive snapshot (no date/matchup pairs): timestamp=2026-07-10T21:00:00 source_url=https://ak-static.cms.nba.com/referee/injury/Injury-Report_2026-07-10_09_00PM.pdf
2026-08-14 20:56:51,603 INFO Skipped non-substantive snapshot (no date/matchup pairs): timestamp=2026-07-10T09:15:00 source_url=https://ak-static.cms.nba.com/referee/injury/Injury-Report_2026-07-10_09_15AM.pdf
2026-08-14 20:56:51,630 INFO Skipped non-substantive snapshot (no date/matchup pairs): timestamp=2026-07-10T21:15:00 source_url=https://ak-static.cms.nba.com/referee/injury/Injury-Report_2026-07-10_09_15PM.pdf
2026-08-14 20:56:51,659 INFO Skipped non-substantive snapshot (no date/matchup pairs): timestamp=2026-07-10T09:30:00 source_url=https://ak-static.cms.nba.com/referee/injury/Injury-Report_2026-07-10_09_30AM.pdf
2026-08-14 20:56:51,686 INFO Skipped non-substantive snapshot (no date/matchup pairs): timestamp=2026-07-10T21:30:00 source_url=https://ak-static.cms.nba.com/referee/injury/Injury-Report_2026-07-10_09_30PM.pdf
2026-08-14 20:56:51,715 INFO Skipped non-substantive snapshot (no date/matchup pairs): timestamp=2026-07-10T09:45:00 source_url=https://ak-static.cms.nba.com/referee/injury/Injury-Report_2026-07-10_09_45AM.pdf
2026-08-14 20:56:51,742 INFO Skipped non-substantive snapshot (no date/matchup pairs): timestamp=2026-07-10T21:45:00 source_url=https://ak-static.cms.nba.com/referee/injury/Injury-Report_2026-07-10_09_45PM.pdf
2026-08-14 20:56:51,770 INFO Skipped non-substantive snapshot (no date/matchup pairs): timestamp=2026-07-10T10:00:00 source_url=https://ak-static.cms.nba.com/referee/injury/Injury-Report_2026-07-10_10_00AM.pdf
2026-08-14 20:56:51,799 INFO Skipped non-substantive snapshot (no date/matchup pairs): timestamp=2026-07-10T22:00:00 source_url=https://ak-static.cms.nba.com/referee/injury/Injury-Report_2026-07-10_10_00PM.pdf
2026-08-14 20:56:51,826 INFO Skipped non-substantive snapshot (no date/matchup pairs): timestamp=2026-07-10T10:15:00 source_url=https://ak-static.cms.nba.com/referee/injury/Injury-Report_2026-07-10_10_15AM.pdf
2026-08-14 20:56:51,854 INFO Skipped non-substantive snapshot (no date/matchup pairs): timestamp=2026-07-10T22:15:00 source_url=https://ak-static.cms.nba.com/referee/injury/Injury-Report_2026-07-10_10_15PM.pdf
2026-08-14 20:56:51,882 INFO Skipped non-substantive snapshot (no date/matchup pairs): timestamp=2026-07-10T10:30:00 source_url=https://ak-static.cms.nba.com/referee/injury/Injury-Report_2026-07-10_10_30AM.pdf
2026-08-14 20:56:51,910 INFO Skipped non-substantive snapshot (no date/matchup pairs): timestamp=2026-07-10T22:30:00 source_url=https://ak-static.cms.nba.com/referee/injury/Injury-Report_2026-07-10_10_30PM.pdf
2026-08-14 20:56:51,938 INFO Skipped non-substantive snapshot (no date/matchup pairs): timestamp=2026-07-10T10:45:00 source_url=https://ak-static.cms.nba.com/referee/injury/Injury-Report_2026-07-10_10_45AM.pdf
2026-08-14 20:56:51,966 INFO Skipped non-substantive snapshot (no date/matchup pairs): timestamp=2026-07-10T22:45:00 source_url=https://ak-static.cms.nba.com/referee/injury/Injury-Report_2026-07-10_10_45PM.pdf
2026-08-14 20:56:51,994 INFO Skipped non-substantive snapshot (no date/matchup pairs): timestamp=2026-07-10T11:00:00 source_url=https://ak-static.cms.nba.com/referee/injury/Injury-Report_2026-07-10_11_00AM.pdf
2026-08-14 20:56:52,061 INFO Skipped non-substantive snapshot (no date/matchup pairs): timestamp=2026-07-10T23:00:00 source_url=https://ak-static.cms.nba.com/referee/injury/Injury-Report_2026-07-10_11_00PM.pdf
2026-08-14 20:56:52,089 INFO Skipped non-substantive snapshot (no date/matchup pairs): timestamp=2026-07-10T11:15:00 source_url=https://ak-static.cms.nba.com/referee/injury/Injury-Report_2026-07-10_11_15AM.pdf
2026-08-14 20:56:52,117 INFO Skipped non-substantive snapshot (no date/matchup pairs): timestamp=2026-07-10T23:15:00 source_url=https://ak-static.cms.nba.com/referee/injury/Injury-Report_2026-07-10_11_15PM.pdf
2026-08-14 20:56:52,145 INFO Skipped non-substantive snapshot (no date/matchup pairs): timestamp=2026-07-10T11:30:00 source_url=https://ak-static.cms.nba.com/referee/injury/Injury-Report_2026-07-10_11_30AM.pdf
2026-08-14 20:56:52,174 INFO Skipped non-substantive snapshot (no date/matchup pairs): timestamp=2026-07-10T23:30:00 source_url=https://ak-static.cms.nba.com/referee/injury/Injury-Report_2026-07-10_11_30PM.pdf
2026-08-14 20:56:52,201 INFO Skipped non-substantive snapshot (no date/matchup pairs): timestamp=2026-07-10T11:45:00 source_url=https://ak-static.cms.nba.com/referee/injury/Injury-Report_2026-07-10_11_45AM.pdf
2026-08-14 20:56:52,229 INFO Skipped non-substantive snapshot (no date/matchup pairs): timestamp=2026-07-10T23:45:00 source_url=https://ak-static.cms.nba.com/referee/injury/Injury-Report_2026-07-10_11_45PM.pdf
2026-08-14 20:56:52,257 INFO Skipped non-substantive snapshot (no date/matchup pairs): timestamp=2026-07-10T00:00:00 source_url=https://ak-static.cms.nba.com/referee/injury/Injury-Report_2026-07-10_12_00AM.pdf
2026-08-14 20:56:52,286 INFO Skipped non-substantive snapshot (no date/matchup pairs): timestamp=2026-07-10T12:00:00 source_url=https://ak-static.cms.nba.com/referee/injury/Injury-Report_2026-07-10_12_00PM.pdf
2026-08-14 20:56:52,313 INFO Skipped non-substantive snapshot (no date/matchup pairs): timestamp=2026-07-10T00:15:00 source_url=https://ak-static.cms.nba.com/referee/injury/Injury-Report_2026-07-10_12_15AM.pdf
2026-08-14 20:56:52,342 INFO Skipped non-substantive snapshot (no date/matchup pairs): timestamp=2026-07-10T12:15:00 source_url=https://ak-static.cms.nba.com/referee/injury/Injury-Report_2026-07-10_12_15PM.pdf
2026-08-14 20:56:52,369 INFO Skipped non-substantive snapshot (no date/matchup pairs): timestamp=2026-07-10T00:30:00 source_url=https://ak-static.cms.nba.com/referee/injury/Injury-Report_2026-07-10_12_30AM.pdf
2026-08-14 20:56:52,398 INFO Skipped non-substantive snapshot (no date/matchup pairs): timestamp=2026-07-10T12:30:00 source_url=https://ak-static.cms.nba.com/referee/injury/Injury-Report_2026-07-10_12_30PM.pdf
2026-08-14 20:56:52,425 INFO Skipped non-substantive snapshot (no date/matchup pairs): timestamp=2026-07-10T00:45:00 source_url=https://ak-static.cms.nba.com/referee/injury/Injury-Report_2026-07-10_12_45AM.pdf
2026-08-14 20:56:52,452 INFO Skipped non-substantive snapshot (no date/matchup pairs): timestamp=2026-07-10T12:45:00 source_url=https://ak-static.cms.nba.com/referee/injury/Injury-Report_2026-07-10_12_45PM.pdf
2026-08-14 20:56:52,452 INFO Direct NBA day 89/123: 2026-07-10, 96 discovered -> 0 selected
2026-08-14 21:00:39,772 INFO Skipped non-substantive snapshot (no date/matchup pairs): timestamp=2026-07-11T01:00:00 source_url=https://ak-static.cms.nba.com/referee/injury/Injury-Report_2026-07-11_01_00AM.pdf
2026-08-14 21:00:39,801 INFO Skipped non-substantive snapshot (no date/matchup pairs): timestamp=2026-07-11T13:00:00 source_url=https://ak-static.cms.nba.com/referee/injury/Injury-Report_2026-07-11_01_00PM.pdf
2026-08-14 21:00:39,828 INFO Skipped non-substantive snapshot (no date/matchup pairs): timestamp=2026-07-11T01:15:00 source_url=https://ak-static.cms.nba.com/referee/injury/Injury-Report_2026-07-11_01_15AM.pdf
2026-08-14 21:00:39,857 INFO Skipped non-substantive snapshot (no date/matchup pairs): timestamp=2026-07-11T13:15:00 source_url=https://ak-static.cms.nba.com/referee/injury/Injury-Report_2026-07-11_01_15PM.pdf
2026-08-14 21:00:39,885 INFO Skipped non-substantive snapshot (no date/matchup pairs): timestamp=2026-07-11T01:30:00 source_url=https://ak-static.cms.nba.com/referee/injury/Injury-Report_2026-07-11_01_30AM.pdf
2026-08-14 21:00:39,914 INFO Skipped non-substantive snapshot (no date/matchup pairs): timestamp=2026-07-11T13:30:00 source_url=https://ak-static.cms.nba.com/referee/injury/Injury-Report_2026-07-11_01_30PM.pdf
2026-08-14 21:00:39,941 INFO Skipped non-substantive snapshot (no date/matchup pairs): timestamp=2026-07-11T01:45:00 source_url=https://ak-static.cms.nba.com/referee/injury/Injury-Report_2026-07-11_01_45AM.pdf
2026-08-14 21:00:39,970 INFO Skipped non-substantive snapshot (no date/matchup pairs): timestamp=2026-07-11T13:45:00 source_url=https://ak-static.cms.nba.com/referee/injury/Injury-Report_2026-07-11_01_45PM.pdf
2026-08-14 21:00:39,998 INFO Skipped non-substantive snapshot (no date/matchup pairs): timestamp=2026-07-11T02:00:00 source_url=https://ak-static.cms.nba.com/referee/injury/Injury-Report_2026-07-11_02_00AM.pdf
2026-08-14 21:00:40,027 INFO Skipped non-substantive snapshot (no date/matchup pairs): timestamp=2026-07-11T14:00:00 source_url=https://ak-static.cms.nba.com/referee/injury/Injury-Report_2026-07-11_02_00PM.pdf
2026-08-14 21:00:40,055 INFO Skipped non-substantive snapshot (no date/matchup pairs): timestamp=2026-07-11T02:15:00 source_url=https://ak-static.cms.nba.com/referee/injury/Injury-Report_2026-07-11_02_15AM.pdf
2026-08-14 21:00:40,084 INFO Skipped non-substantive snapshot (no date/matchup pairs): timestamp=2026-07-11T14:15:00 source_url=https://ak-static.cms.nba.com/referee/injury/Injury-Report_2026-07-11_02_15PM.pdf
2026-08-14 21:00:40,111 INFO Skipped non-substantive snapshot (no date/matchup pairs): timestamp=2026-07-11T02:30:00 source_url=https://ak-static.cms.nba.com/referee/injury/Injury-Report_2026-07-11_02_30AM.pdf
2026-08-14 21:00:40,141 INFO Skipped non-substantive snapshot (no date/matchup pairs): timestamp=2026-07-11T14:30:00 source_url=https://ak-static.cms.nba.com/referee/injury/Injury-Report_2026-07-11_02_30PM.pdf
2026-08-14 21:00:40,209 INFO Skipped non-substantive snapshot (no date/matchup pairs): timestamp=2026-07-11T02:45:00 source_url=https://ak-static.cms.nba.com/referee/injury/Injury-Report_2026-07-11_02_45AM.pdf
2026-08-14 21:00:40,238 INFO Skipped non-substantive snapshot (no date/matchup pairs): timestamp=2026-07-11T14:45:00 source_url=https://ak-static.cms.nba.com/referee/injury/Injury-Report_2026-07-11_02_45PM.pdf
2026-08-14 21:00:40,265 INFO Skipped non-substantive snapshot (no date/matchup pairs): timestamp=2026-07-11T03:00:00 source_url=https://ak-static.cms.nba.com/referee/injury/Injury-Report_2026-07-11_03_00AM.pdf
2026-08-14 21:00:40,294 INFO Skipped non-substantive snapshot (no date/matchup pairs): timestamp=2026-07-11T15:00:00 source_url=https://ak-static.cms.nba.com/referee/injury/Injury-Report_2026-07-11_03_00PM.pdf
2026-08-14 21:00:40,322 INFO Skipped non-substantive snapshot (no date/matchup pairs): timestamp=2026-07-11T03:15:00 source_url=https://ak-static.cms.nba.com/referee/injury/Injury-Report_2026-07-11_03_15AM.pdf
2026-08-14 21:00:40,351 INFO Skipped non-substantive snapshot (no date/matchup pairs): timestamp=2026-07-11T15:15:00 source_url=https://ak-static.cms.nba.com/referee/injury/Injury-Report_2026-07-11_03_15PM.pdf
2026-08-14 21:00:40,379 INFO Skipped non-substantive snapshot (no date/matchup pairs): timestamp=2026-07-11T03:30:00 source_url=https://ak-static.cms.nba.com/referee/injury/Injury-Report_2026-07-11_03_30AM.pdf
2026-08-14 21:00:40,408 INFO Skipped non-substantive snapshot (no date/matchup pairs): timestamp=2026-07-11T15:30:00 source_url=https://ak-static.cms.nba.com/referee/injury/Injury-Report_2026-07-11_03_30PM.pdf
2026-08-14 21:00:40,435 INFO Skipped non-substantive snapshot (no date/matchup pairs): timestamp=2026-07-11T03:45:00 source_url=https://ak-static.cms.nba.com/referee/injury/Injury-Report_2026-07-11_03_45AM.pdf
2026-08-14 21:00:40,464 INFO Skipped non-substantive snapshot (no date/matchup pairs): timestamp=2026-07-11T15:45:00 source_url=https://ak-static.cms.nba.com/referee/injury/Injury-Report_2026-07-11_03_45PM.pdf
2026-08-14 21:00:40,492 INFO Skipped non-substantive snapshot (no date/matchup pairs): timestamp=2026-07-11T04:00:00 source_url=https://ak-static.cms.nba.com/referee/injury/Injury-Report_2026-07-11_04_00AM.pdf
2026-08-14 21:00:40,521 INFO Skipped non-substantive snapshot (no date/matchup pairs): timestamp=2026-07-11T16:00:00 source_url=https://ak-static.cms.nba.com/referee/injury/Injury-Report_2026-07-11_04_00PM.pdf
2026-08-14 21:00:40,549 INFO Skipped non-substantive snapshot (no date/matchup pairs): timestamp=2026-07-11T04:15:00 source_url=https://ak-static.cms.nba.com/referee/injury/Injury-Report_2026-07-11_04_15AM.pdf
2026-08-14 21:00:40,578 INFO Skipped non-substantive snapshot (no date/matchup pairs): timestamp=2026-07-11T16:15:00 source_url=https://ak-static.cms.nba.com/referee/injury/Injury-Report_2026-07-11_04_15PM.pdf
2026-08-14 21:00:40,605 INFO Skipped non-substantive snapshot (no date/matchup pairs): timestamp=2026-07-11T04:30:00 source_url=https://ak-static.cms.nba.com/referee/injury/Injury-Report_2026-07-11_04_30AM.pdf
2026-08-14 21:00:40,634 INFO Skipped non-substantive snapshot (no date/matchup pairs): timestamp=2026-07-11T16:30:00 source_url=https://ak-static.cms.nba.com/referee/injury/Injury-Report_2026-07-11_04_30PM.pdf
2026-08-14 21:00:40,662 INFO Skipped non-substantive snapshot (no date/matchup pairs): timestamp=2026-07-11T04:45:00 source_url=https://ak-static.cms.nba.com/referee/injury/Injury-Report_2026-07-11_04_45AM.pdf
2026-08-14 21:00:40,690 INFO Skipped non-substantive snapshot (no date/matchup pairs): timestamp=2026-07-11T16:45:00 source_url=https://ak-static.cms.nba.com/referee/injury/Injury-Report_2026-07-11_04_45PM.pdf
2026-08-14 21:00:40,719 INFO Skipped non-substantive snapshot (no date/matchup pairs): timestamp=2026-07-11T05:00:00 source_url=https://ak-static.cms.nba.com/referee/injury/Injury-Report_2026-07-11_05_00AM.pdf
2026-08-14 21:00:40,747 INFO Skipped non-substantive snapshot (no date/matchup pairs): timestamp=2026-07-11T17:00:00 source_url=https://ak-static.cms.nba.com/referee/injury/Injury-Report_2026-07-11_05_00PM.pdf
2026-08-14 21:00:40,775 INFO Skipped non-substantive snapshot (no date/matchup pairs): timestamp=2026-07-11T05:15:00 source_url=https://ak-static.cms.nba.com/referee/injury/Injury-Report_2026-07-11_05_15AM.pdf
2026-08-14 21:00:40,803 INFO Skipped non-substantive snapshot (no date/matchup pairs): timestamp=2026-07-11T17:15:00 source_url=https://ak-static.cms.nba.com/referee/injury/Injury-Report_2026-07-11_05_15PM.pdf
2026-08-14 21:00:40,871 INFO Skipped non-substantive snapshot (no date/matchup pairs): timestamp=2026-07-11T05:30:00 source_url=https://ak-static.cms.nba.com/referee/injury/Injury-Report_2026-07-11_05_30AM.pdf
2026-08-14 21:00:40,899 INFO Skipped non-substantive snapshot (no date/matchup pairs): timestamp=2026-07-11T17:30:00 source_url=https://ak-static.cms.nba.com/referee/injury/Injury-Report_2026-07-11_05_30PM.pdf
2026-08-14 21:00:40,928 INFO Skipped non-substantive snapshot (no date/matchup pairs): timestamp=2026-07-11T05:45:00 source_url=https://ak-static.cms.nba.com/referee/injury/Injury-Report_2026-07-11_05_45AM.pdf
2026-08-14 21:00:40,956 INFO Skipped non-substantive snapshot (no date/matchup pairs): timestamp=2026-07-11T17:45:00 source_url=https://ak-static.cms.nba.com/referee/injury/Injury-Report_2026-07-11_05_45PM.pdf
2026-08-14 21:00:40,985 INFO Skipped non-substantive snapshot (no date/matchup pairs): timestamp=2026-07-11T06:00:00 source_url=https://ak-static.cms.nba.com/referee/injury/Injury-Report_2026-07-11_06_00AM.pdf
2026-08-14 21:00:41,013 INFO Skipped non-substantive snapshot (no date/matchup pairs): timestamp=2026-07-11T18:00:00 source_url=https://ak-static.cms.nba.com/referee/injury/Injury-Report_2026-07-11_06_00PM.pdf
2026-08-14 21:00:41,042 INFO Skipped non-substantive snapshot (no date/matchup pairs): timestamp=2026-07-11T06:15:00 source_url=https://ak-static.cms.nba.com/referee/injury/Injury-Report_2026-07-11_06_15AM.pdf
2026-08-14 21:00:41,070 INFO Skipped non-substantive snapshot (no date/matchup pairs): timestamp=2026-07-11T18:15:00 source_url=https://ak-static.cms.nba.com/referee/injury/Injury-Report_2026-07-11_06_15PM.pdf
2026-08-14 21:00:41,099 INFO Skipped non-substantive snapshot (no date/matchup pairs): timestamp=2026-07-11T06:30:00 source_url=https://ak-static.cms.nba.com/referee/injury/Injury-Report_2026-07-11_06_30AM.pdf
2026-08-14 21:00:41,126 INFO Skipped non-substantive snapshot (no date/matchup pairs): timestamp=2026-07-11T18:30:00 source_url=https://ak-static.cms.nba.com/referee/injury/Injury-Report_2026-07-11_06_30PM.pdf
2026-08-14 21:00:41,155 INFO Skipped non-substantive snapshot (no date/matchup pairs): timestamp=2026-07-11T06:45:00 source_url=https://ak-static.cms.nba.com/referee/injury/Injury-Report_2026-07-11_06_45AM.pdf
2026-08-14 21:00:41,183 INFO Skipped non-substantive snapshot (no date/matchup pairs): timestamp=2026-07-11T18:45:00 source_url=https://ak-static.cms.nba.com/referee/injury/Injury-Report_2026-07-11_06_45PM.pdf
2026-08-14 21:00:41,212 INFO Skipped non-substantive snapshot (no date/matchup pairs): timestamp=2026-07-11T07:00:00 source_url=https://ak-static.cms.nba.com/referee/injury/Injury-Report_2026-07-11_07_00AM.pdf
2026-08-14 21:00:41,240 INFO Skipped non-substantive snapshot (no date/matchup pairs): timestamp=2026-07-11T19:00:00 source_url=https://ak-static.cms.nba.com/referee/injury/Injury-Report_2026-07-11_07_00PM.pdf
2026-08-14 21:00:41,270 INFO Skipped non-substantive snapshot (no date/matchup pairs): timestamp=2026-07-11T07:15:00 source_url=https://ak-static.cms.nba.com/referee/injury/Injury-Report_2026-07-11_07_15AM.pdf
2026-08-14 21:00:41,299 INFO Skipped non-substantive snapshot (no date/matchup pairs): timestamp=2026-07-11T19:15:00 source_url=https://ak-static.cms.nba.com/referee/injury/Injury-Report_2026-07-11_07_15PM.pdf
2026-08-14 21:00:41,328 INFO Skipped non-substantive snapshot (no date/matchup pairs): timestamp=2026-07-11T07:30:00 source_url=https://ak-static.cms.nba.com/referee/injury/Injury-Report_2026-07-11_07_30AM.pdf
2026-08-14 21:00:41,356 INFO Skipped non-substantive snapshot (no date/matchup pairs): timestamp=2026-07-11T19:30:00 source_url=https://ak-static.cms.nba.com/referee/injury/Injury-Report_2026-07-11_07_30PM.pdf
2026-08-14 21:00:41,386 INFO Skipped non-substantive snapshot (no date/matchup pairs): timestamp=2026-07-11T07:45:00 source_url=https://ak-static.cms.nba.com/referee/injury/Injury-Report_2026-07-11_07_45AM.pdf
2026-08-14 21:00:41,414 INFO Skipped non-substantive snapshot (no date/matchup pairs): timestamp=2026-07-11T19:45:00 source_url=https://ak-static.cms.nba.com/referee/injury/Injury-Report_2026-07-11_07_45PM.pdf
2026-08-14 21:00:41,442 INFO Skipped non-substantive snapshot (no date/matchup pairs): timestamp=2026-07-11T08:00:00 source_url=https://ak-static.cms.nba.com/referee/injury/Injury-Report_2026-07-11_08_00AM.pdf
2026-08-14 21:00:41,471 INFO Skipped non-substantive snapshot (no date/matchup pairs): timestamp=2026-07-11T20:00:00 source_url=https://ak-static.cms.nba.com/referee/injury/Injury-Report_2026-07-11_08_00PM.pdf
2026-08-14 21:00:41,499 INFO Skipped non-substantive snapshot (no date/matchup pairs): timestamp=2026-07-11T08:15:00 source_url=https://ak-static.cms.nba.com/referee/injury/Injury-Report_2026-07-11_08_15AM.pdf
2026-08-14 21:00:41,567 INFO Skipped non-substantive snapshot (no date/matchup pairs): timestamp=2026-07-11T20:15:00 source_url=https://ak-static.cms.nba.com/referee/injury/Injury-Report_2026-07-11_08_15PM.pdf
2026-08-14 21:00:41,595 INFO Skipped non-substantive snapshot (no date/matchup pairs): timestamp=2026-07-11T08:30:00 source_url=https://ak-static.cms.nba.com/referee/injury/Injury-Report_2026-07-11_08_30AM.pdf
2026-08-14 21:00:41,624 INFO Skipped non-substantive snapshot (no date/matchup pairs): timestamp=2026-07-11T20:30:00 source_url=https://ak-static.cms.nba.com/referee/injury/Injury-Report_2026-07-11_08_30PM.pdf
2026-08-14 21:00:41,652 INFO Skipped non-substantive snapshot (no date/matchup pairs): timestamp=2026-07-11T08:45:00 source_url=https://ak-static.cms.nba.com/referee/injury/Injury-Report_2026-07-11_08_45AM.pdf
2026-08-14 21:00:41,681 INFO Skipped non-substantive snapshot (no date/matchup pairs): timestamp=2026-07-11T20:45:00 source_url=https://ak-static.cms.nba.com/referee/injury/Injury-Report_2026-07-11_08_45PM.pdf
2026-08-14 21:00:41,709 INFO Skipped non-substantive snapshot (no date/matchup pairs): timestamp=2026-07-11T09:00:00 source_url=https://ak-static.cms.nba.com/referee/injury/Injury-Report_2026-07-11_09_00AM.pdf
2026-08-14 21:00:41,739 INFO Skipped non-substantive snapshot (no date/matchup pairs): timestamp=2026-07-11T21:00:00 source_url=https://ak-static.cms.nba.com/referee/injury/Injury-Report_2026-07-11_09_00PM.pdf
2026-08-14 21:00:41,767 INFO Skipped non-substantive snapshot (no date/matchup pairs): timestamp=2026-07-11T09:15:00 source_url=https://ak-static.cms.nba.com/referee/injury/Injury-Report_2026-07-11_09_15AM.pdf
2026-08-14 21:00:41,796 INFO Skipped non-substantive snapshot (no date/matchup pairs): timestamp=2026-07-11T21:15:00 source_url=https://ak-static.cms.nba.com/referee/injury/Injury-Report_2026-07-11_09_15PM.pdf
2026-08-14 21:00:41,824 INFO Skipped non-substantive snapshot (no date/matchup pairs): timestamp=2026-07-11T09:30:00 source_url=https://ak-static.cms.nba.com/referee/injury/Injury-Report_2026-07-11_09_30AM.pdf
2026-08-14 21:00:41,853 INFO Skipped non-substantive snapshot (no date/matchup pairs): timestamp=2026-07-11T21:30:00 source_url=https://ak-static.cms.nba.com/referee/injury/Injury-Report_2026-07-11_09_30PM.pdf
2026-08-14 21:00:41,881 INFO Skipped non-substantive snapshot (no date/matchup pairs): timestamp=2026-07-11T09:45:00 source_url=https://ak-static.cms.nba.com/referee/injury/Injury-Report_2026-07-11_09_45AM.pdf
2026-08-14 21:00:41,910 INFO Skipped non-substantive snapshot (no date/matchup pairs): timestamp=2026-07-11T21:45:00 source_url=https://ak-static.cms.nba.com/referee/injury/Injury-Report_2026-07-11_09_45PM.pdf
2026-08-14 21:00:41,938 INFO Skipped non-substantive snapshot (no date/matchup pairs): timestamp=2026-07-11T10:00:00 source_url=https://ak-static.cms.nba.com/referee/injury/Injury-Report_2026-07-11_10_00AM.pdf
2026-08-14 21:00:41,968 INFO Skipped non-substantive snapshot (no date/matchup pairs): timestamp=2026-07-11T22:00:00 source_url=https://ak-static.cms.nba.com/referee/injury/Injury-Report_2026-07-11_10_00PM.pdf
2026-08-14 21:00:41,996 INFO Skipped non-substantive snapshot (no date/matchup pairs): timestamp=2026-07-11T10:15:00 source_url=https://ak-static.cms.nba.com/referee/injury/Injury-Report_2026-07-11_10_15AM.pdf
2026-08-14 21:00:42,025 INFO Skipped non-substantive snapshot (no date/matchup pairs): timestamp=2026-07-11T22:15:00 source_url=https://ak-static.cms.nba.com/referee/injury/Injury-Report_2026-07-11_10_15PM.pdf
2026-08-14 21:00:42,053 INFO Skipped non-substantive snapshot (no date/matchup pairs): timestamp=2026-07-11T10:30:00 source_url=https://ak-static.cms.nba.com/referee/injury/Injury-Report_2026-07-11_10_30AM.pdf
2026-08-14 21:00:42,082 INFO Skipped non-substantive snapshot (no date/matchup pairs): timestamp=2026-07-11T22:30:00 source_url=https://ak-static.cms.nba.com/referee/injury/Injury-Report_2026-07-11_10_30PM.pdf
2026-08-14 21:00:42,110 INFO Skipped non-substantive snapshot (no date/matchup pairs): timestamp=2026-07-11T10:45:00 source_url=https://ak-static.cms.nba.com/referee/injury/Injury-Report_2026-07-11_10_45AM.pdf
2026-08-14 21:00:42,140 INFO Skipped non-substantive snapshot (no date/matchup pairs): timestamp=2026-07-11T22:45:00 source_url=https://ak-static.cms.nba.com/referee/injury/Injury-Report_2026-07-11_10_45PM.pdf
2026-08-14 21:00:42,168 INFO Skipped non-substantive snapshot (no date/matchup pairs): timestamp=2026-07-11T11:00:00 source_url=https://ak-static.cms.nba.com/referee/injury/Injury-Report_2026-07-11_11_00AM.pdf
2026-08-14 21:00:42,196 INFO Skipped non-substantive snapshot (no date/matchup pairs): timestamp=2026-07-11T23:00:00 source_url=https://ak-static.cms.nba.com/referee/injury/Injury-Report_2026-07-11_11_00PM.pdf
2026-08-14 21:00:42,264 INFO Skipped non-substantive snapshot (no date/matchup pairs): timestamp=2026-07-11T11:15:00 source_url=https://ak-static.cms.nba.com/referee/injury/Injury-Report_2026-07-11_11_15AM.pdf
2026-08-14 21:00:42,293 INFO Skipped non-substantive snapshot (no date/matchup pairs): timestamp=2026-07-11T23:15:00 source_url=https://ak-static.cms.nba.com/referee/injury/Injury-Report_2026-07-11_11_15PM.pdf
2026-08-14 21:00:42,321 INFO Skipped non-substantive snapshot (no date/matchup pairs): timestamp=2026-07-11T11:30:00 source_url=https://ak-static.cms.nba.com/referee/injury/Injury-Report_2026-07-11_11_30AM.pdf
2026-08-14 21:00:42,350 INFO Skipped non-substantive snapshot (no date/matchup pairs): timestamp=2026-07-11T23:30:00 source_url=https://ak-static.cms.nba.com/referee/injury/Injury-Report_2026-07-11_11_30PM.pdf
2026-08-14 21:00:42,378 INFO Skipped non-substantive snapshot (no date/matchup pairs): timestamp=2026-07-11T11:45:00 source_url=https://ak-static.cms.nba.com/referee/injury/Injury-Report_2026-07-11_11_45AM.pdf
2026-08-14 21:00:42,407 INFO Skipped non-substantive snapshot (no date/matchup pairs): timestamp=2026-07-11T23:45:00 source_url=https://ak-static.cms.nba.com/referee/injury/Injury-Report_2026-07-11_11_45PM.pdf
2026-08-14 21:00:42,435 INFO Skipped non-substantive snapshot (no date/matchup pairs): timestamp=2026-07-11T00:00:00 source_url=https://ak-static.cms.nba.com/referee/injury/Injury-Report_2026-07-11_12_00AM.pdf
2026-08-14 21:00:42,465 INFO Skipped non-substantive snapshot (no date/matchup pairs): timestamp=2026-07-11T12:00:00 source_url=https://ak-static.cms.nba.com/referee/injury/Injury-Report_2026-07-11_12_00PM.pdf
2026-08-14 21:00:42,493 INFO Skipped non-substantive snapshot (no date/matchup pairs): timestamp=2026-07-11T00:15:00 source_url=https://ak-static.cms.nba.com/referee/injury/Injury-Report_2026-07-11_12_15AM.pdf
2026-08-14 21:00:42,522 INFO Skipped non-substantive snapshot (no date/matchup pairs): timestamp=2026-07-11T12:15:00 source_url=https://ak-static.cms.nba.com/referee/injury/Injury-Report_2026-07-11_12_15PM.pdf
2026-08-14 21:00:42,550 INFO Skipped non-substantive snapshot (no date/matchup pairs): timestamp=2026-07-11T00:30:00 source_url=https://ak-static.cms.nba.com/referee/injury/Injury-Report_2026-07-11_12_30AM.pdf
2026-08-14 21:00:42,580 INFO Skipped non-substantive snapshot (no date/matchup pairs): timestamp=2026-07-11T12:30:00 source_url=https://ak-static.cms.nba.com/referee/injury/Injury-Report_2026-07-11_12_30PM.pdf
2026-08-14 21:00:42,608 INFO Skipped non-substantive snapshot (no date/matchup pairs): timestamp=2026-07-11T00:45:00 source_url=https://ak-static.cms.nba.com/referee/injury/Injury-Report_2026-07-11_12_45AM.pdf
2026-08-14 21:00:42,637 INFO Skipped non-substantive snapshot (no date/matchup pairs): timestamp=2026-07-11T12:45:00 source_url=https://ak-static.cms.nba.com/referee/injury/Injury-Report_2026-07-11_12_45PM.pdf
2026-08-14 21:00:42,637 INFO Direct NBA day 90/123: 2026-07-11, 96 discovered -> 0 selected
2026-08-14 21:04:27,636 INFO Skipped non-substantive snapshot (no date/matchup pairs): timestamp=2026-07-12T01:00:00 source_url=https://ak-static.cms.nba.com/referee/injury/Injury-Report_2026-07-12_01_00AM.pdf
2026-08-14 21:04:27,665 INFO Skipped non-substantive snapshot (no date/matchup pairs): timestamp=2026-07-12T13:00:00 source_url=https://ak-static.cms.nba.com/referee/injury/Injury-Report_2026-07-12_01_00PM.pdf
2026-08-14 21:04:27,693 INFO Skipped non-substantive snapshot (no date/matchup pairs): timestamp=2026-07-12T01:15:00 source_url=https://ak-static.cms.nba.com/referee/injury/Injury-Report_2026-07-12_01_15AM.pdf
2026-08-14 21:04:27,721 INFO Skipped non-substantive snapshot (no date/matchup pairs): timestamp=2026-07-12T13:15:00 source_url=https://ak-static.cms.nba.com/referee/injury/Injury-Report_2026-07-12_01_15PM.pdf
2026-08-14 21:04:27,749 INFO Skipped non-substantive snapshot (no date/matchup pairs): timestamp=2026-07-12T01:30:00 source_url=https://ak-static.cms.nba.com/referee/injury/Injury-Report_2026-07-12_01_30AM.pdf
2026-08-14 21:04:27,778 INFO Skipped non-substantive snapshot (no date/matchup pairs): timestamp=2026-07-12T13:30:00 source_url=https://ak-static.cms.nba.com/referee/injury/Injury-Report_2026-07-12_01_30PM.pdf
2026-08-14 21:04:27,806 INFO Skipped non-substantive snapshot (no date/matchup pairs): timestamp=2026-07-12T01:45:00 source_url=https://ak-static.cms.nba.com/referee/injury/Injury-Report_2026-07-12_01_45AM.pdf
2026-08-14 21:04:27,835 INFO Skipped non-substantive snapshot (no date/matchup pairs): timestamp=2026-07-12T13:45:00 source_url=https://ak-static.cms.nba.com/referee/injury/Injury-Report_2026-07-12_01_45PM.pdf
2026-08-14 21:04:27,862 INFO Skipped non-substantive snapshot (no date/matchup pairs): timestamp=2026-07-12T02:00:00 source_url=https://ak-static.cms.nba.com/referee/injury/Injury-Report_2026-07-12_02_00AM.pdf
2026-08-14 21:04:27,891 INFO Skipped non-substantive snapshot (no date/matchup pairs): timestamp=2026-07-12T14:00:00 source_url=https://ak-static.cms.nba.com/referee/injury/Injury-Report_2026-07-12_02_00PM.pdf
2026-08-14 21:04:27,919 INFO Skipped non-substantive snapshot (no date/matchup pairs): timestamp=2026-07-12T02:15:00 source_url=https://ak-static.cms.nba.com/referee/injury/Injury-Report_2026-07-12_02_15AM.pdf
2026-08-14 21:04:27,949 INFO Skipped non-substantive snapshot (no date/matchup pairs): timestamp=2026-07-12T14:15:00 source_url=https://ak-static.cms.nba.com/referee/injury/Injury-Report_2026-07-12_02_15PM.pdf
2026-08-14 21:04:27,976 INFO Skipped non-substantive snapshot (no date/matchup pairs): timestamp=2026-07-12T02:30:00 source_url=https://ak-static.cms.nba.com/referee/injury/Injury-Report_2026-07-12_02_30AM.pdf
2026-08-14 21:04:28,006 INFO Skipped non-substantive snapshot (no date/matchup pairs): timestamp=2026-07-12T14:30:00 source_url=https://ak-static.cms.nba.com/referee/injury/Injury-Report_2026-07-12_02_30PM.pdf
2026-08-14 21:04:28,034 INFO Skipped non-substantive snapshot (no date/matchup pairs): timestamp=2026-07-12T02:45:00 source_url=https://ak-static.cms.nba.com/referee/injury/Injury-Report_2026-07-12_02_45AM.pdf
2026-08-14 21:04:28,062 INFO Skipped non-substantive snapshot (no date/matchup pairs): timestamp=2026-07-12T14:45:00 source_url=https://ak-static.cms.nba.com/referee/injury/Injury-Report_2026-07-12_02_45PM.pdf
2026-08-14 21:04:28,130 INFO Skipped non-substantive snapshot (no date/matchup pairs): timestamp=2026-07-12T03:00:00 source_url=https://ak-static.cms.nba.com/referee/injury/Injury-Report_2026-07-12_03_00AM.pdf
2026-08-14 21:04:28,159 INFO Skipped non-substantive snapshot (no date/matchup pairs): timestamp=2026-07-12T15:00:00 source_url=https://ak-static.cms.nba.com/referee/injury/Injury-Report_2026-07-12_03_00PM.pdf
2026-08-14 21:04:28,187 INFO Skipped non-substantive snapshot (no date/matchup pairs): timestamp=2026-07-12T03:15:00 source_url=https://ak-static.cms.nba.com/referee/injury/Injury-Report_2026-07-12_03_15AM.pdf
2026-08-14 21:04:28,216 INFO Skipped non-substantive snapshot (no date/matchup pairs): timestamp=2026-07-12T15:15:00 source_url=https://ak-static.cms.nba.com/referee/injury/Injury-Report_2026-07-12_03_15PM.pdf
2026-08-14 21:04:28,243 INFO Skipped non-substantive snapshot (no date/matchup pairs): timestamp=2026-07-12T03:30:00 source_url=https://ak-static.cms.nba.com/referee/injury/Injury-Report_2026-07-12_03_30AM.pdf
2026-08-14 21:04:28,273 INFO Skipped non-substantive snapshot (no date/matchup pairs): timestamp=2026-07-12T15:30:00 source_url=https://ak-static.cms.nba.com/referee/injury/Injury-Report_2026-07-12_03_30PM.pdf
2026-08-14 21:04:28,300 INFO Skipped non-substantive snapshot (no date/matchup pairs): timestamp=2026-07-12T03:45:00 source_url=https://ak-static.cms.nba.com/referee/injury/Injury-Report_2026-07-12_03_45AM.pdf
2026-08-14 21:04:28,329 INFO Skipped non-substantive snapshot (no date/matchup pairs): timestamp=2026-07-12T15:45:00 source_url=https://ak-static.cms.nba.com/referee/injury/Injury-Report_2026-07-12_03_45PM.pdf
2026-08-14 21:04:28,357 INFO Skipped non-substantive snapshot (no date/matchup pairs): timestamp=2026-07-12T04:00:00 source_url=https://ak-static.cms.nba.com/referee/injury/Injury-Report_2026-07-12_04_00AM.pdf
2026-08-14 21:04:28,387 INFO Skipped non-substantive snapshot (no date/matchup pairs): timestamp=2026-07-12T16:00:00 source_url=https://ak-static.cms.nba.com/referee/injury/Injury-Report_2026-07-12_04_00PM.pdf
2026-08-14 21:04:28,414 INFO Skipped non-substantive snapshot (no date/matchup pairs): timestamp=2026-07-12T04:15:00 source_url=https://ak-static.cms.nba.com/referee/injury/Injury-Report_2026-07-12_04_15AM.pdf
2026-08-14 21:04:28,444 INFO Skipped non-substantive snapshot (no date/matchup pairs): timestamp=2026-07-12T16:15:00 source_url=https://ak-static.cms.nba.com/referee/injury/Injury-Report_2026-07-12_04_15PM.pdf
2026-08-14 21:04:28,471 INFO Skipped non-substantive snapshot (no date/matchup pairs): timestamp=2026-07-12T04:30:00 source_url=https://ak-static.cms.nba.com/referee/injury/Injury-Report_2026-07-12_04_30AM.pdf
2026-08-14 21:04:28,499 INFO Skipped non-substantive snapshot (no date/matchup pairs): timestamp=2026-07-12T16:30:00 source_url=https://ak-static.cms.nba.com/referee/injury/Injury-Report_2026-07-12_04_30PM.pdf
2026-08-14 21:04:28,529 INFO Skipped non-substantive snapshot (no date/matchup pairs): timestamp=2026-07-12T04:45:00 source_url=https://ak-static.cms.nba.com/referee/injury/Injury-Report_2026-07-12_04_45AM.pdf
2026-08-14 21:04:28,557 INFO Skipped non-substantive snapshot (no date/matchup pairs): timestamp=2026-07-12T16:45:00 source_url=https://ak-static.cms.nba.com/referee/injury/Injury-Report_2026-07-12_04_45PM.pdf
2026-08-14 21:04:28,586 INFO Skipped non-substantive snapshot (no date/matchup pairs): timestamp=2026-07-12T05:00:00 source_url=https://ak-static.cms.nba.com/referee/injury/Injury-Report_2026-07-12_05_00AM.pdf
2026-08-14 21:04:28,614 INFO Skipped non-substantive snapshot (no date/matchup pairs): timestamp=2026-07-12T17:00:00 source_url=https://ak-static.cms.nba.com/referee/injury/Injury-Report_2026-07-12_05_00PM.pdf
2026-08-14 21:04:28,643 INFO Skipped non-substantive snapshot (no date/matchup pairs): timestamp=2026-07-12T05:15:00 source_url=https://ak-static.cms.nba.com/referee/injury/Injury-Report_2026-07-12_05_15AM.pdf
2026-08-14 21:04:28,671 INFO Skipped non-substantive snapshot (no date/matchup pairs): timestamp=2026-07-12T17:15:00 source_url=https://ak-static.cms.nba.com/referee/injury/Injury-Report_2026-07-12_05_15PM.pdf
2026-08-14 21:04:28,700 INFO Skipped non-substantive snapshot (no date/matchup pairs): timestamp=2026-07-12T05:30:00 source_url=https://ak-static.cms.nba.com/referee/injury/Injury-Report_2026-07-12_05_30AM.pdf
2026-08-14 21:04:28,729 INFO Skipped non-substantive snapshot (no date/matchup pairs): timestamp=2026-07-12T17:30:00 source_url=https://ak-static.cms.nba.com/referee/injury/Injury-Report_2026-07-12_05_30PM.pdf
2026-08-14 21:04:28,798 INFO Skipped non-substantive snapshot (no date/matchup pairs): timestamp=2026-07-12T05:45:00 source_url=https://ak-static.cms.nba.com/referee/injury/Injury-Report_2026-07-12_05_45AM.pdf
2026-08-14 21:04:28,826 INFO Skipped non-substantive snapshot (no date/matchup pairs): timestamp=2026-07-12T17:45:00 source_url=https://ak-static.cms.nba.com/referee/injury/Injury-Report_2026-07-12_05_45PM.pdf
2026-08-14 21:04:28,855 INFO Skipped non-substantive snapshot (no date/matchup pairs): timestamp=2026-07-12T06:00:00 source_url=https://ak-static.cms.nba.com/referee/injury/Injury-Report_2026-07-12_06_00AM.pdf
2026-08-14 21:04:28,883 INFO Skipped non-substantive snapshot (no date/matchup pairs): timestamp=2026-07-12T18:00:00 source_url=https://ak-static.cms.nba.com/referee/injury/Injury-Report_2026-07-12_06_00PM.pdf
2026-08-14 21:04:28,912 INFO Skipped non-substantive snapshot (no date/matchup pairs): timestamp=2026-07-12T06:15:00 source_url=https://ak-static.cms.nba.com/referee/injury/Injury-Report_2026-07-12_06_15AM.pdf
2026-08-14 21:04:28,940 INFO Skipped non-substantive snapshot (no date/matchup pairs): timestamp=2026-07-12T18:15:00 source_url=https://ak-static.cms.nba.com/referee/injury/Injury-Report_2026-07-12_06_15PM.pdf
2026-08-14 21:04:28,970 INFO Skipped non-substantive snapshot (no date/matchup pairs): timestamp=2026-07-12T06:30:00 source_url=https://ak-static.cms.nba.com/referee/injury/Injury-Report_2026-07-12_06_30AM.pdf
2026-08-14 21:04:28,998 INFO Skipped non-substantive snapshot (no date/matchup pairs): timestamp=2026-07-12T18:30:00 source_url=https://ak-static.cms.nba.com/referee/injury/Injury-Report_2026-07-12_06_30PM.pdf
2026-08-14 21:04:29,027 INFO Skipped non-substantive snapshot (no date/matchup pairs): timestamp=2026-07-12T06:45:00 source_url=https://ak-static.cms.nba.com/referee/injury/Injury-Report_2026-07-12_06_45AM.pdf
2026-08-14 21:04:29,055 INFO Skipped non-substantive snapshot (no date/matchup pairs): timestamp=2026-07-12T18:45:00 source_url=https://ak-static.cms.nba.com/referee/injury/Injury-Report_2026-07-12_06_45PM.pdf
2026-08-14 21:04:29,084 INFO Skipped non-substantive snapshot (no date/matchup pairs): timestamp=2026-07-12T07:00:00 source_url=https://ak-static.cms.nba.com/referee/injury/Injury-Report_2026-07-12_07_00AM.pdf
2026-08-14 21:04:29,112 INFO Skipped non-substantive snapshot (no date/matchup pairs): timestamp=2026-07-12T19:00:00 source_url=https://ak-static.cms.nba.com/referee/injury/Injury-Report_2026-07-12_07_00PM.pdf
2026-08-14 21:04:29,142 INFO Skipped non-substantive snapshot (no date/matchup pairs): timestamp=2026-07-12T07:15:00 source_url=https://ak-static.cms.nba.com/referee/injury/Injury-Report_2026-07-12_07_15AM.pdf
2026-08-14 21:04:29,170 INFO Skipped non-substantive snapshot (no date/matchup pairs): timestamp=2026-07-12T19:15:00 source_url=https://ak-static.cms.nba.com/referee/injury/Injury-Report_2026-07-12_07_15PM.pdf
2026-08-14 21:04:29,198 INFO Skipped non-substantive snapshot (no date/matchup pairs): timestamp=2026-07-12T07:30:00 source_url=https://ak-static.cms.nba.com/referee/injury/Injury-Report_2026-07-12_07_30AM.pdf
2026-08-14 21:04:29,228 INFO Skipped non-substantive snapshot (no date/matchup pairs): timestamp=2026-07-12T19:30:00 source_url=https://ak-static.cms.nba.com/referee/injury/Injury-Report_2026-07-12_07_30PM.pdf
2026-08-14 21:04:29,256 INFO Skipped non-substantive snapshot (no date/matchup pairs): timestamp=2026-07-12T07:45:00 source_url=https://ak-static.cms.nba.com/referee/injury/Injury-Report_2026-07-12_07_45AM.pdf
2026-08-14 21:04:29,285 INFO Skipped non-substantive snapshot (no date/matchup pairs): timestamp=2026-07-12T19:45:00 source_url=https://ak-static.cms.nba.com/referee/injury/Injury-Report_2026-07-12_07_45PM.pdf
2026-08-14 21:04:29,313 INFO Skipped non-substantive snapshot (no date/matchup pairs): timestamp=2026-07-12T08:00:00 source_url=https://ak-static.cms.nba.com/referee/injury/Injury-Report_2026-07-12_08_00AM.pdf
2026-08-14 21:04:29,342 INFO Skipped non-substantive snapshot (no date/matchup pairs): timestamp=2026-07-12T20:00:00 source_url=https://ak-static.cms.nba.com/referee/injury/Injury-Report_2026-07-12_08_00PM.pdf
2026-08-14 21:04:29,371 INFO Skipped non-substantive snapshot (no date/matchup pairs): timestamp=2026-07-12T08:15:00 source_url=https://ak-static.cms.nba.com/referee/injury/Injury-Report_2026-07-12_08_15AM.pdf
2026-08-14 21:04:29,400 INFO Skipped non-substantive snapshot (no date/matchup pairs): timestamp=2026-07-12T20:15:00 source_url=https://ak-static.cms.nba.com/referee/injury/Injury-Report_2026-07-12_08_15PM.pdf
2026-08-14 21:04:29,428 INFO Skipped non-substantive snapshot (no date/matchup pairs): timestamp=2026-07-12T08:30:00 source_url=https://ak-static.cms.nba.com/referee/injury/Injury-Report_2026-07-12_08_30AM.pdf
2026-08-14 21:04:29,496 INFO Skipped non-substantive snapshot (no date/matchup pairs): timestamp=2026-07-12T20:30:00 source_url=https://ak-static.cms.nba.com/referee/injury/Injury-Report_2026-07-12_08_30PM.pdf
2026-08-14 21:04:29,524 INFO Skipped non-substantive snapshot (no date/matchup pairs): timestamp=2026-07-12T08:45:00 source_url=https://ak-static.cms.nba.com/referee/injury/Injury-Report_2026-07-12_08_45AM.pdf
2026-08-14 21:04:29,553 INFO Skipped non-substantive snapshot (no date/matchup pairs): timestamp=2026-07-12T20:45:00 source_url=https://ak-static.cms.nba.com/referee/injury/Injury-Report_2026-07-12_08_45PM.pdf
2026-08-14 21:04:29,582 INFO Skipped non-substantive snapshot (no date/matchup pairs): timestamp=2026-07-12T09:00:00 source_url=https://ak-static.cms.nba.com/referee/injury/Injury-Report_2026-07-12_09_00AM.pdf
2026-08-14 21:04:29,611 INFO Skipped non-substantive snapshot (no date/matchup pairs): timestamp=2026-07-12T21:00:00 source_url=https://ak-static.cms.nba.com/referee/injury/Injury-Report_2026-07-12_09_00PM.pdf
2026-08-14 21:04:29,639 INFO Skipped non-substantive snapshot (no date/matchup pairs): timestamp=2026-07-12T09:15:00 source_url=https://ak-static.cms.nba.com/referee/injury/Injury-Report_2026-07-12_09_15AM.pdf
2026-08-14 21:04:29,669 INFO Skipped non-substantive snapshot (no date/matchup pairs): timestamp=2026-07-12T21:15:00 source_url=https://ak-static.cms.nba.com/referee/injury/Injury-Report_2026-07-12_09_15PM.pdf
2026-08-14 21:04:29,697 INFO Skipped non-substantive snapshot (no date/matchup pairs): timestamp=2026-07-12T09:30:00 source_url=https://ak-static.cms.nba.com/referee/injury/Injury-Report_2026-07-12_09_30AM.pdf
2026-08-14 21:04:29,726 INFO Skipped non-substantive snapshot (no date/matchup pairs): timestamp=2026-07-12T21:30:00 source_url=https://ak-static.cms.nba.com/referee/injury/Injury-Report_2026-07-12_09_30PM.pdf
2026-08-14 21:04:29,754 INFO Skipped non-substantive snapshot (no date/matchup pairs): timestamp=2026-07-12T09:45:00 source_url=https://ak-static.cms.nba.com/referee/injury/Injury-Report_2026-07-12_09_45AM.pdf
2026-08-14 21:04:29,784 INFO Skipped non-substantive snapshot (no date/matchup pairs): timestamp=2026-07-12T21:45:00 source_url=https://ak-static.cms.nba.com/referee/injury/Injury-Report_2026-07-12_09_45PM.pdf
2026-08-14 21:04:29,812 INFO Skipped non-substantive snapshot (no date/matchup pairs): timestamp=2026-07-12T10:00:00 source_url=https://ak-static.cms.nba.com/referee/injury/Injury-Report_2026-07-12_10_00AM.pdf
2026-08-14 21:04:29,842 INFO Skipped non-substantive snapshot (no date/matchup pairs): timestamp=2026-07-12T22:00:00 source_url=https://ak-static.cms.nba.com/referee/injury/Injury-Report_2026-07-12_10_00PM.pdf
2026-08-14 21:04:29,870 INFO Skipped non-substantive snapshot (no date/matchup pairs): timestamp=2026-07-12T10:15:00 source_url=https://ak-static.cms.nba.com/referee/injury/Injury-Report_2026-07-12_10_15AM.pdf
2026-08-14 21:04:29,898 INFO Skipped non-substantive snapshot (no date/matchup pairs): timestamp=2026-07-12T22:15:00 source_url=https://ak-static.cms.nba.com/referee/injury/Injury-Report_2026-07-12_10_15PM.pdf
2026-08-14 21:04:29,928 INFO Skipped non-substantive snapshot (no date/matchup pairs): timestamp=2026-07-12T10:30:00 source_url=https://ak-static.cms.nba.com/referee/injury/Injury-Report_2026-07-12_10_30AM.pdf
2026-08-14 21:04:29,956 INFO Skipped non-substantive snapshot (no date/matchup pairs): timestamp=2026-07-12T22:30:00 source_url=https://ak-static.cms.nba.com/referee/injury/Injury-Report_2026-07-12_10_30PM.pdf
2026-08-14 21:04:29,985 INFO Skipped non-substantive snapshot (no date/matchup pairs): timestamp=2026-07-12T10:45:00 source_url=https://ak-static.cms.nba.com/referee/injury/Injury-Report_2026-07-12_10_45AM.pdf
2026-08-14 21:04:30,014 INFO Skipped non-substantive snapshot (no date/matchup pairs): timestamp=2026-07-12T22:45:00 source_url=https://ak-static.cms.nba.com/referee/injury/Injury-Report_2026-07-12_10_45PM.pdf
2026-08-14 21:04:30,043 INFO Skipped non-substantive snapshot (no date/matchup pairs): timestamp=2026-07-12T11:00:00 source_url=https://ak-static.cms.nba.com/referee/injury/Injury-Report_2026-07-12_11_00AM.pdf
2026-08-14 21:04:30,071 INFO Skipped non-substantive snapshot (no date/matchup pairs): timestamp=2026-07-12T23:00:00 source_url=https://ak-static.cms.nba.com/referee/injury/Injury-Report_2026-07-12_11_00PM.pdf
2026-08-14 21:04:30,101 INFO Skipped non-substantive snapshot (no date/matchup pairs): timestamp=2026-07-12T11:15:00 source_url=https://ak-static.cms.nba.com/referee/injury/Injury-Report_2026-07-12_11_15AM.pdf
2026-08-14 21:04:30,129 INFO Skipped non-substantive snapshot (no date/matchup pairs): timestamp=2026-07-12T23:15:00 source_url=https://ak-static.cms.nba.com/referee/injury/Injury-Report_2026-07-12_11_15PM.pdf
2026-08-14 21:04:30,198 INFO Skipped non-substantive snapshot (no date/matchup pairs): timestamp=2026-07-12T11:30:00 source_url=https://ak-static.cms.nba.com/referee/injury/Injury-Report_2026-07-12_11_30AM.pdf
2026-08-14 21:04:30,226 INFO Skipped non-substantive snapshot (no date/matchup pairs): timestamp=2026-07-12T23:30:00 source_url=https://ak-static.cms.nba.com/referee/injury/Injury-Report_2026-07-12_11_30PM.pdf
2026-08-14 21:04:30,255 INFO Skipped non-substantive snapshot (no date/matchup pairs): timestamp=2026-07-12T11:45:00 source_url=https://ak-static.cms.nba.com/referee/injury/Injury-Report_2026-07-12_11_45AM.pdf
2026-08-14 21:04:30,284 INFO Skipped non-substantive snapshot (no date/matchup pairs): timestamp=2026-07-12T23:45:00 source_url=https://ak-static.cms.nba.com/referee/injury/Injury-Report_2026-07-12_11_45PM.pdf
2026-08-14 21:04:30,313 INFO Skipped non-substantive snapshot (no date/matchup pairs): timestamp=2026-07-12T00:00:00 source_url=https://ak-static.cms.nba.com/referee/injury/Injury-Report_2026-07-12_12_00AM.pdf
2026-08-14 21:04:30,342 INFO Skipped non-substantive snapshot (no date/matchup pairs): timestamp=2026-07-12T12:00:00 source_url=https://ak-static.cms.nba.com/referee/injury/Injury-Report_2026-07-12_12_00PM.pdf
2026-08-14 21:04:30,372 INFO Skipped non-substantive snapshot (no date/matchup pairs): timestamp=2026-07-12T00:15:00 source_url=https://ak-static.cms.nba.com/referee/injury/Injury-Report_2026-07-12_12_15AM.pdf
2026-08-14 21:04:30,400 INFO Skipped non-substantive snapshot (no date/matchup pairs): timestamp=2026-07-12T12:15:00 source_url=https://ak-static.cms.nba.com/referee/injury/Injury-Report_2026-07-12_12_15PM.pdf
2026-08-14 21:04:30,429 INFO Skipped non-substantive snapshot (no date/matchup pairs): timestamp=2026-07-12T00:30:00 source_url=https://ak-static.cms.nba.com/referee/injury/Injury-Report_2026-07-12_12_30AM.pdf
2026-08-14 21:04:30,458 INFO Skipped non-substantive snapshot (no date/matchup pairs): timestamp=2026-07-12T12:30:00 source_url=https://ak-static.cms.nba.com/referee/injury/Injury-Report_2026-07-12_12_30PM.pdf
2026-08-14 21:04:30,487 INFO Skipped non-substantive snapshot (no date/matchup pairs): timestamp=2026-07-12T00:45:00 source_url=https://ak-static.cms.nba.com/referee/injury/Injury-Report_2026-07-12_12_45AM.pdf
2026-08-14 21:04:30,516 INFO Skipped non-substantive snapshot (no date/matchup pairs): timestamp=2026-07-12T12:45:00 source_url=https://ak-static.cms.nba.com/referee/injury/Injury-Report_2026-07-12_12_45PM.pdf
2026-08-14 21:04:30,516 INFO Direct NBA day 91/123: 2026-07-12, 96 discovered -> 0 selected
2026-08-14 21:08:17,568 INFO Skipped non-substantive snapshot (no date/matchup pairs): timestamp=2026-07-13T01:00:00 source_url=https://ak-static.cms.nba.com/referee/injury/Injury-Report_2026-07-13_01_00AM.pdf
2026-08-14 21:08:17,595 INFO Skipped non-substantive snapshot (no date/matchup pairs): timestamp=2026-07-13T13:00:00 source_url=https://ak-static.cms.nba.com/referee/injury/Injury-Report_2026-07-13_01_00PM.pdf
2026-08-14 21:08:17,620 INFO Skipped non-substantive snapshot (no date/matchup pairs): timestamp=2026-07-13T01:15:00 source_url=https://ak-static.cms.nba.com/referee/injury/Injury-Report_2026-07-13_01_15AM.pdf
2026-08-14 21:08:17,646 INFO Skipped non-substantive snapshot (no date/matchup pairs): timestamp=2026-07-13T13:15:00 source_url=https://ak-static.cms.nba.com/referee/injury/Injury-Report_2026-07-13_01_15PM.pdf
2026-08-14 21:08:17,670 INFO Skipped non-substantive snapshot (no date/matchup pairs): timestamp=2026-07-13T01:30:00 source_url=https://ak-static.cms.nba.com/referee/injury/Injury-Report_2026-07-13_01_30AM.pdf
2026-08-14 21:08:17,695 INFO Skipped non-substantive snapshot (no date/matchup pairs): timestamp=2026-07-13T13:30:00 source_url=https://ak-static.cms.nba.com/referee/injury/Injury-Report_2026-07-13_01_30PM.pdf
2026-08-14 21:08:17,721 INFO Skipped non-substantive snapshot (no date/matchup pairs): timestamp=2026-07-13T01:45:00 source_url=https://ak-static.cms.nba.com/referee/injury/Injury-Report_2026-07-13_01_45AM.pdf
2026-08-14 21:08:17,746 INFO Skipped non-substantive snapshot (no date/matchup pairs): timestamp=2026-07-13T13:45:00 source_url=https://ak-static.cms.nba.com/referee/injury/Injury-Report_2026-07-13_01_45PM.pdf
2026-08-14 21:08:17,772 INFO Skipped non-substantive snapshot (no date/matchup pairs): timestamp=2026-07-13T02:00:00 source_url=https://ak-static.cms.nba.com/referee/injury/Injury-Report_2026-07-13_02_00AM.pdf
2026-08-14 21:08:17,837 INFO Skipped non-substantive snapshot (no date/matchup pairs): timestamp=2026-07-13T14:00:00 source_url=https://ak-static.cms.nba.com/referee/injury/Injury-Report_2026-07-13_02_00PM.pdf
2026-08-14 21:08:17,862 INFO Skipped non-substantive snapshot (no date/matchup pairs): timestamp=2026-07-13T02:15:00 source_url=https://ak-static.cms.nba.com/referee/injury/Injury-Report_2026-07-13_02_15AM.pdf
2026-08-14 21:08:17,887 INFO Skipped non-substantive snapshot (no date/matchup pairs): timestamp=2026-07-13T14:15:00 source_url=https://ak-static.cms.nba.com/referee/injury/Injury-Report_2026-07-13_02_15PM.pdf
2026-08-14 21:08:17,915 INFO Skipped non-substantive snapshot (no date/matchup pairs): timestamp=2026-07-13T02:30:00 source_url=https://ak-static.cms.nba.com/referee/injury/Injury-Report_2026-07-13_02_30AM.pdf
2026-08-14 21:08:17,940 INFO Skipped non-substantive snapshot (no date/matchup pairs): timestamp=2026-07-13T14:30:00 source_url=https://ak-static.cms.nba.com/referee/injury/Injury-Report_2026-07-13_02_30PM.pdf
2026-08-14 21:08:17,966 INFO Skipped non-substantive snapshot (no date/matchup pairs): timestamp=2026-07-13T02:45:00 source_url=https://ak-static.cms.nba.com/referee/injury/Injury-Report_2026-07-13_02_45AM.pdf
2026-08-14 21:08:17,990 INFO Skipped non-substantive snapshot (no date/matchup pairs): timestamp=2026-07-13T14:45:00 source_url=https://ak-static.cms.nba.com/referee/injury/Injury-Report_2026-07-13_02_45PM.pdf
2026-08-14 21:08:18,015 INFO Skipped non-substantive snapshot (no date/matchup pairs): timestamp=2026-07-13T03:00:00 source_url=https://ak-static.cms.nba.com/referee/injury/Injury-Report_2026-07-13_03_00AM.pdf
2026-08-14 21:08:18,041 INFO Skipped non-substantive snapshot (no date/matchup pairs): timestamp=2026-07-13T15:00:00 source_url=https://ak-static.cms.nba.com/referee/injury/Injury-Report_2026-07-13_03_00PM.pdf
2026-08-14 21:08:18,066 INFO Skipped non-substantive snapshot (no date/matchup pairs): timestamp=2026-07-13T03:15:00 source_url=https://ak-static.cms.nba.com/referee/injury/Injury-Report_2026-07-13_03_15AM.pdf
2026-08-14 21:08:18,092 INFO Skipped non-substantive snapshot (no date/matchup pairs): timestamp=2026-07-13T15:15:00 source_url=https://ak-static.cms.nba.com/referee/injury/Injury-Report_2026-07-13_03_15PM.pdf
2026-08-14 21:08:18,117 INFO Skipped non-substantive snapshot (no date/matchup pairs): timestamp=2026-07-13T03:30:00 source_url=https://ak-static.cms.nba.com/referee/injury/Injury-Report_2026-07-13_03_30AM.pdf
2026-08-14 21:08:18,142 INFO Skipped non-substantive snapshot (no date/matchup pairs): timestamp=2026-07-13T15:30:00 source_url=https://ak-static.cms.nba.com/referee/injury/Injury-Report_2026-07-13_03_30PM.pdf
2026-08-14 21:08:18,168 INFO Skipped non-substantive snapshot (no date/matchup pairs): timestamp=2026-07-13T03:45:00 source_url=https://ak-static.cms.nba.com/referee/injury/Injury-Report_2026-07-13_03_45AM.pdf
2026-08-14 21:08:18,193 INFO Skipped non-substantive snapshot (no date/matchup pairs): timestamp=2026-07-13T15:45:00 source_url=https://ak-static.cms.nba.com/referee/injury/Injury-Report_2026-07-13_03_45PM.pdf
2026-08-14 21:08:18,219 INFO Skipped non-substantive snapshot (no date/matchup pairs): timestamp=2026-07-13T04:00:00 source_url=https://ak-static.cms.nba.com/referee/injury/Injury-Report_2026-07-13_04_00AM.pdf
2026-08-14 21:08:18,244 INFO Skipped non-substantive snapshot (no date/matchup pairs): timestamp=2026-07-13T16:00:00 source_url=https://ak-static.cms.nba.com/referee/injury/Injury-Report_2026-07-13_04_00PM.pdf
2026-08-14 21:08:18,270 INFO Skipped non-substantive snapshot (no date/matchup pairs): timestamp=2026-07-13T04:15:00 source_url=https://ak-static.cms.nba.com/referee/injury/Injury-Report_2026-07-13_04_15AM.pdf
2026-08-14 21:08:18,295 INFO Skipped non-substantive snapshot (no date/matchup pairs): timestamp=2026-07-13T16:15:00 source_url=https://ak-static.cms.nba.com/referee/injury/Injury-Report_2026-07-13_04_15PM.pdf
2026-08-14 21:08:18,320 INFO Skipped non-substantive snapshot (no date/matchup pairs): timestamp=2026-07-13T04:30:00 source_url=https://ak-static.cms.nba.com/referee/injury/Injury-Report_2026-07-13_04_30AM.pdf
2026-08-14 21:08:18,346 INFO Skipped non-substantive snapshot (no date/matchup pairs): timestamp=2026-07-13T16:30:00 source_url=https://ak-static.cms.nba.com/referee/injury/Injury-Report_2026-07-13_04_30PM.pdf
2026-08-14 21:08:18,371 INFO Skipped non-substantive snapshot (no date/matchup pairs): timestamp=2026-07-13T04:45:00 source_url=https://ak-static.cms.nba.com/referee/injury/Injury-Report_2026-07-13_04_45AM.pdf
2026-08-14 21:08:18,397 INFO Skipped non-substantive snapshot (no date/matchup pairs): timestamp=2026-07-13T16:45:00 source_url=https://ak-static.cms.nba.com/referee/injury/Injury-Report_2026-07-13_04_45PM.pdf
2026-08-14 21:08:18,422 INFO Skipped non-substantive snapshot (no date/matchup pairs): timestamp=2026-07-13T05:00:00 source_url=https://ak-static.cms.nba.com/referee/injury/Injury-Report_2026-07-13_05_00AM.pdf
2026-08-14 21:08:18,448 INFO Skipped non-substantive snapshot (no date/matchup pairs): timestamp=2026-07-13T17:00:00 source_url=https://ak-static.cms.nba.com/referee/injury/Injury-Report_2026-07-13_05_00PM.pdf
2026-08-14 21:08:18,511 INFO Skipped non-substantive snapshot (no date/matchup pairs): timestamp=2026-07-13T05:15:00 source_url=https://ak-static.cms.nba.com/referee/injury/Injury-Report_2026-07-13_05_15AM.pdf
2026-08-14 21:08:18,536 INFO Skipped non-substantive snapshot (no date/matchup pairs): timestamp=2026-07-13T17:15:00 source_url=https://ak-static.cms.nba.com/referee/injury/Injury-Report_2026-07-13_05_15PM.pdf
2026-08-14 21:08:18,561 INFO Skipped non-substantive snapshot (no date/matchup pairs): timestamp=2026-07-13T05:30:00 source_url=https://ak-static.cms.nba.com/referee/injury/Injury-Report_2026-07-13_05_30AM.pdf
2026-08-14 21:08:18,586 INFO Skipped non-substantive snapshot (no date/matchup pairs): timestamp=2026-07-13T17:30:00 source_url=https://ak-static.cms.nba.com/referee/injury/Injury-Report_2026-07-13_05_30PM.pdf
2026-08-14 21:08:18,613 INFO Skipped non-substantive snapshot (no date/matchup pairs): timestamp=2026-07-13T05:45:00 source_url=https://ak-static.cms.nba.com/referee/injury/Injury-Report_2026-07-13_05_45AM.pdf
2026-08-14 21:08:18,638 INFO Skipped non-substantive snapshot (no date/matchup pairs): timestamp=2026-07-13T17:45:00 source_url=https://ak-static.cms.nba.com/referee/injury/Injury-Report_2026-07-13_05_45PM.pdf
2026-08-14 21:08:18,664 INFO Skipped non-substantive snapshot (no date/matchup pairs): timestamp=2026-07-13T06:00:00 source_url=https://ak-static.cms.nba.com/referee/injury/Injury-Report_2026-07-13_06_00AM.pdf
2026-08-14 21:08:18,688 INFO Skipped non-substantive snapshot (no date/matchup pairs): timestamp=2026-07-13T18:00:00 source_url=https://ak-static.cms.nba.com/referee/injury/Injury-Report_2026-07-13_06_00PM.pdf
2026-08-14 21:08:18,713 INFO Skipped non-substantive snapshot (no date/matchup pairs): timestamp=2026-07-13T06:15:00 source_url=https://ak-static.cms.nba.com/referee/injury/Injury-Report_2026-07-13_06_15AM.pdf
2026-08-14 21:08:18,740 INFO Skipped non-substantive snapshot (no date/matchup pairs): timestamp=2026-07-13T18:15:00 source_url=https://ak-static.cms.nba.com/referee/injury/Injury-Report_2026-07-13_06_15PM.pdf
2026-08-14 21:08:18,765 INFO Skipped non-substantive snapshot (no date/matchup pairs): timestamp=2026-07-13T06:30:00 source_url=https://ak-static.cms.nba.com/referee/injury/Injury-Report_2026-07-13_06_30AM.pdf
2026-08-14 21:08:18,791 INFO Skipped non-substantive snapshot (no date/matchup pairs): timestamp=2026-07-13T18:30:00 source_url=https://ak-static.cms.nba.com/referee/injury/Injury-Report_2026-07-13_06_30PM.pdf
2026-08-14 21:08:18,816 INFO Skipped non-substantive snapshot (no date/matchup pairs): timestamp=2026-07-13T06:45:00 source_url=https://ak-static.cms.nba.com/referee/injury/Injury-Report_2026-07-13_06_45AM.pdf
2026-08-14 21:08:18,842 INFO Skipped non-substantive snapshot (no date/matchup pairs): timestamp=2026-07-13T18:45:00 source_url=https://ak-static.cms.nba.com/referee/injury/Injury-Report_2026-07-13_06_45PM.pdf
2026-08-14 21:08:18,866 INFO Skipped non-substantive snapshot (no date/matchup pairs): timestamp=2026-07-13T07:00:00 source_url=https://ak-static.cms.nba.com/referee/injury/Injury-Report_2026-07-13_07_00AM.pdf
2026-08-14 21:08:18,891 INFO Skipped non-substantive snapshot (no date/matchup pairs): timestamp=2026-07-13T19:00:00 source_url=https://ak-static.cms.nba.com/referee/injury/Injury-Report_2026-07-13_07_00PM.pdf
2026-08-14 21:08:18,918 INFO Skipped non-substantive snapshot (no date/matchup pairs): timestamp=2026-07-13T07:15:00 source_url=https://ak-static.cms.nba.com/referee/injury/Injury-Report_2026-07-13_07_15AM.pdf
2026-08-14 21:08:18,943 INFO Skipped non-substantive snapshot (no date/matchup pairs): timestamp=2026-07-13T19:15:00 source_url=https://ak-static.cms.nba.com/referee/injury/Injury-Report_2026-07-13_07_15PM.pdf
2026-08-14 21:08:18,969 INFO Skipped non-substantive snapshot (no date/matchup pairs): timestamp=2026-07-13T07:30:00 source_url=https://ak-static.cms.nba.com/referee/injury/Injury-Report_2026-07-13_07_30AM.pdf
2026-08-14 21:08:18,994 INFO Skipped non-substantive snapshot (no date/matchup pairs): timestamp=2026-07-13T19:30:00 source_url=https://ak-static.cms.nba.com/referee/injury/Injury-Report_2026-07-13_07_30PM.pdf
2026-08-14 21:08:19,020 INFO Skipped non-substantive snapshot (no date/matchup pairs): timestamp=2026-07-13T07:45:00 source_url=https://ak-static.cms.nba.com/referee/injury/Injury-Report_2026-07-13_07_45AM.pdf
2026-08-14 21:08:19,045 INFO Skipped non-substantive snapshot (no date/matchup pairs): timestamp=2026-07-13T19:45:00 source_url=https://ak-static.cms.nba.com/referee/injury/Injury-Report_2026-07-13_07_45PM.pdf
2026-08-14 21:08:19,070 INFO Skipped non-substantive snapshot (no date/matchup pairs): timestamp=2026-07-13T08:00:00 source_url=https://ak-static.cms.nba.com/referee/injury/Injury-Report_2026-07-13_08_00AM.pdf
2026-08-14 21:08:19,096 INFO Skipped non-substantive snapshot (no date/matchup pairs): timestamp=2026-07-13T20:00:00 source_url=https://ak-static.cms.nba.com/referee/injury/Injury-Report_2026-07-13_08_00PM.pdf
2026-08-14 21:08:19,121 INFO Skipped non-substantive snapshot (no date/matchup pairs): timestamp=2026-07-13T08:15:00 source_url=https://ak-static.cms.nba.com/referee/injury/Injury-Report_2026-07-13_08_15AM.pdf
2026-08-14 21:08:19,147 INFO Skipped non-substantive snapshot (no date/matchup pairs): timestamp=2026-07-13T20:15:00 source_url=https://ak-static.cms.nba.com/referee/injury/Injury-Report_2026-07-13_08_15PM.pdf
2026-08-14 21:08:19,209 INFO Skipped non-substantive snapshot (no date/matchup pairs): timestamp=2026-07-13T08:30:00 source_url=https://ak-static.cms.nba.com/referee/injury/Injury-Report_2026-07-13_08_30AM.pdf
2026-08-14 21:08:19,235 INFO Skipped non-substantive snapshot (no date/matchup pairs): timestamp=2026-07-13T20:30:00 source_url=https://ak-static.cms.nba.com/referee/injury/Injury-Report_2026-07-13_08_30PM.pdf
2026-08-14 21:08:19,260 INFO Skipped non-substantive snapshot (no date/matchup pairs): timestamp=2026-07-13T08:45:00 source_url=https://ak-static.cms.nba.com/referee/injury/Injury-Report_2026-07-13_08_45AM.pdf
2026-08-14 21:08:19,286 INFO Skipped non-substantive snapshot (no date/matchup pairs): timestamp=2026-07-13T20:45:00 source_url=https://ak-static.cms.nba.com/referee/injury/Injury-Report_2026-07-13_08_45PM.pdf
2026-08-14 21:08:19,311 INFO Skipped non-substantive snapshot (no date/matchup pairs): timestamp=2026-07-13T09:00:00 source_url=https://ak-static.cms.nba.com/referee/injury/Injury-Report_2026-07-13_09_00AM.pdf
2026-08-14 21:08:19,338 INFO Skipped non-substantive snapshot (no date/matchup pairs): timestamp=2026-07-13T21:00:00 source_url=https://ak-static.cms.nba.com/referee/injury/Injury-Report_2026-07-13_09_00PM.pdf
2026-08-14 21:08:19,362 INFO Skipped non-substantive snapshot (no date/matchup pairs): timestamp=2026-07-13T09:15:00 source_url=https://ak-static.cms.nba.com/referee/injury/Injury-Report_2026-07-13_09_15AM.pdf
2026-08-14 21:08:19,387 INFO Skipped non-substantive snapshot (no date/matchup pairs): timestamp=2026-07-13T21:15:00 source_url=https://ak-static.cms.nba.com/referee/injury/Injury-Report_2026-07-13_09_15PM.pdf
2026-08-14 21:08:19,414 INFO Skipped non-substantive snapshot (no date/matchup pairs): timestamp=2026-07-13T09:30:00 source_url=https://ak-static.cms.nba.com/referee/injury/Injury-Report_2026-07-13_09_30AM.pdf
2026-08-14 21:08:19,439 INFO Skipped non-substantive snapshot (no date/matchup pairs): timestamp=2026-07-13T21:30:00 source_url=https://ak-static.cms.nba.com/referee/injury/Injury-Report_2026-07-13_09_30PM.pdf
2026-08-14 21:08:19,465 INFO Skipped non-substantive snapshot (no date/matchup pairs): timestamp=2026-07-13T09:45:00 source_url=https://ak-static.cms.nba.com/referee/injury/Injury-Report_2026-07-13_09_45AM.pdf
2026-08-14 21:08:19,490 INFO Skipped non-substantive snapshot (no date/matchup pairs): timestamp=2026-07-13T21:45:00 source_url=https://ak-static.cms.nba.com/referee/injury/Injury-Report_2026-07-13_09_45PM.pdf
2026-08-14 21:08:19,515 INFO Skipped non-substantive snapshot (no date/matchup pairs): timestamp=2026-07-13T10:00:00 source_url=https://ak-static.cms.nba.com/referee/injury/Injury-Report_2026-07-13_10_00AM.pdf
2026-08-14 21:08:19,541 INFO Skipped non-substantive snapshot (no date/matchup pairs): timestamp=2026-07-13T22:00:00 source_url=https://ak-static.cms.nba.com/referee/injury/Injury-Report_2026-07-13_10_00PM.pdf
2026-08-14 21:08:19,566 INFO Skipped non-substantive snapshot (no date/matchup pairs): timestamp=2026-07-13T10:15:00 source_url=https://ak-static.cms.nba.com/referee/injury/Injury-Report_2026-07-13_10_15AM.pdf
2026-08-14 21:08:19,593 INFO Skipped non-substantive snapshot (no date/matchup pairs): timestamp=2026-07-13T22:15:00 source_url=https://ak-static.cms.nba.com/referee/injury/Injury-Report_2026-07-13_10_15PM.pdf
2026-08-14 21:08:19,618 INFO Skipped non-substantive snapshot (no date/matchup pairs): timestamp=2026-07-13T10:30:00 source_url=https://ak-static.cms.nba.com/referee/injury/Injury-Report_2026-07-13_10_30AM.pdf
2026-08-14 21:08:19,644 INFO Skipped non-substantive snapshot (no date/matchup pairs): timestamp=2026-07-13T22:30:00 source_url=https://ak-static.cms.nba.com/referee/injury/Injury-Report_2026-07-13_10_30PM.pdf
2026-08-14 21:08:19,669 INFO Skipped non-substantive snapshot (no date/matchup pairs): timestamp=2026-07-13T10:45:00 source_url=https://ak-static.cms.nba.com/referee/injury/Injury-Report_2026-07-13_10_45AM.pdf
2026-08-14 21:08:19,694 INFO Skipped non-substantive snapshot (no date/matchup pairs): timestamp=2026-07-13T22:45:00 source_url=https://ak-static.cms.nba.com/referee/injury/Injury-Report_2026-07-13_10_45PM.pdf
2026-08-14 21:08:19,720 INFO Skipped non-substantive snapshot (no date/matchup pairs): timestamp=2026-07-13T11:00:00 source_url=https://ak-static.cms.nba.com/referee/injury/Injury-Report_2026-07-13_11_00AM.pdf
2026-08-14 21:08:19,745 INFO Skipped non-substantive snapshot (no date/matchup pairs): timestamp=2026-07-13T23:00:00 source_url=https://ak-static.cms.nba.com/referee/injury/Injury-Report_2026-07-13_11_00PM.pdf
2026-08-14 21:08:19,771 INFO Skipped non-substantive snapshot (no date/matchup pairs): timestamp=2026-07-13T11:15:00 source_url=https://ak-static.cms.nba.com/referee/injury/Injury-Report_2026-07-13_11_15AM.pdf
2026-08-14 21:08:19,796 INFO Skipped non-substantive snapshot (no date/matchup pairs): timestamp=2026-07-13T23:15:00 source_url=https://ak-static.cms.nba.com/referee/injury/Injury-Report_2026-07-13_11_15PM.pdf
2026-08-14 21:08:19,823 INFO Skipped non-substantive snapshot (no date/matchup pairs): timestamp=2026-07-13T11:30:00 source_url=https://ak-static.cms.nba.com/referee/injury/Injury-Report_2026-07-13_11_30AM.pdf
2026-08-14 21:08:19,885 INFO Skipped non-substantive snapshot (no date/matchup pairs): timestamp=2026-07-13T23:30:00 source_url=https://ak-static.cms.nba.com/referee/injury/Injury-Report_2026-07-13_11_30PM.pdf
2026-08-14 21:08:19,910 INFO Skipped non-substantive snapshot (no date/matchup pairs): timestamp=2026-07-13T11:45:00 source_url=https://ak-static.cms.nba.com/referee/injury/Injury-Report_2026-07-13_11_45AM.pdf
2026-08-14 21:08:19,936 INFO Skipped non-substantive snapshot (no date/matchup pairs): timestamp=2026-07-13T23:45:00 source_url=https://ak-static.cms.nba.com/referee/injury/Injury-Report_2026-07-13_11_45PM.pdf
2026-08-14 21:08:19,961 INFO Skipped non-substantive snapshot (no date/matchup pairs): timestamp=2026-07-13T00:00:00 source_url=https://ak-static.cms.nba.com/referee/injury/Injury-Report_2026-07-13_12_00AM.pdf
2026-08-14 21:08:19,988 INFO Skipped non-substantive snapshot (no date/matchup pairs): timestamp=2026-07-13T12:00:00 source_url=https://ak-static.cms.nba.com/referee/injury/Injury-Report_2026-07-13_12_00PM.pdf
2026-08-14 21:08:20,013 INFO Skipped non-substantive snapshot (no date/matchup pairs): timestamp=2026-07-13T00:15:00 source_url=https://ak-static.cms.nba.com/referee/injury/Injury-Report_2026-07-13_12_15AM.pdf
2026-08-14 21:08:20,039 INFO Skipped non-substantive snapshot (no date/matchup pairs): timestamp=2026-07-13T12:15:00 source_url=https://ak-static.cms.nba.com/referee/injury/Injury-Report_2026-07-13_12_15PM.pdf
2026-08-14 21:08:20,064 INFO Skipped non-substantive snapshot (no date/matchup pairs): timestamp=2026-07-13T00:30:00 source_url=https://ak-static.cms.nba.com/referee/injury/Injury-Report_2026-07-13_12_30AM.pdf
2026-08-14 21:08:20,089 INFO Skipped non-substantive snapshot (no date/matchup pairs): timestamp=2026-07-13T12:30:00 source_url=https://ak-static.cms.nba.com/referee/injury/Injury-Report_2026-07-13_12_30PM.pdf
2026-08-14 21:08:20,116 INFO Skipped non-substantive snapshot (no date/matchup pairs): timestamp=2026-07-13T00:45:00 source_url=https://ak-static.cms.nba.com/referee/injury/Injury-Report_2026-07-13_12_45AM.pdf
2026-08-14 21:08:20,141 INFO Skipped non-substantive snapshot (no date/matchup pairs): timestamp=2026-07-13T12:45:00 source_url=https://ak-static.cms.nba.com/referee/injury/Injury-Report_2026-07-13_12_45PM.pdf
2026-08-14 21:08:20,141 INFO Direct NBA day 92/123: 2026-07-13, 96 discovered -> 0 selected
2026-08-14 21:12:10,557 INFO Skipped non-substantive snapshot (no date/matchup pairs): timestamp=2026-07-14T01:00:00 source_url=https://ak-static.cms.nba.com/referee/injury/Injury-Report_2026-07-14_01_00AM.pdf
2026-08-14 21:12:10,585 INFO Skipped non-substantive snapshot (no date/matchup pairs): timestamp=2026-07-14T13:00:00 source_url=https://ak-static.cms.nba.com/referee/injury/Injury-Report_2026-07-14_01_00PM.pdf
2026-08-14 21:12:10,609 INFO Skipped non-substantive snapshot (no date/matchup pairs): timestamp=2026-07-14T01:15:00 source_url=https://ak-static.cms.nba.com/referee/injury/Injury-Report_2026-07-14_01_15AM.pdf
2026-08-14 21:12:10,635 INFO Skipped non-substantive snapshot (no date/matchup pairs): timestamp=2026-07-14T13:15:00 source_url=https://ak-static.cms.nba.com/referee/injury/Injury-Report_2026-07-14_01_15PM.pdf
2026-08-14 21:12:10,659 INFO Skipped non-substantive snapshot (no date/matchup pairs): timestamp=2026-07-14T01:30:00 source_url=https://ak-static.cms.nba.com/referee/injury/Injury-Report_2026-07-14_01_30AM.pdf
2026-08-14 21:12:10,685 INFO Skipped non-substantive snapshot (no date/matchup pairs): timestamp=2026-07-14T13:30:00 source_url=https://ak-static.cms.nba.com/referee/injury/Injury-Report_2026-07-14_01_30PM.pdf
2026-08-14 21:12:10,710 INFO Skipped non-substantive snapshot (no date/matchup pairs): timestamp=2026-07-14T01:45:00 source_url=https://ak-static.cms.nba.com/referee/injury/Injury-Report_2026-07-14_01_45AM.pdf
2026-08-14 21:12:10,734 INFO Skipped non-substantive snapshot (no date/matchup pairs): timestamp=2026-07-14T13:45:00 source_url=https://ak-static.cms.nba.com/referee/injury/Injury-Report_2026-07-14_01_45PM.pdf
2026-08-14 21:12:10,760 INFO Skipped non-substantive snapshot (no date/matchup pairs): timestamp=2026-07-14T02:00:00 source_url=https://ak-static.cms.nba.com/referee/injury/Injury-Report_2026-07-14_02_00AM.pdf
2026-08-14 21:12:10,785 INFO Skipped non-substantive snapshot (no date/matchup pairs): timestamp=2026-07-14T14:00:00 source_url=https://ak-static.cms.nba.com/referee/injury/Injury-Report_2026-07-14_02_00PM.pdf
2026-08-14 21:12:10,849 INFO Skipped non-substantive snapshot (no date/matchup pairs): timestamp=2026-07-14T02:15:00 source_url=https://ak-static.cms.nba.com/referee/injury/Injury-Report_2026-07-14_02_15AM.pdf
2026-08-14 21:12:10,874 INFO Skipped non-substantive snapshot (no date/matchup pairs): timestamp=2026-07-14T14:15:00 source_url=https://ak-static.cms.nba.com/referee/injury/Injury-Report_2026-07-14_02_15PM.pdf
2026-08-14 21:12:10,899 INFO Skipped non-substantive snapshot (no date/matchup pairs): timestamp=2026-07-14T02:30:00 source_url=https://ak-static.cms.nba.com/referee/injury/Injury-Report_2026-07-14_02_30AM.pdf
2026-08-14 21:12:10,924 INFO Skipped non-substantive snapshot (no date/matchup pairs): timestamp=2026-07-14T14:30:00 source_url=https://ak-static.cms.nba.com/referee/injury/Injury-Report_2026-07-14_02_30PM.pdf
2026-08-14 21:12:10,950 INFO Skipped non-substantive snapshot (no date/matchup pairs): timestamp=2026-07-14T02:45:00 source_url=https://ak-static.cms.nba.com/referee/injury/Injury-Report_2026-07-14_02_45AM.pdf
2026-08-14 21:12:10,974 INFO Skipped non-substantive snapshot (no date/matchup pairs): timestamp=2026-07-14T14:45:00 source_url=https://ak-static.cms.nba.com/referee/injury/Injury-Report_2026-07-14_02_45PM.pdf
2026-08-14 21:12:10,999 INFO Skipped non-substantive snapshot (no date/matchup pairs): timestamp=2026-07-14T03:00:00 source_url=https://ak-static.cms.nba.com/referee/injury/Injury-Report_2026-07-14_03_00AM.pdf
2026-08-14 21:12:11,025 INFO Skipped non-substantive snapshot (no date/matchup pairs): timestamp=2026-07-14T15:00:00 source_url=https://ak-static.cms.nba.com/referee/injury/Injury-Report_2026-07-14_03_00PM.pdf
2026-08-14 21:12:11,049 INFO Skipped non-substantive snapshot (no date/matchup pairs): timestamp=2026-07-14T03:15:00 source_url=https://ak-static.cms.nba.com/referee/injury/Injury-Report_2026-07-14_03_15AM.pdf
2026-08-14 21:12:11,075 INFO Skipped non-substantive snapshot (no date/matchup pairs): timestamp=2026-07-14T15:15:00 source_url=https://ak-static.cms.nba.com/referee/injury/Injury-Report_2026-07-14_03_15PM.pdf
2026-08-14 21:12:11,099 INFO Skipped non-substantive snapshot (no date/matchup pairs): timestamp=2026-07-14T03:30:00 source_url=https://ak-static.cms.nba.com/referee/injury/Injury-Report_2026-07-14_03_30AM.pdf
2026-08-14 21:12:11,125 INFO Skipped non-substantive snapshot (no date/matchup pairs): timestamp=2026-07-14T15:30:00 source_url=https://ak-static.cms.nba.com/referee/injury/Injury-Report_2026-07-14_03_30PM.pdf
2026-08-14 21:12:11,150 INFO Skipped non-substantive snapshot (no date/matchup pairs): timestamp=2026-07-14T03:45:00 source_url=https://ak-static.cms.nba.com/referee/injury/Injury-Report_2026-07-14_03_45AM.pdf
2026-08-14 21:12:11,174 INFO Skipped non-substantive snapshot (no date/matchup pairs): timestamp=2026-07-14T15:45:00 source_url=https://ak-static.cms.nba.com/referee/injury/Injury-Report_2026-07-14_03_45PM.pdf
2026-08-14 21:12:11,200 INFO Skipped non-substantive snapshot (no date/matchup pairs): timestamp=2026-07-14T04:00:00 source_url=https://ak-static.cms.nba.com/referee/injury/Injury-Report_2026-07-14_04_00AM.pdf
2026-08-14 21:12:11,225 INFO Skipped non-substantive snapshot (no date/matchup pairs): timestamp=2026-07-14T16:00:00 source_url=https://ak-static.cms.nba.com/referee/injury/Injury-Report_2026-07-14_04_00PM.pdf
2026-08-14 21:12:11,250 INFO Skipped non-substantive snapshot (no date/matchup pairs): timestamp=2026-07-14T04:15:00 source_url=https://ak-static.cms.nba.com/referee/injury/Injury-Report_2026-07-14_04_15AM.pdf
2026-08-14 21:12:11,275 INFO Skipped non-substantive snapshot (no date/matchup pairs): timestamp=2026-07-14T16:15:00 source_url=https://ak-static.cms.nba.com/referee/injury/Injury-Report_2026-07-14_04_15PM.pdf
2026-08-14 21:12:11,301 INFO Skipped non-substantive snapshot (no date/matchup pairs): timestamp=2026-07-14T04:30:00 source_url=https://ak-static.cms.nba.com/referee/injury/Injury-Report_2026-07-14_04_30AM.pdf
2026-08-14 21:12:11,325 INFO Skipped non-substantive snapshot (no date/matchup pairs): timestamp=2026-07-14T16:30:00 source_url=https://ak-static.cms.nba.com/referee/injury/Injury-Report_2026-07-14_04_30PM.pdf
2026-08-14 21:12:11,350 INFO Skipped non-substantive snapshot (no date/matchup pairs): timestamp=2026-07-14T04:45:00 source_url=https://ak-static.cms.nba.com/referee/injury/Injury-Report_2026-07-14_04_45AM.pdf
2026-08-14 21:12:11,376 INFO Skipped non-substantive snapshot (no date/matchup pairs): timestamp=2026-07-14T16:45:00 source_url=https://ak-static.cms.nba.com/referee/injury/Injury-Report_2026-07-14_04_45PM.pdf
2026-08-14 21:12:11,400 INFO Skipped non-substantive snapshot (no date/matchup pairs): timestamp=2026-07-14T05:00:00 source_url=https://ak-static.cms.nba.com/referee/injury/Injury-Report_2026-07-14_05_00AM.pdf
2026-08-14 21:12:11,426 INFO Skipped non-substantive snapshot (no date/matchup pairs): timestamp=2026-07-14T17:00:00 source_url=https://ak-static.cms.nba.com/referee/injury/Injury-Report_2026-07-14_05_00PM.pdf
2026-08-14 21:12:11,450 INFO Skipped non-substantive snapshot (no date/matchup pairs): timestamp=2026-07-14T05:15:00 source_url=https://ak-static.cms.nba.com/referee/injury/Injury-Report_2026-07-14_05_15AM.pdf
2026-08-14 21:12:11,476 INFO Skipped non-substantive snapshot (no date/matchup pairs): timestamp=2026-07-14T17:15:00 source_url=https://ak-static.cms.nba.com/referee/injury/Injury-Report_2026-07-14_05_15PM.pdf
2026-08-14 21:12:11,538 INFO Skipped non-substantive snapshot (no date/matchup pairs): timestamp=2026-07-14T05:30:00 source_url=https://ak-static.cms.nba.com/referee/injury/Injury-Report_2026-07-14_05_30AM.pdf
2026-08-14 21:12:11,563 INFO Skipped non-substantive snapshot (no date/matchup pairs): timestamp=2026-07-14T17:30:00 source_url=https://ak-static.cms.nba.com/referee/injury/Injury-Report_2026-07-14_05_30PM.pdf
2026-08-14 21:12:11,589 INFO Skipped non-substantive snapshot (no date/matchup pairs): timestamp=2026-07-14T05:45:00 source_url=https://ak-static.cms.nba.com/referee/injury/Injury-Report_2026-07-14_05_45AM.pdf
2026-08-14 21:12:11,613 INFO Skipped non-substantive snapshot (no date/matchup pairs): timestamp=2026-07-14T17:45:00 source_url=https://ak-static.cms.nba.com/referee/injury/Injury-Report_2026-07-14_05_45PM.pdf
2026-08-14 21:12:11,639 INFO Skipped non-substantive snapshot (no date/matchup pairs): timestamp=2026-07-14T06:00:00 source_url=https://ak-static.cms.nba.com/referee/injury/Injury-Report_2026-07-14_06_00AM.pdf
2026-08-14 21:12:11,663 INFO Skipped non-substantive snapshot (no date/matchup pairs): timestamp=2026-07-14T18:00:00 source_url=https://ak-static.cms.nba.com/referee/injury/Injury-Report_2026-07-14_06_00PM.pdf
2026-08-14 21:12:11,689 INFO Skipped non-substantive snapshot (no date/matchup pairs): timestamp=2026-07-14T06:15:00 source_url=https://ak-static.cms.nba.com/referee/injury/Injury-Report_2026-07-14_06_15AM.pdf
2026-08-14 21:12:11,713 INFO Skipped non-substantive snapshot (no date/matchup pairs): timestamp=2026-07-14T18:15:00 source_url=https://ak-static.cms.nba.com/referee/injury/Injury-Report_2026-07-14_06_15PM.pdf
2026-08-14 21:12:11,738 INFO Skipped non-substantive snapshot (no date/matchup pairs): timestamp=2026-07-14T06:30:00 source_url=https://ak-static.cms.nba.com/referee/injury/Injury-Report_2026-07-14_06_30AM.pdf
2026-08-14 21:12:11,764 INFO Skipped non-substantive snapshot (no date/matchup pairs): timestamp=2026-07-14T18:30:00 source_url=https://ak-static.cms.nba.com/referee/injury/Injury-Report_2026-07-14_06_30PM.pdf
2026-08-14 21:12:11,788 INFO Skipped non-substantive snapshot (no date/matchup pairs): timestamp=2026-07-14T06:45:00 source_url=https://ak-static.cms.nba.com/referee/injury/Injury-Report_2026-07-14_06_45AM.pdf
2026-08-14 21:12:11,813 INFO Skipped non-substantive snapshot (no date/matchup pairs): timestamp=2026-07-14T18:45:00 source_url=https://ak-static.cms.nba.com/referee/injury/Injury-Report_2026-07-14_06_45PM.pdf
2026-08-14 21:12:11,837 INFO Skipped non-substantive snapshot (no date/matchup pairs): timestamp=2026-07-14T07:00:00 source_url=https://ak-static.cms.nba.com/referee/injury/Injury-Report_2026-07-14_07_00AM.pdf
2026-08-14 21:12:11,863 INFO Skipped non-substantive snapshot (no date/matchup pairs): timestamp=2026-07-14T19:00:00 source_url=https://ak-static.cms.nba.com/referee/injury/Injury-Report_2026-07-14_07_00PM.pdf
2026-08-14 21:12:11,887 INFO Skipped non-substantive snapshot (no date/matchup pairs): timestamp=2026-07-14T07:15:00 source_url=https://ak-static.cms.nba.com/referee/injury/Injury-Report_2026-07-14_07_15AM.pdf
2026-08-14 21:12:11,912 INFO Skipped non-substantive snapshot (no date/matchup pairs): timestamp=2026-07-14T19:15:00 source_url=https://ak-static.cms.nba.com/referee/injury/Injury-Report_2026-07-14_07_15PM.pdf
2026-08-14 21:12:11,938 INFO Skipped non-substantive snapshot (no date/matchup pairs): timestamp=2026-07-14T07:30:00 source_url=https://ak-static.cms.nba.com/referee/injury/Injury-Report_2026-07-14_07_30AM.pdf
2026-08-14 21:12:11,962 INFO Skipped non-substantive snapshot (no date/matchup pairs): timestamp=2026-07-14T19:30:00 source_url=https://ak-static.cms.nba.com/referee/injury/Injury-Report_2026-07-14_07_30PM.pdf
2026-08-14 21:12:11,988 INFO Skipped non-substantive snapshot (no date/matchup pairs): timestamp=2026-07-14T07:45:00 source_url=https://ak-static.cms.nba.com/referee/injury/Injury-Report_2026-07-14_07_45AM.pdf
2026-08-14 21:12:12,012 INFO Skipped non-substantive snapshot (no date/matchup pairs): timestamp=2026-07-14T19:45:00 source_url=https://ak-static.cms.nba.com/referee/injury/Injury-Report_2026-07-14_07_45PM.pdf
2026-08-14 21:12:12,038 INFO Skipped non-substantive snapshot (no date/matchup pairs): timestamp=2026-07-14T08:00:00 source_url=https://ak-static.cms.nba.com/referee/injury/Injury-Report_2026-07-14_08_00AM.pdf
2026-08-14 21:12:12,062 INFO Skipped non-substantive snapshot (no date/matchup pairs): timestamp=2026-07-14T20:00:00 source_url=https://ak-static.cms.nba.com/referee/injury/Injury-Report_2026-07-14_08_00PM.pdf
2026-08-14 21:12:12,087 INFO Skipped non-substantive snapshot (no date/matchup pairs): timestamp=2026-07-14T08:15:00 source_url=https://ak-static.cms.nba.com/referee/injury/Injury-Report_2026-07-14_08_15AM.pdf
2026-08-14 21:12:12,112 INFO Skipped non-substantive snapshot (no date/matchup pairs): timestamp=2026-07-14T20:15:00 source_url=https://ak-static.cms.nba.com/referee/injury/Injury-Report_2026-07-14_08_15PM.pdf
2026-08-14 21:12:12,137 INFO Skipped non-substantive snapshot (no date/matchup pairs): timestamp=2026-07-14T08:30:00 source_url=https://ak-static.cms.nba.com/referee/injury/Injury-Report_2026-07-14_08_30AM.pdf
2026-08-14 21:12:12,162 INFO Skipped non-substantive snapshot (no date/matchup pairs): timestamp=2026-07-14T20:30:00 source_url=https://ak-static.cms.nba.com/referee/injury/Injury-Report_2026-07-14_08_30PM.pdf
2026-08-14 21:12:12,225 INFO Skipped non-substantive snapshot (no date/matchup pairs): timestamp=2026-07-14T08:45:00 source_url=https://ak-static.cms.nba.com/referee/injury/Injury-Report_2026-07-14_08_45AM.pdf
2026-08-14 21:12:12,250 INFO Skipped non-substantive snapshot (no date/matchup pairs): timestamp=2026-07-14T20:45:00 source_url=https://ak-static.cms.nba.com/referee/injury/Injury-Report_2026-07-14_08_45PM.pdf
2026-08-14 21:12:12,275 INFO Skipped non-substantive snapshot (no date/matchup pairs): timestamp=2026-07-14T09:00:00 source_url=https://ak-static.cms.nba.com/referee/injury/Injury-Report_2026-07-14_09_00AM.pdf
2026-08-14 21:12:12,301 INFO Skipped non-substantive snapshot (no date/matchup pairs): timestamp=2026-07-14T21:00:00 source_url=https://ak-static.cms.nba.com/referee/injury/Injury-Report_2026-07-14_09_00PM.pdf
2026-08-14 21:12:12,325 INFO Skipped non-substantive snapshot (no date/matchup pairs): timestamp=2026-07-14T09:15:00 source_url=https://ak-static.cms.nba.com/referee/injury/Injury-Report_2026-07-14_09_15AM.pdf
2026-08-14 21:12:12,351 INFO Skipped non-substantive snapshot (no date/matchup pairs): timestamp=2026-07-14T21:15:00 source_url=https://ak-static.cms.nba.com/referee/injury/Injury-Report_2026-07-14_09_15PM.pdf
2026-08-14 21:12:12,375 INFO Skipped non-substantive snapshot (no date/matchup pairs): timestamp=2026-07-14T09:30:00 source_url=https://ak-static.cms.nba.com/referee/injury/Injury-Report_2026-07-14_09_30AM.pdf
2026-08-14 21:12:12,400 INFO Skipped non-substantive snapshot (no date/matchup pairs): timestamp=2026-07-14T21:30:00 source_url=https://ak-static.cms.nba.com/referee/injury/Injury-Report_2026-07-14_09_30PM.pdf
2026-08-14 21:12:12,426 INFO Skipped non-substantive snapshot (no date/matchup pairs): timestamp=2026-07-14T09:45:00 source_url=https://ak-static.cms.nba.com/referee/injury/Injury-Report_2026-07-14_09_45AM.pdf
2026-08-14 21:12:12,450 INFO Skipped non-substantive snapshot (no date/matchup pairs): timestamp=2026-07-14T21:45:00 source_url=https://ak-static.cms.nba.com/referee/injury/Injury-Report_2026-07-14_09_45PM.pdf
2026-08-14 21:12:12,476 INFO Skipped non-substantive snapshot (no date/matchup pairs): timestamp=2026-07-14T10:00:00 source_url=https://ak-static.cms.nba.com/referee/injury/Injury-Report_2026-07-14_10_00AM.pdf
2026-08-14 21:12:12,500 INFO Skipped non-substantive snapshot (no date/matchup pairs): timestamp=2026-07-14T22:00:00 source_url=https://ak-static.cms.nba.com/referee/injury/Injury-Report_2026-07-14_10_00PM.pdf
2026-08-14 21:12:12,526 INFO Skipped non-substantive snapshot (no date/matchup pairs): timestamp=2026-07-14T10:15:00 source_url=https://ak-static.cms.nba.com/referee/injury/Injury-Report_2026-07-14_10_15AM.pdf
2026-08-14 21:12:12,550 INFO Skipped non-substantive snapshot (no date/matchup pairs): timestamp=2026-07-14T22:15:00 source_url=https://ak-static.cms.nba.com/referee/injury/Injury-Report_2026-07-14_10_15PM.pdf
2026-08-14 21:12:12,575 INFO Skipped non-substantive snapshot (no date/matchup pairs): timestamp=2026-07-14T10:30:00 source_url=https://ak-static.cms.nba.com/referee/injury/Injury-Report_2026-07-14_10_30AM.pdf
2026-08-14 21:12:12,601 INFO Skipped non-substantive snapshot (no date/matchup pairs): timestamp=2026-07-14T22:30:00 source_url=https://ak-static.cms.nba.com/referee/injury/Injury-Report_2026-07-14_10_30PM.pdf
2026-08-14 21:12:12,625 INFO Skipped non-substantive snapshot (no date/matchup pairs): timestamp=2026-07-14T10:45:00 source_url=https://ak-static.cms.nba.com/referee/injury/Injury-Report_2026-07-14_10_45AM.pdf
2026-08-14 21:12:12,651 INFO Skipped non-substantive snapshot (no date/matchup pairs): timestamp=2026-07-14T22:45:00 source_url=https://ak-static.cms.nba.com/referee/injury/Injury-Report_2026-07-14_10_45PM.pdf
2026-08-14 21:12:12,675 INFO Skipped non-substantive snapshot (no date/matchup pairs): timestamp=2026-07-14T11:00:00 source_url=https://ak-static.cms.nba.com/referee/injury/Injury-Report_2026-07-14_11_00AM.pdf
2026-08-14 21:12:12,701 INFO Skipped non-substantive snapshot (no date/matchup pairs): timestamp=2026-07-14T23:00:00 source_url=https://ak-static.cms.nba.com/referee/injury/Injury-Report_2026-07-14_11_00PM.pdf
2026-08-14 21:12:12,725 INFO Skipped non-substantive snapshot (no date/matchup pairs): timestamp=2026-07-14T11:15:00 source_url=https://ak-static.cms.nba.com/referee/injury/Injury-Report_2026-07-14_11_15AM.pdf
2026-08-14 21:12:12,750 INFO Skipped non-substantive snapshot (no date/matchup pairs): timestamp=2026-07-14T23:15:00 source_url=https://ak-static.cms.nba.com/referee/injury/Injury-Report_2026-07-14_11_15PM.pdf
2026-08-14 21:12:12,776 INFO Skipped non-substantive snapshot (no date/matchup pairs): timestamp=2026-07-14T11:30:00 source_url=https://ak-static.cms.nba.com/referee/injury/Injury-Report_2026-07-14_11_30AM.pdf
2026-08-14 21:12:12,800 INFO Skipped non-substantive snapshot (no date/matchup pairs): timestamp=2026-07-14T23:30:00 source_url=https://ak-static.cms.nba.com/referee/injury/Injury-Report_2026-07-14_11_30PM.pdf
2026-08-14 21:12:12,825 INFO Skipped non-substantive snapshot (no date/matchup pairs): timestamp=2026-07-14T11:45:00 source_url=https://ak-static.cms.nba.com/referee/injury/Injury-Report_2026-07-14_11_45AM.pdf
2026-08-14 21:12:12,888 INFO Skipped non-substantive snapshot (no date/matchup pairs): timestamp=2026-07-14T23:45:00 source_url=https://ak-static.cms.nba.com/referee/injury/Injury-Report_2026-07-14_11_45PM.pdf
2026-08-14 21:12:12,913 INFO Skipped non-substantive snapshot (no date/matchup pairs): timestamp=2026-07-14T00:00:00 source_url=https://ak-static.cms.nba.com/referee/injury/Injury-Report_2026-07-14_12_00AM.pdf
2026-08-14 21:12:12,938 INFO Skipped non-substantive snapshot (no date/matchup pairs): timestamp=2026-07-14T12:00:00 source_url=https://ak-static.cms.nba.com/referee/injury/Injury-Report_2026-07-14_12_00PM.pdf
2026-08-14 21:12:12,963 INFO Skipped non-substantive snapshot (no date/matchup pairs): timestamp=2026-07-14T00:15:00 source_url=https://ak-static.cms.nba.com/referee/injury/Injury-Report_2026-07-14_12_15AM.pdf
2026-08-14 21:12:12,988 INFO Skipped non-substantive snapshot (no date/matchup pairs): timestamp=2026-07-14T12:15:00 source_url=https://ak-static.cms.nba.com/referee/injury/Injury-Report_2026-07-14_12_15PM.pdf
2026-08-14 21:12:13,013 INFO Skipped non-substantive snapshot (no date/matchup pairs): timestamp=2026-07-14T00:30:00 source_url=https://ak-static.cms.nba.com/referee/injury/Injury-Report_2026-07-14_12_30AM.pdf
2026-08-14 21:12:13,038 INFO Skipped non-substantive snapshot (no date/matchup pairs): timestamp=2026-07-14T12:30:00 source_url=https://ak-static.cms.nba.com/referee/injury/Injury-Report_2026-07-14_12_30PM.pdf
2026-08-14 21:12:13,062 INFO Skipped non-substantive snapshot (no date/matchup pairs): timestamp=2026-07-14T00:45:00 source_url=https://ak-static.cms.nba.com/referee/injury/Injury-Report_2026-07-14_12_45AM.pdf
2026-08-14 21:12:13,088 INFO Skipped non-substantive snapshot (no date/matchup pairs): timestamp=2026-07-14T12:45:00 source_url=https://ak-static.cms.nba.com/referee/injury/Injury-Report_2026-07-14_12_45PM.pdf
2026-08-14 21:12:13,088 INFO Direct NBA day 93/123: 2026-07-14, 96 discovered -> 0 selected
2026-08-14 21:16:01,384 INFO Skipped non-substantive snapshot (no date/matchup pairs): timestamp=2026-07-15T01:00:00 source_url=https://ak-static.cms.nba.com/referee/injury/Injury-Report_2026-07-15_01_00AM.pdf
2026-08-14 21:16:01,412 INFO Skipped non-substantive snapshot (no date/matchup pairs): timestamp=2026-07-15T13:00:00 source_url=https://ak-static.cms.nba.com/referee/injury/Injury-Report_2026-07-15_01_00PM.pdf
2026-08-14 21:16:01,439 INFO Skipped non-substantive snapshot (no date/matchup pairs): timestamp=2026-07-15T01:15:00 source_url=https://ak-static.cms.nba.com/referee/injury/Injury-Report_2026-07-15_01_15AM.pdf
2026-08-14 21:16:01,466 INFO Skipped non-substantive snapshot (no date/matchup pairs): timestamp=2026-07-15T13:15:00 source_url=https://ak-static.cms.nba.com/referee/injury/Injury-Report_2026-07-15_01_15PM.pdf
2026-08-14 21:16:01,492 INFO Skipped non-substantive snapshot (no date/matchup pairs): timestamp=2026-07-15T01:30:00 source_url=https://ak-static.cms.nba.com/referee/injury/Injury-Report_2026-07-15_01_30AM.pdf
2026-08-14 21:16:01,518 INFO Skipped non-substantive snapshot (no date/matchup pairs): timestamp=2026-07-15T13:30:00 source_url=https://ak-static.cms.nba.com/referee/injury/Injury-Report_2026-07-15_01_30PM.pdf
2026-08-14 21:16:01,586 INFO Skipped non-substantive snapshot (no date/matchup pairs): timestamp=2026-07-15T01:45:00 source_url=https://ak-static.cms.nba.com/referee/injury/Injury-Report_2026-07-15_01_45AM.pdf
2026-08-14 21:16:01,612 INFO Skipped non-substantive snapshot (no date/matchup pairs): timestamp=2026-07-15T13:45:00 source_url=https://ak-static.cms.nba.com/referee/injury/Injury-Report_2026-07-15_01_45PM.pdf
2026-08-14 21:16:01,639 INFO Skipped non-substantive snapshot (no date/matchup pairs): timestamp=2026-07-15T02:00:00 source_url=https://ak-static.cms.nba.com/referee/injury/Injury-Report_2026-07-15_02_00AM.pdf
2026-08-14 21:16:01,665 INFO Skipped non-substantive snapshot (no date/matchup pairs): timestamp=2026-07-15T14:00:00 source_url=https://ak-static.cms.nba.com/referee/injury/Injury-Report_2026-07-15_02_00PM.pdf
2026-08-14 21:16:01,692 INFO Skipped non-substantive snapshot (no date/matchup pairs): timestamp=2026-07-15T02:15:00 source_url=https://ak-static.cms.nba.com/referee/injury/Injury-Report_2026-07-15_02_15AM.pdf
2026-08-14 21:16:01,718 INFO Skipped non-substantive snapshot (no date/matchup pairs): timestamp=2026-07-15T14:15:00 source_url=https://ak-static.cms.nba.com/referee/injury/Injury-Report_2026-07-15_02_15PM.pdf
2026-08-14 21:16:01,745 INFO Skipped non-substantive snapshot (no date/matchup pairs): timestamp=2026-07-15T02:30:00 source_url=https://ak-static.cms.nba.com/referee/injury/Injury-Report_2026-07-15_02_30AM.pdf
2026-08-14 21:16:01,770 INFO Skipped non-substantive snapshot (no date/matchup pairs): timestamp=2026-07-15T14:30:00 source_url=https://ak-static.cms.nba.com/referee/injury/Injury-Report_2026-07-15_02_30PM.pdf
2026-08-14 21:16:01,797 INFO Skipped non-substantive snapshot (no date/matchup pairs): timestamp=2026-07-15T02:45:00 source_url=https://ak-static.cms.nba.com/referee/injury/Injury-Report_2026-07-15_02_45AM.pdf
2026-08-14 21:16:01,823 INFO Skipped non-substantive snapshot (no date/matchup pairs): timestamp=2026-07-15T14:45:00 source_url=https://ak-static.cms.nba.com/referee/injury/Injury-Report_2026-07-15_02_45PM.pdf
2026-08-14 21:16:01,850 INFO Skipped non-substantive snapshot (no date/matchup pairs): timestamp=2026-07-15T03:00:00 source_url=https://ak-static.cms.nba.com/referee/injury/Injury-Report_2026-07-15_03_00AM.pdf
2026-08-14 21:16:01,876 INFO Skipped non-substantive snapshot (no date/matchup pairs): timestamp=2026-07-15T15:00:00 source_url=https://ak-static.cms.nba.com/referee/injury/Injury-Report_2026-07-15_03_00PM.pdf
2026-08-14 21:16:01,902 INFO Skipped non-substantive snapshot (no date/matchup pairs): timestamp=2026-07-15T03:15:00 source_url=https://ak-static.cms.nba.com/referee/injury/Injury-Report_2026-07-15_03_15AM.pdf
2026-08-14 21:16:01,929 INFO Skipped non-substantive snapshot (no date/matchup pairs): timestamp=2026-07-15T15:15:00 source_url=https://ak-static.cms.nba.com/referee/injury/Injury-Report_2026-07-15_03_15PM.pdf
2026-08-14 21:16:01,955 INFO Skipped non-substantive snapshot (no date/matchup pairs): timestamp=2026-07-15T03:30:00 source_url=https://ak-static.cms.nba.com/referee/injury/Injury-Report_2026-07-15_03_30AM.pdf
2026-08-14 21:16:01,982 INFO Skipped non-substantive snapshot (no date/matchup pairs): timestamp=2026-07-15T15:30:00 source_url=https://ak-static.cms.nba.com/referee/injury/Injury-Report_2026-07-15_03_30PM.pdf
2026-08-14 21:16:02,008 INFO Skipped non-substantive snapshot (no date/matchup pairs): timestamp=2026-07-15T03:45:00 source_url=https://ak-static.cms.nba.com/referee/injury/Injury-Report_2026-07-15_03_45AM.pdf
2026-08-14 21:16:02,035 INFO Skipped non-substantive snapshot (no date/matchup pairs): timestamp=2026-07-15T15:45:00 source_url=https://ak-static.cms.nba.com/referee/injury/Injury-Report_2026-07-15_03_45PM.pdf
2026-08-14 21:16:02,061 INFO Skipped non-substantive snapshot (no date/matchup pairs): timestamp=2026-07-15T04:00:00 source_url=https://ak-static.cms.nba.com/referee/injury/Injury-Report_2026-07-15_04_00AM.pdf
2026-08-14 21:16:02,088 INFO Skipped non-substantive snapshot (no date/matchup pairs): timestamp=2026-07-15T16:00:00 source_url=https://ak-static.cms.nba.com/referee/injury/Injury-Report_2026-07-15_04_00PM.pdf
2026-08-14 21:16:02,114 INFO Skipped non-substantive snapshot (no date/matchup pairs): timestamp=2026-07-15T04:15:00 source_url=https://ak-static.cms.nba.com/referee/injury/Injury-Report_2026-07-15_04_15AM.pdf
2026-08-14 21:16:02,140 INFO Skipped non-substantive snapshot (no date/matchup pairs): timestamp=2026-07-15T16:15:00 source_url=https://ak-static.cms.nba.com/referee/injury/Injury-Report_2026-07-15_04_15PM.pdf
2026-08-14 21:16:02,167 INFO Skipped non-substantive snapshot (no date/matchup pairs): timestamp=2026-07-15T04:30:00 source_url=https://ak-static.cms.nba.com/referee/injury/Injury-Report_2026-07-15_04_30AM.pdf
2026-08-14 21:16:02,193 INFO Skipped non-substantive snapshot (no date/matchup pairs): timestamp=2026-07-15T16:30:00 source_url=https://ak-static.cms.nba.com/referee/injury/Injury-Report_2026-07-15_04_30PM.pdf
2026-08-14 21:16:02,258 INFO Skipped non-substantive snapshot (no date/matchup pairs): timestamp=2026-07-15T04:45:00 source_url=https://ak-static.cms.nba.com/referee/injury/Injury-Report_2026-07-15_04_45AM.pdf
2026-08-14 21:16:02,284 INFO Skipped non-substantive snapshot (no date/matchup pairs): timestamp=2026-07-15T16:45:00 source_url=https://ak-static.cms.nba.com/referee/injury/Injury-Report_2026-07-15_04_45PM.pdf
2026-08-14 21:16:02,311 INFO Skipped non-substantive snapshot (no date/matchup pairs): timestamp=2026-07-15T05:00:00 source_url=https://ak-static.cms.nba.com/referee/injury/Injury-Report_2026-07-15_05_00AM.pdf
2026-08-14 21:16:02,337 INFO Skipped non-substantive snapshot (no date/matchup pairs): timestamp=2026-07-15T17:00:00 source_url=https://ak-static.cms.nba.com/referee/injury/Injury-Report_2026-07-15_05_00PM.pdf
2026-08-14 21:16:02,365 INFO Skipped non-substantive snapshot (no date/matchup pairs): timestamp=2026-07-15T05:15:00 source_url=https://ak-static.cms.nba.com/referee/injury/Injury-Report_2026-07-15_05_15AM.pdf
2026-08-14 21:16:02,390 INFO Skipped non-substantive snapshot (no date/matchup pairs): timestamp=2026-07-15T17:15:00 source_url=https://ak-static.cms.nba.com/referee/injury/Injury-Report_2026-07-15_05_15PM.pdf
2026-08-14 21:16:02,417 INFO Skipped non-substantive snapshot (no date/matchup pairs): timestamp=2026-07-15T05:30:00 source_url=https://ak-static.cms.nba.com/referee/injury/Injury-Report_2026-07-15_05_30AM.pdf
2026-08-14 21:16:02,443 INFO Skipped non-substantive snapshot (no date/matchup pairs): timestamp=2026-07-15T17:30:00 source_url=https://ak-static.cms.nba.com/referee/injury/Injury-Report_2026-07-15_05_30PM.pdf
2026-08-14 21:16:02,471 INFO Skipped non-substantive snapshot (no date/matchup pairs): timestamp=2026-07-15T05:45:00 source_url=https://ak-static.cms.nba.com/referee/injury/Injury-Report_2026-07-15_05_45AM.pdf
2026-08-14 21:16:02,496 INFO Skipped non-substantive snapshot (no date/matchup pairs): timestamp=2026-07-15T17:45:00 source_url=https://ak-static.cms.nba.com/referee/injury/Injury-Report_2026-07-15_05_45PM.pdf
2026-08-14 21:16:02,522 INFO Skipped non-substantive snapshot (no date/matchup pairs): timestamp=2026-07-15T06:00:00 source_url=https://ak-static.cms.nba.com/referee/injury/Injury-Report_2026-07-15_06_00AM.pdf
2026-08-14 21:16:02,550 INFO Skipped non-substantive snapshot (no date/matchup pairs): timestamp=2026-07-15T18:00:00 source_url=https://ak-static.cms.nba.com/referee/injury/Injury-Report_2026-07-15_06_00PM.pdf
2026-08-14 21:16:02,576 INFO Skipped non-substantive snapshot (no date/matchup pairs): timestamp=2026-07-15T06:15:00 source_url=https://ak-static.cms.nba.com/referee/injury/Injury-Report_2026-07-15_06_15AM.pdf
2026-08-14 21:16:02,603 INFO Skipped non-substantive snapshot (no date/matchup pairs): timestamp=2026-07-15T18:15:00 source_url=https://ak-static.cms.nba.com/referee/injury/Injury-Report_2026-07-15_06_15PM.pdf
2026-08-14 21:16:02,629 INFO Skipped non-substantive snapshot (no date/matchup pairs): timestamp=2026-07-15T06:30:00 source_url=https://ak-static.cms.nba.com/referee/injury/Injury-Report_2026-07-15_06_30AM.pdf
2026-08-14 21:16:02,656 INFO Skipped non-substantive snapshot (no date/matchup pairs): timestamp=2026-07-15T18:30:00 source_url=https://ak-static.cms.nba.com/referee/injury/Injury-Report_2026-07-15_06_30PM.pdf
2026-08-14 21:16:02,682 INFO Skipped non-substantive snapshot (no date/matchup pairs): timestamp=2026-07-15T06:45:00 source_url=https://ak-static.cms.nba.com/referee/injury/Injury-Report_2026-07-15_06_45AM.pdf
2026-08-14 21:16:02,709 INFO Skipped non-substantive snapshot (no date/matchup pairs): timestamp=2026-07-15T18:45:00 source_url=https://ak-static.cms.nba.com/referee/injury/Injury-Report_2026-07-15_06_45PM.pdf
2026-08-14 21:16:02,735 INFO Skipped non-substantive snapshot (no date/matchup pairs): timestamp=2026-07-15T07:00:00 source_url=https://ak-static.cms.nba.com/referee/injury/Injury-Report_2026-07-15_07_00AM.pdf
2026-08-14 21:16:02,761 INFO Skipped non-substantive snapshot (no date/matchup pairs): timestamp=2026-07-15T19:00:00 source_url=https://ak-static.cms.nba.com/referee/injury/Injury-Report_2026-07-15_07_00PM.pdf
2026-08-14 21:16:02,788 INFO Skipped non-substantive snapshot (no date/matchup pairs): timestamp=2026-07-15T07:15:00 source_url=https://ak-static.cms.nba.com/referee/injury/Injury-Report_2026-07-15_07_15AM.pdf
2026-08-14 21:16:02,814 INFO Skipped non-substantive snapshot (no date/matchup pairs): timestamp=2026-07-15T19:15:00 source_url=https://ak-static.cms.nba.com/referee/injury/Injury-Report_2026-07-15_07_15PM.pdf
2026-08-14 21:16:02,841 INFO Skipped non-substantive snapshot (no date/matchup pairs): timestamp=2026-07-15T07:30:00 source_url=https://ak-static.cms.nba.com/referee/injury/Injury-Report_2026-07-15_07_30AM.pdf
2026-08-14 21:16:02,867 INFO Skipped non-substantive snapshot (no date/matchup pairs): timestamp=2026-07-15T19:30:00 source_url=https://ak-static.cms.nba.com/referee/injury/Injury-Report_2026-07-15_07_30PM.pdf
2026-08-14 21:16:02,932 INFO Skipped non-substantive snapshot (no date/matchup pairs): timestamp=2026-07-15T07:45:00 source_url=https://ak-static.cms.nba.com/referee/injury/Injury-Report_2026-07-15_07_45AM.pdf
2026-08-14 21:16:02,959 INFO Skipped non-substantive snapshot (no date/matchup pairs): timestamp=2026-07-15T19:45:00 source_url=https://ak-static.cms.nba.com/referee/injury/Injury-Report_2026-07-15_07_45PM.pdf
2026-08-14 21:16:02,986 INFO Skipped non-substantive snapshot (no date/matchup pairs): timestamp=2026-07-15T08:00:00 source_url=https://ak-static.cms.nba.com/referee/injury/Injury-Report_2026-07-15_08_00AM.pdf
2026-08-14 21:16:03,012 INFO Skipped non-substantive snapshot (no date/matchup pairs): timestamp=2026-07-15T20:00:00 source_url=https://ak-static.cms.nba.com/referee/injury/Injury-Report_2026-07-15_08_00PM.pdf
2026-08-14 21:16:03,039 INFO Skipped non-substantive snapshot (no date/matchup pairs): timestamp=2026-07-15T08:15:00 source_url=https://ak-static.cms.nba.com/referee/injury/Injury-Report_2026-07-15_08_15AM.pdf
2026-08-14 21:16:03,065 INFO Skipped non-substantive snapshot (no date/matchup pairs): timestamp=2026-07-15T20:15:00 source_url=https://ak-static.cms.nba.com/referee/injury/Injury-Report_2026-07-15_08_15PM.pdf
2026-08-14 21:16:03,093 INFO Skipped non-substantive snapshot (no date/matchup pairs): timestamp=2026-07-15T08:30:00 source_url=https://ak-static.cms.nba.com/referee/injury/Injury-Report_2026-07-15_08_30AM.pdf
2026-08-14 21:16:03,118 INFO Skipped non-substantive snapshot (no date/matchup pairs): timestamp=2026-07-15T20:30:00 source_url=https://ak-static.cms.nba.com/referee/injury/Injury-Report_2026-07-15_08_30PM.pdf
2026-08-14 21:16:03,145 INFO Skipped non-substantive snapshot (no date/matchup pairs): timestamp=2026-07-15T08:45:00 source_url=https://ak-static.cms.nba.com/referee/injury/Injury-Report_2026-07-15_08_45AM.pdf
2026-08-14 21:16:03,172 INFO Skipped non-substantive snapshot (no date/matchup pairs): timestamp=2026-07-15T20:45:00 source_url=https://ak-static.cms.nba.com/referee/injury/Injury-Report_2026-07-15_08_45PM.pdf
2026-08-14 21:16:03,198 INFO Skipped non-substantive snapshot (no date/matchup pairs): timestamp=2026-07-15T09:00:00 source_url=https://ak-static.cms.nba.com/referee/injury/Injury-Report_2026-07-15_09_00AM.pdf
2026-08-14 21:16:03,225 INFO Skipped non-substantive snapshot (no date/matchup pairs): timestamp=2026-07-15T21:00:00 source_url=https://ak-static.cms.nba.com/referee/injury/Injury-Report_2026-07-15_09_00PM.pdf
2026-08-14 21:16:03,251 INFO Skipped non-substantive snapshot (no date/matchup pairs): timestamp=2026-07-15T09:15:00 source_url=https://ak-static.cms.nba.com/referee/injury/Injury-Report_2026-07-15_09_15AM.pdf
2026-08-14 21:16:03,279 INFO Skipped non-substantive snapshot (no date/matchup pairs): timestamp=2026-07-15T21:15:00 source_url=https://ak-static.cms.nba.com/referee/injury/Injury-Report_2026-07-15_09_15PM.pdf
2026-08-14 21:16:03,305 INFO Skipped non-substantive snapshot (no date/matchup pairs): timestamp=2026-07-15T09:30:00 source_url=https://ak-static.cms.nba.com/referee/injury/Injury-Report_2026-07-15_09_30AM.pdf
2026-08-14 21:16:03,332 INFO Skipped non-substantive snapshot (no date/matchup pairs): timestamp=2026-07-15T21:30:00 source_url=https://ak-static.cms.nba.com/referee/injury/Injury-Report_2026-07-15_09_30PM.pdf
2026-08-14 21:16:03,358 INFO Skipped non-substantive snapshot (no date/matchup pairs): timestamp=2026-07-15T09:45:00 source_url=https://ak-static.cms.nba.com/referee/injury/Injury-Report_2026-07-15_09_45AM.pdf
2026-08-14 21:16:03,384 INFO Skipped non-substantive snapshot (no date/matchup pairs): timestamp=2026-07-15T21:45:00 source_url=https://ak-static.cms.nba.com/referee/injury/Injury-Report_2026-07-15_09_45PM.pdf
2026-08-14 21:16:03,412 INFO Skipped non-substantive snapshot (no date/matchup pairs): timestamp=2026-07-15T10:00:00 source_url=https://ak-static.cms.nba.com/referee/injury/Injury-Report_2026-07-15_10_00AM.pdf
2026-08-14 21:16:03,437 INFO Skipped non-substantive snapshot (no date/matchup pairs): timestamp=2026-07-15T22:00:00 source_url=https://ak-static.cms.nba.com/referee/injury/Injury-Report_2026-07-15_10_00PM.pdf
2026-08-14 21:16:03,464 INFO Skipped non-substantive snapshot (no date/matchup pairs): timestamp=2026-07-15T10:15:00 source_url=https://ak-static.cms.nba.com/referee/injury/Injury-Report_2026-07-15_10_15AM.pdf
2026-08-14 21:16:03,490 INFO Skipped non-substantive snapshot (no date/matchup pairs): timestamp=2026-07-15T22:15:00 source_url=https://ak-static.cms.nba.com/referee/injury/Injury-Report_2026-07-15_10_15PM.pdf
2026-08-14 21:16:03,518 INFO Skipped non-substantive snapshot (no date/matchup pairs): timestamp=2026-07-15T10:30:00 source_url=https://ak-static.cms.nba.com/referee/injury/Injury-Report_2026-07-15_10_30AM.pdf
2026-08-14 21:16:03,544 INFO Skipped non-substantive snapshot (no date/matchup pairs): timestamp=2026-07-15T22:30:00 source_url=https://ak-static.cms.nba.com/referee/injury/Injury-Report_2026-07-15_10_30PM.pdf
2026-08-14 21:16:03,571 INFO Skipped non-substantive snapshot (no date/matchup pairs): timestamp=2026-07-15T10:45:00 source_url=https://ak-static.cms.nba.com/referee/injury/Injury-Report_2026-07-15_10_45AM.pdf
2026-08-14 21:16:03,636 INFO Skipped non-substantive snapshot (no date/matchup pairs): timestamp=2026-07-15T22:45:00 source_url=https://ak-static.cms.nba.com/referee/injury/Injury-Report_2026-07-15_10_45PM.pdf
2026-08-14 21:16:03,663 INFO Skipped non-substantive snapshot (no date/matchup pairs): timestamp=2026-07-15T11:00:00 source_url=https://ak-static.cms.nba.com/referee/injury/Injury-Report_2026-07-15_11_00AM.pdf
2026-08-14 21:16:03,690 INFO Skipped non-substantive snapshot (no date/matchup pairs): timestamp=2026-07-15T23:00:00 source_url=https://ak-static.cms.nba.com/referee/injury/Injury-Report_2026-07-15_11_00PM.pdf
2026-08-14 21:16:03,717 INFO Skipped non-substantive snapshot (no date/matchup pairs): timestamp=2026-07-15T11:15:00 source_url=https://ak-static.cms.nba.com/referee/injury/Injury-Report_2026-07-15_11_15AM.pdf
2026-08-14 21:16:03,743 INFO Skipped non-substantive snapshot (no date/matchup pairs): timestamp=2026-07-15T23:15:00 source_url=https://ak-static.cms.nba.com/referee/injury/Injury-Report_2026-07-15_11_15PM.pdf
2026-08-14 21:16:03,770 INFO Skipped non-substantive snapshot (no date/matchup pairs): timestamp=2026-07-15T11:30:00 source_url=https://ak-static.cms.nba.com/referee/injury/Injury-Report_2026-07-15_11_30AM.pdf
2026-08-14 21:16:03,796 INFO Skipped non-substantive snapshot (no date/matchup pairs): timestamp=2026-07-15T23:30:00 source_url=https://ak-static.cms.nba.com/referee/injury/Injury-Report_2026-07-15_11_30PM.pdf
2026-08-14 21:16:03,823 INFO Skipped non-substantive snapshot (no date/matchup pairs): timestamp=2026-07-15T11:45:00 source_url=https://ak-static.cms.nba.com/referee/injury/Injury-Report_2026-07-15_11_45AM.pdf
2026-08-14 21:16:03,849 INFO Skipped non-substantive snapshot (no date/matchup pairs): timestamp=2026-07-15T23:45:00 source_url=https://ak-static.cms.nba.com/referee/injury/Injury-Report_2026-07-15_11_45PM.pdf
2026-08-14 21:16:03,875 INFO Skipped non-substantive snapshot (no date/matchup pairs): timestamp=2026-07-15T00:00:00 source_url=https://ak-static.cms.nba.com/referee/injury/Injury-Report_2026-07-15_12_00AM.pdf
2026-08-14 21:16:03,903 INFO Skipped non-substantive snapshot (no date/matchup pairs): timestamp=2026-07-15T12:00:00 source_url=https://ak-static.cms.nba.com/referee/injury/Injury-Report_2026-07-15_12_00PM.pdf
2026-08-14 21:16:03,928 INFO Skipped non-substantive snapshot (no date/matchup pairs): timestamp=2026-07-15T00:15:00 source_url=https://ak-static.cms.nba.com/referee/injury/Injury-Report_2026-07-15_12_15AM.pdf
2026-08-14 21:16:03,955 INFO Skipped non-substantive snapshot (no date/matchup pairs): timestamp=2026-07-15T12:15:00 source_url=https://ak-static.cms.nba.com/referee/injury/Injury-Report_2026-07-15_12_15PM.pdf
2026-08-14 21:16:03,981 INFO Skipped non-substantive snapshot (no date/matchup pairs): timestamp=2026-07-15T00:30:00 source_url=https://ak-static.cms.nba.com/referee/injury/Injury-Report_2026-07-15_12_30AM.pdf
2026-08-14 21:16:04,009 INFO Skipped non-substantive snapshot (no date/matchup pairs): timestamp=2026-07-15T12:30:00 source_url=https://ak-static.cms.nba.com/referee/injury/Injury-Report_2026-07-15_12_30PM.pdf
2026-08-14 21:16:04,035 INFO Skipped non-substantive snapshot (no date/matchup pairs): timestamp=2026-07-15T00:45:00 source_url=https://ak-static.cms.nba.com/referee/injury/Injury-Report_2026-07-15_12_45AM.pdf
2026-08-14 21:16:04,062 INFO Skipped non-substantive snapshot (no date/matchup pairs): timestamp=2026-07-15T12:45:00 source_url=https://ak-static.cms.nba.com/referee/injury/Injury-Report_2026-07-15_12_45PM.pdf
2026-08-14 21:16:04,062 INFO Direct NBA day 94/123: 2026-07-15, 96 discovered -> 0 selected
2026-08-14 21:19:52,936 INFO Skipped non-substantive snapshot (no date/matchup pairs): timestamp=2026-07-16T01:00:00 source_url=https://ak-static.cms.nba.com/referee/injury/Injury-Report_2026-07-16_01_00AM.pdf
2026-08-14 21:19:52,962 INFO Skipped non-substantive snapshot (no date/matchup pairs): timestamp=2026-07-16T13:00:00 source_url=https://ak-static.cms.nba.com/referee/injury/Injury-Report_2026-07-16_01_00PM.pdf
2026-08-14 21:19:52,985 INFO Skipped non-substantive snapshot (no date/matchup pairs): timestamp=2026-07-16T01:15:00 source_url=https://ak-static.cms.nba.com/referee/injury/Injury-Report_2026-07-16_01_15AM.pdf
2026-08-14 21:19:53,010 INFO Skipped non-substantive snapshot (no date/matchup pairs): timestamp=2026-07-16T13:15:00 source_url=https://ak-static.cms.nba.com/referee/injury/Injury-Report_2026-07-16_01_15PM.pdf
2026-08-14 21:19:53,033 INFO Skipped non-substantive snapshot (no date/matchup pairs): timestamp=2026-07-16T01:30:00 source_url=https://ak-static.cms.nba.com/referee/injury/Injury-Report_2026-07-16_01_30AM.pdf
2026-08-14 21:19:53,057 INFO Skipped non-substantive snapshot (no date/matchup pairs): timestamp=2026-07-16T13:30:00 source_url=https://ak-static.cms.nba.com/referee/injury/Injury-Report_2026-07-16_01_30PM.pdf
2026-08-14 21:19:53,082 INFO Skipped non-substantive snapshot (no date/matchup pairs): timestamp=2026-07-16T01:45:00 source_url=https://ak-static.cms.nba.com/referee/injury/Injury-Report_2026-07-16_01_45AM.pdf
2026-08-14 21:19:53,105 INFO Skipped non-substantive snapshot (no date/matchup pairs): timestamp=2026-07-16T13:45:00 source_url=https://ak-static.cms.nba.com/referee/injury/Injury-Report_2026-07-16_01_45PM.pdf
2026-08-14 21:19:53,129 INFO Skipped non-substantive snapshot (no date/matchup pairs): timestamp=2026-07-16T02:00:00 source_url=https://ak-static.cms.nba.com/referee/injury/Injury-Report_2026-07-16_02_00AM.pdf
2026-08-14 21:19:53,153 INFO Skipped non-substantive snapshot (no date/matchup pairs): timestamp=2026-07-16T14:00:00 source_url=https://ak-static.cms.nba.com/referee/injury/Injury-Report_2026-07-16_02_00PM.pdf
2026-08-14 21:19:53,177 INFO Skipped non-substantive snapshot (no date/matchup pairs): timestamp=2026-07-16T02:15:00 source_url=https://ak-static.cms.nba.com/referee/injury/Injury-Report_2026-07-16_02_15AM.pdf
2026-08-14 21:19:53,239 INFO Skipped non-substantive snapshot (no date/matchup pairs): timestamp=2026-07-16T14:15:00 source_url=https://ak-static.cms.nba.com/referee/injury/Injury-Report_2026-07-16_02_15PM.pdf
2026-08-14 21:19:53,263 INFO Skipped non-substantive snapshot (no date/matchup pairs): timestamp=2026-07-16T02:30:00 source_url=https://ak-static.cms.nba.com/referee/injury/Injury-Report_2026-07-16_02_30AM.pdf
2026-08-14 21:19:53,287 INFO Skipped non-substantive snapshot (no date/matchup pairs): timestamp=2026-07-16T14:30:00 source_url=https://ak-static.cms.nba.com/referee/injury/Injury-Report_2026-07-16_02_30PM.pdf
2026-08-14 21:19:53,311 INFO Skipped non-substantive snapshot (no date/matchup pairs): timestamp=2026-07-16T02:45:00 source_url=https://ak-static.cms.nba.com/referee/injury/Injury-Report_2026-07-16_02_45AM.pdf
2026-08-14 21:19:53,336 INFO Skipped non-substantive snapshot (no date/matchup pairs): timestamp=2026-07-16T14:45:00 source_url=https://ak-static.cms.nba.com/referee/injury/Injury-Report_2026-07-16_02_45PM.pdf
2026-08-14 21:19:53,359 INFO Skipped non-substantive snapshot (no date/matchup pairs): timestamp=2026-07-16T03:00:00 source_url=https://ak-static.cms.nba.com/referee/injury/Injury-Report_2026-07-16_03_00AM.pdf
2026-08-14 21:19:53,383 INFO Skipped non-substantive snapshot (no date/matchup pairs): timestamp=2026-07-16T15:00:00 source_url=https://ak-static.cms.nba.com/referee/injury/Injury-Report_2026-07-16_03_00PM.pdf
2026-08-14 21:19:53,408 INFO Skipped non-substantive snapshot (no date/matchup pairs): timestamp=2026-07-16T03:15:00 source_url=https://ak-static.cms.nba.com/referee/injury/Injury-Report_2026-07-16_03_15AM.pdf
2026-08-14 21:19:53,431 INFO Skipped non-substantive snapshot (no date/matchup pairs): timestamp=2026-07-16T15:15:00 source_url=https://ak-static.cms.nba.com/referee/injury/Injury-Report_2026-07-16_03_15PM.pdf
2026-08-14 21:19:53,455 INFO Skipped non-substantive snapshot (no date/matchup pairs): timestamp=2026-07-16T03:30:00 source_url=https://ak-static.cms.nba.com/referee/injury/Injury-Report_2026-07-16_03_30AM.pdf
2026-08-14 21:19:53,480 INFO Skipped non-substantive snapshot (no date/matchup pairs): timestamp=2026-07-16T15:30:00 source_url=https://ak-static.cms.nba.com/referee/injury/Injury-Report_2026-07-16_03_30PM.pdf
2026-08-14 21:19:53,503 INFO Skipped non-substantive snapshot (no date/matchup pairs): timestamp=2026-07-16T03:45:00 source_url=https://ak-static.cms.nba.com/referee/injury/Injury-Report_2026-07-16_03_45AM.pdf
2026-08-14 21:19:53,528 INFO Skipped non-substantive snapshot (no date/matchup pairs): timestamp=2026-07-16T15:45:00 source_url=https://ak-static.cms.nba.com/referee/injury/Injury-Report_2026-07-16_03_45PM.pdf
2026-08-14 21:19:53,552 INFO Skipped non-substantive snapshot (no date/matchup pairs): timestamp=2026-07-16T04:00:00 source_url=https://ak-static.cms.nba.com/referee/injury/Injury-Report_2026-07-16_04_00AM.pdf
2026-08-14 21:19:53,575 INFO Skipped non-substantive snapshot (no date/matchup pairs): timestamp=2026-07-16T16:00:00 source_url=https://ak-static.cms.nba.com/referee/injury/Injury-Report_2026-07-16_04_00PM.pdf
2026-08-14 21:19:53,600 INFO Skipped non-substantive snapshot (no date/matchup pairs): timestamp=2026-07-16T04:15:00 source_url=https://ak-static.cms.nba.com/referee/injury/Injury-Report_2026-07-16_04_15AM.pdf
2026-08-14 21:19:53,624 INFO Skipped non-substantive snapshot (no date/matchup pairs): timestamp=2026-07-16T16:15:00 source_url=https://ak-static.cms.nba.com/referee/injury/Injury-Report_2026-07-16_04_15PM.pdf
2026-08-14 21:19:53,649 INFO Skipped non-substantive snapshot (no date/matchup pairs): timestamp=2026-07-16T04:30:00 source_url=https://ak-static.cms.nba.com/referee/injury/Injury-Report_2026-07-16_04_30AM.pdf
2026-08-14 21:19:53,672 INFO Skipped non-substantive snapshot (no date/matchup pairs): timestamp=2026-07-16T16:30:00 source_url=https://ak-static.cms.nba.com/referee/injury/Injury-Report_2026-07-16_04_30PM.pdf
2026-08-14 21:19:53,696 INFO Skipped non-substantive snapshot (no date/matchup pairs): timestamp=2026-07-16T04:45:00 source_url=https://ak-static.cms.nba.com/referee/injury/Injury-Report_2026-07-16_04_45AM.pdf
2026-08-14 21:19:53,721 INFO Skipped non-substantive snapshot (no date/matchup pairs): timestamp=2026-07-16T16:45:00 source_url=https://ak-static.cms.nba.com/referee/injury/Injury-Report_2026-07-16_04_45PM.pdf
2026-08-14 21:19:53,745 INFO Skipped non-substantive snapshot (no date/matchup pairs): timestamp=2026-07-16T05:00:00 source_url=https://ak-static.cms.nba.com/referee/injury/Injury-Report_2026-07-16_05_00AM.pdf
2026-08-14 21:19:53,770 INFO Skipped non-substantive snapshot (no date/matchup pairs): timestamp=2026-07-16T17:00:00 source_url=https://ak-static.cms.nba.com/referee/injury/Injury-Report_2026-07-16_05_00PM.pdf
2026-08-14 21:19:53,793 INFO Skipped non-substantive snapshot (no date/matchup pairs): timestamp=2026-07-16T05:15:00 source_url=https://ak-static.cms.nba.com/referee/injury/Injury-Report_2026-07-16_05_15AM.pdf
2026-08-14 21:19:53,817 INFO Skipped non-substantive snapshot (no date/matchup pairs): timestamp=2026-07-16T17:15:00 source_url=https://ak-static.cms.nba.com/referee/injury/Injury-Report_2026-07-16_05_15PM.pdf
2026-08-14 21:19:53,842 INFO Skipped non-substantive snapshot (no date/matchup pairs): timestamp=2026-07-16T05:30:00 source_url=https://ak-static.cms.nba.com/referee/injury/Injury-Report_2026-07-16_05_30AM.pdf
2026-08-14 21:19:53,865 INFO Skipped non-substantive snapshot (no date/matchup pairs): timestamp=2026-07-16T17:30:00 source_url=https://ak-static.cms.nba.com/referee/injury/Injury-Report_2026-07-16_05_30PM.pdf
2026-08-14 21:19:53,890 INFO Skipped non-substantive snapshot (no date/matchup pairs): timestamp=2026-07-16T05:45:00 source_url=https://ak-static.cms.nba.com/referee/injury/Injury-Report_2026-07-16_05_45AM.pdf
2026-08-14 21:19:53,954 INFO Skipped non-substantive snapshot (no date/matchup pairs): timestamp=2026-07-16T17:45:00 source_url=https://ak-static.cms.nba.com/referee/injury/Injury-Report_2026-07-16_05_45PM.pdf
2026-08-14 21:19:53,979 INFO Skipped non-substantive snapshot (no date/matchup pairs): timestamp=2026-07-16T06:00:00 source_url=https://ak-static.cms.nba.com/referee/injury/Injury-Report_2026-07-16_06_00AM.pdf
2026-08-14 21:19:54,003 INFO Skipped non-substantive snapshot (no date/matchup pairs): timestamp=2026-07-16T18:00:00 source_url=https://ak-static.cms.nba.com/referee/injury/Injury-Report_2026-07-16_06_00PM.pdf
2026-08-14 21:19:54,027 INFO Skipped non-substantive snapshot (no date/matchup pairs): timestamp=2026-07-16T06:15:00 source_url=https://ak-static.cms.nba.com/referee/injury/Injury-Report_2026-07-16_06_15AM.pdf
2026-08-14 21:19:54,051 INFO Skipped non-substantive snapshot (no date/matchup pairs): timestamp=2026-07-16T18:15:00 source_url=https://ak-static.cms.nba.com/referee/injury/Injury-Report_2026-07-16_06_15PM.pdf
2026-08-14 21:19:54,075 INFO Skipped non-substantive snapshot (no date/matchup pairs): timestamp=2026-07-16T06:30:00 source_url=https://ak-static.cms.nba.com/referee/injury/Injury-Report_2026-07-16_06_30AM.pdf
2026-08-14 21:19:54,101 INFO Skipped non-substantive snapshot (no date/matchup pairs): timestamp=2026-07-16T18:30:00 source_url=https://ak-static.cms.nba.com/referee/injury/Injury-Report_2026-07-16_06_30PM.pdf
2026-08-14 21:19:54,124 INFO Skipped non-substantive snapshot (no date/matchup pairs): timestamp=2026-07-16T06:45:00 source_url=https://ak-static.cms.nba.com/referee/injury/Injury-Report_2026-07-16_06_45AM.pdf
2026-08-14 21:19:54,149 INFO Skipped non-substantive snapshot (no date/matchup pairs): timestamp=2026-07-16T18:45:00 source_url=https://ak-static.cms.nba.com/referee/injury/Injury-Report_2026-07-16_06_45PM.pdf
2026-08-14 21:19:54,173 INFO Skipped non-substantive snapshot (no date/matchup pairs): timestamp=2026-07-16T07:00:00 source_url=https://ak-static.cms.nba.com/referee/injury/Injury-Report_2026-07-16_07_00AM.pdf
2026-08-14 21:19:54,197 INFO Skipped non-substantive snapshot (no date/matchup pairs): timestamp=2026-07-16T19:00:00 source_url=https://ak-static.cms.nba.com/referee/injury/Injury-Report_2026-07-16_07_00PM.pdf
2026-08-14 21:19:54,222 INFO Skipped non-substantive snapshot (no date/matchup pairs): timestamp=2026-07-16T07:15:00 source_url=https://ak-static.cms.nba.com/referee/injury/Injury-Report_2026-07-16_07_15AM.pdf
2026-08-14 21:19:54,246 INFO Skipped non-substantive snapshot (no date/matchup pairs): timestamp=2026-07-16T19:15:00 source_url=https://ak-static.cms.nba.com/referee/injury/Injury-Report_2026-07-16_07_15PM.pdf
2026-08-14 21:19:54,271 INFO Skipped non-substantive snapshot (no date/matchup pairs): timestamp=2026-07-16T07:30:00 source_url=https://ak-static.cms.nba.com/referee/injury/Injury-Report_2026-07-16_07_30AM.pdf
2026-08-14 21:19:54,294 INFO Skipped non-substantive snapshot (no date/matchup pairs): timestamp=2026-07-16T19:30:00 source_url=https://ak-static.cms.nba.com/referee/injury/Injury-Report_2026-07-16_07_30PM.pdf
2026-08-14 21:19:54,318 INFO Skipped non-substantive snapshot (no date/matchup pairs): timestamp=2026-07-16T07:45:00 source_url=https://ak-static.cms.nba.com/referee/injury/Injury-Report_2026-07-16_07_45AM.pdf
2026-08-14 21:19:54,344 INFO Skipped non-substantive snapshot (no date/matchup pairs): timestamp=2026-07-16T19:45:00 source_url=https://ak-static.cms.nba.com/referee/injury/Injury-Report_2026-07-16_07_45PM.pdf
2026-08-14 21:19:54,367 INFO Skipped non-substantive snapshot (no date/matchup pairs): timestamp=2026-07-16T08:00:00 source_url=https://ak-static.cms.nba.com/referee/injury/Injury-Report_2026-07-16_08_00AM.pdf
2026-08-14 21:19:54,391 INFO Skipped non-substantive snapshot (no date/matchup pairs): timestamp=2026-07-16T20:00:00 source_url=https://ak-static.cms.nba.com/referee/injury/Injury-Report_2026-07-16_08_00PM.pdf
2026-08-14 21:19:54,417 INFO Skipped non-substantive snapshot (no date/matchup pairs): timestamp=2026-07-16T08:15:00 source_url=https://ak-static.cms.nba.com/referee/injury/Injury-Report_2026-07-16_08_15AM.pdf
2026-08-14 21:19:54,441 INFO Skipped non-substantive snapshot (no date/matchup pairs): timestamp=2026-07-16T20:15:00 source_url=https://ak-static.cms.nba.com/referee/injury/Injury-Report_2026-07-16_08_15PM.pdf
2026-08-14 21:19:54,465 INFO Skipped non-substantive snapshot (no date/matchup pairs): timestamp=2026-07-16T08:30:00 source_url=https://ak-static.cms.nba.com/referee/injury/Injury-Report_2026-07-16_08_30AM.pdf
2026-08-14 21:19:54,489 INFO Skipped non-substantive snapshot (no date/matchup pairs): timestamp=2026-07-16T20:30:00 source_url=https://ak-static.cms.nba.com/referee/injury/Injury-Report_2026-07-16_08_30PM.pdf
2026-08-14 21:19:54,513 INFO Skipped non-substantive snapshot (no date/matchup pairs): timestamp=2026-07-16T08:45:00 source_url=https://ak-static.cms.nba.com/referee/injury/Injury-Report_2026-07-16_08_45AM.pdf
2026-08-14 21:19:54,539 INFO Skipped non-substantive snapshot (no date/matchup pairs): timestamp=2026-07-16T20:45:00 source_url=https://ak-static.cms.nba.com/referee/injury/Injury-Report_2026-07-16_08_45PM.pdf
2026-08-14 21:19:54,562 INFO Skipped non-substantive snapshot (no date/matchup pairs): timestamp=2026-07-16T09:00:00 source_url=https://ak-static.cms.nba.com/referee/injury/Injury-Report_2026-07-16_09_00AM.pdf
2026-08-14 21:19:54,587 INFO Skipped non-substantive snapshot (no date/matchup pairs): timestamp=2026-07-16T21:00:00 source_url=https://ak-static.cms.nba.com/referee/injury/Injury-Report_2026-07-16_09_00PM.pdf
2026-08-14 21:19:54,647 INFO Skipped non-substantive snapshot (no date/matchup pairs): timestamp=2026-07-16T09:15:00 source_url=https://ak-static.cms.nba.com/referee/injury/Injury-Report_2026-07-16_09_15AM.pdf
2026-08-14 21:19:54,672 INFO Skipped non-substantive snapshot (no date/matchup pairs): timestamp=2026-07-16T21:15:00 source_url=https://ak-static.cms.nba.com/referee/injury/Injury-Report_2026-07-16_09_15PM.pdf
2026-08-14 21:19:54,696 INFO Skipped non-substantive snapshot (no date/matchup pairs): timestamp=2026-07-16T09:30:00 source_url=https://ak-static.cms.nba.com/referee/injury/Injury-Report_2026-07-16_09_30AM.pdf
2026-08-14 21:19:54,720 INFO Skipped non-substantive snapshot (no date/matchup pairs): timestamp=2026-07-16T21:30:00 source_url=https://ak-static.cms.nba.com/referee/injury/Injury-Report_2026-07-16_09_30PM.pdf
2026-08-14 21:19:54,744 INFO Skipped non-substantive snapshot (no date/matchup pairs): timestamp=2026-07-16T09:45:00 source_url=https://ak-static.cms.nba.com/referee/injury/Injury-Report_2026-07-16_09_45AM.pdf
2026-08-14 21:19:54,768 INFO Skipped non-substantive snapshot (no date/matchup pairs): timestamp=2026-07-16T21:45:00 source_url=https://ak-static.cms.nba.com/referee/injury/Injury-Report_2026-07-16_09_45PM.pdf
2026-08-14 21:19:54,793 INFO Skipped non-substantive snapshot (no date/matchup pairs): timestamp=2026-07-16T10:00:00 source_url=https://ak-static.cms.nba.com/referee/injury/Injury-Report_2026-07-16_10_00AM.pdf
2026-08-14 21:19:54,817 INFO Skipped non-substantive snapshot (no date/matchup pairs): timestamp=2026-07-16T22:00:00 source_url=https://ak-static.cms.nba.com/referee/injury/Injury-Report_2026-07-16_10_00PM.pdf
2026-08-14 21:19:54,842 INFO Skipped non-substantive snapshot (no date/matchup pairs): timestamp=2026-07-16T10:15:00 source_url=https://ak-static.cms.nba.com/referee/injury/Injury-Report_2026-07-16_10_15AM.pdf
2026-08-14 21:19:54,865 INFO Skipped non-substantive snapshot (no date/matchup pairs): timestamp=2026-07-16T22:15:00 source_url=https://ak-static.cms.nba.com/referee/injury/Injury-Report_2026-07-16_10_15PM.pdf
2026-08-14 21:19:54,889 INFO Skipped non-substantive snapshot (no date/matchup pairs): timestamp=2026-07-16T10:30:00 source_url=https://ak-static.cms.nba.com/referee/injury/Injury-Report_2026-07-16_10_30AM.pdf
2026-08-14 21:19:54,914 INFO Skipped non-substantive snapshot (no date/matchup pairs): timestamp=2026-07-16T22:30:00 source_url=https://ak-static.cms.nba.com/referee/injury/Injury-Report_2026-07-16_10_30PM.pdf
2026-08-14 21:19:54,938 INFO Skipped non-substantive snapshot (no date/matchup pairs): timestamp=2026-07-16T10:45:00 source_url=https://ak-static.cms.nba.com/referee/injury/Injury-Report_2026-07-16_10_45AM.pdf
2026-08-14 21:19:54,963 INFO Skipped non-substantive snapshot (no date/matchup pairs): timestamp=2026-07-16T22:45:00 source_url=https://ak-static.cms.nba.com/referee/injury/Injury-Report_2026-07-16_10_45PM.pdf
2026-08-14 21:19:54,986 INFO Skipped non-substantive snapshot (no date/matchup pairs): timestamp=2026-07-16T11:00:00 source_url=https://ak-static.cms.nba.com/referee/injury/Injury-Report_2026-07-16_11_00AM.pdf
2026-08-14 21:19:55,010 INFO Skipped non-substantive snapshot (no date/matchup pairs): timestamp=2026-07-16T23:00:00 source_url=https://ak-static.cms.nba.com/referee/injury/Injury-Report_2026-07-16_11_00PM.pdf
2026-08-14 21:19:55,035 INFO Skipped non-substantive snapshot (no date/matchup pairs): timestamp=2026-07-16T11:15:00 source_url=https://ak-static.cms.nba.com/referee/injury/Injury-Report_2026-07-16_11_15AM.pdf
2026-08-14 21:19:55,059 INFO Skipped non-substantive snapshot (no date/matchup pairs): timestamp=2026-07-16T23:15:00 source_url=https://ak-static.cms.nba.com/referee/injury/Injury-Report_2026-07-16_11_15PM.pdf
2026-08-14 21:19:55,083 INFO Skipped non-substantive snapshot (no date/matchup pairs): timestamp=2026-07-16T11:30:00 source_url=https://ak-static.cms.nba.com/referee/injury/Injury-Report_2026-07-16_11_30AM.pdf
2026-08-14 21:19:55,108 INFO Skipped non-substantive snapshot (no date/matchup pairs): timestamp=2026-07-16T23:30:00 source_url=https://ak-static.cms.nba.com/referee/injury/Injury-Report_2026-07-16_11_30PM.pdf
2026-08-14 21:19:55,131 INFO Skipped non-substantive snapshot (no date/matchup pairs): timestamp=2026-07-16T11:45:00 source_url=https://ak-static.cms.nba.com/referee/injury/Injury-Report_2026-07-16_11_45AM.pdf
2026-08-14 21:19:55,156 INFO Skipped non-substantive snapshot (no date/matchup pairs): timestamp=2026-07-16T23:45:00 source_url=https://ak-static.cms.nba.com/referee/injury/Injury-Report_2026-07-16_11_45PM.pdf
2026-08-14 21:19:55,180 INFO Skipped non-substantive snapshot (no date/matchup pairs): timestamp=2026-07-16T00:00:00 source_url=https://ak-static.cms.nba.com/referee/injury/Injury-Report_2026-07-16_12_00AM.pdf
2026-08-14 21:19:55,204 INFO Skipped non-substantive snapshot (no date/matchup pairs): timestamp=2026-07-16T12:00:00 source_url=https://ak-static.cms.nba.com/referee/injury/Injury-Report_2026-07-16_12_00PM.pdf
2026-08-14 21:19:55,229 INFO Skipped non-substantive snapshot (no date/matchup pairs): timestamp=2026-07-16T00:15:00 source_url=https://ak-static.cms.nba.com/referee/injury/Injury-Report_2026-07-16_12_15AM.pdf
2026-08-14 21:19:55,252 INFO Skipped non-substantive snapshot (no date/matchup pairs): timestamp=2026-07-16T12:15:00 source_url=https://ak-static.cms.nba.com/referee/injury/Injury-Report_2026-07-16_12_15PM.pdf
2026-08-14 21:19:55,277 INFO Skipped non-substantive snapshot (no date/matchup pairs): timestamp=2026-07-16T00:30:00 source_url=https://ak-static.cms.nba.com/referee/injury/Injury-Report_2026-07-16_12_30AM.pdf
2026-08-14 21:19:55,337 INFO Skipped non-substantive snapshot (no date/matchup pairs): timestamp=2026-07-16T12:30:00 source_url=https://ak-static.cms.nba.com/referee/injury/Injury-Report_2026-07-16_12_30PM.pdf
2026-08-14 21:19:55,362 INFO Skipped non-substantive snapshot (no date/matchup pairs): timestamp=2026-07-16T00:45:00 source_url=https://ak-static.cms.nba.com/referee/injury/Injury-Report_2026-07-16_12_45AM.pdf
2026-08-14 21:19:55,386 INFO Skipped non-substantive snapshot (no date/matchup pairs): timestamp=2026-07-16T12:45:00 source_url=https://ak-static.cms.nba.com/referee/injury/Injury-Report_2026-07-16_12_45PM.pdf
2026-08-14 21:19:55,386 INFO Direct NBA day 95/123: 2026-07-16, 96 discovered -> 0 selected
2026-08-14 21:23:54,183 INFO Skipped non-substantive snapshot (no date/matchup pairs): timestamp=2026-07-17T01:00:00 source_url=https://ak-static.cms.nba.com/referee/injury/Injury-Report_2026-07-17_01_00AM.pdf
2026-08-14 21:23:54,246 INFO Skipped non-substantive snapshot (no date/matchup pairs): timestamp=2026-07-17T13:00:00 source_url=https://ak-static.cms.nba.com/referee/injury/Injury-Report_2026-07-17_01_00PM.pdf
2026-08-14 21:23:54,269 INFO Skipped non-substantive snapshot (no date/matchup pairs): timestamp=2026-07-17T01:15:00 source_url=https://ak-static.cms.nba.com/referee/injury/Injury-Report_2026-07-17_01_15AM.pdf
2026-08-14 21:23:54,293 INFO Skipped non-substantive snapshot (no date/matchup pairs): timestamp=2026-07-17T13:15:00 source_url=https://ak-static.cms.nba.com/referee/injury/Injury-Report_2026-07-17_01_15PM.pdf
2026-08-14 21:23:54,317 INFO Skipped non-substantive snapshot (no date/matchup pairs): timestamp=2026-07-17T01:30:00 source_url=https://ak-static.cms.nba.com/referee/injury/Injury-Report_2026-07-17_01_30AM.pdf
2026-08-14 21:23:54,341 INFO Skipped non-substantive snapshot (no date/matchup pairs): timestamp=2026-07-17T13:30:00 source_url=https://ak-static.cms.nba.com/referee/injury/Injury-Report_2026-07-17_01_30PM.pdf
2026-08-14 21:23:54,365 INFO Skipped non-substantive snapshot (no date/matchup pairs): timestamp=2026-07-17T01:45:00 source_url=https://ak-static.cms.nba.com/referee/injury/Injury-Report_2026-07-17_01_45AM.pdf
2026-08-14 21:23:54,389 INFO Skipped non-substantive snapshot (no date/matchup pairs): timestamp=2026-07-17T13:45:00 source_url=https://ak-static.cms.nba.com/referee/injury/Injury-Report_2026-07-17_01_45PM.pdf
2026-08-14 21:23:54,413 INFO Skipped non-substantive snapshot (no date/matchup pairs): timestamp=2026-07-17T02:00:00 source_url=https://ak-static.cms.nba.com/referee/injury/Injury-Report_2026-07-17_02_00AM.pdf
2026-08-14 21:23:54,436 INFO Skipped non-substantive snapshot (no date/matchup pairs): timestamp=2026-07-17T14:00:00 source_url=https://ak-static.cms.nba.com/referee/injury/Injury-Report_2026-07-17_02_00PM.pdf
2026-08-14 21:23:54,461 INFO Skipped non-substantive snapshot (no date/matchup pairs): timestamp=2026-07-17T02:15:00 source_url=https://ak-static.cms.nba.com/referee/injury/Injury-Report_2026-07-17_02_15AM.pdf
2026-08-14 21:23:54,485 INFO Skipped non-substantive snapshot (no date/matchup pairs): timestamp=2026-07-17T14:15:00 source_url=https://ak-static.cms.nba.com/referee/injury/Injury-Report_2026-07-17_02_15PM.pdf
2026-08-14 21:23:54,508 INFO Skipped non-substantive snapshot (no date/matchup pairs): timestamp=2026-07-17T02:30:00 source_url=https://ak-static.cms.nba.com/referee/injury/Injury-Report_2026-07-17_02_30AM.pdf
2026-08-14 21:23:54,533 INFO Skipped non-substantive snapshot (no date/matchup pairs): timestamp=2026-07-17T14:30:00 source_url=https://ak-static.cms.nba.com/referee/injury/Injury-Report_2026-07-17_02_30PM.pdf
2026-08-14 21:23:54,556 INFO Skipped non-substantive snapshot (no date/matchup pairs): timestamp=2026-07-17T02:45:00 source_url=https://ak-static.cms.nba.com/referee/injury/Injury-Report_2026-07-17_02_45AM.pdf
2026-08-14 21:23:54,581 INFO Skipped non-substantive snapshot (no date/matchup pairs): timestamp=2026-07-17T14:45:00 source_url=https://ak-static.cms.nba.com/referee/injury/Injury-Report_2026-07-17_02_45PM.pdf
2026-08-14 21:23:54,605 INFO Skipped non-substantive snapshot (no date/matchup pairs): timestamp=2026-07-17T03:00:00 source_url=https://ak-static.cms.nba.com/referee/injury/Injury-Report_2026-07-17_03_00AM.pdf
2026-08-14 21:23:54,628 INFO Skipped non-substantive snapshot (no date/matchup pairs): timestamp=2026-07-17T15:00:00 source_url=https://ak-static.cms.nba.com/referee/injury/Injury-Report_2026-07-17_03_00PM.pdf
2026-08-14 21:23:54,653 INFO Skipped non-substantive snapshot (no date/matchup pairs): timestamp=2026-07-17T03:15:00 source_url=https://ak-static.cms.nba.com/referee/injury/Injury-Report_2026-07-17_03_15AM.pdf
2026-08-14 21:23:54,677 INFO Skipped non-substantive snapshot (no date/matchup pairs): timestamp=2026-07-17T15:15:00 source_url=https://ak-static.cms.nba.com/referee/injury/Injury-Report_2026-07-17_03_15PM.pdf
2026-08-14 21:23:54,701 INFO Skipped non-substantive snapshot (no date/matchup pairs): timestamp=2026-07-17T03:30:00 source_url=https://ak-static.cms.nba.com/referee/injury/Injury-Report_2026-07-17_03_30AM.pdf
2026-08-14 21:23:54,725 INFO Skipped non-substantive snapshot (no date/matchup pairs): timestamp=2026-07-17T15:30:00 source_url=https://ak-static.cms.nba.com/referee/injury/Injury-Report_2026-07-17_03_30PM.pdf
2026-08-14 21:23:54,748 INFO Skipped non-substantive snapshot (no date/matchup pairs): timestamp=2026-07-17T03:45:00 source_url=https://ak-static.cms.nba.com/referee/injury/Injury-Report_2026-07-17_03_45AM.pdf
2026-08-14 21:23:54,773 INFO Skipped non-substantive snapshot (no date/matchup pairs): timestamp=2026-07-17T15:45:00 source_url=https://ak-static.cms.nba.com/referee/injury/Injury-Report_2026-07-17_03_45PM.pdf
2026-08-14 21:23:54,797 INFO Skipped non-substantive snapshot (no date/matchup pairs): timestamp=2026-07-17T04:00:00 source_url=https://ak-static.cms.nba.com/referee/injury/Injury-Report_2026-07-17_04_00AM.pdf
2026-08-14 21:23:54,822 INFO Skipped non-substantive snapshot (no date/matchup pairs): timestamp=2026-07-17T16:00:00 source_url=https://ak-static.cms.nba.com/referee/injury/Injury-Report_2026-07-17_04_00PM.pdf
2026-08-14 21:23:54,845 INFO Skipped non-substantive snapshot (no date/matchup pairs): timestamp=2026-07-17T04:15:00 source_url=https://ak-static.cms.nba.com/referee/injury/Injury-Report_2026-07-17_04_15AM.pdf
2026-08-14 21:23:54,869 INFO Skipped non-substantive snapshot (no date/matchup pairs): timestamp=2026-07-17T16:15:00 source_url=https://ak-static.cms.nba.com/referee/injury/Injury-Report_2026-07-17_04_15PM.pdf
2026-08-14 21:23:54,929 INFO Skipped non-substantive snapshot (no date/matchup pairs): timestamp=2026-07-17T04:30:00 source_url=https://ak-static.cms.nba.com/referee/injury/Injury-Report_2026-07-17_04_30AM.pdf
2026-08-14 21:23:54,953 INFO Skipped non-substantive snapshot (no date/matchup pairs): timestamp=2026-07-17T16:30:00 source_url=https://ak-static.cms.nba.com/referee/injury/Injury-Report_2026-07-17_04_30PM.pdf
2026-08-14 21:23:54,978 INFO Skipped non-substantive snapshot (no date/matchup pairs): timestamp=2026-07-17T04:45:00 source_url=https://ak-static.cms.nba.com/referee/injury/Injury-Report_2026-07-17_04_45AM.pdf
2026-08-14 21:23:55,001 INFO Skipped non-substantive snapshot (no date/matchup pairs): timestamp=2026-07-17T16:45:00 source_url=https://ak-static.cms.nba.com/referee/injury/Injury-Report_2026-07-17_04_45PM.pdf
2026-08-14 21:23:55,026 INFO Skipped non-substantive snapshot (no date/matchup pairs): timestamp=2026-07-17T05:00:00 source_url=https://ak-static.cms.nba.com/referee/injury/Injury-Report_2026-07-17_05_00AM.pdf
2026-08-14 21:23:55,049 INFO Skipped non-substantive snapshot (no date/matchup pairs): timestamp=2026-07-17T17:00:00 source_url=https://ak-static.cms.nba.com/referee/injury/Injury-Report_2026-07-17_05_00PM.pdf
2026-08-14 21:23:55,073 INFO Skipped non-substantive snapshot (no date/matchup pairs): timestamp=2026-07-17T05:15:00 source_url=https://ak-static.cms.nba.com/referee/injury/Injury-Report_2026-07-17_05_15AM.pdf
2026-08-14 21:23:55,098 INFO Skipped non-substantive snapshot (no date/matchup pairs): timestamp=2026-07-17T17:15:00 source_url=https://ak-static.cms.nba.com/referee/injury/Injury-Report_2026-07-17_05_15PM.pdf
2026-08-14 21:23:55,122 INFO Skipped non-substantive snapshot (no date/matchup pairs): timestamp=2026-07-17T05:30:00 source_url=https://ak-static.cms.nba.com/referee/injury/Injury-Report_2026-07-17_05_30AM.pdf
2026-08-14 21:23:55,146 INFO Skipped non-substantive snapshot (no date/matchup pairs): timestamp=2026-07-17T17:30:00 source_url=https://ak-static.cms.nba.com/referee/injury/Injury-Report_2026-07-17_05_30PM.pdf
2026-08-14 21:23:55,171 INFO Skipped non-substantive snapshot (no date/matchup pairs): timestamp=2026-07-17T05:45:00 source_url=https://ak-static.cms.nba.com/referee/injury/Injury-Report_2026-07-17_05_45AM.pdf
2026-08-14 21:23:55,194 INFO Skipped non-substantive snapshot (no date/matchup pairs): timestamp=2026-07-17T17:45:00 source_url=https://ak-static.cms.nba.com/referee/injury/Injury-Report_2026-07-17_05_45PM.pdf
2026-08-14 21:23:55,219 INFO Skipped non-substantive snapshot (no date/matchup pairs): timestamp=2026-07-17T06:00:00 source_url=https://ak-static.cms.nba.com/referee/injury/Injury-Report_2026-07-17_06_00AM.pdf
2026-08-14 21:23:55,242 INFO Skipped non-substantive snapshot (no date/matchup pairs): timestamp=2026-07-17T18:00:00 source_url=https://ak-static.cms.nba.com/referee/injury/Injury-Report_2026-07-17_06_00PM.pdf
2026-08-14 21:23:55,266 INFO Skipped non-substantive snapshot (no date/matchup pairs): timestamp=2026-07-17T06:15:00 source_url=https://ak-static.cms.nba.com/referee/injury/Injury-Report_2026-07-17_06_15AM.pdf
2026-08-14 21:23:55,291 INFO Skipped non-substantive snapshot (no date/matchup pairs): timestamp=2026-07-17T18:15:00 source_url=https://ak-static.cms.nba.com/referee/injury/Injury-Report_2026-07-17_06_15PM.pdf
2026-08-14 21:23:55,315 INFO Skipped non-substantive snapshot (no date/matchup pairs): timestamp=2026-07-17T06:30:00 source_url=https://ak-static.cms.nba.com/referee/injury/Injury-Report_2026-07-17_06_30AM.pdf
2026-08-14 21:23:55,339 INFO Skipped non-substantive snapshot (no date/matchup pairs): timestamp=2026-07-17T18:30:00 source_url=https://ak-static.cms.nba.com/referee/injury/Injury-Report_2026-07-17_06_30PM.pdf
2026-08-14 21:23:55,363 INFO Skipped non-substantive snapshot (no date/matchup pairs): timestamp=2026-07-17T06:45:00 source_url=https://ak-static.cms.nba.com/referee/injury/Injury-Report_2026-07-17_06_45AM.pdf
2026-08-14 21:23:55,387 INFO Skipped non-substantive snapshot (no date/matchup pairs): timestamp=2026-07-17T18:45:00 source_url=https://ak-static.cms.nba.com/referee/injury/Injury-Report_2026-07-17_06_45PM.pdf
2026-08-14 21:23:55,412 INFO Skipped non-substantive snapshot (no date/matchup pairs): timestamp=2026-07-17T07:00:00 source_url=https://ak-static.cms.nba.com/referee/injury/Injury-Report_2026-07-17_07_00AM.pdf
2026-08-14 21:23:55,435 INFO Skipped non-substantive snapshot (no date/matchup pairs): timestamp=2026-07-17T19:00:00 source_url=https://ak-static.cms.nba.com/referee/injury/Injury-Report_2026-07-17_07_00PM.pdf
2026-08-14 21:23:55,460 INFO Skipped non-substantive snapshot (no date/matchup pairs): timestamp=2026-07-17T07:15:00 source_url=https://ak-static.cms.nba.com/referee/injury/Injury-Report_2026-07-17_07_15AM.pdf
2026-08-14 21:23:55,484 INFO Skipped non-substantive snapshot (no date/matchup pairs): timestamp=2026-07-17T19:15:00 source_url=https://ak-static.cms.nba.com/referee/injury/Injury-Report_2026-07-17_07_15PM.pdf
2026-08-14 21:23:55,507 INFO Skipped non-substantive snapshot (no date/matchup pairs): timestamp=2026-07-17T07:30:00 source_url=https://ak-static.cms.nba.com/referee/injury/Injury-Report_2026-07-17_07_30AM.pdf
2026-08-14 21:23:55,532 INFO Skipped non-substantive snapshot (no date/matchup pairs): timestamp=2026-07-17T19:30:00 source_url=https://ak-static.cms.nba.com/referee/injury/Injury-Report_2026-07-17_07_30PM.pdf
2026-08-14 21:23:55,556 INFO Skipped non-substantive snapshot (no date/matchup pairs): timestamp=2026-07-17T07:45:00 source_url=https://ak-static.cms.nba.com/referee/injury/Injury-Report_2026-07-17_07_45AM.pdf
2026-08-14 21:23:55,581 INFO Skipped non-substantive snapshot (no date/matchup pairs): timestamp=2026-07-17T19:45:00 source_url=https://ak-static.cms.nba.com/referee/injury/Injury-Report_2026-07-17_07_45PM.pdf
2026-08-14 21:23:55,641 INFO Skipped non-substantive snapshot (no date/matchup pairs): timestamp=2026-07-17T08:00:00 source_url=https://ak-static.cms.nba.com/referee/injury/Injury-Report_2026-07-17_08_00AM.pdf
2026-08-14 21:23:55,665 INFO Skipped non-substantive snapshot (no date/matchup pairs): timestamp=2026-07-17T20:00:00 source_url=https://ak-static.cms.nba.com/referee/injury/Injury-Report_2026-07-17_08_00PM.pdf
2026-08-14 21:23:55,689 INFO Skipped non-substantive snapshot (no date/matchup pairs): timestamp=2026-07-17T08:15:00 source_url=https://ak-static.cms.nba.com/referee/injury/Injury-Report_2026-07-17_08_15AM.pdf
2026-08-14 21:23:55,714 INFO Skipped non-substantive snapshot (no date/matchup pairs): timestamp=2026-07-17T20:15:00 source_url=https://ak-static.cms.nba.com/referee/injury/Injury-Report_2026-07-17_08_15PM.pdf
2026-08-14 21:23:55,737 INFO Skipped non-substantive snapshot (no date/matchup pairs): timestamp=2026-07-17T08:30:00 source_url=https://ak-static.cms.nba.com/referee/injury/Injury-Report_2026-07-17_08_30AM.pdf
2026-08-14 21:23:55,761 INFO Skipped non-substantive snapshot (no date/matchup pairs): timestamp=2026-07-17T20:30:00 source_url=https://ak-static.cms.nba.com/referee/injury/Injury-Report_2026-07-17_08_30PM.pdf
2026-08-14 21:23:55,786 INFO Skipped non-substantive snapshot (no date/matchup pairs): timestamp=2026-07-17T08:45:00 source_url=https://ak-static.cms.nba.com/referee/injury/Injury-Report_2026-07-17_08_45AM.pdf
2026-08-14 21:23:55,810 INFO Skipped non-substantive snapshot (no date/matchup pairs): timestamp=2026-07-17T20:45:00 source_url=https://ak-static.cms.nba.com/referee/injury/Injury-Report_2026-07-17_08_45PM.pdf
2026-08-14 21:23:55,835 INFO Skipped non-substantive snapshot (no date/matchup pairs): timestamp=2026-07-17T09:00:00 source_url=https://ak-static.cms.nba.com/referee/injury/Injury-Report_2026-07-17_09_00AM.pdf
2026-08-14 21:23:55,858 INFO Skipped non-substantive snapshot (no date/matchup pairs): timestamp=2026-07-17T21:00:00 source_url=https://ak-static.cms.nba.com/referee/injury/Injury-Report_2026-07-17_09_00PM.pdf
2026-08-14 21:23:55,882 INFO Skipped non-substantive snapshot (no date/matchup pairs): timestamp=2026-07-17T09:15:00 source_url=https://ak-static.cms.nba.com/referee/injury/Injury-Report_2026-07-17_09_15AM.pdf
2026-08-14 21:23:55,907 INFO Skipped non-substantive snapshot (no date/matchup pairs): timestamp=2026-07-17T21:15:00 source_url=https://ak-static.cms.nba.com/referee/injury/Injury-Report_2026-07-17_09_15PM.pdf
2026-08-14 21:23:55,931 INFO Skipped non-substantive snapshot (no date/matchup pairs): timestamp=2026-07-17T09:30:00 source_url=https://ak-static.cms.nba.com/referee/injury/Injury-Report_2026-07-17_09_30AM.pdf
2026-08-14 21:23:55,956 INFO Skipped non-substantive snapshot (no date/matchup pairs): timestamp=2026-07-17T21:30:00 source_url=https://ak-static.cms.nba.com/referee/injury/Injury-Report_2026-07-17_09_30PM.pdf
2026-08-14 21:23:55,979 INFO Skipped non-substantive snapshot (no date/matchup pairs): timestamp=2026-07-17T09:45:00 source_url=https://ak-static.cms.nba.com/referee/injury/Injury-Report_2026-07-17_09_45AM.pdf
2026-08-14 21:23:56,003 INFO Skipped non-substantive snapshot (no date/matchup pairs): timestamp=2026-07-17T21:45:00 source_url=https://ak-static.cms.nba.com/referee/injury/Injury-Report_2026-07-17_09_45PM.pdf
2026-08-14 21:23:56,029 INFO Skipped non-substantive snapshot (no date/matchup pairs): timestamp=2026-07-17T10:00:00 source_url=https://ak-static.cms.nba.com/referee/injury/Injury-Report_2026-07-17_10_00AM.pdf
2026-08-14 21:23:56,052 INFO Skipped non-substantive snapshot (no date/matchup pairs): timestamp=2026-07-17T22:00:00 source_url=https://ak-static.cms.nba.com/referee/injury/Injury-Report_2026-07-17_10_00PM.pdf
2026-08-14 21:23:56,077 INFO Skipped non-substantive snapshot (no date/matchup pairs): timestamp=2026-07-17T10:15:00 source_url=https://ak-static.cms.nba.com/referee/injury/Injury-Report_2026-07-17_10_15AM.pdf
2026-08-14 21:23:56,101 INFO Skipped non-substantive snapshot (no date/matchup pairs): timestamp=2026-07-17T22:15:00 source_url=https://ak-static.cms.nba.com/referee/injury/Injury-Report_2026-07-17_10_15PM.pdf
2026-08-14 21:23:56,125 INFO Skipped non-substantive snapshot (no date/matchup pairs): timestamp=2026-07-17T10:30:00 source_url=https://ak-static.cms.nba.com/referee/injury/Injury-Report_2026-07-17_10_30AM.pdf
2026-08-14 21:23:56,150 INFO Skipped non-substantive snapshot (no date/matchup pairs): timestamp=2026-07-17T22:30:00 source_url=https://ak-static.cms.nba.com/referee/injury/Injury-Report_2026-07-17_10_30PM.pdf
2026-08-14 21:23:56,174 INFO Skipped non-substantive snapshot (no date/matchup pairs): timestamp=2026-07-17T10:45:00 source_url=https://ak-static.cms.nba.com/referee/injury/Injury-Report_2026-07-17_10_45AM.pdf
2026-08-14 21:23:56,198 INFO Skipped non-substantive snapshot (no date/matchup pairs): timestamp=2026-07-17T22:45:00 source_url=https://ak-static.cms.nba.com/referee/injury/Injury-Report_2026-07-17_10_45PM.pdf
2026-08-14 21:23:56,223 INFO Skipped non-substantive snapshot (no date/matchup pairs): timestamp=2026-07-17T11:00:00 source_url=https://ak-static.cms.nba.com/referee/injury/Injury-Report_2026-07-17_11_00AM.pdf
2026-08-14 21:23:56,246 INFO Skipped non-substantive snapshot (no date/matchup pairs): timestamp=2026-07-17T23:00:00 source_url=https://ak-static.cms.nba.com/referee/injury/Injury-Report_2026-07-17_11_00PM.pdf
2026-08-14 21:23:56,307 INFO Skipped non-substantive snapshot (no date/matchup pairs): timestamp=2026-07-17T11:15:00 source_url=https://ak-static.cms.nba.com/referee/injury/Injury-Report_2026-07-17_11_15AM.pdf
2026-08-14 21:23:56,331 INFO Skipped non-substantive snapshot (no date/matchup pairs): timestamp=2026-07-17T23:15:00 source_url=https://ak-static.cms.nba.com/referee/injury/Injury-Report_2026-07-17_11_15PM.pdf
2026-08-14 21:23:56,356 INFO Skipped non-substantive snapshot (no date/matchup pairs): timestamp=2026-07-17T11:30:00 source_url=https://ak-static.cms.nba.com/referee/injury/Injury-Report_2026-07-17_11_30AM.pdf
2026-08-14 21:23:56,379 INFO Skipped non-substantive snapshot (no date/matchup pairs): timestamp=2026-07-17T23:30:00 source_url=https://ak-static.cms.nba.com/referee/injury/Injury-Report_2026-07-17_11_30PM.pdf
2026-08-14 21:23:56,403 INFO Skipped non-substantive snapshot (no date/matchup pairs): timestamp=2026-07-17T11:45:00 source_url=https://ak-static.cms.nba.com/referee/injury/Injury-Report_2026-07-17_11_45AM.pdf
2026-08-14 21:23:56,428 INFO Skipped non-substantive snapshot (no date/matchup pairs): timestamp=2026-07-17T23:45:00 source_url=https://ak-static.cms.nba.com/referee/injury/Injury-Report_2026-07-17_11_45PM.pdf
2026-08-14 21:23:56,441 INFO Skipped non-substantive snapshot (no date/matchup pairs): timestamp=2026-07-17T00:00:00 source_url=https://ak-static.cms.nba.com/referee/injury/Injury-Report_2026-07-17_12_00AM.pdf
2026-08-14 21:23:56,464 INFO Skipped non-substantive snapshot (no date/matchup pairs): timestamp=2026-07-17T12:00:00 source_url=https://ak-static.cms.nba.com/referee/injury/Injury-Report_2026-07-17_12_00PM.pdf
2026-08-14 21:23:56,489 INFO Skipped non-substantive snapshot (no date/matchup pairs): timestamp=2026-07-17T00:15:00 source_url=https://ak-static.cms.nba.com/referee/injury/Injury-Report_2026-07-17_12_15AM.pdf
2026-08-14 21:23:56,513 INFO Skipped non-substantive snapshot (no date/matchup pairs): timestamp=2026-07-17T12:15:00 source_url=https://ak-static.cms.nba.com/referee/injury/Injury-Report_2026-07-17_12_15PM.pdf
2026-08-14 21:23:56,538 INFO Skipped non-substantive snapshot (no date/matchup pairs): timestamp=2026-07-17T00:30:00 source_url=https://ak-static.cms.nba.com/referee/injury/Injury-Report_2026-07-17_12_30AM.pdf
2026-08-14 21:23:56,562 INFO Skipped non-substantive snapshot (no date/matchup pairs): timestamp=2026-07-17T12:30:00 source_url=https://ak-static.cms.nba.com/referee/injury/Injury-Report_2026-07-17_12_30PM.pdf
2026-08-14 21:23:56,587 INFO Skipped non-substantive snapshot (no date/matchup pairs): timestamp=2026-07-17T00:45:00 source_url=https://ak-static.cms.nba.com/referee/injury/Injury-Report_2026-07-17_12_45AM.pdf
2026-08-14 21:23:56,613 INFO Skipped non-substantive snapshot (no date/matchup pairs): timestamp=2026-07-17T12:45:00 source_url=https://ak-static.cms.nba.com/referee/injury/Injury-Report_2026-07-17_12_45PM.pdf
2026-08-14 21:23:56,613 INFO Direct NBA day 96/123: 2026-07-17, 96 discovered -> 0 selected
2026-08-14 21:27:45,301 INFO Skipped non-substantive snapshot (no date/matchup pairs): timestamp=2026-07-18T01:00:00 source_url=https://ak-static.cms.nba.com/referee/injury/Injury-Report_2026-07-18_01_00AM.pdf
2026-08-14 21:27:45,321 INFO Skipped non-substantive snapshot (no date/matchup pairs): timestamp=2026-07-18T13:00:00 source_url=https://ak-static.cms.nba.com/referee/injury/Injury-Report_2026-07-18_01_00PM.pdf
2026-08-14 21:27:45,342 INFO Skipped non-substantive snapshot (no date/matchup pairs): timestamp=2026-07-18T01:15:00 source_url=https://ak-static.cms.nba.com/referee/injury/Injury-Report_2026-07-18_01_15AM.pdf
2026-08-14 21:27:45,359 INFO Skipped non-substantive snapshot (no date/matchup pairs): timestamp=2026-07-18T13:15:00 source_url=https://ak-static.cms.nba.com/referee/injury/Injury-Report_2026-07-18_01_15PM.pdf
2026-08-14 21:27:45,376 INFO Skipped non-substantive snapshot (no date/matchup pairs): timestamp=2026-07-18T01:30:00 source_url=https://ak-static.cms.nba.com/referee/injury/Injury-Report_2026-07-18_01_30AM.pdf
2026-08-14 21:27:45,395 INFO Skipped non-substantive snapshot (no date/matchup pairs): timestamp=2026-07-18T13:30:00 source_url=https://ak-static.cms.nba.com/referee/injury/Injury-Report_2026-07-18_01_30PM.pdf
2026-08-14 21:27:45,412 INFO Skipped non-substantive snapshot (no date/matchup pairs): timestamp=2026-07-18T01:45:00 source_url=https://ak-static.cms.nba.com/referee/injury/Injury-Report_2026-07-18_01_45AM.pdf
2026-08-14 21:27:45,430 INFO Skipped non-substantive snapshot (no date/matchup pairs): timestamp=2026-07-18T13:45:00 source_url=https://ak-static.cms.nba.com/referee/injury/Injury-Report_2026-07-18_01_45PM.pdf
2026-08-14 21:27:45,449 INFO Skipped non-substantive snapshot (no date/matchup pairs): timestamp=2026-07-18T02:00:00 source_url=https://ak-static.cms.nba.com/referee/injury/Injury-Report_2026-07-18_02_00AM.pdf
2026-08-14 21:27:45,466 INFO Skipped non-substantive snapshot (no date/matchup pairs): timestamp=2026-07-18T14:00:00 source_url=https://ak-static.cms.nba.com/referee/injury/Injury-Report_2026-07-18_02_00PM.pdf
2026-08-14 21:27:45,483 INFO Skipped non-substantive snapshot (no date/matchup pairs): timestamp=2026-07-18T02:15:00 source_url=https://ak-static.cms.nba.com/referee/injury/Injury-Report_2026-07-18_02_15AM.pdf
2026-08-14 21:27:45,501 INFO Skipped non-substantive snapshot (no date/matchup pairs): timestamp=2026-07-18T14:15:00 source_url=https://ak-static.cms.nba.com/referee/injury/Injury-Report_2026-07-18_02_15PM.pdf
2026-08-14 21:27:45,520 INFO Skipped non-substantive snapshot (no date/matchup pairs): timestamp=2026-07-18T02:30:00 source_url=https://ak-static.cms.nba.com/referee/injury/Injury-Report_2026-07-18_02_30AM.pdf
2026-08-14 21:27:45,537 INFO Skipped non-substantive snapshot (no date/matchup pairs): timestamp=2026-07-18T14:30:00 source_url=https://ak-static.cms.nba.com/referee/injury/Injury-Report_2026-07-18_02_30PM.pdf
2026-08-14 21:27:45,554 INFO Skipped non-substantive snapshot (no date/matchup pairs): timestamp=2026-07-18T02:45:00 source_url=https://ak-static.cms.nba.com/referee/injury/Injury-Report_2026-07-18_02_45AM.pdf
2026-08-14 21:27:45,573 INFO Skipped non-substantive snapshot (no date/matchup pairs): timestamp=2026-07-18T14:45:00 source_url=https://ak-static.cms.nba.com/referee/injury/Injury-Report_2026-07-18_02_45PM.pdf
2026-08-14 21:27:45,591 INFO Skipped non-substantive snapshot (no date/matchup pairs): timestamp=2026-07-18T03:00:00 source_url=https://ak-static.cms.nba.com/referee/injury/Injury-Report_2026-07-18_03_00AM.pdf
2026-08-14 21:27:45,608 INFO Skipped non-substantive snapshot (no date/matchup pairs): timestamp=2026-07-18T15:00:00 source_url=https://ak-static.cms.nba.com/referee/injury/Injury-Report_2026-07-18_03_00PM.pdf
2026-08-14 21:27:45,626 INFO Skipped non-substantive snapshot (no date/matchup pairs): timestamp=2026-07-18T03:15:00 source_url=https://ak-static.cms.nba.com/referee/injury/Injury-Report_2026-07-18_03_15AM.pdf
2026-08-14 21:27:45,645 INFO Skipped non-substantive snapshot (no date/matchup pairs): timestamp=2026-07-18T15:15:00 source_url=https://ak-static.cms.nba.com/referee/injury/Injury-Report_2026-07-18_03_15PM.pdf
2026-08-14 21:27:45,662 INFO Skipped non-substantive snapshot (no date/matchup pairs): timestamp=2026-07-18T03:30:00 source_url=https://ak-static.cms.nba.com/referee/injury/Injury-Report_2026-07-18_03_30AM.pdf
2026-08-14 21:27:45,679 INFO Skipped non-substantive snapshot (no date/matchup pairs): timestamp=2026-07-18T15:30:00 source_url=https://ak-static.cms.nba.com/referee/injury/Injury-Report_2026-07-18_03_30PM.pdf
2026-08-14 21:27:45,698 INFO Skipped non-substantive snapshot (no date/matchup pairs): timestamp=2026-07-18T03:45:00 source_url=https://ak-static.cms.nba.com/referee/injury/Injury-Report_2026-07-18_03_45AM.pdf
2026-08-14 21:27:45,716 INFO Skipped non-substantive snapshot (no date/matchup pairs): timestamp=2026-07-18T15:45:00 source_url=https://ak-static.cms.nba.com/referee/injury/Injury-Report_2026-07-18_03_45PM.pdf
2026-08-14 21:27:45,733 INFO Skipped non-substantive snapshot (no date/matchup pairs): timestamp=2026-07-18T04:00:00 source_url=https://ak-static.cms.nba.com/referee/injury/Injury-Report_2026-07-18_04_00AM.pdf
2026-08-14 21:27:45,751 INFO Skipped non-substantive snapshot (no date/matchup pairs): timestamp=2026-07-18T16:00:00 source_url=https://ak-static.cms.nba.com/referee/injury/Injury-Report_2026-07-18_04_00PM.pdf
2026-08-14 21:27:45,802 INFO Skipped non-substantive snapshot (no date/matchup pairs): timestamp=2026-07-18T04:15:00 source_url=https://ak-static.cms.nba.com/referee/injury/Injury-Report_2026-07-18_04_15AM.pdf
2026-08-14 21:27:45,819 INFO Skipped non-substantive snapshot (no date/matchup pairs): timestamp=2026-07-18T16:15:00 source_url=https://ak-static.cms.nba.com/referee/injury/Injury-Report_2026-07-18_04_15PM.pdf
2026-08-14 21:27:45,837 INFO Skipped non-substantive snapshot (no date/matchup pairs): timestamp=2026-07-18T04:30:00 source_url=https://ak-static.cms.nba.com/referee/injury/Injury-Report_2026-07-18_04_30AM.pdf
2026-08-14 21:27:45,855 INFO Skipped non-substantive snapshot (no date/matchup pairs): timestamp=2026-07-18T16:30:00 source_url=https://ak-static.cms.nba.com/referee/injury/Injury-Report_2026-07-18_04_30PM.pdf
2026-08-14 21:27:45,873 INFO Skipped non-substantive snapshot (no date/matchup pairs): timestamp=2026-07-18T04:45:00 source_url=https://ak-static.cms.nba.com/referee/injury/Injury-Report_2026-07-18_04_45AM.pdf
2026-08-14 21:27:45,890 INFO Skipped non-substantive snapshot (no date/matchup pairs): timestamp=2026-07-18T16:45:00 source_url=https://ak-static.cms.nba.com/referee/injury/Injury-Report_2026-07-18_04_45PM.pdf
2026-08-14 21:27:45,909 INFO Skipped non-substantive snapshot (no date/matchup pairs): timestamp=2026-07-18T05:00:00 source_url=https://ak-static.cms.nba.com/referee/injury/Injury-Report_2026-07-18_05_00AM.pdf
2026-08-14 21:27:45,926 INFO Skipped non-substantive snapshot (no date/matchup pairs): timestamp=2026-07-18T17:00:00 source_url=https://ak-static.cms.nba.com/referee/injury/Injury-Report_2026-07-18_05_00PM.pdf
2026-08-14 21:27:45,944 INFO Skipped non-substantive snapshot (no date/matchup pairs): timestamp=2026-07-18T05:15:00 source_url=https://ak-static.cms.nba.com/referee/injury/Injury-Report_2026-07-18_05_15AM.pdf
2026-08-14 21:27:45,963 INFO Skipped non-substantive snapshot (no date/matchup pairs): timestamp=2026-07-18T17:15:00 source_url=https://ak-static.cms.nba.com/referee/injury/Injury-Report_2026-07-18_05_15PM.pdf
2026-08-14 21:27:45,980 INFO Skipped non-substantive snapshot (no date/matchup pairs): timestamp=2026-07-18T05:30:00 source_url=https://ak-static.cms.nba.com/referee/injury/Injury-Report_2026-07-18_05_30AM.pdf
2026-08-14 21:27:45,997 INFO Skipped non-substantive snapshot (no date/matchup pairs): timestamp=2026-07-18T17:30:00 source_url=https://ak-static.cms.nba.com/referee/injury/Injury-Report_2026-07-18_05_30PM.pdf
2026-08-14 21:27:46,015 INFO Skipped non-substantive snapshot (no date/matchup pairs): timestamp=2026-07-18T05:45:00 source_url=https://ak-static.cms.nba.com/referee/injury/Injury-Report_2026-07-18_05_45AM.pdf
2026-08-14 21:27:46,034 INFO Skipped non-substantive snapshot (no date/matchup pairs): timestamp=2026-07-18T17:45:00 source_url=https://ak-static.cms.nba.com/referee/injury/Injury-Report_2026-07-18_05_45PM.pdf
2026-08-14 21:27:46,051 INFO Skipped non-substantive snapshot (no date/matchup pairs): timestamp=2026-07-18T06:00:00 source_url=https://ak-static.cms.nba.com/referee/injury/Injury-Report_2026-07-18_06_00AM.pdf
2026-08-14 21:27:46,068 INFO Skipped non-substantive snapshot (no date/matchup pairs): timestamp=2026-07-18T18:00:00 source_url=https://ak-static.cms.nba.com/referee/injury/Injury-Report_2026-07-18_06_00PM.pdf
2026-08-14 21:27:46,087 INFO Skipped non-substantive snapshot (no date/matchup pairs): timestamp=2026-07-18T06:15:00 source_url=https://ak-static.cms.nba.com/referee/injury/Injury-Report_2026-07-18_06_15AM.pdf
2026-08-14 21:27:46,104 INFO Skipped non-substantive snapshot (no date/matchup pairs): timestamp=2026-07-18T18:15:00 source_url=https://ak-static.cms.nba.com/referee/injury/Injury-Report_2026-07-18_06_15PM.pdf
2026-08-14 21:27:46,121 INFO Skipped non-substantive snapshot (no date/matchup pairs): timestamp=2026-07-18T06:30:00 source_url=https://ak-static.cms.nba.com/referee/injury/Injury-Report_2026-07-18_06_30AM.pdf
2026-08-14 21:27:46,139 INFO Skipped non-substantive snapshot (no date/matchup pairs): timestamp=2026-07-18T18:30:00 source_url=https://ak-static.cms.nba.com/referee/injury/Injury-Report_2026-07-18_06_30PM.pdf
2026-08-14 21:27:46,158 INFO Skipped non-substantive snapshot (no date/matchup pairs): timestamp=2026-07-18T06:45:00 source_url=https://ak-static.cms.nba.com/referee/injury/Injury-Report_2026-07-18_06_45AM.pdf
2026-08-14 21:27:46,175 INFO Skipped non-substantive snapshot (no date/matchup pairs): timestamp=2026-07-18T18:45:00 source_url=https://ak-static.cms.nba.com/referee/injury/Injury-Report_2026-07-18_06_45PM.pdf
2026-08-14 21:27:46,192 INFO Skipped non-substantive snapshot (no date/matchup pairs): timestamp=2026-07-18T07:00:00 source_url=https://ak-static.cms.nba.com/referee/injury/Injury-Report_2026-07-18_07_00AM.pdf
2026-08-14 21:27:46,211 INFO Skipped non-substantive snapshot (no date/matchup pairs): timestamp=2026-07-18T19:00:00 source_url=https://ak-static.cms.nba.com/referee/injury/Injury-Report_2026-07-18_07_00PM.pdf
2026-08-14 21:27:46,228 INFO Skipped non-substantive snapshot (no date/matchup pairs): timestamp=2026-07-18T07:15:00 source_url=https://ak-static.cms.nba.com/referee/injury/Injury-Report_2026-07-18_07_15AM.pdf
2026-08-14 21:27:46,246 INFO Skipped non-substantive snapshot (no date/matchup pairs): timestamp=2026-07-18T19:15:00 source_url=https://ak-static.cms.nba.com/referee/injury/Injury-Report_2026-07-18_07_15PM.pdf
2026-08-14 21:27:46,263 INFO Skipped non-substantive snapshot (no date/matchup pairs): timestamp=2026-07-18T07:30:00 source_url=https://ak-static.cms.nba.com/referee/injury/Injury-Report_2026-07-18_07_30AM.pdf
2026-08-14 21:27:46,282 INFO Skipped non-substantive snapshot (no date/matchup pairs): timestamp=2026-07-18T19:30:00 source_url=https://ak-static.cms.nba.com/referee/injury/Injury-Report_2026-07-18_07_30PM.pdf
2026-08-14 21:27:46,299 INFO Skipped non-substantive snapshot (no date/matchup pairs): timestamp=2026-07-18T07:45:00 source_url=https://ak-static.cms.nba.com/referee/injury/Injury-Report_2026-07-18_07_45AM.pdf
2026-08-14 21:27:46,316 INFO Skipped non-substantive snapshot (no date/matchup pairs): timestamp=2026-07-18T19:45:00 source_url=https://ak-static.cms.nba.com/referee/injury/Injury-Report_2026-07-18_07_45PM.pdf
2026-08-14 21:27:46,335 INFO Skipped non-substantive snapshot (no date/matchup pairs): timestamp=2026-07-18T08:00:00 source_url=https://ak-static.cms.nba.com/referee/injury/Injury-Report_2026-07-18_08_00AM.pdf
2026-08-14 21:27:46,352 INFO Skipped non-substantive snapshot (no date/matchup pairs): timestamp=2026-07-18T20:00:00 source_url=https://ak-static.cms.nba.com/referee/injury/Injury-Report_2026-07-18_08_00PM.pdf
2026-08-14 21:27:46,370 INFO Skipped non-substantive snapshot (no date/matchup pairs): timestamp=2026-07-18T08:15:00 source_url=https://ak-static.cms.nba.com/referee/injury/Injury-Report_2026-07-18_08_15AM.pdf
2026-08-14 21:27:46,389 INFO Skipped non-substantive snapshot (no date/matchup pairs): timestamp=2026-07-18T20:15:00 source_url=https://ak-static.cms.nba.com/referee/injury/Injury-Report_2026-07-18_08_15PM.pdf
2026-08-14 21:27:46,406 INFO Skipped non-substantive snapshot (no date/matchup pairs): timestamp=2026-07-18T08:30:00 source_url=https://ak-static.cms.nba.com/referee/injury/Injury-Report_2026-07-18_08_30AM.pdf
2026-08-14 21:27:46,423 INFO Skipped non-substantive snapshot (no date/matchup pairs): timestamp=2026-07-18T20:30:00 source_url=https://ak-static.cms.nba.com/referee/injury/Injury-Report_2026-07-18_08_30PM.pdf
2026-08-14 21:27:46,441 INFO Skipped non-substantive snapshot (no date/matchup pairs): timestamp=2026-07-18T08:45:00 source_url=https://ak-static.cms.nba.com/referee/injury/Injury-Report_2026-07-18_08_45AM.pdf
2026-08-14 21:27:46,491 INFO Skipped non-substantive snapshot (no date/matchup pairs): timestamp=2026-07-18T20:45:00 source_url=https://ak-static.cms.nba.com/referee/injury/Injury-Report_2026-07-18_08_45PM.pdf
2026-08-14 21:27:46,509 INFO Skipped non-substantive snapshot (no date/matchup pairs): timestamp=2026-07-18T09:00:00 source_url=https://ak-static.cms.nba.com/referee/injury/Injury-Report_2026-07-18_09_00AM.pdf
2026-08-14 21:27:46,526 INFO Skipped non-substantive snapshot (no date/matchup pairs): timestamp=2026-07-18T21:00:00 source_url=https://ak-static.cms.nba.com/referee/injury/Injury-Report_2026-07-18_09_00PM.pdf
2026-08-14 21:27:46,545 INFO Skipped non-substantive snapshot (no date/matchup pairs): timestamp=2026-07-18T09:15:00 source_url=https://ak-static.cms.nba.com/referee/injury/Injury-Report_2026-07-18_09_15AM.pdf
2026-08-14 21:27:46,562 INFO Skipped non-substantive snapshot (no date/matchup pairs): timestamp=2026-07-18T21:15:00 source_url=https://ak-static.cms.nba.com/referee/injury/Injury-Report_2026-07-18_09_15PM.pdf
2026-08-14 21:27:46,579 INFO Skipped non-substantive snapshot (no date/matchup pairs): timestamp=2026-07-18T09:30:00 source_url=https://ak-static.cms.nba.com/referee/injury/Injury-Report_2026-07-18_09_30AM.pdf
2026-08-14 21:27:46,598 INFO Skipped non-substantive snapshot (no date/matchup pairs): timestamp=2026-07-18T21:30:00 source_url=https://ak-static.cms.nba.com/referee/injury/Injury-Report_2026-07-18_09_30PM.pdf
2026-08-14 21:27:46,615 INFO Skipped non-substantive snapshot (no date/matchup pairs): timestamp=2026-07-18T09:45:00 source_url=https://ak-static.cms.nba.com/referee/injury/Injury-Report_2026-07-18_09_45AM.pdf
2026-08-14 21:27:46,633 INFO Skipped non-substantive snapshot (no date/matchup pairs): timestamp=2026-07-18T21:45:00 source_url=https://ak-static.cms.nba.com/referee/injury/Injury-Report_2026-07-18_09_45PM.pdf
2026-08-14 21:27:46,650 INFO Skipped non-substantive snapshot (no date/matchup pairs): timestamp=2026-07-18T10:00:00 source_url=https://ak-static.cms.nba.com/referee/injury/Injury-Report_2026-07-18_10_00AM.pdf
2026-08-14 21:27:46,669 INFO Skipped non-substantive snapshot (no date/matchup pairs): timestamp=2026-07-18T22:00:00 source_url=https://ak-static.cms.nba.com/referee/injury/Injury-Report_2026-07-18_10_00PM.pdf
2026-08-14 21:27:46,686 INFO Skipped non-substantive snapshot (no date/matchup pairs): timestamp=2026-07-18T10:15:00 source_url=https://ak-static.cms.nba.com/referee/injury/Injury-Report_2026-07-18_10_15AM.pdf
2026-08-14 21:27:46,703 INFO Skipped non-substantive snapshot (no date/matchup pairs): timestamp=2026-07-18T22:15:00 source_url=https://ak-static.cms.nba.com/referee/injury/Injury-Report_2026-07-18_10_15PM.pdf
2026-08-14 21:27:46,722 INFO Skipped non-substantive snapshot (no date/matchup pairs): timestamp=2026-07-18T10:30:00 source_url=https://ak-static.cms.nba.com/referee/injury/Injury-Report_2026-07-18_10_30AM.pdf
2026-08-14 21:27:46,739 INFO Skipped non-substantive snapshot (no date/matchup pairs): timestamp=2026-07-18T22:30:00 source_url=https://ak-static.cms.nba.com/referee/injury/Injury-Report_2026-07-18_10_30PM.pdf
2026-08-14 21:27:46,757 INFO Skipped non-substantive snapshot (no date/matchup pairs): timestamp=2026-07-18T10:45:00 source_url=https://ak-static.cms.nba.com/referee/injury/Injury-Report_2026-07-18_10_45AM.pdf
2026-08-14 21:27:46,776 INFO Skipped non-substantive snapshot (no date/matchup pairs): timestamp=2026-07-18T22:45:00 source_url=https://ak-static.cms.nba.com/referee/injury/Injury-Report_2026-07-18_10_45PM.pdf
2026-08-14 21:27:46,795 INFO Skipped non-substantive snapshot (no date/matchup pairs): timestamp=2026-07-18T11:00:00 source_url=https://ak-static.cms.nba.com/referee/injury/Injury-Report_2026-07-18_11_00AM.pdf
2026-08-14 21:27:46,814 INFO Skipped non-substantive snapshot (no date/matchup pairs): timestamp=2026-07-18T23:00:00 source_url=https://ak-static.cms.nba.com/referee/injury/Injury-Report_2026-07-18_11_00PM.pdf
2026-08-14 21:27:46,831 INFO Skipped non-substantive snapshot (no date/matchup pairs): timestamp=2026-07-18T11:15:00 source_url=https://ak-static.cms.nba.com/referee/injury/Injury-Report_2026-07-18_11_15AM.pdf
2026-08-14 21:27:46,851 INFO Skipped non-substantive snapshot (no date/matchup pairs): timestamp=2026-07-18T23:15:00 source_url=https://ak-static.cms.nba.com/referee/injury/Injury-Report_2026-07-18_11_15PM.pdf
2026-08-14 21:27:46,869 INFO Skipped non-substantive snapshot (no date/matchup pairs): timestamp=2026-07-18T11:30:00 source_url=https://ak-static.cms.nba.com/referee/injury/Injury-Report_2026-07-18_11_30AM.pdf
2026-08-14 21:27:46,888 INFO Skipped non-substantive snapshot (no date/matchup pairs): timestamp=2026-07-18T23:30:00 source_url=https://ak-static.cms.nba.com/referee/injury/Injury-Report_2026-07-18_11_30PM.pdf
2026-08-14 21:27:46,907 INFO Skipped non-substantive snapshot (no date/matchup pairs): timestamp=2026-07-18T11:45:00 source_url=https://ak-static.cms.nba.com/referee/injury/Injury-Report_2026-07-18_11_45AM.pdf
2026-08-14 21:27:46,925 INFO Skipped non-substantive snapshot (no date/matchup pairs): timestamp=2026-07-18T23:45:00 source_url=https://ak-static.cms.nba.com/referee/injury/Injury-Report_2026-07-18_11_45PM.pdf
2026-08-14 21:27:46,943 INFO Skipped non-substantive snapshot (no date/matchup pairs): timestamp=2026-07-18T00:00:00 source_url=https://ak-static.cms.nba.com/referee/injury/Injury-Report_2026-07-18_12_00AM.pdf
2026-08-14 21:27:46,960 INFO Skipped non-substantive snapshot (no date/matchup pairs): timestamp=2026-07-18T12:00:00 source_url=https://ak-static.cms.nba.com/referee/injury/Injury-Report_2026-07-18_12_00PM.pdf
2026-08-14 21:27:46,980 INFO Skipped non-substantive snapshot (no date/matchup pairs): timestamp=2026-07-18T00:15:00 source_url=https://ak-static.cms.nba.com/referee/injury/Injury-Report_2026-07-18_12_15AM.pdf
2026-08-14 21:27:46,997 INFO Skipped non-substantive snapshot (no date/matchup pairs): timestamp=2026-07-18T12:15:00 source_url=https://ak-static.cms.nba.com/referee/injury/Injury-Report_2026-07-18_12_15PM.pdf
2026-08-14 21:27:47,014 INFO Skipped non-substantive snapshot (no date/matchup pairs): timestamp=2026-07-18T00:30:00 source_url=https://ak-static.cms.nba.com/referee/injury/Injury-Report_2026-07-18_12_30AM.pdf
2026-08-14 21:27:47,033 INFO Skipped non-substantive snapshot (no date/matchup pairs): timestamp=2026-07-18T12:30:00 source_url=https://ak-static.cms.nba.com/referee/injury/Injury-Report_2026-07-18_12_30PM.pdf
2026-08-14 21:27:47,050 INFO Skipped non-substantive snapshot (no date/matchup pairs): timestamp=2026-07-18T00:45:00 source_url=https://ak-static.cms.nba.com/referee/injury/Injury-Report_2026-07-18_12_45AM.pdf
2026-08-14 21:27:47,068 INFO Skipped non-substantive snapshot (no date/matchup pairs): timestamp=2026-07-18T12:45:00 source_url=https://ak-static.cms.nba.com/referee/injury/Injury-Report_2026-07-18_12_45PM.pdf
2026-08-14 21:27:47,068 INFO Direct NBA day 97/123: 2026-07-18, 96 discovered -> 0 selected
2026-08-14 21:31:33,746 INFO Skipped non-substantive snapshot (no date/matchup pairs): timestamp=2026-07-19T01:00:00 source_url=https://ak-static.cms.nba.com/referee/injury/Injury-Report_2026-07-19_01_00AM.pdf
2026-08-14 21:31:33,757 INFO Skipped non-substantive snapshot (no date/matchup pairs): timestamp=2026-07-19T13:00:00 source_url=https://ak-static.cms.nba.com/referee/injury/Injury-Report_2026-07-19_01_00PM.pdf
2026-08-14 21:31:33,767 INFO Skipped non-substantive snapshot (no date/matchup pairs): timestamp=2026-07-19T01:15:00 source_url=https://ak-static.cms.nba.com/referee/injury/Injury-Report_2026-07-19_01_15AM.pdf
2026-08-14 21:31:33,776 INFO Skipped non-substantive snapshot (no date/matchup pairs): timestamp=2026-07-19T13:15:00 source_url=https://ak-static.cms.nba.com/referee/injury/Injury-Report_2026-07-19_01_15PM.pdf
2026-08-14 21:31:33,785 INFO Skipped non-substantive snapshot (no date/matchup pairs): timestamp=2026-07-19T01:30:00 source_url=https://ak-static.cms.nba.com/referee/injury/Injury-Report_2026-07-19_01_30AM.pdf
2026-08-14 21:31:33,793 INFO Skipped non-substantive snapshot (no date/matchup pairs): timestamp=2026-07-19T13:30:00 source_url=https://ak-static.cms.nba.com/referee/injury/Injury-Report_2026-07-19_01_30PM.pdf
2026-08-14 21:31:33,801 INFO Skipped non-substantive snapshot (no date/matchup pairs): timestamp=2026-07-19T01:45:00 source_url=https://ak-static.cms.nba.com/referee/injury/Injury-Report_2026-07-19_01_45AM.pdf
2026-08-14 21:31:33,809 INFO Skipped non-substantive snapshot (no date/matchup pairs): timestamp=2026-07-19T13:45:00 source_url=https://ak-static.cms.nba.com/referee/injury/Injury-Report_2026-07-19_01_45PM.pdf
2026-08-14 21:31:33,819 INFO Skipped non-substantive snapshot (no date/matchup pairs): timestamp=2026-07-19T02:00:00 source_url=https://ak-static.cms.nba.com/referee/injury/Injury-Report_2026-07-19_02_00AM.pdf
2026-08-14 21:31:33,826 INFO Skipped non-substantive snapshot (no date/matchup pairs): timestamp=2026-07-19T14:00:00 source_url=https://ak-static.cms.nba.com/referee/injury/Injury-Report_2026-07-19_02_00PM.pdf
2026-08-14 21:31:33,834 INFO Skipped non-substantive snapshot (no date/matchup pairs): timestamp=2026-07-19T02:15:00 source_url=https://ak-static.cms.nba.com/referee/injury/Injury-Report_2026-07-19_02_15AM.pdf
2026-08-14 21:31:33,842 INFO Skipped non-substantive snapshot (no date/matchup pairs): timestamp=2026-07-19T14:15:00 source_url=https://ak-static.cms.nba.com/referee/injury/Injury-Report_2026-07-19_02_15PM.pdf
2026-08-14 21:31:33,849 INFO Skipped non-substantive snapshot (no date/matchup pairs): timestamp=2026-07-19T02:30:00 source_url=https://ak-static.cms.nba.com/referee/injury/Injury-Report_2026-07-19_02_30AM.pdf
2026-08-14 21:31:33,857 INFO Skipped non-substantive snapshot (no date/matchup pairs): timestamp=2026-07-19T14:30:00 source_url=https://ak-static.cms.nba.com/referee/injury/Injury-Report_2026-07-19_02_30PM.pdf
2026-08-14 21:31:33,864 INFO Skipped non-substantive snapshot (no date/matchup pairs): timestamp=2026-07-19T02:45:00 source_url=https://ak-static.cms.nba.com/referee/injury/Injury-Report_2026-07-19_02_45AM.pdf
2026-08-14 21:31:33,872 INFO Skipped non-substantive snapshot (no date/matchup pairs): timestamp=2026-07-19T14:45:00 source_url=https://ak-static.cms.nba.com/referee/injury/Injury-Report_2026-07-19_02_45PM.pdf
2026-08-14 21:31:33,880 INFO Skipped non-substantive snapshot (no date/matchup pairs): timestamp=2026-07-19T03:00:00 source_url=https://ak-static.cms.nba.com/referee/injury/Injury-Report_2026-07-19_03_00AM.pdf
2026-08-14 21:31:33,889 INFO Skipped non-substantive snapshot (no date/matchup pairs): timestamp=2026-07-19T15:00:00 source_url=https://ak-static.cms.nba.com/referee/injury/Injury-Report_2026-07-19_03_00PM.pdf
2026-08-14 21:31:33,897 INFO Skipped non-substantive snapshot (no date/matchup pairs): timestamp=2026-07-19T03:15:00 source_url=https://ak-static.cms.nba.com/referee/injury/Injury-Report_2026-07-19_03_15AM.pdf
2026-08-14 21:31:33,904 INFO Skipped non-substantive snapshot (no date/matchup pairs): timestamp=2026-07-19T15:15:00 source_url=https://ak-static.cms.nba.com/referee/injury/Injury-Report_2026-07-19_03_15PM.pdf
2026-08-14 21:31:33,912 INFO Skipped non-substantive snapshot (no date/matchup pairs): timestamp=2026-07-19T03:30:00 source_url=https://ak-static.cms.nba.com/referee/injury/Injury-Report_2026-07-19_03_30AM.pdf
2026-08-14 21:31:33,920 INFO Skipped non-substantive snapshot (no date/matchup pairs): timestamp=2026-07-19T15:30:00 source_url=https://ak-static.cms.nba.com/referee/injury/Injury-Report_2026-07-19_03_30PM.pdf
2026-08-14 21:31:33,927 INFO Skipped non-substantive snapshot (no date/matchup pairs): timestamp=2026-07-19T03:45:00 source_url=https://ak-static.cms.nba.com/referee/injury/Injury-Report_2026-07-19_03_45AM.pdf
2026-08-14 21:31:33,935 INFO Skipped non-substantive snapshot (no date/matchup pairs): timestamp=2026-07-19T15:45:00 source_url=https://ak-static.cms.nba.com/referee/injury/Injury-Report_2026-07-19_03_45PM.pdf
2026-08-14 21:31:33,943 INFO Skipped non-substantive snapshot (no date/matchup pairs): timestamp=2026-07-19T04:00:00 source_url=https://ak-static.cms.nba.com/referee/injury/Injury-Report_2026-07-19_04_00AM.pdf
2026-08-14 21:31:33,950 INFO Skipped non-substantive snapshot (no date/matchup pairs): timestamp=2026-07-19T16:00:00 source_url=https://ak-static.cms.nba.com/referee/injury/Injury-Report_2026-07-19_04_00PM.pdf
2026-08-14 21:31:33,960 INFO Skipped non-substantive snapshot (no date/matchup pairs): timestamp=2026-07-19T04:15:00 source_url=https://ak-static.cms.nba.com/referee/injury/Injury-Report_2026-07-19_04_15AM.pdf
2026-08-14 21:31:33,967 INFO Skipped non-substantive snapshot (no date/matchup pairs): timestamp=2026-07-19T16:15:00 source_url=https://ak-static.cms.nba.com/referee/injury/Injury-Report_2026-07-19_04_15PM.pdf
2026-08-14 21:31:33,975 INFO Skipped non-substantive snapshot (no date/matchup pairs): timestamp=2026-07-19T04:30:00 source_url=https://ak-static.cms.nba.com/referee/injury/Injury-Report_2026-07-19_04_30AM.pdf
2026-08-14 21:31:33,983 INFO Skipped non-substantive snapshot (no date/matchup pairs): timestamp=2026-07-19T16:30:00 source_url=https://ak-static.cms.nba.com/referee/injury/Injury-Report_2026-07-19_04_30PM.pdf
2026-08-14 21:31:33,990 INFO Skipped non-substantive snapshot (no date/matchup pairs): timestamp=2026-07-19T04:45:00 source_url=https://ak-static.cms.nba.com/referee/injury/Injury-Report_2026-07-19_04_45AM.pdf
2026-08-14 21:31:33,998 INFO Skipped non-substantive snapshot (no date/matchup pairs): timestamp=2026-07-19T16:45:00 source_url=https://ak-static.cms.nba.com/referee/injury/Injury-Report_2026-07-19_04_45PM.pdf
2026-08-14 21:31:34,006 INFO Skipped non-substantive snapshot (no date/matchup pairs): timestamp=2026-07-19T05:00:00 source_url=https://ak-static.cms.nba.com/referee/injury/Injury-Report_2026-07-19_05_00AM.pdf
2026-08-14 21:31:34,013 INFO Skipped non-substantive snapshot (no date/matchup pairs): timestamp=2026-07-19T17:00:00 source_url=https://ak-static.cms.nba.com/referee/injury/Injury-Report_2026-07-19_05_00PM.pdf
2026-08-14 21:31:34,021 INFO Skipped non-substantive snapshot (no date/matchup pairs): timestamp=2026-07-19T05:15:00 source_url=https://ak-static.cms.nba.com/referee/injury/Injury-Report_2026-07-19_05_15AM.pdf
2026-08-14 21:31:34,030 INFO Skipped non-substantive snapshot (no date/matchup pairs): timestamp=2026-07-19T17:15:00 source_url=https://ak-static.cms.nba.com/referee/injury/Injury-Report_2026-07-19_05_15PM.pdf
2026-08-14 21:31:34,038 INFO Skipped non-substantive snapshot (no date/matchup pairs): timestamp=2026-07-19T05:30:00 source_url=https://ak-static.cms.nba.com/referee/injury/Injury-Report_2026-07-19_05_30AM.pdf
2026-08-14 21:31:34,046 INFO Skipped non-substantive snapshot (no date/matchup pairs): timestamp=2026-07-19T17:30:00 source_url=https://ak-static.cms.nba.com/referee/injury/Injury-Report_2026-07-19_05_30PM.pdf
2026-08-14 21:31:34,053 INFO Skipped non-substantive snapshot (no date/matchup pairs): timestamp=2026-07-19T05:45:00 source_url=https://ak-static.cms.nba.com/referee/injury/Injury-Report_2026-07-19_05_45AM.pdf
2026-08-14 21:31:34,061 INFO Skipped non-substantive snapshot (no date/matchup pairs): timestamp=2026-07-19T17:45:00 source_url=https://ak-static.cms.nba.com/referee/injury/Injury-Report_2026-07-19_05_45PM.pdf
2026-08-14 21:31:34,069 INFO Skipped non-substantive snapshot (no date/matchup pairs): timestamp=2026-07-19T06:00:00 source_url=https://ak-static.cms.nba.com/referee/injury/Injury-Report_2026-07-19_06_00AM.pdf
2026-08-14 21:31:34,076 INFO Skipped non-substantive snapshot (no date/matchup pairs): timestamp=2026-07-19T18:00:00 source_url=https://ak-static.cms.nba.com/referee/injury/Injury-Report_2026-07-19_06_00PM.pdf
2026-08-14 21:31:34,084 INFO Skipped non-substantive snapshot (no date/matchup pairs): timestamp=2026-07-19T06:15:00 source_url=https://ak-static.cms.nba.com/referee/injury/Injury-Report_2026-07-19_06_15AM.pdf
2026-08-14 21:31:34,091 INFO Skipped non-substantive snapshot (no date/matchup pairs): timestamp=2026-07-19T18:15:00 source_url=https://ak-static.cms.nba.com/referee/injury/Injury-Report_2026-07-19_06_15PM.pdf
2026-08-14 21:31:34,099 INFO Skipped non-substantive snapshot (no date/matchup pairs): timestamp=2026-07-19T06:30:00 source_url=https://ak-static.cms.nba.com/referee/injury/Injury-Report_2026-07-19_06_30AM.pdf
2026-08-14 21:31:34,109 INFO Skipped non-substantive snapshot (no date/matchup pairs): timestamp=2026-07-19T18:30:00 source_url=https://ak-static.cms.nba.com/referee/injury/Injury-Report_2026-07-19_06_30PM.pdf
2026-08-14 21:31:34,116 INFO Skipped non-substantive snapshot (no date/matchup pairs): timestamp=2026-07-19T06:45:00 source_url=https://ak-static.cms.nba.com/referee/injury/Injury-Report_2026-07-19_06_45AM.pdf
2026-08-14 21:31:34,124 INFO Skipped non-substantive snapshot (no date/matchup pairs): timestamp=2026-07-19T18:45:00 source_url=https://ak-static.cms.nba.com/referee/injury/Injury-Report_2026-07-19_06_45PM.pdf
2026-08-14 21:31:34,132 INFO Skipped non-substantive snapshot (no date/matchup pairs): timestamp=2026-07-19T07:00:00 source_url=https://ak-static.cms.nba.com/referee/injury/Injury-Report_2026-07-19_07_00AM.pdf
2026-08-14 21:31:34,139 INFO Skipped non-substantive snapshot (no date/matchup pairs): timestamp=2026-07-19T19:00:00 source_url=https://ak-static.cms.nba.com/referee/injury/Injury-Report_2026-07-19_07_00PM.pdf
2026-08-14 21:31:34,147 INFO Skipped non-substantive snapshot (no date/matchup pairs): timestamp=2026-07-19T07:15:00 source_url=https://ak-static.cms.nba.com/referee/injury/Injury-Report_2026-07-19_07_15AM.pdf
2026-08-14 21:31:34,154 INFO Skipped non-substantive snapshot (no date/matchup pairs): timestamp=2026-07-19T19:15:00 source_url=https://ak-static.cms.nba.com/referee/injury/Injury-Report_2026-07-19_07_15PM.pdf
2026-08-14 21:31:34,162 INFO Skipped non-substantive snapshot (no date/matchup pairs): timestamp=2026-07-19T07:30:00 source_url=https://ak-static.cms.nba.com/referee/injury/Injury-Report_2026-07-19_07_30AM.pdf
2026-08-14 21:31:34,169 INFO Skipped non-substantive snapshot (no date/matchup pairs): timestamp=2026-07-19T19:30:00 source_url=https://ak-static.cms.nba.com/referee/injury/Injury-Report_2026-07-19_07_30PM.pdf
2026-08-14 21:31:34,179 INFO Skipped non-substantive snapshot (no date/matchup pairs): timestamp=2026-07-19T07:45:00 source_url=https://ak-static.cms.nba.com/referee/injury/Injury-Report_2026-07-19_07_45AM.pdf
2026-08-14 21:31:34,187 INFO Skipped non-substantive snapshot (no date/matchup pairs): timestamp=2026-07-19T19:45:00 source_url=https://ak-static.cms.nba.com/referee/injury/Injury-Report_2026-07-19_07_45PM.pdf
2026-08-14 21:31:34,194 INFO Skipped non-substantive snapshot (no date/matchup pairs): timestamp=2026-07-19T08:00:00 source_url=https://ak-static.cms.nba.com/referee/injury/Injury-Report_2026-07-19_08_00AM.pdf
2026-08-14 21:31:34,202 INFO Skipped non-substantive snapshot (no date/matchup pairs): timestamp=2026-07-19T20:00:00 source_url=https://ak-static.cms.nba.com/referee/injury/Injury-Report_2026-07-19_08_00PM.pdf
2026-08-14 21:31:34,210 INFO Skipped non-substantive snapshot (no date/matchup pairs): timestamp=2026-07-19T08:15:00 source_url=https://ak-static.cms.nba.com/referee/injury/Injury-Report_2026-07-19_08_15AM.pdf
2026-08-14 21:31:34,217 INFO Skipped non-substantive snapshot (no date/matchup pairs): timestamp=2026-07-19T20:15:00 source_url=https://ak-static.cms.nba.com/referee/injury/Injury-Report_2026-07-19_08_15PM.pdf
2026-08-14 21:31:34,225 INFO Skipped non-substantive snapshot (no date/matchup pairs): timestamp=2026-07-19T08:30:00 source_url=https://ak-static.cms.nba.com/referee/injury/Injury-Report_2026-07-19_08_30AM.pdf
2026-08-14 21:31:34,232 INFO Skipped non-substantive snapshot (no date/matchup pairs): timestamp=2026-07-19T20:30:00 source_url=https://ak-static.cms.nba.com/referee/injury/Injury-Report_2026-07-19_08_30PM.pdf
2026-08-14 21:31:34,240 INFO Skipped non-substantive snapshot (no date/matchup pairs): timestamp=2026-07-19T08:45:00 source_url=https://ak-static.cms.nba.com/referee/injury/Injury-Report_2026-07-19_08_45AM.pdf
2026-08-14 21:31:34,250 INFO Skipped non-substantive snapshot (no date/matchup pairs): timestamp=2026-07-19T20:45:00 source_url=https://ak-static.cms.nba.com/referee/injury/Injury-Report_2026-07-19_08_45PM.pdf
2026-08-14 21:31:34,257 INFO Skipped non-substantive snapshot (no date/matchup pairs): timestamp=2026-07-19T09:00:00 source_url=https://ak-static.cms.nba.com/referee/injury/Injury-Report_2026-07-19_09_00AM.pdf
2026-08-14 21:31:34,265 INFO Skipped non-substantive snapshot (no date/matchup pairs): timestamp=2026-07-19T21:00:00 source_url=https://ak-static.cms.nba.com/referee/injury/Injury-Report_2026-07-19_09_00PM.pdf
2026-08-14 21:31:34,272 INFO Skipped non-substantive snapshot (no date/matchup pairs): timestamp=2026-07-19T09:15:00 source_url=https://ak-static.cms.nba.com/referee/injury/Injury-Report_2026-07-19_09_15AM.pdf
2026-08-14 21:31:34,280 INFO Skipped non-substantive snapshot (no date/matchup pairs): timestamp=2026-07-19T21:15:00 source_url=https://ak-static.cms.nba.com/referee/injury/Injury-Report_2026-07-19_09_15PM.pdf
2026-08-14 21:31:34,288 INFO Skipped non-substantive snapshot (no date/matchup pairs): timestamp=2026-07-19T09:30:00 source_url=https://ak-static.cms.nba.com/referee/injury/Injury-Report_2026-07-19_09_30AM.pdf
2026-08-14 21:31:34,295 INFO Skipped non-substantive snapshot (no date/matchup pairs): timestamp=2026-07-19T21:30:00 source_url=https://ak-static.cms.nba.com/referee/injury/Injury-Report_2026-07-19_09_30PM.pdf
2026-08-14 21:31:34,303 INFO Skipped non-substantive snapshot (no date/matchup pairs): timestamp=2026-07-19T09:45:00 source_url=https://ak-static.cms.nba.com/referee/injury/Injury-Report_2026-07-19_09_45AM.pdf
2026-08-14 21:31:34,311 INFO Skipped non-substantive snapshot (no date/matchup pairs): timestamp=2026-07-19T21:45:00 source_url=https://ak-static.cms.nba.com/referee/injury/Injury-Report_2026-07-19_09_45PM.pdf
2026-08-14 21:31:34,318 INFO Skipped non-substantive snapshot (no date/matchup pairs): timestamp=2026-07-19T10:00:00 source_url=https://ak-static.cms.nba.com/referee/injury/Injury-Report_2026-07-19_10_00AM.pdf
2026-08-14 21:31:34,328 INFO Skipped non-substantive snapshot (no date/matchup pairs): timestamp=2026-07-19T22:00:00 source_url=https://ak-static.cms.nba.com/referee/injury/Injury-Report_2026-07-19_10_00PM.pdf
2026-08-14 21:31:34,335 INFO Skipped non-substantive snapshot (no date/matchup pairs): timestamp=2026-07-19T10:15:00 source_url=https://ak-static.cms.nba.com/referee/injury/Injury-Report_2026-07-19_10_15AM.pdf
2026-08-14 21:31:34,343 INFO Skipped non-substantive snapshot (no date/matchup pairs): timestamp=2026-07-19T22:15:00 source_url=https://ak-static.cms.nba.com/referee/injury/Injury-Report_2026-07-19_10_15PM.pdf
2026-08-14 21:31:34,351 INFO Skipped non-substantive snapshot (no date/matchup pairs): timestamp=2026-07-19T10:30:00 source_url=https://ak-static.cms.nba.com/referee/injury/Injury-Report_2026-07-19_10_30AM.pdf
2026-08-14 21:31:34,358 INFO Skipped non-substantive snapshot (no date/matchup pairs): timestamp=2026-07-19T22:30:00 source_url=https://ak-static.cms.nba.com/referee/injury/Injury-Report_2026-07-19_10_30PM.pdf
2026-08-14 21:31:34,366 INFO Skipped non-substantive snapshot (no date/matchup pairs): timestamp=2026-07-19T10:45:00 source_url=https://ak-static.cms.nba.com/referee/injury/Injury-Report_2026-07-19_10_45AM.pdf
2026-08-14 21:31:34,373 INFO Skipped non-substantive snapshot (no date/matchup pairs): timestamp=2026-07-19T22:45:00 source_url=https://ak-static.cms.nba.com/referee/injury/Injury-Report_2026-07-19_10_45PM.pdf
2026-08-14 21:31:34,381 INFO Skipped non-substantive snapshot (no date/matchup pairs): timestamp=2026-07-19T11:00:00 source_url=https://ak-static.cms.nba.com/referee/injury/Injury-Report_2026-07-19_11_00AM.pdf
2026-08-14 21:31:34,389 INFO Skipped non-substantive snapshot (no date/matchup pairs): timestamp=2026-07-19T23:00:00 source_url=https://ak-static.cms.nba.com/referee/injury/Injury-Report_2026-07-19_11_00PM.pdf
2026-08-14 21:31:34,398 INFO Skipped non-substantive snapshot (no date/matchup pairs): timestamp=2026-07-19T11:15:00 source_url=https://ak-static.cms.nba.com/referee/injury/Injury-Report_2026-07-19_11_15AM.pdf
2026-08-14 21:31:34,406 INFO Skipped non-substantive snapshot (no date/matchup pairs): timestamp=2026-07-19T23:15:00 source_url=https://ak-static.cms.nba.com/referee/injury/Injury-Report_2026-07-19_11_15PM.pdf
2026-08-14 21:31:34,443 INFO Skipped non-substantive snapshot (no date/matchup pairs): timestamp=2026-07-19T11:30:00 source_url=https://ak-static.cms.nba.com/referee/injury/Injury-Report_2026-07-19_11_30AM.pdf
2026-08-14 21:31:34,451 INFO Skipped non-substantive snapshot (no date/matchup pairs): timestamp=2026-07-19T23:30:00 source_url=https://ak-static.cms.nba.com/referee/injury/Injury-Report_2026-07-19_11_30PM.pdf
2026-08-14 21:31:34,459 INFO Skipped non-substantive snapshot (no date/matchup pairs): timestamp=2026-07-19T11:45:00 source_url=https://ak-static.cms.nba.com/referee/injury/Injury-Report_2026-07-19_11_45AM.pdf
2026-08-14 21:31:34,466 INFO Skipped non-substantive snapshot (no date/matchup pairs): timestamp=2026-07-19T23:45:00 source_url=https://ak-static.cms.nba.com/referee/injury/Injury-Report_2026-07-19_11_45PM.pdf
2026-08-14 21:31:34,474 INFO Skipped non-substantive snapshot (no date/matchup pairs): timestamp=2026-07-19T00:00:00 source_url=https://ak-static.cms.nba.com/referee/injury/Injury-Report_2026-07-19_12_00AM.pdf
2026-08-14 21:31:34,482 INFO Skipped non-substantive snapshot (no date/matchup pairs): timestamp=2026-07-19T12:00:00 source_url=https://ak-static.cms.nba.com/referee/injury/Injury-Report_2026-07-19_12_00PM.pdf
2026-08-14 21:31:34,490 INFO Skipped non-substantive snapshot (no date/matchup pairs): timestamp=2026-07-19T00:15:00 source_url=https://ak-static.cms.nba.com/referee/injury/Injury-Report_2026-07-19_12_15AM.pdf
2026-08-14 21:31:34,498 INFO Skipped non-substantive snapshot (no date/matchup pairs): timestamp=2026-07-19T12:15:00 source_url=https://ak-static.cms.nba.com/referee/injury/Injury-Report_2026-07-19_12_15PM.pdf
2026-08-14 21:31:34,506 INFO Skipped non-substantive snapshot (no date/matchup pairs): timestamp=2026-07-19T00:30:00 source_url=https://ak-static.cms.nba.com/referee/injury/Injury-Report_2026-07-19_12_30AM.pdf
2026-08-14 21:31:34,513 INFO Skipped non-substantive snapshot (no date/matchup pairs): timestamp=2026-07-19T12:30:00 source_url=https://ak-static.cms.nba.com/referee/injury/Injury-Report_2026-07-19_12_30PM.pdf
2026-08-14 21:31:34,521 INFO Skipped non-substantive snapshot (no date/matchup pairs): timestamp=2026-07-19T00:45:00 source_url=https://ak-static.cms.nba.com/referee/injury/Injury-Report_2026-07-19_12_45AM.pdf
2026-08-14 21:31:34,528 INFO Skipped non-substantive snapshot (no date/matchup pairs): timestamp=2026-07-19T12:45:00 source_url=https://ak-static.cms.nba.com/referee/injury/Injury-Report_2026-07-19_12_45PM.pdf
2026-08-14 21:31:34,528 INFO Direct NBA day 98/123: 2026-07-19, 96 discovered -> 0 selected
2026-08-14 21:33:23,364 INFO Direct NBA day 99/123: 2026-07-20, 0 discovered -> 0 selected
2026-08-14 21:35:10,272 INFO Direct NBA day 100/123: 2026-07-21, 0 discovered -> 0 selected
2026-08-14 21:36:57,587 INFO Direct NBA day 101/123: 2026-07-22, 0 discovered -> 0 selected
2026-08-14 21:38:44,844 INFO Direct NBA day 102/123: 2026-07-23, 0 discovered -> 0 selected
2026-08-14 21:40:31,670 INFO Direct NBA day 103/123: 2026-07-24, 0 discovered -> 0 selected
2026-08-14 21:42:18,059 INFO Direct NBA day 104/123: 2026-07-25, 0 discovered -> 0 selected
2026-08-14 21:44:04,358 INFO Direct NBA day 105/123: 2026-07-26, 0 discovered -> 0 selected
2026-08-14 21:45:51,795 INFO Direct NBA day 106/123: 2026-07-27, 0 discovered -> 0 selected
2026-08-14 21:47:38,389 INFO Direct NBA day 107/123: 2026-07-28, 0 discovered -> 0 selected
2026-08-14 21:49:24,995 INFO Direct NBA day 108/123: 2026-07-29, 0 discovered -> 0 selected
2026-08-14 21:51:12,303 INFO Direct NBA day 109/123: 2026-07-30, 0 discovered -> 0 selected
2026-08-14 21:52:59,166 INFO Direct NBA day 110/123: 2026-07-31, 0 discovered -> 0 selected
2026-08-14 21:54:45,984 INFO Direct NBA day 111/123: 2026-08-01, 0 discovered -> 0 selected
2026-08-14 21:56:33,658 INFO Direct NBA day 112/123: 2026-08-02, 0 discovered -> 0 selected
2026-08-14 21:58:21,282 INFO Direct NBA day 113/123: 2026-08-03, 0 discovered -> 0 selected
2026-08-14 22:00:08,227 INFO Direct NBA day 114/123: 2026-08-04, 0 discovered -> 0 selected
2026-08-14 22:01:54,278 INFO Direct NBA day 115/123: 2026-08-05, 0 discovered -> 0 selected
2026-08-14 22:03:41,152 INFO Direct NBA day 116/123: 2026-08-06, 0 discovered -> 0 selected
2026-08-14 22:05:27,817 INFO Direct NBA day 117/123: 2026-08-07, 0 discovered -> 0 selected
2026-08-14 22:07:14,428 INFO Direct NBA day 118/123: 2026-08-08, 0 discovered -> 0 selected
2026-08-14 22:09:01,341 INFO Direct NBA day 119/123: 2026-08-09, 0 discovered -> 0 selected
2026-08-14 22:10:47,449 INFO Direct NBA day 120/123: 2026-08-10, 0 discovered -> 0 selected
2026-08-14 22:12:35,173 INFO Direct NBA day 121/123: 2026-08-11, 0 discovered -> 0 selected
2026-08-14 22:14:21,594 INFO Direct NBA day 122/123: 2026-08-12, 0 discovered -> 0 selected
2026-08-14 22:16:07,724 INFO Direct NBA day 123/123: 2026-08-13, 0 discovered -> 0 selected
{"already_known": 0, "archive_urls_discovered": 58, "candidates_already_known": 6, "candidates_inserted": 52, "discovered": 0, "downloaded": 52, "entries_inserted": 517, "http_failures": 0, "invalid_pdfs": 0, "missing": 0, "parse_failures": 0, "parsed": 52}
