2026-08-16 12:25:24,908 INFO Direct NBA day 1/371: 2022-10-18, 24 discovered -> 1 selected
2026-08-16 12:25:25,156 INFO NBA backfill checkpoint processed=1/1 parsed=1 missing=0 http_failed=0 invalid_pdf=0 parse_failed=0
2026-08-16 12:25:35,003 INFO Suppressed 756 entries from older reports for games superseded by newer snapshots on 2022-10-18
2026-08-16 12:26:31,162 INFO Direct NBA day 2/371: 2022-10-19, 24 discovered -> 1 selected
2026-08-16 12:26:31,355 INFO NBA backfill checkpoint processed=1/1 parsed=1 missing=0 http_failed=0 invalid_pdf=0 parse_failed=0
2026-08-16 12:26:40,967 INFO Suppressed 788 entries from older reports for games superseded by newer snapshots on 2022-10-19
2026-08-16 12:27:35,768 INFO Direct NBA day 3/371: 2022-10-20, 24 discovered -> 1 selected
2026-08-16 12:27:35,968 INFO NBA backfill checkpoint processed=1/1 parsed=1 missing=0 http_failed=0 invalid_pdf=0 parse_failed=0
2026-08-16 12:27:40,571 INFO Suppressed 315 entries from older reports for games superseded by newer snapshots on 2022-10-20
2026-08-16 12:28:36,531 INFO Direct NBA day 4/371: 2022-10-21, 24 discovered -> 1 selected
2026-08-16 12:28:36,732 INFO NBA backfill checkpoint processed=1/1 parsed=1 missing=0 http_failed=0 invalid_pdf=0 parse_failed=0
2026-08-16 12:28:41,534 INFO Suppressed 321 entries from older reports for games superseded by newer snapshots on 2022-10-21
2026-08-16 12:29:37,059 INFO Direct NBA day 5/371: 2022-10-22, 24 discovered -> 1 selected
2026-08-16 12:29:37,267 INFO NBA backfill checkpoint processed=1/1 parsed=1 missing=0 http_failed=0 invalid_pdf=0 parse_failed=0
2026-08-16 12:29:44,749 INFO Suppressed 538 entries from older reports for games superseded by newer snapshots on 2022-10-22
2026-08-16 12:30:40,237 INFO Direct NBA day 6/371: 2022-10-23, 24 discovered -> 1 selected
2026-08-16 12:30:40,436 INFO NBA backfill checkpoint processed=1/1 parsed=1 missing=0 http_failed=0 invalid_pdf=0 parse_failed=0
2026-08-16 12:30:44,985 INFO Suppressed 330 entries from older reports for games superseded by newer snapshots on 2022-10-23
2026-08-16 12:31:40,768 INFO Direct NBA day 7/371: 2022-10-24, 24 discovered -> 1 selected
2026-08-16 12:31:40,986 INFO NBA backfill checkpoint processed=1/1 parsed=1 missing=0 http_failed=0 invalid_pdf=0 parse_failed=0
2026-08-16 12:31:49,142 INFO Suppressed 690 entries from older reports for games superseded by newer snapshots on 2022-10-24
2026-08-16 12:32:45,839 INFO Direct NBA day 8/371: 2022-10-25, 24 discovered -> 1 selected
2026-08-16 12:32:53,870 INFO Suppressed 683 entries from older reports for games superseded by newer snapshots on 2022-10-25
2026-08-16 12:33:49,716 INFO Direct NBA day 9/371: 2022-10-26, 24 discovered -> 1 selected
2026-08-16 12:33:49,952 INFO NBA backfill checkpoint processed=1/1 parsed=1 missing=0 http_failed=0 invalid_pdf=0 parse_failed=0
2026-08-16 12:33:58,631 INFO Suppressed 779 entries from older reports for games superseded by newer snapshots on 2022-10-26
2026-08-16 12:34:55,197 INFO Direct NBA day 10/371: 2022-10-27, 24 discovered -> 1 selected
2026-08-16 12:34:55,459 INFO NBA backfill checkpoint processed=1/1 parsed=1 missing=0 http_failed=0 invalid_pdf=0 parse_failed=0
2026-08-16 12:35:05,971 INFO Suppressed 907 entries from older reports for games superseded by newer snapshots on 2022-10-27
2026-08-16 12:36:03,450 INFO Direct NBA day 11/371: 2022-10-28, 24 discovered -> 1 selected
2026-08-16 12:36:15,398 INFO Suppressed 1139 entries from older reports for games superseded by newer snapshots on 2022-10-28
2026-08-16 12:37:12,239 INFO Direct NBA day 12/371: 2022-10-29, 24 discovered -> 1 selected
2026-08-16 12:37:19,089 INFO Suppressed 550 entries from older reports for games superseded by newer snapshots on 2022-10-29
2026-08-16 12:38:15,054 INFO Direct NBA day 13/371: 2022-10-30, 24 discovered -> 1 selected
2026-08-16 12:38:15,307 INFO NBA backfill checkpoint processed=1/1 parsed=1 missing=0 http_failed=0 invalid_pdf=0 parse_failed=0
2026-08-16 12:38:24,367 INFO Suppressed 813 entries from older reports for games superseded by newer snapshots on 2022-10-30
2026-08-16 12:39:19,426 INFO Direct NBA day 14/371: 2022-10-31, 24 discovered -> 1 selected
2026-08-16 12:39:19,631 INFO NBA backfill checkpoint processed=1/1 parsed=1 missing=0 http_failed=0 invalid_pdf=0 parse_failed=0
2026-08-16 12:39:28,765 INFO Suppressed 802 entries from older reports for games superseded by newer snapshots on 2022-10-31
2026-08-16 12:40:24,520 INFO Direct NBA day 15/371: 2022-11-01, 24 discovered -> 1 selected
2026-08-16 12:40:24,774 INFO NBA backfill checkpoint processed=1/1 parsed=1 missing=0 http_failed=0 invalid_pdf=0 parse_failed=0
2026-08-16 12:40:33,082 INFO Suppressed 726 entries from older reports for games superseded by newer snapshots on 2022-11-01
2026-08-16 12:41:30,463 INFO Direct NBA day 16/371: 2022-11-02, 24 discovered -> 1 selected
2026-08-16 12:41:30,712 INFO NBA backfill checkpoint processed=1/1 parsed=1 missing=0 http_failed=0 invalid_pdf=0 parse_failed=0
2026-08-16 12:41:42,809 INFO Suppressed 1192 entries from older reports for games superseded by newer snapshots on 2022-11-02
2026-08-16 12:42:38,249 INFO Direct NBA day 17/371: 2022-11-03, 24 discovered -> 1 selected
2026-08-16 12:42:38,521 INFO NBA backfill checkpoint processed=1/1 parsed=1 missing=0 http_failed=0 invalid_pdf=0 parse_failed=0
2026-08-16 12:42:46,938 INFO Suppressed 750 entries from older reports for games superseded by newer snapshots on 2022-11-03
2026-08-16 12:43:45,510 INFO Direct NBA day 18/371: 2022-11-04, 24 discovered -> 1 selected
2026-08-16 12:43:45,836 INFO NBA backfill checkpoint processed=1/1 parsed=1 missing=0 http_failed=0 invalid_pdf=0 parse_failed=0
2026-08-16 12:44:04,048 INFO Suppressed 1852 entries from older reports for games superseded by newer snapshots on 2022-11-04
2026-08-16 12:44:59,696 INFO Direct NBA day 19/371: 2022-11-05, 24 discovered -> 1 selected
2026-08-16 12:45:08,814 INFO Suppressed 837 entries from older reports for games superseded by newer snapshots on 2022-11-05
2026-08-16 12:46:05,028 INFO Direct NBA day 20/371: 2022-11-06, 24 discovered -> 1 selected
2026-08-16 12:46:05,393 INFO NBA backfill checkpoint processed=1/1 parsed=1 missing=0 http_failed=0 invalid_pdf=0 parse_failed=0
2026-08-16 12:46:15,770 INFO Suppressed 978 entries from older reports for games superseded by newer snapshots on 2022-11-06
2026-08-16 12:47:12,756 INFO Direct NBA day 21/371: 2022-11-07, 24 discovered -> 1 selected
2026-08-16 12:47:13,030 INFO NBA backfill checkpoint processed=1/1 parsed=1 missing=0 http_failed=0 invalid_pdf=0 parse_failed=0
2026-08-16 12:47:28,447 INFO Suppressed 1529 entries from older reports for games superseded by newer snapshots on 2022-11-07
2026-08-16 12:48:21,818 INFO Skipped non-substantive snapshot (no date/matchup pairs): timestamp=2022-11-08T01:30:00 source_url=https://ak-static.cms.nba.com/referee/injury/Injury-Report_2022-11-08_01AM.pdf
2026-08-16 12:48:21,848 INFO Skipped non-substantive snapshot (no date/matchup pairs): timestamp=2022-11-08T13:30:00 source_url=https://ak-static.cms.nba.com/referee/injury/Injury-Report_2022-11-08_01PM.pdf
2026-08-16 12:48:21,877 INFO Skipped non-substantive snapshot (no date/matchup pairs): timestamp=2022-11-08T02:30:00 source_url=https://ak-static.cms.nba.com/referee/injury/Injury-Report_2022-11-08_02AM.pdf
2026-08-16 12:48:21,989 INFO Skipped non-substantive snapshot (no date/matchup pairs): timestamp=2022-11-08T03:30:00 source_url=https://ak-static.cms.nba.com/referee/injury/Injury-Report_2022-11-08_03AM.pdf
2026-08-16 12:48:22,060 INFO Skipped non-substantive snapshot (no date/matchup pairs): timestamp=2022-11-08T04:30:00 source_url=https://ak-static.cms.nba.com/referee/injury/Injury-Report_2022-11-08_04AM.pdf
2026-08-16 12:48:22,142 INFO Skipped non-substantive snapshot (no date/matchup pairs): timestamp=2022-11-08T05:30:00 source_url=https://ak-static.cms.nba.com/referee/injury/Injury-Report_2022-11-08_05AM.pdf
2026-08-16 12:48:22,269 INFO Skipped non-substantive snapshot (no date/matchup pairs): timestamp=2022-11-08T06:30:00 source_url=https://ak-static.cms.nba.com/referee/injury/Injury-Report_2022-11-08_06AM.pdf
2026-08-16 12:48:22,406 INFO Skipped non-substantive snapshot (no date/matchup pairs): timestamp=2022-11-08T07:30:00 source_url=https://ak-static.cms.nba.com/referee/injury/Injury-Report_2022-11-08_07AM.pdf
2026-08-16 12:48:22,589 INFO Skipped non-substantive snapshot (no date/matchup pairs): timestamp=2022-11-08T08:30:00 source_url=https://ak-static.cms.nba.com/referee/injury/Injury-Report_2022-11-08_08AM.pdf
2026-08-16 12:48:22,742 INFO Skipped non-substantive snapshot (no date/matchup pairs): timestamp=2022-11-08T09:30:00 source_url=https://ak-static.cms.nba.com/referee/injury/Injury-Report_2022-11-08_09AM.pdf
2026-08-16 12:48:22,895 INFO Skipped non-substantive snapshot (no date/matchup pairs): timestamp=2022-11-08T10:30:00 source_url=https://ak-static.cms.nba.com/referee/injury/Injury-Report_2022-11-08_10AM.pdf
2026-08-16 12:48:23,098 INFO Skipped non-substantive snapshot (no date/matchup pairs): timestamp=2022-11-08T11:30:00 source_url=https://ak-static.cms.nba.com/referee/injury/Injury-Report_2022-11-08_11AM.pdf
2026-08-16 12:48:23,257 INFO Skipped non-substantive snapshot (no date/matchup pairs): timestamp=2022-11-08T00:30:00 source_url=https://ak-static.cms.nba.com/referee/injury/Injury-Report_2022-11-08_12AM.pdf
2026-08-16 12:48:23,285 INFO Skipped non-substantive snapshot (no date/matchup pairs): timestamp=2022-11-08T12:30:00 source_url=https://ak-static.cms.nba.com/referee/injury/Injury-Report_2022-11-08_12PM.pdf
2026-08-16 12:48:23,285 INFO Direct NBA day 22/371: 2022-11-08, 24 discovered -> 1 selected
2026-08-16 12:48:23,536 INFO NBA backfill checkpoint processed=1/1 parsed=1 missing=0 http_failed=0 invalid_pdf=0 parse_failed=0
2026-08-16 12:48:29,507 INFO Suppressed 497 entries from older reports for games superseded by newer snapshots on 2022-11-08
2026-08-16 12:49:27,072 INFO Direct NBA day 23/371: 2022-11-09, 24 discovered -> 1 selected
2026-08-16 12:49:27,392 INFO NBA backfill checkpoint processed=1/1 parsed=1 missing=0 http_failed=0 invalid_pdf=0 parse_failed=0
2026-08-16 12:49:44,492 INFO Suppressed 1730 entries from older reports for games superseded by newer snapshots on 2022-11-09
2026-08-16 12:50:39,449 INFO Direct NBA day 24/371: 2022-11-10, 24 discovered -> 1 selected
2026-08-16 12:50:39,752 INFO NBA backfill checkpoint processed=1/1 parsed=1 missing=0 http_failed=0 invalid_pdf=0 parse_failed=0
2026-08-16 12:50:48,918 INFO Suppressed 830 entries from older reports for games superseded by newer snapshots on 2022-11-10
2026-08-16 12:51:43,257 INFO Direct NBA day 25/371: 2022-11-11, 24 discovered -> 1 selected
2026-08-16 12:51:43,550 INFO NBA backfill checkpoint processed=1/1 parsed=1 missing=0 http_failed=0 invalid_pdf=0 parse_failed=0
2026-08-16 12:52:06,120 INFO Suppressed 2294 entries from older reports for games superseded by newer snapshots on 2022-11-11
2026-08-16 12:53:00,494 INFO Direct NBA day 26/371: 2022-11-12, 24 discovered -> 1 selected
2026-08-16 12:53:09,836 INFO Suppressed 875 entries from older reports for games superseded by newer snapshots on 2022-11-12
2026-08-16 12:54:05,115 INFO Direct NBA day 27/371: 2022-11-13, 24 discovered -> 1 selected
2026-08-16 12:54:05,424 INFO NBA backfill checkpoint processed=1/1 parsed=1 missing=0 http_failed=0 invalid_pdf=0 parse_failed=0
2026-08-16 12:54:15,490 INFO Suppressed 942 entries from older reports for games superseded by newer snapshots on 2022-11-13
2026-08-16 12:55:10,526 INFO Direct NBA day 28/371: 2022-11-14, 24 discovered -> 1 selected
2026-08-16 12:55:10,804 INFO NBA backfill checkpoint processed=1/1 parsed=1 missing=0 http_failed=0 invalid_pdf=0 parse_failed=0
2026-08-16 12:55:20,009 INFO Suppressed 885 entries from older reports for games superseded by newer snapshots on 2022-11-14
2026-08-16 12:56:15,669 INFO Direct NBA day 29/371: 2022-11-15, 24 discovered -> 1 selected
2026-08-16 12:56:15,984 INFO NBA backfill checkpoint processed=1/1 parsed=1 missing=0 http_failed=0 invalid_pdf=0 parse_failed=0
2026-08-16 12:56:26,692 INFO Suppressed 1017 entries from older reports for games superseded by newer snapshots on 2022-11-15
2026-08-16 12:57:23,241 INFO Direct NBA day 30/371: 2022-11-16, 24 discovered -> 1 selected
2026-08-16 12:57:23,505 INFO NBA backfill checkpoint processed=1/1 parsed=1 missing=0 http_failed=0 invalid_pdf=0 parse_failed=0
2026-08-16 12:57:37,181 INFO Suppressed 1392 entries from older reports for games superseded by newer snapshots on 2022-11-16
2026-08-16 12:58:31,827 INFO Direct NBA day 31/371: 2022-11-17, 24 discovered -> 1 selected
2026-08-16 12:58:32,112 INFO NBA backfill checkpoint processed=1/1 parsed=1 missing=0 http_failed=0 invalid_pdf=0 parse_failed=0
2026-08-16 12:58:43,755 INFO Suppressed 1114 entries from older reports for games superseded by newer snapshots on 2022-11-17
2026-08-16 12:59:41,278 INFO Direct NBA day 32/371: 2022-11-18, 24 discovered -> 1 selected
2026-08-16 12:59:41,595 INFO NBA backfill checkpoint processed=1/1 parsed=1 missing=0 http_failed=0 invalid_pdf=0 parse_failed=0
2026-08-16 13:00:00,611 INFO Suppressed 2015 entries from older reports for games superseded by newer snapshots on 2022-11-18
2026-08-16 13:00:55,791 INFO Direct NBA day 33/371: 2022-11-19, 24 discovered -> 1 selected
2026-08-16 13:00:56,049 INFO NBA backfill checkpoint processed=1/1 parsed=1 missing=0 http_failed=0 invalid_pdf=0 parse_failed=0
2026-08-16 13:01:06,642 INFO Suppressed 1036 entries from older reports for games superseded by newer snapshots on 2022-11-19
2026-08-16 13:02:02,745 INFO Direct NBA day 34/371: 2022-11-20, 24 discovered -> 1 selected
2026-08-16 13:02:03,023 INFO NBA backfill checkpoint processed=1/1 parsed=1 missing=0 http_failed=0 invalid_pdf=0 parse_failed=0
2026-08-16 13:02:16,589 INFO Suppressed 1306 entries from older reports for games superseded by newer snapshots on 2022-11-20
2026-08-16 13:03:11,901 INFO Direct NBA day 35/371: 2022-11-21, 24 discovered -> 1 selected
2026-08-16 13:03:12,155 INFO NBA backfill checkpoint processed=1/1 parsed=1 missing=0 http_failed=0 invalid_pdf=0 parse_failed=0
2026-08-16 13:03:24,214 INFO Suppressed 1221 entries from older reports for games superseded by newer snapshots on 2022-11-21
2026-08-16 13:04:20,663 INFO Direct NBA day 36/371: 2022-11-22, 24 discovered -> 1 selected
2026-08-16 13:04:32,736 INFO Suppressed 1159 entries from older reports for games superseded by newer snapshots on 2022-11-22
2026-08-16 13:05:28,678 INFO Direct NBA day 37/371: 2022-11-23, 24 discovered -> 1 selected
2026-08-16 13:05:28,934 INFO NBA backfill checkpoint processed=1/1 parsed=1 missing=0 http_failed=0 invalid_pdf=0 parse_failed=0
2026-08-16 13:05:40,984 INFO Suppressed 1232 entries from older reports for games superseded by newer snapshots on 2022-11-23
2026-08-16 13:06:33,154 INFO Skipped non-substantive snapshot (no date/matchup pairs): timestamp=2022-11-24T01:30:00 source_url=https://ak-static.cms.nba.com/referee/injury/Injury-Report_2022-11-24_01AM.pdf
2026-08-16 13:06:33,224 INFO Skipped non-substantive snapshot (no date/matchup pairs): timestamp=2022-11-24T02:30:00 source_url=https://ak-static.cms.nba.com/referee/injury/Injury-Report_2022-11-24_02AM.pdf
2026-08-16 13:06:33,298 INFO Skipped non-substantive snapshot (no date/matchup pairs): timestamp=2022-11-24T03:30:00 source_url=https://ak-static.cms.nba.com/referee/injury/Injury-Report_2022-11-24_03AM.pdf
2026-08-16 13:06:33,435 INFO Skipped non-substantive snapshot (no date/matchup pairs): timestamp=2022-11-24T04:30:00 source_url=https://ak-static.cms.nba.com/referee/injury/Injury-Report_2022-11-24_04AM.pdf
2026-08-16 13:06:33,539 INFO Skipped non-substantive snapshot (no date/matchup pairs): timestamp=2022-11-24T05:30:00 source_url=https://ak-static.cms.nba.com/referee/injury/Injury-Report_2022-11-24_05AM.pdf
2026-08-16 13:06:33,690 INFO Skipped non-substantive snapshot (no date/matchup pairs): timestamp=2022-11-24T06:30:00 source_url=https://ak-static.cms.nba.com/referee/injury/Injury-Report_2022-11-24_06AM.pdf
2026-08-16 13:06:33,909 INFO Skipped non-substantive snapshot (no date/matchup pairs): timestamp=2022-11-24T07:30:00 source_url=https://ak-static.cms.nba.com/referee/injury/Injury-Report_2022-11-24_07AM.pdf
2026-08-16 13:06:34,083 INFO Skipped non-substantive snapshot (no date/matchup pairs): timestamp=2022-11-24T08:30:00 source_url=https://ak-static.cms.nba.com/referee/injury/Injury-Report_2022-11-24_08AM.pdf
2026-08-16 13:06:34,270 INFO Skipped non-substantive snapshot (no date/matchup pairs): timestamp=2022-11-24T09:30:00 source_url=https://ak-static.cms.nba.com/referee/injury/Injury-Report_2022-11-24_09AM.pdf
2026-08-16 13:06:34,501 INFO Skipped non-substantive snapshot (no date/matchup pairs): timestamp=2022-11-24T10:30:00 source_url=https://ak-static.cms.nba.com/referee/injury/Injury-Report_2022-11-24_10AM.pdf
2026-08-16 13:06:34,689 INFO Skipped non-substantive snapshot (no date/matchup pairs): timestamp=2022-11-24T11:30:00 source_url=https://ak-static.cms.nba.com/referee/injury/Injury-Report_2022-11-24_11AM.pdf
2026-08-16 13:06:34,932 INFO Skipped non-substantive snapshot (no date/matchup pairs): timestamp=2022-11-24T00:30:00 source_url=https://ak-static.cms.nba.com/referee/injury/Injury-Report_2022-11-24_12AM.pdf
2026-08-16 13:06:34,967 INFO Skipped non-substantive snapshot (no date/matchup pairs): timestamp=2022-11-24T12:30:00 source_url=https://ak-static.cms.nba.com/referee/injury/Injury-Report_2022-11-24_12PM.pdf
2026-08-16 13:06:34,967 INFO Direct NBA day 38/371: 2022-11-24, 24 discovered -> 1 selected
2026-08-16 13:06:35,231 INFO NBA backfill checkpoint processed=1/1 parsed=1 missing=0 http_failed=0 invalid_pdf=0 parse_failed=0
2026-08-16 13:06:48,412 INFO Suppressed 1149 entries from older reports for games superseded by newer snapshots on 2022-11-24
2026-08-16 13:07:46,120 INFO Direct NBA day 39/371: 2022-11-25, 24 discovered -> 1 selected
2026-08-16 13:08:09,488 INFO Suppressed 2582 entries from older reports for games superseded by newer snapshots on 2022-11-25
2026-08-16 13:09:05,558 INFO Direct NBA day 40/371: 2022-11-26, 24 discovered -> 1 selected
2026-08-16 13:09:05,839 INFO NBA backfill checkpoint processed=1/1 parsed=1 missing=0 http_failed=0 invalid_pdf=0 parse_failed=0
2026-08-16 13:09:15,852 INFO Suppressed 939 entries from older reports for games superseded by newer snapshots on 2022-11-26
2026-08-16 13:10:11,901 INFO Direct NBA day 41/371: 2022-11-27, 24 discovered -> 1 selected
2026-08-16 13:10:12,274 INFO NBA backfill checkpoint processed=1/1 parsed=1 missing=0 http_failed=0 invalid_pdf=0 parse_failed=0
2026-08-16 13:10:26,133 INFO Suppressed 1429 entries from older reports for games superseded by newer snapshots on 2022-11-27
2026-08-16 13:11:21,495 INFO Direct NBA day 42/371: 2022-11-28, 24 discovered -> 1 selected
2026-08-16 13:11:21,761 INFO NBA backfill checkpoint processed=1/1 parsed=1 missing=0 http_failed=0 invalid_pdf=0 parse_failed=0
2026-08-16 13:11:34,491 INFO Suppressed 1276 entries from older reports for games superseded by newer snapshots on 2022-11-28
2026-08-16 13:12:29,954 INFO Direct NBA day 43/371: 2022-11-29, 24 discovered -> 1 selected
2026-08-16 13:12:30,256 INFO NBA backfill checkpoint processed=1/1 parsed=1 missing=0 http_failed=0 invalid_pdf=0 parse_failed=0
2026-08-16 13:12:40,455 INFO Suppressed 953 entries from older reports for games superseded by newer snapshots on 2022-11-29
2026-08-16 13:13:37,687 INFO Direct NBA day 44/371: 2022-11-30, 24 discovered -> 1 selected
2026-08-16 13:13:37,976 INFO NBA backfill checkpoint processed=1/1 parsed=1 missing=0 http_failed=0 invalid_pdf=0 parse_failed=0
2026-08-16 13:13:54,222 INFO Suppressed 1762 entries from older reports for games superseded by newer snapshots on 2022-11-30
2026-08-16 13:14:47,528 INFO Direct NBA day 45/371: 2022-12-01, 24 discovered -> 1 selected
2026-08-16 13:14:58,607 INFO Suppressed 1264 entries from older reports for games superseded by newer snapshots on 2022-12-01
2026-08-16 13:15:56,132 INFO Direct NBA day 46/371: 2022-12-02, 24 discovered -> 1 selected
2026-08-16 13:15:56,450 INFO NBA backfill checkpoint processed=1/1 parsed=1 missing=0 http_failed=0 invalid_pdf=0 parse_failed=0
2026-08-16 13:16:10,622 INFO Suppressed 1503 entries from older reports for games superseded by newer snapshots on 2022-12-02
2026-08-16 13:17:05,434 INFO Direct NBA day 47/371: 2022-12-03, 24 discovered -> 1 selected
2026-08-16 13:17:16,638 INFO Suppressed 1074 entries from older reports for games superseded by newer snapshots on 2022-12-03
2026-08-16 13:18:12,820 INFO Direct NBA day 48/371: 2022-12-04, 24 discovered -> 1 selected
2026-08-16 13:18:13,118 INFO NBA backfill checkpoint processed=1/1 parsed=1 missing=0 http_failed=0 invalid_pdf=0 parse_failed=0
2026-08-16 13:18:26,030 INFO Suppressed 1320 entries from older reports for games superseded by newer snapshots on 2022-12-04
2026-08-16 13:19:21,434 INFO Direct NBA day 49/371: 2022-12-05, 24 discovered -> 1 selected
2026-08-16 13:19:21,679 INFO NBA backfill checkpoint processed=1/1 parsed=1 missing=0 http_failed=0 invalid_pdf=0 parse_failed=0
2026-08-16 13:19:33,112 INFO Suppressed 1172 entries from older reports for games superseded by newer snapshots on 2022-12-05
2026-08-16 13:20:27,035 INFO Direct NBA day 50/371: 2022-12-06, 24 discovered -> 1 selected
2026-08-16 13:20:27,309 INFO NBA backfill checkpoint processed=1/1 parsed=1 missing=0 http_failed=0 invalid_pdf=0 parse_failed=0
2026-08-16 13:20:37,032 INFO Suppressed 930 entries from older reports for games superseded by newer snapshots on 2022-12-06
2026-08-16 13:21:31,832 INFO Direct NBA day 51/371: 2022-12-07, 24 discovered -> 1 selected
2026-08-16 13:21:32,134 INFO NBA backfill checkpoint processed=1/1 parsed=1 missing=0 http_failed=0 invalid_pdf=0 parse_failed=0
2026-08-16 13:21:55,535 INFO Suppressed 2559 entries from older reports for games superseded by newer snapshots on 2022-12-07
2026-08-16 13:22:50,599 INFO Direct NBA day 52/371: 2022-12-08, 24 discovered -> 1 selected
2026-08-16 13:22:50,945 INFO NBA backfill checkpoint processed=1/1 parsed=1 missing=0 http_failed=0 invalid_pdf=0 parse_failed=0
2026-08-16 13:23:01,302 INFO Suppressed 1071 entries from older reports for games superseded by newer snapshots on 2022-12-08
2026-08-16 13:23:57,294 INFO Direct NBA day 53/371: 2022-12-09, 24 discovered -> 1 selected
2026-08-16 13:23:57,638 INFO NBA backfill checkpoint processed=1/1 parsed=1 missing=0 http_failed=0 invalid_pdf=0 parse_failed=0
2026-08-16 13:24:15,873 INFO Suppressed 1960 entries from older reports for games superseded by newer snapshots on 2022-12-09
2026-08-16 13:25:11,914 INFO Direct NBA day 54/371: 2022-12-10, 24 discovered -> 1 selected
2026-08-16 13:25:20,660 INFO Suppressed 872 entries from older reports for games superseded by newer snapshots on 2022-12-10
2026-08-16 13:26:16,220 INFO Direct NBA day 55/371: 2022-12-11, 24 discovered -> 1 selected
2026-08-16 13:26:16,478 INFO NBA backfill checkpoint processed=1/1 parsed=1 missing=0 http_failed=0 invalid_pdf=0 parse_failed=0
2026-08-16 13:26:24,909 INFO Suppressed 850 entries from older reports for games superseded by newer snapshots on 2022-12-11
2026-08-16 13:27:19,950 INFO Direct NBA day 56/371: 2022-12-12, 24 discovered -> 1 selected
2026-08-16 13:27:31,300 INFO Suppressed 1183 entries from older reports for games superseded by newer snapshots on 2022-12-12
2026-08-16 13:28:25,596 INFO Direct NBA day 57/371: 2022-12-13, 24 discovered -> 1 selected
2026-08-16 13:28:25,879 INFO NBA backfill checkpoint processed=1/1 parsed=1 missing=0 http_failed=0 invalid_pdf=0 parse_failed=0
2026-08-16 13:28:35,330 INFO Suppressed 902 entries from older reports for games superseded by newer snapshots on 2022-12-13
2026-08-16 13:29:30,689 INFO Direct NBA day 58/371: 2022-12-14, 24 discovered -> 1 selected
2026-08-16 13:29:30,955 INFO NBA backfill checkpoint processed=1/1 parsed=1 missing=0 http_failed=0 invalid_pdf=0 parse_failed=0
2026-08-16 13:29:44,278 INFO Suppressed 1421 entries from older reports for games superseded by newer snapshots on 2022-12-14
2026-08-16 13:30:38,941 INFO Direct NBA day 59/371: 2022-12-15, 24 discovered -> 1 selected
2026-08-16 13:30:39,228 INFO NBA backfill checkpoint processed=1/1 parsed=1 missing=0 http_failed=0 invalid_pdf=0 parse_failed=0
2026-08-16 13:30:47,215 INFO Suppressed 780 entries from older reports for games superseded by newer snapshots on 2022-12-15
2026-08-16 13:31:43,393 INFO Direct NBA day 60/371: 2022-12-16, 24 discovered -> 1 selected
2026-08-16 13:31:58,475 INFO Suppressed 1617 entries from older reports for games superseded by newer snapshots on 2022-12-16
2026-08-16 13:32:54,145 INFO Direct NBA day 61/371: 2022-12-17, 24 discovered -> 1 selected
2026-08-16 13:32:54,466 INFO NBA backfill checkpoint processed=1/1 parsed=1 missing=0 http_failed=0 invalid_pdf=0 parse_failed=0
2026-08-16 13:33:04,464 INFO Suppressed 1017 entries from older reports for games superseded by newer snapshots on 2022-12-17
2026-08-16 13:34:00,281 INFO Direct NBA day 62/371: 2022-12-18, 24 discovered -> 1 selected
2026-08-16 13:34:00,579 INFO NBA backfill checkpoint processed=1/1 parsed=1 missing=0 http_failed=0 invalid_pdf=0 parse_failed=0
2026-08-16 13:34:10,599 INFO Suppressed 1025 entries from older reports for games superseded by newer snapshots on 2022-12-18
2026-08-16 13:35:05,536 INFO Direct NBA day 63/371: 2022-12-19, 24 discovered -> 1 selected
2026-08-16 13:35:05,861 INFO NBA backfill checkpoint processed=1/1 parsed=1 missing=0 http_failed=0 invalid_pdf=0 parse_failed=0
2026-08-16 13:35:17,119 INFO Suppressed 1187 entries from older reports for games superseded by newer snapshots on 2022-12-19
2026-08-16 13:36:11,994 INFO Direct NBA day 64/371: 2022-12-20, 24 discovered -> 1 selected
2026-08-16 13:36:12,342 INFO NBA backfill checkpoint processed=1/1 parsed=1 missing=0 http_failed=0 invalid_pdf=0 parse_failed=0
2026-08-16 13:36:24,630 INFO Suppressed 1257 entries from older reports for games superseded by newer snapshots on 2022-12-20
2026-08-16 13:37:21,382 INFO Direct NBA day 65/371: 2022-12-21, 24 discovered -> 1 selected
2026-08-16 13:37:21,709 INFO NBA backfill checkpoint processed=1/1 parsed=1 missing=0 http_failed=0 invalid_pdf=0 parse_failed=0
2026-08-16 13:37:36,290 INFO Suppressed 1628 entries from older reports for games superseded by newer snapshots on 2022-12-21
2026-08-16 13:38:29,096 INFO Direct NBA day 66/371: 2022-12-22, 22 discovered -> 1 selected
2026-08-16 13:38:29,391 INFO NBA backfill checkpoint processed=1/1 parsed=1 missing=0 http_failed=0 invalid_pdf=0 parse_failed=0
2026-08-16 13:38:36,613 INFO Suppressed 669 entries from older reports for games superseded by newer snapshots on 2022-12-22
2026-08-16 13:39:32,421 INFO Direct NBA day 67/371: 2022-12-23, 24 discovered -> 1 selected
2026-08-16 13:39:32,676 INFO NBA backfill checkpoint processed=1/1 parsed=1 missing=0 http_failed=0 invalid_pdf=0 parse_failed=0
2026-08-16 13:39:48,252 INFO Suppressed 1690 entries from older reports for games superseded by newer snapshots on 2022-12-23
2026-08-16 13:40:41,218 INFO Skipped non-substantive snapshot (no date/matchup pairs): timestamp=2022-12-24T01:30:00 source_url=https://ak-static.cms.nba.com/referee/injury/Injury-Report_2022-12-24_01AM.pdf
2026-08-16 13:40:41,249 INFO Skipped non-substantive snapshot (no date/matchup pairs): timestamp=2022-12-24T02:30:00 source_url=https://ak-static.cms.nba.com/referee/injury/Injury-Report_2022-12-24_02AM.pdf
2026-08-16 13:40:41,281 INFO Skipped non-substantive snapshot (no date/matchup pairs): timestamp=2022-12-24T03:30:00 source_url=https://ak-static.cms.nba.com/referee/injury/Injury-Report_2022-12-24_03AM.pdf
2026-08-16 13:40:41,322 INFO Skipped non-substantive snapshot (no date/matchup pairs): timestamp=2022-12-24T04:30:00 source_url=https://ak-static.cms.nba.com/referee/injury/Injury-Report_2022-12-24_04AM.pdf
2026-08-16 13:40:41,364 INFO Skipped non-substantive snapshot (no date/matchup pairs): timestamp=2022-12-24T05:30:00 source_url=https://ak-static.cms.nba.com/referee/injury/Injury-Report_2022-12-24_05AM.pdf
2026-08-16 13:40:41,412 INFO Skipped non-substantive snapshot (no date/matchup pairs): timestamp=2022-12-24T06:30:00 source_url=https://ak-static.cms.nba.com/referee/injury/Injury-Report_2022-12-24_06AM.pdf
2026-08-16 13:40:41,465 INFO Skipped non-substantive snapshot (no date/matchup pairs): timestamp=2022-12-24T07:30:00 source_url=https://ak-static.cms.nba.com/referee/injury/Injury-Report_2022-12-24_07AM.pdf
2026-08-16 13:40:41,522 INFO Skipped non-substantive snapshot (no date/matchup pairs): timestamp=2022-12-24T08:30:00 source_url=https://ak-static.cms.nba.com/referee/injury/Injury-Report_2022-12-24_08AM.pdf
2026-08-16 13:40:41,579 INFO Skipped non-substantive snapshot (no date/matchup pairs): timestamp=2022-12-24T09:30:00 source_url=https://ak-static.cms.nba.com/referee/injury/Injury-Report_2022-12-24_09AM.pdf
2026-08-16 13:40:41,635 INFO Skipped non-substantive snapshot (no date/matchup pairs): timestamp=2022-12-24T10:30:00 source_url=https://ak-static.cms.nba.com/referee/injury/Injury-Report_2022-12-24_10AM.pdf
2026-08-16 13:40:41,795 INFO Skipped non-substantive snapshot (no date/matchup pairs): timestamp=2022-12-24T00:30:00 source_url=https://ak-static.cms.nba.com/referee/injury/Injury-Report_2022-12-24_12AM.pdf
2026-08-16 13:40:41,811 INFO Direct NBA day 68/371: 2022-12-24, 24 discovered -> 1 selected
2026-08-16 13:40:42,300 INFO NBA backfill checkpoint processed=1/1 parsed=1 missing=0 http_failed=0 invalid_pdf=0 parse_failed=0
2026-08-16 13:40:44,473 INFO Suppressed 119 entries from older reports for games superseded by newer snapshots on 2022-12-24
2026-08-16 13:41:38,626 INFO Direct NBA day 69/371: 2022-12-25, 24 discovered -> 1 selected
2026-08-16 13:41:39,050 INFO NBA backfill checkpoint processed=1/1 parsed=1 missing=0 http_failed=0 invalid_pdf=0 parse_failed=0
2026-08-16 13:41:48,504 INFO Suppressed 883 entries from older reports for games superseded by newer snapshots on 2022-12-25
2026-08-16 13:42:43,750 INFO Direct NBA day 70/371: 2022-12-26, 24 discovered -> 1 selected
2026-08-16 13:42:44,021 INFO NBA backfill checkpoint processed=1/1 parsed=1 missing=0 http_failed=0 invalid_pdf=0 parse_failed=0
2026-08-16 13:42:54,088 INFO Suppressed 1013 entries from older reports for games superseded by newer snapshots on 2022-12-26
2026-08-16 13:43:50,392 INFO Direct NBA day 71/371: 2022-12-27, 24 discovered -> 1 selected
2026-08-16 13:44:01,867 INFO Suppressed 1159 entries from older reports for games superseded by newer snapshots on 2022-12-27
2026-08-16 13:44:57,408 INFO Direct NBA day 72/371: 2022-12-28, 24 discovered -> 1 selected
2026-08-16 13:44:57,719 INFO NBA backfill checkpoint processed=1/1 parsed=1 missing=0 http_failed=0 invalid_pdf=0 parse_failed=0
2026-08-16 13:45:07,368 INFO Suppressed 983 entries from older reports for games superseded by newer snapshots on 2022-12-28
2026-08-16 13:46:02,739 INFO Direct NBA day 73/371: 2022-12-29, 24 discovered -> 1 selected
2026-08-16 13:46:03,046 INFO NBA backfill checkpoint processed=1/1 parsed=1 missing=0 http_failed=0 invalid_pdf=0 parse_failed=0
2026-08-16 13:46:14,114 INFO Suppressed 1151 entries from older reports for games superseded by newer snapshots on 2022-12-29
2026-08-16 13:47:10,008 INFO Direct NBA day 74/371: 2022-12-30, 24 discovered -> 1 selected
2026-08-16 13:47:10,329 INFO NBA backfill checkpoint processed=1/1 parsed=1 missing=0 http_failed=0 invalid_pdf=0 parse_failed=0
2026-08-16 13:47:27,554 INFO Suppressed 1907 entries from older reports for games superseded by newer snapshots on 2022-12-30
2026-08-16 13:48:22,812 INFO Direct NBA day 75/371: 2022-12-31, 24 discovered -> 1 selected
2026-08-16 13:48:23,051 INFO NBA backfill checkpoint processed=1/1 parsed=1 missing=0 http_failed=0 invalid_pdf=0 parse_failed=0
2026-08-16 13:48:33,794 INFO Suppressed 1130 entries from older reports for games superseded by newer snapshots on 2022-12-31
2026-08-16 13:49:28,474 INFO Direct NBA day 76/371: 2023-01-01, 24 discovered -> 1 selected
2026-08-16 13:49:28,799 INFO NBA backfill checkpoint processed=1/1 parsed=1 missing=0 http_failed=0 invalid_pdf=0 parse_failed=0
2026-08-16 13:49:37,134 INFO Suppressed 820 entries from older reports for games superseded by newer snapshots on 2023-01-01
2026-08-16 13:50:34,380 INFO Direct NBA day 77/371: 2023-01-02, 24 discovered -> 1 selected
2026-08-16 13:50:34,646 INFO NBA backfill checkpoint processed=1/1 parsed=1 missing=0 http_failed=0 invalid_pdf=0 parse_failed=0
2026-08-16 13:50:47,576 INFO Suppressed 1413 entries from older reports for games superseded by newer snapshots on 2023-01-02
2026-08-16 13:51:42,790 INFO Direct NBA day 78/371: 2023-01-03, 24 discovered -> 1 selected
2026-08-16 13:51:43,059 INFO NBA backfill checkpoint processed=1/1 parsed=1 missing=0 http_failed=0 invalid_pdf=0 parse_failed=0
2026-08-16 13:51:52,407 INFO Suppressed 934 entries from older reports for games superseded by newer snapshots on 2023-01-03
2026-08-16 13:52:49,386 INFO Direct NBA day 79/371: 2023-01-04, 24 discovered -> 1 selected
2026-08-16 13:52:49,671 INFO NBA backfill checkpoint processed=1/1 parsed=1 missing=0 http_failed=0 invalid_pdf=0 parse_failed=0
2026-08-16 13:53:03,503 INFO Suppressed 1541 entries from older reports for games superseded by newer snapshots on 2023-01-04
2026-08-16 13:53:59,239 INFO Direct NBA day 80/371: 2023-01-05, 24 discovered -> 1 selected
2026-08-16 13:53:59,530 INFO NBA backfill checkpoint processed=1/1 parsed=1 missing=0 http_failed=0 invalid_pdf=0 parse_failed=0
2026-08-16 13:54:07,825 INFO Suppressed 815 entries from older reports for games superseded by newer snapshots on 2023-01-05
2026-08-16 13:55:03,624 INFO Direct NBA day 81/371: 2023-01-06, 24 discovered -> 1 selected
2026-08-16 13:55:03,918 INFO NBA backfill checkpoint processed=1/1 parsed=1 missing=0 http_failed=0 invalid_pdf=0 parse_failed=0
2026-08-16 13:55:19,273 INFO Suppressed 1605 entries from older reports for games superseded by newer snapshots on 2023-01-06
2026-08-16 13:56:13,600 INFO Direct NBA day 82/371: 2023-01-07, 24 discovered -> 1 selected
2026-08-16 13:56:23,000 INFO Suppressed 957 entries from older reports for games superseded by newer snapshots on 2023-01-07
2026-08-16 13:57:18,928 INFO Direct NBA day 83/371: 2023-01-08, 24 discovered -> 1 selected
2026-08-16 13:57:19,213 INFO NBA backfill checkpoint processed=1/1 parsed=1 missing=0 http_failed=0 invalid_pdf=0 parse_failed=0
2026-08-16 13:57:31,471 INFO Suppressed 1313 entries from older reports for games superseded by newer snapshots on 2023-01-08
2026-08-16 13:58:26,004 INFO Direct NBA day 84/371: 2023-01-09, 24 discovered -> 1 selected
2026-08-16 13:58:26,265 INFO NBA backfill checkpoint processed=1/1 parsed=1 missing=0 http_failed=0 invalid_pdf=0 parse_failed=0
2026-08-16 13:58:35,643 INFO Suppressed 958 entries from older reports for games superseded by newer snapshots on 2023-01-09
2026-08-16 13:59:32,012 INFO Direct NBA day 85/371: 2023-01-10, 24 discovered -> 1 selected
2026-08-16 13:59:32,353 INFO NBA backfill checkpoint processed=1/1 parsed=1 missing=0 http_failed=0 invalid_pdf=0 parse_failed=0
2026-08-16 13:59:44,095 INFO Suppressed 1259 entries from older reports for games superseded by newer snapshots on 2023-01-10
2026-08-16 14:00:39,854 INFO Direct NBA day 86/371: 2023-01-11, 24 discovered -> 1 selected
2026-08-16 14:00:40,141 INFO NBA backfill checkpoint processed=1/1 parsed=1 missing=0 http_failed=0 invalid_pdf=0 parse_failed=0
2026-08-16 14:00:50,854 INFO Suppressed 1075 entries from older reports for games superseded by newer snapshots on 2023-01-11
2026-08-16 14:01:46,166 INFO Direct NBA day 87/371: 2023-01-12, 24 discovered -> 1 selected
2026-08-16 14:01:46,460 INFO NBA backfill checkpoint processed=1/1 parsed=1 missing=0 http_failed=0 invalid_pdf=0 parse_failed=0
2026-08-16 14:01:56,792 INFO Suppressed 1049 entries from older reports for games superseded by newer snapshots on 2023-01-12
2026-08-16 14:02:51,924 INFO Direct NBA day 88/371: 2023-01-13, 24 discovered -> 1 selected
2026-08-16 14:02:52,215 INFO NBA backfill checkpoint processed=1/1 parsed=1 missing=0 http_failed=0 invalid_pdf=0 parse_failed=0
2026-08-16 14:03:09,500 INFO Suppressed 1701 entries from older reports for games superseded by newer snapshots on 2023-01-13
2026-08-16 14:04:03,419 INFO Direct NBA day 89/371: 2023-01-14, 24 discovered -> 1 selected
2026-08-16 14:04:13,706 INFO Suppressed 1038 entries from older reports for games superseded by newer snapshots on 2023-01-14
2026-08-16 14:05:09,144 INFO Direct NBA day 90/371: 2023-01-15, 24 discovered -> 1 selected
2026-08-16 14:05:09,465 INFO NBA backfill checkpoint processed=1/1 parsed=1 missing=0 http_failed=0 invalid_pdf=0 parse_failed=0
2026-08-16 14:05:24,463 INFO Suppressed 1455 entries from older reports for games superseded by newer snapshots on 2023-01-15
2026-08-16 14:06:20,449 INFO Direct NBA day 91/371: 2023-01-16, 24 discovered -> 1 selected
2026-08-16 14:06:20,693 INFO NBA backfill checkpoint processed=1/1 parsed=1 missing=0 http_failed=0 invalid_pdf=0 parse_failed=0
2026-08-16 14:06:31,495 INFO Suppressed 1119 entries from older reports for games superseded by newer snapshots on 2023-01-16
2026-08-16 14:07:25,808 INFO Direct NBA day 92/371: 2023-01-17, 24 discovered -> 1 selected
2026-08-16 14:07:26,056 INFO NBA backfill checkpoint processed=1/1 parsed=1 missing=0 http_failed=0 invalid_pdf=0 parse_failed=0
2026-08-16 14:07:35,013 INFO Suppressed 843 entries from older reports for games superseded by newer snapshots on 2023-01-17
2026-08-16 14:08:30,373 INFO Direct NBA day 93/371: 2023-01-18, 24 discovered -> 1 selected
2026-08-16 14:08:30,636 INFO NBA backfill checkpoint processed=1/1 parsed=1 missing=0 http_failed=0 invalid_pdf=0 parse_failed=0
2026-08-16 14:08:44,016 INFO Suppressed 1406 entries from older reports for games superseded by newer snapshots on 2023-01-18
2026-08-16 14:09:39,048 INFO Direct NBA day 94/371: 2023-01-19, 24 discovered -> 1 selected
2026-08-16 14:09:39,382 INFO NBA backfill checkpoint processed=1/1 parsed=1 missing=0 http_failed=0 invalid_pdf=0 parse_failed=0
2026-08-16 14:09:47,597 INFO Suppressed 737 entries from older reports for games superseded by newer snapshots on 2023-01-19
2026-08-16 14:10:42,630 INFO Direct NBA day 95/371: 2023-01-20, 24 discovered -> 1 selected
2026-08-16 14:10:57,917 INFO Suppressed 1381 entries from older reports for games superseded by newer snapshots on 2023-01-20
2026-08-16 14:11:52,376 INFO Direct NBA day 96/371: 2023-01-21, 24 discovered -> 1 selected
2026-08-16 14:11:52,650 INFO NBA backfill checkpoint processed=1/1 parsed=1 missing=0 http_failed=0 invalid_pdf=0 parse_failed=0
2026-08-16 14:12:03,133 INFO Suppressed 1018 entries from older reports for games superseded by newer snapshots on 2023-01-21
2026-08-16 14:12:59,877 INFO Direct NBA day 97/371: 2023-01-22, 24 discovered -> 1 selected
2026-08-16 14:13:00,126 INFO NBA backfill checkpoint processed=1/1 parsed=1 missing=0 http_failed=0 invalid_pdf=0 parse_failed=0
2026-08-16 14:13:11,251 INFO Suppressed 1099 entries from older reports for games superseded by newer snapshots on 2023-01-22
2026-08-16 14:14:05,772 INFO Direct NBA day 98/371: 2023-01-23, 24 discovered -> 1 selected
2026-08-16 14:14:06,118 INFO NBA backfill checkpoint processed=1/1 parsed=1 missing=0 http_failed=0 invalid_pdf=0 parse_failed=0
2026-08-16 14:14:16,479 INFO Suppressed 893 entries from older reports for games superseded by newer snapshots on 2023-01-23
2026-08-16 14:15:11,051 INFO Direct NBA day 99/371: 2023-01-24, 24 discovered -> 1 selected
2026-08-16 14:15:11,321 INFO NBA backfill checkpoint processed=1/1 parsed=1 missing=0 http_failed=0 invalid_pdf=0 parse_failed=0
2026-08-16 14:15:23,017 INFO Suppressed 1145 entries from older reports for games superseded by newer snapshots on 2023-01-24
2026-08-16 14:16:15,492 INFO Direct NBA day 100/371: 2023-01-25, 24 discovered -> 1 selected
2026-08-16 14:16:15,834 INFO NBA backfill checkpoint processed=1/1 parsed=1 missing=0 http_failed=0 invalid_pdf=0 parse_failed=0
2026-08-16 14:16:35,787 INFO Suppressed 1987 entries from older reports for games superseded by newer snapshots on 2023-01-25
2026-08-16 14:17:31,457 INFO Direct NBA day 101/371: 2023-01-26, 24 discovered -> 1 selected
2026-08-16 14:17:31,687 INFO NBA backfill checkpoint processed=1/1 parsed=1 missing=0 http_failed=0 invalid_pdf=0 parse_failed=0
2026-08-16 14:17:38,374 INFO Suppressed 655 entries from older reports for games superseded by newer snapshots on 2023-01-26
2026-08-16 14:18:33,285 INFO Direct NBA day 102/371: 2023-01-27, 24 discovered -> 1 selected
2026-08-16 14:18:33,578 INFO NBA backfill checkpoint processed=1/1 parsed=1 missing=0 http_failed=0 invalid_pdf=0 parse_failed=0
2026-08-16 14:18:46,408 INFO Suppressed 1347 entries from older reports for games superseded by newer snapshots on 2023-01-27
2026-08-16 14:19:40,754 INFO Direct NBA day 103/371: 2023-01-28, 24 discovered -> 1 selected
2026-08-16 14:19:41,019 INFO NBA backfill checkpoint processed=1/1 parsed=1 missing=0 http_failed=0 invalid_pdf=0 parse_failed=0
2026-08-16 14:19:54,341 INFO Suppressed 1344 entries from older reports for games superseded by newer snapshots on 2023-01-28
2026-08-16 14:20:47,777 INFO Direct NBA day 104/371: 2023-01-29, 24 discovered -> 1 selected
2026-08-16 14:20:48,026 INFO NBA backfill checkpoint processed=1/1 parsed=1 missing=0 http_failed=0 invalid_pdf=0 parse_failed=0
2026-08-16 14:20:57,714 INFO Suppressed 870 entries from older reports for games superseded by newer snapshots on 2023-01-29
2026-08-16 14:21:51,741 INFO Direct NBA day 105/371: 2023-01-30, 24 discovered -> 1 selected
2026-08-16 14:21:52,036 INFO NBA backfill checkpoint processed=1/1 parsed=1 missing=0 http_failed=0 invalid_pdf=0 parse_failed=0
2026-08-16 14:22:00,214 INFO Suppressed 829 entries from older reports for games superseded by newer snapshots on 2023-01-30
2026-08-16 14:22:55,126 INFO Direct NBA day 106/371: 2023-01-31, 24 discovered -> 1 selected
2026-08-16 14:22:55,443 INFO NBA backfill checkpoint processed=1/1 parsed=1 missing=0 http_failed=0 invalid_pdf=0 parse_failed=0
2026-08-16 14:23:03,244 INFO Suppressed 784 entries from older reports for games superseded by newer snapshots on 2023-01-31
2026-08-16 14:23:59,766 INFO Direct NBA day 107/371: 2023-02-01, 24 discovered -> 2 selected
2026-08-16 14:24:01,127 INFO NBA backfill checkpoint processed=2/2 parsed=2 missing=0 http_failed=0 invalid_pdf=0 parse_failed=0
2026-08-16 14:24:11,765 INFO Suppressed 1045 entries from older reports for games superseded by newer snapshots on 2023-02-01
2026-08-16 14:25:04,939 INFO Direct NBA day 108/371: 2023-02-02, 24 discovered -> 1 selected
2026-08-16 14:25:05,208 INFO NBA backfill checkpoint processed=1/1 parsed=1 missing=0 http_failed=0 invalid_pdf=0 parse_failed=0
2026-08-16 14:25:17,932 INFO Suppressed 1285 entries from older reports for games superseded by newer snapshots on 2023-02-02
2026-08-16 14:26:14,666 INFO Direct NBA day 109/371: 2023-02-03, 24 discovered -> 1 selected
2026-08-16 14:26:14,951 INFO NBA backfill checkpoint processed=1/1 parsed=1 missing=0 http_failed=0 invalid_pdf=0 parse_failed=0
2026-08-16 14:26:27,012 INFO Suppressed 1203 entries from older reports for games superseded by newer snapshots on 2023-02-03
2026-08-16 14:27:20,952 INFO Direct NBA day 110/371: 2023-02-04, 24 discovered -> 1 selected
2026-08-16 14:27:33,245 INFO Suppressed 1211 entries from older reports for games superseded by newer snapshots on 2023-02-04
2026-08-16 14:28:28,312 INFO Direct NBA day 111/371: 2023-02-05, 24 discovered -> 1 selected
2026-08-16 14:28:28,574 INFO NBA backfill checkpoint processed=1/1 parsed=1 missing=0 http_failed=0 invalid_pdf=0 parse_failed=0
2026-08-16 14:28:40,957 INFO Suppressed 1177 entries from older reports for games superseded by newer snapshots on 2023-02-05
2026-08-16 14:29:35,121 INFO Direct NBA day 112/371: 2023-02-06, 24 discovered -> 1 selected
2026-08-16 14:29:35,387 INFO NBA backfill checkpoint processed=1/1 parsed=1 missing=0 http_failed=0 invalid_pdf=0 parse_failed=0
2026-08-16 14:29:48,847 INFO Suppressed 1337 entries from older reports for games superseded by newer snapshots on 2023-02-06
2026-08-16 14:30:42,848 INFO Direct NBA day 113/371: 2023-02-07, 24 discovered -> 1 selected
2026-08-16 14:30:43,119 INFO NBA backfill checkpoint processed=1/1 parsed=1 missing=0 http_failed=0 invalid_pdf=0 parse_failed=0
2026-08-16 14:30:53,240 INFO Suppressed 1024 entries from older reports for games superseded by newer snapshots on 2023-02-07
2026-08-16 14:31:49,275 INFO Direct NBA day 114/371: 2023-02-08, 24 discovered -> 1 selected
2026-08-16 14:31:49,770 INFO NBA backfill checkpoint processed=1/1 parsed=1 missing=0 http_failed=0 invalid_pdf=0 parse_failed=0
2026-08-16 14:32:03,010 INFO Suppressed 1369 entries from older reports for games superseded by newer snapshots on 2023-02-08
2026-08-16 14:32:59,541 INFO Direct NBA day 115/371: 2023-02-09, 24 discovered -> 1 selected
2026-08-16 14:32:59,823 INFO NBA backfill checkpoint processed=1/1 parsed=1 missing=0 http_failed=0 invalid_pdf=0 parse_failed=0
2026-08-16 14:33:10,137 INFO Suppressed 976 entries from older reports for games superseded by newer snapshots on 2023-02-09
2026-08-16 14:34:06,813 INFO Direct NBA day 116/371: 2023-02-10, 24 discovered -> 1 selected
2026-08-16 14:34:07,133 INFO NBA backfill checkpoint processed=1/1 parsed=1 missing=0 http_failed=0 invalid_pdf=0 parse_failed=0
2026-08-16 14:34:26,927 INFO Suppressed 2052 entries from older reports for games superseded by newer snapshots on 2023-02-10
2026-08-16 14:35:21,646 INFO Direct NBA day 117/371: 2023-02-11, 24 discovered -> 1 selected
2026-08-16 14:35:21,886 INFO NBA backfill checkpoint processed=1/1 parsed=1 missing=0 http_failed=0 invalid_pdf=0 parse_failed=0
2026-08-16 14:35:31,047 INFO Suppressed 906 entries from older reports for games superseded by newer snapshots on 2023-02-11
2026-08-16 14:36:24,824 INFO Direct NBA day 118/371: 2023-02-12, 24 discovered -> 1 selected
2026-08-16 14:36:32,081 INFO Suppressed 686 entries from older reports for games superseded by newer snapshots on 2023-02-12
2026-08-16 14:37:28,195 INFO Direct NBA day 119/371: 2023-02-13, 24 discovered -> 1 selected
2026-08-16 14:37:28,464 INFO NBA backfill checkpoint processed=1/1 parsed=1 missing=0 http_failed=0 invalid_pdf=0 parse_failed=0
2026-08-16 14:37:42,503 INFO Suppressed 1493 entries from older reports for games superseded by newer snapshots on 2023-02-13
2026-08-16 14:38:36,186 INFO Direct NBA day 120/371: 2023-02-14, 24 discovered -> 1 selected
2026-08-16 14:38:36,521 INFO NBA backfill checkpoint processed=1/1 parsed=1 missing=0 http_failed=0 invalid_pdf=0 parse_failed=0
2026-08-16 14:38:47,365 INFO Suppressed 933 entries from older reports for games superseded by newer snapshots on 2023-02-14
2026-08-16 14:39:42,917 INFO Direct NBA day 121/371: 2023-02-15, 24 discovered -> 1 selected
2026-08-16 14:39:43,162 INFO NBA backfill checkpoint processed=1/1 parsed=1 missing=0 http_failed=0 invalid_pdf=0 parse_failed=0
2026-08-16 14:39:53,111 INFO Suppressed 1015 entries from older reports for games superseded by newer snapshots on 2023-02-15
2026-08-16 14:40:46,646 INFO Direct NBA day 122/371: 2023-02-16, 24 discovered -> 1 selected
2026-08-16 14:40:47,132 INFO NBA backfill checkpoint processed=1/1 parsed=1 missing=0 http_failed=0 invalid_pdf=0 parse_failed=0
2026-08-16 14:40:49,070 INFO Suppressed 109 entries from older reports for games superseded by newer snapshots on 2023-02-16
2026-08-16 14:41:15,177 INFO Direct NBA day 123/371: 2023-02-17, 0 discovered -> 0 selected
2026-08-16 14:42:10,118 INFO Skipped non-substantive snapshot (no date/matchup pairs): timestamp=2023-02-18T01:30:00 source_url=https://ak-static.cms.nba.com/referee/injury/Injury-Report_2023-02-18_01AM.pdf
2026-08-16 14:42:10,130 INFO Skipped non-substantive snapshot (no date/matchup pairs): timestamp=2023-02-18T13:30:00 source_url=https://ak-static.cms.nba.com/referee/injury/Injury-Report_2023-02-18_01PM.pdf
2026-08-16 14:42:10,139 INFO Skipped non-substantive snapshot (no date/matchup pairs): timestamp=2023-02-18T02:30:00 source_url=https://ak-static.cms.nba.com/referee/injury/Injury-Report_2023-02-18_02AM.pdf
2026-08-16 14:42:10,148 INFO Skipped non-substantive snapshot (no date/matchup pairs): timestamp=2023-02-18T14:30:00 source_url=https://ak-static.cms.nba.com/referee/injury/Injury-Report_2023-02-18_02PM.pdf
2026-08-16 14:42:10,155 INFO Skipped non-substantive snapshot (no date/matchup pairs): timestamp=2023-02-18T03:30:00 source_url=https://ak-static.cms.nba.com/referee/injury/Injury-Report_2023-02-18_03AM.pdf
2026-08-16 14:42:10,161 INFO Skipped non-substantive snapshot (no date/matchup pairs): timestamp=2023-02-18T15:30:00 source_url=https://ak-static.cms.nba.com/referee/injury/Injury-Report_2023-02-18_03PM.pdf
2026-08-16 14:42:10,168 INFO Skipped non-substantive snapshot (no date/matchup pairs): timestamp=2023-02-18T04:30:00 source_url=https://ak-static.cms.nba.com/referee/injury/Injury-Report_2023-02-18_04AM.pdf
2026-08-16 14:42:10,173 INFO Skipped non-substantive snapshot (no date/matchup pairs): timestamp=2023-02-18T16:30:00 source_url=https://ak-static.cms.nba.com/referee/injury/Injury-Report_2023-02-18_04PM.pdf
2026-08-16 14:42:10,179 INFO Skipped non-substantive snapshot (no date/matchup pairs): timestamp=2023-02-18T05:30:00 source_url=https://ak-static.cms.nba.com/referee/injury/Injury-Report_2023-02-18_05AM.pdf
2026-08-16 14:42:10,186 INFO Skipped non-substantive snapshot (no date/matchup pairs): timestamp=2023-02-18T17:30:00 source_url=https://ak-static.cms.nba.com/referee/injury/Injury-Report_2023-02-18_05PM.pdf
2026-08-16 14:42:10,191 INFO Skipped non-substantive snapshot (no date/matchup pairs): timestamp=2023-02-18T06:30:00 source_url=https://ak-static.cms.nba.com/referee/injury/Injury-Report_2023-02-18_06AM.pdf
2026-08-16 14:42:10,196 INFO Skipped non-substantive snapshot (no date/matchup pairs): timestamp=2023-02-18T18:30:00 source_url=https://ak-static.cms.nba.com/referee/injury/Injury-Report_2023-02-18_06PM.pdf
2026-08-16 14:42:10,202 INFO Skipped non-substantive snapshot (no date/matchup pairs): timestamp=2023-02-18T07:30:00 source_url=https://ak-static.cms.nba.com/referee/injury/Injury-Report_2023-02-18_07AM.pdf
2026-08-16 14:42:10,207 INFO Skipped non-substantive snapshot (no date/matchup pairs): timestamp=2023-02-18T19:30:00 source_url=https://ak-static.cms.nba.com/referee/injury/Injury-Report_2023-02-18_07PM.pdf
2026-08-16 14:42:10,213 INFO Skipped non-substantive snapshot (no date/matchup pairs): timestamp=2023-02-18T08:30:00 source_url=https://ak-static.cms.nba.com/referee/injury/Injury-Report_2023-02-18_08AM.pdf
2026-08-16 14:42:10,218 INFO Skipped non-substantive snapshot (no date/matchup pairs): timestamp=2023-02-18T20:30:00 source_url=https://ak-static.cms.nba.com/referee/injury/Injury-Report_2023-02-18_08PM.pdf
2026-08-16 14:42:10,223 INFO Skipped non-substantive snapshot (no date/matchup pairs): timestamp=2023-02-18T09:30:00 source_url=https://ak-static.cms.nba.com/referee/injury/Injury-Report_2023-02-18_09AM.pdf
2026-08-16 14:42:10,229 INFO Skipped non-substantive snapshot (no date/matchup pairs): timestamp=2023-02-18T21:30:00 source_url=https://ak-static.cms.nba.com/referee/injury/Injury-Report_2023-02-18_09PM.pdf
2026-08-16 14:42:10,234 INFO Skipped non-substantive snapshot (no date/matchup pairs): timestamp=2023-02-18T10:30:00 source_url=https://ak-static.cms.nba.com/referee/injury/Injury-Report_2023-02-18_10AM.pdf
2026-08-16 14:42:10,240 INFO Skipped non-substantive snapshot (no date/matchup pairs): timestamp=2023-02-18T22:30:00 source_url=https://ak-static.cms.nba.com/referee/injury/Injury-Report_2023-02-18_10PM.pdf
2026-08-16 14:42:10,245 INFO Skipped non-substantive snapshot (no date/matchup pairs): timestamp=2023-02-18T11:30:00 source_url=https://ak-static.cms.nba.com/referee/injury/Injury-Report_2023-02-18_11AM.pdf
2026-08-16 14:42:10,250 INFO Skipped non-substantive snapshot (no date/matchup pairs): timestamp=2023-02-18T23:30:00 source_url=https://ak-static.cms.nba.com/referee/injury/Injury-Report_2023-02-18_11PM.pdf
2026-08-16 14:42:10,256 INFO Skipped non-substantive snapshot (no date/matchup pairs): timestamp=2023-02-18T00:30:00 source_url=https://ak-static.cms.nba.com/referee/injury/Injury-Report_2023-02-18_12AM.pdf
2026-08-16 14:42:10,261 INFO Skipped non-substantive snapshot (no date/matchup pairs): timestamp=2023-02-18T12:30:00 source_url=https://ak-static.cms.nba.com/referee/injury/Injury-Report_2023-02-18_12PM.pdf
2026-08-16 14:42:10,261 INFO Direct NBA day 124/371: 2023-02-18, 24 discovered -> 0 selected
2026-08-16 14:43:04,598 INFO Skipped non-substantive snapshot (no date/matchup pairs): timestamp=2023-02-19T01:30:00 source_url=https://ak-static.cms.nba.com/referee/injury/Injury-Report_2023-02-19_01AM.pdf
2026-08-16 14:43:04,609 INFO Skipped non-substantive snapshot (no date/matchup pairs): timestamp=2023-02-19T13:30:00 source_url=https://ak-static.cms.nba.com/referee/injury/Injury-Report_2023-02-19_01PM.pdf
2026-08-16 14:43:04,618 INFO Skipped non-substantive snapshot (no date/matchup pairs): timestamp=2023-02-19T02:30:00 source_url=https://ak-static.cms.nba.com/referee/injury/Injury-Report_2023-02-19_02AM.pdf
2026-08-16 14:43:04,626 INFO Skipped non-substantive snapshot (no date/matchup pairs): timestamp=2023-02-19T14:30:00 source_url=https://ak-static.cms.nba.com/referee/injury/Injury-Report_2023-02-19_02PM.pdf
2026-08-16 14:43:04,633 INFO Skipped non-substantive snapshot (no date/matchup pairs): timestamp=2023-02-19T03:30:00 source_url=https://ak-static.cms.nba.com/referee/injury/Injury-Report_2023-02-19_03AM.pdf
2026-08-16 14:43:04,639 INFO Skipped non-substantive snapshot (no date/matchup pairs): timestamp=2023-02-19T15:30:00 source_url=https://ak-static.cms.nba.com/referee/injury/Injury-Report_2023-02-19_03PM.pdf
2026-08-16 14:43:04,645 INFO Skipped non-substantive snapshot (no date/matchup pairs): timestamp=2023-02-19T04:30:00 source_url=https://ak-static.cms.nba.com/referee/injury/Injury-Report_2023-02-19_04AM.pdf
2026-08-16 14:43:04,651 INFO Skipped non-substantive snapshot (no date/matchup pairs): timestamp=2023-02-19T16:30:00 source_url=https://ak-static.cms.nba.com/referee/injury/Injury-Report_2023-02-19_04PM.pdf
2026-08-16 14:43:04,657 INFO Skipped non-substantive snapshot (no date/matchup pairs): timestamp=2023-02-19T05:30:00 source_url=https://ak-static.cms.nba.com/referee/injury/Injury-Report_2023-02-19_05AM.pdf
2026-08-16 14:43:04,664 INFO Skipped non-substantive snapshot (no date/matchup pairs): timestamp=2023-02-19T17:30:00 source_url=https://ak-static.cms.nba.com/referee/injury/Injury-Report_2023-02-19_05PM.pdf
2026-08-16 14:43:04,670 INFO Skipped non-substantive snapshot (no date/matchup pairs): timestamp=2023-02-19T06:30:00 source_url=https://ak-static.cms.nba.com/referee/injury/Injury-Report_2023-02-19_06AM.pdf
2026-08-16 14:43:04,675 INFO Skipped non-substantive snapshot (no date/matchup pairs): timestamp=2023-02-19T18:30:00 source_url=https://ak-static.cms.nba.com/referee/injury/Injury-Report_2023-02-19_06PM.pdf
2026-08-16 14:43:04,681 INFO Skipped non-substantive snapshot (no date/matchup pairs): timestamp=2023-02-19T07:30:00 source_url=https://ak-static.cms.nba.com/referee/injury/Injury-Report_2023-02-19_07AM.pdf
2026-08-16 14:43:04,687 INFO Skipped non-substantive snapshot (no date/matchup pairs): timestamp=2023-02-19T19:30:00 source_url=https://ak-static.cms.nba.com/referee/injury/Injury-Report_2023-02-19_07PM.pdf
2026-08-16 14:43:04,692 INFO Skipped non-substantive snapshot (no date/matchup pairs): timestamp=2023-02-19T08:30:00 source_url=https://ak-static.cms.nba.com/referee/injury/Injury-Report_2023-02-19_08AM.pdf
2026-08-16 14:43:04,698 INFO Skipped non-substantive snapshot (no date/matchup pairs): timestamp=2023-02-19T20:30:00 source_url=https://ak-static.cms.nba.com/referee/injury/Injury-Report_2023-02-19_08PM.pdf
2026-08-16 14:43:04,703 INFO Skipped non-substantive snapshot (no date/matchup pairs): timestamp=2023-02-19T09:30:00 source_url=https://ak-static.cms.nba.com/referee/injury/Injury-Report_2023-02-19_09AM.pdf
2026-08-16 14:43:04,709 INFO Skipped non-substantive snapshot (no date/matchup pairs): timestamp=2023-02-19T21:30:00 source_url=https://ak-static.cms.nba.com/referee/injury/Injury-Report_2023-02-19_09PM.pdf
2026-08-16 14:43:04,715 INFO Skipped non-substantive snapshot (no date/matchup pairs): timestamp=2023-02-19T10:30:00 source_url=https://ak-static.cms.nba.com/referee/injury/Injury-Report_2023-02-19_10AM.pdf
2026-08-16 14:43:04,720 INFO Skipped non-substantive snapshot (no date/matchup pairs): timestamp=2023-02-19T22:30:00 source_url=https://ak-static.cms.nba.com/referee/injury/Injury-Report_2023-02-19_10PM.pdf
2026-08-16 14:43:04,726 INFO Skipped non-substantive snapshot (no date/matchup pairs): timestamp=2023-02-19T11:30:00 source_url=https://ak-static.cms.nba.com/referee/injury/Injury-Report_2023-02-19_11AM.pdf
2026-08-16 14:43:04,732 INFO Skipped non-substantive snapshot (no date/matchup pairs): timestamp=2023-02-19T23:30:00 source_url=https://ak-static.cms.nba.com/referee/injury/Injury-Report_2023-02-19_11PM.pdf
2026-08-16 14:43:04,737 INFO Skipped non-substantive snapshot (no date/matchup pairs): timestamp=2023-02-19T00:30:00 source_url=https://ak-static.cms.nba.com/referee/injury/Injury-Report_2023-02-19_12AM.pdf
2026-08-16 14:43:04,743 INFO Skipped non-substantive snapshot (no date/matchup pairs): timestamp=2023-02-19T12:30:00 source_url=https://ak-static.cms.nba.com/referee/injury/Injury-Report_2023-02-19_12PM.pdf
2026-08-16 14:43:04,743 INFO Direct NBA day 125/371: 2023-02-19, 24 discovered -> 0 selected
2026-08-16 14:43:31,225 INFO Direct NBA day 126/371: 2023-02-20, 0 discovered -> 0 selected
2026-08-16 14:43:57,215 INFO Direct NBA day 127/371: 2023-02-21, 0 discovered -> 0 selected
2026-08-16 14:44:50,147 INFO Skipped non-substantive snapshot (no date/matchup pairs): timestamp=2023-02-22T01:30:00 source_url=https://ak-static.cms.nba.com/referee/injury/Injury-Report_2023-02-22_01AM.pdf
2026-08-16 14:44:50,168 INFO Skipped non-substantive snapshot (no date/matchup pairs): timestamp=2023-02-22T13:30:00 source_url=https://ak-static.cms.nba.com/referee/injury/Injury-Report_2023-02-22_01PM.pdf
2026-08-16 14:44:50,189 INFO Skipped non-substantive snapshot (no date/matchup pairs): timestamp=2023-02-22T02:30:00 source_url=https://ak-static.cms.nba.com/referee/injury/Injury-Report_2023-02-22_02AM.pdf
2026-08-16 14:44:50,211 INFO Skipped non-substantive snapshot (no date/matchup pairs): timestamp=2023-02-22T14:30:00 source_url=https://ak-static.cms.nba.com/referee/injury/Injury-Report_2023-02-22_02PM.pdf
2026-08-16 14:44:50,232 INFO Skipped non-substantive snapshot (no date/matchup pairs): timestamp=2023-02-22T03:30:00 source_url=https://ak-static.cms.nba.com/referee/injury/Injury-Report_2023-02-22_03AM.pdf
2026-08-16 14:44:50,288 INFO Skipped non-substantive snapshot (no date/matchup pairs): timestamp=2023-02-22T04:30:00 source_url=https://ak-static.cms.nba.com/referee/injury/Injury-Report_2023-02-22_04AM.pdf
2026-08-16 14:44:50,344 INFO Skipped non-substantive snapshot (no date/matchup pairs): timestamp=2023-02-22T05:30:00 source_url=https://ak-static.cms.nba.com/referee/injury/Injury-Report_2023-02-22_05AM.pdf
2026-08-16 14:44:50,419 INFO Skipped non-substantive snapshot (no date/matchup pairs): timestamp=2023-02-22T06:30:00 source_url=https://ak-static.cms.nba.com/referee/injury/Injury-Report_2023-02-22_06AM.pdf
2026-08-16 14:44:50,552 INFO Skipped non-substantive snapshot (no date/matchup pairs): timestamp=2023-02-22T07:30:00 source_url=https://ak-static.cms.nba.com/referee/injury/Injury-Report_2023-02-22_07AM.pdf
2026-08-16 14:44:50,641 INFO Skipped non-substantive snapshot (no date/matchup pairs): timestamp=2023-02-22T08:30:00 source_url=https://ak-static.cms.nba.com/referee/injury/Injury-Report_2023-02-22_08AM.pdf
2026-08-16 14:44:50,739 INFO Skipped non-substantive snapshot (no date/matchup pairs): timestamp=2023-02-22T09:30:00 source_url=https://ak-static.cms.nba.com/referee/injury/Injury-Report_2023-02-22_09AM.pdf
2026-08-16 14:44:50,839 INFO Skipped non-substantive snapshot (no date/matchup pairs): timestamp=2023-02-22T10:30:00 source_url=https://ak-static.cms.nba.com/referee/injury/Injury-Report_2023-02-22_10AM.pdf
2026-08-16 14:44:50,944 INFO Skipped non-substantive snapshot (no date/matchup pairs): timestamp=2023-02-22T11:30:00 source_url=https://ak-static.cms.nba.com/referee/injury/Injury-Report_2023-02-22_11AM.pdf
2026-08-16 14:44:51,105 INFO Skipped non-substantive snapshot (no date/matchup pairs): timestamp=2023-02-22T00:30:00 source_url=https://ak-static.cms.nba.com/referee/injury/Injury-Report_2023-02-22_12AM.pdf
2026-08-16 14:44:51,128 INFO Skipped non-substantive snapshot (no date/matchup pairs): timestamp=2023-02-22T12:30:00 source_url=https://ak-static.cms.nba.com/referee/injury/Injury-Report_2023-02-22_12PM.pdf
2026-08-16 14:44:51,128 INFO Direct NBA day 128/371: 2023-02-22, 24 discovered -> 1 selected
2026-08-16 14:44:51,321 INFO NBA backfill checkpoint processed=1/1 parsed=1 missing=0 http_failed=0 invalid_pdf=0 parse_failed=0
2026-08-16 14:44:54,753 INFO Suppressed 252 entries from older reports for games superseded by newer snapshots on 2023-02-22
2026-08-16 14:45:49,905 INFO Direct NBA day 129/371: 2023-02-23, 24 discovered -> 1 selected
2026-08-16 14:45:50,179 INFO NBA backfill checkpoint processed=1/1 parsed=1 missing=0 http_failed=0 invalid_pdf=0 parse_failed=0
2026-08-16 14:46:01,968 INFO Suppressed 1115 entries from older reports for games superseded by newer snapshots on 2023-02-23
2026-08-16 14:46:56,085 INFO Direct NBA day 130/371: 2023-02-24, 24 discovered -> 1 selected
2026-08-16 14:47:05,282 INFO Suppressed 828 entries from older reports for games superseded by newer snapshots on 2023-02-24
2026-08-16 14:47:59,861 INFO Direct NBA day 131/371: 2023-02-25, 24 discovered -> 1 selected
2026-08-16 14:48:00,181 INFO NBA backfill checkpoint processed=1/1 parsed=1 missing=0 http_failed=0 invalid_pdf=0 parse_failed=0
2026-08-16 14:48:07,947 INFO Suppressed 712 entries from older reports for games superseded by newer snapshots on 2023-02-25
2026-08-16 14:49:01,596 INFO Direct NBA day 132/371: 2023-02-26, 24 discovered -> 1 selected
2026-08-16 14:49:01,889 INFO NBA backfill checkpoint processed=1/1 parsed=1 missing=0 http_failed=0 invalid_pdf=0 parse_failed=0
2026-08-16 14:49:12,745 INFO Suppressed 1073 entries from older reports for games superseded by newer snapshots on 2023-02-26
2026-08-16 14:50:07,616 INFO Direct NBA day 133/371: 2023-02-27, 24 discovered -> 1 selected
2026-08-16 14:50:07,865 INFO NBA backfill checkpoint processed=1/1 parsed=1 missing=0 http_failed=0 invalid_pdf=0 parse_failed=0
2026-08-16 14:50:16,890 INFO Suppressed 844 entries from older reports for games superseded by newer snapshots on 2023-02-27
2026-08-16 14:51:13,583 INFO Direct NBA day 134/371: 2023-02-28, 24 discovered -> 1 selected
2026-08-16 14:51:13,865 INFO NBA backfill checkpoint processed=1/1 parsed=1 missing=0 http_failed=0 invalid_pdf=0 parse_failed=0
2026-08-16 14:51:24,588 INFO Suppressed 1055 entries from older reports for games superseded by newer snapshots on 2023-02-28
2026-08-16 14:52:19,652 INFO Direct NBA day 135/371: 2023-03-01, 24 discovered -> 1 selected
2026-08-16 14:52:19,908 INFO NBA backfill checkpoint processed=1/1 parsed=1 missing=0 http_failed=0 invalid_pdf=0 parse_failed=0
2026-08-16 14:52:32,030 INFO Suppressed 1147 entries from older reports for games superseded by newer snapshots on 2023-03-01
2026-08-16 14:53:26,107 INFO Direct NBA day 136/371: 2023-03-02, 24 discovered -> 1 selected
2026-08-16 14:53:26,366 INFO NBA backfill checkpoint processed=1/1 parsed=1 missing=0 http_failed=0 invalid_pdf=0 parse_failed=0
2026-08-16 14:53:34,257 INFO Suppressed 717 entries from older reports for games superseded by newer snapshots on 2023-03-02
2026-08-16 14:54:29,068 INFO Direct NBA day 137/371: 2023-03-03, 24 discovered -> 1 selected
2026-08-16 14:54:29,352 INFO NBA backfill checkpoint processed=1/1 parsed=1 missing=0 http_failed=0 invalid_pdf=0 parse_failed=0
2026-08-16 14:54:39,442 INFO Suppressed 1042 entries from older reports for games superseded by newer snapshots on 2023-03-03
2026-08-16 14:55:33,122 INFO Direct NBA day 138/371: 2023-03-04, 24 discovered -> 1 selected
2026-08-16 14:55:33,394 INFO NBA backfill checkpoint processed=1/1 parsed=1 missing=0 http_failed=0 invalid_pdf=0 parse_failed=0
2026-08-16 14:55:43,344 INFO Suppressed 973 entries from older reports for games superseded by newer snapshots on 2023-03-04
2026-08-16 14:56:37,861 INFO Direct NBA day 139/371: 2023-03-05, 24 discovered -> 1 selected
2026-08-16 14:56:38,211 INFO NBA backfill checkpoint processed=1/1 parsed=1 missing=0 http_failed=0 invalid_pdf=0 parse_failed=0
2026-08-16 14:56:53,671 INFO Suppressed 1567 entries from older reports for games superseded by newer snapshots on 2023-03-05
2026-08-16 14:57:52,095 INFO Direct NBA day 140/371: 2023-03-06, 24 discovered -> 1 selected
2026-08-16 14:57:52,359 INFO NBA backfill checkpoint processed=1/1 parsed=1 missing=0 http_failed=0 invalid_pdf=0 parse_failed=0
2026-08-16 14:58:01,548 INFO Suppressed 893 entries from older reports for games superseded by newer snapshots on 2023-03-06
2026-08-16 14:58:57,518 INFO Direct NBA day 141/371: 2023-03-07, 24 discovered -> 1 selected
2026-08-16 14:58:57,792 INFO NBA backfill checkpoint processed=1/1 parsed=1 missing=0 http_failed=0 invalid_pdf=0 parse_failed=0
2026-08-16 14:59:06,370 INFO Suppressed 809 entries from older reports for games superseded by newer snapshots on 2023-03-07
2026-08-16 15:00:02,018 INFO Direct NBA day 142/371: 2023-03-08, 24 discovered -> 1 selected
2026-08-16 15:00:02,277 INFO NBA backfill checkpoint processed=1/1 parsed=1 missing=0 http_failed=0 invalid_pdf=0 parse_failed=0
2026-08-16 15:00:13,964 INFO Suppressed 1181 entries from older reports for games superseded by newer snapshots on 2023-03-08
2026-08-16 15:01:15,658 INFO Direct NBA day 143/371: 2023-03-09, 24 discovered -> 1 selected
2026-08-16 15:01:15,891 INFO NBA backfill checkpoint processed=1/1 parsed=1 missing=0 http_failed=0 invalid_pdf=0 parse_failed=0
2026-08-16 15:01:24,153 INFO Suppressed 794 entries from older reports for games superseded by newer snapshots on 2023-03-09
2026-08-16 15:02:34,042 INFO Direct NBA day 144/371: 2023-03-10, 24 discovered -> 1 selected
2026-08-16 15:02:34,385 INFO NBA backfill checkpoint processed=1/1 parsed=1 missing=0 http_failed=0 invalid_pdf=0 parse_failed=0
2026-08-16 15:02:46,071 INFO Suppressed 1104 entries from older reports for games superseded by newer snapshots on 2023-03-10
2026-08-16 15:03:39,959 INFO Direct NBA day 145/371: 2023-03-11, 24 discovered -> 1 selected
2026-08-16 15:03:40,238 INFO NBA backfill checkpoint processed=1/1 parsed=1 missing=0 http_failed=0 invalid_pdf=0 parse_failed=0
2026-08-16 15:03:57,966 INFO Suppressed 1795 entries from older reports for games superseded by newer snapshots on 2023-03-11
2026-08-16 15:04:50,049 INFO Direct NBA day 146/371: 2023-03-12, 23 discovered -> 1 selected
2026-08-16 15:04:50,282 INFO NBA backfill checkpoint processed=1/1 parsed=1 missing=0 http_failed=0 invalid_pdf=0 parse_failed=0
2026-08-16 15:04:57,722 INFO Suppressed 690 entries from older reports for games superseded by newer snapshots on 2023-03-12
2026-08-16 15:05:51,734 INFO Direct NBA day 147/371: 2023-03-13, 24 discovered -> 1 selected
2026-08-16 15:05:52,067 INFO NBA backfill checkpoint processed=1/1 parsed=1 missing=0 http_failed=0 invalid_pdf=0 parse_failed=0
2026-08-16 15:06:01,160 INFO Suppressed 881 entries from older reports for games superseded by newer snapshots on 2023-03-13
2026-08-16 15:06:55,138 INFO Direct NBA day 148/371: 2023-03-14, 24 discovered -> 1 selected
2026-08-16 15:06:55,413 INFO NBA backfill checkpoint processed=1/1 parsed=1 missing=0 http_failed=0 invalid_pdf=0 parse_failed=0
2026-08-16 15:07:06,205 INFO Suppressed 1084 entries from older reports for games superseded by newer snapshots on 2023-03-14
2026-08-16 15:08:00,038 INFO Direct NBA day 149/371: 2023-03-15, 24 discovered -> 1 selected
2026-08-16 15:08:00,336 INFO NBA backfill checkpoint processed=1/1 parsed=1 missing=0 http_failed=0 invalid_pdf=0 parse_failed=0
2026-08-16 15:08:09,694 INFO Suppressed 976 entries from older reports for games superseded by newer snapshots on 2023-03-15
2026-08-16 15:09:03,194 INFO Direct NBA day 150/371: 2023-03-16, 24 discovered -> 1 selected
2026-08-16 15:09:03,451 INFO NBA backfill checkpoint processed=1/1 parsed=1 missing=0 http_failed=0 invalid_pdf=0 parse_failed=0
2026-08-16 15:09:11,883 INFO Suppressed 789 entries from older reports for games superseded by newer snapshots on 2023-03-16
2026-08-16 15:10:06,803 INFO Direct NBA day 151/371: 2023-03-17, 24 discovered -> 1 selected
2026-08-16 15:10:07,071 INFO NBA backfill checkpoint processed=1/1 parsed=1 missing=0 http_failed=0 invalid_pdf=0 parse_failed=0
2026-08-16 15:10:18,655 INFO Suppressed 1180 entries from older reports for games superseded by newer snapshots on 2023-03-17
2026-08-16 15:11:12,685 INFO Direct NBA day 152/371: 2023-03-18, 24 discovered -> 1 selected
2026-08-16 15:11:23,021 INFO Suppressed 946 entries from older reports for games superseded by newer snapshots on 2023-03-18
2026-08-16 15:12:17,521 INFO Direct NBA day 153/371: 2023-03-19, 24 discovered -> 1 selected
2026-08-16 15:12:17,844 INFO NBA backfill checkpoint processed=1/1 parsed=1 missing=0 http_failed=0 invalid_pdf=0 parse_failed=0
2026-08-16 15:12:35,208 INFO Suppressed 1746 entries from older reports for games superseded by newer snapshots on 2023-03-19
2026-08-16 15:13:29,273 INFO Direct NBA day 154/371: 2023-03-20, 24 discovered -> 1 selected
2026-08-16 15:13:29,507 INFO NBA backfill checkpoint processed=1/1 parsed=1 missing=0 http_failed=0 invalid_pdf=0 parse_failed=0
2026-08-16 15:13:39,489 INFO Suppressed 1031 entries from older reports for games superseded by newer snapshots on 2023-03-20
2026-08-16 15:14:34,322 INFO Direct NBA day 155/371: 2023-03-21, 24 discovered -> 1 selected
2026-08-16 15:14:43,278 INFO Suppressed 916 entries from older reports for games superseded by newer snapshots on 2023-03-21
2026-08-16 15:15:37,934 INFO Direct NBA day 156/371: 2023-03-22, 24 discovered -> 1 selected
2026-08-16 15:15:38,200 INFO NBA backfill checkpoint processed=1/1 parsed=1 missing=0 http_failed=0 invalid_pdf=0 parse_failed=0
2026-08-16 15:15:48,563 INFO Suppressed 1115 entries from older reports for games superseded by newer snapshots on 2023-03-22
2026-08-16 15:16:42,973 INFO Direct NBA day 157/371: 2023-03-23, 24 discovered -> 1 selected
2026-08-16 15:16:51,576 INFO Suppressed 868 entries from older reports for games superseded by newer snapshots on 2023-03-23
2026-08-16 15:17:45,545 INFO Direct NBA day 158/371: 2023-03-24, 24 discovered -> 1 selected
2026-08-16 15:18:03,829 INFO Suppressed 2001 entries from older reports for games superseded by newer snapshots on 2023-03-24
2026-08-16 15:18:57,997 INFO Direct NBA day 159/371: 2023-03-25, 24 discovered -> 1 selected
2026-08-16 15:18:58,332 INFO NBA backfill checkpoint processed=1/1 parsed=1 missing=0 http_failed=0 invalid_pdf=0 parse_failed=0
2026-08-16 15:19:11,063 INFO Suppressed 1260 entries from older reports for games superseded by newer snapshots on 2023-03-25
2026-08-16 15:20:06,227 INFO Direct NBA day 160/371: 2023-03-26, 24 discovered -> 1 selected
2026-08-16 15:20:06,512 INFO NBA backfill checkpoint processed=1/1 parsed=1 missing=0 http_failed=0 invalid_pdf=0 parse_failed=0
2026-08-16 15:20:24,086 INFO Suppressed 1925 entries from older reports for games superseded by newer snapshots on 2023-03-26
2026-08-16 15:21:19,103 INFO Direct NBA day 161/371: 2023-03-27, 24 discovered -> 1 selected
2026-08-16 15:21:19,367 INFO NBA backfill checkpoint processed=1/1 parsed=1 missing=0 http_failed=0 invalid_pdf=0 parse_failed=0
2026-08-16 15:21:31,512 INFO Suppressed 1259 entries from older reports for games superseded by newer snapshots on 2023-03-27
2026-08-16 15:22:27,090 INFO Direct NBA day 162/371: 2023-03-28, 24 discovered -> 1 selected
2026-08-16 15:22:40,255 INFO Suppressed 1382 entries from older reports for games superseded by newer snapshots on 2023-03-28
2026-08-16 15:23:36,591 INFO Direct NBA day 163/371: 2023-03-29, 24 discovered -> 1 selected
2026-08-16 15:23:36,857 INFO NBA backfill checkpoint processed=1/1 parsed=1 missing=0 http_failed=0 invalid_pdf=0 parse_failed=0
2026-08-16 15:23:48,340 INFO Suppressed 1284 entries from older reports for games superseded by newer snapshots on 2023-03-29
2026-08-16 15:24:44,349 INFO Direct NBA day 164/371: 2023-03-30, 24 discovered -> 1 selected
2026-08-16 15:24:52,656 INFO Suppressed 817 entries from older reports for games superseded by newer snapshots on 2023-03-30
2026-08-16 15:25:50,906 INFO Direct NBA day 165/371: 2023-03-31, 24 discovered -> 1 selected
2026-08-16 15:25:51,203 INFO NBA backfill checkpoint processed=1/1 parsed=1 missing=0 http_failed=0 invalid_pdf=0 parse_failed=0
2026-08-16 15:26:03,615 INFO Suppressed 1433 entries from older reports for games superseded by newer snapshots on 2023-03-31
2026-08-16 15:26:57,380 INFO Direct NBA day 166/371: 2023-04-01, 24 discovered -> 1 selected
2026-08-16 15:26:57,645 INFO NBA backfill checkpoint processed=1/1 parsed=1 missing=0 http_failed=0 invalid_pdf=0 parse_failed=0
2026-08-16 15:27:05,901 INFO Suppressed 788 entries from older reports for games superseded by newer snapshots on 2023-04-01
2026-08-16 15:28:01,905 INFO Direct NBA day 167/371: 2023-04-02, 24 discovered -> 1 selected
2026-08-16 15:28:02,127 INFO NBA backfill checkpoint processed=1/1 parsed=1 missing=0 http_failed=0 invalid_pdf=0 parse_failed=0
2026-08-16 15:28:14,816 INFO Suppressed 1442 entries from older reports for games superseded by newer snapshots on 2023-04-02
2026-08-16 15:29:09,292 INFO Skipped non-substantive snapshot (no date/matchup pairs): timestamp=2023-04-03T01:30:00 source_url=https://ak-static.cms.nba.com/referee/injury/Injury-Report_2023-04-03_01AM.pdf
2026-08-16 15:29:09,323 INFO Skipped non-substantive snapshot (no date/matchup pairs): timestamp=2023-04-03T13:30:00 source_url=https://ak-static.cms.nba.com/referee/injury/Injury-Report_2023-04-03_01PM.pdf
2026-08-16 15:29:09,352 INFO Skipped non-substantive snapshot (no date/matchup pairs): timestamp=2023-04-03T02:30:00 source_url=https://ak-static.cms.nba.com/referee/injury/Injury-Report_2023-04-03_02AM.pdf
2026-08-16 15:29:09,414 INFO Skipped non-substantive snapshot (no date/matchup pairs): timestamp=2023-04-03T03:30:00 source_url=https://ak-static.cms.nba.com/referee/injury/Injury-Report_2023-04-03_03AM.pdf
2026-08-16 15:29:09,539 INFO Skipped non-substantive snapshot (no date/matchup pairs): timestamp=2023-04-03T04:30:00 source_url=https://ak-static.cms.nba.com/referee/injury/Injury-Report_2023-04-03_04AM.pdf
2026-08-16 15:29:09,623 INFO Skipped non-substantive snapshot (no date/matchup pairs): timestamp=2023-04-03T05:30:00 source_url=https://ak-static.cms.nba.com/referee/injury/Injury-Report_2023-04-03_05AM.pdf
2026-08-16 15:29:09,734 INFO Skipped non-substantive snapshot (no date/matchup pairs): timestamp=2023-04-03T06:30:00 source_url=https://ak-static.cms.nba.com/referee/injury/Injury-Report_2023-04-03_06AM.pdf
2026-08-16 15:29:09,875 INFO Skipped non-substantive snapshot (no date/matchup pairs): timestamp=2023-04-03T07:30:00 source_url=https://ak-static.cms.nba.com/referee/injury/Injury-Report_2023-04-03_07AM.pdf
2026-08-16 15:29:10,073 INFO Skipped non-substantive snapshot (no date/matchup pairs): timestamp=2023-04-03T08:30:00 source_url=https://ak-static.cms.nba.com/referee/injury/Injury-Report_2023-04-03_08AM.pdf
2026-08-16 15:29:10,226 INFO Skipped non-substantive snapshot (no date/matchup pairs): timestamp=2023-04-03T09:30:00 source_url=https://ak-static.cms.nba.com/referee/injury/Injury-Report_2023-04-03_09AM.pdf
2026-08-16 15:29:10,379 INFO Skipped non-substantive snapshot (no date/matchup pairs): timestamp=2023-04-03T10:30:00 source_url=https://ak-static.cms.nba.com/referee/injury/Injury-Report_2023-04-03_10AM.pdf
2026-08-16 15:29:10,585 INFO Skipped non-substantive snapshot (no date/matchup pairs): timestamp=2023-04-03T11:30:00 source_url=https://ak-static.cms.nba.com/referee/injury/Injury-Report_2023-04-03_11AM.pdf
2026-08-16 15:29:10,739 INFO Skipped non-substantive snapshot (no date/matchup pairs): timestamp=2023-04-03T00:30:00 source_url=https://ak-static.cms.nba.com/referee/injury/Injury-Report_2023-04-03_12AM.pdf
2026-08-16 15:29:10,768 INFO Skipped non-substantive snapshot (no date/matchup pairs): timestamp=2023-04-03T12:30:00 source_url=https://ak-static.cms.nba.com/referee/injury/Injury-Report_2023-04-03_12PM.pdf
2026-08-16 15:29:10,768 INFO Direct NBA day 168/371: 2023-04-03, 24 discovered -> 1 selected
2026-08-16 15:29:17,689 INFO Suppressed 694 entries from older reports for games superseded by newer snapshots on 2023-04-03
2026-08-16 15:30:14,249 INFO Direct NBA day 169/371: 2023-04-04, 24 discovered -> 1 selected
2026-08-16 15:30:14,540 INFO NBA backfill checkpoint processed=1/1 parsed=1 missing=0 http_failed=0 invalid_pdf=0 parse_failed=0
2026-08-16 15:30:30,025 INFO Suppressed 1765 entries from older reports for games superseded by newer snapshots on 2023-04-04
2026-08-16 15:31:24,409 INFO Direct NBA day 170/371: 2023-04-05, 24 discovered -> 1 selected
2026-08-16 15:31:24,661 INFO NBA backfill checkpoint processed=1/1 parsed=1 missing=0 http_failed=0 invalid_pdf=0 parse_failed=0
2026-08-16 15:31:36,197 INFO Suppressed 1174 entries from older reports for games superseded by newer snapshots on 2023-04-05
2026-08-16 15:32:32,623 INFO Direct NBA day 171/371: 2023-04-06, 24 discovered -> 1 selected
2026-08-16 15:32:44,697 INFO Suppressed 1358 entries from older reports for games superseded by newer snapshots on 2023-04-06
2026-08-16 15:33:41,114 INFO Direct NBA day 172/371: 2023-04-07, 24 discovered -> 1 selected
2026-08-16 15:33:41,443 INFO NBA backfill checkpoint processed=1/1 parsed=1 missing=0 http_failed=0 invalid_pdf=0 parse_failed=0
2026-08-16 15:33:57,223 INFO Suppressed 1963 entries from older reports for games superseded by newer snapshots on 2023-04-07
2026-08-16 15:34:53,306 INFO Direct NBA day 173/371: 2023-04-08, 24 discovered -> 1 selected
2026-08-16 15:34:53,690 INFO NBA backfill checkpoint processed=1/1 parsed=1 missing=0 http_failed=0 invalid_pdf=0 parse_failed=0
2026-08-16 15:35:08,633 INFO Suppressed 1779 entries from older reports for games superseded by newer snapshots on 2023-04-08
2026-08-16 15:36:08,652 INFO Direct NBA day 174/371: 2023-04-09, 24 discovered -> 1 selected
2026-08-16 15:36:10,154 INFO NBA backfill checkpoint processed=1/1 parsed=1 missing=0 http_failed=0 invalid_pdf=0 parse_failed=0
2026-08-16 15:36:22,497 INFO Suppressed 1608 entries from older reports for games superseded by newer snapshots on 2023-04-09
2026-08-16 15:37:15,931 INFO Skipped non-substantive snapshot (no date/matchup pairs): timestamp=2023-04-10T01:30:00 source_url=https://ak-static.cms.nba.com/referee/injury/Injury-Report_2023-04-10_01AM.pdf
2026-08-16 15:37:15,944 INFO Skipped non-substantive snapshot (no date/matchup pairs): timestamp=2023-04-10T13:30:00 source_url=https://ak-static.cms.nba.com/referee/injury/Injury-Report_2023-04-10_01PM.pdf
2026-08-16 15:37:15,955 INFO Skipped non-substantive snapshot (no date/matchup pairs): timestamp=2023-04-10T02:30:00 source_url=https://ak-static.cms.nba.com/referee/injury/Injury-Report_2023-04-10_02AM.pdf
2026-08-16 15:37:15,964 INFO Skipped non-substantive snapshot (no date/matchup pairs): timestamp=2023-04-10T14:30:00 source_url=https://ak-static.cms.nba.com/referee/injury/Injury-Report_2023-04-10_02PM.pdf
2026-08-16 15:37:15,975 INFO Skipped non-substantive snapshot (no date/matchup pairs): timestamp=2023-04-10T03:30:00 source_url=https://ak-static.cms.nba.com/referee/injury/Injury-Report_2023-04-10_03AM.pdf
2026-08-16 15:37:15,982 INFO Skipped non-substantive snapshot (no date/matchup pairs): timestamp=2023-04-10T15:30:00 source_url=https://ak-static.cms.nba.com/referee/injury/Injury-Report_2023-04-10_03PM.pdf
2026-08-16 15:37:15,990 INFO Skipped non-substantive snapshot (no date/matchup pairs): timestamp=2023-04-10T04:30:00 source_url=https://ak-static.cms.nba.com/referee/injury/Injury-Report_2023-04-10_04AM.pdf
2026-08-16 15:37:15,997 INFO Skipped non-substantive snapshot (no date/matchup pairs): timestamp=2023-04-10T16:30:00 source_url=https://ak-static.cms.nba.com/referee/injury/Injury-Report_2023-04-10_04PM.pdf
2026-08-16 15:37:16,004 INFO Skipped non-substantive snapshot (no date/matchup pairs): timestamp=2023-04-10T05:30:00 source_url=https://ak-static.cms.nba.com/referee/injury/Injury-Report_2023-04-10_05AM.pdf
2026-08-16 15:37:16,022 INFO Skipped non-substantive snapshot (no date/matchup pairs): timestamp=2023-04-10T06:30:00 source_url=https://ak-static.cms.nba.com/referee/injury/Injury-Report_2023-04-10_06AM.pdf
2026-08-16 15:37:16,042 INFO Skipped non-substantive snapshot (no date/matchup pairs): timestamp=2023-04-10T07:30:00 source_url=https://ak-static.cms.nba.com/referee/injury/Injury-Report_2023-04-10_07AM.pdf
2026-08-16 15:37:16,062 INFO Skipped non-substantive snapshot (no date/matchup pairs): timestamp=2023-04-10T08:30:00 source_url=https://ak-static.cms.nba.com/referee/injury/Injury-Report_2023-04-10_08AM.pdf
2026-08-16 15:37:16,087 INFO Skipped non-substantive snapshot (no date/matchup pairs): timestamp=2023-04-10T09:30:00 source_url=https://ak-static.cms.nba.com/referee/injury/Injury-Report_2023-04-10_09AM.pdf
2026-08-16 15:37:16,114 INFO Skipped non-substantive snapshot (no date/matchup pairs): timestamp=2023-04-10T10:30:00 source_url=https://ak-static.cms.nba.com/referee/injury/Injury-Report_2023-04-10_10AM.pdf
2026-08-16 15:37:16,139 INFO Skipped non-substantive snapshot (no date/matchup pairs): timestamp=2023-04-10T11:30:00 source_url=https://ak-static.cms.nba.com/referee/injury/Injury-Report_2023-04-10_11AM.pdf
2026-08-16 15:37:16,166 INFO Skipped non-substantive snapshot (no date/matchup pairs): timestamp=2023-04-10T00:30:00 source_url=https://ak-static.cms.nba.com/referee/injury/Injury-Report_2023-04-10_12AM.pdf
2026-08-16 15:37:16,174 INFO Skipped non-substantive snapshot (no date/matchup pairs): timestamp=2023-04-10T12:30:00 source_url=https://ak-static.cms.nba.com/referee/injury/Injury-Report_2023-04-10_12PM.pdf
2026-08-16 15:37:16,174 INFO Direct NBA day 175/371: 2023-04-10, 24 discovered -> 1 selected
2026-08-16 15:37:17,136 INFO Suppressed 31 entries from older reports for games superseded by newer snapshots on 2023-04-10
2026-08-16 15:38:10,357 INFO Direct NBA day 176/371: 2023-04-11, 24 discovered -> 1 selected
2026-08-16 15:38:10,767 INFO NBA backfill checkpoint processed=1/1 parsed=1 missing=0 http_failed=0 invalid_pdf=0 parse_failed=0
2026-08-16 15:38:13,303 INFO Suppressed 227 entries from older reports for games superseded by newer snapshots on 2023-04-11
2026-08-16 15:39:06,723 INFO Direct NBA day 177/371: 2023-04-12, 24 discovered -> 1 selected
2026-08-16 15:39:07,305 INFO NBA backfill checkpoint processed=1/1 parsed=1 missing=0 http_failed=0 invalid_pdf=0 parse_failed=0
2026-08-16 15:39:08,710 INFO Suppressed 90 entries from older reports for games superseded by newer snapshots on 2023-04-12
2026-08-16 15:40:01,873 INFO Skipped non-substantive snapshot (no date/matchup pairs): timestamp=2023-04-13T01:30:00 source_url=https://ak-static.cms.nba.com/referee/injury/Injury-Report_2023-04-13_01AM.pdf
2026-08-16 15:40:01,898 INFO Skipped non-substantive snapshot (no date/matchup pairs): timestamp=2023-04-13T02:30:00 source_url=https://ak-static.cms.nba.com/referee/injury/Injury-Report_2023-04-13_02AM.pdf
2026-08-16 15:40:01,917 INFO Skipped non-substantive snapshot (no date/matchup pairs): timestamp=2023-04-13T03:30:00 source_url=https://ak-static.cms.nba.com/referee/injury/Injury-Report_2023-04-13_03AM.pdf
2026-08-16 15:40:01,934 INFO Skipped non-substantive snapshot (no date/matchup pairs): timestamp=2023-04-13T04:30:00 source_url=https://ak-static.cms.nba.com/referee/injury/Injury-Report_2023-04-13_04AM.pdf
2026-08-16 15:40:01,953 INFO Skipped non-substantive snapshot (no date/matchup pairs): timestamp=2023-04-13T05:30:00 source_url=https://ak-static.cms.nba.com/referee/injury/Injury-Report_2023-04-13_05AM.pdf
2026-08-16 15:40:01,972 INFO Skipped non-substantive snapshot (no date/matchup pairs): timestamp=2023-04-13T06:30:00 source_url=https://ak-static.cms.nba.com/referee/injury/Injury-Report_2023-04-13_06AM.pdf
2026-08-16 15:40:01,992 INFO Skipped non-substantive snapshot (no date/matchup pairs): timestamp=2023-04-13T07:30:00 source_url=https://ak-static.cms.nba.com/referee/injury/Injury-Report_2023-04-13_07AM.pdf
2026-08-16 15:40:02,017 INFO Skipped non-substantive snapshot (no date/matchup pairs): timestamp=2023-04-13T08:30:00 source_url=https://ak-static.cms.nba.com/referee/injury/Injury-Report_2023-04-13_08AM.pdf
2026-08-16 15:40:02,040 INFO Skipped non-substantive snapshot (no date/matchup pairs): timestamp=2023-04-13T09:30:00 source_url=https://ak-static.cms.nba.com/referee/injury/Injury-Report_2023-04-13_09AM.pdf
2026-08-16 15:40:02,112 INFO Skipped non-substantive snapshot (no date/matchup pairs): timestamp=2023-04-13T00:30:00 source_url=https://ak-static.cms.nba.com/referee/injury/Injury-Report_2023-04-13_12AM.pdf
2026-08-16 15:40:02,120 INFO Direct NBA day 178/371: 2023-04-13, 24 discovered -> 1 selected
2026-08-16 15:40:02,954 INFO NBA backfill checkpoint processed=1/1 parsed=1 missing=0 http_failed=0 invalid_pdf=0 parse_failed=0
2026-08-16 15:40:03,742 INFO Suppressed 14 entries from older reports for games superseded by newer snapshots on 2023-04-13
2026-08-16 15:40:56,804 INFO Direct NBA day 179/371: 2023-04-14, 24 discovered -> 1 selected
2026-08-16 15:40:57,229 INFO NBA backfill checkpoint processed=1/1 parsed=1 missing=0 http_failed=0 invalid_pdf=0 parse_failed=0
2026-08-16 15:40:59,193 INFO Suppressed 131 entries from older reports for games superseded by newer snapshots on 2023-04-14
2026-08-16 15:41:53,400 INFO Direct NBA day 180/371: 2023-04-15, 24 discovered -> 1 selected
2026-08-16 15:41:53,848 INFO NBA backfill checkpoint processed=1/1 parsed=1 missing=0 http_failed=0 invalid_pdf=0 parse_failed=0
2026-08-16 15:41:55,712 INFO Suppressed 108 entries from older reports for games superseded by newer snapshots on 2023-04-15
2026-08-16 15:42:50,762 INFO Direct NBA day 181/371: 2023-04-16, 24 discovered -> 1 selected
2026-08-16 15:42:51,209 INFO NBA backfill checkpoint processed=1/1 parsed=1 missing=0 http_failed=0 invalid_pdf=0 parse_failed=0
2026-08-16 15:42:52,821 INFO Suppressed 93 entries from older reports for games superseded by newer snapshots on 2023-04-16
2026-08-16 15:43:47,347 INFO Direct NBA day 182/371: 2023-04-17, 24 discovered -> 1 selected
2026-08-16 15:43:48,868 INFO Suppressed 70 entries from older reports for games superseded by newer snapshots on 2023-04-17
2026-08-16 15:44:42,140 INFO Direct NBA day 183/371: 2023-04-18, 24 discovered -> 1 selected
2026-08-16 15:44:42,718 INFO NBA backfill checkpoint processed=1/1 parsed=1 missing=0 http_failed=0 invalid_pdf=0 parse_failed=0
2026-08-16 15:44:44,932 INFO Suppressed 143 entries from older reports for games superseded by newer snapshots on 2023-04-18
2026-08-16 15:45:37,812 INFO Direct NBA day 184/371: 2023-04-19, 24 discovered -> 1 selected
2026-08-16 15:45:38,125 INFO NBA backfill checkpoint processed=1/1 parsed=1 missing=0 http_failed=0 invalid_pdf=0 parse_failed=0
2026-08-16 15:45:41,932 INFO Suppressed 328 entries from older reports for games superseded by newer snapshots on 2023-04-19
2026-08-16 15:46:34,718 INFO Direct NBA day 185/371: 2023-04-20, 24 discovered -> 1 selected
2026-08-16 15:46:35,146 INFO NBA backfill checkpoint processed=1/1 parsed=1 missing=0 http_failed=0 invalid_pdf=0 parse_failed=0
2026-08-16 15:46:37,868 INFO Suppressed 198 entries from older reports for games superseded by newer snapshots on 2023-04-20
2026-08-16 15:47:31,442 INFO Direct NBA day 186/371: 2023-04-21, 24 discovered -> 1 selected
2026-08-16 15:47:31,905 INFO NBA backfill checkpoint processed=1/1 parsed=1 missing=0 http_failed=0 invalid_pdf=0 parse_failed=0
2026-08-16 15:47:33,758 INFO Suppressed 113 entries from older reports for games superseded by newer snapshots on 2023-04-21
2026-08-16 15:48:26,715 INFO Direct NBA day 187/371: 2023-04-22, 24 discovered -> 1 selected
2026-08-16 15:48:26,848 INFO NBA backfill checkpoint processed=1/1 parsed=1 missing=0 http_failed=0 invalid_pdf=0 parse_failed=0
2026-08-16 15:48:31,407 INFO Suppressed 389 entries from older reports for games superseded by newer snapshots on 2023-04-22
2026-08-16 15:49:25,690 INFO Direct NBA day 188/371: 2023-04-23, 24 discovered -> 1 selected
2026-08-16 15:49:26,066 INFO NBA backfill checkpoint processed=1/1 parsed=1 missing=0 http_failed=0 invalid_pdf=0 parse_failed=0
2026-08-16 15:49:28,413 INFO Suppressed 171 entries from older reports for games superseded by newer snapshots on 2023-04-23
2026-08-16 15:50:21,744 INFO Direct NBA day 189/371: 2023-04-24, 24 discovered -> 1 selected
2026-08-16 15:50:22,159 INFO NBA backfill checkpoint processed=1/1 parsed=1 missing=0 http_failed=0 invalid_pdf=0 parse_failed=0
2026-08-16 15:50:24,592 INFO Suppressed 184 entries from older reports for games superseded by newer snapshots on 2023-04-24
2026-08-16 15:51:17,509 INFO Direct NBA day 190/371: 2023-04-25, 24 discovered -> 1 selected
2026-08-16 15:51:17,925 INFO NBA backfill checkpoint processed=1/1 parsed=1 missing=0 http_failed=0 invalid_pdf=0 parse_failed=0
2026-08-16 15:51:21,576 INFO Suppressed 283 entries from older reports for games superseded by newer snapshots on 2023-04-25
2026-08-16 15:52:16,076 INFO Direct NBA day 191/371: 2023-04-26, 24 discovered -> 1 selected
2026-08-16 15:52:16,496 INFO NBA backfill checkpoint processed=1/1 parsed=1 missing=0 http_failed=0 invalid_pdf=0 parse_failed=0
2026-08-16 15:52:19,699 INFO Suppressed 264 entries from older reports for games superseded by newer snapshots on 2023-04-26
2026-08-16 15:53:13,193 INFO Direct NBA day 192/371: 2023-04-27, 24 discovered -> 1 selected
2026-08-16 15:53:13,970 INFO NBA backfill checkpoint processed=1/1 parsed=1 missing=0 http_failed=0 invalid_pdf=0 parse_failed=0
2026-08-16 15:53:15,216 INFO Suppressed 46 entries from older reports for games superseded by newer snapshots on 2023-04-27
2026-08-16 15:54:10,119 INFO Direct NBA day 193/371: 2023-04-28, 24 discovered -> 1 selected
2026-08-16 15:54:10,765 INFO NBA backfill checkpoint processed=1/1 parsed=1 missing=0 http_failed=0 invalid_pdf=0 parse_failed=0
2026-08-16 15:54:12,090 INFO Suppressed 66 entries from older reports for games superseded by newer snapshots on 2023-04-28
2026-08-16 15:55:05,864 INFO Skipped non-substantive snapshot (no date/matchup pairs): timestamp=2023-04-29T01:30:00 source_url=https://ak-static.cms.nba.com/referee/injury/Injury-Report_2023-04-29_01AM.pdf
2026-08-16 15:55:05,892 INFO Skipped non-substantive snapshot (no date/matchup pairs): timestamp=2023-04-29T02:30:00 source_url=https://ak-static.cms.nba.com/referee/injury/Injury-Report_2023-04-29_02AM.pdf
2026-08-16 15:55:05,916 INFO Skipped non-substantive snapshot (no date/matchup pairs): timestamp=2023-04-29T03:30:00 source_url=https://ak-static.cms.nba.com/referee/injury/Injury-Report_2023-04-29_03AM.pdf
2026-08-16 15:55:05,936 INFO Skipped non-substantive snapshot (no date/matchup pairs): timestamp=2023-04-29T04:30:00 source_url=https://ak-static.cms.nba.com/referee/injury/Injury-Report_2023-04-29_04AM.pdf
2026-08-16 15:55:05,956 INFO Skipped non-substantive snapshot (no date/matchup pairs): timestamp=2023-04-29T05:30:00 source_url=https://ak-static.cms.nba.com/referee/injury/Injury-Report_2023-04-29_05AM.pdf
2026-08-16 15:55:05,978 INFO Skipped non-substantive snapshot (no date/matchup pairs): timestamp=2023-04-29T06:30:00 source_url=https://ak-static.cms.nba.com/referee/injury/Injury-Report_2023-04-29_06AM.pdf
2026-08-16 15:55:05,998 INFO Skipped non-substantive snapshot (no date/matchup pairs): timestamp=2023-04-29T07:30:00 source_url=https://ak-static.cms.nba.com/referee/injury/Injury-Report_2023-04-29_07AM.pdf
2026-08-16 15:55:06,018 INFO Skipped non-substantive snapshot (no date/matchup pairs): timestamp=2023-04-29T08:30:00 source_url=https://ak-static.cms.nba.com/referee/injury/Injury-Report_2023-04-29_08AM.pdf
2026-08-16 15:55:06,042 INFO Skipped non-substantive snapshot (no date/matchup pairs): timestamp=2023-04-29T09:30:00 source_url=https://ak-static.cms.nba.com/referee/injury/Injury-Report_2023-04-29_09AM.pdf
2026-08-16 15:55:06,065 INFO Skipped non-substantive snapshot (no date/matchup pairs): timestamp=2023-04-29T10:30:00 source_url=https://ak-static.cms.nba.com/referee/injury/Injury-Report_2023-04-29_10AM.pdf
2026-08-16 15:55:06,087 INFO Skipped non-substantive snapshot (no date/matchup pairs): timestamp=2023-04-29T11:30:00 source_url=https://ak-static.cms.nba.com/referee/injury/Injury-Report_2023-04-29_11AM.pdf
2026-08-16 15:55:06,113 INFO Skipped non-substantive snapshot (no date/matchup pairs): timestamp=2023-04-29T00:30:00 source_url=https://ak-static.cms.nba.com/referee/injury/Injury-Report_2023-04-29_12AM.pdf
2026-08-16 15:55:06,120 INFO Skipped non-substantive snapshot (no date/matchup pairs): timestamp=2023-04-29T12:30:00 source_url=https://ak-static.cms.nba.com/referee/injury/Injury-Report_2023-04-29_12PM.pdf
2026-08-16 15:55:06,120 INFO Direct NBA day 194/371: 2023-04-29, 24 discovered -> 1 selected
2026-08-16 15:55:06,940 INFO NBA backfill checkpoint processed=1/1 parsed=1 missing=0 http_failed=0 invalid_pdf=0 parse_failed=0
2026-08-16 15:55:07,800 INFO Suppressed 15 entries from older reports for games superseded by newer snapshots on 2023-04-29
2026-08-16 15:56:01,956 INFO Direct NBA day 195/371: 2023-04-30, 24 discovered -> 1 selected
2026-08-16 15:56:03,282 INFO Suppressed 64 entries from older reports for games superseded by newer snapshots on 2023-04-30
2026-08-16 15:56:56,944 INFO Direct NBA day 196/371: 2023-05-01, 24 discovered -> 1 selected
2026-08-16 15:56:57,651 INFO NBA backfill checkpoint processed=1/1 parsed=1 missing=0 http_failed=0 invalid_pdf=0 parse_failed=0
2026-08-16 15:56:58,830 INFO Suppressed 52 entries from older reports for games superseded by newer snapshots on 2023-05-01
2026-08-16 15:57:53,476 INFO Direct NBA day 197/371: 2023-05-02, 24 discovered -> 1 selected
2026-08-16 15:57:54,002 INFO NBA backfill checkpoint processed=1/1 parsed=1 missing=0 http_failed=0 invalid_pdf=0 parse_failed=0
2026-08-16 15:57:55,753 INFO Suppressed 128 entries from older reports for games superseded by newer snapshots on 2023-05-02
2026-08-16 15:58:49,030 INFO Direct NBA day 198/371: 2023-05-03, 24 discovered -> 1 selected
2026-08-16 15:58:49,858 INFO NBA backfill checkpoint processed=1/1 parsed=1 missing=0 http_failed=0 invalid_pdf=0 parse_failed=0
2026-08-16 15:58:50,896 INFO Suppressed 36 entries from older reports for games superseded by newer snapshots on 2023-05-03
2026-08-16 15:59:43,865 INFO Direct NBA day 199/371: 2023-05-04, 24 discovered -> 1 selected
2026-08-16 15:59:44,606 INFO NBA backfill checkpoint processed=1/1 parsed=1 missing=0 http_failed=0 invalid_pdf=0 parse_failed=0
2026-08-16 15:59:46,066 INFO Suppressed 78 entries from older reports for games superseded by newer snapshots on 2023-05-04
2026-08-16 16:00:40,536 INFO Direct NBA day 200/371: 2023-05-05, 24 discovered -> 1 selected
2026-08-16 16:00:41,291 INFO NBA backfill checkpoint processed=1/1 parsed=1 missing=0 http_failed=0 invalid_pdf=0 parse_failed=0
2026-08-16 16:00:42,644 INFO Suppressed 68 entries from older reports for games superseded by newer snapshots on 2023-05-05
2026-08-16 16:01:36,407 INFO Direct NBA day 201/371: 2023-05-06, 24 discovered -> 1 selected
2026-08-16 16:01:38,651 INFO Suppressed 176 entries from older reports for games superseded by newer snapshots on 2023-05-06
2026-08-16 16:02:33,120 INFO Direct NBA day 202/371: 2023-05-07, 24 discovered -> 1 selected
2026-08-16 16:02:33,799 INFO NBA backfill checkpoint processed=1/1 parsed=1 missing=0 http_failed=0 invalid_pdf=0 parse_failed=0
2026-08-16 16:02:35,369 INFO Suppressed 97 entries from older reports for games superseded by newer snapshots on 2023-05-07
2026-08-16 16:03:31,175 INFO Direct NBA day 203/371: 2023-05-08, 24 discovered -> 1 selected
2026-08-16 16:03:31,684 INFO NBA backfill checkpoint processed=1/1 parsed=1 missing=0 http_failed=0 invalid_pdf=0 parse_failed=0
2026-08-16 16:03:33,365 INFO Suppressed 116 entries from older reports for games superseded by newer snapshots on 2023-05-08
2026-08-16 16:04:27,276 INFO Direct NBA day 204/371: 2023-05-09, 24 discovered -> 1 selected
2026-08-16 16:04:27,984 INFO NBA backfill checkpoint processed=1/1 parsed=1 missing=0 http_failed=0 invalid_pdf=0 parse_failed=0
2026-08-16 16:04:29,327 INFO Suppressed 66 entries from older reports for games superseded by newer snapshots on 2023-05-09
2026-08-16 16:05:22,198 INFO Direct NBA day 205/371: 2023-05-10, 24 discovered -> 1 selected
2026-08-16 16:05:22,680 INFO NBA backfill checkpoint processed=1/1 parsed=1 missing=0 http_failed=0 invalid_pdf=0 parse_failed=0
2026-08-16 16:05:24,935 INFO Suppressed 177 entries from older reports for games superseded by newer snapshots on 2023-05-10
2026-08-16 16:06:17,514 INFO Direct NBA day 206/371: 2023-05-11, 24 discovered -> 1 selected
2026-08-16 16:06:18,227 INFO NBA backfill checkpoint processed=1/1 parsed=1 missing=0 http_failed=0 invalid_pdf=0 parse_failed=0
2026-08-16 16:06:20,317 INFO Suppressed 145 entries from older reports for games superseded by newer snapshots on 2023-05-11
2026-08-16 16:07:13,026 INFO Direct NBA day 207/371: 2023-05-12, 24 discovered -> 1 selected
2026-08-16 16:07:13,584 INFO NBA backfill checkpoint processed=1/1 parsed=1 missing=0 http_failed=0 invalid_pdf=0 parse_failed=0
2026-08-16 16:07:15,387 INFO Suppressed 144 entries from older reports for games superseded by newer snapshots on 2023-05-12
2026-08-16 16:08:09,212 INFO Skipped non-substantive snapshot (no date/matchup pairs): timestamp=2023-05-13T01:30:00 source_url=https://ak-static.cms.nba.com/referee/injury/Injury-Report_2023-05-13_01AM.pdf
2026-08-16 16:08:09,222 INFO Skipped non-substantive snapshot (no date/matchup pairs): timestamp=2023-05-13T13:30:00 source_url=https://ak-static.cms.nba.com/referee/injury/Injury-Report_2023-05-13_01PM.pdf
2026-08-16 16:08:09,230 INFO Skipped non-substantive snapshot (no date/matchup pairs): timestamp=2023-05-13T02:30:00 source_url=https://ak-static.cms.nba.com/referee/injury/Injury-Report_2023-05-13_02AM.pdf
2026-08-16 16:08:09,234 INFO Skipped non-substantive snapshot (no date/matchup pairs): timestamp=2023-05-13T14:30:00 source_url=https://ak-static.cms.nba.com/referee/injury/Injury-Report_2023-05-13_02PM.pdf
2026-08-16 16:08:09,240 INFO Skipped non-substantive snapshot (no date/matchup pairs): timestamp=2023-05-13T03:30:00 source_url=https://ak-static.cms.nba.com/referee/injury/Injury-Report_2023-05-13_03AM.pdf
2026-08-16 16:08:09,246 INFO Skipped non-substantive snapshot (no date/matchup pairs): timestamp=2023-05-13T15:30:00 source_url=https://ak-static.cms.nba.com/referee/injury/Injury-Report_2023-05-13_03PM.pdf
2026-08-16 16:08:09,252 INFO Skipped non-substantive snapshot (no date/matchup pairs): timestamp=2023-05-13T04:30:00 source_url=https://ak-static.cms.nba.com/referee/injury/Injury-Report_2023-05-13_04AM.pdf
2026-08-16 16:08:09,256 INFO Skipped non-substantive snapshot (no date/matchup pairs): timestamp=2023-05-13T16:30:00 source_url=https://ak-static.cms.nba.com/referee/injury/Injury-Report_2023-05-13_04PM.pdf
2026-08-16 16:08:09,261 INFO Skipped non-substantive snapshot (no date/matchup pairs): timestamp=2023-05-13T05:30:00 source_url=https://ak-static.cms.nba.com/referee/injury/Injury-Report_2023-05-13_05AM.pdf
2026-08-16 16:08:09,266 INFO Skipped non-substantive snapshot (no date/matchup pairs): timestamp=2023-05-13T17:30:00 source_url=https://ak-static.cms.nba.com/referee/injury/Injury-Report_2023-05-13_05PM.pdf
2026-08-16 16:08:09,271 INFO Skipped non-substantive snapshot (no date/matchup pairs): timestamp=2023-05-13T06:30:00 source_url=https://ak-static.cms.nba.com/referee/injury/Injury-Report_2023-05-13_06AM.pdf
2026-08-16 16:08:09,281 INFO Skipped non-substantive snapshot (no date/matchup pairs): timestamp=2023-05-13T07:30:00 source_url=https://ak-static.cms.nba.com/referee/injury/Injury-Report_2023-05-13_07AM.pdf
2026-08-16 16:08:09,292 INFO Skipped non-substantive snapshot (no date/matchup pairs): timestamp=2023-05-13T08:30:00 source_url=https://ak-static.cms.nba.com/referee/injury/Injury-Report_2023-05-13_08AM.pdf
2026-08-16 16:08:09,302 INFO Skipped non-substantive snapshot (no date/matchup pairs): timestamp=2023-05-13T09:30:00 source_url=https://ak-static.cms.nba.com/referee/injury/Injury-Report_2023-05-13_09AM.pdf
2026-08-16 16:08:09,312 INFO Skipped non-substantive snapshot (no date/matchup pairs): timestamp=2023-05-13T10:30:00 source_url=https://ak-static.cms.nba.com/referee/injury/Injury-Report_2023-05-13_10AM.pdf
2026-08-16 16:08:09,324 INFO Skipped non-substantive snapshot (no date/matchup pairs): timestamp=2023-05-13T11:30:00 source_url=https://ak-static.cms.nba.com/referee/injury/Injury-Report_2023-05-13_11AM.pdf
2026-08-16 16:08:09,336 INFO Skipped non-substantive snapshot (no date/matchup pairs): timestamp=2023-05-13T00:30:00 source_url=https://ak-static.cms.nba.com/referee/injury/Injury-Report_2023-05-13_12AM.pdf
2026-08-16 16:08:09,341 INFO Skipped non-substantive snapshot (no date/matchup pairs): timestamp=2023-05-13T12:30:00 source_url=https://ak-static.cms.nba.com/referee/injury/Injury-Report_2023-05-13_12PM.pdf
2026-08-16 16:08:09,341 INFO Direct NBA day 208/371: 2023-05-13, 24 discovered -> 1 selected
2026-08-16 16:08:10,276 INFO NBA backfill checkpoint processed=1/1 parsed=1 missing=0 http_failed=0 invalid_pdf=0 parse_failed=0
2026-08-16 16:09:04,714 INFO Direct NBA day 209/371: 2023-05-14, 24 discovered -> 1 selected
2026-08-16 16:09:05,639 INFO NBA backfill checkpoint processed=1/1 parsed=1 missing=0 http_failed=0 invalid_pdf=0 parse_failed=0
2026-08-16 16:09:06,321 INFO Suppressed 2 entries from older reports for games superseded by newer snapshots on 2023-05-14
2026-08-16 16:10:00,385 INFO Skipped non-substantive snapshot (no date/matchup pairs): timestamp=2023-05-15T01:30:00 source_url=https://ak-static.cms.nba.com/referee/injury/Injury-Report_2023-05-15_01AM.pdf
2026-08-16 16:10:00,397 INFO Skipped non-substantive snapshot (no date/matchup pairs): timestamp=2023-05-15T13:30:00 source_url=https://ak-static.cms.nba.com/referee/injury/Injury-Report_2023-05-15_01PM.pdf
2026-08-16 16:10:00,404 INFO Skipped non-substantive snapshot (no date/matchup pairs): timestamp=2023-05-15T02:30:00 source_url=https://ak-static.cms.nba.com/referee/injury/Injury-Report_2023-05-15_02AM.pdf
2026-08-16 16:10:00,412 INFO Skipped non-substantive snapshot (no date/matchup pairs): timestamp=2023-05-15T14:30:00 source_url=https://ak-static.cms.nba.com/referee/injury/Injury-Report_2023-05-15_02PM.pdf
2026-08-16 16:10:00,419 INFO Skipped non-substantive snapshot (no date/matchup pairs): timestamp=2023-05-15T03:30:00 source_url=https://ak-static.cms.nba.com/referee/injury/Injury-Report_2023-05-15_03AM.pdf
2026-08-16 16:10:00,424 INFO Skipped non-substantive snapshot (no date/matchup pairs): timestamp=2023-05-15T15:30:00 source_url=https://ak-static.cms.nba.com/referee/injury/Injury-Report_2023-05-15_03PM.pdf
2026-08-16 16:10:00,429 INFO Skipped non-substantive snapshot (no date/matchup pairs): timestamp=2023-05-15T04:30:00 source_url=https://ak-static.cms.nba.com/referee/injury/Injury-Report_2023-05-15_04AM.pdf
2026-08-16 16:10:00,440 INFO Skipped non-substantive snapshot (no date/matchup pairs): timestamp=2023-05-15T05:30:00 source_url=https://ak-static.cms.nba.com/referee/injury/Injury-Report_2023-05-15_05AM.pdf
2026-08-16 16:10:00,450 INFO Skipped non-substantive snapshot (no date/matchup pairs): timestamp=2023-05-15T06:30:00 source_url=https://ak-static.cms.nba.com/referee/injury/Injury-Report_2023-05-15_06AM.pdf
2026-08-16 16:10:00,464 INFO Skipped non-substantive snapshot (no date/matchup pairs): timestamp=2023-05-15T07:30:00 source_url=https://ak-static.cms.nba.com/referee/injury/Injury-Report_2023-05-15_07AM.pdf
2026-08-16 16:10:00,477 INFO Skipped non-substantive snapshot (no date/matchup pairs): timestamp=2023-05-15T08:30:00 source_url=https://ak-static.cms.nba.com/referee/injury/Injury-Report_2023-05-15_08AM.pdf
2026-08-16 16:10:00,489 INFO Skipped non-substantive snapshot (no date/matchup pairs): timestamp=2023-05-15T09:30:00 source_url=https://ak-static.cms.nba.com/referee/injury/Injury-Report_2023-05-15_09AM.pdf
2026-08-16 16:10:00,501 INFO Skipped non-substantive snapshot (no date/matchup pairs): timestamp=2023-05-15T10:30:00 source_url=https://ak-static.cms.nba.com/referee/injury/Injury-Report_2023-05-15_10AM.pdf
2026-08-16 16:10:00,514 INFO Skipped non-substantive snapshot (no date/matchup pairs): timestamp=2023-05-15T11:30:00 source_url=https://ak-static.cms.nba.com/referee/injury/Injury-Report_2023-05-15_11AM.pdf
2026-08-16 16:10:00,526 INFO Skipped non-substantive snapshot (no date/matchup pairs): timestamp=2023-05-15T00:30:00 source_url=https://ak-static.cms.nba.com/referee/injury/Injury-Report_2023-05-15_12AM.pdf
2026-08-16 16:10:00,531 INFO Skipped non-substantive snapshot (no date/matchup pairs): timestamp=2023-05-15T12:30:00 source_url=https://ak-static.cms.nba.com/referee/injury/Injury-Report_2023-05-15_12PM.pdf
2026-08-16 16:10:00,531 INFO Direct NBA day 210/371: 2023-05-15, 24 discovered -> 1 selected
2026-08-16 16:10:01,469 INFO NBA backfill checkpoint processed=1/1 parsed=1 missing=0 http_failed=0 invalid_pdf=0 parse_failed=0
2026-08-16 16:10:02,237 INFO Suppressed 12 entries from older reports for games superseded by newer snapshots on 2023-05-15
2026-08-16 16:10:56,068 INFO Direct NBA day 211/371: 2023-05-16, 24 discovered -> 1 selected
2026-08-16 16:10:56,896 INFO NBA backfill checkpoint processed=1/1 parsed=1 missing=0 http_failed=0 invalid_pdf=0 parse_failed=0
2026-08-16 16:10:58,059 INFO Suppressed 52 entries from older reports for games superseded by newer snapshots on 2023-05-16
2026-08-16 16:11:52,753 INFO Direct NBA day 212/371: 2023-05-17, 24 discovered -> 1 selected
2026-08-16 16:11:53,560 INFO NBA backfill checkpoint processed=1/1 parsed=1 missing=0 http_failed=0 invalid_pdf=0 parse_failed=0
2026-08-16 16:11:54,341 INFO Suppressed 13 entries from older reports for games superseded by newer snapshots on 2023-05-17
2026-08-16 16:12:49,208 INFO Direct NBA day 213/371: 2023-05-18, 24 discovered -> 1 selected
2026-08-16 16:12:50,058 INFO NBA backfill checkpoint processed=1/1 parsed=1 missing=0 http_failed=0 invalid_pdf=0 parse_failed=0
2026-08-16 16:12:51,212 INFO Suppressed 51 entries from older reports for games superseded by newer snapshots on 2023-05-18
2026-08-16 16:13:45,376 INFO Direct NBA day 214/371: 2023-05-19, 24 discovered -> 1 selected
2026-08-16 16:13:46,149 INFO NBA backfill checkpoint processed=1/1 parsed=1 missing=0 http_failed=0 invalid_pdf=0 parse_failed=0
2026-08-16 16:13:47,187 INFO Suppressed 39 entries from older reports for games superseded by newer snapshots on 2023-05-19
2026-08-16 16:14:42,052 INFO Direct NBA day 215/371: 2023-05-20, 24 discovered -> 1 selected
2026-08-16 16:14:42,900 INFO NBA backfill checkpoint processed=1/1 parsed=1 missing=0 http_failed=0 invalid_pdf=0 parse_failed=0
2026-08-16 16:14:43,688 INFO Suppressed 13 entries from older reports for games superseded by newer snapshots on 2023-05-20
2026-08-16 16:15:37,915 INFO Direct NBA day 216/371: 2023-05-21, 24 discovered -> 1 selected
2026-08-16 16:15:38,857 INFO NBA backfill checkpoint processed=1/1 parsed=1 missing=0 http_failed=0 invalid_pdf=0 parse_failed=0
2026-08-16 16:15:39,926 INFO Suppressed 43 entries from older reports for games superseded by newer snapshots on 2023-05-21
2026-08-16 16:16:34,274 INFO Direct NBA day 217/371: 2023-05-22, 24 discovered -> 1 selected
2026-08-16 16:16:35,152 INFO NBA backfill checkpoint processed=1/1 parsed=1 missing=0 http_failed=0 invalid_pdf=0 parse_failed=0
2026-08-16 16:16:35,980 INFO Suppressed 14 entries from older reports for games superseded by newer snapshots on 2023-05-22
2026-08-16 16:17:29,702 INFO Direct NBA day 218/371: 2023-05-23, 24 discovered -> 1 selected
2026-08-16 16:17:30,546 INFO NBA backfill checkpoint processed=1/1 parsed=1 missing=0 http_failed=0 invalid_pdf=0 parse_failed=0
2026-08-16 16:17:31,409 INFO Suppressed 24 entries from older reports for games superseded by newer snapshots on 2023-05-23
2026-08-16 16:18:24,912 INFO Skipped non-substantive snapshot (no date/matchup pairs): timestamp=2023-05-24T01:30:00 source_url=https://ak-static.cms.nba.com/referee/injury/Injury-Report_2023-05-24_01AM.pdf
2026-08-16 16:18:24,922 INFO Skipped non-substantive snapshot (no date/matchup pairs): timestamp=2023-05-24T13:30:00 source_url=https://ak-static.cms.nba.com/referee/injury/Injury-Report_2023-05-24_01PM.pdf
2026-08-16 16:18:24,931 INFO Skipped non-substantive snapshot (no date/matchup pairs): timestamp=2023-05-24T02:30:00 source_url=https://ak-static.cms.nba.com/referee/injury/Injury-Report_2023-05-24_02AM.pdf
2026-08-16 16:18:24,937 INFO Skipped non-substantive snapshot (no date/matchup pairs): timestamp=2023-05-24T14:30:00 source_url=https://ak-static.cms.nba.com/referee/injury/Injury-Report_2023-05-24_02PM.pdf
2026-08-16 16:18:24,942 INFO Skipped non-substantive snapshot (no date/matchup pairs): timestamp=2023-05-24T03:30:00 source_url=https://ak-static.cms.nba.com/referee/injury/Injury-Report_2023-05-24_03AM.pdf
2026-08-16 16:18:24,957 INFO Skipped non-substantive snapshot (no date/matchup pairs): timestamp=2023-05-24T04:30:00 source_url=https://ak-static.cms.nba.com/referee/injury/Injury-Report_2023-05-24_04AM.pdf
2026-08-16 16:18:24,971 INFO Skipped non-substantive snapshot (no date/matchup pairs): timestamp=2023-05-24T05:30:00 source_url=https://ak-static.cms.nba.com/referee/injury/Injury-Report_2023-05-24_05AM.pdf
2026-08-16 16:18:24,985 INFO Skipped non-substantive snapshot (no date/matchup pairs): timestamp=2023-05-24T06:30:00 source_url=https://ak-static.cms.nba.com/referee/injury/Injury-Report_2023-05-24_06AM.pdf
2026-08-16 16:18:25,001 INFO Skipped non-substantive snapshot (no date/matchup pairs): timestamp=2023-05-24T07:30:00 source_url=https://ak-static.cms.nba.com/referee/injury/Injury-Report_2023-05-24_07AM.pdf
2026-08-16 16:18:25,015 INFO Skipped non-substantive snapshot (no date/matchup pairs): timestamp=2023-05-24T08:30:00 source_url=https://ak-static.cms.nba.com/referee/injury/Injury-Report_2023-05-24_08AM.pdf
2026-08-16 16:18:25,029 INFO Skipped non-substantive snapshot (no date/matchup pairs): timestamp=2023-05-24T09:30:00 source_url=https://ak-static.cms.nba.com/referee/injury/Injury-Report_2023-05-24_09AM.pdf
2026-08-16 16:18:25,043 INFO Skipped non-substantive snapshot (no date/matchup pairs): timestamp=2023-05-24T10:30:00 source_url=https://ak-static.cms.nba.com/referee/injury/Injury-Report_2023-05-24_10AM.pdf
2026-08-16 16:18:25,057 INFO Skipped non-substantive snapshot (no date/matchup pairs): timestamp=2023-05-24T11:30:00 source_url=https://ak-static.cms.nba.com/referee/injury/Injury-Report_2023-05-24_11AM.pdf
2026-08-16 16:18:25,073 INFO Skipped non-substantive snapshot (no date/matchup pairs): timestamp=2023-05-24T00:30:00 source_url=https://ak-static.cms.nba.com/referee/injury/Injury-Report_2023-05-24_12AM.pdf
2026-08-16 16:18:25,078 INFO Skipped non-substantive snapshot (no date/matchup pairs): timestamp=2023-05-24T12:30:00 source_url=https://ak-static.cms.nba.com/referee/injury/Injury-Report_2023-05-24_12PM.pdf
2026-08-16 16:18:25,078 INFO Direct NBA day 219/371: 2023-05-24, 24 discovered -> 1 selected
2026-08-16 16:18:25,990 INFO NBA backfill checkpoint processed=1/1 parsed=1 missing=0 http_failed=0 invalid_pdf=0 parse_failed=0
2026-08-16 16:18:26,898 INFO Suppressed 30 entries from older reports for games superseded by newer snapshots on 2023-05-24
2026-08-16 16:19:20,704 INFO Direct NBA day 220/371: 2023-05-25, 24 discovered -> 1 selected
2026-08-16 16:19:21,558 INFO NBA backfill checkpoint processed=1/1 parsed=1 missing=0 http_failed=0 invalid_pdf=0 parse_failed=0
2026-08-16 16:19:22,528 INFO Suppressed 36 entries from older reports for games superseded by newer snapshots on 2023-05-25
2026-08-16 16:20:14,050 INFO Skipped non-substantive snapshot (no date/matchup pairs): timestamp=2023-05-26T01:30:00 source_url=https://ak-static.cms.nba.com/referee/injury/Injury-Report_2023-05-26_01AM.pdf
2026-08-16 16:20:14,061 INFO Skipped non-substantive snapshot (no date/matchup pairs): timestamp=2023-05-26T13:30:00 source_url=https://ak-static.cms.nba.com/referee/injury/Injury-Report_2023-05-26_01PM.pdf
2026-08-16 16:20:14,069 INFO Skipped non-substantive snapshot (no date/matchup pairs): timestamp=2023-05-26T02:30:00 source_url=https://ak-static.cms.nba.com/referee/injury/Injury-Report_2023-05-26_02AM.pdf
2026-08-16 16:20:14,075 INFO Skipped non-substantive snapshot (no date/matchup pairs): timestamp=2023-05-26T14:30:00 source_url=https://ak-static.cms.nba.com/referee/injury/Injury-Report_2023-05-26_02PM.pdf
2026-08-16 16:20:14,081 INFO Skipped non-substantive snapshot (no date/matchup pairs): timestamp=2023-05-26T03:30:00 source_url=https://ak-static.cms.nba.com/referee/injury/Injury-Report_2023-05-26_03AM.pdf
2026-08-16 16:20:14,086 INFO Skipped non-substantive snapshot (no date/matchup pairs): timestamp=2023-05-26T15:30:00 source_url=https://ak-static.cms.nba.com/referee/injury/Injury-Report_2023-05-26_03PM.pdf
2026-08-16 16:20:14,092 INFO Skipped non-substantive snapshot (no date/matchup pairs): timestamp=2023-05-26T04:30:00 source_url=https://ak-static.cms.nba.com/referee/injury/Injury-Report_2023-05-26_04AM.pdf
2026-08-16 16:20:14,097 INFO Skipped non-substantive snapshot (no date/matchup pairs): timestamp=2023-05-26T16:30:00 source_url=https://ak-static.cms.nba.com/referee/injury/Injury-Report_2023-05-26_04PM.pdf
2026-08-16 16:20:14,102 INFO Skipped non-substantive snapshot (no date/matchup pairs): timestamp=2023-05-26T05:30:00 source_url=https://ak-static.cms.nba.com/referee/injury/Injury-Report_2023-05-26_05AM.pdf
2026-08-16 16:20:14,117 INFO Skipped non-substantive snapshot (no date/matchup pairs): timestamp=2023-05-26T06:30:00 source_url=https://ak-static.cms.nba.com/referee/injury/Injury-Report_2023-05-26_06AM.pdf
2026-08-16 16:20:14,132 INFO Skipped non-substantive snapshot (no date/matchup pairs): timestamp=2023-05-26T07:30:00 source_url=https://ak-static.cms.nba.com/referee/injury/Injury-Report_2023-05-26_07AM.pdf
2026-08-16 16:20:14,146 INFO Skipped non-substantive snapshot (no date/matchup pairs): timestamp=2023-05-26T08:30:00 source_url=https://ak-static.cms.nba.com/referee/injury/Injury-Report_2023-05-26_08AM.pdf
2026-08-16 16:20:14,163 INFO Skipped non-substantive snapshot (no date/matchup pairs): timestamp=2023-05-26T09:30:00 source_url=https://ak-static.cms.nba.com/referee/injury/Injury-Report_2023-05-26_09AM.pdf
2026-08-16 16:20:14,178 INFO Skipped non-substantive snapshot (no date/matchup pairs): timestamp=2023-05-26T10:30:00 source_url=https://ak-static.cms.nba.com/referee/injury/Injury-Report_2023-05-26_10AM.pdf
2026-08-16 16:20:14,193 INFO Skipped non-substantive snapshot (no date/matchup pairs): timestamp=2023-05-26T11:30:00 source_url=https://ak-static.cms.nba.com/referee/injury/Injury-Report_2023-05-26_11AM.pdf
2026-08-16 16:20:14,207 INFO Skipped non-substantive snapshot (no date/matchup pairs): timestamp=2023-05-26T00:30:00 source_url=https://ak-static.cms.nba.com/referee/injury/Injury-Report_2023-05-26_12AM.pdf
2026-08-16 16:20:14,212 INFO Skipped non-substantive snapshot (no date/matchup pairs): timestamp=2023-05-26T12:30:00 source_url=https://ak-static.cms.nba.com/referee/injury/Injury-Report_2023-05-26_12PM.pdf
2026-08-16 16:20:14,212 INFO Direct NBA day 221/371: 2023-05-26, 24 discovered -> 1 selected
2026-08-16 16:20:15,313 INFO Suppressed 40 entries from older reports for games superseded by newer snapshots on 2023-05-26
2026-08-16 16:21:06,244 INFO Direct NBA day 222/371: 2023-05-27, 24 discovered -> 1 selected
2026-08-16 16:21:08,250 INFO Suppressed 168 entries from older reports for games superseded by newer snapshots on 2023-05-27
2026-08-16 16:22:02,340 INFO Skipped non-substantive snapshot (no date/matchup pairs): timestamp=2023-05-28T01:30:00 source_url=https://ak-static.cms.nba.com/referee/injury/Injury-Report_2023-05-28_01AM.pdf
2026-08-16 16:22:02,357 INFO Skipped non-substantive snapshot (no date/matchup pairs): timestamp=2023-05-28T13:30:00 source_url=https://ak-static.cms.nba.com/referee/injury/Injury-Report_2023-05-28_01PM.pdf
2026-08-16 16:22:02,364 INFO Skipped non-substantive snapshot (no date/matchup pairs): timestamp=2023-05-28T02:30:00 source_url=https://ak-static.cms.nba.com/referee/injury/Injury-Report_2023-05-28_02AM.pdf
2026-08-16 16:22:02,370 INFO Skipped non-substantive snapshot (no date/matchup pairs): timestamp=2023-05-28T14:30:00 source_url=https://ak-static.cms.nba.com/referee/injury/Injury-Report_2023-05-28_02PM.pdf
2026-08-16 16:22:02,377 INFO Skipped non-substantive snapshot (no date/matchup pairs): timestamp=2023-05-28T03:30:00 source_url=https://ak-static.cms.nba.com/referee/injury/Injury-Report_2023-05-28_03AM.pdf
2026-08-16 16:22:02,391 INFO Skipped non-substantive snapshot (no date/matchup pairs): timestamp=2023-05-28T04:30:00 source_url=https://ak-static.cms.nba.com/referee/injury/Injury-Report_2023-05-28_04AM.pdf
2026-08-16 16:22:02,405 INFO Skipped non-substantive snapshot (no date/matchup pairs): timestamp=2023-05-28T05:30:00 source_url=https://ak-static.cms.nba.com/referee/injury/Injury-Report_2023-05-28_05AM.pdf
2026-08-16 16:22:02,419 INFO Skipped non-substantive snapshot (no date/matchup pairs): timestamp=2023-05-28T06:30:00 source_url=https://ak-static.cms.nba.com/referee/injury/Injury-Report_2023-05-28_06AM.pdf
2026-08-16 16:22:02,434 INFO Skipped non-substantive snapshot (no date/matchup pairs): timestamp=2023-05-28T07:30:00 source_url=https://ak-static.cms.nba.com/referee/injury/Injury-Report_2023-05-28_07AM.pdf
2026-08-16 16:22:02,451 INFO Skipped non-substantive snapshot (no date/matchup pairs): timestamp=2023-05-28T08:30:00 source_url=https://ak-static.cms.nba.com/referee/injury/Injury-Report_2023-05-28_08AM.pdf
2026-08-16 16:22:02,466 INFO Skipped non-substantive snapshot (no date/matchup pairs): timestamp=2023-05-28T09:30:00 source_url=https://ak-static.cms.nba.com/referee/injury/Injury-Report_2023-05-28_09AM.pdf
2026-08-16 16:22:02,480 INFO Skipped non-substantive snapshot (no date/matchup pairs): timestamp=2023-05-28T10:30:00 source_url=https://ak-static.cms.nba.com/referee/injury/Injury-Report_2023-05-28_10AM.pdf
2026-08-16 16:22:02,495 INFO Skipped non-substantive snapshot (no date/matchup pairs): timestamp=2023-05-28T11:30:00 source_url=https://ak-static.cms.nba.com/referee/injury/Injury-Report_2023-05-28_11AM.pdf
2026-08-16 16:22:02,511 INFO Skipped non-substantive snapshot (no date/matchup pairs): timestamp=2023-05-28T00:30:00 source_url=https://ak-static.cms.nba.com/referee/injury/Injury-Report_2023-05-28_12AM.pdf
2026-08-16 16:22:02,516 INFO Skipped non-substantive snapshot (no date/matchup pairs): timestamp=2023-05-28T12:30:00 source_url=https://ak-static.cms.nba.com/referee/injury/Injury-Report_2023-05-28_12PM.pdf
2026-08-16 16:22:02,516 INFO Direct NBA day 223/371: 2023-05-28, 24 discovered -> 1 selected
2026-08-16 16:22:03,429 INFO NBA backfill checkpoint processed=1/1 parsed=1 missing=0 http_failed=0 invalid_pdf=0 parse_failed=0
2026-08-16 16:22:04,232 INFO Suppressed 20 entries from older reports for games superseded by newer snapshots on 2023-05-28
2026-08-16 16:22:59,136 INFO Direct NBA day 224/371: 2023-05-29, 24 discovered -> 1 selected
2026-08-16 16:22:59,963 INFO NBA backfill checkpoint processed=1/1 parsed=1 missing=0 http_failed=0 invalid_pdf=0 parse_failed=0
2026-08-16 16:23:01,138 INFO Suppressed 49 entries from older reports for games superseded by newer snapshots on 2023-05-29
2026-08-16 16:23:27,728 INFO Direct NBA day 225/371: 2023-05-30, 0 discovered -> 0 selected
2026-08-16 16:24:21,761 INFO Skipped non-substantive snapshot (no date/matchup pairs): timestamp=2023-05-31T01:30:00 source_url=https://ak-static.cms.nba.com/referee/injury/Injury-Report_2023-05-31_01AM.pdf
2026-08-16 16:24:21,772 INFO Skipped non-substantive snapshot (no date/matchup pairs): timestamp=2023-05-31T13:30:00 source_url=https://ak-static.cms.nba.com/referee/injury/Injury-Report_2023-05-31_01PM.pdf
2026-08-16 16:24:21,781 INFO Skipped non-substantive snapshot (no date/matchup pairs): timestamp=2023-05-31T02:30:00 source_url=https://ak-static.cms.nba.com/referee/injury/Injury-Report_2023-05-31_02AM.pdf
2026-08-16 16:24:21,788 INFO Skipped non-substantive snapshot (no date/matchup pairs): timestamp=2023-05-31T14:30:00 source_url=https://ak-static.cms.nba.com/referee/injury/Injury-Report_2023-05-31_02PM.pdf
2026-08-16 16:24:21,798 INFO Skipped non-substantive snapshot (no date/matchup pairs): timestamp=2023-05-31T03:30:00 source_url=https://ak-static.cms.nba.com/referee/injury/Injury-Report_2023-05-31_03AM.pdf
2026-08-16 16:24:21,803 INFO Skipped non-substantive snapshot (no date/matchup pairs): timestamp=2023-05-31T15:30:00 source_url=https://ak-static.cms.nba.com/referee/injury/Injury-Report_2023-05-31_03PM.pdf
2026-08-16 16:24:21,809 INFO Skipped non-substantive snapshot (no date/matchup pairs): timestamp=2023-05-31T04:30:00 source_url=https://ak-static.cms.nba.com/referee/injury/Injury-Report_2023-05-31_04AM.pdf
2026-08-16 16:24:21,814 INFO Skipped non-substantive snapshot (no date/matchup pairs): timestamp=2023-05-31T16:30:00 source_url=https://ak-static.cms.nba.com/referee/injury/Injury-Report_2023-05-31_04PM.pdf
2026-08-16 16:24:21,819 INFO Skipped non-substantive snapshot (no date/matchup pairs): timestamp=2023-05-31T05:30:00 source_url=https://ak-static.cms.nba.com/referee/injury/Injury-Report_2023-05-31_05AM.pdf
2026-08-16 16:24:21,824 INFO Skipped non-substantive snapshot (no date/matchup pairs): timestamp=2023-05-31T17:30:00 source_url=https://ak-static.cms.nba.com/referee/injury/Injury-Report_2023-05-31_05PM.pdf
2026-08-16 16:24:21,828 INFO Skipped non-substantive snapshot (no date/matchup pairs): timestamp=2023-05-31T06:30:00 source_url=https://ak-static.cms.nba.com/referee/injury/Injury-Report_2023-05-31_06AM.pdf
2026-08-16 16:24:21,833 INFO Skipped non-substantive snapshot (no date/matchup pairs): timestamp=2023-05-31T18:30:00 source_url=https://ak-static.cms.nba.com/referee/injury/Injury-Report_2023-05-31_06PM.pdf
2026-08-16 16:24:21,838 INFO Skipped non-substantive snapshot (no date/matchup pairs): timestamp=2023-05-31T07:30:00 source_url=https://ak-static.cms.nba.com/referee/injury/Injury-Report_2023-05-31_07AM.pdf
2026-08-16 16:24:21,850 INFO Skipped non-substantive snapshot (no date/matchup pairs): timestamp=2023-05-31T08:30:00 source_url=https://ak-static.cms.nba.com/referee/injury/Injury-Report_2023-05-31_08AM.pdf
2026-08-16 16:24:21,862 INFO Skipped non-substantive snapshot (no date/matchup pairs): timestamp=2023-05-31T09:30:00 source_url=https://ak-static.cms.nba.com/referee/injury/Injury-Report_2023-05-31_09AM.pdf
2026-08-16 16:24:21,874 INFO Skipped non-substantive snapshot (no date/matchup pairs): timestamp=2023-05-31T10:30:00 source_url=https://ak-static.cms.nba.com/referee/injury/Injury-Report_2023-05-31_10AM.pdf
2026-08-16 16:24:21,888 INFO Skipped non-substantive snapshot (no date/matchup pairs): timestamp=2023-05-31T11:30:00 source_url=https://ak-static.cms.nba.com/referee/injury/Injury-Report_2023-05-31_11AM.pdf
2026-08-16 16:24:21,900 INFO Skipped non-substantive snapshot (no date/matchup pairs): timestamp=2023-05-31T00:30:00 source_url=https://ak-static.cms.nba.com/referee/injury/Injury-Report_2023-05-31_12AM.pdf
2026-08-16 16:24:21,905 INFO Skipped non-substantive snapshot (no date/matchup pairs): timestamp=2023-05-31T12:30:00 source_url=https://ak-static.cms.nba.com/referee/injury/Injury-Report_2023-05-31_12PM.pdf
2026-08-16 16:24:21,905 INFO Direct NBA day 226/371: 2023-05-31, 24 discovered -> 1 selected
2026-08-16 16:24:22,838 INFO NBA backfill checkpoint processed=1/1 parsed=1 missing=0 http_failed=0 invalid_pdf=0 parse_failed=0
2026-08-16 16:25:17,562 INFO Direct NBA day 227/371: 2023-06-01, 24 discovered -> 1 selected
2026-08-16 16:25:18,430 INFO NBA backfill checkpoint processed=1/1 parsed=1 missing=0 http_failed=0 invalid_pdf=0 parse_failed=0
2026-08-16 16:25:19,220 INFO Suppressed 15 entries from older reports for games superseded by newer snapshots on 2023-06-01
2026-08-16 16:25:45,364 INFO Direct NBA day 228/371: 2023-06-02, 0 discovered -> 0 selected
2026-08-16 16:26:40,028 INFO Skipped non-substantive snapshot (no date/matchup pairs): timestamp=2023-06-03T01:30:00 source_url=https://ak-static.cms.nba.com/referee/injury/Injury-Report_2023-06-03_01AM.pdf
2026-08-16 16:26:40,039 INFO Skipped non-substantive snapshot (no date/matchup pairs): timestamp=2023-06-03T13:30:00 source_url=https://ak-static.cms.nba.com/referee/injury/Injury-Report_2023-06-03_01PM.pdf
2026-08-16 16:26:40,048 INFO Skipped non-substantive snapshot (no date/matchup pairs): timestamp=2023-06-03T02:30:00 source_url=https://ak-static.cms.nba.com/referee/injury/Injury-Report_2023-06-03_02AM.pdf
2026-08-16 16:26:40,056 INFO Skipped non-substantive snapshot (no date/matchup pairs): timestamp=2023-06-03T14:30:00 source_url=https://ak-static.cms.nba.com/referee/injury/Injury-Report_2023-06-03_02PM.pdf
2026-08-16 16:26:40,062 INFO Skipped non-substantive snapshot (no date/matchup pairs): timestamp=2023-06-03T03:30:00 source_url=https://ak-static.cms.nba.com/referee/injury/Injury-Report_2023-06-03_03AM.pdf
2026-08-16 16:26:40,072 INFO Skipped non-substantive snapshot (no date/matchup pairs): timestamp=2023-06-03T15:30:00 source_url=https://ak-static.cms.nba.com/referee/injury/Injury-Report_2023-06-03_03PM.pdf
2026-08-16 16:26:40,077 INFO Skipped non-substantive snapshot (no date/matchup pairs): timestamp=2023-06-03T04:30:00 source_url=https://ak-static.cms.nba.com/referee/injury/Injury-Report_2023-06-03_04AM.pdf
2026-08-16 16:26:40,082 INFO Skipped non-substantive snapshot (no date/matchup pairs): timestamp=2023-06-03T16:30:00 source_url=https://ak-static.cms.nba.com/referee/injury/Injury-Report_2023-06-03_04PM.pdf
2026-08-16 16:26:40,087 INFO Skipped non-substantive snapshot (no date/matchup pairs): timestamp=2023-06-03T05:30:00 source_url=https://ak-static.cms.nba.com/referee/injury/Injury-Report_2023-06-03_05AM.pdf
2026-08-16 16:26:40,092 INFO Skipped non-substantive snapshot (no date/matchup pairs): timestamp=2023-06-03T17:30:00 source_url=https://ak-static.cms.nba.com/referee/injury/Injury-Report_2023-06-03_05PM.pdf
2026-08-16 16:26:40,096 INFO Skipped non-substantive snapshot (no date/matchup pairs): timestamp=2023-06-03T06:30:00 source_url=https://ak-static.cms.nba.com/referee/injury/Injury-Report_2023-06-03_06AM.pdf
2026-08-16 16:26:40,101 INFO Skipped non-substantive snapshot (no date/matchup pairs): timestamp=2023-06-03T18:30:00 source_url=https://ak-static.cms.nba.com/referee/injury/Injury-Report_2023-06-03_06PM.pdf
2026-08-16 16:26:40,106 INFO Skipped non-substantive snapshot (no date/matchup pairs): timestamp=2023-06-03T07:30:00 source_url=https://ak-static.cms.nba.com/referee/injury/Injury-Report_2023-06-03_07AM.pdf
2026-08-16 16:26:40,119 INFO Skipped non-substantive snapshot (no date/matchup pairs): timestamp=2023-06-03T08:30:00 source_url=https://ak-static.cms.nba.com/referee/injury/Injury-Report_2023-06-03_08AM.pdf
2026-08-16 16:26:40,132 INFO Skipped non-substantive snapshot (no date/matchup pairs): timestamp=2023-06-03T09:30:00 source_url=https://ak-static.cms.nba.com/referee/injury/Injury-Report_2023-06-03_09AM.pdf
2026-08-16 16:26:40,145 INFO Skipped non-substantive snapshot (no date/matchup pairs): timestamp=2023-06-03T10:30:00 source_url=https://ak-static.cms.nba.com/referee/injury/Injury-Report_2023-06-03_10AM.pdf
2026-08-16 16:26:40,160 INFO Skipped non-substantive snapshot (no date/matchup pairs): timestamp=2023-06-03T11:30:00 source_url=https://ak-static.cms.nba.com/referee/injury/Injury-Report_2023-06-03_11AM.pdf
2026-08-16 16:26:40,173 INFO Skipped non-substantive snapshot (no date/matchup pairs): timestamp=2023-06-03T00:30:00 source_url=https://ak-static.cms.nba.com/referee/injury/Injury-Report_2023-06-03_12AM.pdf
2026-08-16 16:26:40,178 INFO Skipped non-substantive snapshot (no date/matchup pairs): timestamp=2023-06-03T12:30:00 source_url=https://ak-static.cms.nba.com/referee/injury/Injury-Report_2023-06-03_12PM.pdf
2026-08-16 16:26:40,178 INFO Direct NBA day 229/371: 2023-06-03, 24 discovered -> 1 selected
2026-08-16 16:26:41,112 INFO NBA backfill checkpoint processed=1/1 parsed=1 missing=0 http_failed=0 invalid_pdf=0 parse_failed=0
2026-08-16 16:26:41,927 INFO Suppressed 18 entries from older reports for games superseded by newer snapshots on 2023-06-03
2026-08-16 16:27:35,883 INFO Direct NBA day 230/371: 2023-06-04, 24 discovered -> 1 selected
2026-08-16 16:27:36,736 INFO NBA backfill checkpoint processed=1/1 parsed=1 missing=0 http_failed=0 invalid_pdf=0 parse_failed=0
2026-08-16 16:27:37,595 INFO Suppressed 24 entries from older reports for games superseded by newer snapshots on 2023-06-04
2026-08-16 16:28:03,918 INFO Direct NBA day 231/371: 2023-06-05, 0 discovered -> 0 selected
2026-08-16 16:28:57,936 INFO Skipped non-substantive snapshot (no date/matchup pairs): timestamp=2023-06-06T01:30:00 source_url=https://ak-static.cms.nba.com/referee/injury/Injury-Report_2023-06-06_01AM.pdf
2026-08-16 16:28:57,946 INFO Skipped non-substantive snapshot (no date/matchup pairs): timestamp=2023-06-06T13:30:00 source_url=https://ak-static.cms.nba.com/referee/injury/Injury-Report_2023-06-06_01PM.pdf
2026-08-16 16:28:57,954 INFO Skipped non-substantive snapshot (no date/matchup pairs): timestamp=2023-06-06T02:30:00 source_url=https://ak-static.cms.nba.com/referee/injury/Injury-Report_2023-06-06_02AM.pdf
2026-08-16 16:28:57,962 INFO Skipped non-substantive snapshot (no date/matchup pairs): timestamp=2023-06-06T14:30:00 source_url=https://ak-static.cms.nba.com/referee/injury/Injury-Report_2023-06-06_02PM.pdf
2026-08-16 16:28:57,969 INFO Skipped non-substantive snapshot (no date/matchup pairs): timestamp=2023-06-06T03:30:00 source_url=https://ak-static.cms.nba.com/referee/injury/Injury-Report_2023-06-06_03AM.pdf
2026-08-16 16:28:57,975 INFO Skipped non-substantive snapshot (no date/matchup pairs): timestamp=2023-06-06T15:30:00 source_url=https://ak-static.cms.nba.com/referee/injury/Injury-Report_2023-06-06_03PM.pdf
2026-08-16 16:28:57,980 INFO Skipped non-substantive snapshot (no date/matchup pairs): timestamp=2023-06-06T04:30:00 source_url=https://ak-static.cms.nba.com/referee/injury/Injury-Report_2023-06-06_04AM.pdf
2026-08-16 16:28:57,985 INFO Skipped non-substantive snapshot (no date/matchup pairs): timestamp=2023-06-06T16:30:00 source_url=https://ak-static.cms.nba.com/referee/injury/Injury-Report_2023-06-06_04PM.pdf
2026-08-16 16:28:57,990 INFO Skipped non-substantive snapshot (no date/matchup pairs): timestamp=2023-06-06T05:30:00 source_url=https://ak-static.cms.nba.com/referee/injury/Injury-Report_2023-06-06_05AM.pdf
2026-08-16 16:28:58,004 INFO Skipped non-substantive snapshot (no date/matchup pairs): timestamp=2023-06-06T06:30:00 source_url=https://ak-static.cms.nba.com/referee/injury/Injury-Report_2023-06-06_06AM.pdf
2026-08-16 16:28:58,016 INFO Skipped non-substantive snapshot (no date/matchup pairs): timestamp=2023-06-06T07:30:00 source_url=https://ak-static.cms.nba.com/referee/injury/Injury-Report_2023-06-06_07AM.pdf
2026-08-16 16:28:58,029 INFO Skipped non-substantive snapshot (no date/matchup pairs): timestamp=2023-06-06T08:30:00 source_url=https://ak-static.cms.nba.com/referee/injury/Injury-Report_2023-06-06_08AM.pdf
2026-08-16 16:28:58,041 INFO Skipped non-substantive snapshot (no date/matchup pairs): timestamp=2023-06-06T09:30:00 source_url=https://ak-static.cms.nba.com/referee/injury/Injury-Report_2023-06-06_09AM.pdf
2026-08-16 16:28:58,053 INFO Skipped non-substantive snapshot (no date/matchup pairs): timestamp=2023-06-06T10:30:00 source_url=https://ak-static.cms.nba.com/referee/injury/Injury-Report_2023-06-06_10AM.pdf
2026-08-16 16:28:58,066 INFO Skipped non-substantive snapshot (no date/matchup pairs): timestamp=2023-06-06T11:30:00 source_url=https://ak-static.cms.nba.com/referee/injury/Injury-Report_2023-06-06_11AM.pdf
2026-08-16 16:28:58,080 INFO Skipped non-substantive snapshot (no date/matchup pairs): timestamp=2023-06-06T00:30:00 source_url=https://ak-static.cms.nba.com/referee/injury/Injury-Report_2023-06-06_12AM.pdf
2026-08-16 16:28:58,084 INFO Skipped non-substantive snapshot (no date/matchup pairs): timestamp=2023-06-06T12:30:00 source_url=https://ak-static.cms.nba.com/referee/injury/Injury-Report_2023-06-06_12PM.pdf
2026-08-16 16:28:58,084 INFO Direct NBA day 232/371: 2023-06-06, 24 discovered -> 1 selected
2026-08-16 16:28:59,016 INFO NBA backfill checkpoint processed=1/1 parsed=1 missing=0 http_failed=0 invalid_pdf=0 parse_failed=0
2026-08-16 16:29:53,496 INFO Direct NBA day 233/371: 2023-06-07, 24 discovered -> 1 selected
2026-08-16 16:29:54,356 INFO NBA backfill checkpoint processed=1/1 parsed=1 missing=0 http_failed=0 invalid_pdf=0 parse_failed=0
2026-08-16 16:29:55,102 INFO Suppressed 10 entries from older reports for games superseded by newer snapshots on 2023-06-07
2026-08-16 16:30:49,914 INFO Skipped non-substantive snapshot (no date/matchup pairs): timestamp=2023-06-08T01:30:00 source_url=https://ak-static.cms.nba.com/referee/injury/Injury-Report_2023-06-08_01AM.pdf
2026-08-16 16:30:49,925 INFO Skipped non-substantive snapshot (no date/matchup pairs): timestamp=2023-06-08T13:30:00 source_url=https://ak-static.cms.nba.com/referee/injury/Injury-Report_2023-06-08_01PM.pdf
2026-08-16 16:30:49,933 INFO Skipped non-substantive snapshot (no date/matchup pairs): timestamp=2023-06-08T02:30:00 source_url=https://ak-static.cms.nba.com/referee/injury/Injury-Report_2023-06-08_02AM.pdf
2026-08-16 16:30:49,944 INFO Skipped non-substantive snapshot (no date/matchup pairs): timestamp=2023-06-08T14:30:00 source_url=https://ak-static.cms.nba.com/referee/injury/Injury-Report_2023-06-08_02PM.pdf
2026-08-16 16:30:49,951 INFO Skipped non-substantive snapshot (no date/matchup pairs): timestamp=2023-06-08T03:30:00 source_url=https://ak-static.cms.nba.com/referee/injury/Injury-Report_2023-06-08_03AM.pdf
2026-08-16 16:30:49,957 INFO Skipped non-substantive snapshot (no date/matchup pairs): timestamp=2023-06-08T15:30:00 source_url=https://ak-static.cms.nba.com/referee/injury/Injury-Report_2023-06-08_03PM.pdf
2026-08-16 16:30:49,962 INFO Skipped non-substantive snapshot (no date/matchup pairs): timestamp=2023-06-08T04:30:00 source_url=https://ak-static.cms.nba.com/referee/injury/Injury-Report_2023-06-08_04AM.pdf
2026-08-16 16:30:49,976 INFO Skipped non-substantive snapshot (no date/matchup pairs): timestamp=2023-06-08T05:30:00 source_url=https://ak-static.cms.nba.com/referee/injury/Injury-Report_2023-06-08_05AM.pdf
2026-08-16 16:30:49,988 INFO Skipped non-substantive snapshot (no date/matchup pairs): timestamp=2023-06-08T06:30:00 source_url=https://ak-static.cms.nba.com/referee/injury/Injury-Report_2023-06-08_06AM.pdf
2026-08-16 16:30:50,000 INFO Skipped non-substantive snapshot (no date/matchup pairs): timestamp=2023-06-08T07:30:00 source_url=https://ak-static.cms.nba.com/referee/injury/Injury-Report_2023-06-08_07AM.pdf
2026-08-16 16:30:50,013 INFO Skipped non-substantive snapshot (no date/matchup pairs): timestamp=2023-06-08T08:30:00 source_url=https://ak-static.cms.nba.com/referee/injury/Injury-Report_2023-06-08_08AM.pdf
2026-08-16 16:30:50,025 INFO Skipped non-substantive snapshot (no date/matchup pairs): timestamp=2023-06-08T09:30:00 source_url=https://ak-static.cms.nba.com/referee/injury/Injury-Report_2023-06-08_09AM.pdf
2026-08-16 16:30:50,039 INFO Skipped non-substantive snapshot (no date/matchup pairs): timestamp=2023-06-08T10:30:00 source_url=https://ak-static.cms.nba.com/referee/injury/Injury-Report_2023-06-08_10AM.pdf
2026-08-16 16:30:50,051 INFO Skipped non-substantive snapshot (no date/matchup pairs): timestamp=2023-06-08T11:30:00 source_url=https://ak-static.cms.nba.com/referee/injury/Injury-Report_2023-06-08_11AM.pdf
2026-08-16 16:30:50,064 INFO Skipped non-substantive snapshot (no date/matchup pairs): timestamp=2023-06-08T00:30:00 source_url=https://ak-static.cms.nba.com/referee/injury/Injury-Report_2023-06-08_12AM.pdf
2026-08-16 16:30:50,068 INFO Skipped non-substantive snapshot (no date/matchup pairs): timestamp=2023-06-08T12:30:00 source_url=https://ak-static.cms.nba.com/referee/injury/Injury-Report_2023-06-08_12PM.pdf
2026-08-16 16:30:50,068 INFO Direct NBA day 234/371: 2023-06-08, 24 discovered -> 1 selected
2026-08-16 16:30:50,761 INFO Suppressed 5 entries from older reports for games superseded by newer snapshots on 2023-06-08
2026-08-16 16:31:45,101 INFO Direct NBA day 235/371: 2023-06-09, 24 discovered -> 1 selected
2026-08-16 16:31:45,977 INFO NBA backfill checkpoint processed=1/1 parsed=1 missing=0 http_failed=0 invalid_pdf=0 parse_failed=0
2026-08-16 16:31:46,716 INFO Suppressed 10 entries from older reports for games superseded by newer snapshots on 2023-06-09
2026-08-16 16:32:13,521 INFO Direct NBA day 236/371: 2023-06-10, 0 discovered -> 0 selected
2026-08-16 16:33:07,386 INFO Skipped non-substantive snapshot (no date/matchup pairs): timestamp=2023-06-11T01:30:00 source_url=https://ak-static.cms.nba.com/referee/injury/Injury-Report_2023-06-11_01AM.pdf
2026-08-16 16:33:07,398 INFO Skipped non-substantive snapshot (no date/matchup pairs): timestamp=2023-06-11T13:30:00 source_url=https://ak-static.cms.nba.com/referee/injury/Injury-Report_2023-06-11_01PM.pdf
2026-08-16 16:33:07,406 INFO Skipped non-substantive snapshot (no date/matchup pairs): timestamp=2023-06-11T02:30:00 source_url=https://ak-static.cms.nba.com/referee/injury/Injury-Report_2023-06-11_02AM.pdf
2026-08-16 16:33:07,414 INFO Skipped non-substantive snapshot (no date/matchup pairs): timestamp=2023-06-11T14:30:00 source_url=https://ak-static.cms.nba.com/referee/injury/Injury-Report_2023-06-11_02PM.pdf
2026-08-16 16:33:07,421 INFO Skipped non-substantive snapshot (no date/matchup pairs): timestamp=2023-06-11T03:30:00 source_url=https://ak-static.cms.nba.com/referee/injury/Injury-Report_2023-06-11_03AM.pdf
2026-08-16 16:33:07,427 INFO Skipped non-substantive snapshot (no date/matchup pairs): timestamp=2023-06-11T15:30:00 source_url=https://ak-static.cms.nba.com/referee/injury/Injury-Report_2023-06-11_03PM.pdf
2026-08-16 16:33:07,433 INFO Skipped non-substantive snapshot (no date/matchup pairs): timestamp=2023-06-11T04:30:00 source_url=https://ak-static.cms.nba.com/referee/injury/Injury-Report_2023-06-11_04AM.pdf
2026-08-16 16:33:07,438 INFO Skipped non-substantive snapshot (no date/matchup pairs): timestamp=2023-06-11T16:30:00 source_url=https://ak-static.cms.nba.com/referee/injury/Injury-Report_2023-06-11_04PM.pdf
2026-08-16 16:33:07,443 INFO Skipped non-substantive snapshot (no date/matchup pairs): timestamp=2023-06-11T05:30:00 source_url=https://ak-static.cms.nba.com/referee/injury/Injury-Report_2023-06-11_05AM.pdf
2026-08-16 16:33:07,448 INFO Skipped non-substantive snapshot (no date/matchup pairs): timestamp=2023-06-11T17:30:00 source_url=https://ak-static.cms.nba.com/referee/injury/Injury-Report_2023-06-11_05PM.pdf
2026-08-16 16:33:07,453 INFO Skipped non-substantive snapshot (no date/matchup pairs): timestamp=2023-06-11T06:30:00 source_url=https://ak-static.cms.nba.com/referee/injury/Injury-Report_2023-06-11_06AM.pdf
2026-08-16 16:33:07,465 INFO Skipped non-substantive snapshot (no date/matchup pairs): timestamp=2023-06-11T07:30:00 source_url=https://ak-static.cms.nba.com/referee/injury/Injury-Report_2023-06-11_07AM.pdf
2026-08-16 16:33:07,477 INFO Skipped non-substantive snapshot (no date/matchup pairs): timestamp=2023-06-11T08:30:00 source_url=https://ak-static.cms.nba.com/referee/injury/Injury-Report_2023-06-11_08AM.pdf
2026-08-16 16:33:07,491 INFO Skipped non-substantive snapshot (no date/matchup pairs): timestamp=2023-06-11T09:30:00 source_url=https://ak-static.cms.nba.com/referee/injury/Injury-Report_2023-06-11_09AM.pdf
2026-08-16 16:33:07,503 INFO Skipped non-substantive snapshot (no date/matchup pairs): timestamp=2023-06-11T10:30:00 source_url=https://ak-static.cms.nba.com/referee/injury/Injury-Report_2023-06-11_10AM.pdf
2026-08-16 16:33:07,516 INFO Skipped non-substantive snapshot (no date/matchup pairs): timestamp=2023-06-11T11:30:00 source_url=https://ak-static.cms.nba.com/referee/injury/Injury-Report_2023-06-11_11AM.pdf
2026-08-16 16:33:07,528 INFO Skipped non-substantive snapshot (no date/matchup pairs): timestamp=2023-06-11T00:30:00 source_url=https://ak-static.cms.nba.com/referee/injury/Injury-Report_2023-06-11_12AM.pdf
2026-08-16 16:33:07,533 INFO Skipped non-substantive snapshot (no date/matchup pairs): timestamp=2023-06-11T12:30:00 source_url=https://ak-static.cms.nba.com/referee/injury/Injury-Report_2023-06-11_12PM.pdf
2026-08-16 16:33:07,533 INFO Direct NBA day 237/371: 2023-06-11, 24 discovered -> 1 selected
2026-08-16 16:33:08,467 INFO NBA backfill checkpoint processed=1/1 parsed=1 missing=0 http_failed=0 invalid_pdf=0 parse_failed=0
2026-08-16 16:33:09,207 INFO Suppressed 10 entries from older reports for games superseded by newer snapshots on 2023-06-11
2026-08-16 16:34:02,303 INFO Direct NBA day 238/371: 2023-06-12, 24 discovered -> 1 selected
2026-08-16 16:34:03,179 INFO NBA backfill checkpoint processed=1/1 parsed=1 missing=0 http_failed=0 invalid_pdf=0 parse_failed=0
2026-08-16 16:34:04,377 INFO Suppressed 60 entries from older reports for games superseded by newer snapshots on 2023-06-12
2026-08-16 16:34:30,250 INFO Direct NBA day 239/371: 2023-06-13, 0 discovered -> 0 selected
2026-08-16 16:34:55,993 INFO Direct NBA day 240/371: 2023-06-14, 0 discovered -> 0 selected
2026-08-16 16:35:22,309 INFO Direct NBA day 241/371: 2023-06-15, 0 discovered -> 0 selected
2026-08-16 16:35:47,964 INFO Direct NBA day 242/371: 2023-06-16, 0 discovered -> 0 selected
2026-08-16 16:36:14,023 INFO Direct NBA day 243/371: 2023-06-17, 0 discovered -> 0 selected
2026-08-16 16:36:39,678 INFO Direct NBA day 244/371: 2023-06-18, 0 discovered -> 0 selected
2026-08-16 16:37:05,945 INFO Direct NBA day 245/371: 2023-06-19, 0 discovered -> 0 selected
2026-08-16 16:37:31,547 INFO Direct NBA day 246/371: 2023-06-20, 0 discovered -> 0 selected
2026-08-16 16:37:57,246 INFO Direct NBA day 247/371: 2023-06-21, 0 discovered -> 0 selected
2026-08-16 16:38:23,368 INFO Direct NBA day 248/371: 2023-06-22, 0 discovered -> 0 selected
2026-08-16 16:38:49,572 INFO Direct NBA day 249/371: 2023-06-23, 0 discovered -> 0 selected
2026-08-16 16:39:15,356 INFO Direct NBA day 250/371: 2023-06-24, 0 discovered -> 0 selected
2026-08-16 16:39:41,175 INFO Direct NBA day 251/371: 2023-06-25, 0 discovered -> 0 selected
2026-08-16 16:40:06,838 INFO Direct NBA day 252/371: 2023-06-26, 0 discovered -> 0 selected
2026-08-16 16:40:32,651 INFO Direct NBA day 253/371: 2023-06-27, 0 discovered -> 0 selected
2026-08-16 16:40:58,484 INFO Direct NBA day 254/371: 2023-06-28, 0 discovered -> 0 selected
2026-08-16 16:41:24,491 INFO Direct NBA day 255/371: 2023-06-29, 0 discovered -> 0 selected
2026-08-16 16:41:50,181 INFO Direct NBA day 256/371: 2023-06-30, 0 discovered -> 0 selected
2026-08-16 16:42:16,131 INFO Direct NBA day 257/371: 2023-07-01, 0 discovered -> 0 selected
2026-08-16 16:43:10,487 INFO Skipped non-substantive snapshot (no date/matchup pairs): timestamp=2023-07-02T01:30:00 source_url=https://ak-static.cms.nba.com/referee/injury/Injury-Report_2023-07-02_01AM.pdf
2026-08-16 16:43:10,498 INFO Skipped non-substantive snapshot (no date/matchup pairs): timestamp=2023-07-02T13:30:00 source_url=https://ak-static.cms.nba.com/referee/injury/Injury-Report_2023-07-02_01PM.pdf
2026-08-16 16:43:10,508 INFO Skipped non-substantive snapshot (no date/matchup pairs): timestamp=2023-07-02T02:30:00 source_url=https://ak-static.cms.nba.com/referee/injury/Injury-Report_2023-07-02_02AM.pdf
2026-08-16 16:43:10,516 INFO Skipped non-substantive snapshot (no date/matchup pairs): timestamp=2023-07-02T14:30:00 source_url=https://ak-static.cms.nba.com/referee/injury/Injury-Report_2023-07-02_02PM.pdf
2026-08-16 16:43:10,523 INFO Skipped non-substantive snapshot (no date/matchup pairs): timestamp=2023-07-02T03:30:00 source_url=https://ak-static.cms.nba.com/referee/injury/Injury-Report_2023-07-02_03AM.pdf
2026-08-16 16:43:10,530 INFO Skipped non-substantive snapshot (no date/matchup pairs): timestamp=2023-07-02T15:30:00 source_url=https://ak-static.cms.nba.com/referee/injury/Injury-Report_2023-07-02_03PM.pdf
2026-08-16 16:43:10,537 INFO Skipped non-substantive snapshot (no date/matchup pairs): timestamp=2023-07-02T04:30:00 source_url=https://ak-static.cms.nba.com/referee/injury/Injury-Report_2023-07-02_04AM.pdf
2026-08-16 16:43:10,543 INFO Skipped non-substantive snapshot (no date/matchup pairs): timestamp=2023-07-02T16:30:00 source_url=https://ak-static.cms.nba.com/referee/injury/Injury-Report_2023-07-02_04PM.pdf
2026-08-16 16:43:10,549 INFO Skipped non-substantive snapshot (no date/matchup pairs): timestamp=2023-07-02T05:30:00 source_url=https://ak-static.cms.nba.com/referee/injury/Injury-Report_2023-07-02_05AM.pdf
2026-08-16 16:43:10,555 INFO Skipped non-substantive snapshot (no date/matchup pairs): timestamp=2023-07-02T17:30:00 source_url=https://ak-static.cms.nba.com/referee/injury/Injury-Report_2023-07-02_05PM.pdf
2026-08-16 16:43:10,561 INFO Skipped non-substantive snapshot (no date/matchup pairs): timestamp=2023-07-02T06:30:00 source_url=https://ak-static.cms.nba.com/referee/injury/Injury-Report_2023-07-02_06AM.pdf
2026-08-16 16:43:10,567 INFO Skipped non-substantive snapshot (no date/matchup pairs): timestamp=2023-07-02T18:30:00 source_url=https://ak-static.cms.nba.com/referee/injury/Injury-Report_2023-07-02_06PM.pdf
2026-08-16 16:43:10,574 INFO Skipped non-substantive snapshot (no date/matchup pairs): timestamp=2023-07-02T07:30:00 source_url=https://ak-static.cms.nba.com/referee/injury/Injury-Report_2023-07-02_07AM.pdf
2026-08-16 16:43:10,582 INFO Skipped non-substantive snapshot (no date/matchup pairs): timestamp=2023-07-02T19:30:00 source_url=https://ak-static.cms.nba.com/referee/injury/Injury-Report_2023-07-02_07PM.pdf
2026-08-16 16:43:10,588 INFO Skipped non-substantive snapshot (no date/matchup pairs): timestamp=2023-07-02T08:30:00 source_url=https://ak-static.cms.nba.com/referee/injury/Injury-Report_2023-07-02_08AM.pdf
2026-08-16 16:43:10,594 INFO Skipped non-substantive snapshot (no date/matchup pairs): timestamp=2023-07-02T20:30:00 source_url=https://ak-static.cms.nba.com/referee/injury/Injury-Report_2023-07-02_08PM.pdf
2026-08-16 16:43:10,600 INFO Skipped non-substantive snapshot (no date/matchup pairs): timestamp=2023-07-02T09:30:00 source_url=https://ak-static.cms.nba.com/referee/injury/Injury-Report_2023-07-02_09AM.pdf
2026-08-16 16:43:10,606 INFO Skipped non-substantive snapshot (no date/matchup pairs): timestamp=2023-07-02T21:30:00 source_url=https://ak-static.cms.nba.com/referee/injury/Injury-Report_2023-07-02_09PM.pdf
2026-08-16 16:43:10,612 INFO Skipped non-substantive snapshot (no date/matchup pairs): timestamp=2023-07-02T10:30:00 source_url=https://ak-static.cms.nba.com/referee/injury/Injury-Report_2023-07-02_10AM.pdf
2026-08-16 16:43:10,619 INFO Skipped non-substantive snapshot (no date/matchup pairs): timestamp=2023-07-02T22:30:00 source_url=https://ak-static.cms.nba.com/referee/injury/Injury-Report_2023-07-02_10PM.pdf
2026-08-16 16:43:10,625 INFO Skipped non-substantive snapshot (no date/matchup pairs): timestamp=2023-07-02T11:30:00 source_url=https://ak-static.cms.nba.com/referee/injury/Injury-Report_2023-07-02_11AM.pdf
2026-08-16 16:43:10,631 INFO Skipped non-substantive snapshot (no date/matchup pairs): timestamp=2023-07-02T23:30:00 source_url=https://ak-static.cms.nba.com/referee/injury/Injury-Report_2023-07-02_11PM.pdf
2026-08-16 16:43:10,637 INFO Skipped non-substantive snapshot (no date/matchup pairs): timestamp=2023-07-02T00:30:00 source_url=https://ak-static.cms.nba.com/referee/injury/Injury-Report_2023-07-02_12AM.pdf
2026-08-16 16:43:10,643 INFO Skipped non-substantive snapshot (no date/matchup pairs): timestamp=2023-07-02T12:30:00 source_url=https://ak-static.cms.nba.com/referee/injury/Injury-Report_2023-07-02_12PM.pdf
2026-08-16 16:43:10,643 INFO Direct NBA day 258/371: 2023-07-02, 24 discovered -> 0 selected
2026-08-16 16:44:05,837 INFO Skipped non-substantive snapshot (no date/matchup pairs): timestamp=2023-07-03T01:30:00 source_url=https://ak-static.cms.nba.com/referee/injury/Injury-Report_2023-07-03_01AM.pdf
2026-08-16 16:44:05,848 INFO Skipped non-substantive snapshot (no date/matchup pairs): timestamp=2023-07-03T13:30:00 source_url=https://ak-static.cms.nba.com/referee/injury/Injury-Report_2023-07-03_01PM.pdf
2026-08-16 16:44:05,857 INFO Skipped non-substantive snapshot (no date/matchup pairs): timestamp=2023-07-03T02:30:00 source_url=https://ak-static.cms.nba.com/referee/injury/Injury-Report_2023-07-03_02AM.pdf
2026-08-16 16:44:05,866 INFO Skipped non-substantive snapshot (no date/matchup pairs): timestamp=2023-07-03T14:30:00 source_url=https://ak-static.cms.nba.com/referee/injury/Injury-Report_2023-07-03_02PM.pdf
2026-08-16 16:44:05,873 INFO Skipped non-substantive snapshot (no date/matchup pairs): timestamp=2023-07-03T03:30:00 source_url=https://ak-static.cms.nba.com/referee/injury/Injury-Report_2023-07-03_03AM.pdf
2026-08-16 16:44:05,880 INFO Skipped non-substantive snapshot (no date/matchup pairs): timestamp=2023-07-03T15:30:00 source_url=https://ak-static.cms.nba.com/referee/injury/Injury-Report_2023-07-03_03PM.pdf
2026-08-16 16:44:05,887 INFO Skipped non-substantive snapshot (no date/matchup pairs): timestamp=2023-07-03T04:30:00 source_url=https://ak-static.cms.nba.com/referee/injury/Injury-Report_2023-07-03_04AM.pdf
2026-08-16 16:44:05,893 INFO Skipped non-substantive snapshot (no date/matchup pairs): timestamp=2023-07-03T16:30:00 source_url=https://ak-static.cms.nba.com/referee/injury/Injury-Report_2023-07-03_04PM.pdf
2026-08-16 16:44:05,899 INFO Skipped non-substantive snapshot (no date/matchup pairs): timestamp=2023-07-03T05:30:00 source_url=https://ak-static.cms.nba.com/referee/injury/Injury-Report_2023-07-03_05AM.pdf
2026-08-16 16:44:05,905 INFO Skipped non-substantive snapshot (no date/matchup pairs): timestamp=2023-07-03T17:30:00 source_url=https://ak-static.cms.nba.com/referee/injury/Injury-Report_2023-07-03_05PM.pdf
2026-08-16 16:44:05,911 INFO Skipped non-substantive snapshot (no date/matchup pairs): timestamp=2023-07-03T06:30:00 source_url=https://ak-static.cms.nba.com/referee/injury/Injury-Report_2023-07-03_06AM.pdf
2026-08-16 16:44:05,917 INFO Skipped non-substantive snapshot (no date/matchup pairs): timestamp=2023-07-03T18:30:00 source_url=https://ak-static.cms.nba.com/referee/injury/Injury-Report_2023-07-03_06PM.pdf
2026-08-16 16:44:05,926 INFO Skipped non-substantive snapshot (no date/matchup pairs): timestamp=2023-07-03T07:30:00 source_url=https://ak-static.cms.nba.com/referee/injury/Injury-Report_2023-07-03_07AM.pdf
2026-08-16 16:44:05,932 INFO Skipped non-substantive snapshot (no date/matchup pairs): timestamp=2023-07-03T19:30:00 source_url=https://ak-static.cms.nba.com/referee/injury/Injury-Report_2023-07-03_07PM.pdf
2026-08-16 16:44:05,938 INFO Skipped non-substantive snapshot (no date/matchup pairs): timestamp=2023-07-03T08:30:00 source_url=https://ak-static.cms.nba.com/referee/injury/Injury-Report_2023-07-03_08AM.pdf
2026-08-16 16:44:05,944 INFO Skipped non-substantive snapshot (no date/matchup pairs): timestamp=2023-07-03T20:30:00 source_url=https://ak-static.cms.nba.com/referee/injury/Injury-Report_2023-07-03_08PM.pdf
2026-08-16 16:44:05,950 INFO Skipped non-substantive snapshot (no date/matchup pairs): timestamp=2023-07-03T09:30:00 source_url=https://ak-static.cms.nba.com/referee/injury/Injury-Report_2023-07-03_09AM.pdf
2026-08-16 16:44:05,956 INFO Skipped non-substantive snapshot (no date/matchup pairs): timestamp=2023-07-03T21:30:00 source_url=https://ak-static.cms.nba.com/referee/injury/Injury-Report_2023-07-03_09PM.pdf
2026-08-16 16:44:05,962 INFO Skipped non-substantive snapshot (no date/matchup pairs): timestamp=2023-07-03T10:30:00 source_url=https://ak-static.cms.nba.com/referee/injury/Injury-Report_2023-07-03_10AM.pdf
2026-08-16 16:44:05,968 INFO Skipped non-substantive snapshot (no date/matchup pairs): timestamp=2023-07-03T22:30:00 source_url=https://ak-static.cms.nba.com/referee/injury/Injury-Report_2023-07-03_10PM.pdf
2026-08-16 16:44:05,975 INFO Skipped non-substantive snapshot (no date/matchup pairs): timestamp=2023-07-03T11:30:00 source_url=https://ak-static.cms.nba.com/referee/injury/Injury-Report_2023-07-03_11AM.pdf
2026-08-16 16:44:05,981 INFO Skipped non-substantive snapshot (no date/matchup pairs): timestamp=2023-07-03T23:30:00 source_url=https://ak-static.cms.nba.com/referee/injury/Injury-Report_2023-07-03_11PM.pdf
2026-08-16 16:44:05,987 INFO Skipped non-substantive snapshot (no date/matchup pairs): timestamp=2023-07-03T00:30:00 source_url=https://ak-static.cms.nba.com/referee/injury/Injury-Report_2023-07-03_12AM.pdf
2026-08-16 16:44:05,993 INFO Skipped non-substantive snapshot (no date/matchup pairs): timestamp=2023-07-03T12:30:00 source_url=https://ak-static.cms.nba.com/referee/injury/Injury-Report_2023-07-03_12PM.pdf
2026-08-16 16:44:05,993 INFO Direct NBA day 259/371: 2023-07-03, 24 discovered -> 0 selected
2026-08-16 16:45:00,177 INFO Skipped non-substantive snapshot (no date/matchup pairs): timestamp=2023-07-04T01:30:00 source_url=https://ak-static.cms.nba.com/referee/injury/Injury-Report_2023-07-04_01AM.pdf
2026-08-16 16:45:00,188 INFO Skipped non-substantive snapshot (no date/matchup pairs): timestamp=2023-07-04T13:30:00 source_url=https://ak-static.cms.nba.com/referee/injury/Injury-Report_2023-07-04_01PM.pdf
2026-08-16 16:45:00,198 INFO Skipped non-substantive snapshot (no date/matchup pairs): timestamp=2023-07-04T02:30:00 source_url=https://ak-static.cms.nba.com/referee/injury/Injury-Report_2023-07-04_02AM.pdf
2026-08-16 16:45:00,206 INFO Skipped non-substantive snapshot (no date/matchup pairs): timestamp=2023-07-04T14:30:00 source_url=https://ak-static.cms.nba.com/referee/injury/Injury-Report_2023-07-04_02PM.pdf
2026-08-16 16:45:00,214 INFO Skipped non-substantive snapshot (no date/matchup pairs): timestamp=2023-07-04T03:30:00 source_url=https://ak-static.cms.nba.com/referee/injury/Injury-Report_2023-07-04_03AM.pdf
2026-08-16 16:45:00,220 INFO Skipped non-substantive snapshot (no date/matchup pairs): timestamp=2023-07-04T15:30:00 source_url=https://ak-static.cms.nba.com/referee/injury/Injury-Report_2023-07-04_03PM.pdf
2026-08-16 16:45:00,227 INFO Skipped non-substantive snapshot (no date/matchup pairs): timestamp=2023-07-04T04:30:00 source_url=https://ak-static.cms.nba.com/referee/injury/Injury-Report_2023-07-04_04AM.pdf
2026-08-16 16:45:00,233 INFO Skipped non-substantive snapshot (no date/matchup pairs): timestamp=2023-07-04T16:30:00 source_url=https://ak-static.cms.nba.com/referee/injury/Injury-Report_2023-07-04_04PM.pdf
2026-08-16 16:45:00,239 INFO Skipped non-substantive snapshot (no date/matchup pairs): timestamp=2023-07-04T05:30:00 source_url=https://ak-static.cms.nba.com/referee/injury/Injury-Report_2023-07-04_05AM.pdf
2026-08-16 16:45:00,245 INFO Skipped non-substantive snapshot (no date/matchup pairs): timestamp=2023-07-04T17:30:00 source_url=https://ak-static.cms.nba.com/referee/injury/Injury-Report_2023-07-04_05PM.pdf
2026-08-16 16:45:00,252 INFO Skipped non-substantive snapshot (no date/matchup pairs): timestamp=2023-07-04T06:30:00 source_url=https://ak-static.cms.nba.com/referee/injury/Injury-Report_2023-07-04_06AM.pdf
2026-08-16 16:45:00,258 INFO Skipped non-substantive snapshot (no date/matchup pairs): timestamp=2023-07-04T18:30:00 source_url=https://ak-static.cms.nba.com/referee/injury/Injury-Report_2023-07-04_06PM.pdf
2026-08-16 16:45:00,264 INFO Skipped non-substantive snapshot (no date/matchup pairs): timestamp=2023-07-04T07:30:00 source_url=https://ak-static.cms.nba.com/referee/injury/Injury-Report_2023-07-04_07AM.pdf
2026-08-16 16:45:00,272 INFO Skipped non-substantive snapshot (no date/matchup pairs): timestamp=2023-07-04T19:30:00 source_url=https://ak-static.cms.nba.com/referee/injury/Injury-Report_2023-07-04_07PM.pdf
2026-08-16 16:45:00,278 INFO Skipped non-substantive snapshot (no date/matchup pairs): timestamp=2023-07-04T08:30:00 source_url=https://ak-static.cms.nba.com/referee/injury/Injury-Report_2023-07-04_08AM.pdf
2026-08-16 16:45:00,284 INFO Skipped non-substantive snapshot (no date/matchup pairs): timestamp=2023-07-04T20:30:00 source_url=https://ak-static.cms.nba.com/referee/injury/Injury-Report_2023-07-04_08PM.pdf
2026-08-16 16:45:00,290 INFO Skipped non-substantive snapshot (no date/matchup pairs): timestamp=2023-07-04T09:30:00 source_url=https://ak-static.cms.nba.com/referee/injury/Injury-Report_2023-07-04_09AM.pdf
2026-08-16 16:45:00,297 INFO Skipped non-substantive snapshot (no date/matchup pairs): timestamp=2023-07-04T21:30:00 source_url=https://ak-static.cms.nba.com/referee/injury/Injury-Report_2023-07-04_09PM.pdf
2026-08-16 16:45:00,303 INFO Skipped non-substantive snapshot (no date/matchup pairs): timestamp=2023-07-04T10:30:00 source_url=https://ak-static.cms.nba.com/referee/injury/Injury-Report_2023-07-04_10AM.pdf
2026-08-16 16:45:00,309 INFO Skipped non-substantive snapshot (no date/matchup pairs): timestamp=2023-07-04T22:30:00 source_url=https://ak-static.cms.nba.com/referee/injury/Injury-Report_2023-07-04_10PM.pdf
2026-08-16 16:45:00,316 INFO Skipped non-substantive snapshot (no date/matchup pairs): timestamp=2023-07-04T11:30:00 source_url=https://ak-static.cms.nba.com/referee/injury/Injury-Report_2023-07-04_11AM.pdf
2026-08-16 16:45:00,322 INFO Skipped non-substantive snapshot (no date/matchup pairs): timestamp=2023-07-04T23:30:00 source_url=https://ak-static.cms.nba.com/referee/injury/Injury-Report_2023-07-04_11PM.pdf
2026-08-16 16:45:00,328 INFO Skipped non-substantive snapshot (no date/matchup pairs): timestamp=2023-07-04T00:30:00 source_url=https://ak-static.cms.nba.com/referee/injury/Injury-Report_2023-07-04_12AM.pdf
2026-08-16 16:45:00,334 INFO Skipped non-substantive snapshot (no date/matchup pairs): timestamp=2023-07-04T12:30:00 source_url=https://ak-static.cms.nba.com/referee/injury/Injury-Report_2023-07-04_12PM.pdf
2026-08-16 16:45:00,334 INFO Direct NBA day 260/371: 2023-07-04, 24 discovered -> 0 selected
2026-08-16 16:45:54,775 INFO Skipped non-substantive snapshot (no date/matchup pairs): timestamp=2023-07-05T01:30:00 source_url=https://ak-static.cms.nba.com/referee/injury/Injury-Report_2023-07-05_01AM.pdf
2026-08-16 16:45:54,790 INFO Skipped non-substantive snapshot (no date/matchup pairs): timestamp=2023-07-05T13:30:00 source_url=https://ak-static.cms.nba.com/referee/injury/Injury-Report_2023-07-05_01PM.pdf
2026-08-16 16:45:54,805 INFO Skipped non-substantive snapshot (no date/matchup pairs): timestamp=2023-07-05T02:30:00 source_url=https://ak-static.cms.nba.com/referee/injury/Injury-Report_2023-07-05_02AM.pdf
2026-08-16 16:45:54,815 INFO Skipped non-substantive snapshot (no date/matchup pairs): timestamp=2023-07-05T14:30:00 source_url=https://ak-static.cms.nba.com/referee/injury/Injury-Report_2023-07-05_02PM.pdf
2026-08-16 16:45:54,825 INFO Skipped non-substantive snapshot (no date/matchup pairs): timestamp=2023-07-05T03:30:00 source_url=https://ak-static.cms.nba.com/referee/injury/Injury-Report_2023-07-05_03AM.pdf
2026-08-16 16:45:54,834 INFO Skipped non-substantive snapshot (no date/matchup pairs): timestamp=2023-07-05T15:30:00 source_url=https://ak-static.cms.nba.com/referee/injury/Injury-Report_2023-07-05_03PM.pdf
2026-08-16 16:45:54,843 INFO Skipped non-substantive snapshot (no date/matchup pairs): timestamp=2023-07-05T04:30:00 source_url=https://ak-static.cms.nba.com/referee/injury/Injury-Report_2023-07-05_04AM.pdf
2026-08-16 16:45:54,852 INFO Skipped non-substantive snapshot (no date/matchup pairs): timestamp=2023-07-05T16:30:00 source_url=https://ak-static.cms.nba.com/referee/injury/Injury-Report_2023-07-05_04PM.pdf
2026-08-16 16:45:54,862 INFO Skipped non-substantive snapshot (no date/matchup pairs): timestamp=2023-07-05T05:30:00 source_url=https://ak-static.cms.nba.com/referee/injury/Injury-Report_2023-07-05_05AM.pdf
2026-08-16 16:45:54,871 INFO Skipped non-substantive snapshot (no date/matchup pairs): timestamp=2023-07-05T17:30:00 source_url=https://ak-static.cms.nba.com/referee/injury/Injury-Report_2023-07-05_05PM.pdf
2026-08-16 16:45:54,882 INFO Skipped non-substantive snapshot (no date/matchup pairs): timestamp=2023-07-05T06:30:00 source_url=https://ak-static.cms.nba.com/referee/injury/Injury-Report_2023-07-05_06AM.pdf
2026-08-16 16:45:54,891 INFO Skipped non-substantive snapshot (no date/matchup pairs): timestamp=2023-07-05T18:30:00 source_url=https://ak-static.cms.nba.com/referee/injury/Injury-Report_2023-07-05_06PM.pdf
2026-08-16 16:45:54,900 INFO Skipped non-substantive snapshot (no date/matchup pairs): timestamp=2023-07-05T07:30:00 source_url=https://ak-static.cms.nba.com/referee/injury/Injury-Report_2023-07-05_07AM.pdf
2026-08-16 16:45:54,910 INFO Skipped non-substantive snapshot (no date/matchup pairs): timestamp=2023-07-05T19:30:00 source_url=https://ak-static.cms.nba.com/referee/injury/Injury-Report_2023-07-05_07PM.pdf
2026-08-16 16:45:54,919 INFO Skipped non-substantive snapshot (no date/matchup pairs): timestamp=2023-07-05T08:30:00 source_url=https://ak-static.cms.nba.com/referee/injury/Injury-Report_2023-07-05_08AM.pdf
2026-08-16 16:45:54,928 INFO Skipped non-substantive snapshot (no date/matchup pairs): timestamp=2023-07-05T20:30:00 source_url=https://ak-static.cms.nba.com/referee/injury/Injury-Report_2023-07-05_08PM.pdf
2026-08-16 16:45:54,937 INFO Skipped non-substantive snapshot (no date/matchup pairs): timestamp=2023-07-05T09:30:00 source_url=https://ak-static.cms.nba.com/referee/injury/Injury-Report_2023-07-05_09AM.pdf
2026-08-16 16:45:54,948 INFO Skipped non-substantive snapshot (no date/matchup pairs): timestamp=2023-07-05T21:30:00 source_url=https://ak-static.cms.nba.com/referee/injury/Injury-Report_2023-07-05_09PM.pdf
2026-08-16 16:45:54,958 INFO Skipped non-substantive snapshot (no date/matchup pairs): timestamp=2023-07-05T10:30:00 source_url=https://ak-static.cms.nba.com/referee/injury/Injury-Report_2023-07-05_10AM.pdf
2026-08-16 16:45:54,967 INFO Skipped non-substantive snapshot (no date/matchup pairs): timestamp=2023-07-05T22:30:00 source_url=https://ak-static.cms.nba.com/referee/injury/Injury-Report_2023-07-05_10PM.pdf
2026-08-16 16:45:54,976 INFO Skipped non-substantive snapshot (no date/matchup pairs): timestamp=2023-07-05T11:30:00 source_url=https://ak-static.cms.nba.com/referee/injury/Injury-Report_2023-07-05_11AM.pdf
2026-08-16 16:45:54,985 INFO Skipped non-substantive snapshot (no date/matchup pairs): timestamp=2023-07-05T23:30:00 source_url=https://ak-static.cms.nba.com/referee/injury/Injury-Report_2023-07-05_11PM.pdf
2026-08-16 16:45:54,994 INFO Skipped non-substantive snapshot (no date/matchup pairs): timestamp=2023-07-05T00:30:00 source_url=https://ak-static.cms.nba.com/referee/injury/Injury-Report_2023-07-05_12AM.pdf
2026-08-16 16:45:55,005 INFO Skipped non-substantive snapshot (no date/matchup pairs): timestamp=2023-07-05T12:30:00 source_url=https://ak-static.cms.nba.com/referee/injury/Injury-Report_2023-07-05_12PM.pdf
2026-08-16 16:45:55,005 INFO Direct NBA day 261/371: 2023-07-05, 24 discovered -> 0 selected
2026-08-16 16:46:51,401 INFO Skipped non-substantive snapshot (no date/matchup pairs): timestamp=2023-07-06T01:30:00 source_url=https://ak-static.cms.nba.com/referee/injury/Injury-Report_2023-07-06_01AM.pdf
2026-08-16 16:46:51,423 INFO Skipped non-substantive snapshot (no date/matchup pairs): timestamp=2023-07-06T13:30:00 source_url=https://ak-static.cms.nba.com/referee/injury/Injury-Report_2023-07-06_01PM.pdf
2026-08-16 16:46:51,442 INFO Skipped non-substantive snapshot (no date/matchup pairs): timestamp=2023-07-06T02:30:00 source_url=https://ak-static.cms.nba.com/referee/injury/Injury-Report_2023-07-06_02AM.pdf
2026-08-16 16:46:51,461 INFO Skipped non-substantive snapshot (no date/matchup pairs): timestamp=2023-07-06T14:30:00 source_url=https://ak-static.cms.nba.com/referee/injury/Injury-Report_2023-07-06_02PM.pdf
2026-08-16 16:46:51,482 INFO Skipped non-substantive snapshot (no date/matchup pairs): timestamp=2023-07-06T03:30:00 source_url=https://ak-static.cms.nba.com/referee/injury/Injury-Report_2023-07-06_03AM.pdf
2026-08-16 16:46:51,501 INFO Skipped non-substantive snapshot (no date/matchup pairs): timestamp=2023-07-06T15:30:00 source_url=https://ak-static.cms.nba.com/referee/injury/Injury-Report_2023-07-06_03PM.pdf
2026-08-16 16:46:51,520 INFO Skipped non-substantive snapshot (no date/matchup pairs): timestamp=2023-07-06T04:30:00 source_url=https://ak-static.cms.nba.com/referee/injury/Injury-Report_2023-07-06_04AM.pdf
2026-08-16 16:46:51,541 INFO Skipped non-substantive snapshot (no date/matchup pairs): timestamp=2023-07-06T16:30:00 source_url=https://ak-static.cms.nba.com/referee/injury/Injury-Report_2023-07-06_04PM.pdf
2026-08-16 16:46:51,560 INFO Skipped non-substantive snapshot (no date/matchup pairs): timestamp=2023-07-06T05:30:00 source_url=https://ak-static.cms.nba.com/referee/injury/Injury-Report_2023-07-06_05AM.pdf
2026-08-16 16:46:51,579 INFO Skipped non-substantive snapshot (no date/matchup pairs): timestamp=2023-07-06T17:30:00 source_url=https://ak-static.cms.nba.com/referee/injury/Injury-Report_2023-07-06_05PM.pdf
2026-08-16 16:46:51,600 INFO Skipped non-substantive snapshot (no date/matchup pairs): timestamp=2023-07-06T06:30:00 source_url=https://ak-static.cms.nba.com/referee/injury/Injury-Report_2023-07-06_06AM.pdf
2026-08-16 16:46:51,619 INFO Skipped non-substantive snapshot (no date/matchup pairs): timestamp=2023-07-06T18:30:00 source_url=https://ak-static.cms.nba.com/referee/injury/Injury-Report_2023-07-06_06PM.pdf
2026-08-16 16:46:51,639 INFO Skipped non-substantive snapshot (no date/matchup pairs): timestamp=2023-07-06T07:30:00 source_url=https://ak-static.cms.nba.com/referee/injury/Injury-Report_2023-07-06_07AM.pdf
2026-08-16 16:46:51,659 INFO Skipped non-substantive snapshot (no date/matchup pairs): timestamp=2023-07-06T19:30:00 source_url=https://ak-static.cms.nba.com/referee/injury/Injury-Report_2023-07-06_07PM.pdf
2026-08-16 16:46:51,716 INFO Skipped non-substantive snapshot (no date/matchup pairs): timestamp=2023-07-06T08:30:00 source_url=https://ak-static.cms.nba.com/referee/injury/Injury-Report_2023-07-06_08AM.pdf
2026-08-16 16:46:51,735 INFO Skipped non-substantive snapshot (no date/matchup pairs): timestamp=2023-07-06T20:30:00 source_url=https://ak-static.cms.nba.com/referee/injury/Injury-Report_2023-07-06_08PM.pdf
2026-08-16 16:46:51,755 INFO Skipped non-substantive snapshot (no date/matchup pairs): timestamp=2023-07-06T09:30:00 source_url=https://ak-static.cms.nba.com/referee/injury/Injury-Report_2023-07-06_09AM.pdf
2026-08-16 16:46:51,774 INFO Skipped non-substantive snapshot (no date/matchup pairs): timestamp=2023-07-06T21:30:00 source_url=https://ak-static.cms.nba.com/referee/injury/Injury-Report_2023-07-06_09PM.pdf
2026-08-16 16:46:51,794 INFO Skipped non-substantive snapshot (no date/matchup pairs): timestamp=2023-07-06T10:30:00 source_url=https://ak-static.cms.nba.com/referee/injury/Injury-Report_2023-07-06_10AM.pdf
2026-08-16 16:46:51,815 INFO Skipped non-substantive snapshot (no date/matchup pairs): timestamp=2023-07-06T22:30:00 source_url=https://ak-static.cms.nba.com/referee/injury/Injury-Report_2023-07-06_10PM.pdf
2026-08-16 16:46:51,834 INFO Skipped non-substantive snapshot (no date/matchup pairs): timestamp=2023-07-06T11:30:00 source_url=https://ak-static.cms.nba.com/referee/injury/Injury-Report_2023-07-06_11AM.pdf
2026-08-16 16:46:51,853 INFO Skipped non-substantive snapshot (no date/matchup pairs): timestamp=2023-07-06T23:30:00 source_url=https://ak-static.cms.nba.com/referee/injury/Injury-Report_2023-07-06_11PM.pdf
2026-08-16 16:46:51,874 INFO Skipped non-substantive snapshot (no date/matchup pairs): timestamp=2023-07-06T00:30:00 source_url=https://ak-static.cms.nba.com/referee/injury/Injury-Report_2023-07-06_12AM.pdf
2026-08-16 16:46:51,894 INFO Skipped non-substantive snapshot (no date/matchup pairs): timestamp=2023-07-06T12:30:00 source_url=https://ak-static.cms.nba.com/referee/injury/Injury-Report_2023-07-06_12PM.pdf
2026-08-16 16:46:51,894 INFO Direct NBA day 262/371: 2023-07-06, 24 discovered -> 0 selected
2026-08-16 16:47:45,810 INFO Skipped non-substantive snapshot (no date/matchup pairs): timestamp=2023-07-07T01:30:00 source_url=https://ak-static.cms.nba.com/referee/injury/Injury-Report_2023-07-07_01AM.pdf
2026-08-16 16:47:45,839 INFO Skipped non-substantive snapshot (no date/matchup pairs): timestamp=2023-07-07T13:30:00 source_url=https://ak-static.cms.nba.com/referee/injury/Injury-Report_2023-07-07_01PM.pdf
2026-08-16 16:47:45,866 INFO Skipped non-substantive snapshot (no date/matchup pairs): timestamp=2023-07-07T02:30:00 source_url=https://ak-static.cms.nba.com/referee/injury/Injury-Report_2023-07-07_02AM.pdf
2026-08-16 16:47:45,895 INFO Skipped non-substantive snapshot (no date/matchup pairs): timestamp=2023-07-07T14:30:00 source_url=https://ak-static.cms.nba.com/referee/injury/Injury-Report_2023-07-07_02PM.pdf
2026-08-16 16:47:45,922 INFO Skipped non-substantive snapshot (no date/matchup pairs): timestamp=2023-07-07T03:30:00 source_url=https://ak-static.cms.nba.com/referee/injury/Injury-Report_2023-07-07_03AM.pdf
2026-08-16 16:47:45,951 INFO Skipped non-substantive snapshot (no date/matchup pairs): timestamp=2023-07-07T15:30:00 source_url=https://ak-static.cms.nba.com/referee/injury/Injury-Report_2023-07-07_03PM.pdf
2026-08-16 16:47:45,978 INFO Skipped non-substantive snapshot (no date/matchup pairs): timestamp=2023-07-07T04:30:00 source_url=https://ak-static.cms.nba.com/referee/injury/Injury-Report_2023-07-07_04AM.pdf
2026-08-16 16:47:46,007 INFO Skipped non-substantive snapshot (no date/matchup pairs): timestamp=2023-07-07T16:30:00 source_url=https://ak-static.cms.nba.com/referee/injury/Injury-Report_2023-07-07_04PM.pdf
2026-08-16 16:47:46,034 INFO Skipped non-substantive snapshot (no date/matchup pairs): timestamp=2023-07-07T05:30:00 source_url=https://ak-static.cms.nba.com/referee/injury/Injury-Report_2023-07-07_05AM.pdf
2026-08-16 16:47:46,063 INFO Skipped non-substantive snapshot (no date/matchup pairs): timestamp=2023-07-07T17:30:00 source_url=https://ak-static.cms.nba.com/referee/injury/Injury-Report_2023-07-07_05PM.pdf
2026-08-16 16:47:46,092 INFO Skipped non-substantive snapshot (no date/matchup pairs): timestamp=2023-07-07T06:30:00 source_url=https://ak-static.cms.nba.com/referee/injury/Injury-Report_2023-07-07_06AM.pdf
2026-08-16 16:47:46,121 INFO Skipped non-substantive snapshot (no date/matchup pairs): timestamp=2023-07-07T18:30:00 source_url=https://ak-static.cms.nba.com/referee/injury/Injury-Report_2023-07-07_06PM.pdf
2026-08-16 16:47:46,193 INFO Skipped non-substantive snapshot (no date/matchup pairs): timestamp=2023-07-07T07:30:00 source_url=https://ak-static.cms.nba.com/referee/injury/Injury-Report_2023-07-07_07AM.pdf
2026-08-16 16:47:46,221 INFO Skipped non-substantive snapshot (no date/matchup pairs): timestamp=2023-07-07T19:30:00 source_url=https://ak-static.cms.nba.com/referee/injury/Injury-Report_2023-07-07_07PM.pdf
2026-08-16 16:47:46,249 INFO Skipped non-substantive snapshot (no date/matchup pairs): timestamp=2023-07-07T08:30:00 source_url=https://ak-static.cms.nba.com/referee/injury/Injury-Report_2023-07-07_08AM.pdf
2026-08-16 16:47:46,278 INFO Skipped non-substantive snapshot (no date/matchup pairs): timestamp=2023-07-07T20:30:00 source_url=https://ak-static.cms.nba.com/referee/injury/Injury-Report_2023-07-07_08PM.pdf
2026-08-16 16:47:46,305 INFO Skipped non-substantive snapshot (no date/matchup pairs): timestamp=2023-07-07T09:30:00 source_url=https://ak-static.cms.nba.com/referee/injury/Injury-Report_2023-07-07_09AM.pdf
2026-08-16 16:47:46,334 INFO Skipped non-substantive snapshot (no date/matchup pairs): timestamp=2023-07-07T21:30:00 source_url=https://ak-static.cms.nba.com/referee/injury/Injury-Report_2023-07-07_09PM.pdf
2026-08-16 16:47:46,361 INFO Skipped non-substantive snapshot (no date/matchup pairs): timestamp=2023-07-07T10:30:00 source_url=https://ak-static.cms.nba.com/referee/injury/Injury-Report_2023-07-07_10AM.pdf
2026-08-16 16:47:46,390 INFO Skipped non-substantive snapshot (no date/matchup pairs): timestamp=2023-07-07T22:30:00 source_url=https://ak-static.cms.nba.com/referee/injury/Injury-Report_2023-07-07_10PM.pdf
2026-08-16 16:47:46,417 INFO Skipped non-substantive snapshot (no date/matchup pairs): timestamp=2023-07-07T11:30:00 source_url=https://ak-static.cms.nba.com/referee/injury/Injury-Report_2023-07-07_11AM.pdf
2026-08-16 16:47:46,446 INFO Skipped non-substantive snapshot (no date/matchup pairs): timestamp=2023-07-07T23:30:00 source_url=https://ak-static.cms.nba.com/referee/injury/Injury-Report_2023-07-07_11PM.pdf
2026-08-16 16:47:46,473 INFO Skipped non-substantive snapshot (no date/matchup pairs): timestamp=2023-07-07T00:30:00 source_url=https://ak-static.cms.nba.com/referee/injury/Injury-Report_2023-07-07_12AM.pdf
2026-08-16 16:47:46,502 INFO Skipped non-substantive snapshot (no date/matchup pairs): timestamp=2023-07-07T12:30:00 source_url=https://ak-static.cms.nba.com/referee/injury/Injury-Report_2023-07-07_12PM.pdf
2026-08-16 16:47:46,502 INFO Direct NBA day 263/371: 2023-07-07, 24 discovered -> 0 selected
2026-08-16 16:48:40,617 INFO Skipped non-substantive snapshot (no date/matchup pairs): timestamp=2023-07-08T01:30:00 source_url=https://ak-static.cms.nba.com/referee/injury/Injury-Report_2023-07-08_01AM.pdf
2026-08-16 16:48:40,645 INFO Skipped non-substantive snapshot (no date/matchup pairs): timestamp=2023-07-08T13:30:00 source_url=https://ak-static.cms.nba.com/referee/injury/Injury-Report_2023-07-08_01PM.pdf
2026-08-16 16:48:40,674 INFO Skipped non-substantive snapshot (no date/matchup pairs): timestamp=2023-07-08T02:30:00 source_url=https://ak-static.cms.nba.com/referee/injury/Injury-Report_2023-07-08_02AM.pdf
2026-08-16 16:48:40,701 INFO Skipped non-substantive snapshot (no date/matchup pairs): timestamp=2023-07-08T14:30:00 source_url=https://ak-static.cms.nba.com/referee/injury/Injury-Report_2023-07-08_02PM.pdf
2026-08-16 16:48:40,730 INFO Skipped non-substantive snapshot (no date/matchup pairs): timestamp=2023-07-08T03:30:00 source_url=https://ak-static.cms.nba.com/referee/injury/Injury-Report_2023-07-08_03AM.pdf
2026-08-16 16:48:40,757 INFO Skipped non-substantive snapshot (no date/matchup pairs): timestamp=2023-07-08T15:30:00 source_url=https://ak-static.cms.nba.com/referee/injury/Injury-Report_2023-07-08_03PM.pdf
2026-08-16 16:48:40,786 INFO Skipped non-substantive snapshot (no date/matchup pairs): timestamp=2023-07-08T04:30:00 source_url=https://ak-static.cms.nba.com/referee/injury/Injury-Report_2023-07-08_04AM.pdf
2026-08-16 16:48:40,859 INFO Skipped non-substantive snapshot (no date/matchup pairs): timestamp=2023-07-08T16:30:00 source_url=https://ak-static.cms.nba.com/referee/injury/Injury-Report_2023-07-08_04PM.pdf
2026-08-16 16:48:40,888 INFO Skipped non-substantive snapshot (no date/matchup pairs): timestamp=2023-07-08T05:30:00 source_url=https://ak-static.cms.nba.com/referee/injury/Injury-Report_2023-07-08_05AM.pdf
2026-08-16 16:48:40,916 INFO Skipped non-substantive snapshot (no date/matchup pairs): timestamp=2023-07-08T17:30:00 source_url=https://ak-static.cms.nba.com/referee/injury/Injury-Report_2023-07-08_05PM.pdf
2026-08-16 16:48:40,944 INFO Skipped non-substantive snapshot (no date/matchup pairs): timestamp=2023-07-08T06:30:00 source_url=https://ak-static.cms.nba.com/referee/injury/Injury-Report_2023-07-08_06AM.pdf
2026-08-16 16:48:40,972 INFO Skipped non-substantive snapshot (no date/matchup pairs): timestamp=2023-07-08T18:30:00 source_url=https://ak-static.cms.nba.com/referee/injury/Injury-Report_2023-07-08_06PM.pdf
2026-08-16 16:48:41,001 INFO Skipped non-substantive snapshot (no date/matchup pairs): timestamp=2023-07-08T07:30:00 source_url=https://ak-static.cms.nba.com/referee/injury/Injury-Report_2023-07-08_07AM.pdf
2026-08-16 16:48:41,029 INFO Skipped non-substantive snapshot (no date/matchup pairs): timestamp=2023-07-08T19:30:00 source_url=https://ak-static.cms.nba.com/referee/injury/Injury-Report_2023-07-08_07PM.pdf
2026-08-16 16:48:41,058 INFO Skipped non-substantive snapshot (no date/matchup pairs): timestamp=2023-07-08T08:30:00 source_url=https://ak-static.cms.nba.com/referee/injury/Injury-Report_2023-07-08_08AM.pdf
2026-08-16 16:48:41,086 INFO Skipped non-substantive snapshot (no date/matchup pairs): timestamp=2023-07-08T20:30:00 source_url=https://ak-static.cms.nba.com/referee/injury/Injury-Report_2023-07-08_08PM.pdf
2026-08-16 16:48:41,115 INFO Skipped non-substantive snapshot (no date/matchup pairs): timestamp=2023-07-08T09:30:00 source_url=https://ak-static.cms.nba.com/referee/injury/Injury-Report_2023-07-08_09AM.pdf
2026-08-16 16:48:41,143 INFO Skipped non-substantive snapshot (no date/matchup pairs): timestamp=2023-07-08T21:30:00 source_url=https://ak-static.cms.nba.com/referee/injury/Injury-Report_2023-07-08_09PM.pdf
2026-08-16 16:48:41,172 INFO Skipped non-substantive snapshot (no date/matchup pairs): timestamp=2023-07-08T10:30:00 source_url=https://ak-static.cms.nba.com/referee/injury/Injury-Report_2023-07-08_10AM.pdf
2026-08-16 16:48:41,200 INFO Skipped non-substantive snapshot (no date/matchup pairs): timestamp=2023-07-08T22:30:00 source_url=https://ak-static.cms.nba.com/referee/injury/Injury-Report_2023-07-08_10PM.pdf
2026-08-16 16:48:41,229 INFO Skipped non-substantive snapshot (no date/matchup pairs): timestamp=2023-07-08T11:30:00 source_url=https://ak-static.cms.nba.com/referee/injury/Injury-Report_2023-07-08_11AM.pdf
2026-08-16 16:48:41,257 INFO Skipped non-substantive snapshot (no date/matchup pairs): timestamp=2023-07-08T23:30:00 source_url=https://ak-static.cms.nba.com/referee/injury/Injury-Report_2023-07-08_11PM.pdf
2026-08-16 16:48:41,287 INFO Skipped non-substantive snapshot (no date/matchup pairs): timestamp=2023-07-08T00:30:00 source_url=https://ak-static.cms.nba.com/referee/injury/Injury-Report_2023-07-08_12AM.pdf
2026-08-16 16:48:41,315 INFO Skipped non-substantive snapshot (no date/matchup pairs): timestamp=2023-07-08T12:30:00 source_url=https://ak-static.cms.nba.com/referee/injury/Injury-Report_2023-07-08_12PM.pdf
2026-08-16 16:48:41,315 INFO Direct NBA day 264/371: 2023-07-08, 24 discovered -> 0 selected
2026-08-16 16:49:35,124 INFO Skipped non-substantive snapshot (no date/matchup pairs): timestamp=2023-07-09T01:30:00 source_url=https://ak-static.cms.nba.com/referee/injury/Injury-Report_2023-07-09_01AM.pdf
2026-08-16 16:49:35,149 INFO Skipped non-substantive snapshot (no date/matchup pairs): timestamp=2023-07-09T13:30:00 source_url=https://ak-static.cms.nba.com/referee/injury/Injury-Report_2023-07-09_01PM.pdf
2026-08-16 16:49:35,174 INFO Skipped non-substantive snapshot (no date/matchup pairs): timestamp=2023-07-09T02:30:00 source_url=https://ak-static.cms.nba.com/referee/injury/Injury-Report_2023-07-09_02AM.pdf
2026-08-16 16:49:35,200 INFO Skipped non-substantive snapshot (no date/matchup pairs): timestamp=2023-07-09T14:30:00 source_url=https://ak-static.cms.nba.com/referee/injury/Injury-Report_2023-07-09_02PM.pdf
2026-08-16 16:49:35,225 INFO Skipped non-substantive snapshot (no date/matchup pairs): timestamp=2023-07-09T03:30:00 source_url=https://ak-static.cms.nba.com/referee/injury/Injury-Report_2023-07-09_03AM.pdf
2026-08-16 16:49:35,292 INFO Skipped non-substantive snapshot (no date/matchup pairs): timestamp=2023-07-09T15:30:00 source_url=https://ak-static.cms.nba.com/referee/injury/Injury-Report_2023-07-09_03PM.pdf
2026-08-16 16:49:35,317 INFO Skipped non-substantive snapshot (no date/matchup pairs): timestamp=2023-07-09T04:30:00 source_url=https://ak-static.cms.nba.com/referee/injury/Injury-Report_2023-07-09_04AM.pdf
2026-08-16 16:49:35,343 INFO Skipped non-substantive snapshot (no date/matchup pairs): timestamp=2023-07-09T16:30:00 source_url=https://ak-static.cms.nba.com/referee/injury/Injury-Report_2023-07-09_04PM.pdf
2026-08-16 16:49:35,368 INFO Skipped non-substantive snapshot (no date/matchup pairs): timestamp=2023-07-09T05:30:00 source_url=https://ak-static.cms.nba.com/referee/injury/Injury-Report_2023-07-09_05AM.pdf
2026-08-16 16:49:35,394 INFO Skipped non-substantive snapshot (no date/matchup pairs): timestamp=2023-07-09T17:30:00 source_url=https://ak-static.cms.nba.com/referee/injury/Injury-Report_2023-07-09_05PM.pdf
2026-08-16 16:49:35,418 INFO Skipped non-substantive snapshot (no date/matchup pairs): timestamp=2023-07-09T06:30:00 source_url=https://ak-static.cms.nba.com/referee/injury/Injury-Report_2023-07-09_06AM.pdf
2026-08-16 16:49:35,443 INFO Skipped non-substantive snapshot (no date/matchup pairs): timestamp=2023-07-09T18:30:00 source_url=https://ak-static.cms.nba.com/referee/injury/Injury-Report_2023-07-09_06PM.pdf
2026-08-16 16:49:35,469 INFO Skipped non-substantive snapshot (no date/matchup pairs): timestamp=2023-07-09T07:30:00 source_url=https://ak-static.cms.nba.com/referee/injury/Injury-Report_2023-07-09_07AM.pdf
2026-08-16 16:49:35,494 INFO Skipped non-substantive snapshot (no date/matchup pairs): timestamp=2023-07-09T19:30:00 source_url=https://ak-static.cms.nba.com/referee/injury/Injury-Report_2023-07-09_07PM.pdf
2026-08-16 16:49:35,520 INFO Skipped non-substantive snapshot (no date/matchup pairs): timestamp=2023-07-09T08:30:00 source_url=https://ak-static.cms.nba.com/referee/injury/Injury-Report_2023-07-09_08AM.pdf
2026-08-16 16:49:35,544 INFO Skipped non-substantive snapshot (no date/matchup pairs): timestamp=2023-07-09T20:30:00 source_url=https://ak-static.cms.nba.com/referee/injury/Injury-Report_2023-07-09_08PM.pdf
2026-08-16 16:49:35,570 INFO Skipped non-substantive snapshot (no date/matchup pairs): timestamp=2023-07-09T09:30:00 source_url=https://ak-static.cms.nba.com/referee/injury/Injury-Report_2023-07-09_09AM.pdf
2026-08-16 16:49:35,595 INFO Skipped non-substantive snapshot (no date/matchup pairs): timestamp=2023-07-09T21:30:00 source_url=https://ak-static.cms.nba.com/referee/injury/Injury-Report_2023-07-09_09PM.pdf
2026-08-16 16:49:35,620 INFO Skipped non-substantive snapshot (no date/matchup pairs): timestamp=2023-07-09T10:30:00 source_url=https://ak-static.cms.nba.com/referee/injury/Injury-Report_2023-07-09_10AM.pdf
2026-08-16 16:49:35,646 INFO Skipped non-substantive snapshot (no date/matchup pairs): timestamp=2023-07-09T22:30:00 source_url=https://ak-static.cms.nba.com/referee/injury/Injury-Report_2023-07-09_10PM.pdf
2026-08-16 16:49:35,670 INFO Skipped non-substantive snapshot (no date/matchup pairs): timestamp=2023-07-09T11:30:00 source_url=https://ak-static.cms.nba.com/referee/injury/Injury-Report_2023-07-09_11AM.pdf
2026-08-16 16:49:35,696 INFO Skipped non-substantive snapshot (no date/matchup pairs): timestamp=2023-07-09T23:30:00 source_url=https://ak-static.cms.nba.com/referee/injury/Injury-Report_2023-07-09_11PM.pdf
2026-08-16 16:49:35,721 INFO Skipped non-substantive snapshot (no date/matchup pairs): timestamp=2023-07-09T00:30:00 source_url=https://ak-static.cms.nba.com/referee/injury/Injury-Report_2023-07-09_12AM.pdf
2026-08-16 16:49:35,747 INFO Skipped non-substantive snapshot (no date/matchup pairs): timestamp=2023-07-09T12:30:00 source_url=https://ak-static.cms.nba.com/referee/injury/Injury-Report_2023-07-09_12PM.pdf
2026-08-16 16:49:35,747 INFO Direct NBA day 265/371: 2023-07-09, 24 discovered -> 0 selected
2026-08-16 16:50:28,798 INFO Skipped non-substantive snapshot (no date/matchup pairs): timestamp=2023-07-10T01:30:00 source_url=https://ak-static.cms.nba.com/referee/injury/Injury-Report_2023-07-10_01AM.pdf
2026-08-16 16:50:28,820 INFO Skipped non-substantive snapshot (no date/matchup pairs): timestamp=2023-07-10T13:30:00 source_url=https://ak-static.cms.nba.com/referee/injury/Injury-Report_2023-07-10_01PM.pdf
2026-08-16 16:50:28,842 INFO Skipped non-substantive snapshot (no date/matchup pairs): timestamp=2023-07-10T02:30:00 source_url=https://ak-static.cms.nba.com/referee/injury/Injury-Report_2023-07-10_02AM.pdf
2026-08-16 16:50:28,865 INFO Skipped non-substantive snapshot (no date/matchup pairs): timestamp=2023-07-10T14:30:00 source_url=https://ak-static.cms.nba.com/referee/injury/Injury-Report_2023-07-10_02PM.pdf
2026-08-16 16:50:28,887 INFO Skipped non-substantive snapshot (no date/matchup pairs): timestamp=2023-07-10T03:30:00 source_url=https://ak-static.cms.nba.com/referee/injury/Injury-Report_2023-07-10_03AM.pdf
2026-08-16 16:50:28,909 INFO Skipped non-substantive snapshot (no date/matchup pairs): timestamp=2023-07-10T15:30:00 source_url=https://ak-static.cms.nba.com/referee/injury/Injury-Report_2023-07-10_03PM.pdf
2026-08-16 16:50:28,931 INFO Skipped non-substantive snapshot (no date/matchup pairs): timestamp=2023-07-10T04:30:00 source_url=https://ak-static.cms.nba.com/referee/injury/Injury-Report_2023-07-10_04AM.pdf
2026-08-16 16:50:28,953 INFO Skipped non-substantive snapshot (no date/matchup pairs): timestamp=2023-07-10T16:30:00 source_url=https://ak-static.cms.nba.com/referee/injury/Injury-Report_2023-07-10_04PM.pdf
2026-08-16 16:50:28,976 INFO Skipped non-substantive snapshot (no date/matchup pairs): timestamp=2023-07-10T05:30:00 source_url=https://ak-static.cms.nba.com/referee/injury/Injury-Report_2023-07-10_05AM.pdf
2026-08-16 16:50:28,998 INFO Skipped non-substantive snapshot (no date/matchup pairs): timestamp=2023-07-10T17:30:00 source_url=https://ak-static.cms.nba.com/referee/injury/Injury-Report_2023-07-10_05PM.pdf
2026-08-16 16:50:29,019 INFO Skipped non-substantive snapshot (no date/matchup pairs): timestamp=2023-07-10T06:30:00 source_url=https://ak-static.cms.nba.com/referee/injury/Injury-Report_2023-07-10_06AM.pdf
2026-08-16 16:50:29,081 INFO Skipped non-substantive snapshot (no date/matchup pairs): timestamp=2023-07-10T18:30:00 source_url=https://ak-static.cms.nba.com/referee/injury/Injury-Report_2023-07-10_06PM.pdf
2026-08-16 16:50:29,103 INFO Skipped non-substantive snapshot (no date/matchup pairs): timestamp=2023-07-10T07:30:00 source_url=https://ak-static.cms.nba.com/referee/injury/Injury-Report_2023-07-10_07AM.pdf
2026-08-16 16:50:29,126 INFO Skipped non-substantive snapshot (no date/matchup pairs): timestamp=2023-07-10T19:30:00 source_url=https://ak-static.cms.nba.com/referee/injury/Injury-Report_2023-07-10_07PM.pdf
2026-08-16 16:50:29,148 INFO Skipped non-substantive snapshot (no date/matchup pairs): timestamp=2023-07-10T08:30:00 source_url=https://ak-static.cms.nba.com/referee/injury/Injury-Report_2023-07-10_08AM.pdf
2026-08-16 16:50:29,169 INFO Skipped non-substantive snapshot (no date/matchup pairs): timestamp=2023-07-10T20:30:00 source_url=https://ak-static.cms.nba.com/referee/injury/Injury-Report_2023-07-10_08PM.pdf
2026-08-16 16:50:29,193 INFO Skipped non-substantive snapshot (no date/matchup pairs): timestamp=2023-07-10T09:30:00 source_url=https://ak-static.cms.nba.com/referee/injury/Injury-Report_2023-07-10_09AM.pdf
2026-08-16 16:50:29,214 INFO Skipped non-substantive snapshot (no date/matchup pairs): timestamp=2023-07-10T21:30:00 source_url=https://ak-static.cms.nba.com/referee/injury/Injury-Report_2023-07-10_09PM.pdf
2026-08-16 16:50:29,236 INFO Skipped non-substantive snapshot (no date/matchup pairs): timestamp=2023-07-10T10:30:00 source_url=https://ak-static.cms.nba.com/referee/injury/Injury-Report_2023-07-10_10AM.pdf
2026-08-16 16:50:29,259 INFO Skipped non-substantive snapshot (no date/matchup pairs): timestamp=2023-07-10T22:30:00 source_url=https://ak-static.cms.nba.com/referee/injury/Injury-Report_2023-07-10_10PM.pdf
2026-08-16 16:50:29,280 INFO Skipped non-substantive snapshot (no date/matchup pairs): timestamp=2023-07-10T11:30:00 source_url=https://ak-static.cms.nba.com/referee/injury/Injury-Report_2023-07-10_11AM.pdf
2026-08-16 16:50:29,303 INFO Skipped non-substantive snapshot (no date/matchup pairs): timestamp=2023-07-10T23:30:00 source_url=https://ak-static.cms.nba.com/referee/injury/Injury-Report_2023-07-10_11PM.pdf
2026-08-16 16:50:29,325 INFO Skipped non-substantive snapshot (no date/matchup pairs): timestamp=2023-07-10T00:30:00 source_url=https://ak-static.cms.nba.com/referee/injury/Injury-Report_2023-07-10_12AM.pdf
2026-08-16 16:50:29,346 INFO Skipped non-substantive snapshot (no date/matchup pairs): timestamp=2023-07-10T12:30:00 source_url=https://ak-static.cms.nba.com/referee/injury/Injury-Report_2023-07-10_12PM.pdf
2026-08-16 16:50:29,346 INFO Direct NBA day 266/371: 2023-07-10, 24 discovered -> 0 selected
2026-08-16 16:51:25,953 INFO Skipped non-substantive snapshot (no date/matchup pairs): timestamp=2023-07-11T01:30:00 source_url=https://ak-static.cms.nba.com/referee/injury/Injury-Report_2023-07-11_01AM.pdf
2026-08-16 16:51:25,978 INFO Skipped non-substantive snapshot (no date/matchup pairs): timestamp=2023-07-11T13:30:00 source_url=https://ak-static.cms.nba.com/referee/injury/Injury-Report_2023-07-11_01PM.pdf
2026-08-16 16:51:26,005 INFO Skipped non-substantive snapshot (no date/matchup pairs): timestamp=2023-07-11T02:30:00 source_url=https://ak-static.cms.nba.com/referee/injury/Injury-Report_2023-07-11_02AM.pdf
2026-08-16 16:51:26,031 INFO Skipped non-substantive snapshot (no date/matchup pairs): timestamp=2023-07-11T14:30:00 source_url=https://ak-static.cms.nba.com/referee/injury/Injury-Report_2023-07-11_02PM.pdf
2026-08-16 16:51:26,057 INFO Skipped non-substantive snapshot (no date/matchup pairs): timestamp=2023-07-11T03:30:00 source_url=https://ak-static.cms.nba.com/referee/injury/Injury-Report_2023-07-11_03AM.pdf
2026-08-16 16:51:26,083 INFO Skipped non-substantive snapshot (no date/matchup pairs): timestamp=2023-07-11T15:30:00 source_url=https://ak-static.cms.nba.com/referee/injury/Injury-Report_2023-07-11_03PM.pdf
2026-08-16 16:51:26,110 INFO Skipped non-substantive snapshot (no date/matchup pairs): timestamp=2023-07-11T04:30:00 source_url=https://ak-static.cms.nba.com/referee/injury/Injury-Report_2023-07-11_04AM.pdf
2026-08-16 16:51:26,135 INFO Skipped non-substantive snapshot (no date/matchup pairs): timestamp=2023-07-11T16:30:00 source_url=https://ak-static.cms.nba.com/referee/injury/Injury-Report_2023-07-11_04PM.pdf
2026-08-16 16:51:26,161 INFO Skipped non-substantive snapshot (no date/matchup pairs): timestamp=2023-07-11T05:30:00 source_url=https://ak-static.cms.nba.com/referee/injury/Injury-Report_2023-07-11_05AM.pdf
2026-08-16 16:51:26,188 INFO Skipped non-substantive snapshot (no date/matchup pairs): timestamp=2023-07-11T17:30:00 source_url=https://ak-static.cms.nba.com/referee/injury/Injury-Report_2023-07-11_05PM.pdf
2026-08-16 16:51:26,214 INFO Skipped non-substantive snapshot (no date/matchup pairs): timestamp=2023-07-11T06:30:00 source_url=https://ak-static.cms.nba.com/referee/injury/Injury-Report_2023-07-11_06AM.pdf
2026-08-16 16:51:26,241 INFO Skipped non-substantive snapshot (no date/matchup pairs): timestamp=2023-07-11T18:30:00 source_url=https://ak-static.cms.nba.com/referee/injury/Injury-Report_2023-07-11_06PM.pdf
2026-08-16 16:51:26,267 INFO Skipped non-substantive snapshot (no date/matchup pairs): timestamp=2023-07-11T07:30:00 source_url=https://ak-static.cms.nba.com/referee/injury/Injury-Report_2023-07-11_07AM.pdf
2026-08-16 16:51:26,294 INFO Skipped non-substantive snapshot (no date/matchup pairs): timestamp=2023-07-11T19:30:00 source_url=https://ak-static.cms.nba.com/referee/injury/Injury-Report_2023-07-11_07PM.pdf
2026-08-16 16:51:26,363 INFO Skipped non-substantive snapshot (no date/matchup pairs): timestamp=2023-07-11T08:30:00 source_url=https://ak-static.cms.nba.com/referee/injury/Injury-Report_2023-07-11_08AM.pdf
2026-08-16 16:51:26,389 INFO Skipped non-substantive snapshot (no date/matchup pairs): timestamp=2023-07-11T20:30:00 source_url=https://ak-static.cms.nba.com/referee/injury/Injury-Report_2023-07-11_08PM.pdf
2026-08-16 16:51:26,416 INFO Skipped non-substantive snapshot (no date/matchup pairs): timestamp=2023-07-11T09:30:00 source_url=https://ak-static.cms.nba.com/referee/injury/Injury-Report_2023-07-11_09AM.pdf
2026-08-16 16:51:26,441 INFO Skipped non-substantive snapshot (no date/matchup pairs): timestamp=2023-07-11T21:30:00 source_url=https://ak-static.cms.nba.com/referee/injury/Injury-Report_2023-07-11_09PM.pdf
2026-08-16 16:51:26,468 INFO Skipped non-substantive snapshot (no date/matchup pairs): timestamp=2023-07-11T10:30:00 source_url=https://ak-static.cms.nba.com/referee/injury/Injury-Report_2023-07-11_10AM.pdf
2026-08-16 16:51:26,494 INFO Skipped non-substantive snapshot (no date/matchup pairs): timestamp=2023-07-11T22:30:00 source_url=https://ak-static.cms.nba.com/referee/injury/Injury-Report_2023-07-11_10PM.pdf
2026-08-16 16:51:26,521 INFO Skipped non-substantive snapshot (no date/matchup pairs): timestamp=2023-07-11T11:30:00 source_url=https://ak-static.cms.nba.com/referee/injury/Injury-Report_2023-07-11_11AM.pdf
2026-08-16 16:51:26,547 INFO Skipped non-substantive snapshot (no date/matchup pairs): timestamp=2023-07-11T23:30:00 source_url=https://ak-static.cms.nba.com/referee/injury/Injury-Report_2023-07-11_11PM.pdf
2026-08-16 16:51:26,572 INFO Skipped non-substantive snapshot (no date/matchup pairs): timestamp=2023-07-11T00:30:00 source_url=https://ak-static.cms.nba.com/referee/injury/Injury-Report_2023-07-11_12AM.pdf
2026-08-16 16:51:26,600 INFO Skipped non-substantive snapshot (no date/matchup pairs): timestamp=2023-07-11T12:30:00 source_url=https://ak-static.cms.nba.com/referee/injury/Injury-Report_2023-07-11_12PM.pdf
2026-08-16 16:51:26,600 INFO Direct NBA day 267/371: 2023-07-11, 24 discovered -> 0 selected
2026-08-16 16:52:19,662 INFO Skipped non-substantive snapshot (no date/matchup pairs): timestamp=2023-07-12T01:30:00 source_url=https://ak-static.cms.nba.com/referee/injury/Injury-Report_2023-07-12_01AM.pdf
2026-08-16 16:52:19,692 INFO Skipped non-substantive snapshot (no date/matchup pairs): timestamp=2023-07-12T13:30:00 source_url=https://ak-static.cms.nba.com/referee/injury/Injury-Report_2023-07-12_01PM.pdf
2026-08-16 16:52:19,721 INFO Skipped non-substantive snapshot (no date/matchup pairs): timestamp=2023-07-12T02:30:00 source_url=https://ak-static.cms.nba.com/referee/injury/Injury-Report_2023-07-12_02AM.pdf
2026-08-16 16:52:19,752 INFO Skipped non-substantive snapshot (no date/matchup pairs): timestamp=2023-07-12T14:30:00 source_url=https://ak-static.cms.nba.com/referee/injury/Injury-Report_2023-07-12_02PM.pdf
2026-08-16 16:52:19,781 INFO Skipped non-substantive snapshot (no date/matchup pairs): timestamp=2023-07-12T03:30:00 source_url=https://ak-static.cms.nba.com/referee/injury/Injury-Report_2023-07-12_03AM.pdf
2026-08-16 16:52:19,811 INFO Skipped non-substantive snapshot (no date/matchup pairs): timestamp=2023-07-12T15:30:00 source_url=https://ak-static.cms.nba.com/referee/injury/Injury-Report_2023-07-12_03PM.pdf
2026-08-16 16:52:19,839 INFO Skipped non-substantive snapshot (no date/matchup pairs): timestamp=2023-07-12T04:30:00 source_url=https://ak-static.cms.nba.com/referee/injury/Injury-Report_2023-07-12_04AM.pdf
2026-08-16 16:52:19,868 INFO Skipped non-substantive snapshot (no date/matchup pairs): timestamp=2023-07-12T16:30:00 source_url=https://ak-static.cms.nba.com/referee/injury/Injury-Report_2023-07-12_04PM.pdf
2026-08-16 16:52:19,896 INFO Skipped non-substantive snapshot (no date/matchup pairs): timestamp=2023-07-12T05:30:00 source_url=https://ak-static.cms.nba.com/referee/injury/Injury-Report_2023-07-12_05AM.pdf
2026-08-16 16:52:19,926 INFO Skipped non-substantive snapshot (no date/matchup pairs): timestamp=2023-07-12T17:30:00 source_url=https://ak-static.cms.nba.com/referee/injury/Injury-Report_2023-07-12_05PM.pdf
2026-08-16 16:52:20,001 INFO Skipped non-substantive snapshot (no date/matchup pairs): timestamp=2023-07-12T06:30:00 source_url=https://ak-static.cms.nba.com/referee/injury/Injury-Report_2023-07-12_06AM.pdf
2026-08-16 16:52:20,030 INFO Skipped non-substantive snapshot (no date/matchup pairs): timestamp=2023-07-12T18:30:00 source_url=https://ak-static.cms.nba.com/referee/injury/Injury-Report_2023-07-12_06PM.pdf
2026-08-16 16:52:20,058 INFO Skipped non-substantive snapshot (no date/matchup pairs): timestamp=2023-07-12T07:30:00 source_url=https://ak-static.cms.nba.com/referee/injury/Injury-Report_2023-07-12_07AM.pdf
2026-08-16 16:52:20,088 INFO Skipped non-substantive snapshot (no date/matchup pairs): timestamp=2023-07-12T19:30:00 source_url=https://ak-static.cms.nba.com/referee/injury/Injury-Report_2023-07-12_07PM.pdf
2026-08-16 16:52:20,117 INFO Skipped non-substantive snapshot (no date/matchup pairs): timestamp=2023-07-12T08:30:00 source_url=https://ak-static.cms.nba.com/referee/injury/Injury-Report_2023-07-12_08AM.pdf
2026-08-16 16:52:20,147 INFO Skipped non-substantive snapshot (no date/matchup pairs): timestamp=2023-07-12T20:30:00 source_url=https://ak-static.cms.nba.com/referee/injury/Injury-Report_2023-07-12_08PM.pdf
2026-08-16 16:52:20,175 INFO Skipped non-substantive snapshot (no date/matchup pairs): timestamp=2023-07-12T09:30:00 source_url=https://ak-static.cms.nba.com/referee/injury/Injury-Report_2023-07-12_09AM.pdf
2026-08-16 16:52:20,205 INFO Skipped non-substantive snapshot (no date/matchup pairs): timestamp=2023-07-12T21:30:00 source_url=https://ak-static.cms.nba.com/referee/injury/Injury-Report_2023-07-12_09PM.pdf
2026-08-16 16:52:20,233 INFO Skipped non-substantive snapshot (no date/matchup pairs): timestamp=2023-07-12T10:30:00 source_url=https://ak-static.cms.nba.com/referee/injury/Injury-Report_2023-07-12_10AM.pdf
2026-08-16 16:52:20,262 INFO Skipped non-substantive snapshot (no date/matchup pairs): timestamp=2023-07-12T22:30:00 source_url=https://ak-static.cms.nba.com/referee/injury/Injury-Report_2023-07-12_10PM.pdf
2026-08-16 16:52:20,290 INFO Skipped non-substantive snapshot (no date/matchup pairs): timestamp=2023-07-12T11:30:00 source_url=https://ak-static.cms.nba.com/referee/injury/Injury-Report_2023-07-12_11AM.pdf
2026-08-16 16:52:20,319 INFO Skipped non-substantive snapshot (no date/matchup pairs): timestamp=2023-07-12T23:30:00 source_url=https://ak-static.cms.nba.com/referee/injury/Injury-Report_2023-07-12_11PM.pdf
2026-08-16 16:52:20,346 INFO Skipped non-substantive snapshot (no date/matchup pairs): timestamp=2023-07-12T00:30:00 source_url=https://ak-static.cms.nba.com/referee/injury/Injury-Report_2023-07-12_12AM.pdf
2026-08-16 16:52:20,376 INFO Skipped non-substantive snapshot (no date/matchup pairs): timestamp=2023-07-12T12:30:00 source_url=https://ak-static.cms.nba.com/referee/injury/Injury-Report_2023-07-12_12PM.pdf
2026-08-16 16:52:20,376 INFO Direct NBA day 268/371: 2023-07-12, 24 discovered -> 0 selected
2026-08-16 16:53:10,081 INFO Skipped non-substantive snapshot (no date/matchup pairs): timestamp=2023-07-13T01:30:00 source_url=https://ak-static.cms.nba.com/referee/injury/Injury-Report_2023-07-13_01AM.pdf
2026-08-16 16:53:10,110 INFO Skipped non-substantive snapshot (no date/matchup pairs): timestamp=2023-07-13T13:30:00 source_url=https://ak-static.cms.nba.com/referee/injury/Injury-Report_2023-07-13_01PM.pdf
2026-08-16 16:53:10,140 INFO Skipped non-substantive snapshot (no date/matchup pairs): timestamp=2023-07-13T02:30:00 source_url=https://ak-static.cms.nba.com/referee/injury/Injury-Report_2023-07-13_02AM.pdf
2026-08-16 16:53:10,169 INFO Skipped non-substantive snapshot (no date/matchup pairs): timestamp=2023-07-13T14:30:00 source_url=https://ak-static.cms.nba.com/referee/injury/Injury-Report_2023-07-13_02PM.pdf
2026-08-16 16:53:10,199 INFO Skipped non-substantive snapshot (no date/matchup pairs): timestamp=2023-07-13T03:30:00 source_url=https://ak-static.cms.nba.com/referee/injury/Injury-Report_2023-07-13_03AM.pdf
2026-08-16 16:53:10,229 INFO Skipped non-substantive snapshot (no date/matchup pairs): timestamp=2023-07-13T15:30:00 source_url=https://ak-static.cms.nba.com/referee/injury/Injury-Report_2023-07-13_03PM.pdf
2026-08-16 16:53:10,305 INFO Skipped non-substantive snapshot (no date/matchup pairs): timestamp=2023-07-13T04:30:00 source_url=https://ak-static.cms.nba.com/referee/injury/Injury-Report_2023-07-13_04AM.pdf
2026-08-16 16:53:10,334 INFO Skipped non-substantive snapshot (no date/matchup pairs): timestamp=2023-07-13T16:30:00 source_url=https://ak-static.cms.nba.com/referee/injury/Injury-Report_2023-07-13_04PM.pdf
2026-08-16 16:53:10,365 INFO Skipped non-substantive snapshot (no date/matchup pairs): timestamp=2023-07-13T05:30:00 source_url=https://ak-static.cms.nba.com/referee/injury/Injury-Report_2023-07-13_05AM.pdf
2026-08-16 16:53:10,394 INFO Skipped non-substantive snapshot (no date/matchup pairs): timestamp=2023-07-13T17:30:00 source_url=https://ak-static.cms.nba.com/referee/injury/Injury-Report_2023-07-13_05PM.pdf
2026-08-16 16:53:10,425 INFO Skipped non-substantive snapshot (no date/matchup pairs): timestamp=2023-07-13T06:30:00 source_url=https://ak-static.cms.nba.com/referee/injury/Injury-Report_2023-07-13_06AM.pdf
2026-08-16 16:53:10,454 INFO Skipped non-substantive snapshot (no date/matchup pairs): timestamp=2023-07-13T18:30:00 source_url=https://ak-static.cms.nba.com/referee/injury/Injury-Report_2023-07-13_06PM.pdf
2026-08-16 16:53:10,484 INFO Skipped non-substantive snapshot (no date/matchup pairs): timestamp=2023-07-13T07:30:00 source_url=https://ak-static.cms.nba.com/referee/injury/Injury-Report_2023-07-13_07AM.pdf
2026-08-16 16:53:10,514 INFO Skipped non-substantive snapshot (no date/matchup pairs): timestamp=2023-07-13T19:30:00 source_url=https://ak-static.cms.nba.com/referee/injury/Injury-Report_2023-07-13_07PM.pdf
2026-08-16 16:53:10,544 INFO Skipped non-substantive snapshot (no date/matchup pairs): timestamp=2023-07-13T08:30:00 source_url=https://ak-static.cms.nba.com/referee/injury/Injury-Report_2023-07-13_08AM.pdf
2026-08-16 16:53:10,573 INFO Skipped non-substantive snapshot (no date/matchup pairs): timestamp=2023-07-13T20:30:00 source_url=https://ak-static.cms.nba.com/referee/injury/Injury-Report_2023-07-13_08PM.pdf
2026-08-16 16:53:10,604 INFO Skipped non-substantive snapshot (no date/matchup pairs): timestamp=2023-07-13T09:30:00 source_url=https://ak-static.cms.nba.com/referee/injury/Injury-Report_2023-07-13_09AM.pdf
2026-08-16 16:53:10,634 INFO Skipped non-substantive snapshot (no date/matchup pairs): timestamp=2023-07-13T21:30:00 source_url=https://ak-static.cms.nba.com/referee/injury/Injury-Report_2023-07-13_09PM.pdf
2026-08-16 16:53:10,663 INFO Skipped non-substantive snapshot (no date/matchup pairs): timestamp=2023-07-13T10:30:00 source_url=https://ak-static.cms.nba.com/referee/injury/Injury-Report_2023-07-13_10AM.pdf
2026-08-16 16:53:10,695 INFO Skipped non-substantive snapshot (no date/matchup pairs): timestamp=2023-07-13T22:30:00 source_url=https://ak-static.cms.nba.com/referee/injury/Injury-Report_2023-07-13_10PM.pdf
2026-08-16 16:53:10,725 INFO Skipped non-substantive snapshot (no date/matchup pairs): timestamp=2023-07-13T11:30:00 source_url=https://ak-static.cms.nba.com/referee/injury/Injury-Report_2023-07-13_11AM.pdf
2026-08-16 16:53:10,755 INFO Skipped non-substantive snapshot (no date/matchup pairs): timestamp=2023-07-13T23:30:00 source_url=https://ak-static.cms.nba.com/referee/injury/Injury-Report_2023-07-13_11PM.pdf
2026-08-16 16:53:10,755 INFO Direct NBA day 269/371: 2023-07-13, 22 discovered -> 0 selected
2026-08-16 16:54:04,964 INFO Skipped non-substantive snapshot (no date/matchup pairs): timestamp=2023-07-14T01:30:00 source_url=https://ak-static.cms.nba.com/referee/injury/Injury-Report_2023-07-14_01AM.pdf
2026-08-16 16:54:04,993 INFO Skipped non-substantive snapshot (no date/matchup pairs): timestamp=2023-07-14T13:30:00 source_url=https://ak-static.cms.nba.com/referee/injury/Injury-Report_2023-07-14_01PM.pdf
2026-08-16 16:54:05,021 INFO Skipped non-substantive snapshot (no date/matchup pairs): timestamp=2023-07-14T02:30:00 source_url=https://ak-static.cms.nba.com/referee/injury/Injury-Report_2023-07-14_02AM.pdf
2026-08-16 16:54:05,050 INFO Skipped non-substantive snapshot (no date/matchup pairs): timestamp=2023-07-14T14:30:00 source_url=https://ak-static.cms.nba.com/referee/injury/Injury-Report_2023-07-14_02PM.pdf
2026-08-16 16:54:05,077 INFO Skipped non-substantive snapshot (no date/matchup pairs): timestamp=2023-07-14T03:30:00 source_url=https://ak-static.cms.nba.com/referee/injury/Injury-Report_2023-07-14_03AM.pdf
2026-08-16 16:54:05,103 INFO Skipped non-substantive snapshot (no date/matchup pairs): timestamp=2023-07-14T15:30:00 source_url=https://ak-static.cms.nba.com/referee/injury/Injury-Report_2023-07-14_03PM.pdf
2026-08-16 16:54:05,176 INFO Skipped non-substantive snapshot (no date/matchup pairs): timestamp=2023-07-14T04:30:00 source_url=https://ak-static.cms.nba.com/referee/injury/Injury-Report_2023-07-14_04AM.pdf
2026-08-16 16:54:05,203 INFO Skipped non-substantive snapshot (no date/matchup pairs): timestamp=2023-07-14T16:30:00 source_url=https://ak-static.cms.nba.com/referee/injury/Injury-Report_2023-07-14_04PM.pdf
2026-08-16 16:54:05,230 INFO Skipped non-substantive snapshot (no date/matchup pairs): timestamp=2023-07-14T05:30:00 source_url=https://ak-static.cms.nba.com/referee/injury/Injury-Report_2023-07-14_05AM.pdf
2026-08-16 16:54:05,256 INFO Skipped non-substantive snapshot (no date/matchup pairs): timestamp=2023-07-14T17:30:00 source_url=https://ak-static.cms.nba.com/referee/injury/Injury-Report_2023-07-14_05PM.pdf
2026-08-16 16:54:05,283 INFO Skipped non-substantive snapshot (no date/matchup pairs): timestamp=2023-07-14T06:30:00 source_url=https://ak-static.cms.nba.com/referee/injury/Injury-Report_2023-07-14_06AM.pdf
2026-08-16 16:54:05,310 INFO Skipped non-substantive snapshot (no date/matchup pairs): timestamp=2023-07-14T18:30:00 source_url=https://ak-static.cms.nba.com/referee/injury/Injury-Report_2023-07-14_06PM.pdf
2026-08-16 16:54:05,338 INFO Skipped non-substantive snapshot (no date/matchup pairs): timestamp=2023-07-14T07:30:00 source_url=https://ak-static.cms.nba.com/referee/injury/Injury-Report_2023-07-14_07AM.pdf
2026-08-16 16:54:05,365 INFO Skipped non-substantive snapshot (no date/matchup pairs): timestamp=2023-07-14T19:30:00 source_url=https://ak-static.cms.nba.com/referee/injury/Injury-Report_2023-07-14_07PM.pdf
2026-08-16 16:54:05,394 INFO Skipped non-substantive snapshot (no date/matchup pairs): timestamp=2023-07-14T08:30:00 source_url=https://ak-static.cms.nba.com/referee/injury/Injury-Report_2023-07-14_08AM.pdf
2026-08-16 16:54:05,422 INFO Skipped non-substantive snapshot (no date/matchup pairs): timestamp=2023-07-14T20:30:00 source_url=https://ak-static.cms.nba.com/referee/injury/Injury-Report_2023-07-14_08PM.pdf
2026-08-16 16:54:05,449 INFO Skipped non-substantive snapshot (no date/matchup pairs): timestamp=2023-07-14T09:30:00 source_url=https://ak-static.cms.nba.com/referee/injury/Injury-Report_2023-07-14_09AM.pdf
2026-08-16 16:54:05,477 INFO Skipped non-substantive snapshot (no date/matchup pairs): timestamp=2023-07-14T21:30:00 source_url=https://ak-static.cms.nba.com/referee/injury/Injury-Report_2023-07-14_09PM.pdf
2026-08-16 16:54:05,503 INFO Skipped non-substantive snapshot (no date/matchup pairs): timestamp=2023-07-14T10:30:00 source_url=https://ak-static.cms.nba.com/referee/injury/Injury-Report_2023-07-14_10AM.pdf
2026-08-16 16:54:05,531 INFO Skipped non-substantive snapshot (no date/matchup pairs): timestamp=2023-07-14T22:30:00 source_url=https://ak-static.cms.nba.com/referee/injury/Injury-Report_2023-07-14_10PM.pdf
2026-08-16 16:54:05,557 INFO Skipped non-substantive snapshot (no date/matchup pairs): timestamp=2023-07-14T11:30:00 source_url=https://ak-static.cms.nba.com/referee/injury/Injury-Report_2023-07-14_11AM.pdf
2026-08-16 16:54:05,585 INFO Skipped non-substantive snapshot (no date/matchup pairs): timestamp=2023-07-14T23:30:00 source_url=https://ak-static.cms.nba.com/referee/injury/Injury-Report_2023-07-14_11PM.pdf
2026-08-16 16:54:05,611 INFO Skipped non-substantive snapshot (no date/matchup pairs): timestamp=2023-07-14T00:30:00 source_url=https://ak-static.cms.nba.com/referee/injury/Injury-Report_2023-07-14_12AM.pdf
2026-08-16 16:54:05,638 INFO Skipped non-substantive snapshot (no date/matchup pairs): timestamp=2023-07-14T12:30:00 source_url=https://ak-static.cms.nba.com/referee/injury/Injury-Report_2023-07-14_12PM.pdf
2026-08-16 16:54:05,638 INFO Direct NBA day 270/371: 2023-07-14, 24 discovered -> 0 selected
2026-08-16 16:54:59,233 INFO Skipped non-substantive snapshot (no date/matchup pairs): timestamp=2023-07-15T01:30:00 source_url=https://ak-static.cms.nba.com/referee/injury/Injury-Report_2023-07-15_01AM.pdf
2026-08-16 16:54:59,264 INFO Skipped non-substantive snapshot (no date/matchup pairs): timestamp=2023-07-15T13:30:00 source_url=https://ak-static.cms.nba.com/referee/injury/Injury-Report_2023-07-15_01PM.pdf
2026-08-16 16:54:59,296 INFO Skipped non-substantive snapshot (no date/matchup pairs): timestamp=2023-07-15T02:30:00 source_url=https://ak-static.cms.nba.com/referee/injury/Injury-Report_2023-07-15_02AM.pdf
2026-08-16 16:54:59,324 INFO Skipped non-substantive snapshot (no date/matchup pairs): timestamp=2023-07-15T14:30:00 source_url=https://ak-static.cms.nba.com/referee/injury/Injury-Report_2023-07-15_02PM.pdf
2026-08-16 16:54:59,397 INFO Skipped non-substantive snapshot (no date/matchup pairs): timestamp=2023-07-15T03:30:00 source_url=https://ak-static.cms.nba.com/referee/injury/Injury-Report_2023-07-15_03AM.pdf
2026-08-16 16:54:59,424 INFO Skipped non-substantive snapshot (no date/matchup pairs): timestamp=2023-07-15T15:30:00 source_url=https://ak-static.cms.nba.com/referee/injury/Injury-Report_2023-07-15_03PM.pdf
2026-08-16 16:54:59,452 INFO Skipped non-substantive snapshot (no date/matchup pairs): timestamp=2023-07-15T04:30:00 source_url=https://ak-static.cms.nba.com/referee/injury/Injury-Report_2023-07-15_04AM.pdf
2026-08-16 16:54:59,479 INFO Skipped non-substantive snapshot (no date/matchup pairs): timestamp=2023-07-15T16:30:00 source_url=https://ak-static.cms.nba.com/referee/injury/Injury-Report_2023-07-15_04PM.pdf
2026-08-16 16:54:59,507 INFO Skipped non-substantive snapshot (no date/matchup pairs): timestamp=2023-07-15T05:30:00 source_url=https://ak-static.cms.nba.com/referee/injury/Injury-Report_2023-07-15_05AM.pdf
2026-08-16 16:54:59,533 INFO Skipped non-substantive snapshot (no date/matchup pairs): timestamp=2023-07-15T17:30:00 source_url=https://ak-static.cms.nba.com/referee/injury/Injury-Report_2023-07-15_05PM.pdf
2026-08-16 16:54:59,562 INFO Skipped non-substantive snapshot (no date/matchup pairs): timestamp=2023-07-15T06:30:00 source_url=https://ak-static.cms.nba.com/referee/injury/Injury-Report_2023-07-15_06AM.pdf
2026-08-16 16:54:59,589 INFO Skipped non-substantive snapshot (no date/matchup pairs): timestamp=2023-07-15T18:30:00 source_url=https://ak-static.cms.nba.com/referee/injury/Injury-Report_2023-07-15_06PM.pdf
2026-08-16 16:54:59,615 INFO Skipped non-substantive snapshot (no date/matchup pairs): timestamp=2023-07-15T07:30:00 source_url=https://ak-static.cms.nba.com/referee/injury/Injury-Report_2023-07-15_07AM.pdf
2026-08-16 16:54:59,644 INFO Skipped non-substantive snapshot (no date/matchup pairs): timestamp=2023-07-15T19:30:00 source_url=https://ak-static.cms.nba.com/referee/injury/Injury-Report_2023-07-15_07PM.pdf
2026-08-16 16:54:59,671 INFO Skipped non-substantive snapshot (no date/matchup pairs): timestamp=2023-07-15T08:30:00 source_url=https://ak-static.cms.nba.com/referee/injury/Injury-Report_2023-07-15_08AM.pdf
2026-08-16 16:54:59,700 INFO Skipped non-substantive snapshot (no date/matchup pairs): timestamp=2023-07-15T20:30:00 source_url=https://ak-static.cms.nba.com/referee/injury/Injury-Report_2023-07-15_08PM.pdf
2026-08-16 16:54:59,727 INFO Skipped non-substantive snapshot (no date/matchup pairs): timestamp=2023-07-15T09:30:00 source_url=https://ak-static.cms.nba.com/referee/injury/Injury-Report_2023-07-15_09AM.pdf
2026-08-16 16:54:59,756 INFO Skipped non-substantive snapshot (no date/matchup pairs): timestamp=2023-07-15T21:30:00 source_url=https://ak-static.cms.nba.com/referee/injury/Injury-Report_2023-07-15_09PM.pdf
2026-08-16 16:54:59,783 INFO Skipped non-substantive snapshot (no date/matchup pairs): timestamp=2023-07-15T10:30:00 source_url=https://ak-static.cms.nba.com/referee/injury/Injury-Report_2023-07-15_10AM.pdf
2026-08-16 16:54:59,812 INFO Skipped non-substantive snapshot (no date/matchup pairs): timestamp=2023-07-15T22:30:00 source_url=https://ak-static.cms.nba.com/referee/injury/Injury-Report_2023-07-15_10PM.pdf
2026-08-16 16:54:59,838 INFO Skipped non-substantive snapshot (no date/matchup pairs): timestamp=2023-07-15T11:30:00 source_url=https://ak-static.cms.nba.com/referee/injury/Injury-Report_2023-07-15_11AM.pdf
2026-08-16 16:54:59,865 INFO Skipped non-substantive snapshot (no date/matchup pairs): timestamp=2023-07-15T23:30:00 source_url=https://ak-static.cms.nba.com/referee/injury/Injury-Report_2023-07-15_11PM.pdf
2026-08-16 16:54:59,881 INFO Skipped non-substantive snapshot (no date/matchup pairs): timestamp=2023-07-15T00:30:00 source_url=https://ak-static.cms.nba.com/referee/injury/Injury-Report_2023-07-15_12AM.pdf
2026-08-16 16:54:59,907 INFO Skipped non-substantive snapshot (no date/matchup pairs): timestamp=2023-07-15T12:30:00 source_url=https://ak-static.cms.nba.com/referee/injury/Injury-Report_2023-07-15_12PM.pdf
2026-08-16 16:54:59,907 INFO Direct NBA day 271/371: 2023-07-15, 24 discovered -> 0 selected
2026-08-16 16:55:52,825 INFO Skipped non-substantive snapshot (no date/matchup pairs): timestamp=2023-07-16T01:30:00 source_url=https://ak-static.cms.nba.com/referee/injury/Injury-Report_2023-07-16_01AM.pdf
2026-08-16 16:55:52,841 INFO Skipped non-substantive snapshot (no date/matchup pairs): timestamp=2023-07-16T13:30:00 source_url=https://ak-static.cms.nba.com/referee/injury/Injury-Report_2023-07-16_01PM.pdf
2026-08-16 16:55:52,859 INFO Skipped non-substantive snapshot (no date/matchup pairs): timestamp=2023-07-16T02:30:00 source_url=https://ak-static.cms.nba.com/referee/injury/Injury-Report_2023-07-16_02AM.pdf
2026-08-16 16:55:52,874 INFO Skipped non-substantive snapshot (no date/matchup pairs): timestamp=2023-07-16T14:30:00 source_url=https://ak-static.cms.nba.com/referee/injury/Injury-Report_2023-07-16_02PM.pdf
2026-08-16 16:55:52,890 INFO Skipped non-substantive snapshot (no date/matchup pairs): timestamp=2023-07-16T03:30:00 source_url=https://ak-static.cms.nba.com/referee/injury/Injury-Report_2023-07-16_03AM.pdf
2026-08-16 16:55:52,906 INFO Skipped non-substantive snapshot (no date/matchup pairs): timestamp=2023-07-16T15:30:00 source_url=https://ak-static.cms.nba.com/referee/injury/Injury-Report_2023-07-16_03PM.pdf
2026-08-16 16:55:52,924 INFO Skipped non-substantive snapshot (no date/matchup pairs): timestamp=2023-07-16T04:30:00 source_url=https://ak-static.cms.nba.com/referee/injury/Injury-Report_2023-07-16_04AM.pdf
2026-08-16 16:55:52,939 INFO Skipped non-substantive snapshot (no date/matchup pairs): timestamp=2023-07-16T16:30:00 source_url=https://ak-static.cms.nba.com/referee/injury/Injury-Report_2023-07-16_04PM.pdf
2026-08-16 16:55:52,955 INFO Skipped non-substantive snapshot (no date/matchup pairs): timestamp=2023-07-16T05:30:00 source_url=https://ak-static.cms.nba.com/referee/injury/Injury-Report_2023-07-16_05AM.pdf
2026-08-16 16:55:52,971 INFO Skipped non-substantive snapshot (no date/matchup pairs): timestamp=2023-07-16T17:30:00 source_url=https://ak-static.cms.nba.com/referee/injury/Injury-Report_2023-07-16_05PM.pdf
2026-08-16 16:55:52,989 INFO Skipped non-substantive snapshot (no date/matchup pairs): timestamp=2023-07-16T06:30:00 source_url=https://ak-static.cms.nba.com/referee/injury/Injury-Report_2023-07-16_06AM.pdf
2026-08-16 16:55:53,005 INFO Skipped non-substantive snapshot (no date/matchup pairs): timestamp=2023-07-16T18:30:00 source_url=https://ak-static.cms.nba.com/referee/injury/Injury-Report_2023-07-16_06PM.pdf
2026-08-16 16:55:53,020 INFO Skipped non-substantive snapshot (no date/matchup pairs): timestamp=2023-07-16T07:30:00 source_url=https://ak-static.cms.nba.com/referee/injury/Injury-Report_2023-07-16_07AM.pdf
2026-08-16 16:55:53,036 INFO Skipped non-substantive snapshot (no date/matchup pairs): timestamp=2023-07-16T19:30:00 source_url=https://ak-static.cms.nba.com/referee/injury/Injury-Report_2023-07-16_07PM.pdf
2026-08-16 16:55:53,054 INFO Skipped non-substantive snapshot (no date/matchup pairs): timestamp=2023-07-16T08:30:00 source_url=https://ak-static.cms.nba.com/referee/injury/Injury-Report_2023-07-16_08AM.pdf
2026-08-16 16:55:53,073 INFO Skipped non-substantive snapshot (no date/matchup pairs): timestamp=2023-07-16T20:30:00 source_url=https://ak-static.cms.nba.com/referee/injury/Injury-Report_2023-07-16_08PM.pdf
2026-08-16 16:55:53,089 INFO Skipped non-substantive snapshot (no date/matchup pairs): timestamp=2023-07-16T09:30:00 source_url=https://ak-static.cms.nba.com/referee/injury/Injury-Report_2023-07-16_09AM.pdf
2026-08-16 16:55:53,108 INFO Skipped non-substantive snapshot (no date/matchup pairs): timestamp=2023-07-16T21:30:00 source_url=https://ak-static.cms.nba.com/referee/injury/Injury-Report_2023-07-16_09PM.pdf
2026-08-16 16:55:53,126 INFO Skipped non-substantive snapshot (no date/matchup pairs): timestamp=2023-07-16T10:30:00 source_url=https://ak-static.cms.nba.com/referee/injury/Injury-Report_2023-07-16_10AM.pdf
2026-08-16 16:55:53,145 INFO Skipped non-substantive snapshot (no date/matchup pairs): timestamp=2023-07-16T22:30:00 source_url=https://ak-static.cms.nba.com/referee/injury/Injury-Report_2023-07-16_10PM.pdf
2026-08-16 16:55:53,161 INFO Skipped non-substantive snapshot (no date/matchup pairs): timestamp=2023-07-16T11:30:00 source_url=https://ak-static.cms.nba.com/referee/injury/Injury-Report_2023-07-16_11AM.pdf
2026-08-16 16:55:53,180 INFO Skipped non-substantive snapshot (no date/matchup pairs): timestamp=2023-07-16T23:30:00 source_url=https://ak-static.cms.nba.com/referee/injury/Injury-Report_2023-07-16_11PM.pdf
2026-08-16 16:55:53,198 INFO Skipped non-substantive snapshot (no date/matchup pairs): timestamp=2023-07-16T00:30:00 source_url=https://ak-static.cms.nba.com/referee/injury/Injury-Report_2023-07-16_12AM.pdf
2026-08-16 16:55:53,214 INFO Skipped non-substantive snapshot (no date/matchup pairs): timestamp=2023-07-16T12:30:00 source_url=https://ak-static.cms.nba.com/referee/injury/Injury-Report_2023-07-16_12PM.pdf
2026-08-16 16:55:53,214 INFO Direct NBA day 272/371: 2023-07-16, 24 discovered -> 0 selected
2026-08-16 16:56:46,396 INFO Skipped non-substantive snapshot (no date/matchup pairs): timestamp=2023-07-17T01:30:00 source_url=https://ak-static.cms.nba.com/referee/injury/Injury-Report_2023-07-17_01AM.pdf
2026-08-16 16:56:46,404 INFO Skipped non-substantive snapshot (no date/matchup pairs): timestamp=2023-07-17T13:30:00 source_url=https://ak-static.cms.nba.com/referee/injury/Injury-Report_2023-07-17_01PM.pdf
2026-08-16 16:56:46,415 INFO Skipped non-substantive snapshot (no date/matchup pairs): timestamp=2023-07-17T02:30:00 source_url=https://ak-static.cms.nba.com/referee/injury/Injury-Report_2023-07-17_02AM.pdf
2026-08-16 16:56:46,421 INFO Skipped non-substantive snapshot (no date/matchup pairs): timestamp=2023-07-17T14:30:00 source_url=https://ak-static.cms.nba.com/referee/injury/Injury-Report_2023-07-17_02PM.pdf
2026-08-16 16:56:46,465 INFO Skipped non-substantive snapshot (no date/matchup pairs): timestamp=2023-07-17T03:30:00 source_url=https://ak-static.cms.nba.com/referee/injury/Injury-Report_2023-07-17_03AM.pdf
2026-08-16 16:56:46,470 INFO Skipped non-substantive snapshot (no date/matchup pairs): timestamp=2023-07-17T15:30:00 source_url=https://ak-static.cms.nba.com/referee/injury/Injury-Report_2023-07-17_03PM.pdf
2026-08-16 16:56:46,475 INFO Skipped non-substantive snapshot (no date/matchup pairs): timestamp=2023-07-17T04:30:00 source_url=https://ak-static.cms.nba.com/referee/injury/Injury-Report_2023-07-17_04AM.pdf
2026-08-16 16:56:46,480 INFO Skipped non-substantive snapshot (no date/matchup pairs): timestamp=2023-07-17T16:30:00 source_url=https://ak-static.cms.nba.com/referee/injury/Injury-Report_2023-07-17_04PM.pdf
2026-08-16 16:56:46,485 INFO Skipped non-substantive snapshot (no date/matchup pairs): timestamp=2023-07-17T05:30:00 source_url=https://ak-static.cms.nba.com/referee/injury/Injury-Report_2023-07-17_05AM.pdf
2026-08-16 16:56:46,490 INFO Skipped non-substantive snapshot (no date/matchup pairs): timestamp=2023-07-17T17:30:00 source_url=https://ak-static.cms.nba.com/referee/injury/Injury-Report_2023-07-17_05PM.pdf
2026-08-16 16:56:46,495 INFO Skipped non-substantive snapshot (no date/matchup pairs): timestamp=2023-07-17T06:30:00 source_url=https://ak-static.cms.nba.com/referee/injury/Injury-Report_2023-07-17_06AM.pdf
2026-08-16 16:56:46,500 INFO Skipped non-substantive snapshot (no date/matchup pairs): timestamp=2023-07-17T18:30:00 source_url=https://ak-static.cms.nba.com/referee/injury/Injury-Report_2023-07-17_06PM.pdf
2026-08-16 16:56:46,505 INFO Skipped non-substantive snapshot (no date/matchup pairs): timestamp=2023-07-17T07:30:00 source_url=https://ak-static.cms.nba.com/referee/injury/Injury-Report_2023-07-17_07AM.pdf
2026-08-16 16:56:46,510 INFO Skipped non-substantive snapshot (no date/matchup pairs): timestamp=2023-07-17T19:30:00 source_url=https://ak-static.cms.nba.com/referee/injury/Injury-Report_2023-07-17_07PM.pdf
2026-08-16 16:56:46,515 INFO Skipped non-substantive snapshot (no date/matchup pairs): timestamp=2023-07-17T08:30:00 source_url=https://ak-static.cms.nba.com/referee/injury/Injury-Report_2023-07-17_08AM.pdf
2026-08-16 16:56:46,522 INFO Skipped non-substantive snapshot (no date/matchup pairs): timestamp=2023-07-17T20:30:00 source_url=https://ak-static.cms.nba.com/referee/injury/Injury-Report_2023-07-17_08PM.pdf
2026-08-16 16:56:46,526 INFO Skipped non-substantive snapshot (no date/matchup pairs): timestamp=2023-07-17T09:30:00 source_url=https://ak-static.cms.nba.com/referee/injury/Injury-Report_2023-07-17_09AM.pdf
2026-08-16 16:56:46,531 INFO Skipped non-substantive snapshot (no date/matchup pairs): timestamp=2023-07-17T21:30:00 source_url=https://ak-static.cms.nba.com/referee/injury/Injury-Report_2023-07-17_09PM.pdf
2026-08-16 16:56:46,536 INFO Skipped non-substantive snapshot (no date/matchup pairs): timestamp=2023-07-17T10:30:00 source_url=https://ak-static.cms.nba.com/referee/injury/Injury-Report_2023-07-17_10AM.pdf
2026-08-16 16:56:46,541 INFO Skipped non-substantive snapshot (no date/matchup pairs): timestamp=2023-07-17T22:30:00 source_url=https://ak-static.cms.nba.com/referee/injury/Injury-Report_2023-07-17_10PM.pdf
2026-08-16 16:56:46,545 INFO Skipped non-substantive snapshot (no date/matchup pairs): timestamp=2023-07-17T11:30:00 source_url=https://ak-static.cms.nba.com/referee/injury/Injury-Report_2023-07-17_11AM.pdf
2026-08-16 16:56:46,550 INFO Skipped non-substantive snapshot (no date/matchup pairs): timestamp=2023-07-17T23:30:00 source_url=https://ak-static.cms.nba.com/referee/injury/Injury-Report_2023-07-17_11PM.pdf
2026-08-16 16:56:46,555 INFO Skipped non-substantive snapshot (no date/matchup pairs): timestamp=2023-07-17T00:30:00 source_url=https://ak-static.cms.nba.com/referee/injury/Injury-Report_2023-07-17_12AM.pdf
2026-08-16 16:56:46,555 INFO Direct NBA day 273/371: 2023-07-17, 23 discovered -> 0 selected
2026-08-16 16:57:12,356 INFO Direct NBA day 274/371: 2023-07-18, 0 discovered -> 0 selected
2026-08-16 16:57:38,050 INFO Direct NBA day 275/371: 2023-07-19, 0 discovered -> 0 selected
2026-08-16 16:58:04,066 INFO Direct NBA day 276/371: 2023-07-20, 0 discovered -> 0 selected
2026-08-16 16:58:29,943 INFO Direct NBA day 277/371: 2023-07-21, 0 discovered -> 0 selected
2026-08-16 16:58:55,651 INFO Direct NBA day 278/371: 2023-07-22, 0 discovered -> 0 selected
Traceback (most recent call last):
  File "<frozen runpy>", line 203, in _run_module_as_main
  File "<frozen runpy>", line 88, in _run_code
  File "/Users/michael/Developer/nba_injury_database/app/jobs/backfill_nba_reports.py", line 385, in <module>
    main()
    ~~~~^^
  File "/Users/michael/Developer/nba_injury_database/app/jobs/backfill_nba_reports.py", line 218, in main
    valid_urls = probe_candidate_urls(
        candidates,
        probe_client,
        request_interval_seconds=settings.nba_pdf_request_interval_seconds,
    )
  File "/Users/michael/Developer/nba_injury_database/app/nba/discovery.py", line 159, in probe_candidate_urls
    sleep(wait)
    ~~~~~^^^^^^
KeyboardInterrupt
