season,game_date,season_type,away_team,home_team,matchup
2018-19,2018-09-28,preseason,Boston Celtics,Charlotte Hornets,BOS@CHA
2018-19,2018-09-29,preseason,Minnesota Timberwolves,Golden State Warriors,MIN@GSW
2018-19,2018-09-29,preseason,Portland Trail Blazers,Toronto Raptors,POR@TOR
2018-19,2018-09-30,preseason,Charlotte Hornets,Boston Celtics,CHA@BOS
2018-19,2018-09-30,preseason,Denver Nuggets,Los Angeles Lakers,DEN@LAL
2018-19,2018-09-30,preseason,Miami Heat,San Antonio Spurs,MIA@SAS
2018-19,2018-09-30,preseason,New Orleans Pelicans,Chicago Bulls,NOP@CHI
2018-19,2018-10-01,preseason,New Orleans Pelicans,Atlanta Hawks,NOP@ATL
2018-19,2018-10-01,preseason,New York Knicks,Washington Wizards,NYK@WAS
2018-19,2018-10-01,preseason,Orlando Magic,Philadelphia 76ers,ORL@PHI
2018-19,2018-10-01,preseason,Sacramento Kings,Phoenix Suns,SAC@PHX
2018-19,2018-10-02,preseason,Cleveland Cavaliers,Boston Celtics,CLE@BOS
2018-19,2018-10-02,preseason,Denver Nuggets,Los Angeles Lakers,DEN@LAL
2018-19,2018-10-02,preseason,Memphis Grizzlies,Houston Rockets,MEM@HOU
2018-19,2018-10-02,preseason,Miami Heat,Charlotte Hornets,MIA@CHA
2018-19,2018-10-02,preseason,Toronto Raptors,Utah Jazz,TOR@UTA
2018-19,2018-10-03,preseason,Chicago Bulls,Milwaukee Bucks,CHI@MIL
2018-19,2018-10-03,preseason,Detroit Pistons,Oklahoma City Thunder,DET@OKC
2018-19,2018-10-03,preseason,Minnesota Timberwolves,LA Clippers,MIN@LAC
2018-19,2018-10-03,preseason,New York Knicks,Brooklyn Nets,NYK@BKN
2018-19,2018-10-04,preseason,Indiana Pacers,Houston Rockets,IND@HOU
2018-19,2018-10-04,preseason,Sacramento Kings,Los Angeles Lakers,SAC@LAL
2018-19,2018-10-05,preseason,Atlanta Hawks,Memphis Grizzlies,ATL@MEM
2018-19,2018-10-05,preseason,Detroit Pistons,San Antonio Spurs,DET@SAS
2018-19,2018-10-05,preseason,Miami Heat,Washington Wizards,MIA@WAS
2018-19,2018-10-05,preseason,New Orleans Pelicans,New York Knicks,NOP@NYK
2018-19,2018-10-05,preseason,Oklahoma City Thunder,Minnesota Timberwolves,OKC@MIN
2018-19,2018-10-05,preseason,Philadelphia 76ers,Dallas Mavericks,PHI@DAL
2018-19,2018-10-05,preseason,Portland Trail Blazers,Phoenix Suns,POR@PHX
2018-19,2018-10-05,preseason,Sacramento Kings,Golden State Warriors,SAC@GSW
2018-19,2018-10-06,preseason,Boston Celtics,Cleveland Cavaliers,BOS@CLE
2018-19,2018-10-06,preseason,Indiana Pacers,Memphis Grizzlies,IND@MEM
2018-19,2018-10-06,preseason,LA Clippers,Los Angeles Lakers,LAC@LAL
2018-19,2018-10-07,preseason,Atlanta Hawks,Oklahoma City Thunder,ATL@OKC
2018-19,2018-10-07,preseason,Houston Rockets,San Antonio Spurs,HOU@SAS
2018-19,2018-10-07,preseason,Milwaukee Bucks,Minnesota Timberwolves,MIL@MIN
2018-19,2018-10-07,preseason,Utah Jazz,Portland Trail Blazers,UTA@POR
2018-19,2018-10-08,preseason,Brooklyn Nets,Detroit Pistons,BKN@DET
2018-19,2018-10-08,preseason,Chicago Bulls,Charlotte Hornets,CHI@CHA
2018-19,2018-10-08,preseason,Dallas Mavericks,Philadelphia 76ers,DAL@PHI
2018-19,2018-10-08,preseason,Indiana Pacers,Cleveland Cavaliers,IND@CLE
2018-19,2018-10-08,preseason,Orlando Magic,Miami Heat,ORL@MIA
2018-19,2018-10-08,preseason,Phoenix Suns,Golden State Warriors,PHX@GSW
2018-19,2018-10-08,preseason,Washington Wizards,New York Knicks,WAS@NYK
2018-19,2018-10-09,preseason,Denver Nuggets,LA Clippers,DEN@LAC
2018-19,2018-10-09,preseason,Milwaukee Bucks,Oklahoma City Thunder,MIL@OKC
2018-19,2018-10-10,preseason,Brooklyn Nets,Toronto Raptors,BKN@TOR
2018-19,2018-10-10,preseason,Golden State Warriors,Los Angeles Lakers,GSW@LAL
2018-19,2018-10-10,preseason,Indiana Pacers,Chicago Bulls,IND@CHI
2018-19,2018-10-10,preseason,Memphis Grizzlies,Orlando Magic,MEM@ORL
2018-19,2018-10-10,preseason,New Orleans Pelicans,Miami Heat,NOP@MIA
2018-19,2018-10-10,preseason,Phoenix Suns,Portland Trail Blazers,PHX@POR
2018-19,2018-10-10,preseason,San Antonio Spurs,Atlanta Hawks,SAS@ATL
2018-19,2018-10-10,preseason,Washington Wizards,Detroit Pistons,WAS@DET
2018-19,2018-10-11,preseason,Toronto Raptors,New Orleans Pelicans,TOR@NOP
2018-19,2018-10-11,preseason,Utah Jazz,Sacramento Kings,UTA@SAC
2018-19,2018-10-12,preseason,Atlanta Hawks,Miami Heat,ATL@MIA
2018-19,2018-10-12,preseason,Brooklyn Nets,New York Knicks,BKN@NYK
2018-19,2018-10-12,preseason,Charlotte Hornets,Dallas Mavericks,CHA@DAL
2018-19,2018-10-12,preseason,Denver Nuggets,Chicago Bulls,DEN@CHI
2018-19,2018-10-12,preseason,Detroit Pistons,Cleveland Cavaliers,DET@CLE
2018-19,2018-10-12,preseason,Houston Rockets,Memphis Grizzlies,HOU@MEM
2018-19,2018-10-12,preseason,Los Angeles Lakers,Golden State Warriors,LAL@GSW
2018-19,2018-10-12,preseason,Minnesota Timberwolves,Milwaukee Bucks,MIN@MIL
2018-19,2018-10-12,preseason,Sacramento Kings,Portland Trail Blazers,SAC@POR
2018-19,2018-10-12,preseason,San Antonio Spurs,Orlando Magic,SAS@ORL
2018-19,2018-10-16,regular,Oklahoma City Thunder,Golden State Warriors,OKC@GSW
2018-19,2018-10-16,regular,Philadelphia 76ers,Boston Celtics,PHI@BOS
2018-19,2018-10-17,regular,Atlanta Hawks,New York Knicks,ATL@NYK
2018-19,2018-10-17,regular,Brooklyn Nets,Detroit Pistons,BKN@DET
2018-19,2018-10-17,regular,Cleveland Cavaliers,Toronto Raptors,CLE@TOR
2018-19,2018-10-17,regular,Dallas Mavericks,Phoenix Suns,DAL@PHX
2018-19,2018-10-17,regular,Denver Nuggets,LA Clippers,DEN@LAC
2018-19,2018-10-17,regular,Memphis Grizzlies,Indiana Pacers,MEM@IND
2018-19,2018-10-17,regular,Miami Heat,Orlando Magic,MIA@ORL
2018-19,2018-10-17,regular,Milwaukee Bucks,Charlotte Hornets,MIL@CHA
2018-19,2018-10-17,regular,Minnesota Timberwolves,San Antonio Spurs,MIN@SAS
2018-19,2018-10-17,regular,New Orleans Pelicans,Houston Rockets,NOP@HOU
2018-19,2018-10-17,regular,Utah Jazz,Sacramento Kings,UTA@SAC
2018-19,2018-10-18,regular,Chicago Bulls,Philadelphia 76ers,CHI@PHI
2018-19,2018-10-18,regular,Los Angeles Lakers,Portland Trail Blazers,LAL@POR
2018-19,2018-10-18,regular,Miami Heat,Washington Wizards,MIA@WAS
2018-19,2018-10-19,regular,Atlanta Hawks,Memphis Grizzlies,ATL@MEM
2018-19,2018-10-19,regular,Boston Celtics,Toronto Raptors,BOS@TOR
2018-19,2018-10-19,regular,Charlotte Hornets,Orlando Magic,CHA@ORL
2018-19,2018-10-19,regular,Cleveland Cavaliers,Minnesota Timberwolves,CLE@MIN
2018-19,2018-10-19,regular,Golden State Warriors,Utah Jazz,GSW@UTA
2018-19,2018-10-19,regular,Indiana Pacers,Milwaukee Bucks,IND@MIL
2018-19,2018-10-19,regular,New York Knicks,Brooklyn Nets,NYK@BKN
2018-19,2018-10-19,regular,Oklahoma City Thunder,LA Clippers,OKC@LAC
2018-19,2018-10-19,regular,Sacramento Kings,New Orleans Pelicans,SAC@NOP
2018-19,2018-10-20,regular,Brooklyn Nets,Indiana Pacers,BKN@IND
2018-19,2018-10-20,regular,Boston Celtics,New York Knicks,BOS@NYK
2018-19,2018-10-20,regular,Charlotte Hornets,Miami Heat,CHA@MIA
2018-19,2018-10-20,regular,Detroit Pistons,Chicago Bulls,DET@CHI
2018-19,2018-10-20,regular,Houston Rockets,Los Angeles Lakers,HOU@LAL
2018-19,2018-10-20,regular,Minnesota Timberwolves,Dallas Mavericks,MIN@DAL
2018-19,2018-10-20,regular,Orlando Magic,Philadelphia 76ers,ORL@PHI
2018-19,2018-10-20,regular,Phoenix Suns,Denver Nuggets,PHX@DEN
2018-19,2018-10-20,regular,San Antonio Spurs,Portland Trail Blazers,SAS@POR
2018-19,2018-10-20,regular,Toronto Raptors,Washington Wizards,TOR@WAS
2018-19,2018-10-21,regular,Atlanta Hawks,Cleveland Cavaliers,ATL@CLE
2018-19,2018-10-21,regular,Golden State Warriors,Denver Nuggets,GSW@DEN
2018-19,2018-10-21,regular,Houston Rockets,LA Clippers,HOU@LAC
2018-19,2018-10-21,regular,Sacramento Kings,Oklahoma City Thunder,SAC@OKC
2018-19,2018-10-22,regular,Charlotte Hornets,Toronto Raptors,CHA@TOR
2018-19,2018-10-22,regular,Chicago Bulls,Dallas Mavericks,CHI@DAL
2018-19,2018-10-22,regular,Indiana Pacers,Minnesota Timberwolves,IND@MIN
2018-19,2018-10-22,regular,Memphis Grizzlies,Utah Jazz,MEM@UTA
2018-19,2018-10-22,regular,New York Knicks,Milwaukee Bucks,NYK@MIL
2018-19,2018-10-22,regular,Orlando Magic,Boston Celtics,ORL@BOS
2018-19,2018-10-22,regular,Phoenix Suns,Golden State Warriors,PHX@GSW
2018-19,2018-10-22,regular,San Antonio Spurs,Los Angeles Lakers,SAS@LAL
2018-19,2018-10-22,regular,Washington Wizards,Portland Trail Blazers,WAS@POR
2018-19,2018-10-23,regular,LA Clippers,New Orleans Pelicans,LAC@NOP
2018-19,2018-10-23,regular,Philadelphia 76ers,Detroit Pistons,PHI@DET
2018-19,2018-10-23,regular,Sacramento Kings,Denver Nuggets,SAC@DEN
2018-19,2018-10-24,regular,Brooklyn Nets,Cleveland Cavaliers,BKN@CLE
2018-19,2018-10-24,regular,Charlotte Hornets,Chicago Bulls,CHA@CHI
2018-19,2018-10-24,regular,Dallas Mavericks,Atlanta Hawks,DAL@ATL
2018-19,2018-10-24,regular,Indiana Pacers,San Antonio Spurs,IND@SAS
2018-19,2018-10-24,regular,Los Angeles Lakers,Phoenix Suns,LAL@PHX
2018-19,2018-10-24,regular,Memphis Grizzlies,Sacramento Kings,MEM@SAC
2018-19,2018-10-24,regular,Minnesota Timberwolves,Toronto Raptors,MIN@TOR
2018-19,2018-10-24,regular,New York Knicks,Miami Heat,NYK@MIA
2018-19,2018-10-24,regular,Philadelphia 76ers,Milwaukee Bucks,PHI@MIL
2018-19,2018-10-24,regular,Utah Jazz,Houston Rockets,UTA@HOU
2018-19,2018-10-24,regular,Washington Wizards,Golden State Warriors,WAS@GSW
2018-19,2018-10-25,regular,Boston Celtics,Oklahoma City Thunder,BOS@OKC
2018-19,2018-10-25,regular,Cleveland Cavaliers,Detroit Pistons,CLE@DET
2018-19,2018-10-25,regular,Denver Nuggets,Los Angeles Lakers,DEN@LAL
2018-19,2018-10-25,regular,Portland Trail Blazers,Orlando Magic,POR@ORL
2018-19,2018-10-26,regular,Brooklyn Nets,New Orleans Pelicans,BKN@NOP
2018-19,2018-10-26,regular,Chicago Bulls,Charlotte Hornets,CHI@CHA
2018-19,2018-10-26,regular,Dallas Mavericks,Toronto Raptors,DAL@TOR
2018-19,2018-10-26,regular,Golden State Warriors,New York Knicks,GSW@NYK
2018-19,2018-10-26,regular,LA Clippers,Houston Rockets,LAC@HOU
2018-19,2018-10-26,regular,Milwaukee Bucks,Minnesota Timberwolves,MIL@MIN
2018-19,2018-10-26,regular,Washington Wizards,Sacramento Kings,WAS@SAC
2018-19,2018-10-27,regular,Boston Celtics,Detroit Pistons,BOS@DET
2018-19,2018-10-27,regular,Charlotte Hornets,Philadelphia 76ers,CHA@PHI
2018-19,2018-10-27,regular,Chicago Bulls,Atlanta Hawks,CHI@ATL
2018-19,2018-10-27,regular,Indiana Pacers,Cleveland Cavaliers,IND@CLE
2018-19,2018-10-27,regular,Los Angeles Lakers,San Antonio Spurs,LAL@SAS
2018-19,2018-10-27,regular,Orlando Magic,Milwaukee Bucks,ORL@MIL
2018-19,2018-10-27,regular,Phoenix Suns,Memphis Grizzlies,PHX@MEM
2018-19,2018-10-27,regular,Portland Trail Blazers,Miami Heat,POR@MIA
2018-19,2018-10-27,regular,Utah Jazz,New Orleans Pelicans,UTA@NOP
2018-19,2018-10-28,regular,Golden State Warriors,Brooklyn Nets,GSW@BKN
2018-19,2018-10-28,regular,Phoenix Suns,Oklahoma City Thunder,PHX@OKC
2018-19,2018-10-28,regular,Utah Jazz,Dallas Mavericks,UTA@DAL
2018-19,2018-10-28,regular,Washington Wizards,LA Clippers,WAS@LAC
2018-19,2018-10-29,regular,Atlanta Hawks,Philadelphia 76ers,ATL@PHI
2018-19,2018-10-29,regular,Brooklyn Nets,New York Knicks,BKN@NYK
2018-19,2018-10-29,regular,Dallas Mavericks,San Antonio Spurs,DAL@SAS
2018-19,2018-10-29,regular,Golden State Warriors,Chicago Bulls,GSW@CHI
2018-19,2018-10-29,regular,Los Angeles Lakers,Minnesota Timberwolves,LAL@MIN
2018-19,2018-10-29,regular,New Orleans Pelicans,Denver Nuggets,NOP@DEN
2018-19,2018-10-29,regular,Portland Trail Blazers,Indiana Pacers,POR@IND
2018-19,2018-10-29,regular,Sacramento Kings,Miami Heat,SAC@MIA
2018-19,2018-10-29,regular,Toronto Raptors,Milwaukee Bucks,TOR@MIL
2018-19,2018-10-30,regular,Atlanta Hawks,Cleveland Cavaliers,ATL@CLE
2018-19,2018-10-30,regular,Detroit Pistons,Boston Celtics,DET@BOS
2018-19,2018-10-30,regular,LA Clippers,Oklahoma City Thunder,LAC@OKC
2018-19,2018-10-30,regular,Miami Heat,Charlotte Hornets,MIA@CHA
2018-19,2018-10-30,regular,Philadelphia 76ers,Toronto Raptors,PHI@TOR
2018-19,2018-10-30,regular,Portland Trail Blazers,Houston Rockets,POR@HOU
2018-19,2018-10-30,regular,Sacramento Kings,Orlando Magic,SAC@ORL
2018-19,2018-10-30,regular,Washington Wizards,Memphis Grizzlies,WAS@MEM
2018-19,2018-10-31,regular,Dallas Mavericks,Los Angeles Lakers,DAL@LAL
2018-19,2018-10-31,regular,Denver Nuggets,Chicago Bulls,DEN@CHI
2018-19,2018-10-31,regular,Detroit Pistons,Brooklyn Nets,DET@BKN
2018-19,2018-10-31,regular,Indiana Pacers,New York Knicks,IND@NYK
2018-19,2018-10-31,regular,New Orleans Pelicans,Golden State Warriors,NOP@GSW
2018-19,2018-10-31,regular,San Antonio Spurs,Phoenix Suns,SAS@PHX
2018-19,2018-10-31,regular,Utah Jazz,Minnesota Timberwolves,UTA@MIN
2018-19,2018-11-01,regular,Denver Nuggets,Cleveland Cavaliers,DEN@CLE
2018-19,2018-11-01,regular,LA Clippers,Philadelphia 76ers,LAC@PHI
2018-19,2018-11-01,regular,Milwaukee Bucks,Boston Celtics,MIL@BOS
2018-19,2018-11-01,regular,New Orleans Pelicans,Portland Trail Blazers,NOP@POR
2018-19,2018-11-01,regular,Oklahoma City Thunder,Charlotte Hornets,OKC@CHA
2018-19,2018-11-01,regular,Sacramento Kings,Atlanta Hawks,SAC@ATL
2018-19,2018-11-02,regular,Houston Rockets,Brooklyn Nets,HOU@BKN
2018-19,2018-11-02,regular,Indiana Pacers,Chicago Bulls,IND@CHI
2018-19,2018-11-02,regular,LA Clippers,Orlando Magic,LAC@ORL
2018-19,2018-11-02,regular,Memphis Grizzlies,Utah Jazz,MEM@UTA
2018-19,2018-11-02,regular,Minnesota Timberwolves,Golden State Warriors,MIN@GSW
2018-19,2018-11-02,regular,New York Knicks,Dallas Mavericks,NYK@DAL
2018-19,2018-11-02,regular,Oklahoma City Thunder,Washington Wizards,OKC@WAS
2018-19,2018-11-02,regular,Toronto Raptors,Phoenix Suns,TOR@PHX
2018-19,2018-11-03,regular,Boston Celtics,Indiana Pacers,BOS@IND
2018-19,2018-11-03,regular,Cleveland Cavaliers,Charlotte Hornets,CLE@CHA
2018-19,2018-11-03,regular,Detroit Pistons,Philadelphia 76ers,DET@PHI
2018-19,2018-11-03,regular,Houston Rockets,Chicago Bulls,HOU@CHI
2018-19,2018-11-03,regular,Los Angeles Lakers,Portland Trail Blazers,LAL@POR
2018-19,2018-11-03,regular,Miami Heat,Atlanta Hawks,MIA@ATL
2018-19,2018-11-03,regular,New Orleans Pelicans,San Antonio Spurs,NOP@SAS
2018-19,2018-11-03,regular,Utah Jazz,Denver Nuggets,UTA@DEN
2018-19,2018-11-04,regular,Memphis Grizzlies,Phoenix Suns,MEM@PHX
2018-19,2018-11-04,regular,Minnesota Timberwolves,Portland Trail Blazers,MIN@POR
2018-19,2018-11-04,regular,New York Knicks,Washington Wizards,NYK@WAS
2018-19,2018-11-04,regular,Orlando Magic,San Antonio Spurs,ORL@SAS
2018-19,2018-11-04,regular,Philadelphia 76ers,Brooklyn Nets,PHI@BKN
2018-19,2018-11-04,regular,Sacramento Kings,Milwaukee Bucks,SAC@MIL
2018-19,2018-11-04,regular,Toronto Raptors,Los Angeles Lakers,TOR@LAL
2018-19,2018-11-05,regular,Boston Celtics,Denver Nuggets,BOS@DEN
2018-19,2018-11-05,regular,Chicago Bulls,New York Knicks,CHI@NYK
2018-19,2018-11-05,regular,Cleveland Cavaliers,Orlando Magic,CLE@ORL
2018-19,2018-11-05,regular,Houston Rockets,Indiana Pacers,HOU@IND
2018-19,2018-11-05,regular,Memphis Grizzlies,Golden State Warriors,MEM@GSW
2018-19,2018-11-05,regular,Miami Heat,Detroit Pistons,MIA@DET
2018-19,2018-11-05,regular,Minnesota Timberwolves,LA Clippers,MIN@LAC
2018-19,2018-11-05,regular,New Orleans Pelicans,Oklahoma City Thunder,NOP@OKC
2018-19,2018-11-05,regular,Toronto Raptors,Utah Jazz,TOR@UTA
2018-19,2018-11-06,regular,Atlanta Hawks,Charlotte Hornets,ATL@CHA
2018-19,2018-11-06,regular,Brooklyn Nets,Phoenix Suns,BKN@PHX
2018-19,2018-11-06,regular,Milwaukee Bucks,Portland Trail Blazers,MIL@POR
2018-19,2018-11-06,regular,Washington Wizards,Dallas Mavericks,WAS@DAL
2018-19,2018-11-07,regular,Chicago Bulls,New Orleans Pelicans,CHI@NOP
2018-19,2018-11-07,regular,Dallas Mavericks,Utah Jazz,DAL@UTA
2018-19,2018-11-07,regular,Denver Nuggets,Memphis Grizzlies,DEN@MEM
2018-19,2018-11-07,regular,Detroit Pistons,Orlando Magic,DET@ORL
2018-19,2018-11-07,regular,Minnesota Timberwolves,Los Angeles Lakers,MIN@LAL
2018-19,2018-11-07,regular,New York Knicks,Atlanta Hawks,NYK@ATL
2018-19,2018-11-07,regular,Oklahoma City Thunder,Cleveland Cavaliers,OKC@CLE
2018-19,2018-11-07,regular,Philadelphia 76ers,Indiana Pacers,PHI@IND
2018-19,2018-11-07,regular,San Antonio Spurs,Miami Heat,SAS@MIA
2018-19,2018-11-07,regular,Toronto Raptors,Sacramento Kings,TOR@SAC
2018-19,2018-11-08,regular,Boston Celtics,Phoenix Suns,BOS@PHX
2018-19,2018-11-08,regular,Houston Rockets,Oklahoma City Thunder,HOU@OKC
2018-19,2018-11-08,regular,LA Clippers,Portland Trail Blazers,LAC@POR
2018-19,2018-11-08,regular,Milwaukee Bucks,Golden State Warriors,MIL@GSW
2018-19,2018-11-09,regular,Brooklyn Nets,Denver Nuggets,BKN@DEN
2018-19,2018-11-09,regular,Boston Celtics,Utah Jazz,BOS@UTA
2018-19,2018-11-09,regular,Charlotte Hornets,Philadelphia 76ers,CHA@PHI
2018-19,2018-11-09,regular,Detroit Pistons,Atlanta Hawks,DET@ATL
2018-19,2018-11-09,regular,Indiana Pacers,Miami Heat,IND@MIA
2018-19,2018-11-09,regular,Minnesota Timberwolves,Sacramento Kings,MIN@SAC
2018-19,2018-11-09,regular,Washington Wizards,Orlando Magic,WAS@ORL
2018-19,2018-11-10,regular,Brooklyn Nets,Golden State Warriors,BKN@GSW
2018-19,2018-11-10,regular,Cleveland Cavaliers,Chicago Bulls,CLE@CHI
2018-19,2018-11-10,regular,Houston Rockets,San Antonio Spurs,HOU@SAS
2018-19,2018-11-10,regular,Los Angeles Lakers,Sacramento Kings,LAL@SAC
2018-19,2018-11-10,regular,Milwaukee Bucks,LA Clippers,MIL@LAC
2018-19,2018-11-10,regular,New York Knicks,Toronto Raptors,NYK@TOR
2018-19,2018-11-10,regular,Oklahoma City Thunder,Dallas Mavericks,OKC@DAL
2018-19,2018-11-10,regular,Philadelphia 76ers,Memphis Grizzlies,PHI@MEM
2018-19,2018-11-10,regular,Phoenix Suns,New Orleans Pelicans,PHX@NOP
2018-19,2018-11-10,regular,Washington Wizards,Miami Heat,WAS@MIA
2018-19,2018-11-11,regular,Atlanta Hawks,Los Angeles Lakers,ATL@LAL
2018-19,2018-11-11,regular,Boston Celtics,Portland Trail Blazers,BOS@POR
2018-19,2018-11-11,regular,Charlotte Hornets,Detroit Pistons,CHA@DET
2018-19,2018-11-11,regular,Indiana Pacers,Houston Rockets,IND@HOU
2018-19,2018-11-11,regular,Milwaukee Bucks,Denver Nuggets,MIL@DEN
2018-19,2018-11-11,regular,Orlando Magic,New York Knicks,ORL@NYK
2018-19,2018-11-12,regular,Brooklyn Nets,Minnesota Timberwolves,BKN@MIN
2018-19,2018-11-12,regular,Dallas Mavericks,Chicago Bulls,DAL@CHI
2018-19,2018-11-12,regular,Golden State Warriors,LA Clippers,GSW@LAC
2018-19,2018-11-12,regular,New Orleans Pelicans,Toronto Raptors,NOP@TOR
2018-19,2018-11-12,regular,Orlando Magic,Washington Wizards,ORL@WAS
2018-19,2018-11-12,regular,Philadelphia 76ers,Miami Heat,PHI@MIA
2018-19,2018-11-12,regular,Phoenix Suns,Oklahoma City Thunder,PHX@OKC
2018-19,2018-11-12,regular,San Antonio Spurs,Sacramento Kings,SAS@SAC
2018-19,2018-11-12,regular,Utah Jazz,Memphis Grizzlies,UTA@MEM
2018-19,2018-11-13,regular,Atlanta Hawks,Golden State Warriors,ATL@GSW
2018-19,2018-11-13,regular,Charlotte Hornets,Cleveland Cavaliers,CHA@CLE
2018-19,2018-11-13,regular,Houston Rockets,Denver Nuggets,HOU@DEN
2018-19,2018-11-14,regular,Chicago Bulls,Boston Celtics,CHI@BOS
2018-19,2018-11-14,regular,Cleveland Cavaliers,Washington Wizards,CLE@WAS
2018-19,2018-11-14,regular,Detroit Pistons,Toronto Raptors,DET@TOR
2018-19,2018-11-14,regular,Memphis Grizzlies,Milwaukee Bucks,MEM@MIL
2018-19,2018-11-14,regular,Miami Heat,Brooklyn Nets,MIA@BKN
2018-19,2018-11-14,regular,New Orleans Pelicans,Minnesota Timberwolves,NOP@MIN
2018-19,2018-11-14,regular,New York Knicks,Oklahoma City Thunder,NYK@OKC
2018-19,2018-11-14,regular,Philadelphia 76ers,Orlando Magic,PHI@ORL
2018-19,2018-11-14,regular,Portland Trail Blazers,Los Angeles Lakers,POR@LAL
2018-19,2018-11-14,regular,San Antonio Spurs,Phoenix Suns,SAS@PHX
2018-19,2018-11-14,regular,Utah Jazz,Dallas Mavericks,UTA@DAL
2018-19,2018-11-15,regular,Atlanta Hawks,Denver Nuggets,ATL@DEN
2018-19,2018-11-15,regular,Golden State Warriors,Houston Rockets,GSW@HOU
2018-19,2018-11-15,regular,San Antonio Spurs,LA Clippers,SAS@LAC
2018-19,2018-11-16,regular,Brooklyn Nets,Washington Wizards,BKN@WAS
2018-19,2018-11-16,regular,Chicago Bulls,Milwaukee Bucks,CHI@MIL
2018-19,2018-11-16,regular,Miami Heat,Indiana Pacers,MIA@IND
2018-19,2018-11-16,regular,New York Knicks,New Orleans Pelicans,NYK@NOP
2018-19,2018-11-16,regular,Portland Trail Blazers,Minnesota Timberwolves,POR@MIN
2018-19,2018-11-16,regular,Sacramento Kings,Memphis Grizzlies,SAC@MEM
2018-19,2018-11-16,regular,Toronto Raptors,Boston Celtics,TOR@BOS
2018-19,2018-11-16,regular,Utah Jazz,Philadelphia 76ers,UTA@PHI
2018-19,2018-11-17,regular,Atlanta Hawks,Indiana Pacers,ATL@IND
2018-19,2018-11-17,regular,Denver Nuggets,New Orleans Pelicans,DEN@NOP
2018-19,2018-11-17,regular,Golden State Warriors,Dallas Mavericks,GSW@DAL
2018-19,2018-11-17,regular,LA Clippers,Brooklyn Nets,LAC@BKN
2018-19,2018-11-17,regular,Los Angeles Lakers,Orlando Magic,LAL@ORL
2018-19,2018-11-17,regular,Oklahoma City Thunder,Phoenix Suns,OKC@PHX
2018-19,2018-11-17,regular,Philadelphia 76ers,Charlotte Hornets,PHI@CHA
2018-19,2018-11-17,regular,Sacramento Kings,Houston Rockets,SAC@HOU
2018-19,2018-11-17,regular,Toronto Raptors,Chicago Bulls,TOR@CHI
2018-19,2018-11-17,regular,Utah Jazz,Boston Celtics,UTA@BOS
2018-19,2018-11-18,regular,Golden State Warriors,San Antonio Spurs,GSW@SAS
2018-19,2018-11-18,regular,Los Angeles Lakers,Miami Heat,LAL@MIA
2018-19,2018-11-18,regular,Memphis Grizzlies,Minnesota Timberwolves,MEM@MIN
2018-19,2018-11-18,regular,New York Knicks,Orlando Magic,NYK@ORL
2018-19,2018-11-18,regular,Portland Trail Blazers,Washington Wizards,POR@WAS
2018-19,2018-11-19,regular,Boston Celtics,Charlotte Hornets,BOS@CHA
2018-19,2018-11-19,regular,Cleveland Cavaliers,Detroit Pistons,CLE@DET
2018-19,2018-11-19,regular,Dallas Mavericks,Memphis Grizzlies,DAL@MEM
2018-19,2018-11-19,regular,Denver Nuggets,Milwaukee Bucks,DEN@MIL
2018-19,2018-11-19,regular,LA Clippers,Atlanta Hawks,LAC@ATL
2018-19,2018-11-19,regular,Oklahoma City Thunder,Sacramento Kings,OKC@SAC
2018-19,2018-11-19,regular,Phoenix Suns,Philadelphia 76ers,PHX@PHI
2018-19,2018-11-19,regular,San Antonio Spurs,New Orleans Pelicans,SAS@NOP
2018-19,2018-11-19,regular,Utah Jazz,Indiana Pacers,UTA@IND
2018-19,2018-11-20,regular,Brooklyn Nets,Miami Heat,BKN@MIA
2018-19,2018-11-20,regular,LA Clippers,Washington Wizards,LAC@WAS
2018-19,2018-11-20,regular,Portland Trail Blazers,New York Knicks,POR@NYK
2018-19,2018-11-20,regular,Toronto Raptors,Orlando Magic,TOR@ORL
2018-19,2018-11-21,regular,Brooklyn Nets,Dallas Mavericks,BKN@DAL
2018-19,2018-11-21,regular,Denver Nuggets,Minnesota Timberwolves,DEN@MIN
2018-19,2018-11-21,regular,Detroit Pistons,Houston Rockets,DET@HOU
2018-19,2018-11-21,regular,Indiana Pacers,Charlotte Hornets,IND@CHA
2018-19,2018-11-21,regular,Los Angeles Lakers,Cleveland Cavaliers,LAL@CLE
2018-19,2018-11-21,regular,Memphis Grizzlies,San Antonio Spurs,MEM@SAS
2018-19,2018-11-21,regular,New Orleans Pelicans,Philadelphia 76ers,NOP@PHI
2018-19,2018-11-21,regular,New York Knicks,Boston Celtics,NYK@BOS
2018-19,2018-11-21,regular,Oklahoma City Thunder,Golden State Warriors,OKC@GSW
2018-19,2018-11-21,regular,Phoenix Suns,Chicago Bulls,PHX@CHI
2018-19,2018-11-21,regular,Portland Trail Blazers,Milwaukee Bucks,POR@MIL
2018-19,2018-11-21,regular,Sacramento Kings,Utah Jazz,SAC@UTA
2018-19,2018-11-21,regular,Toronto Raptors,Atlanta Hawks,TOR@ATL
2018-19,2018-11-23,regular,Boston Celtics,Atlanta Hawks,BOS@ATL
2018-19,2018-11-23,regular,Charlotte Hornets,Oklahoma City Thunder,CHA@OKC
2018-19,2018-11-23,regular,Cleveland Cavaliers,Philadelphia 76ers,CLE@PHI
2018-19,2018-11-23,regular,Houston Rockets,Detroit Pistons,HOU@DET
2018-19,2018-11-23,regular,Memphis Grizzlies,LA Clippers,MEM@LAC
2018-19,2018-11-23,regular,Miami Heat,Chicago Bulls,MIA@CHI
2018-19,2018-11-23,regular,Minnesota Timberwolves,Brooklyn Nets,MIN@BKN
2018-19,2018-11-23,regular,New Orleans Pelicans,New York Knicks,NOP@NYK
2018-19,2018-11-23,regular,Orlando Magic,Denver Nuggets,ORL@DEN
2018-19,2018-11-23,regular,Phoenix Suns,Milwaukee Bucks,PHX@MIL
2018-19,2018-11-23,regular,Portland Trail Blazers,Golden State Warriors,POR@GSW
2018-19,2018-11-23,regular,San Antonio Spurs,Indiana Pacers,SAS@IND
2018-19,2018-11-23,regular,Utah Jazz,Los Angeles Lakers,UTA@LAL
2018-19,2018-11-23,regular,Washington Wizards,Toronto Raptors,WAS@TOR
2018-19,2018-11-24,regular,Boston Celtics,Dallas Mavericks,BOS@DAL
2018-19,2018-11-24,regular,Chicago Bulls,Minnesota Timberwolves,CHI@MIN
2018-19,2018-11-24,regular,Denver Nuggets,Oklahoma City Thunder,DEN@OKC
2018-19,2018-11-24,regular,Houston Rockets,Cleveland Cavaliers,HOU@CLE
2018-19,2018-11-24,regular,New Orleans Pelicans,Washington Wizards,NOP@WAS
2018-19,2018-11-24,regular,Sacramento Kings,Golden State Warriors,SAC@GSW
2018-19,2018-11-24,regular,San Antonio Spurs,Milwaukee Bucks,SAS@MIL
2018-19,2018-11-25,regular,Charlotte Hornets,Atlanta Hawks,CHA@ATL
2018-19,2018-11-25,regular,LA Clippers,Portland Trail Blazers,LAC@POR
2018-19,2018-11-25,regular,Miami Heat,Toronto Raptors,MIA@TOR
2018-19,2018-11-25,regular,New York Knicks,Memphis Grizzlies,NYK@MEM
2018-19,2018-11-25,regular,Orlando Magic,Los Angeles Lakers,ORL@LAL
2018-19,2018-11-25,regular,Philadelphia 76ers,Brooklyn Nets,PHI@BKN
2018-19,2018-11-25,regular,Phoenix Suns,Detroit Pistons,PHX@DET
2018-19,2018-11-25,regular,Utah Jazz,Sacramento Kings,UTA@SAC
2018-19,2018-11-26,regular,Boston Celtics,New Orleans Pelicans,BOS@NOP
2018-19,2018-11-26,regular,Houston Rockets,Washington Wizards,HOU@WAS
2018-19,2018-11-26,regular,Indiana Pacers,Utah Jazz,IND@UTA
2018-19,2018-11-26,regular,Milwaukee Bucks,Charlotte Hornets,MIL@CHA
2018-19,2018-11-26,regular,Minnesota Timberwolves,Cleveland Cavaliers,MIN@CLE
2018-19,2018-11-26,regular,Orlando Magic,Golden State Warriors,ORL@GSW
2018-19,2018-11-26,regular,San Antonio Spurs,Chicago Bulls,SAS@CHI
2018-19,2018-11-27,regular,Atlanta Hawks,Miami Heat,ATL@MIA
2018-19,2018-11-27,regular,Indiana Pacers,Phoenix Suns,IND@PHX
2018-19,2018-11-27,regular,Los Angeles Lakers,Denver Nuggets,LAL@DEN
2018-19,2018-11-27,regular,New York Knicks,Detroit Pistons,NYK@DET
2018-19,2018-11-27,regular,Toronto Raptors,Memphis Grizzlies,TOR@MEM
2018-19,2018-11-28,regular,Atlanta Hawks,Charlotte Hornets,ATL@CHA
2018-19,2018-11-28,regular,Chicago Bulls,Milwaukee Bucks,CHI@MIL
2018-19,2018-11-28,regular,Cleveland Cavaliers,Oklahoma City Thunder,CLE@OKC
2018-19,2018-11-28,regular,Dallas Mavericks,Houston Rockets,DAL@HOU
2018-19,2018-11-28,regular,New York Knicks,Philadelphia 76ers,NYK@PHI
2018-19,2018-11-28,regular,Orlando Magic,Portland Trail Blazers,ORL@POR
2018-19,2018-11-28,regular,Phoenix Suns,LA Clippers,PHX@LAC
2018-19,2018-11-28,regular,San Antonio Spurs,Minnesota Timberwolves,SAS@MIN
2018-19,2018-11-28,regular,Utah Jazz,Brooklyn Nets,UTA@BKN
2018-19,2018-11-28,regular,Washington Wizards,New Orleans Pelicans,WAS@NOP
2018-19,2018-11-29,regular,Golden State Warriors,Toronto Raptors,GSW@TOR
2018-19,2018-11-29,regular,Indiana Pacers,Los Angeles Lakers,IND@LAL
2018-19,2018-11-29,regular,LA Clippers,Sacramento Kings,LAC@SAC
2018-19,2018-11-30,regular,Atlanta Hawks,Oklahoma City Thunder,ATL@OKC
2018-19,2018-11-30,regular,Chicago Bulls,Detroit Pistons,CHI@DET
2018-19,2018-11-30,regular,Cleveland Cavaliers,Boston Celtics,CLE@BOS
2018-19,2018-11-30,regular,Dallas Mavericks,Los Angeles Lakers,DAL@LAL
2018-19,2018-11-30,regular,Denver Nuggets,Portland Trail Blazers,DEN@POR
2018-19,2018-11-30,regular,Houston Rockets,San Antonio Spurs,HOU@SAS
2018-19,2018-11-30,regular,Memphis Grizzlies,Brooklyn Nets,MEM@BKN
2018-19,2018-11-30,regular,New Orleans Pelicans,Miami Heat,NOP@MIA
2018-19,2018-11-30,regular,Orlando Magic,Phoenix Suns,ORL@PHX
2018-19,2018-11-30,regular,Utah Jazz,Charlotte Hornets,UTA@CHA
2018-19,2018-11-30,regular,Washington Wizards,Philadelphia 76ers,WAS@PHI
2018-19,2018-12-01,regular,Brooklyn Nets,Washington Wizards,BKN@WAS
2018-19,2018-12-01,regular,Boston Celtics,Minnesota Timberwolves,BOS@MIN
2018-19,2018-12-01,regular,Chicago Bulls,Houston Rockets,CHI@HOU
2018-19,2018-12-01,regular,Golden State Warriors,Detroit Pistons,GSW@DET
2018-19,2018-12-01,regular,Indiana Pacers,Sacramento Kings,IND@SAC
2018-19,2018-12-01,regular,Milwaukee Bucks,New York Knicks,MIL@NYK
2018-19,2018-12-01,regular,Toronto Raptors,Cleveland Cavaliers,TOR@CLE
2018-19,2018-12-02,regular,LA Clippers,Dallas Mavericks,LAC@DAL
2018-19,2018-12-02,regular,Memphis Grizzlies,Philadelphia 76ers,MEM@PHI
2018-19,2018-12-02,regular,New Orleans Pelicans,Charlotte Hornets,NOP@CHA
2018-19,2018-12-02,regular,Phoenix Suns,Los Angeles Lakers,PHX@LAL
2018-19,2018-12-02,regular,Portland Trail Blazers,San Antonio Spurs,POR@SAS
2018-19,2018-12-02,regular,Utah Jazz,Miami Heat,UTA@MIA
2018-19,2018-12-03,regular,Cleveland Cavaliers,Brooklyn Nets,CLE@BKN
2018-19,2018-12-03,regular,Denver Nuggets,Toronto Raptors,DEN@TOR
2018-19,2018-12-03,regular,Golden State Warriors,Atlanta Hawks,GSW@ATL
2018-19,2018-12-03,regular,Houston Rockets,Minnesota Timberwolves,HOU@MIN
2018-19,2018-12-03,regular,LA Clippers,New Orleans Pelicans,LAC@NOP
2018-19,2018-12-03,regular,Oklahoma City Thunder,Detroit Pistons,OKC@DET
2018-19,2018-12-03,regular,Washington Wizards,New York Knicks,WAS@NYK
2018-19,2018-12-04,regular,Chicago Bulls,Indiana Pacers,CHI@IND
2018-19,2018-12-04,regular,Orlando Magic,Miami Heat,ORL@MIA
2018-19,2018-12-04,regular,Portland Trail Blazers,Dallas Mavericks,POR@DAL
2018-19,2018-12-04,regular,Sacramento Kings,Phoenix Suns,SAC@PHX
2018-19,2018-12-04,regular,San Antonio Spurs,Utah Jazz,SAS@UTA
2018-19,2018-12-05,regular,Charlotte Hornets,Minnesota Timberwolves,CHA@MIN
2018-19,2018-12-05,regular,Dallas Mavericks,New Orleans Pelicans,DAL@NOP
2018-19,2018-12-05,regular,Denver Nuggets,Orlando Magic,DEN@ORL
2018-19,2018-12-05,regular,Detroit Pistons,Milwaukee Bucks,DET@MIL
2018-19,2018-12-05,regular,Golden State Warriors,Cleveland Cavaliers,GSW@CLE
2018-19,2018-12-05,regular,LA Clippers,Memphis Grizzlies,LAC@MEM
2018-19,2018-12-05,regular,Oklahoma City Thunder,Brooklyn Nets,OKC@BKN
2018-19,2018-12-05,regular,Philadelphia 76ers,Toronto Raptors,PHI@TOR
2018-19,2018-12-05,regular,San Antonio Spurs,Los Angeles Lakers,SAS@LAL
2018-19,2018-12-05,regular,Washington Wizards,Atlanta Hawks,WAS@ATL
2018-19,2018-12-06,regular,Houston Rockets,Utah Jazz,HOU@UTA
2018-19,2018-12-06,regular,New York Knicks,Boston Celtics,NYK@BOS
2018-19,2018-12-06,regular,Phoenix Suns,Portland Trail Blazers,PHX@POR
2018-19,2018-12-07,regular,Denver Nuggets,Charlotte Hornets,DEN@CHA
2018-19,2018-12-07,regular,Golden State Warriors,Milwaukee Bucks,GSW@MIL
2018-19,2018-12-07,regular,Indiana Pacers,Orlando Magic,IND@ORL
2018-19,2018-12-07,regular,Los Angeles Lakers,San Antonio Spurs,LAL@SAS
2018-19,2018-12-07,regular,Memphis Grizzlies,New Orleans Pelicans,MEM@NOP
2018-19,2018-12-07,regular,Miami Heat,Phoenix Suns,MIA@PHX
2018-19,2018-12-07,regular,Oklahoma City Thunder,Chicago Bulls,OKC@CHI
2018-19,2018-12-07,regular,Philadelphia 76ers,Detroit Pistons,PHI@DET
2018-19,2018-12-07,regular,Sacramento Kings,Cleveland Cavaliers,SAC@CLE
2018-19,2018-12-07,regular,Toronto Raptors,Brooklyn Nets,TOR@BKN
2018-19,2018-12-08,regular,Brooklyn Nets,New York Knicks,BKN@NYK
2018-19,2018-12-08,regular,Boston Celtics,Chicago Bulls,BOS@CHI
2018-19,2018-12-08,regular,Denver Nuggets,Atlanta Hawks,DEN@ATL
2018-19,2018-12-08,regular,Houston Rockets,Dallas Mavericks,HOU@DAL
2018-19,2018-12-08,regular,Los Angeles Lakers,Memphis Grizzlies,LAL@MEM
2018-19,2018-12-08,regular,Miami Heat,LA Clippers,MIA@LAC
2018-19,2018-12-08,regular,Minnesota Timberwolves,Portland Trail Blazers,MIN@POR
2018-19,2018-12-08,regular,Sacramento Kings,Indiana Pacers,SAC@IND
2018-19,2018-12-08,regular,Washington Wizards,Cleveland Cavaliers,WAS@CLE
2018-19,2018-12-09,regular,Charlotte Hornets,New York Knicks,CHA@NYK
2018-19,2018-12-09,regular,Milwaukee Bucks,Toronto Raptors,MIL@TOR
2018-19,2018-12-09,regular,New Orleans Pelicans,Detroit Pistons,NOP@DET
2018-19,2018-12-09,regular,Utah Jazz,San Antonio Spurs,UTA@SAS
2018-19,2018-12-10,regular,Cleveland Cavaliers,Milwaukee Bucks,CLE@MIL
2018-19,2018-12-10,regular,Detroit Pistons,Philadelphia 76ers,DET@PHI
2018-19,2018-12-10,regular,LA Clippers,Phoenix Suns,LAC@PHX
2018-19,2018-12-10,regular,Memphis Grizzlies,Denver Nuggets,MEM@DEN
2018-19,2018-12-10,regular,Miami Heat,Los Angeles Lakers,MIA@LAL
2018-19,2018-12-10,regular,Minnesota Timberwolves,Golden State Warriors,MIN@GSW
2018-19,2018-12-10,regular,New Orleans Pelicans,Boston Celtics,NOP@BOS
2018-19,2018-12-10,regular,Orlando Magic,Dallas Mavericks,ORL@DAL
2018-19,2018-12-10,regular,Sacramento Kings,Chicago Bulls,SAC@CHI
2018-19,2018-12-10,regular,Utah Jazz,Oklahoma City Thunder,UTA@OKC
2018-19,2018-12-10,regular,Washington Wizards,Indiana Pacers,WAS@IND
2018-19,2018-12-11,regular,Phoenix Suns,San Antonio Spurs,PHX@SAS
2018-19,2018-12-11,regular,Portland Trail Blazers,Houston Rockets,POR@HOU
2018-19,2018-12-11,regular,Toronto Raptors,LA Clippers,TOR@LAC
2018-19,2018-12-12,regular,Atlanta Hawks,Dallas Mavericks,ATL@DAL
2018-19,2018-12-12,regular,Brooklyn Nets,Philadelphia 76ers,BKN@PHI
2018-19,2018-12-12,regular,Boston Celtics,Washington Wizards,BOS@WAS
2018-19,2018-12-12,regular,Detroit Pistons,Charlotte Hornets,DET@CHA
2018-19,2018-12-12,regular,Miami Heat,Utah Jazz,MIA@UTA
2018-19,2018-12-12,regular,Milwaukee Bucks,Indiana Pacers,MIL@IND
2018-19,2018-12-12,regular,Minnesota Timberwolves,Sacramento Kings,MIN@SAC
2018-19,2018-12-12,regular,New York Knicks,Cleveland Cavaliers,NYK@CLE
2018-19,2018-12-12,regular,Oklahoma City Thunder,New Orleans Pelicans,OKC@NOP
2018-19,2018-12-12,regular,Portland Trail Blazers,Memphis Grizzlies,POR@MEM
2018-19,2018-12-12,regular,Toronto Raptors,Golden State Warriors,TOR@GSW
2018-19,2018-12-13,regular,Chicago Bulls,Orlando Magic,CHI@ORL
2018-19,2018-12-13,regular,Dallas Mavericks,Phoenix Suns,DAL@PHX
2018-19,2018-12-13,regular,LA Clippers,San Antonio Spurs,LAC@SAS
2018-19,2018-12-13,regular,Los Angeles Lakers,Houston Rockets,LAL@HOU
2018-19,2018-12-14,regular,Atlanta Hawks,Boston Celtics,ATL@BOS
2018-19,2018-12-14,regular,Golden State Warriors,Sacramento Kings,GSW@SAC
2018-19,2018-12-14,regular,Indiana Pacers,Philadelphia 76ers,IND@PHI
2018-19,2018-12-14,regular,Miami Heat,Memphis Grizzlies,MIA@MEM
2018-19,2018-12-14,regular,Milwaukee Bucks,Cleveland Cavaliers,MIL@CLE
2018-19,2018-12-14,regular,New York Knicks,Charlotte Hornets,NYK@CHA
2018-19,2018-12-14,regular,Oklahoma City Thunder,Denver Nuggets,OKC@DEN
2018-19,2018-12-14,regular,Toronto Raptors,Portland Trail Blazers,TOR@POR
2018-19,2018-12-14,regular,Washington Wizards,Brooklyn Nets,WAS@BKN
2018-19,2018-12-15,regular,Boston Celtics,Detroit Pistons,BOS@DET
2018-19,2018-12-15,regular,Chicago Bulls,San Antonio Spurs,CHI@SAS
2018-19,2018-12-15,regular,Houston Rockets,Memphis Grizzlies,HOU@MEM
2018-19,2018-12-15,regular,LA Clippers,Oklahoma City Thunder,LAC@OKC
2018-19,2018-12-15,regular,Los Angeles Lakers,Charlotte Hornets,LAL@CHA
2018-19,2018-12-15,regular,Minnesota Timberwolves,Phoenix Suns,MIN@PHX
2018-19,2018-12-15,regular,Utah Jazz,Orlando Magic,UTA@ORL
2018-19,2018-12-16,regular,Atlanta Hawks,Brooklyn Nets,ATL@BKN
2018-19,2018-12-16,regular,Los Angeles Lakers,Washington Wizards,LAL@WAS
2018-19,2018-12-16,regular,Miami Heat,New Orleans Pelicans,MIA@NOP
2018-19,2018-12-16,regular,New York Knicks,Indiana Pacers,NYK@IND
2018-19,2018-12-16,regular,Philadelphia 76ers,Cleveland Cavaliers,PHI@CLE
2018-19,2018-12-16,regular,Sacramento Kings,Dallas Mavericks,SAC@DAL
2018-19,2018-12-16,regular,Toronto Raptors,Denver Nuggets,TOR@DEN
2018-19,2018-12-17,regular,Chicago Bulls,Oklahoma City Thunder,CHI@OKC
2018-19,2018-12-17,regular,Memphis Grizzlies,Golden State Warriors,MEM@GSW
2018-19,2018-12-17,regular,Milwaukee Bucks,Detroit Pistons,MIL@DET
2018-19,2018-12-17,regular,Philadelphia 76ers,San Antonio Spurs,PHI@SAS
2018-19,2018-12-17,regular,Phoenix Suns,New York Knicks,PHX@NYK
2018-19,2018-12-17,regular,Portland Trail Blazers,LA Clippers,POR@LAC
2018-19,2018-12-17,regular,Sacramento Kings,Minnesota Timberwolves,SAC@MIN
2018-19,2018-12-17,regular,Utah Jazz,Houston Rockets,UTA@HOU
2018-19,2018-12-18,regular,Cleveland Cavaliers,Indiana Pacers,CLE@IND
2018-19,2018-12-18,regular,Dallas Mavericks,Denver Nuggets,DAL@DEN
2018-19,2018-12-18,regular,Los Angeles Lakers,Brooklyn Nets,LAL@BKN
2018-19,2018-12-18,regular,Washington Wizards,Atlanta Hawks,WAS@ATL
2018-19,2018-12-19,regular,Brooklyn Nets,Chicago Bulls,BKN@CHI
2018-19,2018-12-19,regular,Cleveland Cavaliers,Charlotte Hornets,CLE@CHA
2018-19,2018-12-19,regular,Detroit Pistons,Minnesota Timberwolves,DET@MIN
2018-19,2018-12-19,regular,Golden State Warriors,Utah Jazz,GSW@UTA
2018-19,2018-12-19,regular,Indiana Pacers,Toronto Raptors,IND@TOR
2018-19,2018-12-19,regular,Memphis Grizzlies,Portland Trail Blazers,MEM@POR
2018-19,2018-12-19,regular,New Orleans Pelicans,Milwaukee Bucks,NOP@MIL
2018-19,2018-12-19,regular,New York Knicks,Philadelphia 76ers,NYK@PHI
2018-19,2018-12-19,regular,Oklahoma City Thunder,Sacramento Kings,OKC@SAC
2018-19,2018-12-19,regular,Phoenix Suns,Boston Celtics,PHX@BOS
2018-19,2018-12-19,regular,San Antonio Spurs,Orlando Magic,SAS@ORL
2018-19,2018-12-19,regular,Washington Wizards,Houston Rockets,WAS@HOU
2018-19,2018-12-20,regular,Dallas Mavericks,LA Clippers,DAL@LAC
2018-19,2018-12-20,regular,Houston Rockets,Miami Heat,HOU@MIA
2018-19,2018-12-21,regular,Atlanta Hawks,New York Knicks,ATL@NYK
2018-19,2018-12-21,regular,Cleveland Cavaliers,Toronto Raptors,CLE@TOR
2018-19,2018-12-21,regular,Detroit Pistons,Charlotte Hornets,DET@CHA
2018-19,2018-12-21,regular,Indiana Pacers,Brooklyn Nets,IND@BKN
2018-19,2018-12-21,regular,Memphis Grizzlies,Sacramento Kings,MEM@SAC
2018-19,2018-12-21,regular,Milwaukee Bucks,Boston Celtics,MIL@BOS
2018-19,2018-12-21,regular,Minnesota Timberwolves,San Antonio Spurs,MIN@SAS
2018-19,2018-12-21,regular,New Orleans Pelicans,Los Angeles Lakers,NOP@LAL
2018-19,2018-12-21,regular,Orlando Magic,Chicago Bulls,ORL@CHI
2018-19,2018-12-21,regular,Utah Jazz,Portland Trail Blazers,UTA@POR
2018-19,2018-12-22,regular,Dallas Mavericks,Golden State Warriors,DAL@GSW
2018-19,2018-12-22,regular,Denver Nuggets,LA Clippers,DEN@LAC
2018-19,2018-12-22,regular,Milwaukee Bucks,Miami Heat,MIL@MIA
2018-19,2018-12-22,regular,Oklahoma City Thunder,Utah Jazz,OKC@UTA
2018-19,2018-12-22,regular,Phoenix Suns,Washington Wizards,PHX@WAS
2018-19,2018-12-22,regular,San Antonio Spurs,Houston Rockets,SAS@HOU
2018-19,2018-12-22,regular,Toronto Raptors,Philadelphia 76ers,TOR@PHI
2018-19,2018-12-23,regular,Atlanta Hawks,Detroit Pistons,ATL@DET
2018-19,2018-12-23,regular,Charlotte Hornets,Boston Celtics,CHA@BOS
2018-19,2018-12-23,regular,Chicago Bulls,Cleveland Cavaliers,CHI@CLE
2018-19,2018-12-23,regular,Dallas Mavericks,Portland Trail Blazers,DAL@POR
2018-19,2018-12-23,regular,LA Clippers,Golden State Warriors,LAC@GSW
2018-19,2018-12-23,regular,Memphis Grizzlies,Los Angeles Lakers,MEM@LAL
2018-19,2018-12-23,regular,Miami Heat,Orlando Magic,MIA@ORL
2018-19,2018-12-23,regular,Minnesota Timberwolves,Oklahoma City Thunder,MIN@OKC
2018-19,2018-12-23,regular,New Orleans Pelicans,Sacramento Kings,NOP@SAC
2018-19,2018-12-23,regular,Phoenix Suns,Brooklyn Nets,PHX@BKN
2018-19,2018-12-23,regular,Washington Wizards,Indiana Pacers,WAS@IND
2018-19,2018-12-25,regular,Los Angeles Lakers,Golden State Warriors,LAL@GSW
2018-19,2018-12-25,regular,Milwaukee Bucks,New York Knicks,MIL@NYK
2018-19,2018-12-25,regular,Oklahoma City Thunder,Houston Rockets,OKC@HOU
2018-19,2018-12-25,regular,Philadelphia 76ers,Boston Celtics,PHI@BOS
2018-19,2018-12-25,regular,Portland Trail Blazers,Utah Jazz,POR@UTA
2018-19,2018-12-26,regular,Charlotte Hornets,Brooklyn Nets,CHA@BKN
2018-19,2018-12-26,regular,Cleveland Cavaliers,Memphis Grizzlies,CLE@MEM
2018-19,2018-12-26,regular,Denver Nuggets,San Antonio Spurs,DEN@SAS
2018-19,2018-12-26,regular,Indiana Pacers,Atlanta Hawks,IND@ATL
2018-19,2018-12-26,regular,Minnesota Timberwolves,Chicago Bulls,MIN@CHI
2018-19,2018-12-26,regular,New Orleans Pelicans,Dallas Mavericks,NOP@DAL
2018-19,2018-12-26,regular,Phoenix Suns,Orlando Magic,PHX@ORL
2018-19,2018-12-26,regular,Sacramento Kings,LA Clippers,SAC@LAC
2018-19,2018-12-26,regular,Toronto Raptors,Miami Heat,TOR@MIA
2018-19,2018-12-26,regular,Washington Wizards,Detroit Pistons,WAS@DET
2018-19,2018-12-27,regular,Boston Celtics,Houston Rockets,BOS@HOU
2018-19,2018-12-27,regular,Los Angeles Lakers,Sacramento Kings,LAL@SAC
2018-19,2018-12-27,regular,New York Knicks,Milwaukee Bucks,NYK@MIL
2018-19,2018-12-27,regular,Philadelphia 76ers,Utah Jazz,PHI@UTA
2018-19,2018-12-27,regular,Portland Trail Blazers,Golden State Warriors,POR@GSW
2018-19,2018-12-28,regular,Atlanta Hawks,Minnesota Timberwolves,ATL@MIN
2018-19,2018-12-28,regular,Brooklyn Nets,Charlotte Hornets,BKN@CHA
2018-19,2018-12-28,regular,Chicago Bulls,Washington Wizards,CHI@WAS
2018-19,2018-12-28,regular,Cleveland Cavaliers,Miami Heat,CLE@MIA
2018-19,2018-12-28,regular,Dallas Mavericks,New Orleans Pelicans,DAL@NOP
2018-19,2018-12-28,regular,Detroit Pistons,Indiana Pacers,DET@IND
2018-19,2018-12-28,regular,LA Clippers,Los Angeles Lakers,LAC@LAL
2018-19,2018-12-28,regular,Oklahoma City Thunder,Phoenix Suns,OKC@PHX
2018-19,2018-12-28,regular,San Antonio Spurs,Denver Nuggets,SAS@DEN
2018-19,2018-12-28,regular,Toronto Raptors,Orlando Magic,TOR@ORL
2018-19,2018-12-29,regular,Brooklyn Nets,Milwaukee Bucks,BKN@MIL
2018-19,2018-12-29,regular,Boston Celtics,Memphis Grizzlies,BOS@MEM
2018-19,2018-12-29,regular,Charlotte Hornets,Washington Wizards,CHA@WAS
2018-19,2018-12-29,regular,Cleveland Cavaliers,Atlanta Hawks,CLE@ATL
2018-19,2018-12-29,regular,Denver Nuggets,Phoenix Suns,DEN@PHX
2018-19,2018-12-29,regular,Golden State Warriors,Portland Trail Blazers,GSW@POR
2018-19,2018-12-29,regular,Houston Rockets,New Orleans Pelicans,HOU@NOP
2018-19,2018-12-29,regular,New York Knicks,Utah Jazz,NYK@UTA
2018-19,2018-12-29,regular,San Antonio Spurs,LA Clippers,SAS@LAC
2018-19,2018-12-30,regular,Chicago Bulls,Toronto Raptors,CHI@TOR
2018-19,2018-12-30,regular,Detroit Pistons,Orlando Magic,DET@ORL
2018-19,2018-12-30,regular,Minnesota Timberwolves,Miami Heat,MIN@MIA
2018-19,2018-12-30,regular,Oklahoma City Thunder,Dallas Mavericks,OKC@DAL
2018-19,2018-12-30,regular,Philadelphia 76ers,Portland Trail Blazers,PHI@POR
2018-19,2018-12-30,regular,Sacramento Kings,Los Angeles Lakers,SAC@LAL
2018-19,2018-12-31,regular,Atlanta Hawks,Indiana Pacers,ATL@IND
2018-19,2018-12-31,regular,Boston Celtics,San Antonio Spurs,BOS@SAS
2018-19,2018-12-31,regular,Dallas Mavericks,Oklahoma City Thunder,DAL@OKC
2018-19,2018-12-31,regular,Golden State Warriors,Phoenix Suns,GSW@PHX
2018-19,2018-12-31,regular,Memphis Grizzlies,Houston Rockets,MEM@HOU
2018-19,2018-12-31,regular,Minnesota Timberwolves,New Orleans Pelicans,MIN@NOP
2018-19,2018-12-31,regular,Orlando Magic,Charlotte Hornets,ORL@CHA
2018-19,2019-01-01,regular,Detroit Pistons,Milwaukee Bucks,DET@MIL
2018-19,2019-01-01,regular,New York Knicks,Denver Nuggets,NYK@DEN
2018-19,2019-01-01,regular,Philadelphia 76ers,LA Clippers,PHI@LAC
2018-19,2019-01-01,regular,Portland Trail Blazers,Sacramento Kings,POR@SAC
2018-19,2019-01-01,regular,Utah Jazz,Toronto Raptors,UTA@TOR
2018-19,2019-01-02,regular,Atlanta Hawks,Washington Wizards,ATL@WAS
2018-19,2019-01-02,regular,Dallas Mavericks,Charlotte Hornets,DAL@CHA
2018-19,2019-01-02,regular,Detroit Pistons,Memphis Grizzlies,DET@MEM
2018-19,2019-01-02,regular,Miami Heat,Cleveland Cavaliers,MIA@CLE
2018-19,2019-01-02,regular,Minnesota Timberwolves,Boston Celtics,MIN@BOS
2018-19,2019-01-02,regular,New Orleans Pelicans,Brooklyn Nets,NOP@BKN
2018-19,2019-01-02,regular,Oklahoma City Thunder,Los Angeles Lakers,OKC@LAL
2018-19,2019-01-02,regular,Orlando Magic,Chicago Bulls,ORL@CHI
2018-19,2019-01-02,regular,Philadelphia 76ers,Phoenix Suns,PHI@PHX
2018-19,2019-01-03,regular,Denver Nuggets,Sacramento Kings,DEN@SAC
2018-19,2019-01-03,regular,Houston Rockets,Golden State Warriors,HOU@GSW
2018-19,2019-01-03,regular,Toronto Raptors,San Antonio Spurs,TOR@SAS
2018-19,2019-01-04,regular,Atlanta Hawks,Milwaukee Bucks,ATL@MIL
2018-19,2019-01-04,regular,Brooklyn Nets,Memphis Grizzlies,BKN@MEM
2018-19,2019-01-04,regular,Dallas Mavericks,Boston Celtics,DAL@BOS
2018-19,2019-01-04,regular,Indiana Pacers,Chicago Bulls,IND@CHI
2018-19,2019-01-04,regular,LA Clippers,Phoenix Suns,LAC@PHX
2018-19,2019-01-04,regular,New York Knicks,Los Angeles Lakers,NYK@LAL
2018-19,2019-01-04,regular,Oklahoma City Thunder,Portland Trail Blazers,OKC@POR
2018-19,2019-01-04,regular,Orlando Magic,Minnesota Timberwolves,ORL@MIN
2018-19,2019-01-04,regular,Utah Jazz,Cleveland Cavaliers,UTA@CLE
2018-19,2019-01-04,regular,Washington Wizards,Miami Heat,WAS@MIA
2018-19,2019-01-05,regular,Charlotte Hornets,Denver Nuggets,CHA@DEN
2018-19,2019-01-05,regular,Dallas Mavericks,Philadelphia 76ers,DAL@PHI
2018-19,2019-01-05,regular,Golden State Warriors,Sacramento Kings,GSW@SAC
2018-19,2019-01-05,regular,Houston Rockets,Portland Trail Blazers,HOU@POR
2018-19,2019-01-05,regular,Memphis Grizzlies,San Antonio Spurs,MEM@SAS
2018-19,2019-01-05,regular,New Orleans Pelicans,Cleveland Cavaliers,NOP@CLE
2018-19,2019-01-05,regular,Toronto Raptors,Milwaukee Bucks,TOR@MIL
2018-19,2019-01-05,regular,Utah Jazz,Detroit Pistons,UTA@DET
2018-19,2019-01-06,regular,Brooklyn Nets,Chicago Bulls,BKN@CHI
2018-19,2019-01-06,regular,Charlotte Hornets,Phoenix Suns,CHA@PHX
2018-19,2019-01-06,regular,Indiana Pacers,Toronto Raptors,IND@TOR
2018-19,2019-01-06,regular,Los Angeles Lakers,Minnesota Timberwolves,LAL@MIN
2018-19,2019-01-06,regular,Miami Heat,Atlanta Hawks,MIA@ATL
2018-19,2019-01-06,regular,Orlando Magic,LA Clippers,ORL@LAC
2018-19,2019-01-06,regular,Washington Wizards,Oklahoma City Thunder,WAS@OKC
2018-19,2019-01-07,regular,Brooklyn Nets,Boston Celtics,BKN@BOS
2018-19,2019-01-07,regular,Denver Nuggets,Houston Rockets,DEN@HOU
2018-19,2019-01-07,regular,Los Angeles Lakers,Dallas Mavericks,LAL@DAL
2018-19,2019-01-07,regular,Memphis Grizzlies,New Orleans Pelicans,MEM@NOP
2018-19,2019-01-07,regular,New York Knicks,Portland Trail Blazers,NYK@POR
2018-19,2019-01-07,regular,Orlando Magic,Sacramento Kings,ORL@SAC
2018-19,2019-01-07,regular,San Antonio Spurs,Detroit Pistons,SAS@DET
2018-19,2019-01-07,regular,Utah Jazz,Milwaukee Bucks,UTA@MIL
2018-19,2019-01-08,regular,Atlanta Hawks,Toronto Raptors,ATL@TOR
2018-19,2019-01-08,regular,Charlotte Hornets,LA Clippers,CHA@LAC
2018-19,2019-01-08,regular,Denver Nuggets,Miami Heat,DEN@MIA
2018-19,2019-01-08,regular,Indiana Pacers,Cleveland Cavaliers,IND@CLE
2018-19,2019-01-08,regular,Minnesota Timberwolves,Oklahoma City Thunder,MIN@OKC
2018-19,2019-01-08,regular,New York Knicks,Golden State Warriors,NYK@GSW
2018-19,2019-01-08,regular,Sacramento Kings,Phoenix Suns,SAC@PHX
2018-19,2019-01-08,regular,Washington Wizards,Philadelphia 76ers,WAS@PHI
2018-19,2019-01-09,regular,Atlanta Hawks,Brooklyn Nets,ATL@BKN
2018-19,2019-01-09,regular,Chicago Bulls,Portland Trail Blazers,CHI@POR
2018-19,2019-01-09,regular,Cleveland Cavaliers,New Orleans Pelicans,CLE@NOP
2018-19,2019-01-09,regular,Detroit Pistons,Los Angeles Lakers,DET@LAL
2018-19,2019-01-09,regular,Indiana Pacers,Boston Celtics,IND@BOS
2018-19,2019-01-09,regular,Milwaukee Bucks,Houston Rockets,MIL@HOU
2018-19,2019-01-09,regular,Orlando Magic,Utah Jazz,ORL@UTA
2018-19,2019-01-09,regular,Philadelphia 76ers,Washington Wizards,PHI@WAS
2018-19,2019-01-09,regular,Phoenix Suns,Dallas Mavericks,PHX@DAL
2018-19,2019-01-09,regular,San Antonio Spurs,Memphis Grizzlies,SAS@MEM
2018-19,2019-01-10,regular,Boston Celtics,Miami Heat,BOS@MIA
2018-19,2019-01-10,regular,Detroit Pistons,Sacramento Kings,DET@SAC
2018-19,2019-01-10,regular,LA Clippers,Denver Nuggets,LAC@DEN
2018-19,2019-01-10,regular,Oklahoma City Thunder,San Antonio Spurs,OKC@SAS
2018-19,2019-01-11,regular,Atlanta Hawks,Philadelphia 76ers,ATL@PHI
2018-19,2019-01-11,regular,Brooklyn Nets,Toronto Raptors,BKN@TOR
2018-19,2019-01-11,regular,Charlotte Hornets,Portland Trail Blazers,CHA@POR
2018-19,2019-01-11,regular,Chicago Bulls,Golden State Warriors,CHI@GSW
2018-19,2019-01-11,regular,Cleveland Cavaliers,Houston Rockets,CLE@HOU
2018-19,2019-01-11,regular,Dallas Mavericks,Minnesota Timberwolves,DAL@MIN
2018-19,2019-01-11,regular,Indiana Pacers,New York Knicks,IND@NYK
2018-19,2019-01-11,regular,Los Angeles Lakers,Utah Jazz,LAL@UTA
2018-19,2019-01-11,regular,Milwaukee Bucks,Washington Wizards,MIL@WAS
2018-19,2019-01-12,regular,Boston Celtics,Orlando Magic,BOS@ORL
2018-19,2019-01-12,regular,Charlotte Hornets,Sacramento Kings,CHA@SAC
2018-19,2019-01-12,regular,Chicago Bulls,Utah Jazz,CHI@UTA
2018-19,2019-01-12,regular,Denver Nuggets,Phoenix Suns,DEN@PHX
2018-19,2019-01-12,regular,Detroit Pistons,LA Clippers,DET@LAC
2018-19,2019-01-12,regular,Memphis Grizzlies,Miami Heat,MEM@MIA
2018-19,2019-01-12,regular,New Orleans Pelicans,Minnesota Timberwolves,NOP@MIN
2018-19,2019-01-12,regular,San Antonio Spurs,Oklahoma City Thunder,SAS@OKC
2018-19,2019-01-13,regular,Cleveland Cavaliers,Los Angeles Lakers,CLE@LAL
2018-19,2019-01-13,regular,Golden State Warriors,Dallas Mavericks,GSW@DAL
2018-19,2019-01-13,regular,Houston Rockets,Orlando Magic,HOU@ORL
2018-19,2019-01-13,regular,Milwaukee Bucks,Atlanta Hawks,MIL@ATL
2018-19,2019-01-13,regular,Philadelphia 76ers,New York Knicks,PHI@NYK
2018-19,2019-01-13,regular,Portland Trail Blazers,Denver Nuggets,POR@DEN
2018-19,2019-01-13,regular,Toronto Raptors,Washington Wizards,TOR@WAS
2018-19,2019-01-14,regular,Boston Celtics,Brooklyn Nets,BOS@BKN
2018-19,2019-01-14,regular,Charlotte Hornets,San Antonio Spurs,CHA@SAS
2018-19,2019-01-14,regular,Detroit Pistons,Utah Jazz,DET@UTA
2018-19,2019-01-14,regular,Memphis Grizzlies,Houston Rockets,MEM@HOU
2018-19,2019-01-14,regular,New Orleans Pelicans,LA Clippers,NOP@LAC
2018-19,2019-01-14,regular,Portland Trail Blazers,Sacramento Kings,POR@SAC
2018-19,2019-01-15,regular,Chicago Bulls,Los Angeles Lakers,CHI@LAL
2018-19,2019-01-15,regular,Golden State Warriors,Denver Nuggets,GSW@DEN
2018-19,2019-01-15,regular,Miami Heat,Milwaukee Bucks,MIA@MIL
2018-19,2019-01-15,regular,Minnesota Timberwolves,Philadelphia 76ers,MIN@PHI
2018-19,2019-01-15,regular,Oklahoma City Thunder,Atlanta Hawks,OKC@ATL
2018-19,2019-01-15,regular,Phoenix Suns,Indiana Pacers,PHX@IND
2018-19,2019-01-16,regular,Brooklyn Nets,Houston Rockets,BKN@HOU
2018-19,2019-01-16,regular,Cleveland Cavaliers,Portland Trail Blazers,CLE@POR
2018-19,2019-01-16,regular,Milwaukee Bucks,Memphis Grizzlies,MIL@MEM
2018-19,2019-01-16,regular,New Orleans Pelicans,Golden State Warriors,NOP@GSW
2018-19,2019-01-16,regular,Orlando Magic,Detroit Pistons,ORL@DET
2018-19,2019-01-16,regular,San Antonio Spurs,Dallas Mavericks,SAS@DAL
2018-19,2019-01-16,regular,Toronto Raptors,Boston Celtics,TOR@BOS
2018-19,2019-01-16,regular,Utah Jazz,LA Clippers,UTA@LAC
2018-19,2019-01-17,regular,Chicago Bulls,Denver Nuggets,CHI@DEN
2018-19,2019-01-17,regular,Los Angeles Lakers,Oklahoma City Thunder,LAL@OKC
2018-19,2019-01-17,regular,New York Knicks,Washington Wizards,NYK@WAS
2018-19,2019-01-17,regular,Philadelphia 76ers,Indiana Pacers,PHI@IND
2018-19,2019-01-17,regular,Phoenix Suns,Toronto Raptors,PHX@TOR
2018-19,2019-01-17,regular,Sacramento Kings,Charlotte Hornets,SAC@CHA
2018-19,2019-01-18,regular,Brooklyn Nets,Orlando Magic,BKN@ORL
2018-19,2019-01-18,regular,Cleveland Cavaliers,Utah Jazz,CLE@UTA
2018-19,2019-01-18,regular,Golden State Warriors,LA Clippers,GSW@LAC
2018-19,2019-01-18,regular,Memphis Grizzlies,Boston Celtics,MEM@BOS
2018-19,2019-01-18,regular,Miami Heat,Detroit Pistons,MIA@DET
2018-19,2019-01-18,regular,New Orleans Pelicans,Portland Trail Blazers,NOP@POR
2018-19,2019-01-18,regular,San Antonio Spurs,Minnesota Timberwolves,SAS@MIN
2018-19,2019-01-19,regular,Boston Celtics,Atlanta Hawks,BOS@ATL
2018-19,2019-01-19,regular,Cleveland Cavaliers,Denver Nuggets,CLE@DEN
2018-19,2019-01-19,regular,Dallas Mavericks,Indiana Pacers,DAL@IND
2018-19,2019-01-19,regular,Los Angeles Lakers,Houston Rockets,LAL@HOU
2018-19,2019-01-19,regular,Memphis Grizzlies,Toronto Raptors,MEM@TOR
2018-19,2019-01-19,regular,Miami Heat,Chicago Bulls,MIA@CHI
2018-19,2019-01-19,regular,Milwaukee Bucks,Orlando Magic,MIL@ORL
2018-19,2019-01-19,regular,Oklahoma City Thunder,Philadelphia 76ers,OKC@PHI
2018-19,2019-01-19,regular,Phoenix Suns,Charlotte Hornets,PHX@CHA
2018-19,2019-01-19,regular,Sacramento Kings,Detroit Pistons,SAC@DET
2018-19,2019-01-20,regular,Charlotte Hornets,Indiana Pacers,CHA@IND
2018-19,2019-01-20,regular,LA Clippers,San Antonio Spurs,LAC@SAS
2018-19,2019-01-20,regular,Phoenix Suns,Minnesota Timberwolves,PHX@MIN
2018-19,2019-01-21,regular,Chicago Bulls,Cleveland Cavaliers,CHI@CLE
2018-19,2019-01-21,regular,Dallas Mavericks,Milwaukee Bucks,DAL@MIL
2018-19,2019-01-21,regular,Detroit Pistons,Washington Wizards,DET@WAS
2018-19,2019-01-21,regular,Golden State Warriors,Los Angeles Lakers,GSW@LAL
2018-19,2019-01-21,regular,Houston Rockets,Philadelphia 76ers,HOU@PHI
2018-19,2019-01-21,regular,Miami Heat,Boston Celtics,MIA@BOS
2018-19,2019-01-21,regular,New Orleans Pelicans,Memphis Grizzlies,NOP@MEM
2018-19,2019-01-21,regular,Oklahoma City Thunder,New York Knicks,OKC@NYK
2018-19,2019-01-21,regular,Orlando Magic,Atlanta Hawks,ORL@ATL
2018-19,2019-01-21,regular,Portland Trail Blazers,Utah Jazz,POR@UTA
2018-19,2019-01-21,regular,Sacramento Kings,Brooklyn Nets,SAC@BKN
2018-19,2019-01-22,regular,LA Clippers,Dallas Mavericks,LAC@DAL
2018-19,2019-01-22,regular,Minnesota Timberwolves,Phoenix Suns,MIN@PHX
2018-19,2019-01-22,regular,Portland Trail Blazers,Oklahoma City Thunder,POR@OKC
2018-19,2019-01-22,regular,Sacramento Kings,Toronto Raptors,SAC@TOR
2018-19,2019-01-23,regular,Atlanta Hawks,Chicago Bulls,ATL@CHI
2018-19,2019-01-23,regular,Charlotte Hornets,Memphis Grizzlies,CHA@MEM
2018-19,2019-01-23,regular,Cleveland Cavaliers,Boston Celtics,CLE@BOS
2018-19,2019-01-23,regular,Denver Nuggets,Utah Jazz,DEN@UTA
2018-19,2019-01-23,regular,Detroit Pistons,New Orleans Pelicans,DET@NOP
2018-19,2019-01-23,regular,Houston Rockets,New York Knicks,HOU@NYK
2018-19,2019-01-23,regular,LA Clippers,Miami Heat,LAC@MIA
2018-19,2019-01-23,regular,Orlando Magic,Brooklyn Nets,ORL@BKN
2018-19,2019-01-23,regular,San Antonio Spurs,Philadelphia 76ers,SAS@PHI
2018-19,2019-01-23,regular,Toronto Raptors,Indiana Pacers,TOR@IND
2018-19,2019-01-24,regular,Golden State Warriors,Washington Wizards,GSW@WAS
2018-19,2019-01-24,regular,Minnesota Timberwolves,Los Angeles Lakers,MIN@LAL
2018-19,2019-01-24,regular,New Orleans Pelicans,Oklahoma City Thunder,NOP@OKC
2018-19,2019-01-24,regular,Portland Trail Blazers,Phoenix Suns,POR@PHX
2018-19,2019-01-25,regular,Charlotte Hornets,Milwaukee Bucks,CHA@MIL
2018-19,2019-01-25,regular,Detroit Pistons,Dallas Mavericks,DET@DAL
2018-19,2019-01-25,regular,LA Clippers,Chicago Bulls,LAC@CHI
2018-19,2019-01-25,regular,Miami Heat,Cleveland Cavaliers,MIA@CLE
2018-19,2019-01-25,regular,Minnesota Timberwolves,Utah Jazz,MIN@UTA
2018-19,2019-01-25,regular,New York Knicks,Brooklyn Nets,NYK@BKN
2018-19,2019-01-25,regular,Phoenix Suns,Denver Nuggets,PHX@DEN
2018-19,2019-01-25,regular,Sacramento Kings,Memphis Grizzlies,SAC@MEM
2018-19,2019-01-25,regular,Toronto Raptors,Houston Rockets,TOR@HOU
2018-19,2019-01-25,regular,Washington Wizards,Orlando Magic,WAS@ORL
2018-19,2019-01-26,regular,Atlanta Hawks,Portland Trail Blazers,ATL@POR
2018-19,2019-01-26,regular,Golden State Warriors,Boston Celtics,GSW@BOS
2018-19,2019-01-26,regular,Indiana Pacers,Memphis Grizzlies,IND@MEM
2018-19,2019-01-26,regular,Philadelphia 76ers,Denver Nuggets,PHI@DEN
2018-19,2019-01-26,regular,San Antonio Spurs,New Orleans Pelicans,SAS@NOP
2018-19,2019-01-27,regular,Cleveland Cavaliers,Chicago Bulls,CLE@CHI
2018-19,2019-01-27,regular,Miami Heat,New York Knicks,MIA@NYK
2018-19,2019-01-27,regular,Milwaukee Bucks,Oklahoma City Thunder,MIL@OKC
2018-19,2019-01-27,regular,Orlando Magic,Houston Rockets,ORL@HOU
2018-19,2019-01-27,regular,Phoenix Suns,Los Angeles Lakers,PHX@LAL
2018-19,2019-01-27,regular,Sacramento Kings,LA Clippers,SAC@LAC
2018-19,2019-01-27,regular,Toronto Raptors,Dallas Mavericks,TOR@DAL
2018-19,2019-01-27,regular,Utah Jazz,Minnesota Timberwolves,UTA@MIN
2018-19,2019-01-27,regular,Washington Wizards,San Antonio Spurs,WAS@SAS
2018-19,2019-01-28,regular,Atlanta Hawks,LA Clippers,ATL@LAC
2018-19,2019-01-28,regular,Brooklyn Nets,Boston Celtics,BKN@BOS
2018-19,2019-01-28,regular,Denver Nuggets,Memphis Grizzlies,DEN@MEM
2018-19,2019-01-28,regular,Golden State Warriors,Indiana Pacers,GSW@IND
2018-19,2019-01-28,regular,New York Knicks,Charlotte Hornets,NYK@CHA
2018-19,2019-01-29,regular,Chicago Bulls,Brooklyn Nets,CHI@BKN
2018-19,2019-01-29,regular,Milwaukee Bucks,Detroit Pistons,MIL@DET
2018-19,2019-01-29,regular,New Orleans Pelicans,Houston Rockets,NOP@HOU
2018-19,2019-01-29,regular,Oklahoma City Thunder,Orlando Magic,OKC@ORL
2018-19,2019-01-29,regular,Philadelphia 76ers,Los Angeles Lakers,PHI@LAL
2018-19,2019-01-29,regular,Phoenix Suns,San Antonio Spurs,PHX@SAS
2018-19,2019-01-29,regular,Washington Wizards,Cleveland Cavaliers,WAS@CLE
2018-19,2019-01-30,regular,Atlanta Hawks,Sacramento Kings,ATL@SAC
2018-19,2019-01-30,regular,Charlotte Hornets,Boston Celtics,CHA@BOS
2018-19,2019-01-30,regular,Chicago Bulls,Miami Heat,CHI@MIA
2018-19,2019-01-30,regular,Dallas Mavericks,New York Knicks,DAL@NYK
2018-19,2019-01-30,regular,Denver Nuggets,New Orleans Pelicans,DEN@NOP
2018-19,2019-01-30,regular,Indiana Pacers,Washington Wizards,IND@WAS
2018-19,2019-01-30,regular,Memphis Grizzlies,Minnesota Timberwolves,MEM@MIN
2018-19,2019-01-30,regular,Utah Jazz,Portland Trail Blazers,UTA@POR
2018-19,2019-01-31,regular,Brooklyn Nets,San Antonio Spurs,BKN@SAS
2018-19,2019-01-31,regular,Dallas Mavericks,Detroit Pistons,DAL@DET
2018-19,2019-01-31,regular,Indiana Pacers,Orlando Magic,IND@ORL
2018-19,2019-01-31,regular,Los Angeles Lakers,LA Clippers,LAL@LAC
2018-19,2019-01-31,regular,Milwaukee Bucks,Toronto Raptors,MIL@TOR
2018-19,2019-01-31,regular,Philadelphia 76ers,Golden State Warriors,PHI@GSW
2018-19,2019-02-01,regular,Atlanta Hawks,Utah Jazz,ATL@UTA
2018-19,2019-02-01,regular,Boston Celtics,New York Knicks,BOS@NYK
2018-19,2019-02-01,regular,Houston Rockets,Denver Nuggets,HOU@DEN
2018-19,2019-02-01,regular,Memphis Grizzlies,Charlotte Hornets,MEM@CHA
2018-19,2019-02-01,regular,Oklahoma City Thunder,Miami Heat,OKC@MIA
2018-19,2019-02-02,regular,Atlanta Hawks,Phoenix Suns,ATL@PHX
2018-19,2019-02-02,regular,Brooklyn Nets,Orlando Magic,BKN@ORL
2018-19,2019-02-02,regular,Chicago Bulls,Charlotte Hornets,CHI@CHA
2018-19,2019-02-02,regular,Dallas Mavericks,Cleveland Cavaliers,DAL@CLE
2018-19,2019-02-02,regular,Denver Nuggets,Minnesota Timberwolves,DEN@MIN
2018-19,2019-02-02,regular,Houston Rockets,Utah Jazz,HOU@UTA
2018-19,2019-02-02,regular,Indiana Pacers,Miami Heat,IND@MIA
2018-19,2019-02-02,regular,LA Clippers,Detroit Pistons,LAC@DET
2018-19,2019-02-02,regular,Los Angeles Lakers,Golden State Warriors,LAL@GSW
2018-19,2019-02-02,regular,Milwaukee Bucks,Washington Wizards,MIL@WAS
2018-19,2019-02-02,regular,New Orleans Pelicans,San Antonio Spurs,NOP@SAS
2018-19,2019-02-02,regular,Philadelphia 76ers,Sacramento Kings,PHI@SAC
2018-19,2019-02-03,regular,LA Clippers,Toronto Raptors,LAC@TOR
2018-19,2019-02-03,regular,Memphis Grizzlies,New York Knicks,MEM@NYK
2018-19,2019-02-03,regular,Oklahoma City Thunder,Boston Celtics,OKC@BOS
2018-19,2019-02-04,regular,Atlanta Hawks,Washington Wizards,ATL@WAS
2018-19,2019-02-04,regular,Denver Nuggets,Detroit Pistons,DEN@DET
2018-19,2019-02-04,regular,Houston Rockets,Phoenix Suns,HOU@PHX
2018-19,2019-02-04,regular,Indiana Pacers,New Orleans Pelicans,IND@NOP
2018-19,2019-02-04,regular,Milwaukee Bucks,Brooklyn Nets,MIL@BKN
2018-19,2019-02-04,regular,San Antonio Spurs,Sacramento Kings,SAS@SAC
2018-19,2019-02-05,regular,Boston Celtics,Cleveland Cavaliers,BOS@CLE
2018-19,2019-02-05,regular,Detroit Pistons,New York Knicks,DET@NYK
2018-19,2019-02-05,regular,LA Clippers,Charlotte Hornets,LAC@CHA
2018-19,2019-02-05,regular,Los Angeles Lakers,Indiana Pacers,LAL@IND
2018-19,2019-02-05,regular,Miami Heat,Portland Trail Blazers,MIA@POR
2018-19,2019-02-05,regular,Minnesota Timberwolves,Memphis Grizzlies,MIN@MEM
2018-19,2019-02-05,regular,Orlando Magic,Oklahoma City Thunder,ORL@OKC
2018-19,2019-02-05,regular,Toronto Raptors,Philadelphia 76ers,TOR@PHI
2018-19,2019-02-06,regular,Charlotte Hornets,Dallas Mavericks,CHA@DAL
2018-19,2019-02-06,regular,Denver Nuggets,Brooklyn Nets,DEN@BKN
2018-19,2019-02-06,regular,Houston Rockets,Sacramento Kings,HOU@SAC
2018-19,2019-02-06,regular,New Orleans Pelicans,Chicago Bulls,NOP@CHI
2018-19,2019-02-06,regular,Phoenix Suns,Utah Jazz,PHX@UTA
2018-19,2019-02-06,regular,San Antonio Spurs,Golden State Warriors,SAS@GSW
2018-19,2019-02-06,regular,Washington Wizards,Milwaukee Bucks,WAS@MIL
2018-19,2019-02-07,regular,LA Clippers,Indiana Pacers,LAC@IND
2018-19,2019-02-07,regular,Los Angeles Lakers,Boston Celtics,LAL@BOS
2018-19,2019-02-07,regular,Memphis Grizzlies,Oklahoma City Thunder,MEM@OKC
2018-19,2019-02-07,regular,Minnesota Timberwolves,Orlando Magic,MIN@ORL
2018-19,2019-02-07,regular,San Antonio Spurs,Portland Trail Blazers,SAS@POR
2018-19,2019-02-07,regular,Toronto Raptors,Atlanta Hawks,TOR@ATL
2018-19,2019-02-08,regular,Chicago Bulls,Brooklyn Nets,CHI@BKN
2018-19,2019-02-08,regular,Cleveland Cavaliers,Washington Wizards,CLE@WAS
2018-19,2019-02-08,regular,Denver Nuggets,Philadelphia 76ers,DEN@PHI
2018-19,2019-02-08,regular,Golden State Warriors,Phoenix Suns,GSW@PHX
2018-19,2019-02-08,regular,Miami Heat,Sacramento Kings,MIA@SAC
2018-19,2019-02-08,regular,Milwaukee Bucks,Dallas Mavericks,MIL@DAL
2018-19,2019-02-08,regular,Minnesota Timberwolves,New Orleans Pelicans,MIN@NOP
2018-19,2019-02-08,regular,New York Knicks,Detroit Pistons,NYK@DET
2018-19,2019-02-09,regular,Charlotte Hornets,Atlanta Hawks,CHA@ATL
2018-19,2019-02-09,regular,Cleveland Cavaliers,Indiana Pacers,CLE@IND
2018-19,2019-02-09,regular,LA Clippers,Boston Celtics,LAC@BOS
2018-19,2019-02-09,regular,New Orleans Pelicans,Memphis Grizzlies,NOP@MEM
2018-19,2019-02-09,regular,Oklahoma City Thunder,Houston Rockets,OKC@HOU
2018-19,2019-02-09,regular,Orlando Magic,Milwaukee Bucks,ORL@MIL
2018-19,2019-02-09,regular,San Antonio Spurs,Utah Jazz,SAS@UTA
2018-19,2019-02-09,regular,Toronto Raptors,New York Knicks,TOR@NYK
2018-19,2019-02-09,regular,Washington Wizards,Chicago Bulls,WAS@CHI
2018-19,2019-02-10,regular,Los Angeles Lakers,Philadelphia 76ers,LAL@PHI
2018-19,2019-02-10,regular,Miami Heat,Golden State Warriors,MIA@GSW
2018-19,2019-02-10,regular,Orlando Magic,Atlanta Hawks,ORL@ATL
2018-19,2019-02-10,regular,Phoenix Suns,Sacramento Kings,PHX@SAC
2018-19,2019-02-10,regular,Portland Trail Blazers,Dallas Mavericks,POR@DAL
2018-19,2019-02-11,regular,Brooklyn Nets,Toronto Raptors,BKN@TOR
2018-19,2019-02-11,regular,Charlotte Hornets,Indiana Pacers,CHA@IND
2018-19,2019-02-11,regular,Dallas Mavericks,Houston Rockets,DAL@HOU
2018-19,2019-02-11,regular,LA Clippers,Minnesota Timberwolves,LAC@MIN
2018-19,2019-02-11,regular,Miami Heat,Denver Nuggets,MIA@DEN
2018-19,2019-02-11,regular,Milwaukee Bucks,Chicago Bulls,MIL@CHI
2018-19,2019-02-11,regular,New York Knicks,Cleveland Cavaliers,NYK@CLE
2018-19,2019-02-11,regular,Portland Trail Blazers,Oklahoma City Thunder,POR@OKC
2018-19,2019-02-11,regular,Washington Wizards,Detroit Pistons,WAS@DET
2018-19,2019-02-12,regular,Boston Celtics,Philadelphia 76ers,BOS@PHI
2018-19,2019-02-12,regular,Los Angeles Lakers,Atlanta Hawks,LAL@ATL
2018-19,2019-02-12,regular,Orlando Magic,New Orleans Pelicans,ORL@NOP
2018-19,2019-02-12,regular,San Antonio Spurs,Memphis Grizzlies,SAS@MEM
2018-19,2019-02-12,regular,Utah Jazz,Golden State Warriors,UTA@GSW
2018-19,2019-02-13,regular,Brooklyn Nets,Cleveland Cavaliers,BKN@CLE
2018-19,2019-02-13,regular,Detroit Pistons,Boston Celtics,DET@BOS
2018-19,2019-02-13,regular,Golden State Warriors,Portland Trail Blazers,GSW@POR
2018-19,2019-02-13,regular,Houston Rockets,Minnesota Timberwolves,HOU@MIN
2018-19,2019-02-13,regular,Memphis Grizzlies,Chicago Bulls,MEM@CHI
2018-19,2019-02-13,regular,Miami Heat,Dallas Mavericks,MIA@DAL
2018-19,2019-02-13,regular,Milwaukee Bucks,Indiana Pacers,MIL@IND
2018-19,2019-02-13,regular,Philadelphia 76ers,New York Knicks,PHI@NYK
2018-19,2019-02-13,regular,Phoenix Suns,LA Clippers,PHX@LAC
2018-19,2019-02-13,regular,Sacramento Kings,Denver Nuggets,SAC@DEN
2018-19,2019-02-13,regular,Washington Wizards,Toronto Raptors,WAS@TOR
2018-19,2019-02-14,regular,Charlotte Hornets,Orlando Magic,CHA@ORL
2018-19,2019-02-14,regular,New York Knicks,Atlanta Hawks,NYK@ATL
2018-19,2019-02-14,regular,Oklahoma City Thunder,New Orleans Pelicans,OKC@NOP
2018-19,2019-02-21,regular,Boston Celtics,Milwaukee Bucks,BOS@MIL
2018-19,2019-02-21,regular,Houston Rockets,Los Angeles Lakers,HOU@LAL
2018-19,2019-02-21,regular,Miami Heat,Philadelphia 76ers,MIA@PHI
2018-19,2019-02-21,regular,Phoenix Suns,Cleveland Cavaliers,PHX@CLE
2018-19,2019-02-21,regular,Portland Trail Blazers,Brooklyn Nets,POR@BKN
2018-19,2019-02-21,regular,Sacramento Kings,Golden State Warriors,SAC@GSW
2018-19,2019-02-22,regular,Chicago Bulls,Orlando Magic,CHI@ORL
2018-19,2019-02-22,regular,Denver Nuggets,Dallas Mavericks,DEN@DAL
2018-19,2019-02-22,regular,Detroit Pistons,Atlanta Hawks,DET@ATL
2018-19,2019-02-22,regular,LA Clippers,Memphis Grizzlies,LAC@MEM
2018-19,2019-02-22,regular,Minnesota Timberwolves,New York Knicks,MIN@NYK
2018-19,2019-02-22,regular,New Orleans Pelicans,Indiana Pacers,NOP@IND
2018-19,2019-02-22,regular,San Antonio Spurs,Toronto Raptors,SAS@TOR
2018-19,2019-02-22,regular,Utah Jazz,Oklahoma City Thunder,UTA@OKC
2018-19,2019-02-22,regular,Washington Wizards,Charlotte Hornets,WAS@CHA
2018-19,2019-02-23,regular,Brooklyn Nets,Charlotte Hornets,BKN@CHA
2018-19,2019-02-23,regular,Boston Celtics,Chicago Bulls,BOS@CHI
2018-19,2019-02-23,regular,Dallas Mavericks,Utah Jazz,DAL@UTA
2018-19,2019-02-23,regular,Detroit Pistons,Miami Heat,DET@MIA
2018-19,2019-02-23,regular,Houston Rockets,Golden State Warriors,HOU@GSW
2018-19,2019-02-23,regular,Indiana Pacers,Washington Wizards,IND@WAS
2018-19,2019-02-23,regular,Los Angeles Lakers,New Orleans Pelicans,LAL@NOP
2018-19,2019-02-23,regular,Memphis Grizzlies,Cleveland Cavaliers,MEM@CLE
2018-19,2019-02-23,regular,Minnesota Timberwolves,Milwaukee Bucks,MIN@MIL
2018-19,2019-02-23,regular,Phoenix Suns,Atlanta Hawks,PHX@ATL
2018-19,2019-02-23,regular,Portland Trail Blazers,Philadelphia 76ers,POR@PHI
2018-19,2019-02-23,regular,Sacramento Kings,Oklahoma City Thunder,SAC@OKC
2018-19,2019-02-24,regular,LA Clippers,Denver Nuggets,LAC@DEN
2018-19,2019-02-24,regular,Orlando Magic,Toronto Raptors,ORL@TOR
2018-19,2019-02-24,regular,San Antonio Spurs,New York Knicks,SAS@NYK
2018-19,2019-02-25,regular,Atlanta Hawks,Houston Rockets,ATL@HOU
2018-19,2019-02-25,regular,Dallas Mavericks,LA Clippers,DAL@LAC
2018-19,2019-02-25,regular,Golden State Warriors,Charlotte Hornets,GSW@CHA
2018-19,2019-02-25,regular,Indiana Pacers,Detroit Pistons,IND@DET
2018-19,2019-02-25,regular,Los Angeles Lakers,Memphis Grizzlies,LAL@MEM
2018-19,2019-02-25,regular,Milwaukee Bucks,Chicago Bulls,MIL@CHI
2018-19,2019-02-25,regular,Philadelphia 76ers,New Orleans Pelicans,PHI@NOP
2018-19,2019-02-25,regular,Phoenix Suns,Miami Heat,PHX@MIA
2018-19,2019-02-25,regular,Portland Trail Blazers,Cleveland Cavaliers,POR@CLE
2018-19,2019-02-25,regular,Sacramento Kings,Minnesota Timberwolves,SAC@MIN
2018-19,2019-02-25,regular,San Antonio Spurs,Brooklyn Nets,SAS@BKN
2018-19,2019-02-26,regular,Boston Celtics,Toronto Raptors,BOS@TOR
2018-19,2019-02-26,regular,Oklahoma City Thunder,Denver Nuggets,OKC@DEN
2018-19,2019-02-26,regular,Orlando Magic,New York Knicks,ORL@NYK
2018-19,2019-02-27,regular,Chicago Bulls,Memphis Grizzlies,CHI@MEM
2018-19,2019-02-27,regular,Detroit Pistons,San Antonio Spurs,DET@SAS
2018-19,2019-02-27,regular,Golden State Warriors,Miami Heat,GSW@MIA
2018-19,2019-02-27,regular,Houston Rockets,Charlotte Hornets,HOU@CHA
2018-19,2019-02-27,regular,Indiana Pacers,Dallas Mavericks,IND@DAL
2018-19,2019-02-27,regular,LA Clippers,Utah Jazz,LAC@UTA
2018-19,2019-02-27,regular,Milwaukee Bucks,Sacramento Kings,MIL@SAC
2018-19,2019-02-27,regular,Minnesota Timberwolves,Atlanta Hawks,MIN@ATL
2018-19,2019-02-27,regular,New Orleans Pelicans,Los Angeles Lakers,NOP@LAL
2018-19,2019-02-27,regular,Portland Trail Blazers,Boston Celtics,POR@BOS
2018-19,2019-02-27,regular,Washington Wizards,Brooklyn Nets,WAS@BKN
2018-19,2019-02-28,regular,Cleveland Cavaliers,New York Knicks,CLE@NYK
2018-19,2019-02-28,regular,Golden State Warriors,Orlando Magic,GSW@ORL
2018-19,2019-02-28,regular,Miami Heat,Houston Rockets,MIA@HOU
2018-19,2019-02-28,regular,Minnesota Timberwolves,Indiana Pacers,MIN@IND
2018-19,2019-02-28,regular,Philadelphia 76ers,Oklahoma City Thunder,PHI@OKC
2018-19,2019-02-28,regular,Utah Jazz,Denver Nuggets,UTA@DEN
2018-19,2019-03-01,regular,Charlotte Hornets,Brooklyn Nets,CHA@BKN
2018-19,2019-03-01,regular,Chicago Bulls,Atlanta Hawks,CHI@ATL
2018-19,2019-03-01,regular,LA Clippers,Sacramento Kings,LAC@SAC
2018-19,2019-03-01,regular,Milwaukee Bucks,Los Angeles Lakers,MIL@LAL
2018-19,2019-03-01,regular,New Orleans Pelicans,Phoenix Suns,NOP@PHX
2018-19,2019-03-01,regular,Portland Trail Blazers,Toronto Raptors,POR@TOR
2018-19,2019-03-01,regular,Washington Wizards,Boston Celtics,WAS@BOS
2018-19,2019-03-02,regular,Brooklyn Nets,Miami Heat,BKN@MIA
2018-19,2019-03-02,regular,Detroit Pistons,Cleveland Cavaliers,DET@CLE
2018-19,2019-03-02,regular,Golden State Warriors,Philadelphia 76ers,GSW@PHI
2018-19,2019-03-02,regular,Los Angeles Lakers,Phoenix Suns,LAL@PHX
2018-19,2019-03-02,regular,Memphis Grizzlies,Dallas Mavericks,MEM@DAL
2018-19,2019-03-02,regular,Milwaukee Bucks,Utah Jazz,MIL@UTA
2018-19,2019-03-02,regular,New Orleans Pelicans,Denver Nuggets,NOP@DEN
2018-19,2019-03-02,regular,Oklahoma City Thunder,San Antonio Spurs,OKC@SAS
2018-19,2019-03-02,regular,Orlando Magic,Indiana Pacers,ORL@IND
2018-19,2019-03-03,regular,Atlanta Hawks,Chicago Bulls,ATL@CHI
2018-19,2019-03-03,regular,Houston Rockets,Boston Celtics,HOU@BOS
2018-19,2019-03-03,regular,Memphis Grizzlies,Oklahoma City Thunder,MEM@OKC
2018-19,2019-03-03,regular,Minnesota Timberwolves,Washington Wizards,MIN@WAS
2018-19,2019-03-03,regular,New York Knicks,LA Clippers,NYK@LAC
2018-19,2019-03-03,regular,Orlando Magic,Cleveland Cavaliers,ORL@CLE
2018-19,2019-03-03,regular,Portland Trail Blazers,Charlotte Hornets,POR@CHA
2018-19,2019-03-03,regular,Toronto Raptors,Detroit Pistons,TOR@DET
2018-19,2019-03-04,regular,Atlanta Hawks,Miami Heat,ATL@MIA
2018-19,2019-03-04,regular,Dallas Mavericks,Brooklyn Nets,DAL@BKN
2018-19,2019-03-04,regular,Denver Nuggets,San Antonio Spurs,DEN@SAS
2018-19,2019-03-04,regular,LA Clippers,Los Angeles Lakers,LAC@LAL
2018-19,2019-03-04,regular,Milwaukee Bucks,Phoenix Suns,MIL@PHX
2018-19,2019-03-04,regular,New Orleans Pelicans,Utah Jazz,NOP@UTA
2018-19,2019-03-04,regular,New York Knicks,Sacramento Kings,NYK@SAC
2018-19,2019-03-05,regular,Boston Celtics,Golden State Warriors,BOS@GSW
2018-19,2019-03-05,regular,Chicago Bulls,Indiana Pacers,CHI@IND
2018-19,2019-03-05,regular,Houston Rockets,Toronto Raptors,HOU@TOR
2018-19,2019-03-05,regular,Oklahoma City Thunder,Minnesota Timberwolves,OKC@MIN
2018-19,2019-03-05,regular,Orlando Magic,Philadelphia 76ers,ORL@PHI
2018-19,2019-03-05,regular,Portland Trail Blazers,Memphis Grizzlies,POR@MEM
2018-19,2019-03-06,regular,Boston Celtics,Sacramento Kings,BOS@SAC
2018-19,2019-03-06,regular,Cleveland Cavaliers,Brooklyn Nets,CLE@BKN
2018-19,2019-03-06,regular,Dallas Mavericks,Washington Wizards,DAL@WAS
2018-19,2019-03-06,regular,Denver Nuggets,Los Angeles Lakers,DEN@LAL
2018-19,2019-03-06,regular,Miami Heat,Charlotte Hornets,MIA@CHA
2018-19,2019-03-06,regular,Minnesota Timberwolves,Detroit Pistons,MIN@DET
2018-19,2019-03-06,regular,New York Knicks,Phoenix Suns,NYK@PHX
2018-19,2019-03-06,regular,Philadelphia 76ers,Chicago Bulls,PHI@CHI
2018-19,2019-03-06,regular,San Antonio Spurs,Atlanta Hawks,SAS@ATL
2018-19,2019-03-06,regular,Utah Jazz,New Orleans Pelicans,UTA@NOP
2018-19,2019-03-07,regular,Indiana Pacers,Milwaukee Bucks,IND@MIL
2018-19,2019-03-07,regular,Oklahoma City Thunder,Portland Trail Blazers,OKC@POR
2018-19,2019-03-08,regular,Cleveland Cavaliers,Miami Heat,CLE@MIA
2018-19,2019-03-08,regular,Dallas Mavericks,Orlando Magic,DAL@ORL
2018-19,2019-03-08,regular,Denver Nuggets,Golden State Warriors,DEN@GSW
2018-19,2019-03-08,regular,Detroit Pistons,Chicago Bulls,DET@CHI
2018-19,2019-03-08,regular,Oklahoma City Thunder,LA Clippers,OKC@LAC
2018-19,2019-03-08,regular,Philadelphia 76ers,Houston Rockets,PHI@HOU
2018-19,2019-03-08,regular,Toronto Raptors,New Orleans Pelicans,TOR@NOP
2018-19,2019-03-08,regular,Utah Jazz,Memphis Grizzlies,UTA@MEM
2018-19,2019-03-08,regular,Washington Wizards,Charlotte Hornets,WAS@CHA
2018-19,2019-03-09,regular,Brooklyn Nets,Atlanta Hawks,BKN@ATL
2018-19,2019-03-09,regular,Boston Celtics,Los Angeles Lakers,BOS@LAL
2018-19,2019-03-09,regular,Charlotte Hornets,Milwaukee Bucks,CHA@MIL
2018-19,2019-03-09,regular,Phoenix Suns,Portland Trail Blazers,PHX@POR
2018-19,2019-03-09,regular,Sacramento Kings,New York Knicks,SAC@NYK
2018-19,2019-03-09,regular,Washington Wizards,Minnesota Timberwolves,WAS@MIN
2018-19,2019-03-10,regular,Chicago Bulls,Detroit Pistons,CHI@DET
2018-19,2019-03-10,regular,Houston Rockets,Dallas Mavericks,HOU@DAL
2018-19,2019-03-10,regular,Indiana Pacers,Philadelphia 76ers,IND@PHI
2018-19,2019-03-10,regular,Milwaukee Bucks,San Antonio Spurs,MIL@SAS
2018-19,2019-03-10,regular,New Orleans Pelicans,Atlanta Hawks,NOP@ATL
2018-19,2019-03-10,regular,New York Knicks,Minnesota Timberwolves,NYK@MIN
2018-19,2019-03-10,regular,Orlando Magic,Memphis Grizzlies,ORL@MEM
2018-19,2019-03-10,regular,Phoenix Suns,Golden State Warriors,PHX@GSW
2018-19,2019-03-10,regular,Toronto Raptors,Miami Heat,TOR@MIA
2018-19,2019-03-11,regular,Boston Celtics,LA Clippers,BOS@LAC
2018-19,2019-03-11,regular,Charlotte Hornets,Houston Rockets,CHA@HOU
2018-19,2019-03-11,regular,Detroit Pistons,Brooklyn Nets,DET@BKN
2018-19,2019-03-11,regular,Oklahoma City Thunder,Utah Jazz,OKC@UTA
2018-19,2019-03-11,regular,Sacramento Kings,Washington Wizards,SAC@WAS
2018-19,2019-03-11,regular,Toronto Raptors,Cleveland Cavaliers,TOR@CLE
2018-19,2019-03-12,regular,Cleveland Cavaliers,Philadelphia 76ers,CLE@PHI
2018-19,2019-03-12,regular,Los Angeles Lakers,Chicago Bulls,LAL@CHI
2018-19,2019-03-12,regular,Milwaukee Bucks,New Orleans Pelicans,MIL@NOP
2018-19,2019-03-12,regular,Minnesota Timberwolves,Denver Nuggets,MIN@DEN
2018-19,2019-03-12,regular,New York Knicks,Indiana Pacers,NYK@IND
2018-19,2019-03-12,regular,Portland Trail Blazers,LA Clippers,POR@LAC
2018-19,2019-03-12,regular,San Antonio Spurs,Dallas Mavericks,SAS@DAL
2018-19,2019-03-13,regular,Brooklyn Nets,Oklahoma City Thunder,BKN@OKC
2018-19,2019-03-13,regular,Detroit Pistons,Miami Heat,DET@MIA
2018-19,2019-03-13,regular,Golden State Warriors,Houston Rockets,GSW@HOU
2018-19,2019-03-13,regular,Memphis Grizzlies,Atlanta Hawks,MEM@ATL
2018-19,2019-03-13,regular,Orlando Magic,Washington Wizards,ORL@WAS
2018-19,2019-03-13,regular,Utah Jazz,Phoenix Suns,UTA@PHX
2018-19,2019-03-14,regular,Cleveland Cavaliers,Orlando Magic,CLE@ORL
2018-19,2019-03-14,regular,Dallas Mavericks,Denver Nuggets,DAL@DEN
2018-19,2019-03-14,regular,Los Angeles Lakers,Toronto Raptors,LAL@TOR
2018-19,2019-03-14,regular,Minnesota Timberwolves,Utah Jazz,MIN@UTA
2018-19,2019-03-14,regular,Oklahoma City Thunder,Indiana Pacers,OKC@IND
2018-19,2019-03-14,regular,Sacramento Kings,Boston Celtics,SAC@BOS
2018-19,2019-03-15,regular,Charlotte Hornets,Washington Wizards,CHA@WAS
2018-19,2019-03-15,regular,Chicago Bulls,LA Clippers,CHI@LAC
2018-19,2019-03-15,regular,Los Angeles Lakers,Detroit Pistons,LAL@DET
2018-19,2019-03-15,regular,Milwaukee Bucks,Miami Heat,MIL@MIA
2018-19,2019-03-15,regular,New York Knicks,San Antonio Spurs,NYK@SAS
2018-19,2019-03-15,regular,Phoenix Suns,Houston Rockets,PHX@HOU
2018-19,2019-03-15,regular,Portland Trail Blazers,New Orleans Pelicans,POR@NOP
2018-19,2019-03-15,regular,Sacramento Kings,Philadelphia 76ers,SAC@PHI
2018-19,2019-03-16,regular,Atlanta Hawks,Boston Celtics,ATL@BOS
2018-19,2019-03-16,regular,Brooklyn Nets,Utah Jazz,BKN@UTA
2018-19,2019-03-16,regular,Cleveland Cavaliers,Dallas Mavericks,CLE@DAL
2018-19,2019-03-16,regular,Golden State Warriors,Oklahoma City Thunder,GSW@OKC
2018-19,2019-03-16,regular,Indiana Pacers,Denver Nuggets,IND@DEN
2018-19,2019-03-16,regular,Memphis Grizzlies,Washington Wizards,MEM@WAS
2018-19,2019-03-16,regular,Phoenix Suns,New Orleans Pelicans,PHX@NOP
2018-19,2019-03-16,regular,Portland Trail Blazers,San Antonio Spurs,POR@SAS
2018-19,2019-03-17,regular,Atlanta Hawks,Orlando Magic,ATL@ORL
2018-19,2019-03-17,regular,Brooklyn Nets,LA Clippers,BKN@LAC
2018-19,2019-03-17,regular,Charlotte Hornets,Miami Heat,CHA@MIA
2018-19,2019-03-17,regular,Chicago Bulls,Sacramento Kings,CHI@SAC
2018-19,2019-03-17,regular,Los Angeles Lakers,New York Knicks,LAL@NYK
2018-19,2019-03-17,regular,Minnesota Timberwolves,Houston Rockets,MIN@HOU
2018-19,2019-03-17,regular,Philadelphia 76ers,Milwaukee Bucks,PHI@MIL
2018-19,2019-03-17,regular,Toronto Raptors,Detroit Pistons,TOR@DET
2018-19,2019-03-18,regular,Chicago Bulls,Phoenix Suns,CHI@PHX
2018-19,2019-03-18,regular,Denver Nuggets,Boston Celtics,DEN@BOS
2018-19,2019-03-18,regular,Detroit Pistons,Cleveland Cavaliers,DET@CLE
2018-19,2019-03-18,regular,Golden State Warriors,San Antonio Spurs,GSW@SAS
2018-19,2019-03-18,regular,Indiana Pacers,Portland Trail Blazers,IND@POR
2018-19,2019-03-18,regular,Miami Heat,Oklahoma City Thunder,MIA@OKC
2018-19,2019-03-18,regular,New Orleans Pelicans,Dallas Mavericks,NOP@DAL
2018-19,2019-03-18,regular,New York Knicks,Toronto Raptors,NYK@TOR
2018-19,2019-03-18,regular,Utah Jazz,Washington Wizards,UTA@WAS
2018-19,2019-03-19,regular,Brooklyn Nets,Sacramento Kings,BKN@SAC
2018-19,2019-03-19,regular,Golden State Warriors,Minnesota Timberwolves,GSW@MIN
2018-19,2019-03-19,regular,Houston Rockets,Atlanta Hawks,HOU@ATL
2018-19,2019-03-19,regular,Indiana Pacers,LA Clippers,IND@LAC
2018-19,2019-03-19,regular,Los Angeles Lakers,Milwaukee Bucks,LAL@MIL
2018-19,2019-03-19,regular,Philadelphia 76ers,Charlotte Hornets,PHI@CHA
2018-19,2019-03-20,regular,Boston Celtics,Philadelphia 76ers,BOS@PHI
2018-19,2019-03-20,regular,Dallas Mavericks,Portland Trail Blazers,DAL@POR
2018-19,2019-03-20,regular,Houston Rockets,Memphis Grizzlies,HOU@MEM
2018-19,2019-03-20,regular,Miami Heat,San Antonio Spurs,MIA@SAS
2018-19,2019-03-20,regular,Milwaukee Bucks,Cleveland Cavaliers,MIL@CLE
2018-19,2019-03-20,regular,New Orleans Pelicans,Orlando Magic,NOP@ORL
2018-19,2019-03-20,regular,Toronto Raptors,Oklahoma City Thunder,TOR@OKC
2018-19,2019-03-20,regular,Utah Jazz,New York Knicks,UTA@NYK
2018-19,2019-03-20,regular,Washington Wizards,Chicago Bulls,WAS@CHI
2018-19,2019-03-21,regular,Dallas Mavericks,Sacramento Kings,DAL@SAC
2018-19,2019-03-21,regular,Denver Nuggets,Washington Wizards,DEN@WAS
2018-19,2019-03-21,regular,Detroit Pistons,Phoenix Suns,DET@PHX
2018-19,2019-03-21,regular,Indiana Pacers,Golden State Warriors,IND@GSW
2018-19,2019-03-21,regular,Minnesota Timberwolves,Charlotte Hornets,MIN@CHA
2018-19,2019-03-21,regular,Utah Jazz,Atlanta Hawks,UTA@ATL
2018-19,2019-03-22,regular,Brooklyn Nets,Los Angeles Lakers,BKN@LAL
2018-19,2019-03-22,regular,Denver Nuggets,New York Knicks,DEN@NYK
2018-19,2019-03-22,regular,LA Clippers,Cleveland Cavaliers,LAC@CLE
2018-19,2019-03-22,regular,Memphis Grizzlies,Orlando Magic,MEM@ORL
2018-19,2019-03-22,regular,Miami Heat,Milwaukee Bucks,MIA@MIL
2018-19,2019-03-22,regular,Oklahoma City Thunder,Toronto Raptors,OKC@TOR
2018-19,2019-03-22,regular,San Antonio Spurs,Houston Rockets,SAS@HOU
2018-19,2019-03-23,regular,Boston Celtics,Charlotte Hornets,BOS@CHA
2018-19,2019-03-23,regular,Dallas Mavericks,Golden State Warriors,DAL@GSW
2018-19,2019-03-23,regular,Detroit Pistons,Portland Trail Blazers,DET@POR
2018-19,2019-03-23,regular,Miami Heat,Washington Wizards,MIA@WAS
2018-19,2019-03-23,regular,Minnesota Timberwolves,Memphis Grizzlies,MIN@MEM
2018-19,2019-03-23,regular,Philadelphia 76ers,Atlanta Hawks,PHI@ATL
2018-19,2019-03-23,regular,Phoenix Suns,Sacramento Kings,PHX@SAC
2018-19,2019-03-23,regular,Utah Jazz,Chicago Bulls,UTA@CHI
2018-19,2019-03-24,regular,Charlotte Hornets,Toronto Raptors,CHA@TOR
2018-19,2019-03-24,regular,Cleveland Cavaliers,Milwaukee Bucks,CLE@MIL
2018-19,2019-03-24,regular,Denver Nuggets,Indiana Pacers,DEN@IND
2018-19,2019-03-24,regular,Detroit Pistons,Golden State Warriors,DET@GSW
2018-19,2019-03-24,regular,Houston Rockets,New Orleans Pelicans,HOU@NOP
2018-19,2019-03-24,regular,LA Clippers,New York Knicks,LAC@NYK
2018-19,2019-03-24,regular,Sacramento Kings,Los Angeles Lakers,SAC@LAL
2018-19,2019-03-24,regular,San Antonio Spurs,Boston Celtics,SAS@BOS
2018-19,2019-03-25,regular,Brooklyn Nets,Portland Trail Blazers,BKN@POR
2018-19,2019-03-25,regular,Oklahoma City Thunder,Memphis Grizzlies,OKC@MEM
2018-19,2019-03-25,regular,Philadelphia 76ers,Orlando Magic,PHI@ORL
2018-19,2019-03-25,regular,Phoenix Suns,Utah Jazz,PHX@UTA
2018-19,2019-03-26,regular,Atlanta Hawks,New Orleans Pelicans,ATL@NOP
2018-19,2019-03-26,regular,Boston Celtics,Cleveland Cavaliers,BOS@CLE
2018-19,2019-03-26,regular,Chicago Bulls,Toronto Raptors,CHI@TOR
2018-19,2019-03-26,regular,Detroit Pistons,Denver Nuggets,DET@DEN
2018-19,2019-03-26,regular,Houston Rockets,Milwaukee Bucks,HOU@MIL
2018-19,2019-03-26,regular,LA Clippers,Minnesota Timberwolves,LAC@MIN
2018-19,2019-03-26,regular,Orlando Magic,Miami Heat,ORL@MIA
2018-19,2019-03-26,regular,Sacramento Kings,Dallas Mavericks,SAC@DAL
2018-19,2019-03-26,regular,San Antonio Spurs,Charlotte Hornets,SAS@CHA
2018-19,2019-03-26,regular,Washington Wizards,Los Angeles Lakers,WAS@LAL
2018-19,2019-03-27,regular,Golden State Warriors,Memphis Grizzlies,GSW@MEM
2018-19,2019-03-27,regular,Indiana Pacers,Oklahoma City Thunder,IND@OKC
2018-19,2019-03-27,regular,Los Angeles Lakers,Utah Jazz,LAL@UTA
2018-19,2019-03-27,regular,Portland Trail Blazers,Chicago Bulls,POR@CHI
2018-19,2019-03-27,regular,Washington Wizards,Phoenix Suns,WAS@PHX
2018-19,2019-03-28,regular,Brooklyn Nets,Philadelphia 76ers,BKN@PHI
2018-19,2019-03-28,regular,Cleveland Cavaliers,San Antonio Spurs,CLE@SAS
2018-19,2019-03-28,regular,Dallas Mavericks,Miami Heat,DAL@MIA
2018-19,2019-03-28,regular,Denver Nuggets,Houston Rockets,DEN@HOU
2018-19,2019-03-28,regular,LA Clippers,Milwaukee Bucks,LAC@MIL
2018-19,2019-03-28,regular,Orlando Magic,Detroit Pistons,ORL@DET
2018-19,2019-03-28,regular,Sacramento Kings,New Orleans Pelicans,SAC@NOP
2018-19,2019-03-28,regular,Toronto Raptors,New York Knicks,TOR@NYK
2018-19,2019-03-29,regular,Charlotte Hornets,Los Angeles Lakers,CHA@LAL
2018-19,2019-03-29,regular,Denver Nuggets,Oklahoma City Thunder,DEN@OKC
2018-19,2019-03-29,regular,Golden State Warriors,Minnesota Timberwolves,GSW@MIN
2018-19,2019-03-29,regular,Indiana Pacers,Boston Celtics,IND@BOS
2018-19,2019-03-29,regular,Portland Trail Blazers,Atlanta Hawks,POR@ATL
2018-19,2019-03-29,regular,Washington Wizards,Utah Jazz,WAS@UTA
2018-19,2019-03-30,regular,Boston Celtics,Brooklyn Nets,BOS@BKN
2018-19,2019-03-30,regular,Cleveland Cavaliers,LA Clippers,CLE@LAC
2018-19,2019-03-30,regular,Memphis Grizzlies,Phoenix Suns,MEM@PHX
2018-19,2019-03-30,regular,Miami Heat,New York Knicks,MIA@NYK
2018-19,2019-03-30,regular,Orlando Magic,Indiana Pacers,ORL@IND
2018-19,2019-03-30,regular,Philadelphia 76ers,Minnesota Timberwolves,PHI@MIN
2018-19,2019-03-30,regular,Portland Trail Blazers,Detroit Pistons,POR@DET
2018-19,2019-03-30,regular,Sacramento Kings,Houston Rockets,SAC@HOU
2018-19,2019-03-30,regular,Toronto Raptors,Chicago Bulls,TOR@CHI
2018-19,2019-03-31,regular,Charlotte Hornets,Golden State Warriors,CHA@GSW
2018-19,2019-03-31,regular,Dallas Mavericks,Oklahoma City Thunder,DAL@OKC
2018-19,2019-03-31,regular,Los Angeles Lakers,New Orleans Pelicans,LAL@NOP
2018-19,2019-03-31,regular,Memphis Grizzlies,LA Clippers,MEM@LAC
2018-19,2019-03-31,regular,Milwaukee Bucks,Atlanta Hawks,MIL@ATL
2018-19,2019-03-31,regular,Sacramento Kings,San Antonio Spurs,SAC@SAS
2018-19,2019-03-31,regular,Washington Wizards,Denver Nuggets,WAS@DEN
2018-19,2019-04-01,regular,Charlotte Hornets,Utah Jazz,CHA@UTA
2018-19,2019-04-01,regular,Chicago Bulls,New York Knicks,CHI@NYK
2018-19,2019-04-01,regular,Cleveland Cavaliers,Phoenix Suns,CLE@PHX
2018-19,2019-04-01,regular,Detroit Pistons,Indiana Pacers,DET@IND
2018-19,2019-04-01,regular,Miami Heat,Boston Celtics,MIA@BOS
2018-19,2019-04-01,regular,Milwaukee Bucks,Brooklyn Nets,MIL@BKN
2018-19,2019-04-01,regular,Orlando Magic,Toronto Raptors,ORL@TOR
2018-19,2019-04-01,regular,Philadelphia 76ers,Dallas Mavericks,PHI@DAL
2018-19,2019-04-01,regular,Portland Trail Blazers,Minnesota Timberwolves,POR@MIN
2018-19,2019-04-02,regular,Atlanta Hawks,San Antonio Spurs,ATL@SAS
2018-19,2019-04-02,regular,Denver Nuggets,Golden State Warriors,DEN@GSW
2018-19,2019-04-02,regular,Houston Rockets,Sacramento Kings,HOU@SAC
2018-19,2019-04-02,regular,Los Angeles Lakers,Oklahoma City Thunder,LAL@OKC
2018-19,2019-04-03,regular,Boston Celtics,Miami Heat,BOS@MIA
2018-19,2019-04-03,regular,Charlotte Hornets,New Orleans Pelicans,CHA@NOP
2018-19,2019-04-03,regular,Chicago Bulls,Washington Wizards,CHI@WAS
2018-19,2019-04-03,regular,Houston Rockets,LA Clippers,HOU@LAC
2018-19,2019-04-03,regular,Indiana Pacers,Detroit Pistons,IND@DET
2018-19,2019-04-03,regular,Memphis Grizzlies,Portland Trail Blazers,MEM@POR
2018-19,2019-04-03,regular,Minnesota Timberwolves,Dallas Mavericks,MIN@DAL
2018-19,2019-04-03,regular,New York Knicks,Orlando Magic,NYK@ORL
2018-19,2019-04-03,regular,Philadelphia 76ers,Atlanta Hawks,PHI@ATL
2018-19,2019-04-03,regular,San Antonio Spurs,Denver Nuggets,SAS@DEN
2018-19,2019-04-03,regular,Toronto Raptors,Brooklyn Nets,TOR@BKN
2018-19,2019-04-03,regular,Utah Jazz,Phoenix Suns,UTA@PHX
2018-19,2019-04-04,regular,Cleveland Cavaliers,Sacramento Kings,CLE@SAC
2018-19,2019-04-04,regular,Golden State Warriors,Los Angeles Lakers,GSW@LAL
2018-19,2019-04-04,regular,Milwaukee Bucks,Philadelphia 76ers,MIL@PHI
2018-19,2019-04-05,regular,Atlanta Hawks,Orlando Magic,ATL@ORL
2018-19,2019-04-05,regular,Boston Celtics,Indiana Pacers,BOS@IND
2018-19,2019-04-05,regular,Cleveland Cavaliers,Golden State Warriors,CLE@GSW
2018-19,2019-04-05,regular,Detroit Pistons,Oklahoma City Thunder,DET@OKC
2018-19,2019-04-05,regular,Los Angeles Lakers,LA Clippers,LAL@LAC
2018-19,2019-04-05,regular,Memphis Grizzlies,Dallas Mavericks,MEM@DAL
2018-19,2019-04-05,regular,Miami Heat,Minnesota Timberwolves,MIA@MIN
2018-19,2019-04-05,regular,New Orleans Pelicans,Phoenix Suns,NOP@PHX
2018-19,2019-04-05,regular,New York Knicks,Houston Rockets,NYK@HOU
2018-19,2019-04-05,regular,Portland Trail Blazers,Denver Nuggets,POR@DEN
2018-19,2019-04-05,regular,Sacramento Kings,Utah Jazz,SAC@UTA
2018-19,2019-04-05,regular,San Antonio Spurs,Washington Wizards,SAS@WAS
2018-19,2019-04-05,regular,Toronto Raptors,Charlotte Hornets,TOR@CHA
2018-19,2019-04-06,regular,Brooklyn Nets,Milwaukee Bucks,BKN@MIL
2018-19,2019-04-06,regular,Philadelphia 76ers,Chicago Bulls,PHI@CHI
2018-19,2019-04-07,regular,Atlanta Hawks,Milwaukee Bucks,ATL@MIL
2018-19,2019-04-07,regular,Brooklyn Nets,Indiana Pacers,BKN@IND
2018-19,2019-04-07,regular,Charlotte Hornets,Detroit Pistons,CHA@DET
2018-19,2019-04-07,regular,Dallas Mavericks,Memphis Grizzlies,DAL@MEM
2018-19,2019-04-07,regular,Denver Nuggets,Portland Trail Blazers,DEN@POR
2018-19,2019-04-07,regular,LA Clippers,Golden State Warriors,LAC@GSW
2018-19,2019-04-07,regular,Miami Heat,Toronto Raptors,MIA@TOR
2018-19,2019-04-07,regular,New Orleans Pelicans,Sacramento Kings,NOP@SAC
2018-19,2019-04-07,regular,Oklahoma City Thunder,Minnesota Timberwolves,OKC@MIN
2018-19,2019-04-07,regular,Orlando Magic,Boston Celtics,ORL@BOS
2018-19,2019-04-07,regular,Phoenix Suns,Houston Rockets,PHX@HOU
2018-19,2019-04-07,regular,San Antonio Spurs,Cleveland Cavaliers,SAS@CLE
2018-19,2019-04-07,regular,Utah Jazz,Los Angeles Lakers,UTA@LAL
2018-19,2019-04-07,regular,Washington Wizards,New York Knicks,WAS@NYK
2018-19,2019-04-09,regular,Boston Celtics,Washington Wizards,BOS@WAS
2018-19,2019-04-09,regular,Charlotte Hornets,Cleveland Cavaliers,CHA@CLE
2018-19,2019-04-09,regular,Denver Nuggets,Utah Jazz,DEN@UTA
2018-19,2019-04-09,regular,Golden State Warriors,New Orleans Pelicans,GSW@NOP
2018-19,2019-04-09,regular,Houston Rockets,Oklahoma City Thunder,HOU@OKC
2018-19,2019-04-09,regular,Memphis Grizzlies,Detroit Pistons,MEM@DET
2018-19,2019-04-09,regular,New York Knicks,Chicago Bulls,NYK@CHI
2018-19,2019-04-09,regular,Philadelphia 76ers,Miami Heat,PHI@MIA
2018-19,2019-04-09,regular,Phoenix Suns,Dallas Mavericks,PHX@DAL
2018-19,2019-04-09,regular,Portland Trail Blazers,Los Angeles Lakers,POR@LAL
2018-19,2019-04-09,regular,Toronto Raptors,Minnesota Timberwolves,TOR@MIN
2018-19,2019-04-10,regular,Chicago Bulls,Philadelphia 76ers,CHI@PHI
2018-19,2019-04-10,regular,Dallas Mavericks,San Antonio Spurs,DAL@SAS
2018-19,2019-04-10,regular,Detroit Pistons,New York Knicks,DET@NYK
2018-19,2019-04-10,regular,Golden State Warriors,Memphis Grizzlies,GSW@MEM
2018-19,2019-04-10,regular,Indiana Pacers,Atlanta Hawks,IND@ATL
2018-19,2019-04-10,regular,Miami Heat,Brooklyn Nets,MIA@BKN
2018-19,2019-04-10,regular,Minnesota Timberwolves,Denver Nuggets,MIN@DEN
2018-19,2019-04-10,regular,Oklahoma City Thunder,Milwaukee Bucks,OKC@MIL
2018-19,2019-04-10,regular,Orlando Magic,Charlotte Hornets,ORL@CHA
2018-19,2019-04-10,regular,Sacramento Kings,Portland Trail Blazers,SAC@POR
2018-19,2019-04-10,regular,Utah Jazz,LA Clippers,UTA@LAC
2018-19,2019-04-13,playoffs,Brooklyn Nets,Philadelphia 76ers,BKN@PHI
2018-19,2019-04-13,playoffs,LA Clippers,Golden State Warriors,LAC@GSW
2018-19,2019-04-13,playoffs,Orlando Magic,Toronto Raptors,ORL@TOR
2018-19,2019-04-13,playoffs,San Antonio Spurs,Denver Nuggets,SAS@DEN
2018-19,2019-04-14,playoffs,Detroit Pistons,Milwaukee Bucks,DET@MIL
2018-19,2019-04-14,playoffs,Indiana Pacers,Boston Celtics,IND@BOS
2018-19,2019-04-14,playoffs,Oklahoma City Thunder,Portland Trail Blazers,OKC@POR
2018-19,2019-04-14,playoffs,Utah Jazz,Houston Rockets,UTA@HOU
2018-19,2019-04-15,playoffs,Brooklyn Nets,Philadelphia 76ers,BKN@PHI
2018-19,2019-04-15,playoffs,LA Clippers,Golden State Warriors,LAC@GSW
2018-19,2019-04-16,playoffs,Oklahoma City Thunder,Portland Trail Blazers,OKC@POR
2018-19,2019-04-16,playoffs,Orlando Magic,Toronto Raptors,ORL@TOR
2018-19,2019-04-16,playoffs,San Antonio Spurs,Denver Nuggets,SAS@DEN
2018-19,2019-04-17,playoffs,Detroit Pistons,Milwaukee Bucks,DET@MIL
2018-19,2019-04-17,playoffs,Indiana Pacers,Boston Celtics,IND@BOS
2018-19,2019-04-17,playoffs,Utah Jazz,Houston Rockets,UTA@HOU
2018-19,2019-04-18,playoffs,Denver Nuggets,San Antonio Spurs,DEN@SAS
2018-19,2019-04-18,playoffs,Golden State Warriors,LA Clippers,GSW@LAC
2018-19,2019-04-18,playoffs,Philadelphia 76ers,Brooklyn Nets,PHI@BKN
2018-19,2019-04-19,playoffs,Boston Celtics,Indiana Pacers,BOS@IND
2018-19,2019-04-19,playoffs,Portland Trail Blazers,Oklahoma City Thunder,POR@OKC
2018-19,2019-04-19,playoffs,Toronto Raptors,Orlando Magic,TOR@ORL
2018-19,2019-04-20,playoffs,Denver Nuggets,San Antonio Spurs,DEN@SAS
2018-19,2019-04-20,playoffs,Houston Rockets,Utah Jazz,HOU@UTA
2018-19,2019-04-20,playoffs,Milwaukee Bucks,Detroit Pistons,MIL@DET
2018-19,2019-04-20,playoffs,Philadelphia 76ers,Brooklyn Nets,PHI@BKN
2018-19,2019-04-21,playoffs,Boston Celtics,Indiana Pacers,BOS@IND
2018-19,2019-04-21,playoffs,Golden State Warriors,LA Clippers,GSW@LAC
2018-19,2019-04-21,playoffs,Portland Trail Blazers,Oklahoma City Thunder,POR@OKC
2018-19,2019-04-21,playoffs,Toronto Raptors,Orlando Magic,TOR@ORL
2018-19,2019-04-22,playoffs,Houston Rockets,Utah Jazz,HOU@UTA
2018-19,2019-04-22,playoffs,Milwaukee Bucks,Detroit Pistons,MIL@DET
2018-19,2019-04-23,playoffs,Brooklyn Nets,Philadelphia 76ers,BKN@PHI
2018-19,2019-04-23,playoffs,Oklahoma City Thunder,Portland Trail Blazers,OKC@POR
2018-19,2019-04-23,playoffs,Orlando Magic,Toronto Raptors,ORL@TOR
2018-19,2019-04-23,playoffs,San Antonio Spurs,Denver Nuggets,SAS@DEN
2018-19,2019-04-24,playoffs,LA Clippers,Golden State Warriors,LAC@GSW
2018-19,2019-04-24,playoffs,Utah Jazz,Houston Rockets,UTA@HOU
2018-19,2019-04-25,playoffs,Denver Nuggets,San Antonio Spurs,DEN@SAS
2018-19,2019-04-26,playoffs,Golden State Warriors,LA Clippers,GSW@LAC
2018-19,2019-04-27,playoffs,Philadelphia 76ers,Toronto Raptors,PHI@TOR
2018-19,2019-04-27,playoffs,San Antonio Spurs,Denver Nuggets,SAS@DEN
2018-19,2019-04-28,playoffs,Boston Celtics,Milwaukee Bucks,BOS@MIL
2018-19,2019-04-28,playoffs,Houston Rockets,Golden State Warriors,HOU@GSW
2018-19,2019-04-29,playoffs,Philadelphia 76ers,Toronto Raptors,PHI@TOR
2018-19,2019-04-29,playoffs,Portland Trail Blazers,Denver Nuggets,POR@DEN
2018-19,2019-04-30,playoffs,Boston Celtics,Milwaukee Bucks,BOS@MIL
2018-19,2019-04-30,playoffs,Houston Rockets,Golden State Warriors,HOU@GSW
2018-19,2019-05-01,playoffs,Portland Trail Blazers,Denver Nuggets,POR@DEN
2018-19,2019-05-02,playoffs,Toronto Raptors,Philadelphia 76ers,TOR@PHI
2018-19,2019-05-03,playoffs,Denver Nuggets,Portland Trail Blazers,DEN@POR
2018-19,2019-05-03,playoffs,Milwaukee Bucks,Boston Celtics,MIL@BOS
2018-19,2019-05-04,playoffs,Golden State Warriors,Houston Rockets,GSW@HOU
2018-19,2019-05-05,playoffs,Denver Nuggets,Portland Trail Blazers,DEN@POR
2018-19,2019-05-05,playoffs,Toronto Raptors,Philadelphia 76ers,TOR@PHI
2018-19,2019-05-06,playoffs,Golden State Warriors,Houston Rockets,GSW@HOU
2018-19,2019-05-06,playoffs,Milwaukee Bucks,Boston Celtics,MIL@BOS
2018-19,2019-05-07,playoffs,Philadelphia 76ers,Toronto Raptors,PHI@TOR
2018-19,2019-05-07,playoffs,Portland Trail Blazers,Denver Nuggets,POR@DEN
2018-19,2019-05-08,playoffs,Boston Celtics,Milwaukee Bucks,BOS@MIL
2018-19,2019-05-08,playoffs,Houston Rockets,Golden State Warriors,HOU@GSW
2018-19,2019-05-09,playoffs,Denver Nuggets,Portland Trail Blazers,DEN@POR
2018-19,2019-05-09,playoffs,Toronto Raptors,Philadelphia 76ers,TOR@PHI
2018-19,2019-05-10,playoffs,Golden State Warriors,Houston Rockets,GSW@HOU
2018-19,2019-05-12,playoffs,Philadelphia 76ers,Toronto Raptors,PHI@TOR
2018-19,2019-05-12,playoffs,Portland Trail Blazers,Denver Nuggets,POR@DEN
2018-19,2019-05-14,playoffs,Portland Trail Blazers,Golden State Warriors,POR@GSW
2018-19,2019-05-15,playoffs,Toronto Raptors,Milwaukee Bucks,TOR@MIL
2018-19,2019-05-16,playoffs,Portland Trail Blazers,Golden State Warriors,POR@GSW
2018-19,2019-05-17,playoffs,Toronto Raptors,Milwaukee Bucks,TOR@MIL
2018-19,2019-05-18,playoffs,Golden State Warriors,Portland Trail Blazers,GSW@POR
2018-19,2019-05-19,playoffs,Milwaukee Bucks,Toronto Raptors,MIL@TOR
2018-19,2019-05-20,playoffs,Golden State Warriors,Portland Trail Blazers,GSW@POR
2018-19,2019-05-21,playoffs,Milwaukee Bucks,Toronto Raptors,MIL@TOR
2018-19,2019-05-23,playoffs,Toronto Raptors,Milwaukee Bucks,TOR@MIL
2018-19,2019-05-25,playoffs,Milwaukee Bucks,Toronto Raptors,MIL@TOR
2018-19,2019-05-30,playoffs,Golden State Warriors,Toronto Raptors,GSW@TOR
2018-19,2019-06-02,playoffs,Golden State Warriors,Toronto Raptors,GSW@TOR
2018-19,2019-06-05,playoffs,Toronto Raptors,Golden State Warriors,TOR@GSW
2018-19,2019-06-07,playoffs,Toronto Raptors,Golden State Warriors,TOR@GSW
2018-19,2019-06-10,playoffs,Golden State Warriors,Toronto Raptors,GSW@TOR
2018-19,2019-06-13,playoffs,Toronto Raptors,Golden State Warriors,TOR@GSW
2019-20,2019-10-04,preseason,Houston Rockets,LA Clippers,HOU@LAC
2019-20,2019-10-04,preseason,Indiana Pacers,Sacramento Kings,IND@SAC
2019-20,2019-10-05,preseason,Los Angeles Lakers,Golden State Warriors,LAL@GSW
2019-20,2019-10-05,preseason,Orlando Magic,San Antonio Spurs,ORL@SAS
2019-20,2019-10-05,preseason,Sacramento Kings,Indiana Pacers,SAC@IND
2019-20,2019-10-06,preseason,Charlotte Hornets,Boston Celtics,CHA@BOS
2019-20,2019-10-07,preseason,Milwaukee Bucks,Chicago Bulls,MIL@CHI
2019-20,2019-10-07,preseason,New Orleans Pelicans,Atlanta Hawks,NOP@ATL
2019-20,2019-10-07,preseason,New York Knicks,Washington Wizards,NYK@WAS
2019-20,2019-10-07,preseason,Orlando Magic,Detroit Pistons,ORL@DET
2019-20,2019-10-08,preseason,Dallas Mavericks,Oklahoma City Thunder,DAL@OKC
2019-20,2019-10-08,preseason,Denver Nuggets,Portland Trail Blazers,DEN@POR
2019-20,2019-10-08,preseason,Houston Rockets,Toronto Raptors,HOU@TOR
2019-20,2019-10-08,preseason,Minnesota Timberwolves,Phoenix Suns,MIN@PHX
2019-20,2019-10-08,preseason,San Antonio Spurs,Miami Heat,SAS@MIA
2019-20,2019-10-09,preseason,Dallas Mavericks,Detroit Pistons,DAL@DET
2019-20,2019-10-09,preseason,Miami Heat,Charlotte Hornets,MIA@CHA
2019-20,2019-10-09,preseason,New Orleans Pelicans,Chicago Bulls,NOP@CHI
2019-20,2019-10-09,preseason,Orlando Magic,Atlanta Hawks,ORL@ATL
2019-20,2019-10-09,preseason,Utah Jazz,Milwaukee Bucks,UTA@MIL
2019-20,2019-10-10,preseason,Brooklyn Nets,Los Angeles Lakers,BKN@LAL
2019-20,2019-10-10,preseason,Denver Nuggets,LA Clippers,DEN@LAC
2019-20,2019-10-10,preseason,Minnesota Timberwolves,Golden State Warriors,MIN@GSW
2019-20,2019-10-10,preseason,Phoenix Suns,Sacramento Kings,PHX@SAC
2019-20,2019-10-10,preseason,Toronto Raptors,Houston Rockets,TOR@HOU
2019-20,2019-10-11,preseason,Boston Celtics,Orlando Magic,BOS@ORL
2019-20,2019-10-11,preseason,Chicago Bulls,Indiana Pacers,CHI@IND
2019-20,2019-10-11,preseason,Cleveland Cavaliers,Detroit Pistons,CLE@DET
2019-20,2019-10-11,preseason,Milwaukee Bucks,Dallas Mavericks,MIL@DAL
2019-20,2019-10-11,preseason,Philadelphia 76ers,Charlotte Hornets,PHI@CHA
2019-20,2019-10-11,preseason,Utah Jazz,New Orleans Pelicans,UTA@NOP
2019-20,2019-10-11,preseason,Washington Wizards,New York Knicks,WAS@NYK
2019-20,2019-10-12,preseason,Los Angeles Lakers,Brooklyn Nets,LAL@BKN
2019-20,2019-10-12,preseason,Phoenix Suns,Portland Trail Blazers,PHX@POR
2019-20,2019-10-13,preseason,Chicago Bulls,Toronto Raptors,CHI@TOR
2019-20,2019-10-13,preseason,Cleveland Cavaliers,Boston Celtics,CLE@BOS
2019-20,2019-10-13,preseason,Milwaukee Bucks,Washington Wizards,MIL@WAS
2019-20,2019-10-13,preseason,New Orleans Pelicans,San Antonio Spurs,NOP@SAS
2019-20,2019-10-13,preseason,Philadelphia 76ers,Orlando Magic,PHI@ORL
2019-20,2019-10-14,preseason,Atlanta Hawks,Miami Heat,ATL@MIA
2019-20,2019-10-14,preseason,Charlotte Hornets,Memphis Grizzlies,CHA@MEM
2019-20,2019-10-14,preseason,Denver Nuggets,Phoenix Suns,DEN@PHX
2019-20,2019-10-14,preseason,Golden State Warriors,Los Angeles Lakers,GSW@LAL
2019-20,2019-10-14,preseason,Oklahoma City Thunder,Dallas Mavericks,OKC@DAL
2019-20,2019-10-14,preseason,Sacramento Kings,Utah Jazz,SAC@UTA
2019-20,2019-10-15,preseason,Boston Celtics,Cleveland Cavaliers,BOS@CLE
2019-20,2019-10-15,preseason,Detroit Pistons,Philadelphia 76ers,DET@PHI
2019-20,2019-10-15,preseason,Minnesota Timberwolves,Indiana Pacers,MIN@IND
2019-20,2019-10-16,preseason,Atlanta Hawks,New York Knicks,ATL@NYK
2019-20,2019-10-16,preseason,Detroit Pistons,Charlotte Hornets,DET@CHA
2019-20,2019-10-16,preseason,Golden State Warriors,Los Angeles Lakers,GSW@LAL
2019-20,2019-10-16,preseason,Memphis Grizzlies,Oklahoma City Thunder,MEM@OKC
2019-20,2019-10-16,preseason,Portland Trail Blazers,Utah Jazz,POR@UTA
2019-20,2019-10-16,preseason,San Antonio Spurs,Houston Rockets,SAS@HOU
2019-20,2019-10-17,preseason,Atlanta Hawks,Chicago Bulls,ATL@CHI
2019-20,2019-10-17,preseason,Dallas Mavericks,LA Clippers,DAL@LAC
2019-20,2019-10-17,preseason,Miami Heat,Orlando Magic,MIA@ORL
2019-20,2019-10-17,preseason,Minnesota Timberwolves,Milwaukee Bucks,MIN@MIL
2019-20,2019-10-17,preseason,Portland Trail Blazers,Denver Nuggets,POR@DEN
2019-20,2019-10-18,preseason,Houston Rockets,Miami Heat,HOU@MIA
2019-20,2019-10-18,preseason,Los Angeles Lakers,Golden State Warriors,LAL@GSW
2019-20,2019-10-18,preseason,Memphis Grizzlies,San Antonio Spurs,MEM@SAS
2019-20,2019-10-18,preseason,New Orleans Pelicans,New York Knicks,NOP@NYK
2019-20,2019-10-18,preseason,Toronto Raptors,Brooklyn Nets,TOR@BKN
2019-20,2019-10-18,preseason,Washington Wizards,Philadelphia 76ers,WAS@PHI
2019-20,2019-10-22,regular,Los Angeles Lakers,LA Clippers,LAL@LAC
2019-20,2019-10-22,regular,New Orleans Pelicans,Toronto Raptors,NOP@TOR
2019-20,2019-10-23,regular,Boston Celtics,Philadelphia 76ers,BOS@PHI
2019-20,2019-10-23,regular,Chicago Bulls,Charlotte Hornets,CHI@CHA
2019-20,2019-10-23,regular,Cleveland Cavaliers,Orlando Magic,CLE@ORL
2019-20,2019-10-23,regular,Denver Nuggets,Portland Trail Blazers,DEN@POR
2019-20,2019-10-23,regular,Detroit Pistons,Indiana Pacers,DET@IND
2019-20,2019-10-23,regular,Memphis Grizzlies,Miami Heat,MEM@MIA
2019-20,2019-10-23,regular,Minnesota Timberwolves,Brooklyn Nets,MIN@BKN
2019-20,2019-10-23,regular,New York Knicks,San Antonio Spurs,NYK@SAS
2019-20,2019-10-23,regular,Oklahoma City Thunder,Utah Jazz,OKC@UTA
2019-20,2019-10-23,regular,Sacramento Kings,Phoenix Suns,SAC@PHX
2019-20,2019-10-23,regular,Washington Wizards,Dallas Mavericks,WAS@DAL
2019-20,2019-10-24,regular,Atlanta Hawks,Detroit Pistons,ATL@DET
2019-20,2019-10-24,regular,LA Clippers,Golden State Warriors,LAC@GSW
2019-20,2019-10-24,regular,Milwaukee Bucks,Houston Rockets,MIL@HOU
2019-20,2019-10-25,regular,Chicago Bulls,Memphis Grizzlies,CHI@MEM
2019-20,2019-10-25,regular,Dallas Mavericks,New Orleans Pelicans,DAL@NOP
2019-20,2019-10-25,regular,Minnesota Timberwolves,Charlotte Hornets,MIN@CHA
2019-20,2019-10-25,regular,New York Knicks,Brooklyn Nets,NYK@BKN
2019-20,2019-10-25,regular,Phoenix Suns,Denver Nuggets,PHX@DEN
2019-20,2019-10-25,regular,Portland Trail Blazers,Sacramento Kings,POR@SAC
2019-20,2019-10-25,regular,Toronto Raptors,Boston Celtics,TOR@BOS
2019-20,2019-10-25,regular,Utah Jazz,Los Angeles Lakers,UTA@LAL
2019-20,2019-10-25,regular,Washington Wizards,Oklahoma City Thunder,WAS@OKC
2019-20,2019-10-26,regular,Boston Celtics,New York Knicks,BOS@NYK
2019-20,2019-10-26,regular,Indiana Pacers,Cleveland Cavaliers,IND@CLE
2019-20,2019-10-26,regular,LA Clippers,Phoenix Suns,LAC@PHX
2019-20,2019-10-26,regular,Miami Heat,Milwaukee Bucks,MIA@MIL
2019-20,2019-10-26,regular,New Orleans Pelicans,Houston Rockets,NOP@HOU
2019-20,2019-10-26,regular,Orlando Magic,Atlanta Hawks,ORL@ATL
2019-20,2019-10-26,regular,Philadelphia 76ers,Detroit Pistons,PHI@DET
2019-20,2019-10-26,regular,Sacramento Kings,Utah Jazz,SAC@UTA
2019-20,2019-10-26,regular,Toronto Raptors,Chicago Bulls,TOR@CHI
2019-20,2019-10-26,regular,Washington Wizards,San Antonio Spurs,WAS@SAS
2019-20,2019-10-27,regular,Brooklyn Nets,Memphis Grizzlies,BKN@MEM
2019-20,2019-10-27,regular,Charlotte Hornets,Los Angeles Lakers,CHA@LAL
2019-20,2019-10-27,regular,Golden State Warriors,Oklahoma City Thunder,GSW@OKC
2019-20,2019-10-27,regular,Miami Heat,Minnesota Timberwolves,MIA@MIN
2019-20,2019-10-27,regular,Portland Trail Blazers,Dallas Mavericks,POR@DAL
2019-20,2019-10-28,regular,Charlotte Hornets,LA Clippers,CHA@LAC
2019-20,2019-10-28,regular,Chicago Bulls,New York Knicks,CHI@NYK
2019-20,2019-10-28,regular,Cleveland Cavaliers,Milwaukee Bucks,CLE@MIL
2019-20,2019-10-28,regular,Denver Nuggets,Sacramento Kings,DEN@SAC
2019-20,2019-10-28,regular,Golden State Warriors,New Orleans Pelicans,GSW@NOP
2019-20,2019-10-28,regular,Indiana Pacers,Detroit Pistons,IND@DET
2019-20,2019-10-28,regular,Oklahoma City Thunder,Houston Rockets,OKC@HOU
2019-20,2019-10-28,regular,Orlando Magic,Toronto Raptors,ORL@TOR
2019-20,2019-10-28,regular,Philadelphia 76ers,Atlanta Hawks,PHI@ATL
2019-20,2019-10-28,regular,Portland Trail Blazers,San Antonio Spurs,POR@SAS
2019-20,2019-10-28,regular,Utah Jazz,Phoenix Suns,UTA@PHX
2019-20,2019-10-29,regular,Atlanta Hawks,Miami Heat,ATL@MIA
2019-20,2019-10-29,regular,Dallas Mavericks,Denver Nuggets,DAL@DEN
2019-20,2019-10-29,regular,Memphis Grizzlies,Los Angeles Lakers,MEM@LAL
2019-20,2019-10-30,regular,Charlotte Hornets,Sacramento Kings,CHA@SAC
2019-20,2019-10-30,regular,Chicago Bulls,Cleveland Cavaliers,CHI@CLE
2019-20,2019-10-30,regular,Detroit Pistons,Toronto Raptors,DET@TOR
2019-20,2019-10-30,regular,Houston Rockets,Washington Wizards,HOU@WAS
2019-20,2019-10-30,regular,Indiana Pacers,Brooklyn Nets,IND@BKN
2019-20,2019-10-30,regular,LA Clippers,Utah Jazz,LAC@UTA
2019-20,2019-10-30,regular,Milwaukee Bucks,Boston Celtics,MIL@BOS
2019-20,2019-10-30,regular,Minnesota Timberwolves,Philadelphia 76ers,MIN@PHI
2019-20,2019-10-30,regular,New York Knicks,Orlando Magic,NYK@ORL
2019-20,2019-10-30,regular,Phoenix Suns,Golden State Warriors,PHX@GSW
2019-20,2019-10-30,regular,Portland Trail Blazers,Oklahoma City Thunder,POR@OKC
2019-20,2019-10-31,regular,Denver Nuggets,New Orleans Pelicans,DEN@NOP
2019-20,2019-10-31,regular,Miami Heat,Atlanta Hawks,MIA@ATL
2019-20,2019-10-31,regular,San Antonio Spurs,LA Clippers,SAS@LAC
2019-20,2019-11-01,regular,Cleveland Cavaliers,Indiana Pacers,CLE@IND
2019-20,2019-11-01,regular,Detroit Pistons,Chicago Bulls,DET@CHI
2019-20,2019-11-01,regular,Houston Rockets,Brooklyn Nets,HOU@BKN
2019-20,2019-11-01,regular,Los Angeles Lakers,Dallas Mavericks,LAL@DAL
2019-20,2019-11-01,regular,Milwaukee Bucks,Orlando Magic,MIL@ORL
2019-20,2019-11-01,regular,New York Knicks,Boston Celtics,NYK@BOS
2019-20,2019-11-01,regular,San Antonio Spurs,Golden State Warriors,SAS@GSW
2019-20,2019-11-01,regular,Utah Jazz,Sacramento Kings,UTA@SAC
2019-20,2019-11-02,regular,Brooklyn Nets,Detroit Pistons,BKN@DET
2019-20,2019-11-02,regular,Charlotte Hornets,Golden State Warriors,CHA@GSW
2019-20,2019-11-02,regular,Denver Nuggets,Orlando Magic,DEN@ORL
2019-20,2019-11-02,regular,Minnesota Timberwolves,Washington Wizards,MIN@WAS
2019-20,2019-11-02,regular,New Orleans Pelicans,Oklahoma City Thunder,NOP@OKC
2019-20,2019-11-02,regular,Philadelphia 76ers,Portland Trail Blazers,PHI@POR
2019-20,2019-11-02,regular,Phoenix Suns,Memphis Grizzlies,PHX@MEM
2019-20,2019-11-02,regular,Toronto Raptors,Milwaukee Bucks,TOR@MIL
2019-20,2019-11-03,regular,Chicago Bulls,Indiana Pacers,CHI@IND
2019-20,2019-11-03,regular,Dallas Mavericks,Cleveland Cavaliers,DAL@CLE
2019-20,2019-11-03,regular,Houston Rockets,Miami Heat,HOU@MIA
2019-20,2019-11-03,regular,Los Angeles Lakers,San Antonio Spurs,LAL@SAS
2019-20,2019-11-03,regular,Sacramento Kings,New York Knicks,SAC@NYK
2019-20,2019-11-03,regular,Utah Jazz,LA Clippers,UTA@LAC
2019-20,2019-11-04,regular,Detroit Pistons,Washington Wizards,DET@WAS
2019-20,2019-11-04,regular,Houston Rockets,Memphis Grizzlies,HOU@MEM
2019-20,2019-11-04,regular,Milwaukee Bucks,Minnesota Timberwolves,MIL@MIN
2019-20,2019-11-04,regular,New Orleans Pelicans,Brooklyn Nets,NOP@BKN
2019-20,2019-11-04,regular,Philadelphia 76ers,Phoenix Suns,PHI@PHX
2019-20,2019-11-04,regular,Portland Trail Blazers,Golden State Warriors,POR@GSW
2019-20,2019-11-05,regular,Boston Celtics,Cleveland Cavaliers,BOS@CLE
2019-20,2019-11-05,regular,Indiana Pacers,Charlotte Hornets,IND@CHA
2019-20,2019-11-05,regular,Los Angeles Lakers,Chicago Bulls,LAL@CHI
2019-20,2019-11-05,regular,Miami Heat,Denver Nuggets,MIA@DEN
2019-20,2019-11-05,regular,Orlando Magic,Oklahoma City Thunder,ORL@OKC
2019-20,2019-11-05,regular,San Antonio Spurs,Atlanta Hawks,SAS@ATL
2019-20,2019-11-06,regular,Chicago Bulls,Atlanta Hawks,CHI@ATL
2019-20,2019-11-06,regular,Golden State Warriors,Houston Rockets,GSW@HOU
2019-20,2019-11-06,regular,Milwaukee Bucks,LA Clippers,MIL@LAC
2019-20,2019-11-06,regular,Minnesota Timberwolves,Memphis Grizzlies,MIN@MEM
2019-20,2019-11-06,regular,New York Knicks,Detroit Pistons,NYK@DET
2019-20,2019-11-06,regular,Orlando Magic,Dallas Mavericks,ORL@DAL
2019-20,2019-11-06,regular,Philadelphia 76ers,Utah Jazz,PHI@UTA
2019-20,2019-11-06,regular,Sacramento Kings,Toronto Raptors,SAC@TOR
2019-20,2019-11-06,regular,Washington Wizards,Indiana Pacers,WAS@IND
2019-20,2019-11-07,regular,Boston Celtics,Charlotte Hornets,BOS@CHA
2019-20,2019-11-07,regular,Miami Heat,Phoenix Suns,MIA@PHX
2019-20,2019-11-07,regular,Oklahoma City Thunder,San Antonio Spurs,OKC@SAS
2019-20,2019-11-07,regular,Portland Trail Blazers,LA Clippers,POR@LAC
2019-20,2019-11-08,regular,Brooklyn Nets,Portland Trail Blazers,BKN@POR
2019-20,2019-11-08,regular,Cleveland Cavaliers,Washington Wizards,CLE@WAS
2019-20,2019-11-08,regular,Detroit Pistons,Indiana Pacers,DET@IND
2019-20,2019-11-08,regular,Golden State Warriors,Minnesota Timberwolves,GSW@MIN
2019-20,2019-11-08,regular,Memphis Grizzlies,Orlando Magic,MEM@ORL
2019-20,2019-11-08,regular,Miami Heat,Los Angeles Lakers,MIA@LAL
2019-20,2019-11-08,regular,Milwaukee Bucks,Utah Jazz,MIL@UTA
2019-20,2019-11-08,regular,New York Knicks,Dallas Mavericks,NYK@DAL
2019-20,2019-11-08,regular,Philadelphia 76ers,Denver Nuggets,PHI@DEN
2019-20,2019-11-08,regular,Sacramento Kings,Atlanta Hawks,SAC@ATL
2019-20,2019-11-08,regular,Toronto Raptors,New Orleans Pelicans,TOR@NOP
2019-20,2019-11-09,regular,Boston Celtics,San Antonio Spurs,BOS@SAS
2019-20,2019-11-09,regular,Dallas Mavericks,Memphis Grizzlies,DAL@MEM
2019-20,2019-11-09,regular,Golden State Warriors,Oklahoma City Thunder,GSW@OKC
2019-20,2019-11-09,regular,Houston Rockets,Chicago Bulls,HOU@CHI
2019-20,2019-11-09,regular,New Orleans Pelicans,Charlotte Hornets,NOP@CHA
2019-20,2019-11-10,regular,Atlanta Hawks,Portland Trail Blazers,ATL@POR
2019-20,2019-11-10,regular,Brooklyn Nets,Phoenix Suns,BKN@PHX
2019-20,2019-11-10,regular,Charlotte Hornets,Philadelphia 76ers,CHA@PHI
2019-20,2019-11-10,regular,Cleveland Cavaliers,New York Knicks,CLE@NYK
2019-20,2019-11-10,regular,Denver Nuggets,Minnesota Timberwolves,DEN@MIN
2019-20,2019-11-10,regular,Indiana Pacers,Orlando Magic,IND@ORL
2019-20,2019-11-10,regular,Milwaukee Bucks,Oklahoma City Thunder,MIL@OKC
2019-20,2019-11-10,regular,Toronto Raptors,Los Angeles Lakers,TOR@LAL
2019-20,2019-11-11,regular,Dallas Mavericks,Boston Celtics,DAL@BOS
2019-20,2019-11-11,regular,Houston Rockets,New Orleans Pelicans,HOU@NOP
2019-20,2019-11-11,regular,Memphis Grizzlies,San Antonio Spurs,MEM@SAS
2019-20,2019-11-11,regular,Minnesota Timberwolves,Detroit Pistons,MIN@DET
2019-20,2019-11-11,regular,Toronto Raptors,LA Clippers,TOR@LAC
2019-20,2019-11-11,regular,Utah Jazz,Golden State Warriors,UTA@GSW
2019-20,2019-11-12,regular,Atlanta Hawks,Denver Nuggets,ATL@DEN
2019-20,2019-11-12,regular,Brooklyn Nets,Utah Jazz,BKN@UTA
2019-20,2019-11-12,regular,Cleveland Cavaliers,Philadelphia 76ers,CLE@PHI
2019-20,2019-11-12,regular,Detroit Pistons,Miami Heat,DET@MIA
2019-20,2019-11-12,regular,Los Angeles Lakers,Phoenix Suns,LAL@PHX
2019-20,2019-11-12,regular,New York Knicks,Chicago Bulls,NYK@CHI
2019-20,2019-11-12,regular,Oklahoma City Thunder,Indiana Pacers,OKC@IND
2019-20,2019-11-12,regular,Portland Trail Blazers,Sacramento Kings,POR@SAC
2019-20,2019-11-13,regular,Golden State Warriors,Los Angeles Lakers,GSW@LAL
2019-20,2019-11-13,regular,LA Clippers,Houston Rockets,LAC@HOU
2019-20,2019-11-13,regular,Memphis Grizzlies,Charlotte Hornets,MEM@CHA
2019-20,2019-11-13,regular,Philadelphia 76ers,Orlando Magic,PHI@ORL
2019-20,2019-11-13,regular,San Antonio Spurs,Minnesota Timberwolves,SAS@MIN
2019-20,2019-11-13,regular,Toronto Raptors,Portland Trail Blazers,TOR@POR
2019-20,2019-11-13,regular,Washington Wizards,Boston Celtics,WAS@BOS
2019-20,2019-11-14,regular,Atlanta Hawks,Phoenix Suns,ATL@PHX
2019-20,2019-11-14,regular,Brooklyn Nets,Denver Nuggets,BKN@DEN
2019-20,2019-11-14,regular,Chicago Bulls,Milwaukee Bucks,CHI@MIL
2019-20,2019-11-14,regular,Dallas Mavericks,New York Knicks,DAL@NYK
2019-20,2019-11-14,regular,LA Clippers,New Orleans Pelicans,LAC@NOP
2019-20,2019-11-14,regular,Miami Heat,Cleveland Cavaliers,MIA@CLE
2019-20,2019-11-15,regular,Boston Celtics,Golden State Warriors,BOS@GSW
2019-20,2019-11-15,regular,Detroit Pistons,Charlotte Hornets,DET@CHA
2019-20,2019-11-15,regular,Indiana Pacers,Houston Rockets,IND@HOU
2019-20,2019-11-15,regular,Philadelphia 76ers,Oklahoma City Thunder,PHI@OKC
2019-20,2019-11-15,regular,Sacramento Kings,Los Angeles Lakers,SAC@LAL
2019-20,2019-11-15,regular,San Antonio Spurs,Orlando Magic,SAS@ORL
2019-20,2019-11-15,regular,Utah Jazz,Memphis Grizzlies,UTA@MEM
2019-20,2019-11-15,regular,Washington Wizards,Minnesota Timberwolves,WAS@MIN
2019-20,2019-11-16,regular,Atlanta Hawks,LA Clippers,ATL@LAC
2019-20,2019-11-16,regular,Brooklyn Nets,Chicago Bulls,BKN@CHI
2019-20,2019-11-16,regular,Charlotte Hornets,New York Knicks,CHA@NYK
2019-20,2019-11-16,regular,Houston Rockets,Minnesota Timberwolves,HOU@MIN
2019-20,2019-11-16,regular,Milwaukee Bucks,Indiana Pacers,MIL@IND
2019-20,2019-11-16,regular,New Orleans Pelicans,Miami Heat,NOP@MIA
2019-20,2019-11-16,regular,Portland Trail Blazers,San Antonio Spurs,POR@SAS
2019-20,2019-11-16,regular,Toronto Raptors,Dallas Mavericks,TOR@DAL
2019-20,2019-11-17,regular,Atlanta Hawks,Los Angeles Lakers,ATL@LAL
2019-20,2019-11-17,regular,Boston Celtics,Sacramento Kings,BOS@SAC
2019-20,2019-11-17,regular,Denver Nuggets,Memphis Grizzlies,DEN@MEM
2019-20,2019-11-17,regular,Golden State Warriors,New Orleans Pelicans,GSW@NOP
2019-20,2019-11-17,regular,Philadelphia 76ers,Cleveland Cavaliers,PHI@CLE
2019-20,2019-11-17,regular,Washington Wizards,Orlando Magic,WAS@ORL
2019-20,2019-11-18,regular,Boston Celtics,Phoenix Suns,BOS@PHX
2019-20,2019-11-18,regular,Charlotte Hornets,Toronto Raptors,CHA@TOR
2019-20,2019-11-18,regular,Cleveland Cavaliers,New York Knicks,CLE@NYK
2019-20,2019-11-18,regular,Indiana Pacers,Brooklyn Nets,IND@BKN
2019-20,2019-11-18,regular,Milwaukee Bucks,Chicago Bulls,MIL@CHI
2019-20,2019-11-18,regular,Minnesota Timberwolves,Utah Jazz,MIN@UTA
2019-20,2019-11-18,regular,Oklahoma City Thunder,LA Clippers,OKC@LAC
2019-20,2019-11-18,regular,Portland Trail Blazers,Houston Rockets,POR@HOU
2019-20,2019-11-18,regular,San Antonio Spurs,Dallas Mavericks,SAS@DAL
2019-20,2019-11-19,regular,Golden State Warriors,Memphis Grizzlies,GSW@MEM
2019-20,2019-11-19,regular,Oklahoma City Thunder,Los Angeles Lakers,OKC@LAL
2019-20,2019-11-19,regular,Phoenix Suns,Sacramento Kings,PHX@SAC
2019-20,2019-11-19,regular,Portland Trail Blazers,New Orleans Pelicans,POR@NOP
2019-20,2019-11-20,regular,Boston Celtics,LA Clippers,BOS@LAC
2019-20,2019-11-20,regular,Charlotte Hornets,Brooklyn Nets,CHA@BKN
2019-20,2019-11-20,regular,Cleveland Cavaliers,Miami Heat,CLE@MIA
2019-20,2019-11-20,regular,Detroit Pistons,Chicago Bulls,DET@CHI
2019-20,2019-11-20,regular,Golden State Warriors,Dallas Mavericks,GSW@DAL
2019-20,2019-11-20,regular,Houston Rockets,Denver Nuggets,HOU@DEN
2019-20,2019-11-20,regular,Milwaukee Bucks,Atlanta Hawks,MIL@ATL
2019-20,2019-11-20,regular,New York Knicks,Philadelphia 76ers,NYK@PHI
2019-20,2019-11-20,regular,Orlando Magic,Toronto Raptors,ORL@TOR
2019-20,2019-11-20,regular,San Antonio Spurs,Washington Wizards,SAS@WAS
2019-20,2019-11-20,regular,Utah Jazz,Minnesota Timberwolves,UTA@MIN
2019-20,2019-11-21,regular,New Orleans Pelicans,Phoenix Suns,NOP@PHX
2019-20,2019-11-21,regular,Portland Trail Blazers,Milwaukee Bucks,POR@MIL
2019-20,2019-11-22,regular,Atlanta Hawks,Detroit Pistons,ATL@DET
2019-20,2019-11-22,regular,Boston Celtics,Denver Nuggets,BOS@DEN
2019-20,2019-11-22,regular,Charlotte Hornets,Washington Wizards,CHA@WAS
2019-20,2019-11-22,regular,Cleveland Cavaliers,Dallas Mavericks,CLE@DAL
2019-20,2019-11-22,regular,Golden State Warriors,Utah Jazz,GSW@UTA
2019-20,2019-11-22,regular,Houston Rockets,LA Clippers,HOU@LAC
2019-20,2019-11-22,regular,Los Angeles Lakers,Oklahoma City Thunder,LAL@OKC
2019-20,2019-11-22,regular,Miami Heat,Chicago Bulls,MIA@CHI
2019-20,2019-11-22,regular,Sacramento Kings,Brooklyn Nets,SAC@BKN
2019-20,2019-11-22,regular,San Antonio Spurs,Philadelphia 76ers,SAS@PHI
2019-20,2019-11-23,regular,Chicago Bulls,Charlotte Hornets,CHI@CHA
2019-20,2019-11-23,regular,Detroit Pistons,Milwaukee Bucks,DET@MIL
2019-20,2019-11-23,regular,Los Angeles Lakers,Memphis Grizzlies,LAL@MEM
2019-20,2019-11-23,regular,Miami Heat,Philadelphia 76ers,MIA@PHI
2019-20,2019-11-23,regular,New Orleans Pelicans,Utah Jazz,NOP@UTA
2019-20,2019-11-23,regular,Orlando Magic,Indiana Pacers,ORL@IND
2019-20,2019-11-23,regular,Phoenix Suns,Minnesota Timberwolves,PHX@MIN
2019-20,2019-11-23,regular,Portland Trail Blazers,Cleveland Cavaliers,POR@CLE
2019-20,2019-11-23,regular,San Antonio Spurs,New York Knicks,SAS@NYK
2019-20,2019-11-23,regular,Toronto Raptors,Atlanta Hawks,TOR@ATL
2019-20,2019-11-24,regular,Brooklyn Nets,New York Knicks,BKN@NYK
2019-20,2019-11-24,regular,Dallas Mavericks,Houston Rockets,DAL@HOU
2019-20,2019-11-24,regular,New Orleans Pelicans,LA Clippers,NOP@LAC
2019-20,2019-11-24,regular,Phoenix Suns,Denver Nuggets,PHX@DEN
2019-20,2019-11-24,regular,Sacramento Kings,Washington Wizards,SAC@WAS
2019-20,2019-11-25,regular,Brooklyn Nets,Cleveland Cavaliers,BKN@CLE
2019-20,2019-11-25,regular,Charlotte Hornets,Miami Heat,CHA@MIA
2019-20,2019-11-25,regular,Los Angeles Lakers,San Antonio Spurs,LAL@SAS
2019-20,2019-11-25,regular,Memphis Grizzlies,Indiana Pacers,MEM@IND
2019-20,2019-11-25,regular,Minnesota Timberwolves,Atlanta Hawks,MIN@ATL
2019-20,2019-11-25,regular,Oklahoma City Thunder,Golden State Warriors,OKC@GSW
2019-20,2019-11-25,regular,Orlando Magic,Detroit Pistons,ORL@DET
2019-20,2019-11-25,regular,Philadelphia 76ers,Toronto Raptors,PHI@TOR
2019-20,2019-11-25,regular,Portland Trail Blazers,Chicago Bulls,POR@CHI
2019-20,2019-11-25,regular,Sacramento Kings,Boston Celtics,SAC@BOS
2019-20,2019-11-25,regular,Utah Jazz,Milwaukee Bucks,UTA@MIL
2019-20,2019-11-26,regular,LA Clippers,Dallas Mavericks,LAC@DAL
2019-20,2019-11-26,regular,Washington Wizards,Denver Nuggets,WAS@DEN
2019-20,2019-11-27,regular,Atlanta Hawks,Milwaukee Bucks,ATL@MIL
2019-20,2019-11-27,regular,Brooklyn Nets,Boston Celtics,BKN@BOS
2019-20,2019-11-27,regular,Chicago Bulls,Golden State Warriors,CHI@GSW
2019-20,2019-11-27,regular,Detroit Pistons,Charlotte Hornets,DET@CHA
2019-20,2019-11-27,regular,LA Clippers,Memphis Grizzlies,LAC@MEM
2019-20,2019-11-27,regular,Los Angeles Lakers,New Orleans Pelicans,LAL@NOP
2019-20,2019-11-27,regular,Miami Heat,Houston Rockets,MIA@HOU
2019-20,2019-11-27,regular,Minnesota Timberwolves,San Antonio Spurs,MIN@SAS
2019-20,2019-11-27,regular,New York Knicks,Toronto Raptors,NYK@TOR
2019-20,2019-11-27,regular,Oklahoma City Thunder,Portland Trail Blazers,OKC@POR
2019-20,2019-11-27,regular,Orlando Magic,Cleveland Cavaliers,ORL@CLE
2019-20,2019-11-27,regular,Sacramento Kings,Philadelphia 76ers,SAC@PHI
2019-20,2019-11-27,regular,Utah Jazz,Indiana Pacers,UTA@IND
2019-20,2019-11-27,regular,Washington Wizards,Phoenix Suns,WAS@PHX
2019-20,2019-11-29,regular,Atlanta Hawks,Indiana Pacers,ATL@IND
2019-20,2019-11-29,regular,Boston Celtics,Brooklyn Nets,BOS@BKN
2019-20,2019-11-29,regular,Charlotte Hornets,Detroit Pistons,CHA@DET
2019-20,2019-11-29,regular,Chicago Bulls,Portland Trail Blazers,CHI@POR
2019-20,2019-11-29,regular,Dallas Mavericks,Phoenix Suns,DAL@PHX
2019-20,2019-11-29,regular,Golden State Warriors,Miami Heat,GSW@MIA
2019-20,2019-11-29,regular,LA Clippers,San Antonio Spurs,LAC@SAS
2019-20,2019-11-29,regular,Milwaukee Bucks,Cleveland Cavaliers,MIL@CLE
2019-20,2019-11-29,regular,New Orleans Pelicans,Oklahoma City Thunder,NOP@OKC
2019-20,2019-11-29,regular,Philadelphia 76ers,New York Knicks,PHI@NYK
2019-20,2019-11-29,regular,Toronto Raptors,Orlando Magic,TOR@ORL
2019-20,2019-11-29,regular,Utah Jazz,Memphis Grizzlies,UTA@MEM
2019-20,2019-11-29,regular,Washington Wizards,Los Angeles Lakers,WAS@LAL
2019-20,2019-11-30,regular,Atlanta Hawks,Houston Rockets,ATL@HOU
2019-20,2019-11-30,regular,Charlotte Hornets,Milwaukee Bucks,CHA@MIL
2019-20,2019-11-30,regular,Denver Nuggets,Sacramento Kings,DEN@SAC
2019-20,2019-11-30,regular,Indiana Pacers,Philadelphia 76ers,IND@PHI
2019-20,2019-12-01,regular,Boston Celtics,New York Knicks,BOS@NYK
2019-20,2019-12-01,regular,Dallas Mavericks,Los Angeles Lakers,DAL@LAL
2019-20,2019-12-01,regular,Golden State Warriors,Orlando Magic,GSW@ORL
2019-20,2019-12-01,regular,Memphis Grizzlies,Minnesota Timberwolves,MEM@MIN
2019-20,2019-12-01,regular,Miami Heat,Brooklyn Nets,MIA@BKN
2019-20,2019-12-01,regular,Oklahoma City Thunder,New Orleans Pelicans,OKC@NOP
2019-20,2019-12-01,regular,San Antonio Spurs,Detroit Pistons,SAS@DET
2019-20,2019-12-01,regular,Utah Jazz,Toronto Raptors,UTA@TOR
2019-20,2019-12-01,regular,Washington Wizards,LA Clippers,WAS@LAC
2019-20,2019-12-02,regular,Chicago Bulls,Sacramento Kings,CHI@SAC
2019-20,2019-12-02,regular,Golden State Warriors,Atlanta Hawks,GSW@ATL
2019-20,2019-12-02,regular,Indiana Pacers,Memphis Grizzlies,IND@MEM
2019-20,2019-12-02,regular,New York Knicks,Milwaukee Bucks,NYK@MIL
2019-20,2019-12-02,regular,Phoenix Suns,Charlotte Hornets,PHX@CHA
2019-20,2019-12-02,regular,Utah Jazz,Philadelphia 76ers,UTA@PHI
2019-20,2019-12-03,regular,Dallas Mavericks,New Orleans Pelicans,DAL@NOP
2019-20,2019-12-03,regular,Detroit Pistons,Cleveland Cavaliers,DET@CLE
2019-20,2019-12-03,regular,Houston Rockets,San Antonio Spurs,HOU@SAS
2019-20,2019-12-03,regular,Los Angeles Lakers,Denver Nuggets,LAL@DEN
2019-20,2019-12-03,regular,Miami Heat,Toronto Raptors,MIA@TOR
2019-20,2019-12-03,regular,Orlando Magic,Washington Wizards,ORL@WAS
2019-20,2019-12-03,regular,Portland Trail Blazers,LA Clippers,POR@LAC
2019-20,2019-12-04,regular,Brooklyn Nets,Atlanta Hawks,BKN@ATL
2019-20,2019-12-04,regular,Golden State Warriors,Charlotte Hornets,GSW@CHA
2019-20,2019-12-04,regular,Indiana Pacers,Oklahoma City Thunder,IND@OKC
2019-20,2019-12-04,regular,Los Angeles Lakers,Utah Jazz,LAL@UTA
2019-20,2019-12-04,regular,Memphis Grizzlies,Chicago Bulls,MEM@CHI
2019-20,2019-12-04,regular,Miami Heat,Boston Celtics,MIA@BOS
2019-20,2019-12-04,regular,Milwaukee Bucks,Detroit Pistons,MIL@DET
2019-20,2019-12-04,regular,Minnesota Timberwolves,Dallas Mavericks,MIN@DAL
2019-20,2019-12-04,regular,Phoenix Suns,Orlando Magic,PHX@ORL
2019-20,2019-12-04,regular,Sacramento Kings,Portland Trail Blazers,SAC@POR
2019-20,2019-12-05,regular,Denver Nuggets,New York Knicks,DEN@NYK
2019-20,2019-12-05,regular,Houston Rockets,Toronto Raptors,HOU@TOR
2019-20,2019-12-05,regular,Philadelphia 76ers,Washington Wizards,PHI@WAS
2019-20,2019-12-05,regular,Phoenix Suns,New Orleans Pelicans,PHX@NOP
2019-20,2019-12-06,regular,Brooklyn Nets,Charlotte Hornets,BKN@CHA
2019-20,2019-12-06,regular,Denver Nuggets,Boston Celtics,DEN@BOS
2019-20,2019-12-06,regular,Golden State Warriors,Chicago Bulls,GSW@CHI
2019-20,2019-12-06,regular,Indiana Pacers,Detroit Pistons,IND@DET
2019-20,2019-12-06,regular,LA Clippers,Milwaukee Bucks,LAC@MIL
2019-20,2019-12-06,regular,Los Angeles Lakers,Portland Trail Blazers,LAL@POR
2019-20,2019-12-06,regular,Minnesota Timberwolves,Oklahoma City Thunder,MIN@OKC
2019-20,2019-12-06,regular,Orlando Magic,Cleveland Cavaliers,ORL@CLE
2019-20,2019-12-06,regular,Sacramento Kings,San Antonio Spurs,SAC@SAS
2019-20,2019-12-06,regular,Washington Wizards,Miami Heat,WAS@MIA
2019-20,2019-12-07,regular,Cleveland Cavaliers,Philadelphia 76ers,CLE@PHI
2019-20,2019-12-07,regular,Indiana Pacers,New York Knicks,IND@NYK
2019-20,2019-12-07,regular,Memphis Grizzlies,Utah Jazz,MEM@UTA
2019-20,2019-12-07,regular,New Orleans Pelicans,Dallas Mavericks,NOP@DAL
2019-20,2019-12-07,regular,Phoenix Suns,Houston Rockets,PHX@HOU
2019-20,2019-12-08,regular,Atlanta Hawks,Charlotte Hornets,ATL@CHA
2019-20,2019-12-08,regular,Chicago Bulls,Miami Heat,CHI@MIA
2019-20,2019-12-08,regular,Denver Nuggets,Brooklyn Nets,DEN@BKN
2019-20,2019-12-08,regular,LA Clippers,Washington Wizards,LAC@WAS
2019-20,2019-12-08,regular,Minnesota Timberwolves,Los Angeles Lakers,MIN@LAL
2019-20,2019-12-08,regular,Oklahoma City Thunder,Portland Trail Blazers,OKC@POR
2019-20,2019-12-08,regular,Sacramento Kings,Dallas Mavericks,SAC@DAL
2019-20,2019-12-08,regular,Toronto Raptors,Philadelphia 76ers,TOR@PHI
2019-20,2019-12-09,regular,Cleveland Cavaliers,Boston Celtics,CLE@BOS
2019-20,2019-12-09,regular,Detroit Pistons,New Orleans Pelicans,DET@NOP
2019-20,2019-12-09,regular,LA Clippers,Indiana Pacers,LAC@IND
2019-20,2019-12-09,regular,Memphis Grizzlies,Golden State Warriors,MEM@GSW
2019-20,2019-12-09,regular,Minnesota Timberwolves,Phoenix Suns,MIN@PHX
2019-20,2019-12-09,regular,Oklahoma City Thunder,Utah Jazz,OKC@UTA
2019-20,2019-12-09,regular,Orlando Magic,Milwaukee Bucks,ORL@MIL
2019-20,2019-12-09,regular,Sacramento Kings,Houston Rockets,SAC@HOU
2019-20,2019-12-09,regular,Toronto Raptors,Chicago Bulls,TOR@CHI
2019-20,2019-12-10,regular,Atlanta Hawks,Miami Heat,ATL@MIA
2019-20,2019-12-10,regular,Denver Nuggets,Philadelphia 76ers,DEN@PHI
2019-20,2019-12-10,regular,New York Knicks,Portland Trail Blazers,NYK@POR
2019-20,2019-12-10,regular,Washington Wizards,Charlotte Hornets,WAS@CHA
2019-20,2019-12-11,regular,Atlanta Hawks,Chicago Bulls,ATL@CHI
2019-20,2019-12-11,regular,Boston Celtics,Indiana Pacers,BOS@IND
2019-20,2019-12-11,regular,Charlotte Hornets,Brooklyn Nets,CHA@BKN
2019-20,2019-12-11,regular,Houston Rockets,Cleveland Cavaliers,HOU@CLE
2019-20,2019-12-11,regular,LA Clippers,Toronto Raptors,LAC@TOR
2019-20,2019-12-11,regular,Los Angeles Lakers,Orlando Magic,LAL@ORL
2019-20,2019-12-11,regular,Memphis Grizzlies,Phoenix Suns,MEM@PHX
2019-20,2019-12-11,regular,New Orleans Pelicans,Milwaukee Bucks,NOP@MIL
2019-20,2019-12-11,regular,New York Knicks,Golden State Warriors,NYK@GSW
2019-20,2019-12-11,regular,Oklahoma City Thunder,Sacramento Kings,OKC@SAC
2019-20,2019-12-11,regular,Utah Jazz,Minnesota Timberwolves,UTA@MIN
2019-20,2019-12-12,regular,Cleveland Cavaliers,San Antonio Spurs,CLE@SAS
2019-20,2019-12-12,regular,Dallas Mavericks,Detroit Pistons,DAL@DET
2019-20,2019-12-12,regular,Philadelphia 76ers,Boston Celtics,PHI@BOS
2019-20,2019-12-12,regular,Portland Trail Blazers,Denver Nuggets,POR@DEN
2019-20,2019-12-13,regular,Charlotte Hornets,Chicago Bulls,CHA@CHI
2019-20,2019-12-13,regular,Golden State Warriors,Utah Jazz,GSW@UTA
2019-20,2019-12-13,regular,Houston Rockets,Orlando Magic,HOU@ORL
2019-20,2019-12-13,regular,Indiana Pacers,Atlanta Hawks,IND@ATL
2019-20,2019-12-13,regular,LA Clippers,Minnesota Timberwolves,LAC@MIN
2019-20,2019-12-13,regular,Los Angeles Lakers,Miami Heat,LAL@MIA
2019-20,2019-12-13,regular,Milwaukee Bucks,Memphis Grizzlies,MIL@MEM
2019-20,2019-12-13,regular,New Orleans Pelicans,Philadelphia 76ers,NOP@PHI
2019-20,2019-12-13,regular,New York Knicks,Sacramento Kings,NYK@SAC
2019-20,2019-12-14,regular,Brooklyn Nets,Toronto Raptors,BKN@TOR
2019-20,2019-12-14,regular,Cleveland Cavaliers,Milwaukee Bucks,CLE@MIL
2019-20,2019-12-14,regular,Detroit Pistons,Houston Rockets,DET@HOU
2019-20,2019-12-14,regular,LA Clippers,Chicago Bulls,LAC@CHI
2019-20,2019-12-14,regular,Miami Heat,Dallas Mavericks,MIA@DAL
2019-20,2019-12-14,regular,Oklahoma City Thunder,Denver Nuggets,OKC@DEN
2019-20,2019-12-14,regular,San Antonio Spurs,Phoenix Suns,SAS@PHX
2019-20,2019-12-14,regular,Washington Wizards,Memphis Grizzlies,WAS@MEM
2019-20,2019-12-15,regular,Charlotte Hornets,Indiana Pacers,CHA@IND
2019-20,2019-12-15,regular,Los Angeles Lakers,Atlanta Hawks,LAL@ATL
2019-20,2019-12-15,regular,New York Knicks,Denver Nuggets,NYK@DEN
2019-20,2019-12-15,regular,Orlando Magic,New Orleans Pelicans,ORL@NOP
2019-20,2019-12-15,regular,Philadelphia 76ers,Brooklyn Nets,PHI@BKN
2019-20,2019-12-15,regular,Sacramento Kings,Golden State Warriors,SAC@GSW
2019-20,2019-12-16,regular,Chicago Bulls,Oklahoma City Thunder,CHI@OKC
2019-20,2019-12-16,regular,Cleveland Cavaliers,Toronto Raptors,CLE@TOR
2019-20,2019-12-16,regular,Dallas Mavericks,Milwaukee Bucks,DAL@MIL
2019-20,2019-12-16,regular,Miami Heat,Memphis Grizzlies,MIA@MEM
2019-20,2019-12-16,regular,Portland Trail Blazers,Phoenix Suns,POR@PHX
2019-20,2019-12-16,regular,San Antonio Spurs,Houston Rockets,SAS@HOU
2019-20,2019-12-16,regular,Washington Wizards,Detroit Pistons,WAS@DET
2019-20,2019-12-17,regular,Atlanta Hawks,New York Knicks,ATL@NYK
2019-20,2019-12-17,regular,Brooklyn Nets,New Orleans Pelicans,BKN@NOP
2019-20,2019-12-17,regular,Los Angeles Lakers,Indiana Pacers,LAL@IND
2019-20,2019-12-17,regular,Orlando Magic,Utah Jazz,ORL@UTA
2019-20,2019-12-17,regular,Phoenix Suns,LA Clippers,PHX@LAC
2019-20,2019-12-17,regular,Sacramento Kings,Charlotte Hornets,SAC@CHA
2019-20,2019-12-18,regular,Boston Celtics,Dallas Mavericks,BOS@DAL
2019-20,2019-12-18,regular,Charlotte Hornets,Cleveland Cavaliers,CHA@CLE
2019-20,2019-12-18,regular,Chicago Bulls,Washington Wizards,CHI@WAS
2019-20,2019-12-18,regular,Golden State Warriors,Portland Trail Blazers,GSW@POR
2019-20,2019-12-18,regular,Memphis Grizzlies,Oklahoma City Thunder,MEM@OKC
2019-20,2019-12-18,regular,Miami Heat,Philadelphia 76ers,MIA@PHI
2019-20,2019-12-18,regular,New Orleans Pelicans,Minnesota Timberwolves,NOP@MIN
2019-20,2019-12-18,regular,Orlando Magic,Denver Nuggets,ORL@DEN
2019-20,2019-12-18,regular,Toronto Raptors,Detroit Pistons,TOR@DET
2019-20,2019-12-19,regular,Brooklyn Nets,San Antonio Spurs,BKN@SAS
2019-20,2019-12-19,regular,Houston Rockets,LA Clippers,HOU@LAC
2019-20,2019-12-19,regular,Los Angeles Lakers,Milwaukee Bucks,LAL@MIL
2019-20,2019-12-19,regular,Utah Jazz,Atlanta Hawks,UTA@ATL
2019-20,2019-12-20,regular,Dallas Mavericks,Philadelphia 76ers,DAL@PHI
2019-20,2019-12-20,regular,Detroit Pistons,Boston Celtics,DET@BOS
2019-20,2019-12-20,regular,Memphis Grizzlies,Cleveland Cavaliers,MEM@CLE
2019-20,2019-12-20,regular,Minnesota Timberwolves,Denver Nuggets,MIN@DEN
2019-20,2019-12-20,regular,New Orleans Pelicans,Golden State Warriors,NOP@GSW
2019-20,2019-12-20,regular,New York Knicks,Miami Heat,NYK@MIA
2019-20,2019-12-20,regular,Orlando Magic,Portland Trail Blazers,ORL@POR
2019-20,2019-12-20,regular,Phoenix Suns,Oklahoma City Thunder,PHX@OKC
2019-20,2019-12-20,regular,Sacramento Kings,Indiana Pacers,SAC@IND
2019-20,2019-12-20,regular,Washington Wizards,Toronto Raptors,WAS@TOR
2019-20,2019-12-21,regular,Atlanta Hawks,Brooklyn Nets,ATL@BKN
2019-20,2019-12-21,regular,Chicago Bulls,Detroit Pistons,CHI@DET
2019-20,2019-12-21,regular,Houston Rockets,Phoenix Suns,HOU@PHX
2019-20,2019-12-21,regular,LA Clippers,San Antonio Spurs,LAC@SAS
2019-20,2019-12-21,regular,Milwaukee Bucks,New York Knicks,MIL@NYK
2019-20,2019-12-21,regular,Minnesota Timberwolves,Portland Trail Blazers,MIN@POR
2019-20,2019-12-21,regular,Sacramento Kings,Memphis Grizzlies,SAC@MEM
2019-20,2019-12-21,regular,Utah Jazz,Charlotte Hornets,UTA@CHA
2019-20,2019-12-21,regular,Washington Wizards,Philadelphia 76ers,WAS@PHI
2019-20,2019-12-22,regular,Charlotte Hornets,Boston Celtics,CHA@BOS
2019-20,2019-12-22,regular,Dallas Mavericks,Toronto Raptors,DAL@TOR
2019-20,2019-12-22,regular,Denver Nuggets,Los Angeles Lakers,DEN@LAL
2019-20,2019-12-22,regular,Indiana Pacers,Milwaukee Bucks,IND@MIL
2019-20,2019-12-22,regular,LA Clippers,Oklahoma City Thunder,LAC@OKC
2019-20,2019-12-23,regular,Atlanta Hawks,Cleveland Cavaliers,ATL@CLE
2019-20,2019-12-23,regular,Chicago Bulls,Orlando Magic,CHI@ORL
2019-20,2019-12-23,regular,Denver Nuggets,Phoenix Suns,DEN@PHX
2019-20,2019-12-23,regular,Houston Rockets,Sacramento Kings,HOU@SAC
2019-20,2019-12-23,regular,Minnesota Timberwolves,Golden State Warriors,MIN@GSW
2019-20,2019-12-23,regular,New Orleans Pelicans,Portland Trail Blazers,NOP@POR
2019-20,2019-12-23,regular,Philadelphia 76ers,Detroit Pistons,PHI@DET
2019-20,2019-12-23,regular,San Antonio Spurs,Memphis Grizzlies,SAS@MEM
2019-20,2019-12-23,regular,Toronto Raptors,Indiana Pacers,TOR@IND
2019-20,2019-12-23,regular,Utah Jazz,Miami Heat,UTA@MIA
2019-20,2019-12-23,regular,Washington Wizards,New York Knicks,WAS@NYK
2019-20,2019-12-25,regular,Boston Celtics,Toronto Raptors,BOS@TOR
2019-20,2019-12-25,regular,Houston Rockets,Golden State Warriors,HOU@GSW
2019-20,2019-12-25,regular,LA Clippers,Los Angeles Lakers,LAC@LAL
2019-20,2019-12-25,regular,Milwaukee Bucks,Philadelphia 76ers,MIL@PHI
2019-20,2019-12-25,regular,New Orleans Pelicans,Denver Nuggets,NOP@DEN
2019-20,2019-12-26,regular,Memphis Grizzlies,Oklahoma City Thunder,MEM@OKC
2019-20,2019-12-26,regular,Minnesota Timberwolves,Sacramento Kings,MIN@SAC
2019-20,2019-12-26,regular,New York Knicks,Brooklyn Nets,NYK@BKN
2019-20,2019-12-26,regular,Portland Trail Blazers,Utah Jazz,POR@UTA
2019-20,2019-12-26,regular,San Antonio Spurs,Dallas Mavericks,SAS@DAL
2019-20,2019-12-26,regular,Washington Wizards,Detroit Pistons,WAS@DET
2019-20,2019-12-27,regular,Cleveland Cavaliers,Boston Celtics,CLE@BOS
2019-20,2019-12-27,regular,Indiana Pacers,Miami Heat,IND@MIA
2019-20,2019-12-27,regular,Milwaukee Bucks,Atlanta Hawks,MIL@ATL
2019-20,2019-12-27,regular,Oklahoma City Thunder,Charlotte Hornets,OKC@CHA
2019-20,2019-12-27,regular,Philadelphia 76ers,Orlando Magic,PHI@ORL
2019-20,2019-12-27,regular,Phoenix Suns,Golden State Warriors,PHX@GSW
2019-20,2019-12-28,regular,Atlanta Hawks,Chicago Bulls,ATL@CHI
2019-20,2019-12-28,regular,Brooklyn Nets,Houston Rockets,BKN@HOU
2019-20,2019-12-28,regular,Cleveland Cavaliers,Minnesota Timberwolves,CLE@MIN
2019-20,2019-12-28,regular,Dallas Mavericks,Golden State Warriors,DAL@GSW
2019-20,2019-12-28,regular,Detroit Pistons,San Antonio Spurs,DET@SAS
2019-20,2019-12-28,regular,Indiana Pacers,New Orleans Pelicans,IND@NOP
2019-20,2019-12-28,regular,Los Angeles Lakers,Portland Trail Blazers,LAL@POR
2019-20,2019-12-28,regular,Memphis Grizzlies,Denver Nuggets,MEM@DEN
2019-20,2019-12-28,regular,New York Knicks,Washington Wizards,NYK@WAS
2019-20,2019-12-28,regular,Orlando Magic,Milwaukee Bucks,ORL@MIL
2019-20,2019-12-28,regular,Philadelphia 76ers,Miami Heat,PHI@MIA
2019-20,2019-12-28,regular,Phoenix Suns,Sacramento Kings,PHX@SAC
2019-20,2019-12-28,regular,Toronto Raptors,Boston Celtics,TOR@BOS
2019-20,2019-12-28,regular,Utah Jazz,LA Clippers,UTA@LAC
2019-20,2019-12-29,regular,Charlotte Hornets,Memphis Grizzlies,CHA@MEM
2019-20,2019-12-29,regular,Dallas Mavericks,Los Angeles Lakers,DAL@LAL
2019-20,2019-12-29,regular,Houston Rockets,New Orleans Pelicans,HOU@NOP
2019-20,2019-12-29,regular,Oklahoma City Thunder,Toronto Raptors,OKC@TOR
2019-20,2019-12-29,regular,Sacramento Kings,Denver Nuggets,SAC@DEN
2019-20,2019-12-30,regular,Atlanta Hawks,Orlando Magic,ATL@ORL
2019-20,2019-12-30,regular,Brooklyn Nets,Minnesota Timberwolves,BKN@MIN
2019-20,2019-12-30,regular,Detroit Pistons,Utah Jazz,DET@UTA
2019-20,2019-12-30,regular,Miami Heat,Washington Wizards,MIA@WAS
2019-20,2019-12-30,regular,Milwaukee Bucks,Chicago Bulls,MIL@CHI
2019-20,2019-12-30,regular,Phoenix Suns,Portland Trail Blazers,PHX@POR
2019-20,2019-12-31,regular,Boston Celtics,Charlotte Hornets,BOS@CHA
2019-20,2019-12-31,regular,Cleveland Cavaliers,Toronto Raptors,CLE@TOR
2019-20,2019-12-31,regular,Dallas Mavericks,Oklahoma City Thunder,DAL@OKC
2019-20,2019-12-31,regular,Denver Nuggets,Houston Rockets,DEN@HOU
2019-20,2019-12-31,regular,Golden State Warriors,San Antonio Spurs,GSW@SAS
2019-20,2019-12-31,regular,LA Clippers,Sacramento Kings,LAC@SAC
2019-20,2019-12-31,regular,Philadelphia 76ers,Indiana Pacers,PHI@IND
2019-20,2020-01-01,regular,Minnesota Timberwolves,Milwaukee Bucks,MIN@MIL
2019-20,2020-01-01,regular,Orlando Magic,Washington Wizards,ORL@WAS
2019-20,2020-01-01,regular,Phoenix Suns,Los Angeles Lakers,PHX@LAL
2019-20,2020-01-01,regular,Portland Trail Blazers,New York Knicks,POR@NYK
2019-20,2020-01-02,regular,Brooklyn Nets,Dallas Mavericks,BKN@DAL
2019-20,2020-01-02,regular,Charlotte Hornets,Cleveland Cavaliers,CHA@CLE
2019-20,2020-01-02,regular,Denver Nuggets,Indiana Pacers,DEN@IND
2019-20,2020-01-02,regular,Detroit Pistons,LA Clippers,DET@LAC
2019-20,2020-01-02,regular,Golden State Warriors,Minnesota Timberwolves,GSW@MIN
2019-20,2020-01-02,regular,Memphis Grizzlies,Sacramento Kings,MEM@SAC
2019-20,2020-01-02,regular,Oklahoma City Thunder,San Antonio Spurs,OKC@SAS
2019-20,2020-01-02,regular,Toronto Raptors,Miami Heat,TOR@MIA
2019-20,2020-01-02,regular,Utah Jazz,Chicago Bulls,UTA@CHI
2019-20,2020-01-03,regular,Atlanta Hawks,Boston Celtics,ATL@BOS
2019-20,2020-01-03,regular,Miami Heat,Orlando Magic,MIA@ORL
2019-20,2020-01-03,regular,New Orleans Pelicans,Los Angeles Lakers,NOP@LAL
2019-20,2020-01-03,regular,New York Knicks,Phoenix Suns,NYK@PHX
2019-20,2020-01-03,regular,Philadelphia 76ers,Houston Rockets,PHI@HOU
2019-20,2020-01-03,regular,Portland Trail Blazers,Washington Wizards,POR@WAS
2019-20,2020-01-04,regular,Boston Celtics,Chicago Bulls,BOS@CHI
2019-20,2020-01-04,regular,Charlotte Hornets,Dallas Mavericks,CHA@DAL
2019-20,2020-01-04,regular,Denver Nuggets,Washington Wizards,DEN@WAS
2019-20,2020-01-04,regular,Detroit Pistons,Golden State Warriors,DET@GSW
2019-20,2020-01-04,regular,Indiana Pacers,Atlanta Hawks,IND@ATL
2019-20,2020-01-04,regular,Memphis Grizzlies,LA Clippers,MEM@LAC
2019-20,2020-01-04,regular,New Orleans Pelicans,Sacramento Kings,NOP@SAC
2019-20,2020-01-04,regular,Oklahoma City Thunder,Cleveland Cavaliers,OKC@CLE
2019-20,2020-01-04,regular,San Antonio Spurs,Milwaukee Bucks,SAS@MIL
2019-20,2020-01-04,regular,Toronto Raptors,Brooklyn Nets,TOR@BKN
2019-20,2020-01-04,regular,Utah Jazz,Orlando Magic,UTA@ORL
2019-20,2020-01-05,regular,Detroit Pistons,Los Angeles Lakers,DET@LAL
2019-20,2020-01-05,regular,Memphis Grizzlies,Phoenix Suns,MEM@PHX
2019-20,2020-01-05,regular,Minnesota Timberwolves,Cleveland Cavaliers,MIN@CLE
2019-20,2020-01-05,regular,New York Knicks,LA Clippers,NYK@LAC
2019-20,2020-01-05,regular,Portland Trail Blazers,Miami Heat,POR@MIA
2019-20,2020-01-06,regular,Brooklyn Nets,Orlando Magic,BKN@ORL
2019-20,2020-01-06,regular,Boston Celtics,Washington Wizards,BOS@WAS
2019-20,2020-01-06,regular,Chicago Bulls,Dallas Mavericks,CHI@DAL
2019-20,2020-01-06,regular,Denver Nuggets,Atlanta Hawks,DEN@ATL
2019-20,2020-01-06,regular,Golden State Warriors,Sacramento Kings,GSW@SAC
2019-20,2020-01-06,regular,Indiana Pacers,Charlotte Hornets,IND@CHA
2019-20,2020-01-06,regular,Milwaukee Bucks,San Antonio Spurs,MIL@SAS
2019-20,2020-01-06,regular,Oklahoma City Thunder,Philadelphia 76ers,OKC@PHI
2019-20,2020-01-06,regular,Utah Jazz,New Orleans Pelicans,UTA@NOP
2019-20,2020-01-07,regular,Detroit Pistons,Cleveland Cavaliers,DET@CLE
2019-20,2020-01-07,regular,Minnesota Timberwolves,Memphis Grizzlies,MIN@MEM
2019-20,2020-01-07,regular,New York Knicks,Los Angeles Lakers,NYK@LAL
2019-20,2020-01-07,regular,Oklahoma City Thunder,Brooklyn Nets,OKC@BKN
2019-20,2020-01-07,regular,Portland Trail Blazers,Toronto Raptors,POR@TOR
2019-20,2020-01-07,regular,Sacramento Kings,Phoenix Suns,SAC@PHX
2019-20,2020-01-08,regular,Chicago Bulls,New Orleans Pelicans,CHI@NOP
2019-20,2020-01-08,regular,Denver Nuggets,Dallas Mavericks,DEN@DAL
2019-20,2020-01-08,regular,Houston Rockets,Atlanta Hawks,HOU@ATL
2019-20,2020-01-08,regular,Miami Heat,Indiana Pacers,MIA@IND
2019-20,2020-01-08,regular,Milwaukee Bucks,Golden State Warriors,MIL@GSW
2019-20,2020-01-08,regular,New York Knicks,Utah Jazz,NYK@UTA
2019-20,2020-01-08,regular,San Antonio Spurs,Boston Celtics,SAS@BOS
2019-20,2020-01-08,regular,Toronto Raptors,Charlotte Hornets,TOR@CHA
2019-20,2020-01-08,regular,Washington Wizards,Orlando Magic,WAS@ORL
2019-20,2020-01-09,regular,Boston Celtics,Philadelphia 76ers,BOS@PHI
2019-20,2020-01-09,regular,Cleveland Cavaliers,Detroit Pistons,CLE@DET
2019-20,2020-01-09,regular,Houston Rockets,Oklahoma City Thunder,HOU@OKC
2019-20,2020-01-09,regular,Portland Trail Blazers,Minnesota Timberwolves,POR@MIN
2019-20,2020-01-10,regular,Atlanta Hawks,Washington Wizards,ATL@WAS
2019-20,2020-01-10,regular,Charlotte Hornets,Utah Jazz,CHA@UTA
2019-20,2020-01-10,regular,Golden State Warriors,LA Clippers,GSW@LAC
2019-20,2020-01-10,regular,Indiana Pacers,Chicago Bulls,IND@CHI
2019-20,2020-01-10,regular,Los Angeles Lakers,Dallas Mavericks,LAL@DAL
2019-20,2020-01-10,regular,Miami Heat,Brooklyn Nets,MIA@BKN
2019-20,2020-01-10,regular,Milwaukee Bucks,Sacramento Kings,MIL@SAC
2019-20,2020-01-10,regular,New Orleans Pelicans,New York Knicks,NOP@NYK
2019-20,2020-01-10,regular,Orlando Magic,Phoenix Suns,ORL@PHX
2019-20,2020-01-10,regular,San Antonio Spurs,Memphis Grizzlies,SAS@MEM
2019-20,2020-01-11,regular,Chicago Bulls,Detroit Pistons,CHI@DET
2019-20,2020-01-11,regular,Cleveland Cavaliers,Denver Nuggets,CLE@DEN
2019-20,2020-01-11,regular,Los Angeles Lakers,Oklahoma City Thunder,LAL@OKC
2019-20,2020-01-11,regular,Milwaukee Bucks,Portland Trail Blazers,MIL@POR
2019-20,2020-01-11,regular,Minnesota Timberwolves,Houston Rockets,MIN@HOU
2019-20,2020-01-11,regular,New Orleans Pelicans,Boston Celtics,NOP@BOS
2019-20,2020-01-11,regular,Philadelphia 76ers,Dallas Mavericks,PHI@DAL
2019-20,2020-01-12,regular,Atlanta Hawks,Brooklyn Nets,ATL@BKN
2019-20,2020-01-12,regular,Charlotte Hornets,Phoenix Suns,CHA@PHX
2019-20,2020-01-12,regular,Golden State Warriors,Memphis Grizzlies,GSW@MEM
2019-20,2020-01-12,regular,LA Clippers,Denver Nuggets,LAC@DEN
2019-20,2020-01-12,regular,Miami Heat,New York Knicks,MIA@NYK
2019-20,2020-01-12,regular,San Antonio Spurs,Toronto Raptors,SAS@TOR
2019-20,2020-01-12,regular,Utah Jazz,Washington Wizards,UTA@WAS
2019-20,2020-01-13,regular,Charlotte Hornets,Portland Trail Blazers,CHA@POR
2019-20,2020-01-13,regular,Chicago Bulls,Boston Celtics,CHI@BOS
2019-20,2020-01-13,regular,Cleveland Cavaliers,Los Angeles Lakers,CLE@LAL
2019-20,2020-01-13,regular,New Orleans Pelicans,Detroit Pistons,NOP@DET
2019-20,2020-01-13,regular,Oklahoma City Thunder,Minnesota Timberwolves,OKC@MIN
2019-20,2020-01-13,regular,Orlando Magic,Sacramento Kings,ORL@SAC
2019-20,2020-01-13,regular,Philadelphia 76ers,Indiana Pacers,PHI@IND
2019-20,2020-01-14,regular,Cleveland Cavaliers,LA Clippers,CLE@LAC
2019-20,2020-01-14,regular,Dallas Mavericks,Golden State Warriors,DAL@GSW
2019-20,2020-01-14,regular,Houston Rockets,Memphis Grizzlies,HOU@MEM
2019-20,2020-01-14,regular,New York Knicks,Milwaukee Bucks,NYK@MIL
2019-20,2020-01-14,regular,Phoenix Suns,Atlanta Hawks,PHX@ATL
2019-20,2020-01-14,regular,Utah Jazz,Brooklyn Nets,UTA@BKN
2019-20,2020-01-15,regular,Brooklyn Nets,Philadelphia 76ers,BKN@PHI
2019-20,2020-01-15,regular,Charlotte Hornets,Denver Nuggets,CHA@DEN
2019-20,2020-01-15,regular,Dallas Mavericks,Sacramento Kings,DAL@SAC
2019-20,2020-01-15,regular,Detroit Pistons,Boston Celtics,DET@BOS
2019-20,2020-01-15,regular,Indiana Pacers,Minnesota Timberwolves,IND@MIN
2019-20,2020-01-15,regular,Orlando Magic,Los Angeles Lakers,ORL@LAL
2019-20,2020-01-15,regular,Portland Trail Blazers,Houston Rockets,POR@HOU
2019-20,2020-01-15,regular,San Antonio Spurs,Miami Heat,SAS@MIA
2019-20,2020-01-15,regular,Toronto Raptors,Oklahoma City Thunder,TOR@OKC
2019-20,2020-01-15,regular,Washington Wizards,Chicago Bulls,WAS@CHI
2019-20,2020-01-16,regular,Boston Celtics,Milwaukee Bucks,BOS@MIL
2019-20,2020-01-16,regular,Denver Nuggets,Golden State Warriors,DEN@GSW
2019-20,2020-01-16,regular,Orlando Magic,LA Clippers,ORL@LAC
2019-20,2020-01-16,regular,Phoenix Suns,New York Knicks,PHX@NYK
2019-20,2020-01-16,regular,Utah Jazz,New Orleans Pelicans,UTA@NOP
2019-20,2020-01-17,regular,Atlanta Hawks,San Antonio Spurs,ATL@SAS
2019-20,2020-01-17,regular,Chicago Bulls,Philadelphia 76ers,CHI@PHI
2019-20,2020-01-17,regular,Cleveland Cavaliers,Memphis Grizzlies,CLE@MEM
2019-20,2020-01-17,regular,Miami Heat,Oklahoma City Thunder,MIA@OKC
2019-20,2020-01-17,regular,Minnesota Timberwolves,Indiana Pacers,MIN@IND
2019-20,2020-01-17,regular,Portland Trail Blazers,Dallas Mavericks,POR@DAL
2019-20,2020-01-17,regular,Washington Wizards,Toronto Raptors,WAS@TOR
2019-20,2020-01-18,regular,Cleveland Cavaliers,Chicago Bulls,CLE@CHI
2019-20,2020-01-18,regular,Detroit Pistons,Atlanta Hawks,DET@ATL
2019-20,2020-01-18,regular,LA Clippers,New Orleans Pelicans,LAC@NOP
2019-20,2020-01-18,regular,Los Angeles Lakers,Houston Rockets,LAL@HOU
2019-20,2020-01-18,regular,Milwaukee Bucks,Brooklyn Nets,MIL@BKN
2019-20,2020-01-18,regular,Orlando Magic,Golden State Warriors,ORL@GSW
2019-20,2020-01-18,regular,Philadelphia 76ers,New York Knicks,PHI@NYK
2019-20,2020-01-18,regular,Phoenix Suns,Boston Celtics,PHX@BOS
2019-20,2020-01-18,regular,Portland Trail Blazers,Oklahoma City Thunder,POR@OKC
2019-20,2020-01-18,regular,Sacramento Kings,Utah Jazz,SAC@UTA
2019-20,2020-01-18,regular,Toronto Raptors,Minnesota Timberwolves,TOR@MIN
2019-20,2020-01-19,regular,Indiana Pacers,Denver Nuggets,IND@DEN
2019-20,2020-01-19,regular,Miami Heat,San Antonio Spurs,MIA@SAS
2019-20,2020-01-20,regular,Chicago Bulls,Milwaukee Bucks,CHI@MIL
2019-20,2020-01-20,regular,Denver Nuggets,Minnesota Timberwolves,DEN@MIN
2019-20,2020-01-20,regular,Detroit Pistons,Washington Wizards,DET@WAS
2019-20,2020-01-20,regular,Golden State Warriors,Portland Trail Blazers,GSW@POR
2019-20,2020-01-20,regular,Indiana Pacers,Utah Jazz,IND@UTA
2019-20,2020-01-20,regular,Los Angeles Lakers,Boston Celtics,LAL@BOS
2019-20,2020-01-20,regular,New Orleans Pelicans,Memphis Grizzlies,NOP@MEM
2019-20,2020-01-20,regular,New York Knicks,Cleveland Cavaliers,NYK@CLE
2019-20,2020-01-20,regular,Oklahoma City Thunder,Houston Rockets,OKC@HOU
2019-20,2020-01-20,regular,Orlando Magic,Charlotte Hornets,ORL@CHA
2019-20,2020-01-20,regular,Philadelphia 76ers,Brooklyn Nets,PHI@BKN
2019-20,2020-01-20,regular,Sacramento Kings,Miami Heat,SAC@MIA
2019-20,2020-01-20,regular,San Antonio Spurs,Phoenix Suns,SAS@PHX
2019-20,2020-01-20,regular,Toronto Raptors,Atlanta Hawks,TOR@ATL
2019-20,2020-01-21,regular,LA Clippers,Dallas Mavericks,LAC@DAL
2019-20,2020-01-22,regular,Denver Nuggets,Houston Rockets,DEN@HOU
2019-20,2020-01-22,regular,Indiana Pacers,Phoenix Suns,IND@PHX
2019-20,2020-01-22,regular,LA Clippers,Atlanta Hawks,LAC@ATL
2019-20,2020-01-22,regular,Los Angeles Lakers,New York Knicks,LAL@NYK
2019-20,2020-01-22,regular,Memphis Grizzlies,Boston Celtics,MEM@BOS
2019-20,2020-01-22,regular,Minnesota Timberwolves,Chicago Bulls,MIN@CHI
2019-20,2020-01-22,regular,Oklahoma City Thunder,Orlando Magic,OKC@ORL
2019-20,2020-01-22,regular,Philadelphia 76ers,Toronto Raptors,PHI@TOR
2019-20,2020-01-22,regular,Sacramento Kings,Detroit Pistons,SAC@DET
2019-20,2020-01-22,regular,San Antonio Spurs,New Orleans Pelicans,SAS@NOP
2019-20,2020-01-22,regular,Utah Jazz,Golden State Warriors,UTA@GSW
2019-20,2020-01-22,regular,Washington Wizards,Miami Heat,WAS@MIA
2019-20,2020-01-23,regular,Dallas Mavericks,Portland Trail Blazers,DAL@POR
2019-20,2020-01-23,regular,Los Angeles Lakers,Brooklyn Nets,LAL@BKN
2019-20,2020-01-23,regular,Washington Wizards,Cleveland Cavaliers,WAS@CLE
2019-20,2020-01-24,regular,Atlanta Hawks,Oklahoma City Thunder,ATL@OKC
2019-20,2020-01-24,regular,Boston Celtics,Orlando Magic,BOS@ORL
2019-20,2020-01-24,regular,Denver Nuggets,New Orleans Pelicans,DEN@NOP
2019-20,2020-01-24,regular,Houston Rockets,Minnesota Timberwolves,HOU@MIN
2019-20,2020-01-24,regular,Indiana Pacers,Golden State Warriors,IND@GSW
2019-20,2020-01-24,regular,LA Clippers,Miami Heat,LAC@MIA
2019-20,2020-01-24,regular,Memphis Grizzlies,Detroit Pistons,MEM@DET
2019-20,2020-01-24,regular,Milwaukee Bucks,Charlotte Hornets,MIL@CHA
2019-20,2020-01-24,regular,Phoenix Suns,San Antonio Spurs,PHX@SAS
2019-20,2020-01-24,regular,Sacramento Kings,Chicago Bulls,SAC@CHI
2019-20,2020-01-24,regular,Toronto Raptors,New York Knicks,TOR@NYK
2019-20,2020-01-25,regular,Brooklyn Nets,Detroit Pistons,BKN@DET
2019-20,2020-01-25,regular,Chicago Bulls,Cleveland Cavaliers,CHI@CLE
2019-20,2020-01-25,regular,Dallas Mavericks,Utah Jazz,DAL@UTA
2019-20,2020-01-25,regular,Los Angeles Lakers,Philadelphia 76ers,LAL@PHI
2019-20,2020-01-25,regular,Oklahoma City Thunder,Minnesota Timberwolves,OKC@MIN
2019-20,2020-01-26,regular,Brooklyn Nets,New York Knicks,BKN@NYK
2019-20,2020-01-26,regular,Boston Celtics,New Orleans Pelicans,BOS@NOP
2019-20,2020-01-26,regular,Houston Rockets,Denver Nuggets,HOU@DEN
2019-20,2020-01-26,regular,Indiana Pacers,Portland Trail Blazers,IND@POR
2019-20,2020-01-26,regular,LA Clippers,Orlando Magic,LAC@ORL
2019-20,2020-01-26,regular,Phoenix Suns,Memphis Grizzlies,PHX@MEM
2019-20,2020-01-26,regular,Toronto Raptors,San Antonio Spurs,TOR@SAS
2019-20,2020-01-26,regular,Washington Wizards,Atlanta Hawks,WAS@ATL
2019-20,2020-01-27,regular,Cleveland Cavaliers,Detroit Pistons,CLE@DET
2019-20,2020-01-27,regular,Dallas Mavericks,Oklahoma City Thunder,DAL@OKC
2019-20,2020-01-27,regular,Houston Rockets,Utah Jazz,HOU@UTA
2019-20,2020-01-27,regular,Orlando Magic,Miami Heat,ORL@MIA
2019-20,2020-01-27,regular,Sacramento Kings,Minnesota Timberwolves,SAC@MIN
2019-20,2020-01-27,regular,San Antonio Spurs,Chicago Bulls,SAS@CHI
2019-20,2020-01-28,regular,Atlanta Hawks,Toronto Raptors,ATL@TOR
2019-20,2020-01-28,regular,Boston Celtics,Miami Heat,BOS@MIA
2019-20,2020-01-28,regular,Denver Nuggets,Memphis Grizzlies,DEN@MEM
2019-20,2020-01-28,regular,Golden State Warriors,Philadelphia 76ers,GSW@PHI
2019-20,2020-01-28,regular,New Orleans Pelicans,Cleveland Cavaliers,NOP@CLE
2019-20,2020-01-28,regular,New York Knicks,Charlotte Hornets,NYK@CHA
2019-20,2020-01-28,regular,Phoenix Suns,Dallas Mavericks,PHX@DAL
2019-20,2020-01-28,regular,Washington Wizards,Milwaukee Bucks,WAS@MIL
2019-20,2020-01-29,regular,Chicago Bulls,Indiana Pacers,CHI@IND
2019-20,2020-01-29,regular,Detroit Pistons,Brooklyn Nets,DET@BKN
2019-20,2020-01-29,regular,Houston Rockets,Portland Trail Blazers,HOU@POR
2019-20,2020-01-29,regular,Memphis Grizzlies,New York Knicks,MEM@NYK
2019-20,2020-01-29,regular,Oklahoma City Thunder,Sacramento Kings,OKC@SAC
2019-20,2020-01-29,regular,Utah Jazz,San Antonio Spurs,UTA@SAS
2019-20,2020-01-30,regular,Charlotte Hornets,Washington Wizards,CHA@WAS
2019-20,2020-01-30,regular,Golden State Warriors,Boston Celtics,GSW@BOS
2019-20,2020-01-30,regular,Philadelphia 76ers,Atlanta Hawks,PHI@ATL
2019-20,2020-01-30,regular,Sacramento Kings,LA Clippers,SAC@LAC
2019-20,2020-01-30,regular,Toronto Raptors,Cleveland Cavaliers,TOR@CLE
2019-20,2020-01-30,regular,Utah Jazz,Denver Nuggets,UTA@DEN
2019-20,2020-01-31,regular,Chicago Bulls,Brooklyn Nets,CHI@BKN
2019-20,2020-01-31,regular,Dallas Mavericks,Houston Rockets,DAL@HOU
2019-20,2020-01-31,regular,Denver Nuggets,Milwaukee Bucks,DEN@MIL
2019-20,2020-01-31,regular,Memphis Grizzlies,New Orleans Pelicans,MEM@NOP
2019-20,2020-01-31,regular,Oklahoma City Thunder,Phoenix Suns,OKC@PHX
2019-20,2020-01-31,regular,Portland Trail Blazers,Los Angeles Lakers,POR@LAL
2019-20,2020-01-31,regular,Toronto Raptors,Detroit Pistons,TOR@DET
2019-20,2020-02-01,regular,Atlanta Hawks,Dallas Mavericks,ATL@DAL
2019-20,2020-02-01,regular,Brooklyn Nets,Washington Wizards,BKN@WAS
2019-20,2020-02-01,regular,Charlotte Hornets,San Antonio Spurs,CHA@SAS
2019-20,2020-02-01,regular,Golden State Warriors,Cleveland Cavaliers,GSW@CLE
2019-20,2020-02-01,regular,Los Angeles Lakers,Sacramento Kings,LAL@SAC
2019-20,2020-02-01,regular,Miami Heat,Orlando Magic,MIA@ORL
2019-20,2020-02-01,regular,Minnesota Timberwolves,LA Clippers,MIN@LAC
2019-20,2020-02-01,regular,New York Knicks,Indiana Pacers,NYK@IND
2019-20,2020-02-01,regular,Philadelphia 76ers,Boston Celtics,PHI@BOS
2019-20,2020-02-01,regular,Utah Jazz,Portland Trail Blazers,UTA@POR
2019-20,2020-02-02,regular,Chicago Bulls,Toronto Raptors,CHI@TOR
2019-20,2020-02-02,regular,Denver Nuggets,Detroit Pistons,DEN@DET
2019-20,2020-02-02,regular,New Orleans Pelicans,Houston Rockets,NOP@HOU
2019-20,2020-02-02,regular,Phoenix Suns,Milwaukee Bucks,PHX@MIL
2019-20,2020-02-03,regular,Boston Celtics,Atlanta Hawks,BOS@ATL
2019-20,2020-02-03,regular,Dallas Mavericks,Indiana Pacers,DAL@IND
2019-20,2020-02-03,regular,Detroit Pistons,Memphis Grizzlies,DET@MEM
2019-20,2020-02-03,regular,Golden State Warriors,Washington Wizards,GSW@WAS
2019-20,2020-02-03,regular,Minnesota Timberwolves,Sacramento Kings,MIN@SAC
2019-20,2020-02-03,regular,New York Knicks,Cleveland Cavaliers,NYK@CLE
2019-20,2020-02-03,regular,Orlando Magic,Charlotte Hornets,ORL@CHA
2019-20,2020-02-03,regular,Philadelphia 76ers,Miami Heat,PHI@MIA
2019-20,2020-02-03,regular,Phoenix Suns,Brooklyn Nets,PHX@BKN
2019-20,2020-02-03,regular,San Antonio Spurs,LA Clippers,SAS@LAC
2019-20,2020-02-04,regular,Charlotte Hornets,Houston Rockets,CHA@HOU
2019-20,2020-02-04,regular,Milwaukee Bucks,New Orleans Pelicans,MIL@NOP
2019-20,2020-02-04,regular,Portland Trail Blazers,Denver Nuggets,POR@DEN
2019-20,2020-02-04,regular,San Antonio Spurs,Los Angeles Lakers,SAS@LAL
2019-20,2020-02-05,regular,Atlanta Hawks,Minnesota Timberwolves,ATL@MIN
2019-20,2020-02-05,regular,Cleveland Cavaliers,Oklahoma City Thunder,CLE@OKC
2019-20,2020-02-05,regular,Denver Nuggets,Utah Jazz,DEN@UTA
2019-20,2020-02-05,regular,Golden State Warriors,Brooklyn Nets,GSW@BKN
2019-20,2020-02-05,regular,Indiana Pacers,Toronto Raptors,IND@TOR
2019-20,2020-02-05,regular,Memphis Grizzlies,Dallas Mavericks,MEM@DAL
2019-20,2020-02-05,regular,Miami Heat,LA Clippers,MIA@LAC
2019-20,2020-02-05,regular,Orlando Magic,Boston Celtics,ORL@BOS
2019-20,2020-02-05,regular,Phoenix Suns,Detroit Pistons,PHX@DET
2019-20,2020-02-06,regular,Houston Rockets,Los Angeles Lakers,HOU@LAL
2019-20,2020-02-06,regular,New Orleans Pelicans,Chicago Bulls,NOP@CHI
2019-20,2020-02-06,regular,Orlando Magic,New York Knicks,ORL@NYK
2019-20,2020-02-06,regular,Philadelphia 76ers,Milwaukee Bucks,PHI@MIL
2019-20,2020-02-06,regular,San Antonio Spurs,Portland Trail Blazers,SAS@POR
2019-20,2020-02-07,regular,Atlanta Hawks,Boston Celtics,ATL@BOS
2019-20,2020-02-07,regular,Dallas Mavericks,Washington Wizards,DAL@WAS
2019-20,2020-02-07,regular,Detroit Pistons,Oklahoma City Thunder,DET@OKC
2019-20,2020-02-07,regular,Houston Rockets,Phoenix Suns,HOU@PHX
2019-20,2020-02-07,regular,Memphis Grizzlies,Philadelphia 76ers,MEM@PHI
2019-20,2020-02-07,regular,Miami Heat,Sacramento Kings,MIA@SAC
2019-20,2020-02-07,regular,Portland Trail Blazers,Utah Jazz,POR@UTA
2019-20,2020-02-07,regular,Toronto Raptors,Indiana Pacers,TOR@IND
2019-20,2020-02-08,regular,Brooklyn Nets,Toronto Raptors,BKN@TOR
2019-20,2020-02-08,regular,Dallas Mavericks,Charlotte Hornets,DAL@CHA
2019-20,2020-02-08,regular,Denver Nuggets,Phoenix Suns,DEN@PHX
2019-20,2020-02-08,regular,LA Clippers,Minnesota Timberwolves,LAC@MIN
2019-20,2020-02-08,regular,Los Angeles Lakers,Golden State Warriors,LAL@GSW
2019-20,2020-02-08,regular,Milwaukee Bucks,Orlando Magic,MIL@ORL
2019-20,2020-02-08,regular,New Orleans Pelicans,Indiana Pacers,NOP@IND
2019-20,2020-02-08,regular,New York Knicks,Detroit Pistons,NYK@DET
2019-20,2020-02-08,regular,San Antonio Spurs,Sacramento Kings,SAS@SAC
2019-20,2020-02-09,regular,Boston Celtics,Oklahoma City Thunder,BOS@OKC
2019-20,2020-02-09,regular,Chicago Bulls,Philadelphia 76ers,CHI@PHI
2019-20,2020-02-09,regular,LA Clippers,Cleveland Cavaliers,LAC@CLE
2019-20,2020-02-09,regular,Memphis Grizzlies,Washington Wizards,MEM@WAS
2019-20,2020-02-09,regular,Miami Heat,Portland Trail Blazers,MIA@POR
2019-20,2020-02-09,regular,New York Knicks,Atlanta Hawks,NYK@ATL
2019-20,2020-02-09,regular,Utah Jazz,Houston Rockets,UTA@HOU
2019-20,2020-02-10,regular,Atlanta Hawks,Orlando Magic,ATL@ORL
2019-20,2020-02-10,regular,Brooklyn Nets,Indiana Pacers,BKN@IND
2019-20,2020-02-10,regular,Charlotte Hornets,Detroit Pistons,CHA@DET
2019-20,2020-02-10,regular,Miami Heat,Golden State Warriors,MIA@GSW
2019-20,2020-02-10,regular,Minnesota Timberwolves,Toronto Raptors,MIN@TOR
2019-20,2020-02-10,regular,Phoenix Suns,Los Angeles Lakers,PHX@LAL
2019-20,2020-02-10,regular,Sacramento Kings,Milwaukee Bucks,SAC@MIL
2019-20,2020-02-10,regular,San Antonio Spurs,Denver Nuggets,SAS@DEN
2019-20,2020-02-10,regular,Utah Jazz,Dallas Mavericks,UTA@DAL
2019-20,2020-02-11,regular,Boston Celtics,Houston Rockets,BOS@HOU
2019-20,2020-02-11,regular,Chicago Bulls,Washington Wizards,CHI@WAS
2019-20,2020-02-11,regular,LA Clippers,Philadelphia 76ers,LAC@PHI
2019-20,2020-02-11,regular,Portland Trail Blazers,New Orleans Pelicans,POR@NOP
2019-20,2020-02-11,regular,San Antonio Spurs,Oklahoma City Thunder,SAS@OKC
2019-20,2020-02-12,regular,Atlanta Hawks,Cleveland Cavaliers,ATL@CLE
2019-20,2020-02-12,regular,Charlotte Hornets,Minnesota Timberwolves,CHA@MIN
2019-20,2020-02-12,regular,Detroit Pistons,Orlando Magic,DET@ORL
2019-20,2020-02-12,regular,Golden State Warriors,Phoenix Suns,GSW@PHX
2019-20,2020-02-12,regular,Los Angeles Lakers,Denver Nuggets,LAL@DEN
2019-20,2020-02-12,regular,Miami Heat,Utah Jazz,MIA@UTA
2019-20,2020-02-12,regular,Milwaukee Bucks,Indiana Pacers,MIL@IND
2019-20,2020-02-12,regular,Portland Trail Blazers,Memphis Grizzlies,POR@MEM
2019-20,2020-02-12,regular,Sacramento Kings,Dallas Mavericks,SAC@DAL
2019-20,2020-02-12,regular,Toronto Raptors,Brooklyn Nets,TOR@BKN
2019-20,2020-02-12,regular,Washington Wizards,New York Knicks,WAS@NYK
2019-20,2020-02-13,regular,LA Clippers,Boston Celtics,LAC@BOS
2019-20,2020-02-13,regular,Oklahoma City Thunder,New Orleans Pelicans,OKC@NOP
2019-20,2020-02-20,regular,Brooklyn Nets,Philadelphia 76ers,BKN@PHI
2019-20,2020-02-20,regular,Charlotte Hornets,Chicago Bulls,CHA@CHI
2019-20,2020-02-20,regular,Houston Rockets,Golden State Warriors,HOU@GSW
2019-20,2020-02-20,regular,Memphis Grizzlies,Sacramento Kings,MEM@SAC
2019-20,2020-02-20,regular,Miami Heat,Atlanta Hawks,MIA@ATL
2019-20,2020-02-20,regular,Milwaukee Bucks,Detroit Pistons,MIL@DET
2019-20,2020-02-21,regular,Boston Celtics,Minnesota Timberwolves,BOS@MIN
2019-20,2020-02-21,regular,Cleveland Cavaliers,Washington Wizards,CLE@WAS
2019-20,2020-02-21,regular,Dallas Mavericks,Orlando Magic,DAL@ORL
2019-20,2020-02-21,regular,Denver Nuggets,Oklahoma City Thunder,DEN@OKC
2019-20,2020-02-21,regular,Indiana Pacers,New York Knicks,IND@NYK
2019-20,2020-02-21,regular,Memphis Grizzlies,Los Angeles Lakers,MEM@LAL
2019-20,2020-02-21,regular,New Orleans Pelicans,Portland Trail Blazers,NOP@POR
2019-20,2020-02-21,regular,Phoenix Suns,Toronto Raptors,PHX@TOR
2019-20,2020-02-21,regular,San Antonio Spurs,Utah Jazz,SAS@UTA
2019-20,2020-02-22,regular,Brooklyn Nets,Charlotte Hornets,BKN@CHA
2019-20,2020-02-22,regular,Cleveland Cavaliers,Miami Heat,CLE@MIA
2019-20,2020-02-22,regular,Dallas Mavericks,Atlanta Hawks,DAL@ATL
2019-20,2020-02-22,regular,Houston Rockets,Utah Jazz,HOU@UTA
2019-20,2020-02-22,regular,Philadelphia 76ers,Milwaukee Bucks,PHI@MIL
2019-20,2020-02-22,regular,Phoenix Suns,Chicago Bulls,PHX@CHI
2019-20,2020-02-22,regular,Sacramento Kings,LA Clippers,SAC@LAC
2019-20,2020-02-23,regular,Boston Celtics,Los Angeles Lakers,BOS@LAL
2019-20,2020-02-23,regular,Detroit Pistons,Portland Trail Blazers,DET@POR
2019-20,2020-02-23,regular,Indiana Pacers,Toronto Raptors,IND@TOR
2019-20,2020-02-23,regular,Minnesota Timberwolves,Denver Nuggets,MIN@DEN
2019-20,2020-02-23,regular,New Orleans Pelicans,Golden State Warriors,NOP@GSW
2019-20,2020-02-23,regular,San Antonio Spurs,Oklahoma City Thunder,SAS@OKC
2019-20,2020-02-23,regular,Washington Wizards,Chicago Bulls,WAS@CHI
2019-20,2020-02-24,regular,Atlanta Hawks,Philadelphia 76ers,ATL@PHI
2019-20,2020-02-24,regular,Memphis Grizzlies,LA Clippers,MEM@LAC
2019-20,2020-02-24,regular,Miami Heat,Cleveland Cavaliers,MIA@CLE
2019-20,2020-02-24,regular,Milwaukee Bucks,Washington Wizards,MIL@WAS
2019-20,2020-02-24,regular,Minnesota Timberwolves,Dallas Mavericks,MIN@DAL
2019-20,2020-02-24,regular,New York Knicks,Houston Rockets,NYK@HOU
2019-20,2020-02-24,regular,Orlando Magic,Brooklyn Nets,ORL@BKN
2019-20,2020-02-24,regular,Phoenix Suns,Utah Jazz,PHX@UTA
2019-20,2020-02-25,regular,Boston Celtics,Portland Trail Blazers,BOS@POR
2019-20,2020-02-25,regular,Charlotte Hornets,Indiana Pacers,CHA@IND
2019-20,2020-02-25,regular,Detroit Pistons,Denver Nuggets,DET@DEN
2019-20,2020-02-25,regular,Milwaukee Bucks,Toronto Raptors,MIL@TOR
2019-20,2020-02-25,regular,New Orleans Pelicans,Los Angeles Lakers,NOP@LAL
2019-20,2020-02-25,regular,Oklahoma City Thunder,Chicago Bulls,OKC@CHI
2019-20,2020-02-25,regular,Sacramento Kings,Golden State Warriors,SAC@GSW
2019-20,2020-02-26,regular,Brooklyn Nets,Washington Wizards,BKN@WAS
2019-20,2020-02-26,regular,Boston Celtics,Utah Jazz,BOS@UTA
2019-20,2020-02-26,regular,Dallas Mavericks,San Antonio Spurs,DAL@SAS
2019-20,2020-02-26,regular,LA Clippers,Phoenix Suns,LAC@PHX
2019-20,2020-02-26,regular,Memphis Grizzlies,Houston Rockets,MEM@HOU
2019-20,2020-02-26,regular,Minnesota Timberwolves,Miami Heat,MIN@MIA
2019-20,2020-02-26,regular,New York Knicks,Charlotte Hornets,NYK@CHA
2019-20,2020-02-26,regular,Orlando Magic,Atlanta Hawks,ORL@ATL
2019-20,2020-02-26,regular,Philadelphia 76ers,Cleveland Cavaliers,PHI@CLE
2019-20,2020-02-27,regular,Los Angeles Lakers,Golden State Warriors,LAL@GSW
2019-20,2020-02-27,regular,New York Knicks,Philadelphia 76ers,NYK@PHI
2019-20,2020-02-27,regular,Portland Trail Blazers,Indiana Pacers,POR@IND
2019-20,2020-02-27,regular,Sacramento Kings,Oklahoma City Thunder,SAC@OKC
2019-20,2020-02-28,regular,Brooklyn Nets,Atlanta Hawks,BKN@ATL
2019-20,2020-02-28,regular,Charlotte Hornets,Toronto Raptors,CHA@TOR
2019-20,2020-02-28,regular,Cleveland Cavaliers,New Orleans Pelicans,CLE@NOP
2019-20,2020-02-28,regular,Dallas Mavericks,Miami Heat,DAL@MIA
2019-20,2020-02-28,regular,Denver Nuggets,LA Clippers,DEN@LAC
2019-20,2020-02-28,regular,Detroit Pistons,Phoenix Suns,DET@PHX
2019-20,2020-02-28,regular,Minnesota Timberwolves,Orlando Magic,MIN@ORL
2019-20,2020-02-28,regular,Oklahoma City Thunder,Milwaukee Bucks,OKC@MIL
2019-20,2020-02-28,regular,Sacramento Kings,Memphis Grizzlies,SAC@MEM
2019-20,2020-02-28,regular,Washington Wizards,Utah Jazz,WAS@UTA
2019-20,2020-02-29,regular,Brooklyn Nets,Miami Heat,BKN@MIA
2019-20,2020-02-29,regular,Chicago Bulls,New York Knicks,CHI@NYK
2019-20,2020-02-29,regular,Golden State Warriors,Phoenix Suns,GSW@PHX
2019-20,2020-02-29,regular,Houston Rockets,Boston Celtics,HOU@BOS
2019-20,2020-02-29,regular,Indiana Pacers,Cleveland Cavaliers,IND@CLE
2019-20,2020-02-29,regular,Los Angeles Lakers,Memphis Grizzlies,LAL@MEM
2019-20,2020-02-29,regular,Orlando Magic,San Antonio Spurs,ORL@SAS
2019-20,2020-02-29,regular,Portland Trail Blazers,Atlanta Hawks,POR@ATL
2019-20,2020-03-01,regular,Dallas Mavericks,Minnesota Timberwolves,DAL@MIN
2019-20,2020-03-01,regular,Detroit Pistons,Sacramento Kings,DET@SAC
2019-20,2020-03-01,regular,Los Angeles Lakers,New Orleans Pelicans,LAL@NOP
2019-20,2020-03-01,regular,Milwaukee Bucks,Charlotte Hornets,MIL@CHA
2019-20,2020-03-01,regular,Philadelphia 76ers,LA Clippers,PHI@LAC
2019-20,2020-03-01,regular,Toronto Raptors,Denver Nuggets,TOR@DEN
2019-20,2020-03-01,regular,Washington Wizards,Golden State Warriors,WAS@GSW
2019-20,2020-03-02,regular,Dallas Mavericks,Chicago Bulls,DAL@CHI
2019-20,2020-03-02,regular,Houston Rockets,New York Knicks,HOU@NYK
2019-20,2020-03-02,regular,Indiana Pacers,San Antonio Spurs,IND@SAS
2019-20,2020-03-02,regular,Memphis Grizzlies,Atlanta Hawks,MEM@ATL
2019-20,2020-03-02,regular,Milwaukee Bucks,Miami Heat,MIL@MIA
2019-20,2020-03-02,regular,Portland Trail Blazers,Orlando Magic,POR@ORL
2019-20,2020-03-02,regular,Utah Jazz,Cleveland Cavaliers,UTA@CLE
2019-20,2020-03-03,regular,Brooklyn Nets,Boston Celtics,BKN@BOS
2019-20,2020-03-03,regular,Golden State Warriors,Denver Nuggets,GSW@DEN
2019-20,2020-03-03,regular,LA Clippers,Oklahoma City Thunder,LAC@OKC
2019-20,2020-03-03,regular,Minnesota Timberwolves,New Orleans Pelicans,MIN@NOP
2019-20,2020-03-03,regular,Philadelphia 76ers,Los Angeles Lakers,PHI@LAL
2019-20,2020-03-03,regular,San Antonio Spurs,Charlotte Hornets,SAS@CHA
2019-20,2020-03-03,regular,Toronto Raptors,Phoenix Suns,TOR@PHX
2019-20,2020-03-03,regular,Washington Wizards,Sacramento Kings,WAS@SAC
2019-20,2020-03-04,regular,Boston Celtics,Cleveland Cavaliers,BOS@CLE
2019-20,2020-03-04,regular,Chicago Bulls,Minnesota Timberwolves,CHI@MIN
2019-20,2020-03-04,regular,Indiana Pacers,Milwaukee Bucks,IND@MIL
2019-20,2020-03-04,regular,Memphis Grizzlies,Brooklyn Nets,MEM@BKN
2019-20,2020-03-04,regular,New Orleans Pelicans,Dallas Mavericks,NOP@DAL
2019-20,2020-03-04,regular,Oklahoma City Thunder,Detroit Pistons,OKC@DET
2019-20,2020-03-04,regular,Orlando Magic,Miami Heat,ORL@MIA
2019-20,2020-03-04,regular,Utah Jazz,New York Knicks,UTA@NYK
2019-20,2020-03-04,regular,Washington Wizards,Portland Trail Blazers,WAS@POR
2019-20,2020-03-05,regular,Denver Nuggets,Charlotte Hornets,DEN@CHA
2019-20,2020-03-05,regular,LA Clippers,Houston Rockets,LAC@HOU
2019-20,2020-03-05,regular,Philadelphia 76ers,Sacramento Kings,PHI@SAC
2019-20,2020-03-05,regular,Toronto Raptors,Golden State Warriors,TOR@GSW
2019-20,2020-03-06,regular,Atlanta Hawks,Washington Wizards,ATL@WAS
2019-20,2020-03-06,regular,Indiana Pacers,Chicago Bulls,IND@CHI
2019-20,2020-03-06,regular,Memphis Grizzlies,Dallas Mavericks,MEM@DAL
2019-20,2020-03-06,regular,Miami Heat,New Orleans Pelicans,MIA@NOP
2019-20,2020-03-06,regular,Milwaukee Bucks,Los Angeles Lakers,MIL@LAL
2019-20,2020-03-06,regular,Oklahoma City Thunder,New York Knicks,OKC@NYK
2019-20,2020-03-06,regular,Orlando Magic,Minnesota Timberwolves,ORL@MIN
2019-20,2020-03-06,regular,Portland Trail Blazers,Phoenix Suns,POR@PHX
2019-20,2020-03-06,regular,San Antonio Spurs,Brooklyn Nets,SAS@BKN
2019-20,2020-03-06,regular,Utah Jazz,Boston Celtics,UTA@BOS
2019-20,2020-03-07,regular,Atlanta Hawks,Memphis Grizzlies,ATL@MEM
2019-20,2020-03-07,regular,Denver Nuggets,Cleveland Cavaliers,DEN@CLE
2019-20,2020-03-07,regular,Houston Rockets,Charlotte Hornets,HOU@CHA
2019-20,2020-03-07,regular,Philadelphia 76ers,Golden State Warriors,PHI@GSW
2019-20,2020-03-07,regular,Sacramento Kings,Portland Trail Blazers,SAC@POR
2019-20,2020-03-07,regular,Utah Jazz,Detroit Pistons,UTA@DET
2019-20,2020-03-08,regular,Chicago Bulls,Brooklyn Nets,CHI@BKN
2019-20,2020-03-08,regular,Detroit Pistons,New York Knicks,DET@NYK
2019-20,2020-03-08,regular,Indiana Pacers,Dallas Mavericks,IND@DAL
2019-20,2020-03-08,regular,Los Angeles Lakers,LA Clippers,LAL@LAC
2019-20,2020-03-08,regular,Miami Heat,Washington Wizards,MIA@WAS
2019-20,2020-03-08,regular,Milwaukee Bucks,Phoenix Suns,MIL@PHX
2019-20,2020-03-08,regular,New Orleans Pelicans,Minnesota Timberwolves,NOP@MIN
2019-20,2020-03-08,regular,Oklahoma City Thunder,Boston Celtics,OKC@BOS
2019-20,2020-03-08,regular,Orlando Magic,Houston Rockets,ORL@HOU
2019-20,2020-03-08,regular,San Antonio Spurs,Cleveland Cavaliers,SAS@CLE
2019-20,2020-03-08,regular,Toronto Raptors,Sacramento Kings,TOR@SAC
2019-20,2020-03-09,regular,Charlotte Hornets,Atlanta Hawks,CHA@ATL
2019-20,2020-03-09,regular,Milwaukee Bucks,Denver Nuggets,MIL@DEN
2019-20,2020-03-09,regular,Toronto Raptors,Utah Jazz,TOR@UTA
2019-20,2020-03-10,regular,Brooklyn Nets,Los Angeles Lakers,BKN@LAL
2019-20,2020-03-10,regular,Boston Celtics,Indiana Pacers,BOS@IND
2019-20,2020-03-10,regular,Cleveland Cavaliers,Chicago Bulls,CLE@CHI
2019-20,2020-03-10,regular,Dallas Mavericks,San Antonio Spurs,DAL@SAS
2019-20,2020-03-10,regular,LA Clippers,Golden State Warriors,LAC@GSW
2019-20,2020-03-10,regular,Minnesota Timberwolves,Houston Rockets,MIN@HOU
2019-20,2020-03-10,regular,New York Knicks,Washington Wizards,NYK@WAS
2019-20,2020-03-10,regular,Orlando Magic,Memphis Grizzlies,ORL@MEM
2019-20,2020-03-10,regular,Phoenix Suns,Portland Trail Blazers,PHX@POR
2019-20,2020-03-11,regular,Charlotte Hornets,Miami Heat,CHA@MIA
2019-20,2020-03-11,regular,Denver Nuggets,Dallas Mavericks,DEN@DAL
2019-20,2020-03-11,regular,Detroit Pistons,Philadelphia 76ers,DET@PHI
2019-20,2020-03-11,regular,New York Knicks,Atlanta Hawks,NYK@ATL
2019-20,2020-07-22,preseason,New Orleans Pelicans,Brooklyn Nets,NOP@BKN
2019-20,2020-07-22,preseason,Orlando Magic,LA Clippers,ORL@LAC
2019-20,2020-07-22,preseason,Sacramento Kings,Miami Heat,SAC@MIA
2019-20,2020-07-22,preseason,Washington Wizards,Denver Nuggets,WAS@DEN
2019-20,2020-07-23,preseason,Dallas Mavericks,Los Angeles Lakers,DAL@LAL
2019-20,2020-07-23,preseason,Phoenix Suns,Utah Jazz,PHX@UTA
2019-20,2020-07-23,preseason,Portland Trail Blazers,Indiana Pacers,POR@IND
2019-20,2020-07-23,preseason,San Antonio Spurs,Milwaukee Bucks,SAS@MIL
2019-20,2020-07-24,preseason,Houston Rockets,Toronto Raptors,HOU@TOR
2019-20,2020-07-24,preseason,Memphis Grizzlies,Philadelphia 76ers,MEM@PHI
2019-20,2020-07-24,preseason,Oklahoma City Thunder,Boston Celtics,OKC@BOS
2019-20,2020-07-25,preseason,Brooklyn Nets,San Antonio Spurs,BKN@SAS
2019-20,2020-07-25,preseason,Denver Nuggets,New Orleans Pelicans,DEN@NOP
2019-20,2020-07-25,preseason,LA Clippers,Washington Wizards,LAC@WAS
2019-20,2020-07-25,preseason,Los Angeles Lakers,Orlando Magic,LAL@ORL
2019-20,2020-07-25,preseason,Miami Heat,Utah Jazz,MIA@UTA
2019-20,2020-07-25,preseason,Milwaukee Bucks,Sacramento Kings,MIL@SAC
2019-20,2020-07-26,preseason,Houston Rockets,Memphis Grizzlies,HOU@MEM
2019-20,2020-07-26,preseason,Indiana Pacers,Dallas Mavericks,IND@DAL
2019-20,2020-07-26,preseason,Philadelphia 76ers,Oklahoma City Thunder,PHI@OKC
2019-20,2020-07-26,preseason,Phoenix Suns,Boston Celtics,PHX@BOS
2019-20,2020-07-26,preseason,Portland Trail Blazers,Toronto Raptors,POR@TOR
2019-20,2020-07-27,preseason,New Orleans Pelicans,Milwaukee Bucks,NOP@MIL
2019-20,2020-07-27,preseason,Orlando Magic,Denver Nuggets,ORL@DEN
2019-20,2020-07-27,preseason,Sacramento Kings,LA Clippers,SAC@LAC
2019-20,2020-07-27,preseason,Utah Jazz,Brooklyn Nets,UTA@BKN
2019-20,2020-07-27,preseason,Washington Wizards,Los Angeles Lakers,WAS@LAL
2019-20,2020-07-28,preseason,Boston Celtics,Houston Rockets,BOS@HOU
2019-20,2020-07-28,preseason,Dallas Mavericks,Philadelphia 76ers,DAL@PHI
2019-20,2020-07-28,preseason,Memphis Grizzlies,Miami Heat,MEM@MIA
2019-20,2020-07-28,preseason,Oklahoma City Thunder,Portland Trail Blazers,OKC@POR
2019-20,2020-07-28,preseason,San Antonio Spurs,Indiana Pacers,SAS@IND
2019-20,2020-07-28,preseason,Toronto Raptors,Phoenix Suns,TOR@PHX
2019-20,2020-07-30,regular,LA Clippers,Los Angeles Lakers,LAC@LAL
2019-20,2020-07-30,regular,Utah Jazz,New Orleans Pelicans,UTA@NOP
2019-20,2020-07-31,regular,Boston Celtics,Milwaukee Bucks,BOS@MIL
2019-20,2020-07-31,regular,Houston Rockets,Dallas Mavericks,HOU@DAL
2019-20,2020-07-31,regular,Memphis Grizzlies,Portland Trail Blazers,MEM@POR
2019-20,2020-07-31,regular,Orlando Magic,Brooklyn Nets,ORL@BKN
2019-20,2020-07-31,regular,Phoenix Suns,Washington Wizards,PHX@WAS
2019-20,2020-07-31,regular,Sacramento Kings,San Antonio Spurs,SAC@SAS
2019-20,2020-08-01,regular,Los Angeles Lakers,Toronto Raptors,LAL@TOR
2019-20,2020-08-01,regular,Miami Heat,Denver Nuggets,MIA@DEN
2019-20,2020-08-01,regular,New Orleans Pelicans,LA Clippers,NOP@LAC
2019-20,2020-08-01,regular,Philadelphia 76ers,Indiana Pacers,PHI@IND
2019-20,2020-08-01,regular,Utah Jazz,Oklahoma City Thunder,UTA@OKC
2019-20,2020-08-02,regular,Dallas Mavericks,Phoenix Suns,DAL@PHX
2019-20,2020-08-02,regular,Milwaukee Bucks,Houston Rockets,MIL@HOU
2019-20,2020-08-02,regular,Portland Trail Blazers,Boston Celtics,POR@BOS
2019-20,2020-08-02,regular,Sacramento Kings,Orlando Magic,SAC@ORL
2019-20,2020-08-02,regular,San Antonio Spurs,Memphis Grizzlies,SAS@MEM
2019-20,2020-08-02,regular,Washington Wizards,Brooklyn Nets,WAS@BKN
2019-20,2020-08-03,regular,Denver Nuggets,Oklahoma City Thunder,DEN@OKC
2019-20,2020-08-03,regular,Indiana Pacers,Washington Wizards,IND@WAS
2019-20,2020-08-03,regular,Los Angeles Lakers,Utah Jazz,LAL@UTA
2019-20,2020-08-03,regular,Memphis Grizzlies,New Orleans Pelicans,MEM@NOP
2019-20,2020-08-03,regular,San Antonio Spurs,Philadelphia 76ers,SAS@PHI
2019-20,2020-08-03,regular,Toronto Raptors,Miami Heat,TOR@MIA
2019-20,2020-08-04,regular,Brooklyn Nets,Milwaukee Bucks,BKN@MIL
2019-20,2020-08-04,regular,Boston Celtics,Miami Heat,BOS@MIA
2019-20,2020-08-04,regular,Dallas Mavericks,Sacramento Kings,DAL@SAC
2019-20,2020-08-04,regular,Houston Rockets,Portland Trail Blazers,HOU@POR
2019-20,2020-08-04,regular,Orlando Magic,Indiana Pacers,ORL@IND
2019-20,2020-08-04,regular,Phoenix Suns,LA Clippers,PHX@LAC
2019-20,2020-08-05,regular,Brooklyn Nets,Boston Celtics,BKN@BOS
2019-20,2020-08-05,regular,Denver Nuggets,San Antonio Spurs,DEN@SAS
2019-20,2020-08-05,regular,Memphis Grizzlies,Utah Jazz,MEM@UTA
2019-20,2020-08-05,regular,Oklahoma City Thunder,Los Angeles Lakers,OKC@LAL
2019-20,2020-08-05,regular,Philadelphia 76ers,Washington Wizards,PHI@WAS
2019-20,2020-08-05,regular,Toronto Raptors,Orlando Magic,TOR@ORL
2019-20,2020-08-06,regular,Indiana Pacers,Phoenix Suns,IND@PHX
2019-20,2020-08-06,regular,LA Clippers,Dallas Mavericks,LAC@DAL
2019-20,2020-08-06,regular,Los Angeles Lakers,Houston Rockets,LAL@HOU
2019-20,2020-08-06,regular,Miami Heat,Milwaukee Bucks,MIA@MIL
2019-20,2020-08-06,regular,New Orleans Pelicans,Sacramento Kings,NOP@SAC
2019-20,2020-08-06,regular,Portland Trail Blazers,Denver Nuggets,POR@DEN
2019-20,2020-08-07,regular,Boston Celtics,Toronto Raptors,BOS@TOR
2019-20,2020-08-07,regular,Oklahoma City Thunder,Memphis Grizzlies,OKC@MEM
2019-20,2020-08-07,regular,Orlando Magic,Philadelphia 76ers,ORL@PHI
2019-20,2020-08-07,regular,Sacramento Kings,Brooklyn Nets,SAC@BKN
2019-20,2020-08-07,regular,Utah Jazz,San Antonio Spurs,UTA@SAS
2019-20,2020-08-07,regular,Washington Wizards,New Orleans Pelicans,WAS@NOP
2019-20,2020-08-08,regular,LA Clippers,Portland Trail Blazers,LAC@POR
2019-20,2020-08-08,regular,Los Angeles Lakers,Indiana Pacers,LAL@IND
2019-20,2020-08-08,regular,Milwaukee Bucks,Dallas Mavericks,MIL@DAL
2019-20,2020-08-08,regular,Phoenix Suns,Miami Heat,PHX@MIA
2019-20,2020-08-08,regular,Utah Jazz,Denver Nuggets,UTA@DEN
2019-20,2020-08-09,regular,Brooklyn Nets,LA Clippers,BKN@LAC
2019-20,2020-08-09,regular,Houston Rockets,Sacramento Kings,HOU@SAC
2019-20,2020-08-09,regular,Memphis Grizzlies,Toronto Raptors,MEM@TOR
2019-20,2020-08-09,regular,Orlando Magic,Boston Celtics,ORL@BOS
2019-20,2020-08-09,regular,Philadelphia 76ers,Portland Trail Blazers,PHI@POR
2019-20,2020-08-09,regular,San Antonio Spurs,New Orleans Pelicans,SAS@NOP
2019-20,2020-08-09,regular,Washington Wizards,Oklahoma City Thunder,WAS@OKC
2019-20,2020-08-10,regular,Dallas Mavericks,Utah Jazz,DAL@UTA
2019-20,2020-08-10,regular,Denver Nuggets,Los Angeles Lakers,DEN@LAL
2019-20,2020-08-10,regular,Indiana Pacers,Miami Heat,IND@MIA
2019-20,2020-08-10,regular,Oklahoma City Thunder,Phoenix Suns,OKC@PHX
2019-20,2020-08-10,regular,Toronto Raptors,Milwaukee Bucks,TOR@MIL
2019-20,2020-08-11,regular,Brooklyn Nets,Orlando Magic,BKN@ORL
2019-20,2020-08-11,regular,Boston Celtics,Memphis Grizzlies,BOS@MEM
2019-20,2020-08-11,regular,Houston Rockets,San Antonio Spurs,HOU@SAS
2019-20,2020-08-11,regular,Milwaukee Bucks,Washington Wizards,MIL@WAS
2019-20,2020-08-11,regular,New Orleans Pelicans,Sacramento Kings,NOP@SAC
2019-20,2020-08-11,regular,Phoenix Suns,Philadelphia 76ers,PHX@PHI
2019-20,2020-08-11,regular,Portland Trail Blazers,Dallas Mavericks,POR@DAL
2019-20,2020-08-12,regular,Indiana Pacers,Houston Rockets,IND@HOU
2019-20,2020-08-12,regular,LA Clippers,Denver Nuggets,LAC@DEN
2019-20,2020-08-12,regular,Miami Heat,Oklahoma City Thunder,MIA@OKC
2019-20,2020-08-12,regular,Toronto Raptors,Philadelphia 76ers,TOR@PHI
2019-20,2020-08-13,regular,Dallas Mavericks,Phoenix Suns,DAL@PHX
2019-20,2020-08-13,regular,Milwaukee Bucks,Memphis Grizzlies,MIL@MEM
2019-20,2020-08-13,regular,New Orleans Pelicans,Orlando Magic,NOP@ORL
2019-20,2020-08-13,regular,Portland Trail Blazers,Brooklyn Nets,POR@BKN
2019-20,2020-08-13,regular,Sacramento Kings,Los Angeles Lakers,SAC@LAL
2019-20,2020-08-13,regular,San Antonio Spurs,Utah Jazz,SAS@UTA
2019-20,2020-08-13,regular,Washington Wizards,Boston Celtics,WAS@BOS
2019-20,2020-08-14,regular,Denver Nuggets,Toronto Raptors,DEN@TOR
2019-20,2020-08-14,regular,Miami Heat,Indiana Pacers,MIA@IND
2019-20,2020-08-14,regular,Oklahoma City Thunder,LA Clippers,OKC@LAC
2019-20,2020-08-14,regular,Philadelphia 76ers,Houston Rockets,PHI@HOU
2019-20,2020-08-15,play_in,Memphis Grizzlies,Portland Trail Blazers,MEM@POR
2019-20,2020-08-17,playoffs,Brooklyn Nets,Toronto Raptors,BKN@TOR
2019-20,2020-08-17,playoffs,Dallas Mavericks,LA Clippers,DAL@LAC
2019-20,2020-08-17,playoffs,Philadelphia 76ers,Boston Celtics,PHI@BOS
2019-20,2020-08-17,playoffs,Utah Jazz,Denver Nuggets,UTA@DEN
2019-20,2020-08-18,playoffs,Miami Heat,Indiana Pacers,MIA@IND
2019-20,2020-08-18,playoffs,Oklahoma City Thunder,Houston Rockets,OKC@HOU
2019-20,2020-08-18,playoffs,Orlando Magic,Milwaukee Bucks,ORL@MIL
2019-20,2020-08-18,playoffs,Portland Trail Blazers,Los Angeles Lakers,POR@LAL
2019-20,2020-08-19,playoffs,Brooklyn Nets,Toronto Raptors,BKN@TOR
2019-20,2020-08-19,playoffs,Dallas Mavericks,LA Clippers,DAL@LAC
2019-20,2020-08-19,playoffs,Philadelphia 76ers,Boston Celtics,PHI@BOS
2019-20,2020-08-19,playoffs,Utah Jazz,Denver Nuggets,UTA@DEN
2019-20,2020-08-20,playoffs,Miami Heat,Indiana Pacers,MIA@IND
2019-20,2020-08-20,playoffs,Oklahoma City Thunder,Houston Rockets,OKC@HOU
2019-20,2020-08-20,playoffs,Orlando Magic,Milwaukee Bucks,ORL@MIL
2019-20,2020-08-20,playoffs,Portland Trail Blazers,Los Angeles Lakers,POR@LAL
2019-20,2020-08-21,playoffs,Boston Celtics,Philadelphia 76ers,BOS@PHI
2019-20,2020-08-21,playoffs,Denver Nuggets,Utah Jazz,DEN@UTA
2019-20,2020-08-21,playoffs,LA Clippers,Dallas Mavericks,LAC@DAL
2019-20,2020-08-21,playoffs,Toronto Raptors,Brooklyn Nets,TOR@BKN
2019-20,2020-08-22,playoffs,Houston Rockets,Oklahoma City Thunder,HOU@OKC
2019-20,2020-08-22,playoffs,Indiana Pacers,Miami Heat,IND@MIA
2019-20,2020-08-22,playoffs,Los Angeles Lakers,Portland Trail Blazers,LAL@POR
2019-20,2020-08-22,playoffs,Milwaukee Bucks,Orlando Magic,MIL@ORL
2019-20,2020-08-23,playoffs,Boston Celtics,Philadelphia 76ers,BOS@PHI
2019-20,2020-08-23,playoffs,Denver Nuggets,Utah Jazz,DEN@UTA
2019-20,2020-08-23,playoffs,LA Clippers,Dallas Mavericks,LAC@DAL
2019-20,2020-08-23,playoffs,Toronto Raptors,Brooklyn Nets,TOR@BKN
2019-20,2020-08-24,playoffs,Houston Rockets,Oklahoma City Thunder,HOU@OKC
2019-20,2020-08-24,playoffs,Indiana Pacers,Miami Heat,IND@MIA
2019-20,2020-08-24,playoffs,Los Angeles Lakers,Portland Trail Blazers,LAL@POR
2019-20,2020-08-24,playoffs,Milwaukee Bucks,Orlando Magic,MIL@ORL
2019-20,2020-08-25,playoffs,Dallas Mavericks,LA Clippers,DAL@LAC
2019-20,2020-08-25,playoffs,Utah Jazz,Denver Nuggets,UTA@DEN
2019-20,2020-08-29,playoffs,Oklahoma City Thunder,Houston Rockets,OKC@HOU
2019-20,2020-08-29,playoffs,Orlando Magic,Milwaukee Bucks,ORL@MIL
2019-20,2020-08-29,playoffs,Portland Trail Blazers,Los Angeles Lakers,POR@LAL
2019-20,2020-08-30,playoffs,Boston Celtics,Toronto Raptors,BOS@TOR
2019-20,2020-08-30,playoffs,Denver Nuggets,Utah Jazz,DEN@UTA
2019-20,2020-08-30,playoffs,LA Clippers,Dallas Mavericks,LAC@DAL
2019-20,2020-08-31,playoffs,Houston Rockets,Oklahoma City Thunder,HOU@OKC
2019-20,2020-08-31,playoffs,Miami Heat,Milwaukee Bucks,MIA@MIL
2019-20,2020-09-01,playoffs,Boston Celtics,Toronto Raptors,BOS@TOR
2019-20,2020-09-01,playoffs,Utah Jazz,Denver Nuggets,UTA@DEN
2019-20,2020-09-02,playoffs,Miami Heat,Milwaukee Bucks,MIA@MIL
2019-20,2020-09-02,playoffs,Oklahoma City Thunder,Houston Rockets,OKC@HOU
2019-20,2020-09-03,playoffs,Denver Nuggets,LA Clippers,DEN@LAC
2019-20,2020-09-03,playoffs,Toronto Raptors,Boston Celtics,TOR@BOS
2019-20,2020-09-04,playoffs,Houston Rockets,Los Angeles Lakers,HOU@LAL
2019-20,2020-09-04,playoffs,Milwaukee Bucks,Miami Heat,MIL@MIA
2019-20,2020-09-05,playoffs,Denver Nuggets,LA Clippers,DEN@LAC
2019-20,2020-09-05,playoffs,Toronto Raptors,Boston Celtics,TOR@BOS
2019-20,2020-09-06,playoffs,Houston Rockets,Los Angeles Lakers,HOU@LAL
2019-20,2020-09-06,playoffs,Milwaukee Bucks,Miami Heat,MIL@MIA
2019-20,2020-09-07,playoffs,Boston Celtics,Toronto Raptors,BOS@TOR
2019-20,2020-09-07,playoffs,LA Clippers,Denver Nuggets,LAC@DEN
2019-20,2020-09-08,playoffs,Los Angeles Lakers,Houston Rockets,LAL@HOU
2019-20,2020-09-08,playoffs,Miami Heat,Milwaukee Bucks,MIA@MIL
2019-20,2020-09-09,playoffs,LA Clippers,Denver Nuggets,LAC@DEN
2019-20,2020-09-09,playoffs,Toronto Raptors,Boston Celtics,TOR@BOS
2019-20,2020-09-10,playoffs,Los Angeles Lakers,Houston Rockets,LAL@HOU
2019-20,2020-09-11,playoffs,Boston Celtics,Toronto Raptors,BOS@TOR
2019-20,2020-09-11,playoffs,Denver Nuggets,LA Clippers,DEN@LAC
2019-20,2020-09-12,playoffs,Houston Rockets,Los Angeles Lakers,HOU@LAL
2019-20,2020-09-13,playoffs,LA Clippers,Denver Nuggets,LAC@DEN
2019-20,2020-09-15,playoffs,Denver Nuggets,LA Clippers,DEN@LAC
2019-20,2020-09-15,playoffs,Miami Heat,Boston Celtics,MIA@BOS
2019-20,2020-09-17,playoffs,Miami Heat,Boston Celtics,MIA@BOS
2019-20,2020-09-18,playoffs,Denver Nuggets,Los Angeles Lakers,DEN@LAL
2019-20,2020-09-19,playoffs,Boston Celtics,Miami Heat,BOS@MIA
2019-20,2020-09-20,playoffs,Denver Nuggets,Los Angeles Lakers,DEN@LAL
2019-20,2020-09-22,playoffs,Los Angeles Lakers,Denver Nuggets,LAL@DEN
2019-20,2020-09-23,playoffs,Boston Celtics,Miami Heat,BOS@MIA
2019-20,2020-09-24,playoffs,Los Angeles Lakers,Denver Nuggets,LAL@DEN
2019-20,2020-09-25,playoffs,Miami Heat,Boston Celtics,MIA@BOS
2019-20,2020-09-26,playoffs,Denver Nuggets,Los Angeles Lakers,DEN@LAL
2019-20,2020-09-27,playoffs,Boston Celtics,Miami Heat,BOS@MIA
2019-20,2020-09-30,playoffs,Miami Heat,Los Angeles Lakers,MIA@LAL
2019-20,2020-10-02,playoffs,Miami Heat,Los Angeles Lakers,MIA@LAL
2019-20,2020-10-04,playoffs,Los Angeles Lakers,Miami Heat,LAL@MIA
2019-20,2020-10-06,playoffs,Los Angeles Lakers,Miami Heat,LAL@MIA
2019-20,2020-10-09,playoffs,Miami Heat,Los Angeles Lakers,MIA@LAL
2019-20,2020-10-11,playoffs,Los Angeles Lakers,Miami Heat,LAL@MIA
2020-21,2020-12-11,preseason,Houston Rockets,Chicago Bulls,HOU@CHI
2020-21,2020-12-11,preseason,LA Clippers,Los Angeles Lakers,LAC@LAL
2020-21,2020-12-11,preseason,New York Knicks,Detroit Pistons,NYK@DET
2020-21,2020-12-11,preseason,Orlando Magic,Atlanta Hawks,ORL@ATL
2020-21,2020-12-11,preseason,Sacramento Kings,Portland Trail Blazers,SAC@POR
2020-21,2020-12-12,preseason,Dallas Mavericks,Milwaukee Bucks,DAL@MIL
2020-21,2020-12-12,preseason,Denver Nuggets,Golden State Warriors,DEN@GSW
2020-21,2020-12-12,preseason,Indiana Pacers,Cleveland Cavaliers,IND@CLE
2020-21,2020-12-12,preseason,Memphis Grizzlies,Minnesota Timberwolves,MEM@MIN
2020-21,2020-12-12,preseason,Oklahoma City Thunder,San Antonio Spurs,OKC@SAS
2020-21,2020-12-12,preseason,Phoenix Suns,Utah Jazz,PHX@UTA
2020-21,2020-12-12,preseason,Toronto Raptors,Charlotte Hornets,TOR@CHA
2020-21,2020-12-13,preseason,Houston Rockets,Chicago Bulls,HOU@CHI
2020-21,2020-12-13,preseason,LA Clippers,Los Angeles Lakers,LAC@LAL
2020-21,2020-12-13,preseason,New York Knicks,Detroit Pistons,NYK@DET
2020-21,2020-12-13,preseason,Orlando Magic,Atlanta Hawks,ORL@ATL
2020-21,2020-12-13,preseason,Sacramento Kings,Portland Trail Blazers,SAC@POR
2020-21,2020-12-13,preseason,Washington Wizards,Brooklyn Nets,WAS@BKN
2020-21,2020-12-14,preseason,Dallas Mavericks,Milwaukee Bucks,DAL@MIL
2020-21,2020-12-14,preseason,Indiana Pacers,Cleveland Cavaliers,IND@CLE
2020-21,2020-12-14,preseason,Memphis Grizzlies,Minnesota Timberwolves,MEM@MIN
2020-21,2020-12-14,preseason,New Orleans Pelicans,Miami Heat,NOP@MIA
2020-21,2020-12-14,preseason,Phoenix Suns,Utah Jazz,PHX@UTA
2020-21,2020-12-14,preseason,Toronto Raptors,Charlotte Hornets,TOR@CHA
2020-21,2020-12-15,preseason,Boston Celtics,Philadelphia 76ers,BOS@PHI
2020-21,2020-12-15,preseason,Golden State Warriors,Sacramento Kings,GSW@SAC
2020-21,2020-12-15,preseason,San Antonio Spurs,Houston Rockets,SAS@HOU
2020-21,2020-12-16,preseason,Chicago Bulls,Oklahoma City Thunder,CHI@OKC
2020-21,2020-12-16,preseason,Cleveland Cavaliers,New York Knicks,CLE@NYK
2020-21,2020-12-16,preseason,Los Angeles Lakers,Phoenix Suns,LAL@PHX
2020-21,2020-12-16,preseason,Portland Trail Blazers,Denver Nuggets,POR@DEN
2020-21,2020-12-17,preseason,Atlanta Hawks,Memphis Grizzlies,ATL@MEM
2020-21,2020-12-17,preseason,Charlotte Hornets,Orlando Magic,CHA@ORL
2020-21,2020-12-17,preseason,Detroit Pistons,Washington Wizards,DET@WAS
2020-21,2020-12-17,preseason,Golden State Warriors,Sacramento Kings,GSW@SAC
2020-21,2020-12-17,preseason,Minnesota Timberwolves,Dallas Mavericks,MIN@DAL
2020-21,2020-12-17,preseason,San Antonio Spurs,Houston Rockets,SAS@HOU
2020-21,2020-12-17,preseason,Utah Jazz,LA Clippers,UTA@LAC
2020-21,2020-12-18,preseason,Brooklyn Nets,Boston Celtics,BKN@BOS
2020-21,2020-12-18,preseason,Chicago Bulls,Oklahoma City Thunder,CHI@OKC
2020-21,2020-12-18,preseason,Cleveland Cavaliers,New York Knicks,CLE@NYK
2020-21,2020-12-18,preseason,Los Angeles Lakers,Phoenix Suns,LAL@PHX
2020-21,2020-12-18,preseason,Miami Heat,Toronto Raptors,MIA@TOR
2020-21,2020-12-18,preseason,Milwaukee Bucks,New Orleans Pelicans,MIL@NOP
2020-21,2020-12-18,preseason,Philadelphia 76ers,Indiana Pacers,PHI@IND
2020-21,2020-12-18,preseason,Portland Trail Blazers,Denver Nuggets,POR@DEN
2020-21,2020-12-19,preseason,Atlanta Hawks,Memphis Grizzlies,ATL@MEM
2020-21,2020-12-19,preseason,Charlotte Hornets,Orlando Magic,CHA@ORL
2020-21,2020-12-19,preseason,Detroit Pistons,Washington Wizards,DET@WAS
2020-21,2020-12-22,regular,Golden State Warriors,Brooklyn Nets,GSW@BKN
2020-21,2020-12-22,regular,LA Clippers,Los Angeles Lakers,LAC@LAL
2020-21,2020-12-23,regular,Atlanta Hawks,Chicago Bulls,ATL@CHI
2020-21,2020-12-23,regular,Charlotte Hornets,Cleveland Cavaliers,CHA@CLE
2020-21,2020-12-23,regular,Dallas Mavericks,Phoenix Suns,DAL@PHX
2020-21,2020-12-23,regular,Detroit Pistons,Minnesota Timberwolves,DET@MIN
2020-21,2020-12-23,regular,Miami Heat,Orlando Magic,MIA@ORL
2020-21,2020-12-23,regular,Milwaukee Bucks,Boston Celtics,MIL@BOS
2020-21,2020-12-23,regular,New Orleans Pelicans,Toronto Raptors,NOP@TOR
2020-21,2020-12-23,regular,New York Knicks,Indiana Pacers,NYK@IND
2020-21,2020-12-23,regular,Sacramento Kings,Denver Nuggets,SAC@DEN
2020-21,2020-12-23,regular,San Antonio Spurs,Memphis Grizzlies,SAS@MEM
2020-21,2020-12-23,regular,Utah Jazz,Portland Trail Blazers,UTA@POR
2020-21,2020-12-23,regular,Washington Wizards,Philadelphia 76ers,WAS@PHI
2020-21,2020-12-25,regular,Brooklyn Nets,Boston Celtics,BKN@BOS
2020-21,2020-12-25,regular,Dallas Mavericks,Los Angeles Lakers,DAL@LAL
2020-21,2020-12-25,regular,Golden State Warriors,Milwaukee Bucks,GSW@MIL
2020-21,2020-12-25,regular,LA Clippers,Denver Nuggets,LAC@DEN
2020-21,2020-12-25,regular,New Orleans Pelicans,Miami Heat,NOP@MIA
2020-21,2020-12-26,regular,Atlanta Hawks,Memphis Grizzlies,ATL@MEM
2020-21,2020-12-26,regular,Cleveland Cavaliers,Detroit Pistons,CLE@DET
2020-21,2020-12-26,regular,Houston Rockets,Portland Trail Blazers,HOU@POR
2020-21,2020-12-26,regular,Indiana Pacers,Chicago Bulls,IND@CHI
2020-21,2020-12-26,regular,Minnesota Timberwolves,Utah Jazz,MIN@UTA
2020-21,2020-12-26,regular,Oklahoma City Thunder,Charlotte Hornets,OKC@CHA
2020-21,2020-12-26,regular,Orlando Magic,Washington Wizards,ORL@WAS
2020-21,2020-12-26,regular,Philadelphia 76ers,New York Knicks,PHI@NYK
2020-21,2020-12-26,regular,Phoenix Suns,Sacramento Kings,PHX@SAC
2020-21,2020-12-26,regular,Toronto Raptors,San Antonio Spurs,TOR@SAS
2020-21,2020-12-27,regular,Brooklyn Nets,Charlotte Hornets,BKN@CHA
2020-21,2020-12-27,regular,Boston Celtics,Indiana Pacers,BOS@IND
2020-21,2020-12-27,regular,Dallas Mavericks,LA Clippers,DAL@LAC
2020-21,2020-12-27,regular,Golden State Warriors,Chicago Bulls,GSW@CHI
2020-21,2020-12-27,regular,Milwaukee Bucks,New York Knicks,MIL@NYK
2020-21,2020-12-27,regular,Minnesota Timberwolves,Los Angeles Lakers,MIN@LAL
2020-21,2020-12-27,regular,Orlando Magic,Washington Wizards,ORL@WAS
2020-21,2020-12-27,regular,Philadelphia 76ers,Cleveland Cavaliers,PHI@CLE
2020-21,2020-12-27,regular,Phoenix Suns,Sacramento Kings,PHX@SAC
2020-21,2020-12-27,regular,San Antonio Spurs,New Orleans Pelicans,SAS@NOP
2020-21,2020-12-28,regular,Detroit Pistons,Atlanta Hawks,DET@ATL
2020-21,2020-12-28,regular,Houston Rockets,Denver Nuggets,HOU@DEN
2020-21,2020-12-28,regular,Memphis Grizzlies,Brooklyn Nets,MEM@BKN
2020-21,2020-12-28,regular,Portland Trail Blazers,Los Angeles Lakers,POR@LAL
2020-21,2020-12-28,regular,Utah Jazz,Oklahoma City Thunder,UTA@OKC
2020-21,2020-12-29,regular,Boston Celtics,Indiana Pacers,BOS@IND
2020-21,2020-12-29,regular,Chicago Bulls,Washington Wizards,CHI@WAS
2020-21,2020-12-29,regular,Denver Nuggets,Sacramento Kings,DEN@SAC
2020-21,2020-12-29,regular,Golden State Warriors,Detroit Pistons,GSW@DET
2020-21,2020-12-29,regular,Milwaukee Bucks,Miami Heat,MIL@MIA
2020-21,2020-12-29,regular,Minnesota Timberwolves,LA Clippers,MIN@LAC
2020-21,2020-12-29,regular,New Orleans Pelicans,Phoenix Suns,NOP@PHX
2020-21,2020-12-29,regular,New York Knicks,Cleveland Cavaliers,NYK@CLE
2020-21,2020-12-29,regular,Orlando Magic,Oklahoma City Thunder,ORL@OKC
2020-21,2020-12-29,regular,Toronto Raptors,Philadelphia 76ers,TOR@PHI
2020-21,2020-12-30,regular,Atlanta Hawks,Brooklyn Nets,ATL@BKN
2020-21,2020-12-30,regular,Charlotte Hornets,Dallas Mavericks,CHA@DAL
2020-21,2020-12-30,regular,Los Angeles Lakers,San Antonio Spurs,LAL@SAS
2020-21,2020-12-30,regular,Memphis Grizzlies,Boston Celtics,MEM@BOS
2020-21,2020-12-30,regular,Milwaukee Bucks,Miami Heat,MIL@MIA
2020-21,2020-12-30,regular,Portland Trail Blazers,LA Clippers,POR@LAC
2020-21,2020-12-31,regular,Chicago Bulls,Washington Wizards,CHI@WAS
2020-21,2020-12-31,regular,Cleveland Cavaliers,Indiana Pacers,CLE@IND
2020-21,2020-12-31,regular,New Orleans Pelicans,Oklahoma City Thunder,NOP@OKC
2020-21,2020-12-31,regular,New York Knicks,Toronto Raptors,NYK@TOR
2020-21,2020-12-31,regular,Philadelphia 76ers,Orlando Magic,PHI@ORL
2020-21,2020-12-31,regular,Phoenix Suns,Utah Jazz,PHX@UTA
2020-21,2020-12-31,regular,Sacramento Kings,Houston Rockets,SAC@HOU
2020-21,2021-01-01,regular,Atlanta Hawks,Brooklyn Nets,ATL@BKN
2020-21,2021-01-01,regular,Boston Celtics,Detroit Pistons,BOS@DET
2020-21,2021-01-01,regular,Chicago Bulls,Milwaukee Bucks,CHI@MIL
2020-21,2021-01-01,regular,LA Clippers,Utah Jazz,LAC@UTA
2020-21,2021-01-01,regular,Los Angeles Lakers,San Antonio Spurs,LAL@SAS
2020-21,2021-01-01,regular,Memphis Grizzlies,Charlotte Hornets,MEM@CHA
2020-21,2021-01-01,regular,Miami Heat,Dallas Mavericks,MIA@DAL
2020-21,2021-01-01,regular,Phoenix Suns,Denver Nuggets,PHX@DEN
2020-21,2021-01-01,regular,Portland Trail Blazers,Golden State Warriors,POR@GSW
2020-21,2021-01-01,regular,Washington Wizards,Minnesota Timberwolves,WAS@MIN
2020-21,2021-01-02,regular,Charlotte Hornets,Philadelphia 76ers,CHA@PHI
2020-21,2021-01-02,regular,Cleveland Cavaliers,Atlanta Hawks,CLE@ATL
2020-21,2021-01-02,regular,New York Knicks,Indiana Pacers,NYK@IND
2020-21,2021-01-02,regular,Oklahoma City Thunder,Orlando Magic,OKC@ORL
2020-21,2021-01-02,regular,Sacramento Kings,Houston Rockets,SAC@HOU
2020-21,2021-01-02,regular,Toronto Raptors,New Orleans Pelicans,TOR@NOP
2020-21,2021-01-03,regular,Boston Celtics,Detroit Pistons,BOS@DET
2020-21,2021-01-03,regular,Dallas Mavericks,Chicago Bulls,DAL@CHI
2020-21,2021-01-03,regular,Denver Nuggets,Minnesota Timberwolves,DEN@MIN
2020-21,2021-01-03,regular,LA Clippers,Phoenix Suns,LAC@PHX
2020-21,2021-01-03,regular,Los Angeles Lakers,Memphis Grizzlies,LAL@MEM
2020-21,2021-01-03,regular,Portland Trail Blazers,Golden State Warriors,POR@GSW
2020-21,2021-01-03,regular,Utah Jazz,San Antonio Spurs,UTA@SAS
2020-21,2021-01-03,regular,Washington Wizards,Brooklyn Nets,WAS@BKN
2020-21,2021-01-04,regular,Boston Celtics,Toronto Raptors,BOS@TOR
2020-21,2021-01-04,regular,Charlotte Hornets,Philadelphia 76ers,CHA@PHI
2020-21,2021-01-04,regular,Cleveland Cavaliers,Orlando Magic,CLE@ORL
2020-21,2021-01-04,regular,Dallas Mavericks,Houston Rockets,DAL@HOU
2020-21,2021-01-04,regular,Detroit Pistons,Milwaukee Bucks,DET@MIL
2020-21,2021-01-04,regular,Indiana Pacers,New Orleans Pelicans,IND@NOP
2020-21,2021-01-04,regular,New York Knicks,Atlanta Hawks,NYK@ATL
2020-21,2021-01-04,regular,Oklahoma City Thunder,Miami Heat,OKC@MIA
2020-21,2021-01-04,regular,Sacramento Kings,Golden State Warriors,SAC@GSW
2020-21,2021-01-05,regular,Chicago Bulls,Portland Trail Blazers,CHI@POR
2020-21,2021-01-05,regular,Los Angeles Lakers,Memphis Grizzlies,LAL@MEM
2020-21,2021-01-05,regular,Minnesota Timberwolves,Denver Nuggets,MIN@DEN
2020-21,2021-01-05,regular,San Antonio Spurs,LA Clippers,SAS@LAC
2020-21,2021-01-05,regular,Utah Jazz,Brooklyn Nets,UTA@BKN
2020-21,2021-01-06,regular,Boston Celtics,Miami Heat,BOS@MIA
2020-21,2021-01-06,regular,Charlotte Hornets,Atlanta Hawks,CHA@ATL
2020-21,2021-01-06,regular,Chicago Bulls,Sacramento Kings,CHI@SAC
2020-21,2021-01-06,regular,Cleveland Cavaliers,Orlando Magic,CLE@ORL
2020-21,2021-01-06,regular,Detroit Pistons,Milwaukee Bucks,DET@MIL
2020-21,2021-01-06,regular,Houston Rockets,Indiana Pacers,HOU@IND
2020-21,2021-01-06,regular,LA Clippers,Golden State Warriors,LAC@GSW
2020-21,2021-01-06,regular,Oklahoma City Thunder,New Orleans Pelicans,OKC@NOP
2020-21,2021-01-06,regular,Toronto Raptors,Phoenix Suns,TOR@PHX
2020-21,2021-01-06,regular,Utah Jazz,New York Knicks,UTA@NYK
2020-21,2021-01-06,regular,Washington Wizards,Philadelphia 76ers,WAS@PHI
2020-21,2021-01-07,regular,Cleveland Cavaliers,Memphis Grizzlies,CLE@MEM
2020-21,2021-01-07,regular,Dallas Mavericks,Denver Nuggets,DAL@DEN
2020-21,2021-01-07,regular,Minnesota Timberwolves,Portland Trail Blazers,MIN@POR
2020-21,2021-01-07,regular,Philadelphia 76ers,Brooklyn Nets,PHI@BKN
2020-21,2021-01-07,regular,San Antonio Spurs,Los Angeles Lakers,SAS@LAL
2020-21,2021-01-08,regular,Brooklyn Nets,Memphis Grizzlies,BKN@MEM
2020-21,2021-01-08,regular,Charlotte Hornets,New Orleans Pelicans,CHA@NOP
2020-21,2021-01-08,regular,Chicago Bulls,Los Angeles Lakers,CHI@LAL
2020-21,2021-01-08,regular,LA Clippers,Golden State Warriors,LAC@GSW
2020-21,2021-01-08,regular,Oklahoma City Thunder,New York Knicks,OKC@NYK
2020-21,2021-01-08,regular,Orlando Magic,Houston Rockets,ORL@HOU
2020-21,2021-01-08,regular,Phoenix Suns,Detroit Pistons,PHX@DET
2020-21,2021-01-08,regular,Toronto Raptors,Sacramento Kings,TOR@SAC
2020-21,2021-01-08,regular,Utah Jazz,Milwaukee Bucks,UTA@MIL
2020-21,2021-01-08,regular,Washington Wizards,Boston Celtics,WAS@BOS
2020-21,2021-01-09,regular,Atlanta Hawks,Charlotte Hornets,ATL@CHA
2020-21,2021-01-09,regular,Cleveland Cavaliers,Milwaukee Bucks,CLE@MIL
2020-21,2021-01-09,regular,Denver Nuggets,Philadelphia 76ers,DEN@PHI
2020-21,2021-01-09,regular,Miami Heat,Washington Wizards,MIA@WAS
2020-21,2021-01-09,regular,Orlando Magic,Dallas Mavericks,ORL@DAL
2020-21,2021-01-09,regular,Phoenix Suns,Indiana Pacers,PHX@IND
2020-21,2021-01-09,regular,Portland Trail Blazers,Sacramento Kings,POR@SAC
2020-21,2021-01-09,regular,San Antonio Spurs,Minnesota Timberwolves,SAS@MIN
2020-21,2021-01-10,regular,Chicago Bulls,LA Clippers,CHI@LAC
2020-21,2021-01-10,regular,Denver Nuggets,New York Knicks,DEN@NYK
2020-21,2021-01-10,regular,Los Angeles Lakers,Houston Rockets,LAL@HOU
2020-21,2021-01-10,regular,Oklahoma City Thunder,Brooklyn Nets,OKC@BKN
2020-21,2021-01-10,regular,San Antonio Spurs,Minnesota Timberwolves,SAS@MIN
2020-21,2021-01-10,regular,Toronto Raptors,Golden State Warriors,TOR@GSW
2020-21,2021-01-10,regular,Utah Jazz,Detroit Pistons,UTA@DET
2020-21,2021-01-11,regular,Indiana Pacers,Sacramento Kings,IND@SAC
2020-21,2021-01-11,regular,Memphis Grizzlies,Cleveland Cavaliers,MEM@CLE
2020-21,2021-01-11,regular,Milwaukee Bucks,Orlando Magic,MIL@ORL
2020-21,2021-01-11,regular,New York Knicks,Charlotte Hornets,NYK@CHA
2020-21,2021-01-11,regular,Philadelphia 76ers,Atlanta Hawks,PHI@ATL
2020-21,2021-01-11,regular,Phoenix Suns,Washington Wizards,PHX@WAS
2020-21,2021-01-11,regular,Toronto Raptors,Portland Trail Blazers,TOR@POR
2020-21,2021-01-12,regular,Denver Nuggets,Brooklyn Nets,DEN@BKN
2020-21,2021-01-12,regular,Indiana Pacers,Golden State Warriors,IND@GSW
2020-21,2021-01-12,regular,Los Angeles Lakers,Houston Rockets,LAL@HOU
2020-21,2021-01-12,regular,Miami Heat,Philadelphia 76ers,MIA@PHI
2020-21,2021-01-12,regular,San Antonio Spurs,Oklahoma City Thunder,SAS@OKC
2020-21,2021-01-12,regular,Utah Jazz,Cleveland Cavaliers,UTA@CLE
2020-21,2021-01-13,regular,Brooklyn Nets,New York Knicks,BKN@NYK
2020-21,2021-01-13,regular,Dallas Mavericks,Charlotte Hornets,DAL@CHA
2020-21,2021-01-13,regular,Los Angeles Lakers,Oklahoma City Thunder,LAL@OKC
2020-21,2021-01-13,regular,Memphis Grizzlies,Minnesota Timberwolves,MEM@MIN
2020-21,2021-01-13,regular,Milwaukee Bucks,Detroit Pistons,MIL@DET
2020-21,2021-01-13,regular,New Orleans Pelicans,LA Clippers,NOP@LAC
2020-21,2021-01-13,regular,Portland Trail Blazers,Sacramento Kings,POR@SAC
2020-21,2021-01-14,regular,Charlotte Hornets,Toronto Raptors,CHA@TOR
2020-21,2021-01-14,regular,Golden State Warriors,Denver Nuggets,GSW@DEN
2020-21,2021-01-14,regular,Houston Rockets,San Antonio Spurs,HOU@SAS
2020-21,2021-01-14,regular,Indiana Pacers,Portland Trail Blazers,IND@POR
2020-21,2021-01-14,regular,Miami Heat,Philadelphia 76ers,MIA@PHI
2020-21,2021-01-15,regular,Atlanta Hawks,Utah Jazz,ATL@UTA
2020-21,2021-01-15,regular,Chicago Bulls,Oklahoma City Thunder,CHI@OKC
2020-21,2021-01-15,regular,Dallas Mavericks,Milwaukee Bucks,DAL@MIL
2020-21,2021-01-15,regular,LA Clippers,Sacramento Kings,LAC@SAC
2020-21,2021-01-15,regular,New Orleans Pelicans,Los Angeles Lakers,NOP@LAL
2020-21,2021-01-15,regular,New York Knicks,Cleveland Cavaliers,NYK@CLE
2020-21,2021-01-15,regular,Orlando Magic,Boston Celtics,ORL@BOS
2020-21,2021-01-16,regular,Atlanta Hawks,Portland Trail Blazers,ATL@POR
2020-21,2021-01-16,regular,Charlotte Hornets,Toronto Raptors,CHA@TOR
2020-21,2021-01-16,regular,Detroit Pistons,Miami Heat,DET@MIA
2020-21,2021-01-16,regular,Houston Rockets,San Antonio Spurs,HOU@SAS
2020-21,2021-01-16,regular,Orlando Magic,Brooklyn Nets,ORL@BKN
2020-21,2021-01-16,regular,Philadelphia 76ers,Memphis Grizzlies,PHI@MEM
2020-21,2021-01-17,regular,Chicago Bulls,Dallas Mavericks,CHI@DAL
2020-21,2021-01-17,regular,Indiana Pacers,LA Clippers,IND@LAC
2020-21,2021-01-17,regular,New Orleans Pelicans,Sacramento Kings,NOP@SAC
2020-21,2021-01-17,regular,New York Knicks,Boston Celtics,NYK@BOS
2020-21,2021-01-17,regular,Utah Jazz,Denver Nuggets,UTA@DEN
2020-21,2021-01-18,regular,Dallas Mavericks,Toronto Raptors,DAL@TOR
2020-21,2021-01-18,regular,Detroit Pistons,Miami Heat,DET@MIA
2020-21,2021-01-18,regular,Golden State Warriors,Los Angeles Lakers,GSW@LAL
2020-21,2021-01-18,regular,Houston Rockets,Chicago Bulls,HOU@CHI
2020-21,2021-01-18,regular,Milwaukee Bucks,Brooklyn Nets,MIL@BKN
2020-21,2021-01-18,regular,Minnesota Timberwolves,Atlanta Hawks,MIN@ATL
2020-21,2021-01-18,regular,Orlando Magic,New York Knicks,ORL@NYK
2020-21,2021-01-18,regular,Phoenix Suns,Memphis Grizzlies,PHX@MEM
2020-21,2021-01-18,regular,San Antonio Spurs,Portland Trail Blazers,SAS@POR
2020-21,2021-01-19,regular,New Orleans Pelicans,Utah Jazz,NOP@UTA
2020-21,2021-01-19,regular,Oklahoma City Thunder,Denver Nuggets,OKC@DEN
2020-21,2021-01-20,regular,Brooklyn Nets,Cleveland Cavaliers,BKN@CLE
2020-21,2021-01-20,regular,Boston Celtics,Philadelphia 76ers,BOS@PHI
2020-21,2021-01-20,regular,Dallas Mavericks,Indiana Pacers,DAL@IND
2020-21,2021-01-20,regular,Detroit Pistons,Atlanta Hawks,DET@ATL
2020-21,2021-01-20,regular,Miami Heat,Toronto Raptors,MIA@TOR
2020-21,2021-01-20,regular,Orlando Magic,Minnesota Timberwolves,ORL@MIN
2020-21,2021-01-20,regular,Phoenix Suns,Houston Rockets,PHX@HOU
2020-21,2021-01-20,regular,Sacramento Kings,LA Clippers,SAC@LAC
2020-21,2021-01-20,regular,San Antonio Spurs,Golden State Warriors,SAS@GSW
2020-21,2021-01-21,regular,Los Angeles Lakers,Milwaukee Bucks,LAL@MIL
2020-21,2021-01-21,regular,New Orleans Pelicans,Utah Jazz,NOP@UTA
2020-21,2021-01-21,regular,New York Knicks,Golden State Warriors,NYK@GSW
2020-21,2021-01-22,regular,Atlanta Hawks,Minnesota Timberwolves,ATL@MIN
2020-21,2021-01-22,regular,Brooklyn Nets,Cleveland Cavaliers,BKN@CLE
2020-21,2021-01-22,regular,Boston Celtics,Philadelphia 76ers,BOS@PHI
2020-21,2021-01-22,regular,Chicago Bulls,Charlotte Hornets,CHI@CHA
2020-21,2021-01-22,regular,Dallas Mavericks,San Antonio Spurs,DAL@SAS
2020-21,2021-01-22,regular,Denver Nuggets,Phoenix Suns,DEN@PHX
2020-21,2021-01-22,regular,Houston Rockets,Detroit Pistons,HOU@DET
2020-21,2021-01-22,regular,Miami Heat,Toronto Raptors,MIA@TOR
2020-21,2021-01-22,regular,New York Knicks,Sacramento Kings,NYK@SAC
2020-21,2021-01-22,regular,Oklahoma City Thunder,LA Clippers,OKC@LAC
2020-21,2021-01-22,regular,Orlando Magic,Indiana Pacers,ORL@IND
2020-21,2021-01-23,regular,Denver Nuggets,Phoenix Suns,DEN@PHX
2020-21,2021-01-23,regular,Golden State Warriors,Utah Jazz,GSW@UTA
2020-21,2021-01-23,regular,Houston Rockets,Dallas Mavericks,HOU@DAL
2020-21,2021-01-23,regular,Los Angeles Lakers,Chicago Bulls,LAL@CHI
2020-21,2021-01-23,regular,Miami Heat,Brooklyn Nets,MIA@BKN
2020-21,2021-01-23,regular,New Orleans Pelicans,Minnesota Timberwolves,NOP@MIN
2020-21,2021-01-23,regular,Philadelphia 76ers,Detroit Pistons,PHI@DET
2020-21,2021-01-24,regular,Atlanta Hawks,Milwaukee Bucks,ATL@MIL
2020-21,2021-01-24,regular,Charlotte Hornets,Orlando Magic,CHA@ORL
2020-21,2021-01-24,regular,Cleveland Cavaliers,Boston Celtics,CLE@BOS
2020-21,2021-01-24,regular,New York Knicks,Portland Trail Blazers,NYK@POR
2020-21,2021-01-24,regular,Oklahoma City Thunder,LA Clippers,OKC@LAC
2020-21,2021-01-24,regular,Toronto Raptors,Indiana Pacers,TOR@IND
2020-21,2021-01-24,regular,Washington Wizards,San Antonio Spurs,WAS@SAS
2020-21,2021-01-25,regular,Boston Celtics,Chicago Bulls,BOS@CHI
2020-21,2021-01-25,regular,Charlotte Hornets,Orlando Magic,CHA@ORL
2020-21,2021-01-25,regular,Denver Nuggets,Dallas Mavericks,DEN@DAL
2020-21,2021-01-25,regular,Los Angeles Lakers,Cleveland Cavaliers,LAL@CLE
2020-21,2021-01-25,regular,Miami Heat,Brooklyn Nets,MIA@BKN
2020-21,2021-01-25,regular,Minnesota Timberwolves,Golden State Warriors,MIN@GSW
2020-21,2021-01-25,regular,Oklahoma City Thunder,Portland Trail Blazers,OKC@POR
2020-21,2021-01-25,regular,Philadelphia 76ers,Detroit Pistons,PHI@DET
2020-21,2021-01-25,regular,Toronto Raptors,Indiana Pacers,TOR@IND
2020-21,2021-01-26,regular,LA Clippers,Atlanta Hawks,LAC@ATL
2020-21,2021-01-26,regular,New York Knicks,Utah Jazz,NYK@UTA
2020-21,2021-01-26,regular,Washington Wizards,Houston Rockets,WAS@HOU
2020-21,2021-01-27,regular,Brooklyn Nets,Atlanta Hawks,BKN@ATL
2020-21,2021-01-27,regular,Boston Celtics,San Antonio Spurs,BOS@SAS
2020-21,2021-01-27,regular,Dallas Mavericks,Utah Jazz,DAL@UTA
2020-21,2021-01-27,regular,Denver Nuggets,Miami Heat,DEN@MIA
2020-21,2021-01-27,regular,Detroit Pistons,Cleveland Cavaliers,DET@CLE
2020-21,2021-01-27,regular,Indiana Pacers,Charlotte Hornets,IND@CHA
2020-21,2021-01-27,regular,Los Angeles Lakers,Philadelphia 76ers,LAL@PHI
2020-21,2021-01-27,regular,Milwaukee Bucks,Toronto Raptors,MIL@TOR
2020-21,2021-01-27,regular,Minnesota Timberwolves,Golden State Warriors,MIN@GSW
2020-21,2021-01-27,regular,Oklahoma City Thunder,Phoenix Suns,OKC@PHX
2020-21,2021-01-27,regular,Sacramento Kings,Orlando Magic,SAC@ORL
2020-21,2021-01-27,regular,Washington Wizards,New Orleans Pelicans,WAS@NOP
2020-21,2021-01-28,regular,Golden State Warriors,Phoenix Suns,GSW@PHX
2020-21,2021-01-28,regular,LA Clippers,Miami Heat,LAC@MIA
2020-21,2021-01-28,regular,Los Angeles Lakers,Detroit Pistons,LAL@DET
2020-21,2021-01-28,regular,Portland Trail Blazers,Houston Rockets,POR@HOU
2020-21,2021-01-29,regular,Atlanta Hawks,Washington Wizards,ATL@WAS
2020-21,2021-01-29,regular,Brooklyn Nets,Oklahoma City Thunder,BKN@OKC
2020-21,2021-01-29,regular,Cleveland Cavaliers,New York Knicks,CLE@NYK
2020-21,2021-01-29,regular,Dallas Mavericks,Utah Jazz,DAL@UTA
2020-21,2021-01-29,regular,Denver Nuggets,San Antonio Spurs,DEN@SAS
2020-21,2021-01-29,regular,Indiana Pacers,Charlotte Hornets,IND@CHA
2020-21,2021-01-29,regular,LA Clippers,Orlando Magic,LAC@ORL
2020-21,2021-01-29,regular,Milwaukee Bucks,New Orleans Pelicans,MIL@NOP
2020-21,2021-01-29,regular,Philadelphia 76ers,Minnesota Timberwolves,PHI@MIN
2020-21,2021-01-29,regular,Sacramento Kings,Toronto Raptors,SAC@TOR
2020-21,2021-01-30,regular,Detroit Pistons,Golden State Warriors,DET@GSW
2020-21,2021-01-30,regular,Houston Rockets,New Orleans Pelicans,HOU@NOP
2020-21,2021-01-30,regular,Los Angeles Lakers,Boston Celtics,LAL@BOS
2020-21,2021-01-30,regular,Memphis Grizzlies,San Antonio Spurs,MEM@SAS
2020-21,2021-01-30,regular,Milwaukee Bucks,Charlotte Hornets,MIL@CHA
2020-21,2021-01-30,regular,Phoenix Suns,Dallas Mavericks,PHX@DAL
2020-21,2021-01-30,regular,Portland Trail Blazers,Chicago Bulls,POR@CHI
2020-21,2021-01-30,regular,Sacramento Kings,Miami Heat,SAC@MIA
2020-21,2021-01-31,regular,Brooklyn Nets,Washington Wizards,BKN@WAS
2020-21,2021-01-31,regular,Cleveland Cavaliers,Minnesota Timberwolves,CLE@MIN
2020-21,2021-01-31,regular,LA Clippers,New York Knicks,LAC@NYK
2020-21,2021-01-31,regular,Orlando Magic,Toronto Raptors,ORL@TOR
2020-21,2021-01-31,regular,Philadelphia 76ers,Indiana Pacers,PHI@IND
2020-21,2021-01-31,regular,Utah Jazz,Denver Nuggets,UTA@DEN
2020-21,2021-02-01,regular,Charlotte Hornets,Miami Heat,CHA@MIA
2020-21,2021-02-01,regular,Houston Rockets,Oklahoma City Thunder,HOU@OKC
2020-21,2021-02-01,regular,Los Angeles Lakers,Atlanta Hawks,LAL@ATL
2020-21,2021-02-01,regular,Memphis Grizzlies,San Antonio Spurs,MEM@SAS
2020-21,2021-02-01,regular,Minnesota Timberwolves,Cleveland Cavaliers,MIN@CLE
2020-21,2021-02-01,regular,New York Knicks,Chicago Bulls,NYK@CHI
2020-21,2021-02-01,regular,Phoenix Suns,Dallas Mavericks,PHX@DAL
2020-21,2021-02-01,regular,Portland Trail Blazers,Milwaukee Bucks,POR@MIL
2020-21,2021-02-01,regular,Sacramento Kings,New Orleans Pelicans,SAC@NOP
2020-21,2021-02-02,regular,Boston Celtics,Golden State Warriors,BOS@GSW
2020-21,2021-02-02,regular,Detroit Pistons,Utah Jazz,DET@UTA
2020-21,2021-02-02,regular,LA Clippers,Brooklyn Nets,LAC@BKN
2020-21,2021-02-02,regular,Memphis Grizzlies,Indiana Pacers,MEM@IND
2020-21,2021-02-02,regular,Portland Trail Blazers,Washington Wizards,POR@WAS
2020-21,2021-02-02,regular,Toronto Raptors,Orlando Magic,TOR@ORL
2020-21,2021-02-03,regular,Boston Celtics,Sacramento Kings,BOS@SAC
2020-21,2021-02-03,regular,Dallas Mavericks,Atlanta Hawks,DAL@ATL
2020-21,2021-02-03,regular,Houston Rockets,Oklahoma City Thunder,HOU@OKC
2020-21,2021-02-03,regular,Indiana Pacers,Milwaukee Bucks,IND@MIL
2020-21,2021-02-03,regular,LA Clippers,Cleveland Cavaliers,LAC@CLE
2020-21,2021-02-03,regular,Minnesota Timberwolves,San Antonio Spurs,MIN@SAS
2020-21,2021-02-03,regular,New York Knicks,Chicago Bulls,NYK@CHI
2020-21,2021-02-03,regular,Philadelphia 76ers,Charlotte Hornets,PHI@CHA
2020-21,2021-02-03,regular,Phoenix Suns,New Orleans Pelicans,PHX@NOP
2020-21,2021-02-03,regular,Washington Wizards,Miami Heat,WAS@MIA
2020-21,2021-02-04,regular,Denver Nuggets,Los Angeles Lakers,DEN@LAL
2020-21,2021-02-04,regular,Golden State Warriors,Dallas Mavericks,GSW@DAL
2020-21,2021-02-04,regular,Houston Rockets,Memphis Grizzlies,HOU@MEM
2020-21,2021-02-04,regular,Portland Trail Blazers,Philadelphia 76ers,POR@PHI
2020-21,2021-02-04,regular,Utah Jazz,Atlanta Hawks,UTA@ATL
2020-21,2021-02-05,regular,Boston Celtics,LA Clippers,BOS@LAC
2020-21,2021-02-05,regular,Chicago Bulls,Orlando Magic,CHI@ORL
2020-21,2021-02-05,regular,Detroit Pistons,Phoenix Suns,DET@PHX
2020-21,2021-02-05,regular,Milwaukee Bucks,Cleveland Cavaliers,MIL@CLE
2020-21,2021-02-05,regular,Minnesota Timberwolves,Oklahoma City Thunder,MIN@OKC
2020-21,2021-02-05,regular,New Orleans Pelicans,Indiana Pacers,NOP@IND
2020-21,2021-02-05,regular,Toronto Raptors,Brooklyn Nets,TOR@BKN
2020-21,2021-02-05,regular,Utah Jazz,Charlotte Hornets,UTA@CHA
2020-21,2021-02-05,regular,Washington Wizards,Miami Heat,WAS@MIA
2020-21,2021-02-06,regular,Brooklyn Nets,Philadelphia 76ers,BKN@PHI
2020-21,2021-02-06,regular,Chicago Bulls,Orlando Magic,CHI@ORL
2020-21,2021-02-06,regular,Denver Nuggets,Sacramento Kings,DEN@SAC
2020-21,2021-02-06,regular,Detroit Pistons,Los Angeles Lakers,DET@LAL
2020-21,2021-02-06,regular,Golden State Warriors,Dallas Mavericks,GSW@DAL
2020-21,2021-02-06,regular,Memphis Grizzlies,New Orleans Pelicans,MEM@NOP
2020-21,2021-02-06,regular,Milwaukee Bucks,Cleveland Cavaliers,MIL@CLE
2020-21,2021-02-06,regular,Minnesota Timberwolves,Oklahoma City Thunder,MIN@OKC
2020-21,2021-02-06,regular,Portland Trail Blazers,New York Knicks,POR@NYK
2020-21,2021-02-06,regular,San Antonio Spurs,Houston Rockets,SAS@HOU
2020-21,2021-02-06,regular,Toronto Raptors,Atlanta Hawks,TOR@ATL
2020-21,2021-02-07,regular,Boston Celtics,Phoenix Suns,BOS@PHX
2020-21,2021-02-07,regular,Miami Heat,New York Knicks,MIA@NYK
2020-21,2021-02-07,regular,Sacramento Kings,LA Clippers,SAC@LAC
2020-21,2021-02-07,regular,Utah Jazz,Indiana Pacers,UTA@IND
2020-21,2021-02-07,regular,Washington Wizards,Charlotte Hornets,WAS@CHA
2020-21,2021-02-08,regular,Cleveland Cavaliers,Phoenix Suns,CLE@PHX
2020-21,2021-02-08,regular,Golden State Warriors,San Antonio Spurs,GSW@SAS
2020-21,2021-02-08,regular,Houston Rockets,Charlotte Hornets,HOU@CHA
2020-21,2021-02-08,regular,Milwaukee Bucks,Denver Nuggets,MIL@DEN
2020-21,2021-02-08,regular,Minnesota Timberwolves,Dallas Mavericks,MIN@DAL
2020-21,2021-02-08,regular,Oklahoma City Thunder,Los Angeles Lakers,OKC@LAL
2020-21,2021-02-08,regular,Toronto Raptors,Memphis Grizzlies,TOR@MEM
2020-21,2021-02-08,regular,Washington Wizards,Chicago Bulls,WAS@CHI
2020-21,2021-02-09,regular,Brooklyn Nets,Detroit Pistons,BKN@DET
2020-21,2021-02-09,regular,Boston Celtics,Utah Jazz,BOS@UTA
2020-21,2021-02-09,regular,Golden State Warriors,San Antonio Spurs,GSW@SAS
2020-21,2021-02-09,regular,Houston Rockets,New Orleans Pelicans,HOU@NOP
2020-21,2021-02-09,regular,New York Knicks,Miami Heat,NYK@MIA
2020-21,2021-02-09,regular,Orlando Magic,Portland Trail Blazers,ORL@POR
2020-21,2021-02-09,regular,Philadelphia 76ers,Sacramento Kings,PHI@SAC
2020-21,2021-02-10,regular,Atlanta Hawks,Dallas Mavericks,ATL@DAL
2020-21,2021-02-10,regular,Charlotte Hornets,Memphis Grizzlies,CHA@MEM
2020-21,2021-02-10,regular,Cleveland Cavaliers,Denver Nuggets,CLE@DEN
2020-21,2021-02-10,regular,Indiana Pacers,Brooklyn Nets,IND@BKN
2020-21,2021-02-10,regular,LA Clippers,Minnesota Timberwolves,LAC@MIN
2020-21,2021-02-10,regular,Milwaukee Bucks,Phoenix Suns,MIL@PHX
2020-21,2021-02-10,regular,New Orleans Pelicans,Chicago Bulls,NOP@CHI
2020-21,2021-02-10,regular,Oklahoma City Thunder,Los Angeles Lakers,OKC@LAL
2020-21,2021-02-10,regular,Toronto Raptors,Washington Wizards,TOR@WAS
2020-21,2021-02-11,regular,Indiana Pacers,Detroit Pistons,IND@DET
2020-21,2021-02-11,regular,Miami Heat,Houston Rockets,MIA@HOU
2020-21,2021-02-11,regular,Orlando Magic,Golden State Warriors,ORL@GSW
2020-21,2021-02-11,regular,Philadelphia 76ers,Portland Trail Blazers,PHI@POR
2020-21,2021-02-11,regular,Toronto Raptors,Boston Celtics,TOR@BOS
2020-21,2021-02-12,regular,Cleveland Cavaliers,Portland Trail Blazers,CLE@POR
2020-21,2021-02-12,regular,Detroit Pistons,Boston Celtics,DET@BOS
2020-21,2021-02-12,regular,LA Clippers,Chicago Bulls,LAC@CHI
2020-21,2021-02-12,regular,Memphis Grizzlies,Los Angeles Lakers,MEM@LAL
2020-21,2021-02-12,regular,Milwaukee Bucks,Utah Jazz,MIL@UTA
2020-21,2021-02-12,regular,Minnesota Timberwolves,Charlotte Hornets,MIN@CHA
2020-21,2021-02-12,regular,New Orleans Pelicans,Dallas Mavericks,NOP@DAL
2020-21,2021-02-12,regular,New York Knicks,Washington Wizards,NYK@WAS
2020-21,2021-02-12,regular,Oklahoma City Thunder,Denver Nuggets,OKC@DEN
2020-21,2021-02-12,regular,Orlando Magic,Sacramento Kings,ORL@SAC
2020-21,2021-02-12,regular,San Antonio Spurs,Atlanta Hawks,SAS@ATL
2020-21,2021-02-13,regular,Brooklyn Nets,Golden State Warriors,BKN@GSW
2020-21,2021-02-13,regular,Houston Rockets,New York Knicks,HOU@NYK
2020-21,2021-02-13,regular,Indiana Pacers,Atlanta Hawks,IND@ATL
2020-21,2021-02-13,regular,Miami Heat,Utah Jazz,MIA@UTA
2020-21,2021-02-13,regular,Philadelphia 76ers,Phoenix Suns,PHI@PHX
2020-21,2021-02-14,regular,Boston Celtics,Washington Wizards,BOS@WAS
2020-21,2021-02-14,regular,Cleveland Cavaliers,LA Clippers,CLE@LAC
2020-21,2021-02-14,regular,Los Angeles Lakers,Denver Nuggets,LAL@DEN
2020-21,2021-02-14,regular,Memphis Grizzlies,Sacramento Kings,MEM@SAC
2020-21,2021-02-14,regular,Milwaukee Bucks,Oklahoma City Thunder,MIL@OKC
2020-21,2021-02-14,regular,Minnesota Timberwolves,Toronto Raptors,MIN@TOR
2020-21,2021-02-14,regular,New Orleans Pelicans,Detroit Pistons,NOP@DET
2020-21,2021-02-14,regular,Orlando Magic,Phoenix Suns,ORL@PHX
2020-21,2021-02-14,regular,Portland Trail Blazers,Dallas Mavericks,POR@DAL
2020-21,2021-02-14,regular,San Antonio Spurs,Charlotte Hornets,SAS@CHA
2020-21,2021-02-15,regular,Atlanta Hawks,New York Knicks,ATL@NYK
2020-21,2021-02-15,regular,Brooklyn Nets,Sacramento Kings,BKN@SAC
2020-21,2021-02-15,regular,Chicago Bulls,Indiana Pacers,CHI@IND
2020-21,2021-02-15,regular,Cleveland Cavaliers,Golden State Warriors,CLE@GSW
2020-21,2021-02-15,regular,Houston Rockets,Washington Wizards,HOU@WAS
2020-21,2021-02-15,regular,Miami Heat,LA Clippers,MIA@LAC
2020-21,2021-02-15,regular,Philadelphia 76ers,Utah Jazz,PHI@UTA
2020-21,2021-02-16,regular,Brooklyn Nets,Phoenix Suns,BKN@PHX
2020-21,2021-02-16,regular,Denver Nuggets,Boston Celtics,DEN@BOS
2020-21,2021-02-16,regular,Los Angeles Lakers,Minnesota Timberwolves,LAL@MIN
2020-21,2021-02-16,regular,New Orleans Pelicans,Memphis Grizzlies,NOP@MEM
2020-21,2021-02-16,regular,Portland Trail Blazers,Oklahoma City Thunder,POR@OKC
2020-21,2021-02-16,regular,Toronto Raptors,Milwaukee Bucks,TOR@MIL
2020-21,2021-02-17,regular,Atlanta Hawks,Boston Celtics,ATL@BOS
2020-21,2021-02-17,regular,Denver Nuggets,Washington Wizards,DEN@WAS
2020-21,2021-02-17,regular,Detroit Pistons,Chicago Bulls,DET@CHI
2020-21,2021-02-17,regular,Houston Rockets,Philadelphia 76ers,HOU@PHI
2020-21,2021-02-17,regular,Indiana Pacers,Minnesota Timberwolves,IND@MIN
2020-21,2021-02-17,regular,Miami Heat,Golden State Warriors,MIA@GSW
2020-21,2021-02-17,regular,New York Knicks,Orlando Magic,NYK@ORL
2020-21,2021-02-17,regular,Oklahoma City Thunder,Memphis Grizzlies,OKC@MEM
2020-21,2021-02-17,regular,Portland Trail Blazers,New Orleans Pelicans,POR@NOP
2020-21,2021-02-17,regular,Utah Jazz,LA Clippers,UTA@LAC
2020-21,2021-02-18,regular,Brooklyn Nets,Los Angeles Lakers,BKN@LAL
2020-21,2021-02-18,regular,Miami Heat,Sacramento Kings,MIA@SAC
2020-21,2021-02-18,regular,Toronto Raptors,Milwaukee Bucks,TOR@MIL
2020-21,2021-02-19,regular,Atlanta Hawks,Boston Celtics,ATL@BOS
2020-21,2021-02-19,regular,Chicago Bulls,Philadelphia 76ers,CHI@PHI
2020-21,2021-02-19,regular,Denver Nuggets,Cleveland Cavaliers,DEN@CLE
2020-21,2021-02-19,regular,Detroit Pistons,Memphis Grizzlies,DET@MEM
2020-21,2021-02-19,regular,Golden State Warriors,Orlando Magic,GSW@ORL
2020-21,2021-02-19,regular,Oklahoma City Thunder,Milwaukee Bucks,OKC@MIL
2020-21,2021-02-19,regular,Phoenix Suns,New Orleans Pelicans,PHX@NOP
2020-21,2021-02-19,regular,Toronto Raptors,Minnesota Timberwolves,TOR@MIN
2020-21,2021-02-19,regular,Utah Jazz,LA Clippers,UTA@LAC
2020-21,2021-02-20,regular,Golden State Warriors,Charlotte Hornets,GSW@CHA
2020-21,2021-02-20,regular,Miami Heat,Los Angeles Lakers,MIA@LAL
2020-21,2021-02-20,regular,Phoenix Suns,Memphis Grizzlies,PHX@MEM
2020-21,2021-02-20,regular,Sacramento Kings,Chicago Bulls,SAC@CHI
2020-21,2021-02-20,regular,Washington Wizards,Portland Trail Blazers,WAS@POR
2020-21,2021-02-21,regular,Brooklyn Nets,LA Clippers,BKN@LAC
2020-21,2021-02-21,regular,Boston Celtics,New Orleans Pelicans,BOS@NOP
2020-21,2021-02-21,regular,Denver Nuggets,Atlanta Hawks,DEN@ATL
2020-21,2021-02-21,regular,Detroit Pistons,Orlando Magic,DET@ORL
2020-21,2021-02-21,regular,Minnesota Timberwolves,New York Knicks,MIN@NYK
2020-21,2021-02-21,regular,Oklahoma City Thunder,Cleveland Cavaliers,OKC@CLE
2020-21,2021-02-21,regular,Philadelphia 76ers,Toronto Raptors,PHI@TOR
2020-21,2021-02-21,regular,Sacramento Kings,Milwaukee Bucks,SAC@MIL
2020-21,2021-02-22,regular,Charlotte Hornets,Utah Jazz,CHA@UTA
2020-21,2021-02-22,regular,Chicago Bulls,Houston Rockets,CHI@HOU
2020-21,2021-02-22,regular,Memphis Grizzlies,Dallas Mavericks,MEM@DAL
2020-21,2021-02-22,regular,Miami Heat,Oklahoma City Thunder,MIA@OKC
2020-21,2021-02-22,regular,Portland Trail Blazers,Phoenix Suns,POR@PHX
2020-21,2021-02-22,regular,Washington Wizards,Los Angeles Lakers,WAS@LAL
2020-21,2021-02-23,regular,Atlanta Hawks,Cleveland Cavaliers,ATL@CLE
2020-21,2021-02-23,regular,Boston Celtics,Dallas Mavericks,BOS@DAL
2020-21,2021-02-23,regular,Detroit Pistons,Orlando Magic,DET@ORL
2020-21,2021-02-23,regular,Golden State Warriors,New York Knicks,GSW@NYK
2020-21,2021-02-23,regular,Minnesota Timberwolves,Milwaukee Bucks,MIN@MIL
2020-21,2021-02-23,regular,Philadelphia 76ers,Toronto Raptors,PHI@TOR
2020-21,2021-02-23,regular,Portland Trail Blazers,Denver Nuggets,POR@DEN
2020-21,2021-02-23,regular,Sacramento Kings,Brooklyn Nets,SAC@BKN
2020-21,2021-02-23,regular,Washington Wizards,LA Clippers,WAS@LAC
2020-21,2021-02-24,regular,Boston Celtics,Atlanta Hawks,BOS@ATL
2020-21,2021-02-24,regular,Charlotte Hornets,Phoenix Suns,CHA@PHX
2020-21,2021-02-24,regular,Detroit Pistons,New Orleans Pelicans,DET@NOP
2020-21,2021-02-24,regular,Golden State Warriors,Indiana Pacers,GSW@IND
2020-21,2021-02-24,regular,Houston Rockets,Cleveland Cavaliers,HOU@CLE
2020-21,2021-02-24,regular,Los Angeles Lakers,Utah Jazz,LAL@UTA
2020-21,2021-02-24,regular,Minnesota Timberwolves,Chicago Bulls,MIN@CHI
2020-21,2021-02-24,regular,San Antonio Spurs,Oklahoma City Thunder,SAS@OKC
2020-21,2021-02-24,regular,Toronto Raptors,Miami Heat,TOR@MIA
2020-21,2021-02-25,regular,Dallas Mavericks,Philadelphia 76ers,DAL@PHI
2020-21,2021-02-25,regular,LA Clippers,Memphis Grizzlies,LAC@MEM
2020-21,2021-02-25,regular,New Orleans Pelicans,Milwaukee Bucks,NOP@MIL
2020-21,2021-02-25,regular,Orlando Magic,Brooklyn Nets,ORL@BKN
2020-21,2021-02-25,regular,Sacramento Kings,New York Knicks,SAC@NYK
2020-21,2021-02-25,regular,Washington Wizards,Denver Nuggets,WAS@DEN
2020-21,2021-02-26,regular,Atlanta Hawks,Oklahoma City Thunder,ATL@OKC
2020-21,2021-02-26,regular,Charlotte Hornets,Golden State Warriors,CHA@GSW
2020-21,2021-02-26,regular,Houston Rockets,Toronto Raptors,HOU@TOR
2020-21,2021-02-26,regular,Indiana Pacers,Boston Celtics,IND@BOS
2020-21,2021-02-26,regular,LA Clippers,Memphis Grizzlies,LAC@MEM
2020-21,2021-02-26,regular,Phoenix Suns,Chicago Bulls,PHX@CHI
2020-21,2021-02-26,regular,Portland Trail Blazers,Los Angeles Lakers,POR@LAL
2020-21,2021-02-26,regular,Sacramento Kings,Detroit Pistons,SAC@DET
2020-21,2021-02-26,regular,Utah Jazz,Miami Heat,UTA@MIA
2020-21,2021-02-27,regular,Cleveland Cavaliers,Philadelphia 76ers,CLE@PHI
2020-21,2021-02-27,regular,Dallas Mavericks,Brooklyn Nets,DAL@BKN
2020-21,2021-02-27,regular,Denver Nuggets,Oklahoma City Thunder,DEN@OKC
2020-21,2021-02-27,regular,Indiana Pacers,New York Knicks,IND@NYK
2020-21,2021-02-27,regular,Minnesota Timberwolves,Washington Wizards,MIN@WAS
2020-21,2021-02-27,regular,New Orleans Pelicans,San Antonio Spurs,NOP@SAS
2020-21,2021-02-27,regular,Utah Jazz,Orlando Magic,UTA@ORL
2020-21,2021-02-28,regular,Atlanta Hawks,Miami Heat,ATL@MIA
2020-21,2021-02-28,regular,Charlotte Hornets,Sacramento Kings,CHA@SAC
2020-21,2021-02-28,regular,Golden State Warriors,Los Angeles Lakers,GSW@LAL
2020-21,2021-02-28,regular,LA Clippers,Milwaukee Bucks,LAC@MIL
2020-21,2021-02-28,regular,Memphis Grizzlies,Houston Rockets,MEM@HOU
2020-21,2021-02-28,regular,New York Knicks,Detroit Pistons,NYK@DET
2020-21,2021-02-28,regular,Phoenix Suns,Minnesota Timberwolves,PHX@MIN
2020-21,2021-02-28,regular,Washington Wizards,Boston Celtics,WAS@BOS
2020-21,2021-03-01,regular,Brooklyn Nets,San Antonio Spurs,BKN@SAS
2020-21,2021-03-01,regular,Charlotte Hornets,Portland Trail Blazers,CHA@POR
2020-21,2021-03-01,regular,Cleveland Cavaliers,Houston Rockets,CLE@HOU
2020-21,2021-03-01,regular,Dallas Mavericks,Orlando Magic,DAL@ORL
2020-21,2021-03-01,regular,Denver Nuggets,Chicago Bulls,DEN@CHI
2020-21,2021-03-01,regular,Indiana Pacers,Philadelphia 76ers,IND@PHI
2020-21,2021-03-01,regular,Utah Jazz,New Orleans Pelicans,UTA@NOP
2020-21,2021-03-02,regular,Atlanta Hawks,Miami Heat,ATL@MIA
2020-21,2021-03-02,regular,Denver Nuggets,Milwaukee Bucks,DEN@MIL
2020-21,2021-03-02,regular,LA Clippers,Boston Celtics,LAC@BOS
2020-21,2021-03-02,regular,Memphis Grizzlies,Washington Wizards,MEM@WAS
2020-21,2021-03-02,regular,New York Knicks,San Antonio Spurs,NYK@SAS
2020-21,2021-03-02,regular,Phoenix Suns,Los Angeles Lakers,PHX@LAL
2020-21,2021-03-03,regular,Atlanta Hawks,Orlando Magic,ATL@ORL
2020-21,2021-03-03,regular,Brooklyn Nets,Houston Rockets,BKN@HOU
2020-21,2021-03-03,regular,Charlotte Hornets,Minnesota Timberwolves,CHA@MIN
2020-21,2021-03-03,regular,Chicago Bulls,New Orleans Pelicans,CHI@NOP
2020-21,2021-03-03,regular,Detroit Pistons,Toronto Raptors,DET@TOR
2020-21,2021-03-03,regular,Golden State Warriors,Portland Trail Blazers,GSW@POR
2020-21,2021-03-03,regular,Indiana Pacers,Cleveland Cavaliers,IND@CLE
2020-21,2021-03-03,regular,Los Angeles Lakers,Sacramento Kings,LAL@SAC
2020-21,2021-03-03,regular,Oklahoma City Thunder,Dallas Mavericks,OKC@DAL
2020-21,2021-03-03,regular,Utah Jazz,Philadelphia 76ers,UTA@PHI
2020-21,2021-03-04,regular,Denver Nuggets,Indiana Pacers,DEN@IND
2020-21,2021-03-04,regular,Detroit Pistons,New York Knicks,DET@NYK
2020-21,2021-03-04,regular,Golden State Warriors,Phoenix Suns,GSW@PHX
2020-21,2021-03-04,regular,LA Clippers,Washington Wizards,LAC@WAS
2020-21,2021-03-04,regular,Miami Heat,New Orleans Pelicans,MIA@NOP
2020-21,2021-03-04,regular,Milwaukee Bucks,Memphis Grizzlies,MIL@MEM
2020-21,2021-03-04,regular,Oklahoma City Thunder,San Antonio Spurs,OKC@SAS
2020-21,2021-03-04,regular,Sacramento Kings,Portland Trail Blazers,SAC@POR
2020-21,2021-03-04,regular,Toronto Raptors,Boston Celtics,TOR@BOS
2020-21,2021-03-10,regular,San Antonio Spurs,Dallas Mavericks,SAS@DAL
2020-21,2021-03-10,regular,Washington Wizards,Memphis Grizzlies,WAS@MEM
2020-21,2021-03-11,regular,Atlanta Hawks,Toronto Raptors,ATL@TOR
2020-21,2021-03-11,regular,Boston Celtics,Brooklyn Nets,BOS@BKN
2020-21,2021-03-11,regular,Dallas Mavericks,Oklahoma City Thunder,DAL@OKC
2020-21,2021-03-11,regular,Detroit Pistons,Charlotte Hornets,DET@CHA
2020-21,2021-03-11,regular,Golden State Warriors,LA Clippers,GSW@LAC
2020-21,2021-03-11,regular,Houston Rockets,Sacramento Kings,HOU@SAC
2020-21,2021-03-11,regular,Minnesota Timberwolves,New Orleans Pelicans,MIN@NOP
2020-21,2021-03-11,regular,New York Knicks,Milwaukee Bucks,NYK@MIL
2020-21,2021-03-11,regular,Orlando Magic,Miami Heat,ORL@MIA
2020-21,2021-03-11,regular,Philadelphia 76ers,Chicago Bulls,PHI@CHI
2020-21,2021-03-11,regular,Phoenix Suns,Portland Trail Blazers,PHX@POR
2020-21,2021-03-12,regular,Cleveland Cavaliers,New Orleans Pelicans,CLE@NOP
2020-21,2021-03-12,regular,Denver Nuggets,Memphis Grizzlies,DEN@MEM
2020-21,2021-03-12,regular,Houston Rockets,Utah Jazz,HOU@UTA
2020-21,2021-03-12,regular,Indiana Pacers,Los Angeles Lakers,IND@LAL
2020-21,2021-03-12,regular,Miami Heat,Chicago Bulls,MIA@CHI
2020-21,2021-03-12,regular,Orlando Magic,San Antonio Spurs,ORL@SAS
2020-21,2021-03-12,regular,Philadelphia 76ers,Washington Wizards,PHI@WAS
2020-21,2021-03-13,regular,Dallas Mavericks,Denver Nuggets,DAL@DEN
2020-21,2021-03-13,regular,Detroit Pistons,Brooklyn Nets,DET@BKN
2020-21,2021-03-13,regular,Indiana Pacers,Phoenix Suns,IND@PHX
2020-21,2021-03-13,regular,Milwaukee Bucks,Washington Wizards,MIL@WAS
2020-21,2021-03-13,regular,New York Knicks,Oklahoma City Thunder,NYK@OKC
2020-21,2021-03-13,regular,Portland Trail Blazers,Minnesota Timberwolves,POR@MIN
2020-21,2021-03-13,regular,Sacramento Kings,Atlanta Hawks,SAC@ATL
2020-21,2021-03-13,regular,Toronto Raptors,Charlotte Hornets,TOR@CHA
2020-21,2021-03-14,regular,Boston Celtics,Houston Rockets,BOS@HOU
2020-21,2021-03-14,regular,Cleveland Cavaliers,Atlanta Hawks,CLE@ATL
2020-21,2021-03-14,regular,LA Clippers,New Orleans Pelicans,LAC@NOP
2020-21,2021-03-14,regular,Memphis Grizzlies,Oklahoma City Thunder,MEM@OKC
2020-21,2021-03-14,regular,Miami Heat,Orlando Magic,MIA@ORL
2020-21,2021-03-14,regular,Portland Trail Blazers,Minnesota Timberwolves,POR@MIN
2020-21,2021-03-14,regular,San Antonio Spurs,Philadelphia 76ers,SAS@PHI
2020-21,2021-03-14,regular,Toronto Raptors,Chicago Bulls,TOR@CHI
2020-21,2021-03-14,regular,Utah Jazz,Golden State Warriors,UTA@GSW
2020-21,2021-03-15,regular,Indiana Pacers,Denver Nuggets,IND@DEN
2020-21,2021-03-15,regular,LA Clippers,Dallas Mavericks,LAC@DAL
2020-21,2021-03-15,regular,Los Angeles Lakers,Golden State Warriors,LAL@GSW
2020-21,2021-03-15,regular,Memphis Grizzlies,Phoenix Suns,MEM@PHX
2020-21,2021-03-15,regular,Milwaukee Bucks,Washington Wizards,MIL@WAS
2020-21,2021-03-15,regular,New York Knicks,Brooklyn Nets,NYK@BKN
2020-21,2021-03-15,regular,Sacramento Kings,Charlotte Hornets,SAC@CHA
2020-21,2021-03-15,regular,San Antonio Spurs,Detroit Pistons,SAS@DET
2020-21,2021-03-16,regular,Atlanta Hawks,Houston Rockets,ATL@HOU
2020-21,2021-03-16,regular,Cleveland Cavaliers,Miami Heat,CLE@MIA
2020-21,2021-03-16,regular,Minnesota Timberwolves,Los Angeles Lakers,MIN@LAL
2020-21,2021-03-16,regular,New Orleans Pelicans,Portland Trail Blazers,NOP@POR
2020-21,2021-03-16,regular,New York Knicks,Philadelphia 76ers,NYK@PHI
2020-21,2021-03-16,regular,Oklahoma City Thunder,Chicago Bulls,OKC@CHI
2020-21,2021-03-16,regular,Utah Jazz,Boston Celtics,UTA@BOS
2020-21,2021-03-17,regular,Brooklyn Nets,Indiana Pacers,BKN@IND
2020-21,2021-03-17,regular,Boston Celtics,Cleveland Cavaliers,BOS@CLE
2020-21,2021-03-17,regular,Charlotte Hornets,Denver Nuggets,CHA@DEN
2020-21,2021-03-17,regular,Golden State Warriors,Houston Rockets,GSW@HOU
2020-21,2021-03-17,regular,LA Clippers,Dallas Mavericks,LAC@DAL
2020-21,2021-03-17,regular,Miami Heat,Memphis Grizzlies,MIA@MEM
2020-21,2021-03-17,regular,Milwaukee Bucks,Philadelphia 76ers,MIL@PHI
2020-21,2021-03-17,regular,Sacramento Kings,Washington Wizards,SAC@WAS
2020-21,2021-03-17,regular,San Antonio Spurs,Chicago Bulls,SAS@CHI
2020-21,2021-03-17,regular,Toronto Raptors,Detroit Pistons,TOR@DET
2020-21,2021-03-18,regular,Charlotte Hornets,Los Angeles Lakers,CHA@LAL
2020-21,2021-03-18,regular,Minnesota Timberwolves,Phoenix Suns,MIN@PHX
2020-21,2021-03-18,regular,New Orleans Pelicans,Portland Trail Blazers,NOP@POR
2020-21,2021-03-18,regular,Oklahoma City Thunder,Atlanta Hawks,OKC@ATL
2020-21,2021-03-18,regular,Orlando Magic,New York Knicks,ORL@NYK
2020-21,2021-03-18,regular,Utah Jazz,Washington Wizards,UTA@WAS
2020-21,2021-03-19,regular,Brooklyn Nets,Orlando Magic,BKN@ORL
2020-21,2021-03-19,regular,Chicago Bulls,Denver Nuggets,CHI@DEN
2020-21,2021-03-19,regular,Dallas Mavericks,Portland Trail Blazers,DAL@POR
2020-21,2021-03-19,regular,Detroit Pistons,Houston Rockets,DET@HOU
2020-21,2021-03-19,regular,Golden State Warriors,Memphis Grizzlies,GSW@MEM
2020-21,2021-03-19,regular,Indiana Pacers,Miami Heat,IND@MIA
2020-21,2021-03-19,regular,Minnesota Timberwolves,Phoenix Suns,MIN@PHX
2020-21,2021-03-19,regular,Sacramento Kings,Boston Celtics,SAC@BOS
2020-21,2021-03-19,regular,San Antonio Spurs,Cleveland Cavaliers,SAS@CLE
2020-21,2021-03-19,regular,Utah Jazz,Toronto Raptors,UTA@TOR
2020-21,2021-03-20,regular,Atlanta Hawks,Los Angeles Lakers,ATL@LAL
2020-21,2021-03-20,regular,Charlotte Hornets,LA Clippers,CHA@LAC
2020-21,2021-03-20,regular,Golden State Warriors,Memphis Grizzlies,GSW@MEM
2020-21,2021-03-20,regular,Sacramento Kings,Philadelphia 76ers,SAC@PHI
2020-21,2021-03-20,regular,San Antonio Spurs,Milwaukee Bucks,SAS@MIL
2020-21,2021-03-21,regular,Chicago Bulls,Detroit Pistons,CHI@DET
2020-21,2021-03-21,regular,Dallas Mavericks,Portland Trail Blazers,DAL@POR
2020-21,2021-03-21,regular,Indiana Pacers,Miami Heat,IND@MIA
2020-21,2021-03-21,regular,Los Angeles Lakers,Phoenix Suns,LAL@PHX
2020-21,2021-03-21,regular,New Orleans Pelicans,Denver Nuggets,NOP@DEN
2020-21,2021-03-21,regular,Oklahoma City Thunder,Houston Rockets,OKC@HOU
2020-21,2021-03-21,regular,Orlando Magic,Boston Celtics,ORL@BOS
2020-21,2021-03-21,regular,Philadelphia 76ers,New York Knicks,PHI@NYK
2020-21,2021-03-21,regular,Toronto Raptors,Cleveland Cavaliers,TOR@CLE
2020-21,2021-03-21,regular,Washington Wizards,Brooklyn Nets,WAS@BKN
2020-21,2021-03-22,regular,Atlanta Hawks,LA Clippers,ATL@LAC
2020-21,2021-03-22,regular,Boston Celtics,Memphis Grizzlies,BOS@MEM
2020-21,2021-03-22,regular,Charlotte Hornets,San Antonio Spurs,CHA@SAS
2020-21,2021-03-22,regular,Indiana Pacers,Milwaukee Bucks,IND@MIL
2020-21,2021-03-22,regular,Oklahoma City Thunder,Minnesota Timberwolves,OKC@MIN
2020-21,2021-03-22,regular,Sacramento Kings,Cleveland Cavaliers,SAC@CLE
2020-21,2021-03-22,regular,Toronto Raptors,Houston Rockets,TOR@HOU
2020-21,2021-03-22,regular,Utah Jazz,Chicago Bulls,UTA@CHI
2020-21,2021-03-23,regular,Brooklyn Nets,Portland Trail Blazers,BKN@POR
2020-21,2021-03-23,regular,Denver Nuggets,Orlando Magic,DEN@ORL
2020-21,2021-03-23,regular,Los Angeles Lakers,New Orleans Pelicans,LAL@NOP
2020-21,2021-03-23,regular,Philadelphia 76ers,Golden State Warriors,PHI@GSW
2020-21,2021-03-23,regular,Phoenix Suns,Miami Heat,PHX@MIA
2020-21,2021-03-23,regular,Washington Wizards,New York Knicks,WAS@NYK
2020-21,2021-03-24,regular,Atlanta Hawks,Sacramento Kings,ATL@SAC
2020-21,2021-03-24,regular,Brooklyn Nets,Utah Jazz,BKN@UTA
2020-21,2021-03-24,regular,Boston Celtics,Milwaukee Bucks,BOS@MIL
2020-21,2021-03-24,regular,Charlotte Hornets,Houston Rockets,CHA@HOU
2020-21,2021-03-24,regular,Cleveland Cavaliers,Chicago Bulls,CLE@CHI
2020-21,2021-03-24,regular,Dallas Mavericks,Minnesota Timberwolves,DAL@MIN
2020-21,2021-03-24,regular,Denver Nuggets,Toronto Raptors,DEN@TOR
2020-21,2021-03-24,regular,Detroit Pistons,Indiana Pacers,DET@IND
2020-21,2021-03-24,regular,LA Clippers,San Antonio Spurs,LAC@SAS
2020-21,2021-03-24,regular,Memphis Grizzlies,Oklahoma City Thunder,MEM@OKC
2020-21,2021-03-24,regular,Phoenix Suns,Orlando Magic,PHX@ORL
2020-21,2021-03-25,regular,Golden State Warriors,Sacramento Kings,GSW@SAC
2020-21,2021-03-25,regular,LA Clippers,San Antonio Spurs,LAC@SAS
2020-21,2021-03-25,regular,Philadelphia 76ers,Los Angeles Lakers,PHI@LAL
2020-21,2021-03-25,regular,Portland Trail Blazers,Miami Heat,POR@MIA
2020-21,2021-03-25,regular,Washington Wizards,New York Knicks,WAS@NYK
2020-21,2021-03-26,regular,Atlanta Hawks,Golden State Warriors,ATL@GSW
2020-21,2021-03-26,regular,Brooklyn Nets,Detroit Pistons,BKN@DET
2020-21,2021-03-26,regular,Boston Celtics,Milwaukee Bucks,BOS@MIL
2020-21,2021-03-26,regular,Cleveland Cavaliers,Los Angeles Lakers,CLE@LAL
2020-21,2021-03-26,regular,Denver Nuggets,New Orleans Pelicans,DEN@NOP
2020-21,2021-03-26,regular,Houston Rockets,Minnesota Timberwolves,HOU@MIN
2020-21,2021-03-26,regular,Indiana Pacers,Dallas Mavericks,IND@DAL
2020-21,2021-03-26,regular,Memphis Grizzlies,Utah Jazz,MEM@UTA
2020-21,2021-03-26,regular,Miami Heat,Charlotte Hornets,MIA@CHA
2020-21,2021-03-26,regular,Phoenix Suns,Toronto Raptors,PHX@TOR
2020-21,2021-03-26,regular,Portland Trail Blazers,Orlando Magic,POR@ORL
2020-21,2021-03-27,regular,Boston Celtics,Oklahoma City Thunder,BOS@OKC
2020-21,2021-03-27,regular,Chicago Bulls,San Antonio Spurs,CHI@SAS
2020-21,2021-03-27,regular,Cleveland Cavaliers,Sacramento Kings,CLE@SAC
2020-21,2021-03-27,regular,Dallas Mavericks,New Orleans Pelicans,DAL@NOP
2020-21,2021-03-27,regular,Detroit Pistons,Washington Wizards,DET@WAS
2020-21,2021-03-27,regular,Houston Rockets,Minnesota Timberwolves,HOU@MIN
2020-21,2021-03-27,regular,Memphis Grizzlies,Utah Jazz,MEM@UTA
2020-21,2021-03-27,regular,New York Knicks,Milwaukee Bucks,NYK@MIL
2020-21,2021-03-27,regular,Philadelphia 76ers,LA Clippers,PHI@LAC
2020-21,2021-03-28,regular,Atlanta Hawks,Denver Nuggets,ATL@DEN
2020-21,2021-03-28,regular,Orlando Magic,Los Angeles Lakers,ORL@LAL
2020-21,2021-03-28,regular,Phoenix Suns,Charlotte Hornets,PHX@CHA
2020-21,2021-03-28,regular,Portland Trail Blazers,Toronto Raptors,POR@TOR
2020-21,2021-03-29,regular,Chicago Bulls,Golden State Warriors,CHI@GSW
2020-21,2021-03-29,regular,Cleveland Cavaliers,Utah Jazz,CLE@UTA
2020-21,2021-03-29,regular,Dallas Mavericks,Oklahoma City Thunder,DAL@OKC
2020-21,2021-03-29,regular,Indiana Pacers,Washington Wizards,IND@WAS
2020-21,2021-03-29,regular,Memphis Grizzlies,Houston Rockets,MEM@HOU
2020-21,2021-03-29,regular,Miami Heat,New York Knicks,MIA@NYK
2020-21,2021-03-29,regular,Milwaukee Bucks,LA Clippers,MIL@LAC
2020-21,2021-03-29,regular,Minnesota Timberwolves,Brooklyn Nets,MIN@BKN
2020-21,2021-03-29,regular,New Orleans Pelicans,Boston Celtics,NOP@BOS
2020-21,2021-03-29,regular,Sacramento Kings,San Antonio Spurs,SAC@SAS
2020-21,2021-03-29,regular,Toronto Raptors,Detroit Pistons,TOR@DET
2020-21,2021-03-30,regular,Atlanta Hawks,Phoenix Suns,ATL@PHX
2020-21,2021-03-30,regular,Charlotte Hornets,Washington Wizards,CHA@WAS
2020-21,2021-03-30,regular,Orlando Magic,LA Clippers,ORL@LAC
2020-21,2021-03-30,regular,Philadelphia 76ers,Denver Nuggets,PHI@DEN
2020-21,2021-03-31,regular,Chicago Bulls,Phoenix Suns,CHI@PHX
2020-21,2021-03-31,regular,Dallas Mavericks,Boston Celtics,DAL@BOS
2020-21,2021-03-31,regular,Houston Rockets,Brooklyn Nets,HOU@BKN
2020-21,2021-03-31,regular,Miami Heat,Indiana Pacers,MIA@IND
2020-21,2021-03-31,regular,Milwaukee Bucks,Los Angeles Lakers,MIL@LAL
2020-21,2021-03-31,regular,New York Knicks,Minnesota Timberwolves,NYK@MIN
2020-21,2021-03-31,regular,Portland Trail Blazers,Detroit Pistons,POR@DET
2020-21,2021-03-31,regular,Sacramento Kings,San Antonio Spurs,SAC@SAS
2020-21,2021-03-31,regular,Toronto Raptors,Oklahoma City Thunder,TOR@OKC
2020-21,2021-03-31,regular,Utah Jazz,Memphis Grizzlies,UTA@MEM
2020-21,2021-04-01,regular,Atlanta Hawks,San Antonio Spurs,ATL@SAS
2020-21,2021-04-01,regular,Charlotte Hornets,Brooklyn Nets,CHA@BKN
2020-21,2021-04-01,regular,Denver Nuggets,LA Clippers,DEN@LAC
2020-21,2021-04-01,regular,Golden State Warriors,Miami Heat,GSW@MIA
2020-21,2021-04-01,regular,Orlando Magic,New Orleans Pelicans,ORL@NOP
2020-21,2021-04-01,regular,Philadelphia 76ers,Cleveland Cavaliers,PHI@CLE
2020-21,2021-04-01,regular,Washington Wizards,Detroit Pistons,WAS@DET
2020-21,2021-04-02,regular,Atlanta Hawks,New Orleans Pelicans,ATL@NOP
2020-21,2021-04-02,regular,Charlotte Hornets,Indiana Pacers,CHA@IND
2020-21,2021-04-02,regular,Chicago Bulls,Utah Jazz,CHI@UTA
2020-21,2021-04-02,regular,Dallas Mavericks,New York Knicks,DAL@NYK
2020-21,2021-04-02,regular,Golden State Warriors,Toronto Raptors,GSW@TOR
2020-21,2021-04-02,regular,Houston Rockets,Boston Celtics,HOU@BOS
2020-21,2021-04-02,regular,Los Angeles Lakers,Sacramento Kings,LAL@SAC
2020-21,2021-04-02,regular,Milwaukee Bucks,Portland Trail Blazers,MIL@POR
2020-21,2021-04-02,regular,Minnesota Timberwolves,Memphis Grizzlies,MIN@MEM
2020-21,2021-04-02,regular,Oklahoma City Thunder,Phoenix Suns,OKC@PHX
2020-21,2021-04-03,regular,Cleveland Cavaliers,Miami Heat,CLE@MIA
2020-21,2021-04-03,regular,Dallas Mavericks,Washington Wizards,DAL@WAS
2020-21,2021-04-03,regular,Indiana Pacers,San Antonio Spurs,IND@SAS
2020-21,2021-04-03,regular,Milwaukee Bucks,Sacramento Kings,MIL@SAC
2020-21,2021-04-03,regular,Minnesota Timberwolves,Philadelphia 76ers,MIN@PHI
2020-21,2021-04-03,regular,New York Knicks,Detroit Pistons,NYK@DET
2020-21,2021-04-03,regular,Oklahoma City Thunder,Portland Trail Blazers,OKC@POR
2020-21,2021-04-03,regular,Orlando Magic,Utah Jazz,ORL@UTA
2020-21,2021-04-04,regular,Brooklyn Nets,Chicago Bulls,BKN@CHI
2020-21,2021-04-04,regular,Charlotte Hornets,Boston Celtics,CHA@BOS
2020-21,2021-04-04,regular,Golden State Warriors,Atlanta Hawks,GSW@ATL
2020-21,2021-04-04,regular,Los Angeles Lakers,LA Clippers,LAL@LAC
2020-21,2021-04-04,regular,Memphis Grizzlies,Philadelphia 76ers,MEM@PHI
2020-21,2021-04-04,regular,New Orleans Pelicans,Houston Rockets,NOP@HOU
2020-21,2021-04-04,regular,Orlando Magic,Denver Nuggets,ORL@DEN
2020-21,2021-04-05,regular,Cleveland Cavaliers,San Antonio Spurs,CLE@SAS
2020-21,2021-04-05,regular,Detroit Pistons,Oklahoma City Thunder,DET@OKC
2020-21,2021-04-05,regular,New York Knicks,Brooklyn Nets,NYK@BKN
2020-21,2021-04-05,regular,Phoenix Suns,Houston Rockets,PHX@HOU
2020-21,2021-04-05,regular,Sacramento Kings,Minnesota Timberwolves,SAC@MIN
2020-21,2021-04-05,regular,Utah Jazz,Dallas Mavericks,UTA@DAL
2020-21,2021-04-05,regular,Washington Wizards,Toronto Raptors,WAS@TOR
2020-21,2021-04-06,regular,Chicago Bulls,Indiana Pacers,CHI@IND
2020-21,2021-04-06,regular,Detroit Pistons,Denver Nuggets,DET@DEN
2020-21,2021-04-06,regular,Los Angeles Lakers,Toronto Raptors,LAL@TOR
2020-21,2021-04-06,regular,Memphis Grizzlies,Miami Heat,MEM@MIA
2020-21,2021-04-06,regular,Milwaukee Bucks,Golden State Warriors,MIL@GSW
2020-21,2021-04-06,regular,New Orleans Pelicans,Atlanta Hawks,NOP@ATL
2020-21,2021-04-06,regular,Philadelphia 76ers,Boston Celtics,PHI@BOS
2020-21,2021-04-06,regular,Portland Trail Blazers,LA Clippers,POR@LAC
2020-21,2021-04-07,regular,Charlotte Hornets,Oklahoma City Thunder,CHA@OKC
2020-21,2021-04-07,regular,Dallas Mavericks,Houston Rockets,DAL@HOU
2020-21,2021-04-07,regular,Memphis Grizzlies,Atlanta Hawks,MEM@ATL
2020-21,2021-04-07,regular,Minnesota Timberwolves,Indiana Pacers,MIN@IND
2020-21,2021-04-07,regular,New Orleans Pelicans,Brooklyn Nets,NOP@BKN
2020-21,2021-04-07,regular,New York Knicks,Boston Celtics,NYK@BOS
2020-21,2021-04-07,regular,San Antonio Spurs,Denver Nuggets,SAS@DEN
2020-21,2021-04-07,regular,Utah Jazz,Phoenix Suns,UTA@PHX
2020-21,2021-04-07,regular,Washington Wizards,Orlando Magic,WAS@ORL
2020-21,2021-04-08,regular,Chicago Bulls,Toronto Raptors,CHI@TOR
2020-21,2021-04-08,regular,Cleveland Cavaliers,Oklahoma City Thunder,CLE@OKC
2020-21,2021-04-08,regular,Detroit Pistons,Sacramento Kings,DET@SAC
2020-21,2021-04-08,regular,Los Angeles Lakers,Miami Heat,LAL@MIA
2020-21,2021-04-08,regular,Milwaukee Bucks,Dallas Mavericks,MIL@DAL
2020-21,2021-04-08,regular,Phoenix Suns,LA Clippers,PHX@LAC
2020-21,2021-04-08,regular,Portland Trail Blazers,Utah Jazz,POR@UTA
2020-21,2021-04-09,regular,Charlotte Hornets,Milwaukee Bucks,CHA@MIL
2020-21,2021-04-09,regular,Chicago Bulls,Atlanta Hawks,CHI@ATL
2020-21,2021-04-09,regular,Houston Rockets,LA Clippers,HOU@LAC
2020-21,2021-04-09,regular,Indiana Pacers,Orlando Magic,IND@ORL
2020-21,2021-04-09,regular,Memphis Grizzlies,New York Knicks,MEM@NYK
2020-21,2021-04-09,regular,Minnesota Timberwolves,Boston Celtics,MIN@BOS
2020-21,2021-04-09,regular,Philadelphia 76ers,New Orleans Pelicans,PHI@NOP
2020-21,2021-04-09,regular,San Antonio Spurs,Denver Nuggets,SAS@DEN
2020-21,2021-04-09,regular,Washington Wizards,Golden State Warriors,WAS@GSW
2020-21,2021-04-10,regular,Detroit Pistons,Portland Trail Blazers,DET@POR
2020-21,2021-04-10,regular,Houston Rockets,Golden State Warriors,HOU@GSW
2020-21,2021-04-10,regular,Los Angeles Lakers,Brooklyn Nets,LAL@BKN
2020-21,2021-04-10,regular,Philadelphia 76ers,Oklahoma City Thunder,PHI@OKC
2020-21,2021-04-10,regular,Sacramento Kings,Utah Jazz,SAC@UTA
2020-21,2021-04-10,regular,Toronto Raptors,Cleveland Cavaliers,TOR@CLE
2020-21,2021-04-10,regular,Washington Wizards,Phoenix Suns,WAS@PHX
2020-21,2021-04-11,regular,Atlanta Hawks,Charlotte Hornets,ATL@CHA
2020-21,2021-04-11,regular,Boston Celtics,Denver Nuggets,BOS@DEN
2020-21,2021-04-11,regular,Chicago Bulls,Minnesota Timberwolves,CHI@MIN
2020-21,2021-04-11,regular,Detroit Pistons,LA Clippers,DET@LAC
2020-21,2021-04-11,regular,Indiana Pacers,Memphis Grizzlies,IND@MEM
2020-21,2021-04-11,regular,Miami Heat,Portland Trail Blazers,MIA@POR
2020-21,2021-04-11,regular,Milwaukee Bucks,Orlando Magic,MIL@ORL
2020-21,2021-04-11,regular,New Orleans Pelicans,Cleveland Cavaliers,NOP@CLE
2020-21,2021-04-11,regular,San Antonio Spurs,Dallas Mavericks,SAS@DAL
2020-21,2021-04-11,regular,Toronto Raptors,New York Knicks,TOR@NYK
2020-21,2021-04-12,regular,Chicago Bulls,Memphis Grizzlies,CHI@MEM
2020-21,2021-04-12,regular,Denver Nuggets,Golden State Warriors,DEN@GSW
2020-21,2021-04-12,regular,Houston Rockets,Phoenix Suns,HOU@PHX
2020-21,2021-04-12,regular,Los Angeles Lakers,New York Knicks,LAL@NYK
2020-21,2021-04-12,regular,Philadelphia 76ers,Dallas Mavericks,PHI@DAL
2020-21,2021-04-12,regular,Sacramento Kings,New Orleans Pelicans,SAC@NOP
2020-21,2021-04-12,regular,San Antonio Spurs,Orlando Magic,SAS@ORL
2020-21,2021-04-12,regular,Washington Wizards,Utah Jazz,WAS@UTA
2020-21,2021-04-13,regular,Atlanta Hawks,Toronto Raptors,ATL@TOR
2020-21,2021-04-13,regular,Brooklyn Nets,Minnesota Timberwolves,BKN@MIN
2020-21,2021-04-13,regular,Boston Celtics,Portland Trail Blazers,BOS@POR
2020-21,2021-04-13,regular,LA Clippers,Indiana Pacers,LAC@IND
2020-21,2021-04-13,regular,Los Angeles Lakers,Charlotte Hornets,LAL@CHA
2020-21,2021-04-13,regular,Miami Heat,Phoenix Suns,MIA@PHX
2020-21,2021-04-13,regular,Oklahoma City Thunder,Utah Jazz,OKC@UTA
2020-21,2021-04-14,regular,Brooklyn Nets,Philadelphia 76ers,BKN@PHI
2020-21,2021-04-14,regular,Cleveland Cavaliers,Charlotte Hornets,CLE@CHA
2020-21,2021-04-14,regular,Dallas Mavericks,Memphis Grizzlies,DAL@MEM
2020-21,2021-04-14,regular,Golden State Warriors,Oklahoma City Thunder,GSW@OKC
2020-21,2021-04-14,regular,Indiana Pacers,Houston Rockets,IND@HOU
2020-21,2021-04-14,regular,LA Clippers,Detroit Pistons,LAC@DET
2020-21,2021-04-14,regular,Miami Heat,Denver Nuggets,MIA@DEN
2020-21,2021-04-14,regular,Milwaukee Bucks,Minnesota Timberwolves,MIL@MIN
2020-21,2021-04-14,regular,New York Knicks,New Orleans Pelicans,NYK@NOP
2020-21,2021-04-14,regular,Orlando Magic,Chicago Bulls,ORL@CHI
2020-21,2021-04-14,regular,San Antonio Spurs,Toronto Raptors,SAS@TOR
2020-21,2021-04-14,regular,Washington Wizards,Sacramento Kings,WAS@SAC
2020-21,2021-04-15,regular,Boston Celtics,Los Angeles Lakers,BOS@LAL
2020-21,2021-04-15,regular,Golden State Warriors,Cleveland Cavaliers,GSW@CLE
2020-21,2021-04-15,regular,Milwaukee Bucks,Atlanta Hawks,MIL@ATL
2020-21,2021-04-15,regular,Sacramento Kings,Phoenix Suns,SAC@PHX
2020-21,2021-04-16,regular,Charlotte Hornets,Brooklyn Nets,CHA@BKN
2020-21,2021-04-16,regular,Denver Nuggets,Houston Rockets,DEN@HOU
2020-21,2021-04-16,regular,Indiana Pacers,Utah Jazz,IND@UTA
2020-21,2021-04-16,regular,LA Clippers,Philadelphia 76ers,LAC@PHI
2020-21,2021-04-16,regular,Memphis Grizzlies,Chicago Bulls,MEM@CHI
2020-21,2021-04-16,regular,Miami Heat,Minnesota Timberwolves,MIA@MIN
2020-21,2021-04-16,regular,New Orleans Pelicans,Washington Wizards,NOP@WAS
2020-21,2021-04-16,regular,New York Knicks,Dallas Mavericks,NYK@DAL
2020-21,2021-04-16,regular,Oklahoma City Thunder,Detroit Pistons,OKC@DET
2020-21,2021-04-16,regular,Orlando Magic,Toronto Raptors,ORL@TOR
2020-21,2021-04-16,regular,Portland Trail Blazers,San Antonio Spurs,POR@SAS
2020-21,2021-04-17,regular,Cleveland Cavaliers,Chicago Bulls,CLE@CHI
2020-21,2021-04-17,regular,Detroit Pistons,Washington Wizards,DET@WAS
2020-21,2021-04-17,regular,Golden State Warriors,Boston Celtics,GSW@BOS
2020-21,2021-04-17,regular,Memphis Grizzlies,Milwaukee Bucks,MEM@MIL
2020-21,2021-04-17,regular,San Antonio Spurs,Phoenix Suns,SAS@PHX
2020-21,2021-04-17,regular,Utah Jazz,Los Angeles Lakers,UTA@LAL
2020-21,2021-04-18,regular,Brooklyn Nets,Miami Heat,BKN@MIA
2020-21,2021-04-18,regular,Houston Rockets,Orlando Magic,HOU@ORL
2020-21,2021-04-18,regular,Indiana Pacers,Atlanta Hawks,IND@ATL
2020-21,2021-04-18,regular,Minnesota Timberwolves,LA Clippers,MIN@LAC
2020-21,2021-04-18,regular,New Orleans Pelicans,New York Knicks,NOP@NYK
2020-21,2021-04-18,regular,Oklahoma City Thunder,Toronto Raptors,OKC@TOR
2020-21,2021-04-18,regular,Portland Trail Blazers,Charlotte Hornets,POR@CHA
2020-21,2021-04-18,regular,Sacramento Kings,Dallas Mavericks,SAC@DAL
2020-21,2021-04-19,regular,Chicago Bulls,Boston Celtics,CHI@BOS
2020-21,2021-04-19,regular,Cleveland Cavaliers,Detroit Pistons,CLE@DET
2020-21,2021-04-19,regular,Golden State Warriors,Philadelphia 76ers,GSW@PHI
2020-21,2021-04-19,regular,Houston Rockets,Miami Heat,HOU@MIA
2020-21,2021-04-19,regular,Memphis Grizzlies,Denver Nuggets,MEM@DEN
2020-21,2021-04-19,regular,Oklahoma City Thunder,Washington Wizards,OKC@WAS
2020-21,2021-04-19,regular,Phoenix Suns,Milwaukee Bucks,PHX@MIL
2020-21,2021-04-19,regular,San Antonio Spurs,Indiana Pacers,SAS@IND
2020-21,2021-04-19,regular,Utah Jazz,Los Angeles Lakers,UTA@LAL
2020-21,2021-04-20,regular,Brooklyn Nets,New Orleans Pelicans,BKN@NOP
2020-21,2021-04-20,regular,Charlotte Hornets,New York Knicks,CHA@NYK
2020-21,2021-04-20,regular,LA Clippers,Portland Trail Blazers,LAC@POR
2020-21,2021-04-20,regular,Minnesota Timberwolves,Sacramento Kings,MIN@SAC
2020-21,2021-04-20,regular,Orlando Magic,Atlanta Hawks,ORL@ATL
2020-21,2021-04-21,regular,Atlanta Hawks,New York Knicks,ATL@NYK
2020-21,2021-04-21,regular,Brooklyn Nets,Toronto Raptors,BKN@TOR
2020-21,2021-04-21,regular,Chicago Bulls,Cleveland Cavaliers,CHI@CLE
2020-21,2021-04-21,regular,Denver Nuggets,Portland Trail Blazers,DEN@POR
2020-21,2021-04-21,regular,Detroit Pistons,Dallas Mavericks,DET@DAL
2020-21,2021-04-21,regular,Golden State Warriors,Washington Wizards,GSW@WAS
2020-21,2021-04-21,regular,Memphis Grizzlies,LA Clippers,MEM@LAC
2020-21,2021-04-21,regular,Miami Heat,San Antonio Spurs,MIA@SAS
2020-21,2021-04-21,regular,Minnesota Timberwolves,Sacramento Kings,MIN@SAC
2020-21,2021-04-21,regular,Oklahoma City Thunder,Indiana Pacers,OKC@IND
2020-21,2021-04-21,regular,Phoenix Suns,Philadelphia 76ers,PHX@PHI
2020-21,2021-04-21,regular,Utah Jazz,Houston Rockets,UTA@HOU
2020-21,2021-04-22,regular,Charlotte Hornets,Chicago Bulls,CHA@CHI
2020-21,2021-04-22,regular,Detroit Pistons,San Antonio Spurs,DET@SAS
2020-21,2021-04-22,regular,Los Angeles Lakers,Dallas Mavericks,LAL@DAL
2020-21,2021-04-22,regular,New Orleans Pelicans,Orlando Magic,NOP@ORL
2020-21,2021-04-22,regular,Philadelphia 76ers,Milwaukee Bucks,PHI@MIL
2020-21,2021-04-22,regular,Phoenix Suns,Boston Celtics,PHX@BOS
2020-21,2021-04-23,regular,Boston Celtics,Brooklyn Nets,BOS@BKN
2020-21,2021-04-23,regular,Cleveland Cavaliers,Charlotte Hornets,CLE@CHA
2020-21,2021-04-23,regular,Denver Nuggets,Golden State Warriors,DEN@GSW
2020-21,2021-04-23,regular,LA Clippers,Houston Rockets,LAC@HOU
2020-21,2021-04-23,regular,Memphis Grizzlies,Portland Trail Blazers,MEM@POR
2020-21,2021-04-23,regular,Miami Heat,Atlanta Hawks,MIA@ATL
2020-21,2021-04-23,regular,Washington Wizards,Oklahoma City Thunder,WAS@OKC
2020-21,2021-04-24,regular,Chicago Bulls,Miami Heat,CHI@MIA
2020-21,2021-04-24,regular,Detroit Pistons,Indiana Pacers,DET@IND
2020-21,2021-04-24,regular,Houston Rockets,Denver Nuggets,HOU@DEN
2020-21,2021-04-24,regular,Los Angeles Lakers,Dallas Mavericks,LAL@DAL
2020-21,2021-04-24,regular,Minnesota Timberwolves,Utah Jazz,MIN@UTA
2020-21,2021-04-24,regular,Philadelphia 76ers,Milwaukee Bucks,PHI@MIL
2020-21,2021-04-24,regular,San Antonio Spurs,New Orleans Pelicans,SAS@NOP
2020-21,2021-04-24,regular,Toronto Raptors,New York Knicks,TOR@NYK
2020-21,2021-04-25,regular,Boston Celtics,Charlotte Hornets,BOS@CHA
2020-21,2021-04-25,regular,Cleveland Cavaliers,Washington Wizards,CLE@WAS
2020-21,2021-04-25,regular,Indiana Pacers,Orlando Magic,IND@ORL
2020-21,2021-04-25,regular,Memphis Grizzlies,Portland Trail Blazers,MEM@POR
2020-21,2021-04-25,regular,Milwaukee Bucks,Atlanta Hawks,MIL@ATL
2020-21,2021-04-25,regular,Phoenix Suns,Brooklyn Nets,PHX@BKN
2020-21,2021-04-25,regular,Sacramento Kings,Golden State Warriors,SAC@GSW
2020-21,2021-04-26,regular,Atlanta Hawks,Detroit Pistons,ATL@DET
2020-21,2021-04-26,regular,Chicago Bulls,Miami Heat,CHI@MIA
2020-21,2021-04-26,regular,Cleveland Cavaliers,Toronto Raptors,CLE@TOR
2020-21,2021-04-26,regular,Dallas Mavericks,Sacramento Kings,DAL@SAC
2020-21,2021-04-26,regular,LA Clippers,New Orleans Pelicans,LAC@NOP
2020-21,2021-04-26,regular,Los Angeles Lakers,Orlando Magic,LAL@ORL
2020-21,2021-04-26,regular,Memphis Grizzlies,Denver Nuggets,MEM@DEN
2020-21,2021-04-26,regular,Oklahoma City Thunder,Philadelphia 76ers,OKC@PHI
2020-21,2021-04-26,regular,Phoenix Suns,New York Knicks,PHX@NYK
2020-21,2021-04-26,regular,San Antonio Spurs,Washington Wizards,SAS@WAS
2020-21,2021-04-26,regular,Utah Jazz,Minnesota Timberwolves,UTA@MIN
2020-21,2021-04-27,regular,Brooklyn Nets,Toronto Raptors,BKN@TOR
2020-21,2021-04-27,regular,Dallas Mavericks,Golden State Warriors,DAL@GSW
2020-21,2021-04-27,regular,Milwaukee Bucks,Charlotte Hornets,MIL@CHA
2020-21,2021-04-27,regular,Minnesota Timberwolves,Houston Rockets,MIN@HOU
2020-21,2021-04-27,regular,Oklahoma City Thunder,Boston Celtics,OKC@BOS
2020-21,2021-04-27,regular,Portland Trail Blazers,Indiana Pacers,POR@IND
2020-21,2021-04-28,regular,Atlanta Hawks,Philadelphia 76ers,ATL@PHI
2020-21,2021-04-28,regular,Charlotte Hornets,Boston Celtics,CHA@BOS
2020-21,2021-04-28,regular,Chicago Bulls,New York Knicks,CHI@NYK
2020-21,2021-04-28,regular,LA Clippers,Phoenix Suns,LAC@PHX
2020-21,2021-04-28,regular,Los Angeles Lakers,Washington Wizards,LAL@WAS
2020-21,2021-04-28,regular,New Orleans Pelicans,Denver Nuggets,NOP@DEN
2020-21,2021-04-28,regular,Orlando Magic,Cleveland Cavaliers,ORL@CLE
2020-21,2021-04-28,regular,Portland Trail Blazers,Memphis Grizzlies,POR@MEM
2020-21,2021-04-28,regular,San Antonio Spurs,Miami Heat,SAS@MIA
2020-21,2021-04-28,regular,Utah Jazz,Sacramento Kings,UTA@SAC
2020-21,2021-04-29,regular,Brooklyn Nets,Indiana Pacers,BKN@IND
2020-21,2021-04-29,regular,Dallas Mavericks,Detroit Pistons,DAL@DET
2020-21,2021-04-29,regular,Golden State Warriors,Minnesota Timberwolves,GSW@MIN
2020-21,2021-04-29,regular,Milwaukee Bucks,Houston Rockets,MIL@HOU
2020-21,2021-04-29,regular,New Orleans Pelicans,Oklahoma City Thunder,NOP@OKC
2020-21,2021-04-29,regular,Toronto Raptors,Denver Nuggets,TOR@DEN
2020-21,2021-04-30,regular,Atlanta Hawks,Philadelphia 76ers,ATL@PHI
2020-21,2021-04-30,regular,Milwaukee Bucks,Chicago Bulls,MIL@CHI
2020-21,2021-04-30,regular,Orlando Magic,Memphis Grizzlies,ORL@MEM
2020-21,2021-04-30,regular,Portland Trail Blazers,Brooklyn Nets,POR@BKN
2020-21,2021-04-30,regular,Sacramento Kings,Los Angeles Lakers,SAC@LAL
2020-21,2021-04-30,regular,San Antonio Spurs,Boston Celtics,SAS@BOS
2020-21,2021-04-30,regular,Utah Jazz,Phoenix Suns,UTA@PHX
2020-21,2021-04-30,regular,Washington Wizards,Cleveland Cavaliers,WAS@CLE
2020-21,2021-05-01,regular,Chicago Bulls,Atlanta Hawks,CHI@ATL
2020-21,2021-05-01,regular,Denver Nuggets,LA Clippers,DEN@LAC
2020-21,2021-05-01,regular,Detroit Pistons,Charlotte Hornets,DET@CHA
2020-21,2021-05-01,regular,Golden State Warriors,Houston Rockets,GSW@HOU
2020-21,2021-05-01,regular,Indiana Pacers,Oklahoma City Thunder,IND@OKC
2020-21,2021-05-01,regular,Memphis Grizzlies,Orlando Magic,MEM@ORL
2020-21,2021-05-01,regular,Miami Heat,Cleveland Cavaliers,MIA@CLE
2020-21,2021-05-01,regular,New Orleans Pelicans,Minnesota Timberwolves,NOP@MIN
2020-21,2021-05-01,regular,Toronto Raptors,Utah Jazz,TOR@UTA
2020-21,2021-05-01,regular,Washington Wizards,Dallas Mavericks,WAS@DAL
2020-21,2021-05-02,regular,Brooklyn Nets,Milwaukee Bucks,BKN@MIL
2020-21,2021-05-02,regular,Miami Heat,Charlotte Hornets,MIA@CHA
2020-21,2021-05-02,regular,New York Knicks,Houston Rockets,NYK@HOU
2020-21,2021-05-02,regular,Philadelphia 76ers,San Antonio Spurs,PHI@SAS
2020-21,2021-05-02,regular,Phoenix Suns,Oklahoma City Thunder,PHX@OKC
2020-21,2021-05-02,regular,Portland Trail Blazers,Boston Celtics,POR@BOS
2020-21,2021-05-02,regular,Sacramento Kings,Dallas Mavericks,SAC@DAL
2020-21,2021-05-02,regular,Toronto Raptors,Los Angeles Lakers,TOR@LAL
2020-21,2021-05-03,regular,Denver Nuggets,Los Angeles Lakers,DEN@LAL
2020-21,2021-05-03,regular,Golden State Warriors,New Orleans Pelicans,GSW@NOP
2020-21,2021-05-03,regular,Indiana Pacers,Washington Wizards,IND@WAS
2020-21,2021-05-03,regular,New York Knicks,Memphis Grizzlies,NYK@MEM
2020-21,2021-05-03,regular,Orlando Magic,Detroit Pistons,ORL@DET
2020-21,2021-05-03,regular,Philadelphia 76ers,Chicago Bulls,PHI@CHI
2020-21,2021-05-03,regular,Portland Trail Blazers,Atlanta Hawks,POR@ATL
2020-21,2021-05-03,regular,San Antonio Spurs,Utah Jazz,SAS@UTA
2020-21,2021-05-04,regular,Brooklyn Nets,Milwaukee Bucks,BKN@MIL
2020-21,2021-05-04,regular,Charlotte Hornets,Detroit Pistons,CHA@DET
2020-21,2021-05-04,regular,Dallas Mavericks,Miami Heat,DAL@MIA
2020-21,2021-05-04,regular,Golden State Warriors,New Orleans Pelicans,GSW@NOP
2020-21,2021-05-04,regular,Phoenix Suns,Cleveland Cavaliers,PHX@CLE
2020-21,2021-05-04,regular,Sacramento Kings,Oklahoma City Thunder,SAC@OKC
2020-21,2021-05-04,regular,Toronto Raptors,LA Clippers,TOR@LAC
2020-21,2021-05-05,regular,Boston Celtics,Orlando Magic,BOS@ORL
2020-21,2021-05-05,regular,Memphis Grizzlies,Minnesota Timberwolves,MEM@MIN
2020-21,2021-05-05,regular,New York Knicks,Denver Nuggets,NYK@DEN
2020-21,2021-05-05,regular,Philadelphia 76ers,Houston Rockets,PHI@HOU
2020-21,2021-05-05,regular,Phoenix Suns,Atlanta Hawks,PHX@ATL
2020-21,2021-05-05,regular,Portland Trail Blazers,Cleveland Cavaliers,POR@CLE
2020-21,2021-05-05,regular,Sacramento Kings,Indiana Pacers,SAC@IND
2020-21,2021-05-05,regular,San Antonio Spurs,Utah Jazz,SAS@UTA
2020-21,2021-05-05,regular,Washington Wizards,Milwaukee Bucks,WAS@MIL
2020-21,2021-05-06,regular,Atlanta Hawks,Indiana Pacers,ATL@IND
2020-21,2021-05-06,regular,Brooklyn Nets,Dallas Mavericks,BKN@DAL
2020-21,2021-05-06,regular,Chicago Bulls,Charlotte Hornets,CHI@CHA
2020-21,2021-05-06,regular,Los Angeles Lakers,LA Clippers,LAL@LAC
2020-21,2021-05-06,regular,Memphis Grizzlies,Detroit Pistons,MEM@DET
2020-21,2021-05-06,regular,Oklahoma City Thunder,Golden State Warriors,OKC@GSW
2020-21,2021-05-06,regular,Washington Wizards,Toronto Raptors,WAS@TOR
2020-21,2021-05-07,regular,Boston Celtics,Chicago Bulls,BOS@CHI
2020-21,2021-05-07,regular,Cleveland Cavaliers,Dallas Mavericks,CLE@DAL
2020-21,2021-05-07,regular,Denver Nuggets,Utah Jazz,DEN@UTA
2020-21,2021-05-07,regular,Houston Rockets,Milwaukee Bucks,HOU@MIL
2020-21,2021-05-07,regular,Los Angeles Lakers,Portland Trail Blazers,LAL@POR
2020-21,2021-05-07,regular,Minnesota Timberwolves,Miami Heat,MIN@MIA
2020-21,2021-05-07,regular,New Orleans Pelicans,Philadelphia 76ers,NOP@PHI
2020-21,2021-05-07,regular,New York Knicks,Phoenix Suns,NYK@PHX
2020-21,2021-05-07,regular,Orlando Magic,Charlotte Hornets,ORL@CHA
2020-21,2021-05-07,regular,San Antonio Spurs,Sacramento Kings,SAS@SAC
2020-21,2021-05-08,regular,Brooklyn Nets,Denver Nuggets,BKN@DEN
2020-21,2021-05-08,regular,Detroit Pistons,Philadelphia 76ers,DET@PHI
2020-21,2021-05-08,regular,Houston Rockets,Utah Jazz,HOU@UTA
2020-21,2021-05-08,regular,Memphis Grizzlies,Toronto Raptors,MEM@TOR
2020-21,2021-05-08,regular,Oklahoma City Thunder,Golden State Warriors,OKC@GSW
2020-21,2021-05-08,regular,San Antonio Spurs,Portland Trail Blazers,SAS@POR
2020-21,2021-05-08,regular,Washington Wizards,Indiana Pacers,WAS@IND
2020-21,2021-05-09,regular,Chicago Bulls,Detroit Pistons,CHI@DET
2020-21,2021-05-09,regular,Dallas Mavericks,Cleveland Cavaliers,DAL@CLE
2020-21,2021-05-09,regular,Miami Heat,Boston Celtics,MIA@BOS
2020-21,2021-05-09,regular,Minnesota Timberwolves,Orlando Magic,MIN@ORL
2020-21,2021-05-09,regular,New Orleans Pelicans,Charlotte Hornets,NOP@CHA
2020-21,2021-05-09,regular,New York Knicks,LA Clippers,NYK@LAC
2020-21,2021-05-09,regular,Oklahoma City Thunder,Sacramento Kings,OKC@SAC
2020-21,2021-05-09,regular,Phoenix Suns,Los Angeles Lakers,PHX@LAL
2020-21,2021-05-10,regular,Houston Rockets,Portland Trail Blazers,HOU@POR
2020-21,2021-05-10,regular,Indiana Pacers,Cleveland Cavaliers,IND@CLE
2020-21,2021-05-10,regular,Milwaukee Bucks,San Antonio Spurs,MIL@SAS
2020-21,2021-05-10,regular,New Orleans Pelicans,Memphis Grizzlies,NOP@MEM
2020-21,2021-05-10,regular,Utah Jazz,Golden State Warriors,UTA@GSW
2020-21,2021-05-10,regular,Washington Wizards,Atlanta Hawks,WAS@ATL
2020-21,2021-05-11,regular,Brooklyn Nets,Chicago Bulls,BKN@CHI
2020-21,2021-05-11,regular,Dallas Mavericks,Memphis Grizzlies,DAL@MEM
2020-21,2021-05-11,regular,Denver Nuggets,Charlotte Hornets,DEN@CHA
2020-21,2021-05-11,regular,LA Clippers,Toronto Raptors,LAC@TOR
2020-21,2021-05-11,regular,Miami Heat,Boston Celtics,MIA@BOS
2020-21,2021-05-11,regular,Minnesota Timberwolves,Detroit Pistons,MIN@DET
2020-21,2021-05-11,regular,New York Knicks,Los Angeles Lakers,NYK@LAL
2020-21,2021-05-11,regular,Oklahoma City Thunder,Sacramento Kings,OKC@SAC
2020-21,2021-05-11,regular,Orlando Magic,Milwaukee Bucks,ORL@MIL
2020-21,2021-05-11,regular,Philadelphia 76ers,Indiana Pacers,PHI@IND
2020-21,2021-05-11,regular,Phoenix Suns,Golden State Warriors,PHX@GSW
2020-21,2021-05-12,regular,Boston Celtics,Cleveland Cavaliers,BOS@CLE
2020-21,2021-05-12,regular,Houston Rockets,Los Angeles Lakers,HOU@LAL
2020-21,2021-05-12,regular,New Orleans Pelicans,Dallas Mavericks,NOP@DAL
2020-21,2021-05-12,regular,Portland Trail Blazers,Utah Jazz,POR@UTA
2020-21,2021-05-12,regular,San Antonio Spurs,Brooklyn Nets,SAS@BKN
2020-21,2021-05-12,regular,Washington Wizards,Atlanta Hawks,WAS@ATL
2020-21,2021-05-13,regular,Denver Nuggets,Minnesota Timberwolves,DEN@MIN
2020-21,2021-05-13,regular,LA Clippers,Charlotte Hornets,LAC@CHA
2020-21,2021-05-13,regular,Milwaukee Bucks,Indiana Pacers,MIL@IND
2020-21,2021-05-13,regular,Orlando Magic,Atlanta Hawks,ORL@ATL
2020-21,2021-05-13,regular,Philadelphia 76ers,Miami Heat,PHI@MIA
2020-21,2021-05-13,regular,Portland Trail Blazers,Phoenix Suns,POR@PHX
2020-21,2021-05-13,regular,Sacramento Kings,Memphis Grizzlies,SAC@MEM
2020-21,2021-05-13,regular,San Antonio Spurs,New York Knicks,SAS@NYK
2020-21,2021-05-13,regular,Toronto Raptors,Chicago Bulls,TOR@CHI
2020-21,2021-05-14,regular,Cleveland Cavaliers,Washington Wizards,CLE@WAS
2020-21,2021-05-14,regular,Denver Nuggets,Detroit Pistons,DEN@DET
2020-21,2021-05-14,regular,LA Clippers,Houston Rockets,LAC@HOU
2020-21,2021-05-14,regular,New Orleans Pelicans,Golden State Warriors,NOP@GSW
2020-21,2021-05-14,regular,Orlando Magic,Philadelphia 76ers,ORL@PHI
2020-21,2021-05-14,regular,Sacramento Kings,Memphis Grizzlies,SAC@MEM
2020-21,2021-05-14,regular,Toronto Raptors,Dallas Mavericks,TOR@DAL
2020-21,2021-05-14,regular,Utah Jazz,Oklahoma City Thunder,UTA@OKC
2020-21,2021-05-15,regular,Boston Celtics,Minnesota Timberwolves,BOS@MIN
2020-21,2021-05-15,regular,Charlotte Hornets,New York Knicks,CHA@NYK
2020-21,2021-05-15,regular,Chicago Bulls,Brooklyn Nets,CHI@BKN
2020-21,2021-05-15,regular,Los Angeles Lakers,Indiana Pacers,LAL@IND
2020-21,2021-05-15,regular,Miami Heat,Milwaukee Bucks,MIA@MIL
2020-21,2021-05-15,regular,Phoenix Suns,San Antonio Spurs,PHX@SAS
2020-21,2021-05-16,regular,Boston Celtics,New York Knicks,BOS@NYK
2020-21,2021-05-16,regular,Charlotte Hornets,Washington Wizards,CHA@WAS
2020-21,2021-05-16,regular,Cleveland Cavaliers,Brooklyn Nets,CLE@BKN
2020-21,2021-05-16,regular,Dallas Mavericks,Minnesota Timberwolves,DAL@MIN
2020-21,2021-05-16,regular,Denver Nuggets,Portland Trail Blazers,DEN@POR
2020-21,2021-05-16,regular,Houston Rockets,Atlanta Hawks,HOU@ATL
2020-21,2021-05-16,regular,Indiana Pacers,Toronto Raptors,IND@TOR
2020-21,2021-05-16,regular,LA Clippers,Oklahoma City Thunder,LAC@OKC
2020-21,2021-05-16,regular,Los Angeles Lakers,New Orleans Pelicans,LAL@NOP
2020-21,2021-05-16,regular,Memphis Grizzlies,Golden State Warriors,MEM@GSW
2020-21,2021-05-16,regular,Miami Heat,Detroit Pistons,MIA@DET
2020-21,2021-05-16,regular,Milwaukee Bucks,Chicago Bulls,MIL@CHI
2020-21,2021-05-16,regular,Orlando Magic,Philadelphia 76ers,ORL@PHI
2020-21,2021-05-16,regular,Phoenix Suns,San Antonio Spurs,PHX@SAS
2020-21,2021-05-16,regular,Utah Jazz,Sacramento Kings,UTA@SAC
2020-21,2021-05-18,play_in,Charlotte Hornets,Indiana Pacers,CHA@IND
2020-21,2021-05-18,play_in,Washington Wizards,Boston Celtics,WAS@BOS
2020-21,2021-05-19,play_in,Golden State Warriors,Los Angeles Lakers,GSW@LAL
2020-21,2021-05-19,play_in,San Antonio Spurs,Memphis Grizzlies,SAS@MEM
2020-21,2021-05-20,play_in,Indiana Pacers,Washington Wizards,IND@WAS
2020-21,2021-05-21,play_in,Memphis Grizzlies,Golden State Warriors,MEM@GSW
2020-21,2021-05-22,playoffs,Boston Celtics,Brooklyn Nets,BOS@BKN
2020-21,2021-05-22,playoffs,Dallas Mavericks,LA Clippers,DAL@LAC
2020-21,2021-05-22,playoffs,Miami Heat,Milwaukee Bucks,MIA@MIL
2020-21,2021-05-22,playoffs,Portland Trail Blazers,Denver Nuggets,POR@DEN
2020-21,2021-05-23,playoffs,Atlanta Hawks,New York Knicks,ATL@NYK
2020-21,2021-05-23,playoffs,Los Angeles Lakers,Phoenix Suns,LAL@PHX
2020-21,2021-05-23,playoffs,Memphis Grizzlies,Utah Jazz,MEM@UTA
2020-21,2021-05-23,playoffs,Washington Wizards,Philadelphia 76ers,WAS@PHI
2020-21,2021-05-24,playoffs,Miami Heat,Milwaukee Bucks,MIA@MIL
2020-21,2021-05-24,playoffs,Portland Trail Blazers,Denver Nuggets,POR@DEN
2020-21,2021-05-25,playoffs,Boston Celtics,Brooklyn Nets,BOS@BKN
2020-21,2021-05-25,playoffs,Dallas Mavericks,LA Clippers,DAL@LAC
2020-21,2021-05-25,playoffs,Los Angeles Lakers,Phoenix Suns,LAL@PHX
2020-21,2021-05-26,playoffs,Atlanta Hawks,New York Knicks,ATL@NYK
2020-21,2021-05-26,playoffs,Memphis Grizzlies,Utah Jazz,MEM@UTA
2020-21,2021-05-26,playoffs,Washington Wizards,Philadelphia 76ers,WAS@PHI
2020-21,2021-05-27,playoffs,Denver Nuggets,Portland Trail Blazers,DEN@POR
2020-21,2021-05-27,playoffs,Milwaukee Bucks,Miami Heat,MIL@MIA
2020-21,2021-05-27,playoffs,Phoenix Suns,Los Angeles Lakers,PHX@LAL
2020-21,2021-05-28,playoffs,Brooklyn Nets,Boston Celtics,BKN@BOS
2020-21,2021-05-28,playoffs,LA Clippers,Dallas Mavericks,LAC@DAL
2020-21,2021-05-28,playoffs,New York Knicks,Atlanta Hawks,NYK@ATL
2020-21,2021-05-29,playoffs,Denver Nuggets,Portland Trail Blazers,DEN@POR
2020-21,2021-05-29,playoffs,Milwaukee Bucks,Miami Heat,MIL@MIA
2020-21,2021-05-29,playoffs,Philadelphia 76ers,Washington Wizards,PHI@WAS
2020-21,2021-05-29,playoffs,Utah Jazz,Memphis Grizzlies,UTA@MEM
2020-21,2021-05-30,playoffs,Brooklyn Nets,Boston Celtics,BKN@BOS
2020-21,2021-05-30,playoffs,LA Clippers,Dallas Mavericks,LAC@DAL
2020-21,2021-05-30,playoffs,New York Knicks,Atlanta Hawks,NYK@ATL
2020-21,2021-05-30,playoffs,Phoenix Suns,Los Angeles Lakers,PHX@LAL
2020-21,2021-05-31,playoffs,Philadelphia 76ers,Washington Wizards,PHI@WAS
2020-21,2021-05-31,playoffs,Utah Jazz,Memphis Grizzlies,UTA@MEM
2020-21,2021-06-01,playoffs,Boston Celtics,Brooklyn Nets,BOS@BKN
2020-21,2021-06-01,playoffs,Los Angeles Lakers,Phoenix Suns,LAL@PHX
2020-21,2021-06-01,playoffs,Portland Trail Blazers,Denver Nuggets,POR@DEN
2020-21,2021-06-02,playoffs,Atlanta Hawks,New York Knicks,ATL@NYK
2020-21,2021-06-02,playoffs,Dallas Mavericks,LA Clippers,DAL@LAC
2020-21,2021-06-02,playoffs,Memphis Grizzlies,Utah Jazz,MEM@UTA
2020-21,2021-06-02,playoffs,Washington Wizards,Philadelphia 76ers,WAS@PHI
2020-21,2021-06-03,playoffs,Denver Nuggets,Portland Trail Blazers,DEN@POR
2020-21,2021-06-03,playoffs,Phoenix Suns,Los Angeles Lakers,PHX@LAL
2020-21,2021-06-04,playoffs,LA Clippers,Dallas Mavericks,LAC@DAL
2020-21,2021-06-05,playoffs,Milwaukee Bucks,Brooklyn Nets,MIL@BKN
2020-21,2021-06-06,playoffs,Atlanta Hawks,Philadelphia 76ers,ATL@PHI
2020-21,2021-06-06,playoffs,Dallas Mavericks,LA Clippers,DAL@LAC
2020-21,2021-06-07,playoffs,Denver Nuggets,Phoenix Suns,DEN@PHX
2020-21,2021-06-07,playoffs,Milwaukee Bucks,Brooklyn Nets,MIL@BKN
2020-21,2021-06-08,playoffs,Atlanta Hawks,Philadelphia 76ers,ATL@PHI
2020-21,2021-06-08,playoffs,LA Clippers,Utah Jazz,LAC@UTA
2020-21,2021-06-09,playoffs,Denver Nuggets,Phoenix Suns,DEN@PHX
2020-21,2021-06-10,playoffs,Brooklyn Nets,Milwaukee Bucks,BKN@MIL
2020-21,2021-06-10,playoffs,LA Clippers,Utah Jazz,LAC@UTA
2020-21,2021-06-11,playoffs,Philadelphia 76ers,Atlanta Hawks,PHI@ATL
2020-21,2021-06-11,playoffs,Phoenix Suns,Denver Nuggets,PHX@DEN
2020-21,2021-06-12,playoffs,Utah Jazz,LA Clippers,UTA@LAC
2020-21,2021-06-13,playoffs,Brooklyn Nets,Milwaukee Bucks,BKN@MIL
2020-21,2021-06-13,playoffs,Phoenix Suns,Denver Nuggets,PHX@DEN
2020-21,2021-06-14,playoffs,Philadelphia 76ers,Atlanta Hawks,PHI@ATL
2020-21,2021-06-14,playoffs,Utah Jazz,LA Clippers,UTA@LAC
2020-21,2021-06-15,playoffs,Milwaukee Bucks,Brooklyn Nets,MIL@BKN
2020-21,2021-06-16,playoffs,Atlanta Hawks,Philadelphia 76ers,ATL@PHI
2020-21,2021-06-16,playoffs,LA Clippers,Utah Jazz,LAC@UTA
2020-21,2021-06-17,playoffs,Brooklyn Nets,Milwaukee Bucks,BKN@MIL
2020-21,2021-06-18,playoffs,Philadelphia 76ers,Atlanta Hawks,PHI@ATL
2020-21,2021-06-18,playoffs,Utah Jazz,LA Clippers,UTA@LAC
2020-21,2021-06-19,playoffs,Milwaukee Bucks,Brooklyn Nets,MIL@BKN
2020-21,2021-06-20,playoffs,Atlanta Hawks,Philadelphia 76ers,ATL@PHI
2020-21,2021-06-20,playoffs,LA Clippers,Phoenix Suns,LAC@PHX
2020-21,2021-06-22,playoffs,LA Clippers,Phoenix Suns,LAC@PHX
2020-21,2021-06-23,playoffs,Atlanta Hawks,Milwaukee Bucks,ATL@MIL
2020-21,2021-06-24,playoffs,Phoenix Suns,LA Clippers,PHX@LAC
2020-21,2021-06-25,playoffs,Atlanta Hawks,Milwaukee Bucks,ATL@MIL
2020-21,2021-06-26,playoffs,Phoenix Suns,LA Clippers,PHX@LAC
2020-21,2021-06-27,playoffs,Milwaukee Bucks,Atlanta Hawks,MIL@ATL
2020-21,2021-06-28,playoffs,LA Clippers,Phoenix Suns,LAC@PHX
2020-21,2021-06-29,playoffs,Milwaukee Bucks,Atlanta Hawks,MIL@ATL
2020-21,2021-06-30,playoffs,Phoenix Suns,LA Clippers,PHX@LAC
2020-21,2021-07-01,playoffs,Atlanta Hawks,Milwaukee Bucks,ATL@MIL
2020-21,2021-07-03,playoffs,Milwaukee Bucks,Atlanta Hawks,MIL@ATL
2020-21,2021-07-06,playoffs,Milwaukee Bucks,Phoenix Suns,MIL@PHX
2020-21,2021-07-08,playoffs,Milwaukee Bucks,Phoenix Suns,MIL@PHX
2020-21,2021-07-11,playoffs,Phoenix Suns,Milwaukee Bucks,PHX@MIL
2020-21,2021-07-14,playoffs,Phoenix Suns,Milwaukee Bucks,PHX@MIL
2020-21,2021-07-17,playoffs,Milwaukee Bucks,Phoenix Suns,MIL@PHX
2020-21,2021-07-20,playoffs,Phoenix Suns,Milwaukee Bucks,PHX@MIL
2021-22,2021-10-03,preseason,Brooklyn Nets,Los Angeles Lakers,BKN@LAL
2021-22,2021-10-04,preseason,Atlanta Hawks,Miami Heat,ATL@MIA
2021-22,2021-10-04,preseason,Charlotte Hornets,Oklahoma City Thunder,CHA@OKC
2021-22,2021-10-04,preseason,Denver Nuggets,LA Clippers,DEN@LAC
2021-22,2021-10-04,preseason,Golden State Warriors,Portland Trail Blazers,GSW@POR
2021-22,2021-10-04,preseason,New Orleans Pelicans,Minnesota Timberwolves,NOP@MIN
2021-22,2021-10-04,preseason,Orlando Magic,Boston Celtics,ORL@BOS
2021-22,2021-10-04,preseason,Philadelphia 76ers,Toronto Raptors,PHI@TOR
2021-22,2021-10-04,preseason,Phoenix Suns,Sacramento Kings,PHX@SAC
2021-22,2021-10-04,preseason,Utah Jazz,San Antonio Spurs,UTA@SAS
2021-22,2021-10-05,preseason,Cleveland Cavaliers,Chicago Bulls,CLE@CHI
2021-22,2021-10-05,preseason,Indiana Pacers,New York Knicks,IND@NYK
2021-22,2021-10-05,preseason,Milwaukee Bucks,Memphis Grizzlies,MIL@MEM
2021-22,2021-10-05,preseason,Washington Wizards,Houston Rockets,WAS@HOU
2021-22,2021-10-06,preseason,Cleveland Cavaliers,Atlanta Hawks,CLE@ATL
2021-22,2021-10-06,preseason,Denver Nuggets,Golden State Warriors,DEN@GSW
2021-22,2021-10-06,preseason,Los Angeles Lakers,Phoenix Suns,LAL@PHX
2021-22,2021-10-06,preseason,Orlando Magic,New Orleans Pelicans,ORL@NOP
2021-22,2021-10-06,preseason,Sacramento Kings,LA Clippers,SAC@LAC
2021-22,2021-10-06,preseason,San Antonio Spurs,Detroit Pistons,SAS@DET
2021-22,2021-10-06,preseason,Utah Jazz,Dallas Mavericks,UTA@DAL
2021-22,2021-10-07,preseason,Memphis Grizzlies,Charlotte Hornets,MEM@CHA
2021-22,2021-10-07,preseason,Miami Heat,Houston Rockets,MIA@HOU
2021-22,2021-10-07,preseason,Toronto Raptors,Philadelphia 76ers,TOR@PHI
2021-22,2021-10-08,preseason,Indiana Pacers,Cleveland Cavaliers,IND@CLE
2021-22,2021-10-08,preseason,LA Clippers,Dallas Mavericks,LAC@DAL
2021-22,2021-10-08,preseason,Los Angeles Lakers,Golden State Warriors,LAL@GSW
2021-22,2021-10-08,preseason,Miami Heat,San Antonio Spurs,MIA@SAS
2021-22,2021-10-08,preseason,Milwaukee Bucks,Brooklyn Nets,MIL@BKN
2021-22,2021-10-08,preseason,Minnesota Timberwolves,Denver Nuggets,MIN@DEN
2021-22,2021-10-08,preseason,New Orleans Pelicans,Chicago Bulls,NOP@CHI
2021-22,2021-10-09,preseason,Atlanta Hawks,Memphis Grizzlies,ATL@MEM
2021-22,2021-10-09,preseason,New York Knicks,Washington Wizards,NYK@WAS
2021-22,2021-10-09,preseason,Toronto Raptors,Boston Celtics,TOR@BOS
2021-22,2021-10-10,preseason,Chicago Bulls,Cleveland Cavaliers,CHI@CLE
2021-22,2021-10-10,preseason,Oklahoma City Thunder,Milwaukee Bucks,OKC@MIL
2021-22,2021-10-10,preseason,Phoenix Suns,Los Angeles Lakers,PHX@LAL
2021-22,2021-10-10,preseason,San Antonio Spurs,Orlando Magic,SAS@ORL
2021-22,2021-10-11,preseason,Brooklyn Nets,Philadelphia 76ers,BKN@PHI
2021-22,2021-10-11,preseason,Charlotte Hornets,Miami Heat,CHA@MIA
2021-22,2021-10-11,preseason,Detroit Pistons,Memphis Grizzlies,DET@MEM
2021-22,2021-10-11,preseason,Houston Rockets,Toronto Raptors,HOU@TOR
2021-22,2021-10-11,preseason,Minnesota Timberwolves,LA Clippers,MIN@LAC
2021-22,2021-10-11,preseason,New Orleans Pelicans,Utah Jazz,NOP@UTA
2021-22,2021-10-11,preseason,Sacramento Kings,Portland Trail Blazers,SAC@POR
2021-22,2021-10-12,preseason,Golden State Warriors,Los Angeles Lakers,GSW@LAL
2021-22,2021-10-12,preseason,Toronto Raptors,Washington Wizards,TOR@WAS
2021-22,2021-10-13,preseason,Boston Celtics,Orlando Magic,BOS@ORL
2021-22,2021-10-13,preseason,Dallas Mavericks,Charlotte Hornets,DAL@CHA
2021-22,2021-10-13,preseason,Denver Nuggets,Oklahoma City Thunder,DEN@OKC
2021-22,2021-10-13,preseason,Detroit Pistons,New York Knicks,DET@NYK
2021-22,2021-10-13,preseason,Memphis Grizzlies,Indiana Pacers,MEM@IND
2021-22,2021-10-13,preseason,Milwaukee Bucks,Utah Jazz,MIL@UTA
2021-22,2021-10-13,preseason,Portland Trail Blazers,Phoenix Suns,POR@PHX
2021-22,2021-10-14,preseason,Denver Nuggets,Oklahoma City Thunder,DEN@OKC
2021-22,2021-10-14,preseason,Los Angeles Lakers,Sacramento Kings,LAL@SAC
2021-22,2021-10-14,preseason,Miami Heat,Atlanta Hawks,MIA@ATL
2021-22,2021-10-14,preseason,Minnesota Timberwolves,Brooklyn Nets,MIN@BKN
2021-22,2021-10-15,preseason,Boston Celtics,Miami Heat,BOS@MIA
2021-22,2021-10-15,preseason,Cleveland Cavaliers,Indiana Pacers,CLE@IND
2021-22,2021-10-15,preseason,Dallas Mavericks,Milwaukee Bucks,DAL@MIL
2021-22,2021-10-15,preseason,Houston Rockets,San Antonio Spurs,HOU@SAS
2021-22,2021-10-15,preseason,Memphis Grizzlies,Chicago Bulls,MEM@CHI
2021-22,2021-10-15,preseason,Philadelphia 76ers,Detroit Pistons,PHI@DET
2021-22,2021-10-15,preseason,Portland Trail Blazers,Golden State Warriors,POR@GSW
2021-22,2021-10-15,preseason,Washington Wizards,New York Knicks,WAS@NYK
2021-22,2021-10-19,regular,Brooklyn Nets,Milwaukee Bucks,BKN@MIL
2021-22,2021-10-19,regular,Golden State Warriors,Los Angeles Lakers,GSW@LAL
2021-22,2021-10-20,regular,Boston Celtics,New York Knicks,BOS@NYK
2021-22,2021-10-20,regular,Chicago Bulls,Detroit Pistons,CHI@DET
2021-22,2021-10-20,regular,Cleveland Cavaliers,Memphis Grizzlies,CLE@MEM
2021-22,2021-10-20,regular,Denver Nuggets,Phoenix Suns,DEN@PHX
2021-22,2021-10-20,regular,Houston Rockets,Minnesota Timberwolves,HOU@MIN
2021-22,2021-10-20,regular,Indiana Pacers,Charlotte Hornets,IND@CHA
2021-22,2021-10-20,regular,Oklahoma City Thunder,Utah Jazz,OKC@UTA
2021-22,2021-10-20,regular,Orlando Magic,San Antonio Spurs,ORL@SAS
2021-22,2021-10-20,regular,Philadelphia 76ers,New Orleans Pelicans,PHI@NOP
2021-22,2021-10-20,regular,Sacramento Kings,Portland Trail Blazers,SAC@POR
2021-22,2021-10-20,regular,Washington Wizards,Toronto Raptors,WAS@TOR
2021-22,2021-10-21,regular,Dallas Mavericks,Atlanta Hawks,DAL@ATL
2021-22,2021-10-21,regular,LA Clippers,Golden State Warriors,LAC@GSW
2021-22,2021-10-21,regular,Milwaukee Bucks,Miami Heat,MIL@MIA
2021-22,2021-10-22,regular,Brooklyn Nets,Philadelphia 76ers,BKN@PHI
2021-22,2021-10-22,regular,Charlotte Hornets,Cleveland Cavaliers,CHA@CLE
2021-22,2021-10-22,regular,Indiana Pacers,Washington Wizards,IND@WAS
2021-22,2021-10-22,regular,New Orleans Pelicans,Chicago Bulls,NOP@CHI
2021-22,2021-10-22,regular,New York Knicks,Orlando Magic,NYK@ORL
2021-22,2021-10-22,regular,Oklahoma City Thunder,Houston Rockets,OKC@HOU
2021-22,2021-10-22,regular,Phoenix Suns,Los Angeles Lakers,PHX@LAL
2021-22,2021-10-22,regular,San Antonio Spurs,Denver Nuggets,SAS@DEN
2021-22,2021-10-22,regular,Toronto Raptors,Boston Celtics,TOR@BOS
2021-22,2021-10-22,regular,Utah Jazz,Sacramento Kings,UTA@SAC
2021-22,2021-10-23,regular,Atlanta Hawks,Cleveland Cavaliers,ATL@CLE
2021-22,2021-10-23,regular,Dallas Mavericks,Toronto Raptors,DAL@TOR
2021-22,2021-10-23,regular,Detroit Pistons,Chicago Bulls,DET@CHI
2021-22,2021-10-23,regular,Memphis Grizzlies,LA Clippers,MEM@LAC
2021-22,2021-10-23,regular,Miami Heat,Indiana Pacers,MIA@IND
2021-22,2021-10-23,regular,Milwaukee Bucks,San Antonio Spurs,MIL@SAS
2021-22,2021-10-23,regular,New Orleans Pelicans,Minnesota Timberwolves,NOP@MIN
2021-22,2021-10-23,regular,Phoenix Suns,Portland Trail Blazers,PHX@POR
2021-22,2021-10-24,regular,Boston Celtics,Houston Rockets,BOS@HOU
2021-22,2021-10-24,regular,Charlotte Hornets,Brooklyn Nets,CHA@BKN
2021-22,2021-10-24,regular,Golden State Warriors,Sacramento Kings,GSW@SAC
2021-22,2021-10-24,regular,Memphis Grizzlies,Los Angeles Lakers,MEM@LAL
2021-22,2021-10-24,regular,Orlando Magic,New York Knicks,ORL@NYK
2021-22,2021-10-24,regular,Philadelphia 76ers,Oklahoma City Thunder,PHI@OKC
2021-22,2021-10-25,regular,Boston Celtics,Charlotte Hornets,BOS@CHA
2021-22,2021-10-25,regular,Chicago Bulls,Toronto Raptors,CHI@TOR
2021-22,2021-10-25,regular,Cleveland Cavaliers,Denver Nuggets,CLE@DEN
2021-22,2021-10-25,regular,Detroit Pistons,Atlanta Hawks,DET@ATL
2021-22,2021-10-25,regular,Milwaukee Bucks,Indiana Pacers,MIL@IND
2021-22,2021-10-25,regular,New Orleans Pelicans,Minnesota Timberwolves,NOP@MIN
2021-22,2021-10-25,regular,Orlando Magic,Miami Heat,ORL@MIA
2021-22,2021-10-25,regular,Portland Trail Blazers,LA Clippers,POR@LAC
2021-22,2021-10-25,regular,Washington Wizards,Brooklyn Nets,WAS@BKN
2021-22,2021-10-26,regular,Denver Nuggets,Utah Jazz,DEN@UTA
2021-22,2021-10-26,regular,Golden State Warriors,Oklahoma City Thunder,GSW@OKC
2021-22,2021-10-26,regular,Houston Rockets,Dallas Mavericks,HOU@DAL
2021-22,2021-10-26,regular,Los Angeles Lakers,San Antonio Spurs,LAL@SAS
2021-22,2021-10-26,regular,Philadelphia 76ers,New York Knicks,PHI@NYK
2021-22,2021-10-27,regular,Atlanta Hawks,New Orleans Pelicans,ATL@NOP
2021-22,2021-10-27,regular,Charlotte Hornets,Orlando Magic,CHA@ORL
2021-22,2021-10-27,regular,Cleveland Cavaliers,LA Clippers,CLE@LAC
2021-22,2021-10-27,regular,Indiana Pacers,Toronto Raptors,IND@TOR
2021-22,2021-10-27,regular,Los Angeles Lakers,Oklahoma City Thunder,LAL@OKC
2021-22,2021-10-27,regular,Memphis Grizzlies,Portland Trail Blazers,MEM@POR
2021-22,2021-10-27,regular,Miami Heat,Brooklyn Nets,MIA@BKN
2021-22,2021-10-27,regular,Minnesota Timberwolves,Milwaukee Bucks,MIN@MIL
2021-22,2021-10-27,regular,Sacramento Kings,Phoenix Suns,SAC@PHX
2021-22,2021-10-27,regular,Washington Wizards,Boston Celtics,WAS@BOS
2021-22,2021-10-28,regular,Atlanta Hawks,Washington Wizards,ATL@WAS
2021-22,2021-10-28,regular,Detroit Pistons,Philadelphia 76ers,DET@PHI
2021-22,2021-10-28,regular,Memphis Grizzlies,Golden State Warriors,MEM@GSW
2021-22,2021-10-28,regular,New York Knicks,Chicago Bulls,NYK@CHI
2021-22,2021-10-28,regular,San Antonio Spurs,Dallas Mavericks,SAS@DAL
2021-22,2021-10-28,regular,Utah Jazz,Houston Rockets,UTA@HOU
2021-22,2021-10-29,regular,Charlotte Hornets,Miami Heat,CHA@MIA
2021-22,2021-10-29,regular,Cleveland Cavaliers,Los Angeles Lakers,CLE@LAL
2021-22,2021-10-29,regular,Dallas Mavericks,Denver Nuggets,DAL@DEN
2021-22,2021-10-29,regular,Indiana Pacers,Brooklyn Nets,IND@BKN
2021-22,2021-10-29,regular,LA Clippers,Portland Trail Blazers,LAC@POR
2021-22,2021-10-29,regular,Orlando Magic,Toronto Raptors,ORL@TOR
2021-22,2021-10-29,regular,Sacramento Kings,New Orleans Pelicans,SAC@NOP
2021-22,2021-10-30,regular,Atlanta Hawks,Philadelphia 76ers,ATL@PHI
2021-22,2021-10-30,regular,Boston Celtics,Washington Wizards,BOS@WAS
2021-22,2021-10-30,regular,Cleveland Cavaliers,Phoenix Suns,CLE@PHX
2021-22,2021-10-30,regular,Denver Nuggets,Minnesota Timberwolves,DEN@MIN
2021-22,2021-10-30,regular,Miami Heat,Memphis Grizzlies,MIA@MEM
2021-22,2021-10-30,regular,New York Knicks,New Orleans Pelicans,NYK@NOP
2021-22,2021-10-30,regular,Oklahoma City Thunder,Golden State Warriors,OKC@GSW
2021-22,2021-10-30,regular,Orlando Magic,Detroit Pistons,ORL@DET
2021-22,2021-10-30,regular,San Antonio Spurs,Milwaukee Bucks,SAS@MIL
2021-22,2021-10-30,regular,Toronto Raptors,Indiana Pacers,TOR@IND
2021-22,2021-10-30,regular,Utah Jazz,Chicago Bulls,UTA@CHI
2021-22,2021-10-31,regular,Detroit Pistons,Brooklyn Nets,DET@BKN
2021-22,2021-10-31,regular,Houston Rockets,Los Angeles Lakers,HOU@LAL
2021-22,2021-10-31,regular,Portland Trail Blazers,Charlotte Hornets,POR@CHA
2021-22,2021-10-31,regular,Sacramento Kings,Dallas Mavericks,SAC@DAL
2021-22,2021-10-31,regular,Utah Jazz,Milwaukee Bucks,UTA@MIL
2021-22,2021-11-01,regular,Chicago Bulls,Boston Celtics,CHI@BOS
2021-22,2021-11-01,regular,Cleveland Cavaliers,Charlotte Hornets,CLE@CHA
2021-22,2021-11-01,regular,Denver Nuggets,Memphis Grizzlies,DEN@MEM
2021-22,2021-11-01,regular,Oklahoma City Thunder,LA Clippers,OKC@LAC
2021-22,2021-11-01,regular,Orlando Magic,Minnesota Timberwolves,ORL@MIN
2021-22,2021-11-01,regular,Portland Trail Blazers,Philadelphia 76ers,POR@PHI
2021-22,2021-11-01,regular,San Antonio Spurs,Indiana Pacers,SAS@IND
2021-22,2021-11-01,regular,Toronto Raptors,New York Knicks,TOR@NYK
2021-22,2021-11-01,regular,Washington Wizards,Atlanta Hawks,WAS@ATL
2021-22,2021-11-02,regular,Houston Rockets,Los Angeles Lakers,HOU@LAL
2021-22,2021-11-02,regular,Miami Heat,Dallas Mavericks,MIA@DAL
2021-22,2021-11-02,regular,Milwaukee Bucks,Detroit Pistons,MIL@DET
2021-22,2021-11-02,regular,New Orleans Pelicans,Phoenix Suns,NOP@PHX
2021-22,2021-11-02,regular,Sacramento Kings,Utah Jazz,SAC@UTA
2021-22,2021-11-03,regular,Atlanta Hawks,Brooklyn Nets,ATL@BKN
2021-22,2021-11-03,regular,Boston Celtics,Orlando Magic,BOS@ORL
2021-22,2021-11-03,regular,Charlotte Hornets,Golden State Warriors,CHA@GSW
2021-22,2021-11-03,regular,Chicago Bulls,Philadelphia 76ers,CHI@PHI
2021-22,2021-11-03,regular,Dallas Mavericks,San Antonio Spurs,DAL@SAS
2021-22,2021-11-03,regular,Denver Nuggets,Memphis Grizzlies,DEN@MEM
2021-22,2021-11-03,regular,LA Clippers,Minnesota Timberwolves,LAC@MIN
2021-22,2021-11-03,regular,New Orleans Pelicans,Sacramento Kings,NOP@SAC
2021-22,2021-11-03,regular,New York Knicks,Indiana Pacers,NYK@IND
2021-22,2021-11-03,regular,Portland Trail Blazers,Cleveland Cavaliers,POR@CLE
2021-22,2021-11-03,regular,Toronto Raptors,Washington Wizards,TOR@WAS
2021-22,2021-11-04,regular,Boston Celtics,Miami Heat,BOS@MIA
2021-22,2021-11-04,regular,Houston Rockets,Phoenix Suns,HOU@PHX
2021-22,2021-11-04,regular,Oklahoma City Thunder,Los Angeles Lakers,OKC@LAL
2021-22,2021-11-04,regular,Philadelphia 76ers,Detroit Pistons,PHI@DET
2021-22,2021-11-04,regular,Utah Jazz,Atlanta Hawks,UTA@ATL
2021-22,2021-11-05,regular,Brooklyn Nets,Detroit Pistons,BKN@DET
2021-22,2021-11-05,regular,Charlotte Hornets,Sacramento Kings,CHA@SAC
2021-22,2021-11-05,regular,Cleveland Cavaliers,Toronto Raptors,CLE@TOR
2021-22,2021-11-05,regular,Indiana Pacers,Portland Trail Blazers,IND@POR
2021-22,2021-11-05,regular,LA Clippers,Minnesota Timberwolves,LAC@MIN
2021-22,2021-11-05,regular,Memphis Grizzlies,Washington Wizards,MEM@WAS
2021-22,2021-11-05,regular,New Orleans Pelicans,Golden State Warriors,NOP@GSW
2021-22,2021-11-05,regular,New York Knicks,Milwaukee Bucks,NYK@MIL
2021-22,2021-11-05,regular,San Antonio Spurs,Orlando Magic,SAS@ORL
2021-22,2021-11-06,regular,Atlanta Hawks,Phoenix Suns,ATL@PHX
2021-22,2021-11-06,regular,Boston Celtics,Dallas Mavericks,BOS@DAL
2021-22,2021-11-06,regular,Houston Rockets,Denver Nuggets,HOU@DEN
2021-22,2021-11-06,regular,Los Angeles Lakers,Portland Trail Blazers,LAL@POR
2021-22,2021-11-06,regular,Philadelphia 76ers,Chicago Bulls,PHI@CHI
2021-22,2021-11-06,regular,Utah Jazz,Miami Heat,UTA@MIA
2021-22,2021-11-07,regular,Brooklyn Nets,Toronto Raptors,BKN@TOR
2021-22,2021-11-07,regular,Charlotte Hornets,LA Clippers,CHA@LAC
2021-22,2021-11-07,regular,Cleveland Cavaliers,New York Knicks,CLE@NYK
2021-22,2021-11-07,regular,Houston Rockets,Golden State Warriors,HOU@GSW
2021-22,2021-11-07,regular,Indiana Pacers,Sacramento Kings,IND@SAC
2021-22,2021-11-07,regular,Milwaukee Bucks,Washington Wizards,MIL@WAS
2021-22,2021-11-07,regular,San Antonio Spurs,Oklahoma City Thunder,SAS@OKC
2021-22,2021-11-07,regular,Utah Jazz,Orlando Magic,UTA@ORL
2021-22,2021-11-08,regular,Atlanta Hawks,Golden State Warriors,ATL@GSW
2021-22,2021-11-08,regular,Brooklyn Nets,Chicago Bulls,BKN@CHI
2021-22,2021-11-08,regular,Charlotte Hornets,Los Angeles Lakers,CHA@LAL
2021-22,2021-11-08,regular,Miami Heat,Denver Nuggets,MIA@DEN
2021-22,2021-11-08,regular,Minnesota Timberwolves,Memphis Grizzlies,MIN@MEM
2021-22,2021-11-08,regular,New Orleans Pelicans,Dallas Mavericks,NOP@DAL
2021-22,2021-11-08,regular,New York Knicks,Philadelphia 76ers,NYK@PHI
2021-22,2021-11-08,regular,Phoenix Suns,Sacramento Kings,PHX@SAC
2021-22,2021-11-09,regular,Atlanta Hawks,Utah Jazz,ATL@UTA
2021-22,2021-11-09,regular,Milwaukee Bucks,Philadelphia 76ers,MIL@PHI
2021-22,2021-11-09,regular,Portland Trail Blazers,LA Clippers,POR@LAC
2021-22,2021-11-10,regular,Brooklyn Nets,Orlando Magic,BKN@ORL
2021-22,2021-11-10,regular,Charlotte Hornets,Memphis Grizzlies,CHA@MEM
2021-22,2021-11-10,regular,Dallas Mavericks,Chicago Bulls,DAL@CHI
2021-22,2021-11-10,regular,Detroit Pistons,Houston Rockets,DET@HOU
2021-22,2021-11-10,regular,Indiana Pacers,Denver Nuggets,IND@DEN
2021-22,2021-11-10,regular,Miami Heat,Los Angeles Lakers,MIA@LAL
2021-22,2021-11-10,regular,Milwaukee Bucks,New York Knicks,MIL@NYK
2021-22,2021-11-10,regular,Minnesota Timberwolves,Golden State Warriors,MIN@GSW
2021-22,2021-11-10,regular,Oklahoma City Thunder,New Orleans Pelicans,OKC@NOP
2021-22,2021-11-10,regular,Portland Trail Blazers,Phoenix Suns,POR@PHX
2021-22,2021-11-10,regular,Sacramento Kings,San Antonio Spurs,SAC@SAS
2021-22,2021-11-10,regular,Toronto Raptors,Boston Celtics,TOR@BOS
2021-22,2021-11-10,regular,Washington Wizards,Cleveland Cavaliers,WAS@CLE
2021-22,2021-11-11,regular,Indiana Pacers,Utah Jazz,IND@UTA
2021-22,2021-11-11,regular,Miami Heat,LA Clippers,MIA@LAC
2021-22,2021-11-11,regular,Toronto Raptors,Philadelphia 76ers,TOR@PHI
2021-22,2021-11-12,regular,Atlanta Hawks,Denver Nuggets,ATL@DEN
2021-22,2021-11-12,regular,Brooklyn Nets,New Orleans Pelicans,BKN@NOP
2021-22,2021-11-12,regular,Chicago Bulls,Golden State Warriors,CHI@GSW
2021-22,2021-11-12,regular,Dallas Mavericks,San Antonio Spurs,DAL@SAS
2021-22,2021-11-12,regular,Detroit Pistons,Cleveland Cavaliers,DET@CLE
2021-22,2021-11-12,regular,Milwaukee Bucks,Boston Celtics,MIL@BOS
2021-22,2021-11-12,regular,Minnesota Timberwolves,Los Angeles Lakers,MIN@LAL
2021-22,2021-11-12,regular,New York Knicks,Charlotte Hornets,NYK@CHA
2021-22,2021-11-12,regular,Phoenix Suns,Memphis Grizzlies,PHX@MEM
2021-22,2021-11-12,regular,Portland Trail Blazers,Houston Rockets,POR@HOU
2021-22,2021-11-12,regular,Sacramento Kings,Oklahoma City Thunder,SAC@OKC
2021-22,2021-11-13,regular,Boston Celtics,Cleveland Cavaliers,BOS@CLE
2021-22,2021-11-13,regular,Detroit Pistons,Toronto Raptors,DET@TOR
2021-22,2021-11-13,regular,Memphis Grizzlies,New Orleans Pelicans,MEM@NOP
2021-22,2021-11-13,regular,Miami Heat,Utah Jazz,MIA@UTA
2021-22,2021-11-13,regular,Minnesota Timberwolves,LA Clippers,MIN@LAC
2021-22,2021-11-13,regular,Philadelphia 76ers,Indiana Pacers,PHI@IND
2021-22,2021-11-13,regular,Washington Wizards,Orlando Magic,WAS@ORL
2021-22,2021-11-14,regular,Brooklyn Nets,Oklahoma City Thunder,BKN@OKC
2021-22,2021-11-14,regular,Chicago Bulls,LA Clippers,CHI@LAC
2021-22,2021-11-14,regular,Golden State Warriors,Charlotte Hornets,GSW@CHA
2021-22,2021-11-14,regular,Milwaukee Bucks,Atlanta Hawks,MIL@ATL
2021-22,2021-11-14,regular,Phoenix Suns,Houston Rockets,PHX@HOU
2021-22,2021-11-14,regular,Portland Trail Blazers,Denver Nuggets,POR@DEN
2021-22,2021-11-14,regular,San Antonio Spurs,Los Angeles Lakers,SAS@LAL
2021-22,2021-11-15,regular,Boston Celtics,Cleveland Cavaliers,BOS@CLE
2021-22,2021-11-15,regular,Chicago Bulls,Los Angeles Lakers,CHI@LAL
2021-22,2021-11-15,regular,Denver Nuggets,Dallas Mavericks,DEN@DAL
2021-22,2021-11-15,regular,Houston Rockets,Memphis Grizzlies,HOU@MEM
2021-22,2021-11-15,regular,Indiana Pacers,New York Knicks,IND@NYK
2021-22,2021-11-15,regular,Miami Heat,Oklahoma City Thunder,MIA@OKC
2021-22,2021-11-15,regular,New Orleans Pelicans,Washington Wizards,NOP@WAS
2021-22,2021-11-15,regular,Orlando Magic,Atlanta Hawks,ORL@ATL
2021-22,2021-11-15,regular,Phoenix Suns,Minnesota Timberwolves,PHX@MIN
2021-22,2021-11-15,regular,Sacramento Kings,Detroit Pistons,SAC@DET
2021-22,2021-11-15,regular,Toronto Raptors,Portland Trail Blazers,TOR@POR
2021-22,2021-11-16,regular,Golden State Warriors,Brooklyn Nets,GSW@BKN
2021-22,2021-11-16,regular,Philadelphia 76ers,Utah Jazz,PHI@UTA
2021-22,2021-11-16,regular,San Antonio Spurs,LA Clippers,SAS@LAC
2021-22,2021-11-17,regular,Boston Celtics,Atlanta Hawks,BOS@ATL
2021-22,2021-11-17,regular,Chicago Bulls,Portland Trail Blazers,CHI@POR
2021-22,2021-11-17,regular,Cleveland Cavaliers,Brooklyn Nets,CLE@BKN
2021-22,2021-11-17,regular,Dallas Mavericks,Phoenix Suns,DAL@PHX
2021-22,2021-11-17,regular,Houston Rockets,Oklahoma City Thunder,HOU@OKC
2021-22,2021-11-17,regular,Indiana Pacers,Detroit Pistons,IND@DET
2021-22,2021-11-17,regular,Los Angeles Lakers,Milwaukee Bucks,LAL@MIL
2021-22,2021-11-17,regular,New Orleans Pelicans,Miami Heat,NOP@MIA
2021-22,2021-11-17,regular,Orlando Magic,New York Knicks,ORL@NYK
2021-22,2021-11-17,regular,Sacramento Kings,Minnesota Timberwolves,SAC@MIN
2021-22,2021-11-17,regular,Washington Wizards,Charlotte Hornets,WAS@CHA
2021-22,2021-11-18,regular,Golden State Warriors,Cleveland Cavaliers,GSW@CLE
2021-22,2021-11-18,regular,LA Clippers,Memphis Grizzlies,LAC@MEM
2021-22,2021-11-18,regular,Philadelphia 76ers,Denver Nuggets,PHI@DEN
2021-22,2021-11-18,regular,San Antonio Spurs,Minnesota Timberwolves,SAS@MIN
2021-22,2021-11-18,regular,Toronto Raptors,Utah Jazz,TOR@UTA
2021-22,2021-11-18,regular,Washington Wizards,Miami Heat,WAS@MIA
2021-22,2021-11-19,regular,Chicago Bulls,Denver Nuggets,CHI@DEN
2021-22,2021-11-19,regular,Dallas Mavericks,Phoenix Suns,DAL@PHX
2021-22,2021-11-19,regular,Golden State Warriors,Detroit Pistons,GSW@DET
2021-22,2021-11-19,regular,Indiana Pacers,Charlotte Hornets,IND@CHA
2021-22,2021-11-19,regular,LA Clippers,New Orleans Pelicans,LAC@NOP
2021-22,2021-11-19,regular,Los Angeles Lakers,Boston Celtics,LAL@BOS
2021-22,2021-11-19,regular,Oklahoma City Thunder,Milwaukee Bucks,OKC@MIL
2021-22,2021-11-19,regular,Orlando Magic,Brooklyn Nets,ORL@BKN
2021-22,2021-11-19,regular,Toronto Raptors,Sacramento Kings,TOR@SAC
2021-22,2021-11-20,regular,Charlotte Hornets,Atlanta Hawks,CHA@ATL
2021-22,2021-11-20,regular,Houston Rockets,New York Knicks,HOU@NYK
2021-22,2021-11-20,regular,Memphis Grizzlies,Minnesota Timberwolves,MEM@MIN
2021-22,2021-11-20,regular,Miami Heat,Washington Wizards,MIA@WAS
2021-22,2021-11-20,regular,New Orleans Pelicans,Indiana Pacers,NOP@IND
2021-22,2021-11-20,regular,Oklahoma City Thunder,Boston Celtics,OKC@BOS
2021-22,2021-11-20,regular,Orlando Magic,Milwaukee Bucks,ORL@MIL
2021-22,2021-11-20,regular,Philadelphia 76ers,Portland Trail Blazers,PHI@POR
2021-22,2021-11-20,regular,Utah Jazz,Sacramento Kings,UTA@SAC
2021-22,2021-11-21,regular,Dallas Mavericks,LA Clippers,DAL@LAC
2021-22,2021-11-21,regular,Denver Nuggets,Phoenix Suns,DEN@PHX
2021-22,2021-11-21,regular,Los Angeles Lakers,Detroit Pistons,LAL@DET
2021-22,2021-11-21,regular,New York Knicks,Chicago Bulls,NYK@CHI
2021-22,2021-11-21,regular,Toronto Raptors,Golden State Warriors,TOR@GSW
2021-22,2021-11-22,regular,Brooklyn Nets,Cleveland Cavaliers,BKN@CLE
2021-22,2021-11-22,regular,Charlotte Hornets,Washington Wizards,CHA@WAS
2021-22,2021-11-22,regular,Houston Rockets,Boston Celtics,HOU@BOS
2021-22,2021-11-22,regular,Indiana Pacers,Chicago Bulls,IND@CHI
2021-22,2021-11-22,regular,Memphis Grizzlies,Utah Jazz,MEM@UTA
2021-22,2021-11-22,regular,Minnesota Timberwolves,New Orleans Pelicans,MIN@NOP
2021-22,2021-11-22,regular,Oklahoma City Thunder,Atlanta Hawks,OKC@ATL
2021-22,2021-11-22,regular,Orlando Magic,Milwaukee Bucks,ORL@MIL
2021-22,2021-11-22,regular,Philadelphia 76ers,Sacramento Kings,PHI@SAC
2021-22,2021-11-22,regular,Phoenix Suns,San Antonio Spurs,PHX@SAS
2021-22,2021-11-23,regular,Dallas Mavericks,LA Clippers,DAL@LAC
2021-22,2021-11-23,regular,Denver Nuggets,Portland Trail Blazers,DEN@POR
2021-22,2021-11-23,regular,Los Angeles Lakers,New York Knicks,LAL@NYK
2021-22,2021-11-23,regular,Miami Heat,Detroit Pistons,MIA@DET
2021-22,2021-11-24,regular,Atlanta Hawks,San Antonio Spurs,ATL@SAS
2021-22,2021-11-24,regular,Brooklyn Nets,Boston Celtics,BKN@BOS
2021-22,2021-11-24,regular,Charlotte Hornets,Orlando Magic,CHA@ORL
2021-22,2021-11-24,regular,Chicago Bulls,Houston Rockets,CHI@HOU
2021-22,2021-11-24,regular,Detroit Pistons,Milwaukee Bucks,DET@MIL
2021-22,2021-11-24,regular,Los Angeles Lakers,Indiana Pacers,LAL@IND
2021-22,2021-11-24,regular,Miami Heat,Minnesota Timberwolves,MIA@MIN
2021-22,2021-11-24,regular,Philadelphia 76ers,Golden State Warriors,PHI@GSW
2021-22,2021-11-24,regular,Phoenix Suns,Cleveland Cavaliers,PHX@CLE
2021-22,2021-11-24,regular,Portland Trail Blazers,Sacramento Kings,POR@SAC
2021-22,2021-11-24,regular,Toronto Raptors,Memphis Grizzlies,TOR@MEM
2021-22,2021-11-24,regular,Utah Jazz,Oklahoma City Thunder,UTA@OKC
2021-22,2021-11-24,regular,Washington Wizards,New Orleans Pelicans,WAS@NOP
2021-22,2021-11-26,regular,Atlanta Hawks,Memphis Grizzlies,ATL@MEM
2021-22,2021-11-26,regular,Boston Celtics,San Antonio Spurs,BOS@SAS
2021-22,2021-11-26,regular,Chicago Bulls,Orlando Magic,CHI@ORL
2021-22,2021-11-26,regular,Detroit Pistons,LA Clippers,DET@LAC
2021-22,2021-11-26,regular,Milwaukee Bucks,Denver Nuggets,MIL@DEN
2021-22,2021-11-26,regular,Minnesota Timberwolves,Charlotte Hornets,MIN@CHA
2021-22,2021-11-26,regular,New Orleans Pelicans,Utah Jazz,NOP@UTA
2021-22,2021-11-26,regular,Phoenix Suns,New York Knicks,PHX@NYK
2021-22,2021-11-26,regular,Portland Trail Blazers,Golden State Warriors,POR@GSW
2021-22,2021-11-26,regular,Sacramento Kings,Los Angeles Lakers,SAC@LAL
2021-22,2021-11-26,regular,Toronto Raptors,Indiana Pacers,TOR@IND
2021-22,2021-11-26,regular,Washington Wizards,Oklahoma City Thunder,WAS@OKC
2021-22,2021-11-27,regular,Charlotte Hornets,Houston Rockets,CHA@HOU
2021-22,2021-11-27,regular,Miami Heat,Chicago Bulls,MIA@CHI
2021-22,2021-11-27,regular,Minnesota Timberwolves,Philadelphia 76ers,MIN@PHI
2021-22,2021-11-27,regular,New Orleans Pelicans,Utah Jazz,NOP@UTA
2021-22,2021-11-27,regular,New York Knicks,Atlanta Hawks,NYK@ATL
2021-22,2021-11-27,regular,Orlando Magic,Cleveland Cavaliers,ORL@CLE
2021-22,2021-11-27,regular,Phoenix Suns,Brooklyn Nets,PHX@BKN
2021-22,2021-11-27,regular,Washington Wizards,Dallas Mavericks,WAS@DAL
2021-22,2021-11-28,regular,Boston Celtics,Toronto Raptors,BOS@TOR
2021-22,2021-11-28,regular,Detroit Pistons,Los Angeles Lakers,DET@LAL
2021-22,2021-11-28,regular,Golden State Warriors,LA Clippers,GSW@LAC
2021-22,2021-11-28,regular,Milwaukee Bucks,Indiana Pacers,MIL@IND
2021-22,2021-11-28,regular,Sacramento Kings,Memphis Grizzlies,SAC@MEM
2021-22,2021-11-29,regular,Charlotte Hornets,Chicago Bulls,CHA@CHI
2021-22,2021-11-29,regular,Cleveland Cavaliers,Dallas Mavericks,CLE@DAL
2021-22,2021-11-29,regular,Denver Nuggets,Miami Heat,DEN@MIA
2021-22,2021-11-29,regular,Indiana Pacers,Minnesota Timberwolves,IND@MIN
2021-22,2021-11-29,regular,New Orleans Pelicans,LA Clippers,NOP@LAC
2021-22,2021-11-29,regular,Oklahoma City Thunder,Houston Rockets,OKC@HOU
2021-22,2021-11-29,regular,Orlando Magic,Philadelphia 76ers,ORL@PHI
2021-22,2021-11-29,regular,Portland Trail Blazers,Utah Jazz,POR@UTA
2021-22,2021-11-29,regular,Washington Wizards,San Antonio Spurs,WAS@SAS
2021-22,2021-11-30,regular,Detroit Pistons,Portland Trail Blazers,DET@POR
2021-22,2021-11-30,regular,Golden State Warriors,Phoenix Suns,GSW@PHX
2021-22,2021-11-30,regular,Los Angeles Lakers,Sacramento Kings,LAL@SAC
2021-22,2021-11-30,regular,Memphis Grizzlies,Toronto Raptors,MEM@TOR
2021-22,2021-11-30,regular,New York Knicks,Brooklyn Nets,NYK@BKN
2021-22,2021-12-01,regular,Atlanta Hawks,Indiana Pacers,ATL@IND
2021-22,2021-12-01,regular,Charlotte Hornets,Milwaukee Bucks,CHA@MIL
2021-22,2021-12-01,regular,Cleveland Cavaliers,Miami Heat,CLE@MIA
2021-22,2021-12-01,regular,Dallas Mavericks,New Orleans Pelicans,DAL@NOP
2021-22,2021-12-01,regular,Denver Nuggets,Orlando Magic,DEN@ORL
2021-22,2021-12-01,regular,Houston Rockets,Oklahoma City Thunder,HOU@OKC
2021-22,2021-12-01,regular,Minnesota Timberwolves,Washington Wizards,MIN@WAS
2021-22,2021-12-01,regular,Philadelphia 76ers,Boston Celtics,PHI@BOS
2021-22,2021-12-01,regular,Sacramento Kings,LA Clippers,SAC@LAC
2021-22,2021-12-02,regular,Chicago Bulls,New York Knicks,CHI@NYK
2021-22,2021-12-02,regular,Detroit Pistons,Phoenix Suns,DET@PHX
2021-22,2021-12-02,regular,Milwaukee Bucks,Toronto Raptors,MIL@TOR
2021-22,2021-12-02,regular,Oklahoma City Thunder,Memphis Grizzlies,OKC@MEM
2021-22,2021-12-02,regular,San Antonio Spurs,Portland Trail Blazers,SAS@POR
2021-22,2021-12-03,regular,Boston Celtics,Utah Jazz,BOS@UTA
2021-22,2021-12-03,regular,Cleveland Cavaliers,Washington Wizards,CLE@WAS
2021-22,2021-12-03,regular,LA Clippers,Los Angeles Lakers,LAC@LAL
2021-22,2021-12-03,regular,Miami Heat,Indiana Pacers,MIA@IND
2021-22,2021-12-03,regular,Minnesota Timberwolves,Brooklyn Nets,MIN@BKN
2021-22,2021-12-03,regular,New Orleans Pelicans,Dallas Mavericks,NOP@DAL
2021-22,2021-12-03,regular,Orlando Magic,Houston Rockets,ORL@HOU
2021-22,2021-12-03,regular,Philadelphia 76ers,Atlanta Hawks,PHI@ATL
2021-22,2021-12-03,regular,Phoenix Suns,Golden State Warriors,PHX@GSW
2021-22,2021-12-04,regular,Boston Celtics,Portland Trail Blazers,BOS@POR
2021-22,2021-12-04,regular,Chicago Bulls,Brooklyn Nets,CHI@BKN
2021-22,2021-12-04,regular,Denver Nuggets,New York Knicks,DEN@NYK
2021-22,2021-12-04,regular,LA Clippers,Sacramento Kings,LAC@SAC
2021-22,2021-12-04,regular,Memphis Grizzlies,Dallas Mavericks,MEM@DAL
2021-22,2021-12-04,regular,Miami Heat,Milwaukee Bucks,MIA@MIL
2021-22,2021-12-04,regular,San Antonio Spurs,Golden State Warriors,SAS@GSW
2021-22,2021-12-05,regular,Charlotte Hornets,Atlanta Hawks,CHA@ATL
2021-22,2021-12-05,regular,New Orleans Pelicans,Houston Rockets,NOP@HOU
2021-22,2021-12-05,regular,Utah Jazz,Cleveland Cavaliers,UTA@CLE
2021-22,2021-12-05,regular,Washington Wizards,Toronto Raptors,WAS@TOR
2021-22,2021-12-06,regular,Atlanta Hawks,Minnesota Timberwolves,ATL@MIN
2021-22,2021-12-06,regular,Cleveland Cavaliers,Milwaukee Bucks,CLE@MIL
2021-22,2021-12-06,regular,Denver Nuggets,Chicago Bulls,DEN@CHI
2021-22,2021-12-06,regular,LA Clippers,Portland Trail Blazers,LAC@POR
2021-22,2021-12-06,regular,Memphis Grizzlies,Miami Heat,MEM@MIA
2021-22,2021-12-06,regular,Oklahoma City Thunder,Detroit Pistons,OKC@DET
2021-22,2021-12-06,regular,Orlando Magic,Golden State Warriors,ORL@GSW
2021-22,2021-12-06,regular,Philadelphia 76ers,Charlotte Hornets,PHI@CHA
2021-22,2021-12-06,regular,San Antonio Spurs,Phoenix Suns,SAS@PHX
2021-22,2021-12-06,regular,Washington Wizards,Indiana Pacers,WAS@IND
2021-22,2021-12-07,regular,Brooklyn Nets,Dallas Mavericks,BKN@DAL
2021-22,2021-12-07,regular,Boston Celtics,Los Angeles Lakers,BOS@LAL
2021-22,2021-12-07,regular,New York Knicks,San Antonio Spurs,NYK@SAS
2021-22,2021-12-08,regular,Brooklyn Nets,Houston Rockets,BKN@HOU
2021-22,2021-12-08,regular,Boston Celtics,LA Clippers,BOS@LAC
2021-22,2021-12-08,regular,Chicago Bulls,Cleveland Cavaliers,CHI@CLE
2021-22,2021-12-08,regular,Dallas Mavericks,Memphis Grizzlies,DAL@MEM
2021-22,2021-12-08,regular,Denver Nuggets,New Orleans Pelicans,DEN@NOP
2021-22,2021-12-08,regular,Milwaukee Bucks,Miami Heat,MIL@MIA
2021-22,2021-12-08,regular,New York Knicks,Indiana Pacers,NYK@IND
2021-22,2021-12-08,regular,Oklahoma City Thunder,Toronto Raptors,OKC@TOR
2021-22,2021-12-08,regular,Orlando Magic,Sacramento Kings,ORL@SAC
2021-22,2021-12-08,regular,Philadelphia 76ers,Charlotte Hornets,PHI@CHA
2021-22,2021-12-08,regular,Portland Trail Blazers,Golden State Warriors,POR@GSW
2021-22,2021-12-08,regular,Utah Jazz,Minnesota Timberwolves,UTA@MIN
2021-22,2021-12-08,regular,Washington Wizards,Detroit Pistons,WAS@DET
2021-22,2021-12-09,regular,Denver Nuggets,San Antonio Spurs,DEN@SAS
2021-22,2021-12-09,regular,Los Angeles Lakers,Memphis Grizzlies,LAL@MEM
2021-22,2021-12-09,regular,Utah Jazz,Philadelphia 76ers,UTA@PHI
2021-22,2021-12-10,regular,Brooklyn Nets,Atlanta Hawks,BKN@ATL
2021-22,2021-12-10,regular,Boston Celtics,Phoenix Suns,BOS@PHX
2021-22,2021-12-10,regular,Cleveland Cavaliers,Minnesota Timberwolves,CLE@MIN
2021-22,2021-12-10,regular,Dallas Mavericks,Indiana Pacers,DAL@IND
2021-22,2021-12-10,regular,Detroit Pistons,New Orleans Pelicans,DET@NOP
2021-22,2021-12-10,regular,Los Angeles Lakers,Oklahoma City Thunder,LAL@OKC
2021-22,2021-12-10,regular,Milwaukee Bucks,Houston Rockets,MIL@HOU
2021-22,2021-12-10,regular,New York Knicks,Toronto Raptors,NYK@TOR
2021-22,2021-12-10,regular,Sacramento Kings,Charlotte Hornets,SAC@CHA
2021-22,2021-12-11,regular,Chicago Bulls,Miami Heat,CHI@MIA
2021-22,2021-12-11,regular,Denver Nuggets,San Antonio Spurs,DEN@SAS
2021-22,2021-12-11,regular,Golden State Warriors,Philadelphia 76ers,GSW@PHI
2021-22,2021-12-11,regular,Houston Rockets,Memphis Grizzlies,HOU@MEM
2021-22,2021-12-11,regular,Orlando Magic,LA Clippers,ORL@LAC
2021-22,2021-12-11,regular,Sacramento Kings,Cleveland Cavaliers,SAC@CLE
2021-22,2021-12-11,regular,Utah Jazz,Washington Wizards,UTA@WAS
2021-22,2021-12-12,regular,Brooklyn Nets,Detroit Pistons,BKN@DET
2021-22,2021-12-12,regular,Dallas Mavericks,Oklahoma City Thunder,DAL@OKC
2021-22,2021-12-12,regular,Milwaukee Bucks,New York Knicks,MIL@NYK
2021-22,2021-12-12,regular,Minnesota Timberwolves,Portland Trail Blazers,MIN@POR
2021-22,2021-12-12,regular,New Orleans Pelicans,San Antonio Spurs,NOP@SAS
2021-22,2021-12-12,regular,Orlando Magic,Los Angeles Lakers,ORL@LAL
2021-22,2021-12-13,regular,Charlotte Hornets,Dallas Mavericks,CHA@DAL
2021-22,2021-12-13,regular,Golden State Warriors,Indiana Pacers,GSW@IND
2021-22,2021-12-13,regular,Houston Rockets,Atlanta Hawks,HOU@ATL
2021-22,2021-12-13,regular,Miami Heat,Cleveland Cavaliers,MIA@CLE
2021-22,2021-12-13,regular,Milwaukee Bucks,Boston Celtics,MIL@BOS
2021-22,2021-12-13,regular,Philadelphia 76ers,Memphis Grizzlies,PHI@MEM
2021-22,2021-12-13,regular,Phoenix Suns,LA Clippers,PHX@LAC
2021-22,2021-12-13,regular,Sacramento Kings,Toronto Raptors,SAC@TOR
2021-22,2021-12-13,regular,Washington Wizards,Denver Nuggets,WAS@DEN
2021-22,2021-12-14,regular,Golden State Warriors,New York Knicks,GSW@NYK
2021-22,2021-12-14,regular,Phoenix Suns,Portland Trail Blazers,PHX@POR
2021-22,2021-12-14,regular,Toronto Raptors,Brooklyn Nets,TOR@BKN
2021-22,2021-12-15,regular,Atlanta Hawks,Orlando Magic,ATL@ORL
2021-22,2021-12-15,regular,Charlotte Hornets,San Antonio Spurs,CHA@SAS
2021-22,2021-12-15,regular,Houston Rockets,Cleveland Cavaliers,HOU@CLE
2021-22,2021-12-15,regular,Indiana Pacers,Milwaukee Bucks,IND@MIL
2021-22,2021-12-15,regular,LA Clippers,Utah Jazz,LAC@UTA
2021-22,2021-12-15,regular,Los Angeles Lakers,Dallas Mavericks,LAL@DAL
2021-22,2021-12-15,regular,Memphis Grizzlies,Portland Trail Blazers,MEM@POR
2021-22,2021-12-15,regular,Miami Heat,Philadelphia 76ers,MIA@PHI
2021-22,2021-12-15,regular,Minnesota Timberwolves,Denver Nuggets,MIN@DEN
2021-22,2021-12-15,regular,New Orleans Pelicans,Oklahoma City Thunder,NOP@OKC
2021-22,2021-12-15,regular,Washington Wizards,Sacramento Kings,WAS@SAC
2021-22,2021-12-16,regular,Detroit Pistons,Indiana Pacers,DET@IND
2021-22,2021-12-16,regular,New York Knicks,Houston Rockets,NYK@HOU
2021-22,2021-12-16,regular,Philadelphia 76ers,Brooklyn Nets,PHI@BKN
2021-22,2021-12-16,regular,Washington Wizards,Phoenix Suns,WAS@PHX
2021-22,2021-12-17,regular,Charlotte Hornets,Portland Trail Blazers,CHA@POR
2021-22,2021-12-17,regular,Denver Nuggets,Atlanta Hawks,DEN@ATL
2021-22,2021-12-17,regular,Golden State Warriors,Boston Celtics,GSW@BOS
2021-22,2021-12-17,regular,Los Angeles Lakers,Minnesota Timberwolves,LAL@MIN
2021-22,2021-12-17,regular,Memphis Grizzlies,Sacramento Kings,MEM@SAC
2021-22,2021-12-17,regular,Miami Heat,Orlando Magic,MIA@ORL
2021-22,2021-12-17,regular,Milwaukee Bucks,New Orleans Pelicans,MIL@NOP
2021-22,2021-12-17,regular,San Antonio Spurs,Utah Jazz,SAS@UTA
2021-22,2021-12-18,regular,Cleveland Cavaliers,Milwaukee Bucks,CLE@MIL
2021-22,2021-12-18,regular,Golden State Warriors,Toronto Raptors,GSW@TOR
2021-22,2021-12-18,regular,Houston Rockets,Detroit Pistons,HOU@DET
2021-22,2021-12-18,regular,LA Clippers,Oklahoma City Thunder,LAC@OKC
2021-22,2021-12-18,regular,New York Knicks,Boston Celtics,NYK@BOS
2021-22,2021-12-18,regular,Orlando Magic,Brooklyn Nets,ORL@BKN
2021-22,2021-12-18,regular,Washington Wizards,Utah Jazz,WAS@UTA
2021-22,2021-12-19,regular,Charlotte Hornets,Phoenix Suns,CHA@PHX
2021-22,2021-12-19,regular,Dallas Mavericks,Minnesota Timberwolves,DAL@MIN
2021-22,2021-12-19,regular,Los Angeles Lakers,Chicago Bulls,LAL@CHI
2021-22,2021-12-19,regular,Miami Heat,Detroit Pistons,MIA@DET
2021-22,2021-12-19,regular,Portland Trail Blazers,Memphis Grizzlies,POR@MEM
2021-22,2021-12-19,regular,San Antonio Spurs,Sacramento Kings,SAS@SAC
2021-22,2021-12-20,regular,Charlotte Hornets,Utah Jazz,CHA@UTA
2021-22,2021-12-20,regular,Houston Rockets,Chicago Bulls,HOU@CHI
2021-22,2021-12-20,regular,Oklahoma City Thunder,Memphis Grizzlies,OKC@MEM
2021-22,2021-12-20,regular,Philadelphia 76ers,Boston Celtics,PHI@BOS
2021-22,2021-12-20,regular,Sacramento Kings,Golden State Warriors,SAC@GSW
2021-22,2021-12-20,regular,San Antonio Spurs,LA Clippers,SAS@LAC
2021-22,2021-12-21,regular,Detroit Pistons,New York Knicks,DET@NYK
2021-22,2021-12-21,regular,Indiana Pacers,Miami Heat,IND@MIA
2021-22,2021-12-21,regular,Minnesota Timberwolves,Dallas Mavericks,MIN@DAL
2021-22,2021-12-21,regular,Phoenix Suns,Los Angeles Lakers,PHX@LAL
2021-22,2021-12-21,regular,Portland Trail Blazers,New Orleans Pelicans,POR@NOP
2021-22,2021-12-22,regular,Cleveland Cavaliers,Boston Celtics,CLE@BOS
2021-22,2021-12-22,regular,Denver Nuggets,Oklahoma City Thunder,DEN@OKC
2021-22,2021-12-22,regular,Houston Rockets,Milwaukee Bucks,HOU@MIL
2021-22,2021-12-22,regular,LA Clippers,Sacramento Kings,LAC@SAC
2021-22,2021-12-22,regular,Orlando Magic,Atlanta Hawks,ORL@ATL
2021-22,2021-12-23,regular,Atlanta Hawks,Philadelphia 76ers,ATL@PHI
2021-22,2021-12-23,regular,Charlotte Hornets,Denver Nuggets,CHA@DEN
2021-22,2021-12-23,regular,Detroit Pistons,Miami Heat,DET@MIA
2021-22,2021-12-23,regular,Houston Rockets,Indiana Pacers,HOU@IND
2021-22,2021-12-23,regular,Memphis Grizzlies,Golden State Warriors,MEM@GSW
2021-22,2021-12-23,regular,Milwaukee Bucks,Dallas Mavericks,MIL@DAL
2021-22,2021-12-23,regular,Minnesota Timberwolves,Utah Jazz,MIN@UTA
2021-22,2021-12-23,regular,New Orleans Pelicans,Orlando Magic,NOP@ORL
2021-22,2021-12-23,regular,Oklahoma City Thunder,Phoenix Suns,OKC@PHX
2021-22,2021-12-23,regular,San Antonio Spurs,Los Angeles Lakers,SAS@LAL
2021-22,2021-12-23,regular,Washington Wizards,New York Knicks,WAS@NYK
2021-22,2021-12-25,regular,Atlanta Hawks,New York Knicks,ATL@NYK
2021-22,2021-12-25,regular,Brooklyn Nets,Los Angeles Lakers,BKN@LAL
2021-22,2021-12-25,regular,Boston Celtics,Milwaukee Bucks,BOS@MIL
2021-22,2021-12-25,regular,Dallas Mavericks,Utah Jazz,DAL@UTA
2021-22,2021-12-25,regular,Golden State Warriors,Phoenix Suns,GSW@PHX
2021-22,2021-12-26,regular,Denver Nuggets,LA Clippers,DEN@LAC
2021-22,2021-12-26,regular,Detroit Pistons,San Antonio Spurs,DET@SAS
2021-22,2021-12-26,regular,Indiana Pacers,Chicago Bulls,IND@CHI
2021-22,2021-12-26,regular,Memphis Grizzlies,Sacramento Kings,MEM@SAC
2021-22,2021-12-26,regular,New Orleans Pelicans,Oklahoma City Thunder,NOP@OKC
2021-22,2021-12-26,regular,Orlando Magic,Miami Heat,ORL@MIA
2021-22,2021-12-26,regular,Philadelphia 76ers,Washington Wizards,PHI@WAS
2021-22,2021-12-26,regular,Toronto Raptors,Cleveland Cavaliers,TOR@CLE
2021-22,2021-12-27,regular,Brooklyn Nets,LA Clippers,BKN@LAC
2021-22,2021-12-27,regular,Boston Celtics,Minnesota Timberwolves,BOS@MIN
2021-22,2021-12-27,regular,Chicago Bulls,Atlanta Hawks,CHI@ATL
2021-22,2021-12-27,regular,Dallas Mavericks,Portland Trail Blazers,DAL@POR
2021-22,2021-12-27,regular,Houston Rockets,Charlotte Hornets,HOU@CHA
2021-22,2021-12-27,regular,Memphis Grizzlies,Phoenix Suns,MEM@PHX
2021-22,2021-12-27,regular,Utah Jazz,San Antonio Spurs,UTA@SAS
2021-22,2021-12-28,regular,Cleveland Cavaliers,New Orleans Pelicans,CLE@NOP
2021-22,2021-12-28,regular,Denver Nuggets,Golden State Warriors,DEN@GSW
2021-22,2021-12-28,regular,Los Angeles Lakers,Houston Rockets,LAL@HOU
2021-22,2021-12-28,regular,Milwaukee Bucks,Orlando Magic,MIL@ORL
2021-22,2021-12-28,regular,New York Knicks,Minnesota Timberwolves,NYK@MIN
2021-22,2021-12-28,regular,Oklahoma City Thunder,Sacramento Kings,OKC@SAC
2021-22,2021-12-28,regular,Philadelphia 76ers,Toronto Raptors,PHI@TOR
2021-22,2021-12-28,regular,Washington Wizards,Miami Heat,WAS@MIA
2021-22,2021-12-29,regular,Atlanta Hawks,Chicago Bulls,ATL@CHI
2021-22,2021-12-29,regular,Charlotte Hornets,Indiana Pacers,CHA@IND
2021-22,2021-12-29,regular,Dallas Mavericks,Sacramento Kings,DAL@SAC
2021-22,2021-12-29,regular,LA Clippers,Boston Celtics,LAC@BOS
2021-22,2021-12-29,regular,Los Angeles Lakers,Memphis Grizzlies,LAL@MEM
2021-22,2021-12-29,regular,New York Knicks,Detroit Pistons,NYK@DET
2021-22,2021-12-29,regular,Oklahoma City Thunder,Phoenix Suns,OKC@PHX
2021-22,2021-12-29,regular,Utah Jazz,Portland Trail Blazers,UTA@POR
2021-22,2021-12-30,regular,Cleveland Cavaliers,Washington Wizards,CLE@WAS
2021-22,2021-12-30,regular,Milwaukee Bucks,Orlando Magic,MIL@ORL
2021-22,2021-12-30,regular,Philadelphia 76ers,Brooklyn Nets,PHI@BKN
2021-22,2021-12-31,regular,Atlanta Hawks,Cleveland Cavaliers,ATL@CLE
2021-22,2021-12-31,regular,Chicago Bulls,Indiana Pacers,CHI@IND
2021-22,2021-12-31,regular,Dallas Mavericks,Sacramento Kings,DAL@SAC
2021-22,2021-12-31,regular,LA Clippers,Toronto Raptors,LAC@TOR
2021-22,2021-12-31,regular,Miami Heat,Houston Rockets,MIA@HOU
2021-22,2021-12-31,regular,Minnesota Timberwolves,Utah Jazz,MIN@UTA
2021-22,2021-12-31,regular,New York Knicks,Oklahoma City Thunder,NYK@OKC
2021-22,2021-12-31,regular,Phoenix Suns,Boston Celtics,PHX@BOS
2021-22,2021-12-31,regular,Portland Trail Blazers,Los Angeles Lakers,POR@LAL
2021-22,2021-12-31,regular,San Antonio Spurs,Memphis Grizzlies,SAS@MEM
2021-22,2022-01-01,regular,Chicago Bulls,Washington Wizards,CHI@WAS
2021-22,2022-01-01,regular,Denver Nuggets,Houston Rockets,DEN@HOU
2021-22,2022-01-01,regular,Golden State Warriors,Utah Jazz,GSW@UTA
2021-22,2022-01-01,regular,LA Clippers,Brooklyn Nets,LAC@BKN
2021-22,2022-01-01,regular,New Orleans Pelicans,Milwaukee Bucks,NOP@MIL
2021-22,2022-01-01,regular,San Antonio Spurs,Detroit Pistons,SAS@DET
2021-22,2022-01-02,regular,Dallas Mavericks,Oklahoma City Thunder,DAL@OKC
2021-22,2022-01-02,regular,Indiana Pacers,Cleveland Cavaliers,IND@CLE
2021-22,2022-01-02,regular,Miami Heat,Sacramento Kings,MIA@SAC
2021-22,2022-01-02,regular,Minnesota Timberwolves,Los Angeles Lakers,MIN@LAL
2021-22,2022-01-02,regular,New York Knicks,Toronto Raptors,NYK@TOR
2021-22,2022-01-02,regular,Orlando Magic,Boston Celtics,ORL@BOS
2021-22,2022-01-02,regular,Phoenix Suns,Charlotte Hornets,PHX@CHA
2021-22,2022-01-03,regular,Atlanta Hawks,Portland Trail Blazers,ATL@POR
2021-22,2022-01-03,regular,Charlotte Hornets,Washington Wizards,CHA@WAS
2021-22,2022-01-03,regular,Denver Nuggets,Dallas Mavericks,DEN@DAL
2021-22,2022-01-03,regular,Detroit Pistons,Milwaukee Bucks,DET@MIL
2021-22,2022-01-03,regular,Houston Rockets,Philadelphia 76ers,HOU@PHI
2021-22,2022-01-03,regular,Memphis Grizzlies,Brooklyn Nets,MEM@BKN
2021-22,2022-01-03,regular,Miami Heat,Golden State Warriors,MIA@GSW
2021-22,2022-01-03,regular,Minnesota Timberwolves,LA Clippers,MIN@LAC
2021-22,2022-01-03,regular,Orlando Magic,Chicago Bulls,ORL@CHI
2021-22,2022-01-03,regular,Utah Jazz,New Orleans Pelicans,UTA@NOP
2021-22,2022-01-04,regular,Indiana Pacers,New York Knicks,IND@NYK
2021-22,2022-01-04,regular,Memphis Grizzlies,Cleveland Cavaliers,MEM@CLE
2021-22,2022-01-04,regular,Phoenix Suns,New Orleans Pelicans,PHX@NOP
2021-22,2022-01-04,regular,Sacramento Kings,Los Angeles Lakers,SAC@LAL
2021-22,2022-01-04,regular,San Antonio Spurs,Toronto Raptors,SAS@TOR
2021-22,2022-01-05,regular,Atlanta Hawks,Sacramento Kings,ATL@SAC
2021-22,2022-01-05,regular,Brooklyn Nets,Indiana Pacers,BKN@IND
2021-22,2022-01-05,regular,Detroit Pistons,Charlotte Hornets,DET@CHA
2021-22,2022-01-05,regular,Golden State Warriors,Dallas Mavericks,GSW@DAL
2021-22,2022-01-05,regular,Houston Rockets,Washington Wizards,HOU@WAS
2021-22,2022-01-05,regular,Miami Heat,Portland Trail Blazers,MIA@POR
2021-22,2022-01-05,regular,Oklahoma City Thunder,Minnesota Timberwolves,OKC@MIN
2021-22,2022-01-05,regular,Philadelphia 76ers,Orlando Magic,PHI@ORL
2021-22,2022-01-05,regular,San Antonio Spurs,Boston Celtics,SAS@BOS
2021-22,2022-01-05,regular,Toronto Raptors,Milwaukee Bucks,TOR@MIL
2021-22,2022-01-05,regular,Utah Jazz,Denver Nuggets,UTA@DEN
2021-22,2022-01-06,regular,Boston Celtics,New York Knicks,BOS@NYK
2021-22,2022-01-06,regular,Detroit Pistons,Memphis Grizzlies,DET@MEM
2021-22,2022-01-06,regular,Golden State Warriors,New Orleans Pelicans,GSW@NOP
2021-22,2022-01-06,regular,LA Clippers,Phoenix Suns,LAC@PHX
2021-22,2022-01-07,regular,Atlanta Hawks,Los Angeles Lakers,ATL@LAL
2021-22,2022-01-07,regular,Cleveland Cavaliers,Portland Trail Blazers,CLE@POR
2021-22,2022-01-07,regular,Dallas Mavericks,Houston Rockets,DAL@HOU
2021-22,2022-01-07,regular,Milwaukee Bucks,Brooklyn Nets,MIL@BKN
2021-22,2022-01-07,regular,Minnesota Timberwolves,Oklahoma City Thunder,MIN@OKC
2021-22,2022-01-07,regular,Sacramento Kings,Denver Nuggets,SAC@DEN
2021-22,2022-01-07,regular,San Antonio Spurs,Philadelphia 76ers,SAS@PHI
2021-22,2022-01-07,regular,Utah Jazz,Toronto Raptors,UTA@TOR
2021-22,2022-01-07,regular,Washington Wizards,Chicago Bulls,WAS@CHI
2021-22,2022-01-08,regular,Memphis Grizzlies,LA Clippers,MEM@LAC
2021-22,2022-01-08,regular,Miami Heat,Phoenix Suns,MIA@PHX
2021-22,2022-01-08,regular,Milwaukee Bucks,Charlotte Hornets,MIL@CHA
2021-22,2022-01-08,regular,New York Knicks,Boston Celtics,NYK@BOS
2021-22,2022-01-08,regular,Orlando Magic,Detroit Pistons,ORL@DET
2021-22,2022-01-08,regular,Utah Jazz,Indiana Pacers,UTA@IND
2021-22,2022-01-09,regular,Atlanta Hawks,LA Clippers,ATL@LAC
2021-22,2022-01-09,regular,Chicago Bulls,Dallas Mavericks,CHI@DAL
2021-22,2022-01-09,regular,Cleveland Cavaliers,Golden State Warriors,CLE@GSW
2021-22,2022-01-09,regular,Denver Nuggets,Oklahoma City Thunder,DEN@OKC
2021-22,2022-01-09,regular,Memphis Grizzlies,Los Angeles Lakers,MEM@LAL
2021-22,2022-01-09,regular,Minnesota Timberwolves,Houston Rockets,MIN@HOU
2021-22,2022-01-09,regular,New Orleans Pelicans,Toronto Raptors,NOP@TOR
2021-22,2022-01-09,regular,Sacramento Kings,Portland Trail Blazers,SAC@POR
2021-22,2022-01-09,regular,San Antonio Spurs,Brooklyn Nets,SAS@BKN
2021-22,2022-01-09,regular,Washington Wizards,Orlando Magic,WAS@ORL
2021-22,2022-01-10,regular,Brooklyn Nets,Portland Trail Blazers,BKN@POR
2021-22,2022-01-10,regular,Cleveland Cavaliers,Sacramento Kings,CLE@SAC
2021-22,2022-01-10,regular,Indiana Pacers,Boston Celtics,IND@BOS
2021-22,2022-01-10,regular,Milwaukee Bucks,Charlotte Hornets,MIL@CHA
2021-22,2022-01-10,regular,Philadelphia 76ers,Houston Rockets,PHI@HOU
2021-22,2022-01-10,regular,San Antonio Spurs,New York Knicks,SAS@NYK
2021-22,2022-01-10,regular,Utah Jazz,Detroit Pistons,UTA@DET
2021-22,2022-01-11,regular,Denver Nuggets,LA Clippers,DEN@LAC
2021-22,2022-01-11,regular,Detroit Pistons,Chicago Bulls,DET@CHI
2021-22,2022-01-11,regular,Golden State Warriors,Memphis Grizzlies,GSW@MEM
2021-22,2022-01-11,regular,Minnesota Timberwolves,New Orleans Pelicans,MIN@NOP
2021-22,2022-01-11,regular,Oklahoma City Thunder,Washington Wizards,OKC@WAS
2021-22,2022-01-11,regular,Phoenix Suns,Toronto Raptors,PHX@TOR
2021-22,2022-01-12,regular,Brooklyn Nets,Chicago Bulls,BKN@CHI
2021-22,2022-01-12,regular,Boston Celtics,Indiana Pacers,BOS@IND
2021-22,2022-01-12,regular,Charlotte Hornets,Philadelphia 76ers,CHA@PHI
2021-22,2022-01-12,regular,Cleveland Cavaliers,Utah Jazz,CLE@UTA
2021-22,2022-01-12,regular,Dallas Mavericks,New York Knicks,DAL@NYK
2021-22,2022-01-12,regular,Houston Rockets,San Antonio Spurs,HOU@SAS
2021-22,2022-01-12,regular,Los Angeles Lakers,Sacramento Kings,LAL@SAC
2021-22,2022-01-12,regular,Miami Heat,Atlanta Hawks,MIA@ATL
2021-22,2022-01-12,regular,Orlando Magic,Washington Wizards,ORL@WAS
2021-22,2022-01-13,regular,Golden State Warriors,Milwaukee Bucks,GSW@MIL
2021-22,2022-01-13,regular,LA Clippers,New Orleans Pelicans,LAC@NOP
2021-22,2022-01-13,regular,Minnesota Timberwolves,Memphis Grizzlies,MIN@MEM
2021-22,2022-01-13,regular,Oklahoma City Thunder,Brooklyn Nets,OKC@BKN
2021-22,2022-01-13,regular,Portland Trail Blazers,Denver Nuggets,POR@DEN
2021-22,2022-01-14,regular,Atlanta Hawks,Miami Heat,ATL@MIA
2021-22,2022-01-14,regular,Boston Celtics,Philadelphia 76ers,BOS@PHI
2021-22,2022-01-14,regular,Cleveland Cavaliers,San Antonio Spurs,CLE@SAS
2021-22,2022-01-14,regular,Dallas Mavericks,Memphis Grizzlies,DAL@MEM
2021-22,2022-01-14,regular,Golden State Warriors,Chicago Bulls,GSW@CHI
2021-22,2022-01-14,regular,Houston Rockets,Sacramento Kings,HOU@SAC
2021-22,2022-01-14,regular,Orlando Magic,Charlotte Hornets,ORL@CHA
2021-22,2022-01-14,regular,Phoenix Suns,Indiana Pacers,PHX@IND
2021-22,2022-01-14,regular,Toronto Raptors,Detroit Pistons,TOR@DET
2021-22,2022-01-15,regular,Chicago Bulls,Boston Celtics,CHI@BOS
2021-22,2022-01-15,regular,Cleveland Cavaliers,Oklahoma City Thunder,CLE@OKC
2021-22,2022-01-15,regular,LA Clippers,San Antonio Spurs,LAC@SAS
2021-22,2022-01-15,regular,Los Angeles Lakers,Denver Nuggets,LAL@DEN
2021-22,2022-01-15,regular,New Orleans Pelicans,Brooklyn Nets,NOP@BKN
2021-22,2022-01-15,regular,New York Knicks,Atlanta Hawks,NYK@ATL
2021-22,2022-01-15,regular,Orlando Magic,Dallas Mavericks,ORL@DAL
2021-22,2022-01-15,regular,Philadelphia 76ers,Miami Heat,PHI@MIA
2021-22,2022-01-15,regular,Portland Trail Blazers,Washington Wizards,POR@WAS
2021-22,2022-01-15,regular,Toronto Raptors,Milwaukee Bucks,TOR@MIL
2021-22,2022-01-16,regular,Golden State Warriors,Minnesota Timberwolves,GSW@MIN
2021-22,2022-01-16,regular,Houston Rockets,Sacramento Kings,HOU@SAC
2021-22,2022-01-16,regular,Phoenix Suns,Detroit Pistons,PHX@DET
2021-22,2022-01-16,regular,Utah Jazz,Denver Nuggets,UTA@DEN
2021-22,2022-01-17,regular,Brooklyn Nets,Cleveland Cavaliers,BKN@CLE
2021-22,2022-01-17,regular,Charlotte Hornets,New York Knicks,CHA@NYK
2021-22,2022-01-17,regular,Chicago Bulls,Memphis Grizzlies,CHI@MEM
2021-22,2022-01-17,regular,Indiana Pacers,LA Clippers,IND@LAC
2021-22,2022-01-17,regular,Milwaukee Bucks,Atlanta Hawks,MIL@ATL
2021-22,2022-01-17,regular,New Orleans Pelicans,Boston Celtics,NOP@BOS
2021-22,2022-01-17,regular,Oklahoma City Thunder,Dallas Mavericks,OKC@DAL
2021-22,2022-01-17,regular,Philadelphia 76ers,Washington Wizards,PHI@WAS
2021-22,2022-01-17,regular,Phoenix Suns,San Antonio Spurs,PHX@SAS
2021-22,2022-01-17,regular,Portland Trail Blazers,Orlando Magic,POR@ORL
2021-22,2022-01-17,regular,Toronto Raptors,Miami Heat,TOR@MIA
2021-22,2022-01-17,regular,Utah Jazz,Los Angeles Lakers,UTA@LAL
2021-22,2022-01-18,regular,Detroit Pistons,Golden State Warriors,DET@GSW
2021-22,2022-01-18,regular,Minnesota Timberwolves,New York Knicks,MIN@NYK
2021-22,2022-01-19,regular,Brooklyn Nets,Washington Wizards,BKN@WAS
2021-22,2022-01-19,regular,Charlotte Hornets,Boston Celtics,CHA@BOS
2021-22,2022-01-19,regular,Cleveland Cavaliers,Chicago Bulls,CLE@CHI
2021-22,2022-01-19,regular,Detroit Pistons,Sacramento Kings,DET@SAC
2021-22,2022-01-19,regular,Houston Rockets,Utah Jazz,HOU@UTA
2021-22,2022-01-19,regular,Indiana Pacers,Los Angeles Lakers,IND@LAL
2021-22,2022-01-19,regular,LA Clippers,Denver Nuggets,LAC@DEN
2021-22,2022-01-19,regular,Memphis Grizzlies,Milwaukee Bucks,MEM@MIL
2021-22,2022-01-19,regular,Minnesota Timberwolves,Atlanta Hawks,MIN@ATL
2021-22,2022-01-19,regular,Oklahoma City Thunder,San Antonio Spurs,OKC@SAS
2021-22,2022-01-19,regular,Orlando Magic,Philadelphia 76ers,ORL@PHI
2021-22,2022-01-19,regular,Portland Trail Blazers,Miami Heat,POR@MIA
2021-22,2022-01-19,regular,Toronto Raptors,Dallas Mavericks,TOR@DAL
2021-22,2022-01-20,regular,Indiana Pacers,Golden State Warriors,IND@GSW
2021-22,2022-01-20,regular,New Orleans Pelicans,New York Knicks,NOP@NYK
2021-22,2022-01-20,regular,Phoenix Suns,Dallas Mavericks,PHX@DAL
2021-22,2022-01-21,regular,Brooklyn Nets,San Antonio Spurs,BKN@SAS
2021-22,2022-01-21,regular,Chicago Bulls,Milwaukee Bucks,CHI@MIL
2021-22,2022-01-21,regular,Detroit Pistons,Utah Jazz,DET@UTA
2021-22,2022-01-21,regular,Houston Rockets,Golden State Warriors,HOU@GSW
2021-22,2022-01-21,regular,LA Clippers,Philadelphia 76ers,LAC@PHI
2021-22,2022-01-21,regular,Los Angeles Lakers,Orlando Magic,LAL@ORL
2021-22,2022-01-21,regular,Memphis Grizzlies,Denver Nuggets,MEM@DEN
2021-22,2022-01-21,regular,Miami Heat,Atlanta Hawks,MIA@ATL
2021-22,2022-01-21,regular,Oklahoma City Thunder,Charlotte Hornets,OKC@CHA
2021-22,2022-01-21,regular,Portland Trail Blazers,Boston Celtics,POR@BOS
2021-22,2022-01-21,regular,Toronto Raptors,Washington Wizards,TOR@WAS
2021-22,2022-01-22,regular,Indiana Pacers,Phoenix Suns,IND@PHX
2021-22,2022-01-22,regular,Oklahoma City Thunder,Cleveland Cavaliers,OKC@CLE
2021-22,2022-01-22,regular,Sacramento Kings,Milwaukee Bucks,SAC@MIL
2021-22,2022-01-23,regular,Atlanta Hawks,Charlotte Hornets,ATL@CHA
2021-22,2022-01-23,regular,Brooklyn Nets,Minnesota Timberwolves,BKN@MIN
2021-22,2022-01-23,regular,Boston Celtics,Washington Wizards,BOS@WAS
2021-22,2022-01-23,regular,Chicago Bulls,Orlando Magic,CHI@ORL
2021-22,2022-01-23,regular,Detroit Pistons,Denver Nuggets,DET@DEN
2021-22,2022-01-23,regular,LA Clippers,New York Knicks,LAC@NYK
2021-22,2022-01-23,regular,Los Angeles Lakers,Miami Heat,LAL@MIA
2021-22,2022-01-23,regular,Memphis Grizzlies,Dallas Mavericks,MEM@DAL
2021-22,2022-01-23,regular,Philadelphia 76ers,San Antonio Spurs,PHI@SAS
2021-22,2022-01-23,regular,Portland Trail Blazers,Toronto Raptors,POR@TOR
2021-22,2022-01-23,regular,Utah Jazz,Golden State Warriors,UTA@GSW
2021-22,2022-01-24,regular,Chicago Bulls,Oklahoma City Thunder,CHI@OKC
2021-22,2022-01-24,regular,Indiana Pacers,New Orleans Pelicans,IND@NOP
2021-22,2022-01-24,regular,New York Knicks,Cleveland Cavaliers,NYK@CLE
2021-22,2022-01-24,regular,Utah Jazz,Phoenix Suns,UTA@PHX
2021-22,2022-01-25,regular,Charlotte Hornets,Toronto Raptors,CHA@TOR
2021-22,2022-01-25,regular,Dallas Mavericks,Golden State Warriors,DAL@GSW
2021-22,2022-01-25,regular,Denver Nuggets,Detroit Pistons,DEN@DET
2021-22,2022-01-25,regular,LA Clippers,Washington Wizards,LAC@WAS
2021-22,2022-01-25,regular,Los Angeles Lakers,Brooklyn Nets,LAL@BKN
2021-22,2022-01-25,regular,Minnesota Timberwolves,Portland Trail Blazers,MIN@POR
2021-22,2022-01-25,regular,New Orleans Pelicans,Philadelphia 76ers,NOP@PHI
2021-22,2022-01-25,regular,Sacramento Kings,Boston Celtics,SAC@BOS
2021-22,2022-01-25,regular,San Antonio Spurs,Houston Rockets,SAS@HOU
2021-22,2022-01-26,regular,Charlotte Hornets,Indiana Pacers,CHA@IND
2021-22,2022-01-26,regular,Dallas Mavericks,Portland Trail Blazers,DAL@POR
2021-22,2022-01-26,regular,Denver Nuggets,Brooklyn Nets,DEN@BKN
2021-22,2022-01-26,regular,LA Clippers,Orlando Magic,LAC@ORL
2021-22,2022-01-26,regular,Memphis Grizzlies,San Antonio Spurs,MEM@SAS
2021-22,2022-01-26,regular,Milwaukee Bucks,Cleveland Cavaliers,MIL@CLE
2021-22,2022-01-26,regular,New York Knicks,Miami Heat,NYK@MIA
2021-22,2022-01-26,regular,Phoenix Suns,Utah Jazz,PHX@UTA
2021-22,2022-01-26,regular,Sacramento Kings,Atlanta Hawks,SAC@ATL
2021-22,2022-01-26,regular,Toronto Raptors,Chicago Bulls,TOR@CHI
2021-22,2022-01-27,regular,Los Angeles Lakers,Philadelphia 76ers,LAL@PHI
2021-22,2022-01-27,regular,Minnesota Timberwolves,Golden State Warriors,MIN@GSW
2021-22,2022-01-28,regular,Boston Celtics,Atlanta Hawks,BOS@ATL
2021-22,2022-01-28,regular,Chicago Bulls,San Antonio Spurs,CHI@SAS
2021-22,2022-01-28,regular,Denver Nuggets,New Orleans Pelicans,DEN@NOP
2021-22,2022-01-28,regular,Detroit Pistons,Orlando Magic,DET@ORL
2021-22,2022-01-28,regular,Indiana Pacers,Oklahoma City Thunder,IND@OKC
2021-22,2022-01-28,regular,LA Clippers,Miami Heat,LAC@MIA
2021-22,2022-01-28,regular,Los Angeles Lakers,Charlotte Hornets,LAL@CHA
2021-22,2022-01-28,regular,Minnesota Timberwolves,Phoenix Suns,MIN@PHX
2021-22,2022-01-28,regular,New York Knicks,Milwaukee Bucks,NYK@MIL
2021-22,2022-01-28,regular,Portland Trail Blazers,Houston Rockets,POR@HOU
2021-22,2022-01-28,regular,Utah Jazz,Memphis Grizzlies,UTA@MEM
2021-22,2022-01-29,regular,Brooklyn Nets,Golden State Warriors,BKN@GSW
2021-22,2022-01-29,regular,Boston Celtics,New Orleans Pelicans,BOS@NOP
2021-22,2022-01-29,regular,Indiana Pacers,Dallas Mavericks,IND@DAL
2021-22,2022-01-29,regular,Sacramento Kings,Philadelphia 76ers,SAC@PHI
2021-22,2022-01-29,regular,Toronto Raptors,Miami Heat,TOR@MIA
2021-22,2022-01-29,regular,Washington Wizards,Memphis Grizzlies,WAS@MEM
2021-22,2022-01-30,regular,Cleveland Cavaliers,Detroit Pistons,CLE@DET
2021-22,2022-01-30,regular,Dallas Mavericks,Orlando Magic,DAL@ORL
2021-22,2022-01-30,regular,Denver Nuggets,Milwaukee Bucks,DEN@MIL
2021-22,2022-01-30,regular,LA Clippers,Charlotte Hornets,LAC@CHA
2021-22,2022-01-30,regular,Los Angeles Lakers,Atlanta Hawks,LAL@ATL
2021-22,2022-01-30,regular,Portland Trail Blazers,Chicago Bulls,POR@CHI
2021-22,2022-01-30,regular,San Antonio Spurs,Phoenix Suns,SAS@PHX
2021-22,2022-01-30,regular,Utah Jazz,Minnesota Timberwolves,UTA@MIN
2021-22,2022-01-31,regular,Golden State Warriors,Houston Rockets,GSW@HOU
2021-22,2022-01-31,regular,LA Clippers,Indiana Pacers,LAC@IND
2021-22,2022-01-31,regular,Memphis Grizzlies,Philadelphia 76ers,MEM@PHI
2021-22,2022-01-31,regular,Miami Heat,Boston Celtics,MIA@BOS
2021-22,2022-01-31,regular,New Orleans Pelicans,Cleveland Cavaliers,NOP@CLE
2021-22,2022-01-31,regular,Portland Trail Blazers,Oklahoma City Thunder,POR@OKC
2021-22,2022-01-31,regular,Sacramento Kings,New York Knicks,SAC@NYK
2021-22,2022-01-31,regular,Toronto Raptors,Atlanta Hawks,TOR@ATL
2021-22,2022-02-01,regular,Brooklyn Nets,Phoenix Suns,BKN@PHX
2021-22,2022-02-01,regular,Denver Nuggets,Minnesota Timberwolves,DEN@MIN
2021-22,2022-02-01,regular,Golden State Warriors,San Antonio Spurs,GSW@SAS
2021-22,2022-02-01,regular,Miami Heat,Toronto Raptors,MIA@TOR
2021-22,2022-02-01,regular,New Orleans Pelicans,Detroit Pistons,NOP@DET
2021-22,2022-02-01,regular,Orlando Magic,Chicago Bulls,ORL@CHI
2021-22,2022-02-01,regular,Washington Wizards,Milwaukee Bucks,WAS@MIL
2021-22,2022-02-02,regular,Brooklyn Nets,Sacramento Kings,BKN@SAC
2021-22,2022-02-02,regular,Charlotte Hornets,Boston Celtics,CHA@BOS
2021-22,2022-02-02,regular,Cleveland Cavaliers,Houston Rockets,CLE@HOU
2021-22,2022-02-02,regular,Denver Nuggets,Utah Jazz,DEN@UTA
2021-22,2022-02-02,regular,Memphis Grizzlies,New York Knicks,MEM@NYK
2021-22,2022-02-02,regular,Oklahoma City Thunder,Dallas Mavericks,OKC@DAL
2021-22,2022-02-02,regular,Orlando Magic,Indiana Pacers,ORL@IND
2021-22,2022-02-02,regular,Portland Trail Blazers,Los Angeles Lakers,POR@LAL
2021-22,2022-02-02,regular,Washington Wizards,Philadelphia 76ers,WAS@PHI
2021-22,2022-02-03,regular,Chicago Bulls,Toronto Raptors,CHI@TOR
2021-22,2022-02-03,regular,Los Angeles Lakers,LA Clippers,LAL@LAC
2021-22,2022-02-03,regular,Miami Heat,San Antonio Spurs,MIA@SAS
2021-22,2022-02-03,regular,Minnesota Timberwolves,Detroit Pistons,MIN@DET
2021-22,2022-02-03,regular,Phoenix Suns,Atlanta Hawks,PHX@ATL
2021-22,2022-02-03,regular,Sacramento Kings,Golden State Warriors,SAC@GSW
2021-22,2022-02-04,regular,Atlanta Hawks,Toronto Raptors,ATL@TOR
2021-22,2022-02-04,regular,Brooklyn Nets,Utah Jazz,BKN@UTA
2021-22,2022-02-04,regular,Boston Celtics,Detroit Pistons,BOS@DET
2021-22,2022-02-04,regular,Chicago Bulls,Indiana Pacers,CHI@IND
2021-22,2022-02-04,regular,Cleveland Cavaliers,Charlotte Hornets,CLE@CHA
2021-22,2022-02-04,regular,Houston Rockets,San Antonio Spurs,HOU@SAS
2021-22,2022-02-04,regular,New Orleans Pelicans,Denver Nuggets,NOP@DEN
2021-22,2022-02-04,regular,Oklahoma City Thunder,Portland Trail Blazers,OKC@POR
2021-22,2022-02-04,regular,Philadelphia 76ers,Dallas Mavericks,PHI@DAL
2021-22,2022-02-05,regular,Memphis Grizzlies,Orlando Magic,MEM@ORL
2021-22,2022-02-05,regular,Miami Heat,Charlotte Hornets,MIA@CHA
2021-22,2022-02-05,regular,Milwaukee Bucks,Portland Trail Blazers,MIL@POR
2021-22,2022-02-05,regular,New York Knicks,Los Angeles Lakers,NYK@LAL
2021-22,2022-02-05,regular,Oklahoma City Thunder,Sacramento Kings,OKC@SAC
2021-22,2022-02-05,regular,Phoenix Suns,Washington Wizards,PHX@WAS
2021-22,2022-02-06,regular,Atlanta Hawks,Dallas Mavericks,ATL@DAL
2021-22,2022-02-06,regular,Brooklyn Nets,Denver Nuggets,BKN@DEN
2021-22,2022-02-06,regular,Boston Celtics,Orlando Magic,BOS@ORL
2021-22,2022-02-06,regular,Detroit Pistons,Minnesota Timberwolves,DET@MIN
2021-22,2022-02-06,regular,Indiana Pacers,Cleveland Cavaliers,IND@CLE
2021-22,2022-02-06,regular,Milwaukee Bucks,LA Clippers,MIL@LAC
2021-22,2022-02-06,regular,New Orleans Pelicans,Houston Rockets,NOP@HOU
2021-22,2022-02-06,regular,Philadelphia 76ers,Chicago Bulls,PHI@CHI
2021-22,2022-02-07,regular,Golden State Warriors,Oklahoma City Thunder,GSW@OKC
2021-22,2022-02-07,regular,Miami Heat,Washington Wizards,MIA@WAS
2021-22,2022-02-07,regular,New York Knicks,Utah Jazz,NYK@UTA
2021-22,2022-02-07,regular,Phoenix Suns,Chicago Bulls,PHX@CHI
2021-22,2022-02-07,regular,Toronto Raptors,Charlotte Hornets,TOR@CHA
2021-22,2022-02-08,regular,Boston Celtics,Brooklyn Nets,BOS@BKN
2021-22,2022-02-08,regular,Detroit Pistons,Dallas Mavericks,DET@DAL
2021-22,2022-02-08,regular,Houston Rockets,New Orleans Pelicans,HOU@NOP
2021-22,2022-02-08,regular,Indiana Pacers,Atlanta Hawks,IND@ATL
2021-22,2022-02-08,regular,LA Clippers,Memphis Grizzlies,LAC@MEM
2021-22,2022-02-08,regular,Milwaukee Bucks,Los Angeles Lakers,MIL@LAL
2021-22,2022-02-08,regular,Minnesota Timberwolves,Sacramento Kings,MIN@SAC
2021-22,2022-02-08,regular,New York Knicks,Denver Nuggets,NYK@DEN
2021-22,2022-02-08,regular,Orlando Magic,Portland Trail Blazers,ORL@POR
2021-22,2022-02-08,regular,Phoenix Suns,Philadelphia 76ers,PHX@PHI
2021-22,2022-02-09,regular,Chicago Bulls,Charlotte Hornets,CHI@CHA
2021-22,2022-02-09,regular,Golden State Warriors,Utah Jazz,GSW@UTA
2021-22,2022-02-09,regular,Los Angeles Lakers,Portland Trail Blazers,LAL@POR
2021-22,2022-02-09,regular,Minnesota Timberwolves,Sacramento Kings,MIN@SAC
2021-22,2022-02-09,regular,San Antonio Spurs,Cleveland Cavaliers,SAS@CLE
2021-22,2022-02-09,regular,Toronto Raptors,Oklahoma City Thunder,TOR@OKC
2021-22,2022-02-10,regular,Brooklyn Nets,Washington Wizards,BKN@WAS
2021-22,2022-02-10,regular,LA Clippers,Dallas Mavericks,LAC@DAL
2021-22,2022-02-10,regular,Memphis Grizzlies,Detroit Pistons,MEM@DET
2021-22,2022-02-10,regular,Miami Heat,New Orleans Pelicans,MIA@NOP
2021-22,2022-02-10,regular,Milwaukee Bucks,Phoenix Suns,MIL@PHX
2021-22,2022-02-10,regular,New York Knicks,Golden State Warriors,NYK@GSW
2021-22,2022-02-10,regular,Toronto Raptors,Houston Rockets,TOR@HOU
2021-22,2022-02-11,regular,Charlotte Hornets,Detroit Pistons,CHA@DET
2021-22,2022-02-11,regular,Cleveland Cavaliers,Indiana Pacers,CLE@IND
2021-22,2022-02-11,regular,Denver Nuggets,Boston Celtics,DEN@BOS
2021-22,2022-02-11,regular,Minnesota Timberwolves,Chicago Bulls,MIN@CHI
2021-22,2022-02-11,regular,Oklahoma City Thunder,Philadelphia 76ers,OKC@PHI
2021-22,2022-02-11,regular,Orlando Magic,Utah Jazz,ORL@UTA
2021-22,2022-02-11,regular,San Antonio Spurs,Atlanta Hawks,SAS@ATL
2021-22,2022-02-12,regular,Brooklyn Nets,Miami Heat,BKN@MIA
2021-22,2022-02-12,regular,Cleveland Cavaliers,Philadelphia 76ers,CLE@PHI
2021-22,2022-02-12,regular,Denver Nuggets,Toronto Raptors,DEN@TOR
2021-22,2022-02-12,regular,LA Clippers,Dallas Mavericks,LAC@DAL
2021-22,2022-02-12,regular,Los Angeles Lakers,Golden State Warriors,LAL@GSW
2021-22,2022-02-12,regular,Memphis Grizzlies,Charlotte Hornets,MEM@CHA
2021-22,2022-02-12,regular,New York Knicks,Portland Trail Blazers,NYK@POR
2021-22,2022-02-12,regular,Oklahoma City Thunder,Chicago Bulls,OKC@CHI
2021-22,2022-02-12,regular,Orlando Magic,Phoenix Suns,ORL@PHX
2021-22,2022-02-12,regular,Sacramento Kings,Washington Wizards,SAC@WAS
2021-22,2022-02-12,regular,San Antonio Spurs,New Orleans Pelicans,SAS@NOP
2021-22,2022-02-13,regular,Atlanta Hawks,Boston Celtics,ATL@BOS
2021-22,2022-02-13,regular,Minnesota Timberwolves,Indiana Pacers,MIN@IND
2021-22,2022-02-14,regular,Detroit Pistons,Washington Wizards,DET@WAS
2021-22,2022-02-14,regular,Golden State Warriors,LA Clippers,GSW@LAC
2021-22,2022-02-14,regular,Houston Rockets,Utah Jazz,HOU@UTA
2021-22,2022-02-14,regular,Oklahoma City Thunder,New York Knicks,OKC@NYK
2021-22,2022-02-14,regular,Orlando Magic,Denver Nuggets,ORL@DEN
2021-22,2022-02-14,regular,Portland Trail Blazers,Milwaukee Bucks,POR@MIL
2021-22,2022-02-14,regular,Sacramento Kings,Brooklyn Nets,SAC@BKN
2021-22,2022-02-14,regular,San Antonio Spurs,Chicago Bulls,SAS@CHI
2021-22,2022-02-14,regular,Toronto Raptors,New Orleans Pelicans,TOR@NOP
2021-22,2022-02-15,regular,Boston Celtics,Philadelphia 76ers,BOS@PHI
2021-22,2022-02-15,regular,Charlotte Hornets,Minnesota Timberwolves,CHA@MIN
2021-22,2022-02-15,regular,Cleveland Cavaliers,Atlanta Hawks,CLE@ATL
2021-22,2022-02-15,regular,Dallas Mavericks,Miami Heat,DAL@MIA
2021-22,2022-02-15,regular,Indiana Pacers,Milwaukee Bucks,IND@MIL
2021-22,2022-02-15,regular,LA Clippers,Phoenix Suns,LAC@PHX
2021-22,2022-02-15,regular,Memphis Grizzlies,New Orleans Pelicans,MEM@NOP
2021-22,2022-02-16,regular,Atlanta Hawks,Orlando Magic,ATL@ORL
2021-22,2022-02-16,regular,Brooklyn Nets,New York Knicks,BKN@NYK
2021-22,2022-02-16,regular,Denver Nuggets,Golden State Warriors,DEN@GSW
2021-22,2022-02-16,regular,Detroit Pistons,Boston Celtics,DET@BOS
2021-22,2022-02-16,regular,Houston Rockets,Phoenix Suns,HOU@PHX
2021-22,2022-02-16,regular,Portland Trail Blazers,Memphis Grizzlies,POR@MEM
2021-22,2022-02-16,regular,Sacramento Kings,Chicago Bulls,SAC@CHI
2021-22,2022-02-16,regular,San Antonio Spurs,Oklahoma City Thunder,SAS@OKC
2021-22,2022-02-16,regular,Toronto Raptors,Minnesota Timberwolves,TOR@MIN
2021-22,2022-02-16,regular,Utah Jazz,Los Angeles Lakers,UTA@LAL
2021-22,2022-02-16,regular,Washington Wizards,Indiana Pacers,WAS@IND
2021-22,2022-02-17,regular,Dallas Mavericks,New Orleans Pelicans,DAL@NOP
2021-22,2022-02-17,regular,Houston Rockets,LA Clippers,HOU@LAC
2021-22,2022-02-17,regular,Miami Heat,Charlotte Hornets,MIA@CHA
2021-22,2022-02-17,regular,Philadelphia 76ers,Milwaukee Bucks,PHI@MIL
2021-22,2022-02-17,regular,Washington Wizards,Brooklyn Nets,WAS@BKN
2021-22,2022-02-24,regular,Atlanta Hawks,Chicago Bulls,ATL@CHI
2021-22,2022-02-24,regular,Boston Celtics,Brooklyn Nets,BOS@BKN
2021-22,2022-02-24,regular,Cleveland Cavaliers,Detroit Pistons,CLE@DET
2021-22,2022-02-24,regular,Denver Nuggets,Sacramento Kings,DEN@SAC
2021-22,2022-02-24,regular,Golden State Warriors,Portland Trail Blazers,GSW@POR
2021-22,2022-02-24,regular,Memphis Grizzlies,Minnesota Timberwolves,MEM@MIN
2021-22,2022-02-24,regular,Phoenix Suns,Oklahoma City Thunder,PHX@OKC
2021-22,2022-02-25,regular,Dallas Mavericks,Utah Jazz,DAL@UTA
2021-22,2022-02-25,regular,Houston Rockets,Orlando Magic,HOU@ORL
2021-22,2022-02-25,regular,LA Clippers,Los Angeles Lakers,LAC@LAL
2021-22,2022-02-25,regular,Miami Heat,New York Knicks,MIA@NYK
2021-22,2022-02-25,regular,New Orleans Pelicans,Phoenix Suns,NOP@PHX
2021-22,2022-02-25,regular,Oklahoma City Thunder,Indiana Pacers,OKC@IND
2021-22,2022-02-25,regular,Philadelphia 76ers,Minnesota Timberwolves,PHI@MIN
2021-22,2022-02-25,regular,San Antonio Spurs,Washington Wizards,SAS@WAS
2021-22,2022-02-25,regular,Toronto Raptors,Charlotte Hornets,TOR@CHA
2021-22,2022-02-26,regular,Brooklyn Nets,Milwaukee Bucks,BKN@MIL
2021-22,2022-02-26,regular,Boston Celtics,Detroit Pistons,BOS@DET
2021-22,2022-02-26,regular,Memphis Grizzlies,Chicago Bulls,MEM@CHI
2021-22,2022-02-26,regular,Sacramento Kings,Denver Nuggets,SAC@DEN
2021-22,2022-02-26,regular,San Antonio Spurs,Miami Heat,SAS@MIA
2021-22,2022-02-26,regular,Toronto Raptors,Atlanta Hawks,TOR@ATL
2021-22,2022-02-26,regular,Washington Wizards,Cleveland Cavaliers,WAS@CLE
2021-22,2022-02-27,regular,Boston Celtics,Indiana Pacers,BOS@IND
2021-22,2022-02-27,regular,Dallas Mavericks,Golden State Warriors,DAL@GSW
2021-22,2022-02-27,regular,Denver Nuggets,Portland Trail Blazers,DEN@POR
2021-22,2022-02-27,regular,Detroit Pistons,Charlotte Hornets,DET@CHA
2021-22,2022-02-27,regular,LA Clippers,Houston Rockets,LAC@HOU
2021-22,2022-02-27,regular,New Orleans Pelicans,Los Angeles Lakers,NOP@LAL
2021-22,2022-02-27,regular,Philadelphia 76ers,New York Knicks,PHI@NYK
2021-22,2022-02-27,regular,Utah Jazz,Phoenix Suns,UTA@PHX
2021-22,2022-02-28,regular,Charlotte Hornets,Milwaukee Bucks,CHA@MIL
2021-22,2022-02-28,regular,Chicago Bulls,Miami Heat,CHI@MIA
2021-22,2022-02-28,regular,Indiana Pacers,Orlando Magic,IND@ORL
2021-22,2022-02-28,regular,Minnesota Timberwolves,Cleveland Cavaliers,MIN@CLE
2021-22,2022-02-28,regular,Sacramento Kings,Oklahoma City Thunder,SAC@OKC
2021-22,2022-02-28,regular,San Antonio Spurs,Memphis Grizzlies,SAS@MEM
2021-22,2022-02-28,regular,Toronto Raptors,Brooklyn Nets,TOR@BKN
2021-22,2022-03-01,regular,Atlanta Hawks,Boston Celtics,ATL@BOS
2021-22,2022-03-01,regular,Brooklyn Nets,Toronto Raptors,BKN@TOR
2021-22,2022-03-01,regular,Dallas Mavericks,Los Angeles Lakers,DAL@LAL
2021-22,2022-03-01,regular,Detroit Pistons,Washington Wizards,DET@WAS
2021-22,2022-03-01,regular,Golden State Warriors,Minnesota Timberwolves,GSW@MIN
2021-22,2022-03-01,regular,LA Clippers,Houston Rockets,LAC@HOU
2021-22,2022-03-02,regular,Charlotte Hornets,Cleveland Cavaliers,CHA@CLE
2021-22,2022-03-02,regular,Indiana Pacers,Orlando Magic,IND@ORL
2021-22,2022-03-02,regular,Miami Heat,Milwaukee Bucks,MIA@MIL
2021-22,2022-03-02,regular,New York Knicks,Philadelphia 76ers,NYK@PHI
2021-22,2022-03-02,regular,Oklahoma City Thunder,Denver Nuggets,OKC@DEN
2021-22,2022-03-02,regular,Portland Trail Blazers,Phoenix Suns,POR@PHX
2021-22,2022-03-02,regular,Sacramento Kings,New Orleans Pelicans,SAC@NOP
2021-22,2022-03-02,regular,Utah Jazz,Houston Rockets,UTA@HOU
2021-22,2022-03-03,regular,Chicago Bulls,Atlanta Hawks,CHI@ATL
2021-22,2022-03-03,regular,Detroit Pistons,Toronto Raptors,DET@TOR
2021-22,2022-03-03,regular,Golden State Warriors,Dallas Mavericks,GSW@DAL
2021-22,2022-03-03,regular,Los Angeles Lakers,LA Clippers,LAL@LAC
2021-22,2022-03-03,regular,Memphis Grizzlies,Boston Celtics,MEM@BOS
2021-22,2022-03-03,regular,Miami Heat,Brooklyn Nets,MIA@BKN
2021-22,2022-03-03,regular,Sacramento Kings,San Antonio Spurs,SAC@SAS
2021-22,2022-03-04,regular,Atlanta Hawks,Washington Wizards,ATL@WAS
2021-22,2022-03-04,regular,Cleveland Cavaliers,Philadelphia 76ers,CLE@PHI
2021-22,2022-03-04,regular,Houston Rockets,Denver Nuggets,HOU@DEN
2021-22,2022-03-04,regular,Indiana Pacers,Detroit Pistons,IND@DET
2021-22,2022-03-04,regular,Milwaukee Bucks,Chicago Bulls,MIL@CHI
2021-22,2022-03-04,regular,Minnesota Timberwolves,Oklahoma City Thunder,MIN@OKC
2021-22,2022-03-04,regular,New York Knicks,Phoenix Suns,NYK@PHX
2021-22,2022-03-04,regular,Orlando Magic,Toronto Raptors,ORL@TOR
2021-22,2022-03-04,regular,Utah Jazz,New Orleans Pelicans,UTA@NOP
2021-22,2022-03-05,regular,Golden State Warriors,Los Angeles Lakers,GSW@LAL
2021-22,2022-03-05,regular,Orlando Magic,Memphis Grizzlies,ORL@MEM
2021-22,2022-03-05,regular,Philadelphia 76ers,Miami Heat,PHI@MIA
2021-22,2022-03-05,regular,Portland Trail Blazers,Minnesota Timberwolves,POR@MIN
2021-22,2022-03-05,regular,Sacramento Kings,Dallas Mavericks,SAC@DAL
2021-22,2022-03-05,regular,San Antonio Spurs,Charlotte Hornets,SAS@CHA
2021-22,2022-03-06,regular,Brooklyn Nets,Boston Celtics,BKN@BOS
2021-22,2022-03-06,regular,Indiana Pacers,Washington Wizards,IND@WAS
2021-22,2022-03-06,regular,Memphis Grizzlies,Houston Rockets,MEM@HOU
2021-22,2022-03-06,regular,New Orleans Pelicans,Denver Nuggets,NOP@DEN
2021-22,2022-03-06,regular,New York Knicks,LA Clippers,NYK@LAC
2021-22,2022-03-06,regular,Phoenix Suns,Milwaukee Bucks,PHX@MIL
2021-22,2022-03-06,regular,Toronto Raptors,Cleveland Cavaliers,TOR@CLE
2021-22,2022-03-06,regular,Utah Jazz,Oklahoma City Thunder,UTA@OKC
2021-22,2022-03-07,regular,Atlanta Hawks,Detroit Pistons,ATL@DET
2021-22,2022-03-07,regular,Chicago Bulls,Philadelphia 76ers,CHI@PHI
2021-22,2022-03-07,regular,Golden State Warriors,Denver Nuggets,GSW@DEN
2021-22,2022-03-07,regular,Houston Rockets,Miami Heat,HOU@MIA
2021-22,2022-03-07,regular,Los Angeles Lakers,San Antonio Spurs,LAL@SAS
2021-22,2022-03-07,regular,New York Knicks,Sacramento Kings,NYK@SAC
2021-22,2022-03-07,regular,Portland Trail Blazers,Minnesota Timberwolves,POR@MIN
2021-22,2022-03-07,regular,Utah Jazz,Dallas Mavericks,UTA@DAL
2021-22,2022-03-08,regular,Brooklyn Nets,Charlotte Hornets,BKN@CHA
2021-22,2022-03-08,regular,Cleveland Cavaliers,Indiana Pacers,CLE@IND
2021-22,2022-03-08,regular,LA Clippers,Golden State Warriors,LAC@GSW
2021-22,2022-03-08,regular,Milwaukee Bucks,Oklahoma City Thunder,MIL@OKC
2021-22,2022-03-08,regular,New Orleans Pelicans,Memphis Grizzlies,NOP@MEM
2021-22,2022-03-08,regular,Phoenix Suns,Orlando Magic,PHX@ORL
2021-22,2022-03-09,regular,Atlanta Hawks,Milwaukee Bucks,ATL@MIL
2021-22,2022-03-09,regular,Boston Celtics,Charlotte Hornets,BOS@CHA
2021-22,2022-03-09,regular,Chicago Bulls,Detroit Pistons,CHI@DET
2021-22,2022-03-09,regular,Denver Nuggets,Sacramento Kings,DEN@SAC
2021-22,2022-03-09,regular,Los Angeles Lakers,Houston Rockets,LAL@HOU
2021-22,2022-03-09,regular,New York Knicks,Dallas Mavericks,NYK@DAL
2021-22,2022-03-09,regular,Oklahoma City Thunder,Minnesota Timberwolves,OKC@MIN
2021-22,2022-03-09,regular,Orlando Magic,New Orleans Pelicans,ORL@NOP
2021-22,2022-03-09,regular,Phoenix Suns,Miami Heat,PHX@MIA
2021-22,2022-03-09,regular,Portland Trail Blazers,Utah Jazz,POR@UTA
2021-22,2022-03-09,regular,Toronto Raptors,San Antonio Spurs,TOR@SAS
2021-22,2022-03-09,regular,Washington Wizards,LA Clippers,WAS@LAC
2021-22,2022-03-10,regular,Brooklyn Nets,Philadelphia 76ers,BKN@PHI
2021-22,2022-03-10,regular,Golden State Warriors,Denver Nuggets,GSW@DEN
2021-22,2022-03-11,regular,Charlotte Hornets,New Orleans Pelicans,CHA@NOP
2021-22,2022-03-11,regular,Cleveland Cavaliers,Miami Heat,CLE@MIA
2021-22,2022-03-11,regular,Dallas Mavericks,Houston Rockets,DAL@HOU
2021-22,2022-03-11,regular,Detroit Pistons,Boston Celtics,DET@BOS
2021-22,2022-03-11,regular,LA Clippers,Atlanta Hawks,LAC@ATL
2021-22,2022-03-11,regular,Minnesota Timberwolves,Orlando Magic,MIN@ORL
2021-22,2022-03-11,regular,New York Knicks,Memphis Grizzlies,NYK@MEM
2021-22,2022-03-11,regular,Toronto Raptors,Phoenix Suns,TOR@PHX
2021-22,2022-03-11,regular,Utah Jazz,San Antonio Spurs,UTA@SAS
2021-22,2022-03-11,regular,Washington Wizards,Los Angeles Lakers,WAS@LAL
2021-22,2022-03-12,regular,Cleveland Cavaliers,Chicago Bulls,CLE@CHI
2021-22,2022-03-12,regular,Indiana Pacers,San Antonio Spurs,IND@SAS
2021-22,2022-03-12,regular,Milwaukee Bucks,Golden State Warriors,MIL@GSW
2021-22,2022-03-12,regular,Minnesota Timberwolves,Miami Heat,MIN@MIA
2021-22,2022-03-12,regular,Sacramento Kings,Utah Jazz,SAC@UTA
2021-22,2022-03-12,regular,Toronto Raptors,Denver Nuggets,TOR@DEN
2021-22,2022-03-12,regular,Washington Wizards,Portland Trail Blazers,WAS@POR
2021-22,2022-03-13,regular,Dallas Mavericks,Boston Celtics,DAL@BOS
2021-22,2022-03-13,regular,Houston Rockets,New Orleans Pelicans,HOU@NOP
2021-22,2022-03-13,regular,Indiana Pacers,Atlanta Hawks,IND@ATL
2021-22,2022-03-13,regular,LA Clippers,Detroit Pistons,LAC@DET
2021-22,2022-03-13,regular,Los Angeles Lakers,Phoenix Suns,LAL@PHX
2021-22,2022-03-13,regular,Memphis Grizzlies,Oklahoma City Thunder,MEM@OKC
2021-22,2022-03-13,regular,New York Knicks,Brooklyn Nets,NYK@BKN
2021-22,2022-03-13,regular,Philadelphia 76ers,Orlando Magic,PHI@ORL
2021-22,2022-03-14,regular,Charlotte Hornets,Oklahoma City Thunder,CHA@OKC
2021-22,2022-03-14,regular,Chicago Bulls,Sacramento Kings,CHI@SAC
2021-22,2022-03-14,regular,Denver Nuggets,Philadelphia 76ers,DEN@PHI
2021-22,2022-03-14,regular,LA Clippers,Cleveland Cavaliers,LAC@CLE
2021-22,2022-03-14,regular,Milwaukee Bucks,Utah Jazz,MIL@UTA
2021-22,2022-03-14,regular,Minnesota Timberwolves,San Antonio Spurs,MIN@SAS
2021-22,2022-03-14,regular,Portland Trail Blazers,Atlanta Hawks,POR@ATL
2021-22,2022-03-14,regular,Toronto Raptors,Los Angeles Lakers,TOR@LAL
2021-22,2022-03-14,regular,Washington Wizards,Golden State Warriors,WAS@GSW
2021-22,2022-03-15,regular,Brooklyn Nets,Orlando Magic,BKN@ORL
2021-22,2022-03-15,regular,Detroit Pistons,Miami Heat,DET@MIA
2021-22,2022-03-15,regular,Memphis Grizzlies,Indiana Pacers,MEM@IND
2021-22,2022-03-15,regular,Phoenix Suns,New Orleans Pelicans,PHX@NOP
2021-22,2022-03-16,regular,Atlanta Hawks,Charlotte Hornets,ATL@CHA
2021-22,2022-03-16,regular,Boston Celtics,Golden State Warriors,BOS@GSW
2021-22,2022-03-16,regular,Chicago Bulls,Utah Jazz,CHI@UTA
2021-22,2022-03-16,regular,Dallas Mavericks,Brooklyn Nets,DAL@BKN
2021-22,2022-03-16,regular,Denver Nuggets,Washington Wizards,DEN@WAS
2021-22,2022-03-16,regular,Los Angeles Lakers,Minnesota Timberwolves,LAL@MIN
2021-22,2022-03-16,regular,Milwaukee Bucks,Sacramento Kings,MIL@SAC
2021-22,2022-03-16,regular,Oklahoma City Thunder,San Antonio Spurs,OKC@SAS
2021-22,2022-03-16,regular,Philadelphia 76ers,Cleveland Cavaliers,PHI@CLE
2021-22,2022-03-16,regular,Phoenix Suns,Houston Rockets,PHX@HOU
2021-22,2022-03-16,regular,Portland Trail Blazers,New York Knicks,POR@NYK
2021-22,2022-03-16,regular,Toronto Raptors,LA Clippers,TOR@LAC
2021-22,2022-03-17,regular,Detroit Pistons,Orlando Magic,DET@ORL
2021-22,2022-03-18,regular,Boston Celtics,Sacramento Kings,BOS@SAC
2021-22,2022-03-18,regular,Chicago Bulls,Phoenix Suns,CHI@PHX
2021-22,2022-03-18,regular,Dallas Mavericks,Philadelphia 76ers,DAL@PHI
2021-22,2022-03-18,regular,Denver Nuggets,Cleveland Cavaliers,DEN@CLE
2021-22,2022-03-18,regular,Indiana Pacers,Houston Rockets,IND@HOU
2021-22,2022-03-18,regular,LA Clippers,Utah Jazz,LAC@UTA
2021-22,2022-03-18,regular,Los Angeles Lakers,Toronto Raptors,LAL@TOR
2021-22,2022-03-18,regular,Memphis Grizzlies,Atlanta Hawks,MEM@ATL
2021-22,2022-03-18,regular,New Orleans Pelicans,San Antonio Spurs,NOP@SAS
2021-22,2022-03-18,regular,Oklahoma City Thunder,Miami Heat,OKC@MIA
2021-22,2022-03-18,regular,Portland Trail Blazers,Brooklyn Nets,POR@BKN
2021-22,2022-03-18,regular,Washington Wizards,New York Knicks,WAS@NYK
2021-22,2022-03-19,regular,Dallas Mavericks,Charlotte Hornets,DAL@CHA
2021-22,2022-03-19,regular,Detroit Pistons,Cleveland Cavaliers,DET@CLE
2021-22,2022-03-19,regular,Los Angeles Lakers,Washington Wizards,LAL@WAS
2021-22,2022-03-19,regular,Milwaukee Bucks,Minnesota Timberwolves,MIL@MIN
2021-22,2022-03-20,regular,Boston Celtics,Denver Nuggets,BOS@DEN
2021-22,2022-03-20,regular,Memphis Grizzlies,Houston Rockets,MEM@HOU
2021-22,2022-03-20,regular,New Orleans Pelicans,Atlanta Hawks,NOP@ATL
2021-22,2022-03-20,regular,Oklahoma City Thunder,Orlando Magic,OKC@ORL
2021-22,2022-03-20,regular,Phoenix Suns,Sacramento Kings,PHX@SAC
2021-22,2022-03-20,regular,Portland Trail Blazers,Indiana Pacers,POR@IND
2021-22,2022-03-20,regular,San Antonio Spurs,Golden State Warriors,SAS@GSW
2021-22,2022-03-20,regular,Toronto Raptors,Philadelphia 76ers,TOR@PHI
2021-22,2022-03-20,regular,Utah Jazz,New York Knicks,UTA@NYK
2021-22,2022-03-21,regular,Boston Celtics,Oklahoma City Thunder,BOS@OKC
2021-22,2022-03-21,regular,Los Angeles Lakers,Cleveland Cavaliers,LAL@CLE
2021-22,2022-03-21,regular,Miami Heat,Philadelphia 76ers,MIA@PHI
2021-22,2022-03-21,regular,Minnesota Timberwolves,Dallas Mavericks,MIN@DAL
2021-22,2022-03-21,regular,New Orleans Pelicans,Charlotte Hornets,NOP@CHA
2021-22,2022-03-21,regular,Portland Trail Blazers,Detroit Pistons,POR@DET
2021-22,2022-03-21,regular,Toronto Raptors,Chicago Bulls,TOR@CHI
2021-22,2022-03-21,regular,Utah Jazz,Brooklyn Nets,UTA@BKN
2021-22,2022-03-21,regular,Washington Wizards,Houston Rockets,WAS@HOU
2021-22,2022-03-22,regular,Atlanta Hawks,New York Knicks,ATL@NYK
2021-22,2022-03-22,regular,Chicago Bulls,Milwaukee Bucks,CHI@MIL
2021-22,2022-03-22,regular,Golden State Warriors,Orlando Magic,GSW@ORL
2021-22,2022-03-22,regular,LA Clippers,Denver Nuggets,LAC@DEN
2021-22,2022-03-23,regular,Atlanta Hawks,Detroit Pistons,ATL@DET
2021-22,2022-03-23,regular,Brooklyn Nets,Memphis Grizzlies,BKN@MEM
2021-22,2022-03-23,regular,Golden State Warriors,Miami Heat,GSW@MIA
2021-22,2022-03-23,regular,Houston Rockets,Dallas Mavericks,HOU@DAL
2021-22,2022-03-23,regular,New York Knicks,Charlotte Hornets,NYK@CHA
2021-22,2022-03-23,regular,Orlando Magic,Oklahoma City Thunder,ORL@OKC
2021-22,2022-03-23,regular,Philadelphia 76ers,Los Angeles Lakers,PHI@LAL
2021-22,2022-03-23,regular,Phoenix Suns,Minnesota Timberwolves,PHX@MIN
2021-22,2022-03-23,regular,Sacramento Kings,Indiana Pacers,SAC@IND
2021-22,2022-03-23,regular,San Antonio Spurs,Portland Trail Blazers,SAS@POR
2021-22,2022-03-23,regular,Utah Jazz,Boston Celtics,UTA@BOS
2021-22,2022-03-24,regular,Chicago Bulls,New Orleans Pelicans,CHI@NOP
2021-22,2022-03-24,regular,Cleveland Cavaliers,Toronto Raptors,CLE@TOR
2021-22,2022-03-24,regular,Indiana Pacers,Memphis Grizzlies,IND@MEM
2021-22,2022-03-24,regular,Phoenix Suns,Denver Nuggets,PHX@DEN
2021-22,2022-03-24,regular,Washington Wizards,Milwaukee Bucks,WAS@MIL
2021-22,2022-03-25,regular,Dallas Mavericks,Minnesota Timberwolves,DAL@MIN
2021-22,2022-03-25,regular,Golden State Warriors,Atlanta Hawks,GSW@ATL
2021-22,2022-03-25,regular,Houston Rockets,Portland Trail Blazers,HOU@POR
2021-22,2022-03-25,regular,New York Knicks,Miami Heat,NYK@MIA
2021-22,2022-03-25,regular,Philadelphia 76ers,LA Clippers,PHI@LAC
2021-22,2022-03-25,regular,Utah Jazz,Charlotte Hornets,UTA@CHA
2021-22,2022-03-25,regular,Washington Wizards,Detroit Pistons,WAS@DET
2021-22,2022-03-26,regular,Brooklyn Nets,Miami Heat,BKN@MIA
2021-22,2022-03-26,regular,Chicago Bulls,Cleveland Cavaliers,CHI@CLE
2021-22,2022-03-26,regular,Houston Rockets,Portland Trail Blazers,HOU@POR
2021-22,2022-03-26,regular,Indiana Pacers,Toronto Raptors,IND@TOR
2021-22,2022-03-26,regular,Milwaukee Bucks,Memphis Grizzlies,MIL@MEM
2021-22,2022-03-26,regular,Oklahoma City Thunder,Denver Nuggets,OKC@DEN
2021-22,2022-03-26,regular,Sacramento Kings,Orlando Magic,SAC@ORL
2021-22,2022-03-26,regular,San Antonio Spurs,New Orleans Pelicans,SAS@NOP
2021-22,2022-03-27,regular,Charlotte Hornets,Brooklyn Nets,CHA@BKN
2021-22,2022-03-27,regular,Golden State Warriors,Washington Wizards,GSW@WAS
2021-22,2022-03-27,regular,Los Angeles Lakers,New Orleans Pelicans,LAL@NOP
2021-22,2022-03-27,regular,Minnesota Timberwolves,Boston Celtics,MIN@BOS
2021-22,2022-03-27,regular,New York Knicks,Detroit Pistons,NYK@DET
2021-22,2022-03-27,regular,Philadelphia 76ers,Phoenix Suns,PHI@PHX
2021-22,2022-03-27,regular,Utah Jazz,Dallas Mavericks,UTA@DAL
2021-22,2022-03-28,regular,Atlanta Hawks,Indiana Pacers,ATL@IND
2021-22,2022-03-28,regular,Boston Celtics,Toronto Raptors,BOS@TOR
2021-22,2022-03-28,regular,Chicago Bulls,New York Knicks,CHI@NYK
2021-22,2022-03-28,regular,Denver Nuggets,Charlotte Hornets,DEN@CHA
2021-22,2022-03-28,regular,Golden State Warriors,Memphis Grizzlies,GSW@MEM
2021-22,2022-03-28,regular,Oklahoma City Thunder,Portland Trail Blazers,OKC@POR
2021-22,2022-03-28,regular,Orlando Magic,Cleveland Cavaliers,ORL@CLE
2021-22,2022-03-28,regular,Sacramento Kings,Miami Heat,SAC@MIA
2021-22,2022-03-28,regular,San Antonio Spurs,Houston Rockets,SAS@HOU
2021-22,2022-03-29,regular,Chicago Bulls,Washington Wizards,CHI@WAS
2021-22,2022-03-29,regular,Detroit Pistons,Brooklyn Nets,DET@BKN
2021-22,2022-03-29,regular,Los Angeles Lakers,Dallas Mavericks,LAL@DAL
2021-22,2022-03-29,regular,Milwaukee Bucks,Philadelphia 76ers,MIL@PHI
2021-22,2022-03-29,regular,Utah Jazz,LA Clippers,UTA@LAC
2021-22,2022-03-30,regular,Atlanta Hawks,Oklahoma City Thunder,ATL@OKC
2021-22,2022-03-30,regular,Charlotte Hornets,New York Knicks,CHA@NYK
2021-22,2022-03-30,regular,Dallas Mavericks,Cleveland Cavaliers,DAL@CLE
2021-22,2022-03-30,regular,Denver Nuggets,Indiana Pacers,DEN@IND
2021-22,2022-03-30,regular,Memphis Grizzlies,San Antonio Spurs,MEM@SAS
2021-22,2022-03-30,regular,Miami Heat,Boston Celtics,MIA@BOS
2021-22,2022-03-30,regular,Minnesota Timberwolves,Toronto Raptors,MIN@TOR
2021-22,2022-03-30,regular,New Orleans Pelicans,Portland Trail Blazers,NOP@POR
2021-22,2022-03-30,regular,Orlando Magic,Washington Wizards,ORL@WAS
2021-22,2022-03-30,regular,Phoenix Suns,Golden State Warriors,PHX@GSW
2021-22,2022-03-30,regular,Sacramento Kings,Houston Rockets,SAC@HOU
2021-22,2022-03-31,regular,Cleveland Cavaliers,Atlanta Hawks,CLE@ATL
2021-22,2022-03-31,regular,LA Clippers,Chicago Bulls,LAC@CHI
2021-22,2022-03-31,regular,Los Angeles Lakers,Utah Jazz,LAL@UTA
2021-22,2022-03-31,regular,Milwaukee Bucks,Brooklyn Nets,MIL@BKN
2021-22,2022-03-31,regular,Philadelphia 76ers,Detroit Pistons,PHI@DET
2021-22,2022-04-01,regular,Dallas Mavericks,Washington Wizards,DAL@WAS
2021-22,2022-04-01,regular,Detroit Pistons,Oklahoma City Thunder,DET@OKC
2021-22,2022-04-01,regular,Indiana Pacers,Boston Celtics,IND@BOS
2021-22,2022-04-01,regular,LA Clippers,Milwaukee Bucks,LAC@MIL
2021-22,2022-04-01,regular,Minnesota Timberwolves,Denver Nuggets,MIN@DEN
2021-22,2022-04-01,regular,New Orleans Pelicans,Los Angeles Lakers,NOP@LAL
2021-22,2022-04-01,regular,Phoenix Suns,Memphis Grizzlies,PHX@MEM
2021-22,2022-04-01,regular,Portland Trail Blazers,San Antonio Spurs,POR@SAS
2021-22,2022-04-01,regular,Sacramento Kings,Houston Rockets,SAC@HOU
2021-22,2022-04-01,regular,Toronto Raptors,Orlando Magic,TOR@ORL
2021-22,2022-04-02,regular,Brooklyn Nets,Atlanta Hawks,BKN@ATL
2021-22,2022-04-02,regular,Charlotte Hornets,Philadelphia 76ers,CHA@PHI
2021-22,2022-04-02,regular,Cleveland Cavaliers,New York Knicks,CLE@NYK
2021-22,2022-04-02,regular,Miami Heat,Chicago Bulls,MIA@CHI
2021-22,2022-04-02,regular,Utah Jazz,Golden State Warriors,UTA@GSW
2021-22,2022-04-03,regular,Dallas Mavericks,Milwaukee Bucks,DAL@MIL
2021-22,2022-04-03,regular,Denver Nuggets,Los Angeles Lakers,DEN@LAL
2021-22,2022-04-03,regular,Detroit Pistons,Indiana Pacers,DET@IND
2021-22,2022-04-03,regular,Golden State Warriors,Sacramento Kings,GSW@SAC
2021-22,2022-04-03,regular,Miami Heat,Toronto Raptors,MIA@TOR
2021-22,2022-04-03,regular,Minnesota Timberwolves,Houston Rockets,MIN@HOU
2021-22,2022-04-03,regular,New Orleans Pelicans,LA Clippers,NOP@LAC
2021-22,2022-04-03,regular,New York Knicks,Orlando Magic,NYK@ORL
2021-22,2022-04-03,regular,Philadelphia 76ers,Cleveland Cavaliers,PHI@CLE
2021-22,2022-04-03,regular,Phoenix Suns,Oklahoma City Thunder,PHX@OKC
2021-22,2022-04-03,regular,Portland Trail Blazers,San Antonio Spurs,POR@SAS
2021-22,2022-04-03,regular,Washington Wizards,Boston Celtics,WAS@BOS
2021-22,2022-04-05,regular,Atlanta Hawks,Toronto Raptors,ATL@TOR
2021-22,2022-04-05,regular,Charlotte Hornets,Miami Heat,CHA@MIA
2021-22,2022-04-05,regular,Cleveland Cavaliers,Orlando Magic,CLE@ORL
2021-22,2022-04-05,regular,Houston Rockets,Brooklyn Nets,HOU@BKN
2021-22,2022-04-05,regular,Los Angeles Lakers,Phoenix Suns,LAL@PHX
2021-22,2022-04-05,regular,Memphis Grizzlies,Utah Jazz,MEM@UTA
2021-22,2022-04-05,regular,Milwaukee Bucks,Chicago Bulls,MIL@CHI
2021-22,2022-04-05,regular,New Orleans Pelicans,Sacramento Kings,NOP@SAC
2021-22,2022-04-05,regular,Philadelphia 76ers,Indiana Pacers,PHI@IND
2021-22,2022-04-05,regular,Portland Trail Blazers,Oklahoma City Thunder,POR@OKC
2021-22,2022-04-05,regular,San Antonio Spurs,Denver Nuggets,SAS@DEN
2021-22,2022-04-05,regular,Washington Wizards,Minnesota Timberwolves,WAS@MIN
2021-22,2022-04-06,regular,Brooklyn Nets,New York Knicks,BKN@NYK
2021-22,2022-04-06,regular,Boston Celtics,Chicago Bulls,BOS@CHI
2021-22,2022-04-06,regular,Dallas Mavericks,Detroit Pistons,DAL@DET
2021-22,2022-04-06,regular,Oklahoma City Thunder,Utah Jazz,OKC@UTA
2021-22,2022-04-06,regular,Phoenix Suns,LA Clippers,PHX@LAC
2021-22,2022-04-06,regular,Washington Wizards,Atlanta Hawks,WAS@ATL
2021-22,2022-04-07,regular,Boston Celtics,Milwaukee Bucks,BOS@MIL
2021-22,2022-04-07,regular,Los Angeles Lakers,Golden State Warriors,LAL@GSW
2021-22,2022-04-07,regular,Memphis Grizzlies,Denver Nuggets,MEM@DEN
2021-22,2022-04-07,regular,Orlando Magic,Charlotte Hornets,ORL@CHA
2021-22,2022-04-07,regular,Philadelphia 76ers,Toronto Raptors,PHI@TOR
2021-22,2022-04-07,regular,Portland Trail Blazers,New Orleans Pelicans,POR@NOP
2021-22,2022-04-07,regular,San Antonio Spurs,Minnesota Timberwolves,SAS@MIN
2021-22,2022-04-08,regular,Atlanta Hawks,Miami Heat,ATL@MIA
2021-22,2022-04-08,regular,Charlotte Hornets,Chicago Bulls,CHA@CHI
2021-22,2022-04-08,regular,Cleveland Cavaliers,Brooklyn Nets,CLE@BKN
2021-22,2022-04-08,regular,Houston Rockets,Toronto Raptors,HOU@TOR
2021-22,2022-04-08,regular,Milwaukee Bucks,Detroit Pistons,MIL@DET
2021-22,2022-04-08,regular,New York Knicks,Washington Wizards,NYK@WAS
2021-22,2022-04-08,regular,Oklahoma City Thunder,Los Angeles Lakers,OKC@LAL
2021-22,2022-04-08,regular,Phoenix Suns,Utah Jazz,PHX@UTA
2021-22,2022-04-08,regular,Portland Trail Blazers,Dallas Mavericks,POR@DAL
2021-22,2022-04-09,regular,Golden State Warriors,San Antonio Spurs,GSW@SAS
2021-22,2022-04-09,regular,Indiana Pacers,Philadelphia 76ers,IND@PHI
2021-22,2022-04-09,regular,New Orleans Pelicans,Memphis Grizzlies,NOP@MEM
2021-22,2022-04-09,regular,Sacramento Kings,LA Clippers,SAC@LAC
2021-22,2022-04-10,regular,Atlanta Hawks,Houston Rockets,ATL@HOU
2021-22,2022-04-10,regular,Boston Celtics,Memphis Grizzlies,BOS@MEM
2021-22,2022-04-10,regular,Chicago Bulls,Minnesota Timberwolves,CHI@MIN
2021-22,2022-04-10,regular,Detroit Pistons,Philadelphia 76ers,DET@PHI
2021-22,2022-04-10,regular,Golden State Warriors,New Orleans Pelicans,GSW@NOP
2021-22,2022-04-10,regular,Indiana Pacers,Brooklyn Nets,IND@BKN
2021-22,2022-04-10,regular,Los Angeles Lakers,Denver Nuggets,LAL@DEN
2021-22,2022-04-10,regular,Miami Heat,Orlando Magic,MIA@ORL
2021-22,2022-04-10,regular,Milwaukee Bucks,Cleveland Cavaliers,MIL@CLE
2021-22,2022-04-10,regular,Oklahoma City Thunder,LA Clippers,OKC@LAC
2021-22,2022-04-10,regular,Sacramento Kings,Phoenix Suns,SAC@PHX
2021-22,2022-04-10,regular,San Antonio Spurs,Dallas Mavericks,SAS@DAL
2021-22,2022-04-10,regular,Toronto Raptors,New York Knicks,TOR@NYK
2021-22,2022-04-10,regular,Utah Jazz,Portland Trail Blazers,UTA@POR
2021-22,2022-04-10,regular,Washington Wizards,Charlotte Hornets,WAS@CHA
2021-22,2022-04-12,play_in,Cleveland Cavaliers,Brooklyn Nets,CLE@BKN
2021-22,2022-04-12,play_in,LA Clippers,Minnesota Timberwolves,LAC@MIN
2021-22,2022-04-13,play_in,Charlotte Hornets,Atlanta Hawks,CHA@ATL
2021-22,2022-04-13,play_in,San Antonio Spurs,New Orleans Pelicans,SAS@NOP
2021-22,2022-04-15,play_in,Atlanta Hawks,Cleveland Cavaliers,ATL@CLE
2021-22,2022-04-15,play_in,New Orleans Pelicans,LA Clippers,NOP@LAC
2021-22,2022-04-16,playoffs,Denver Nuggets,Golden State Warriors,DEN@GSW
2021-22,2022-04-16,playoffs,Minnesota Timberwolves,Memphis Grizzlies,MIN@MEM
2021-22,2022-04-16,playoffs,Toronto Raptors,Philadelphia 76ers,TOR@PHI
2021-22,2022-04-16,playoffs,Utah Jazz,Dallas Mavericks,UTA@DAL
2021-22,2022-04-17,playoffs,Atlanta Hawks,Miami Heat,ATL@MIA
2021-22,2022-04-17,playoffs,Brooklyn Nets,Boston Celtics,BKN@BOS
2021-22,2022-04-17,playoffs,Chicago Bulls,Milwaukee Bucks,CHI@MIL
2021-22,2022-04-17,playoffs,New Orleans Pelicans,Phoenix Suns,NOP@PHX
2021-22,2022-04-18,playoffs,Denver Nuggets,Golden State Warriors,DEN@GSW
2021-22,2022-04-18,playoffs,Toronto Raptors,Philadelphia 76ers,TOR@PHI
2021-22,2022-04-18,playoffs,Utah Jazz,Dallas Mavericks,UTA@DAL
2021-22,2022-04-19,playoffs,Atlanta Hawks,Miami Heat,ATL@MIA
2021-22,2022-04-19,playoffs,Minnesota Timberwolves,Memphis Grizzlies,MIN@MEM
2021-22,2022-04-19,playoffs,New Orleans Pelicans,Phoenix Suns,NOP@PHX
2021-22,2022-04-20,playoffs,Brooklyn Nets,Boston Celtics,BKN@BOS
2021-22,2022-04-20,playoffs,Chicago Bulls,Milwaukee Bucks,CHI@MIL
2021-22,2022-04-20,playoffs,Philadelphia 76ers,Toronto Raptors,PHI@TOR
2021-22,2022-04-21,playoffs,Dallas Mavericks,Utah Jazz,DAL@UTA
2021-22,2022-04-21,playoffs,Golden State Warriors,Denver Nuggets,GSW@DEN
2021-22,2022-04-21,playoffs,Memphis Grizzlies,Minnesota Timberwolves,MEM@MIN
2021-22,2022-04-22,playoffs,Miami Heat,Atlanta Hawks,MIA@ATL
2021-22,2022-04-22,playoffs,Milwaukee Bucks,Chicago Bulls,MIL@CHI
2021-22,2022-04-22,playoffs,Phoenix Suns,New Orleans Pelicans,PHX@NOP
2021-22,2022-04-23,playoffs,Boston Celtics,Brooklyn Nets,BOS@BKN
2021-22,2022-04-23,playoffs,Dallas Mavericks,Utah Jazz,DAL@UTA
2021-22,2022-04-23,playoffs,Memphis Grizzlies,Minnesota Timberwolves,MEM@MIN
2021-22,2022-04-23,playoffs,Philadelphia 76ers,Toronto Raptors,PHI@TOR
2021-22,2022-04-24,playoffs,Golden State Warriors,Denver Nuggets,GSW@DEN
2021-22,2022-04-24,playoffs,Miami Heat,Atlanta Hawks,MIA@ATL
2021-22,2022-04-24,playoffs,Milwaukee Bucks,Chicago Bulls,MIL@CHI
2021-22,2022-04-24,playoffs,Phoenix Suns,New Orleans Pelicans,PHX@NOP
2021-22,2022-04-25,playoffs,Boston Celtics,Brooklyn Nets,BOS@BKN
2021-22,2022-04-25,playoffs,Toronto Raptors,Philadelphia 76ers,TOR@PHI
2021-22,2022-04-25,playoffs,Utah Jazz,Dallas Mavericks,UTA@DAL
2021-22,2022-04-26,playoffs,Atlanta Hawks,Miami Heat,ATL@MIA
2021-22,2022-04-26,playoffs,Minnesota Timberwolves,Memphis Grizzlies,MIN@MEM
2021-22,2022-04-26,playoffs,New Orleans Pelicans,Phoenix Suns,NOP@PHX
2021-22,2022-04-27,playoffs,Chicago Bulls,Milwaukee Bucks,CHI@MIL
2021-22,2022-04-27,playoffs,Denver Nuggets,Golden State Warriors,DEN@GSW
2021-22,2022-04-28,playoffs,Dallas Mavericks,Utah Jazz,DAL@UTA
2021-22,2022-04-28,playoffs,Philadelphia 76ers,Toronto Raptors,PHI@TOR
2021-22,2022-04-28,playoffs,Phoenix Suns,New Orleans Pelicans,PHX@NOP
2021-22,2022-04-29,playoffs,Memphis Grizzlies,Minnesota Timberwolves,MEM@MIN
2021-22,2022-05-01,playoffs,Golden State Warriors,Memphis Grizzlies,GSW@MEM
2021-22,2022-05-01,playoffs,Milwaukee Bucks,Boston Celtics,MIL@BOS
2021-22,2022-05-02,playoffs,Dallas Mavericks,Phoenix Suns,DAL@PHX
2021-22,2022-05-02,playoffs,Philadelphia 76ers,Miami Heat,PHI@MIA
2021-22,2022-05-03,playoffs,Golden State Warriors,Memphis Grizzlies,GSW@MEM
2021-22,2022-05-03,playoffs,Milwaukee Bucks,Boston Celtics,MIL@BOS
2021-22,2022-05-04,playoffs,Dallas Mavericks,Phoenix Suns,DAL@PHX
2021-22,2022-05-04,playoffs,Philadelphia 76ers,Miami Heat,PHI@MIA
2021-22,2022-05-06,playoffs,Miami Heat,Philadelphia 76ers,MIA@PHI
2021-22,2022-05-06,playoffs,Phoenix Suns,Dallas Mavericks,PHX@DAL
2021-22,2022-05-07,playoffs,Boston Celtics,Milwaukee Bucks,BOS@MIL
2021-22,2022-05-07,playoffs,Memphis Grizzlies,Golden State Warriors,MEM@GSW
2021-22,2022-05-08,playoffs,Miami Heat,Philadelphia 76ers,MIA@PHI
2021-22,2022-05-08,playoffs,Phoenix Suns,Dallas Mavericks,PHX@DAL
2021-22,2022-05-09,playoffs,Boston Celtics,Milwaukee Bucks,BOS@MIL
2021-22,2022-05-09,playoffs,Memphis Grizzlies,Golden State Warriors,MEM@GSW
2021-22,2022-05-10,playoffs,Dallas Mavericks,Phoenix Suns,DAL@PHX
2021-22,2022-05-10,playoffs,Philadelphia 76ers,Miami Heat,PHI@MIA
2021-22,2022-05-11,playoffs,Golden State Warriors,Memphis Grizzlies,GSW@MEM
2021-22,2022-05-11,playoffs,Milwaukee Bucks,Boston Celtics,MIL@BOS
2021-22,2022-05-12,playoffs,Miami Heat,Philadelphia 76ers,MIA@PHI
2021-22,2022-05-12,playoffs,Phoenix Suns,Dallas Mavericks,PHX@DAL
2021-22,2022-05-13,playoffs,Boston Celtics,Milwaukee Bucks,BOS@MIL
2021-22,2022-05-13,playoffs,Memphis Grizzlies,Golden State Warriors,MEM@GSW
2021-22,2022-05-15,playoffs,Dallas Mavericks,Phoenix Suns,DAL@PHX
2021-22,2022-05-15,playoffs,Milwaukee Bucks,Boston Celtics,MIL@BOS
2021-22,2022-05-17,playoffs,Boston Celtics,Miami Heat,BOS@MIA
2021-22,2022-05-18,playoffs,Dallas Mavericks,Golden State Warriors,DAL@GSW
2021-22,2022-05-19,playoffs,Boston Celtics,Miami Heat,BOS@MIA
2021-22,2022-05-20,playoffs,Dallas Mavericks,Golden State Warriors,DAL@GSW
2021-22,2022-05-21,playoffs,Miami Heat,Boston Celtics,MIA@BOS
2021-22,2022-05-22,playoffs,Golden State Warriors,Dallas Mavericks,GSW@DAL
2021-22,2022-05-23,playoffs,Miami Heat,Boston Celtics,MIA@BOS
2021-22,2022-05-24,playoffs,Golden State Warriors,Dallas Mavericks,GSW@DAL
2021-22,2022-05-25,playoffs,Boston Celtics,Miami Heat,BOS@MIA
2021-22,2022-05-26,playoffs,Dallas Mavericks,Golden State Warriors,DAL@GSW
2021-22,2022-05-27,playoffs,Miami Heat,Boston Celtics,MIA@BOS
2021-22,2022-05-29,playoffs,Boston Celtics,Miami Heat,BOS@MIA
2021-22,2022-06-02,playoffs,Boston Celtics,Golden State Warriors,BOS@GSW
2021-22,2022-06-05,playoffs,Boston Celtics,Golden State Warriors,BOS@GSW
2021-22,2022-06-08,playoffs,Golden State Warriors,Boston Celtics,GSW@BOS
2021-22,2022-06-10,playoffs,Golden State Warriors,Boston Celtics,GSW@BOS
2021-22,2022-06-13,playoffs,Boston Celtics,Golden State Warriors,BOS@GSW
2021-22,2022-06-16,playoffs,Golden State Warriors,Boston Celtics,GSW@BOS
2022-23,2022-09-30,preseason,Golden State Warriors,Washington Wizards,GSW@WAS
2022-23,2022-10-01,preseason,Memphis Grizzlies,Milwaukee Bucks,MEM@MIL
2022-23,2022-10-02,preseason,Charlotte Hornets,Boston Celtics,CHA@BOS
2022-23,2022-10-02,preseason,San Antonio Spurs,Houston Rockets,SAS@HOU
2022-23,2022-10-02,preseason,Utah Jazz,Toronto Raptors,UTA@TOR
2022-23,2022-10-02,preseason,Washington Wizards,Golden State Warriors,WAS@GSW
2022-23,2022-10-03,preseason,Oklahoma City Thunder,Denver Nuggets,OKC@DEN
2022-23,2022-10-03,preseason,Orlando Magic,Memphis Grizzlies,ORL@MEM
2022-23,2022-10-03,preseason,Philadelphia 76ers,Brooklyn Nets,PHI@BKN
2022-23,2022-10-03,preseason,Portland Trail Blazers,LA Clippers,POR@LAC
2022-23,2022-10-03,preseason,Sacramento Kings,Los Angeles Lakers,SAC@LAL
2022-23,2022-10-04,preseason,Detroit Pistons,New York Knicks,DET@NYK
2022-23,2022-10-04,preseason,Minnesota Timberwolves,Miami Heat,MIN@MIA
2022-23,2022-10-04,preseason,New Orleans Pelicans,Chicago Bulls,NOP@CHI
2022-23,2022-10-04,preseason,Utah Jazz,Portland Trail Blazers,UTA@POR
2022-23,2022-10-05,preseason,Cleveland Cavaliers,Philadelphia 76ers,CLE@PHI
2022-23,2022-10-05,preseason,Dallas Mavericks,Oklahoma City Thunder,DAL@OKC
2022-23,2022-10-05,preseason,Indiana Pacers,Charlotte Hornets,IND@CHA
2022-23,2022-10-05,preseason,Phoenix Suns,Los Angeles Lakers,PHX@LAL
2022-23,2022-10-05,preseason,Toronto Raptors,Boston Celtics,TOR@BOS
2022-23,2022-10-06,preseason,Miami Heat,Brooklyn Nets,MIA@BKN
2022-23,2022-10-06,preseason,Milwaukee Bucks,Atlanta Hawks,MIL@ATL
2022-23,2022-10-06,preseason,Minnesota Timberwolves,Los Angeles Lakers,MIN@LAL
2022-23,2022-10-06,preseason,Orlando Magic,San Antonio Spurs,ORL@SAS
2022-23,2022-10-07,preseason,Boston Celtics,Charlotte Hornets,BOS@CHA
2022-23,2022-10-07,preseason,Denver Nuggets,Chicago Bulls,DEN@CHI
2022-23,2022-10-07,preseason,Detroit Pistons,New Orleans Pelicans,DET@NOP
2022-23,2022-10-07,preseason,Indiana Pacers,New York Knicks,IND@NYK
2022-23,2022-10-07,preseason,Miami Heat,Memphis Grizzlies,MIA@MEM
2022-23,2022-10-07,preseason,Orlando Magic,Dallas Mavericks,ORL@DAL
2022-23,2022-10-07,preseason,Toronto Raptors,Houston Rockets,TOR@HOU
2022-23,2022-10-08,preseason,Atlanta Hawks,Milwaukee Bucks,ATL@MIL
2022-23,2022-10-09,preseason,Chicago Bulls,Toronto Raptors,CHI@TOR
2022-23,2022-10-09,preseason,Los Angeles Lakers,Golden State Warriors,LAL@GSW
2022-23,2022-10-09,preseason,Minnesota Timberwolves,LA Clippers,MIN@LAC
2022-23,2022-10-09,preseason,New Orleans Pelicans,San Antonio Spurs,NOP@SAS
2022-23,2022-10-09,preseason,Portland Trail Blazers,Sacramento Kings,POR@SAC
2022-23,2022-10-10,preseason,Houston Rockets,Miami Heat,HOU@MIA
2022-23,2022-10-10,preseason,Philadelphia 76ers,Cleveland Cavaliers,PHI@CLE
2022-23,2022-10-10,preseason,Phoenix Suns,Denver Nuggets,PHX@DEN
2022-23,2022-10-10,preseason,Washington Wizards,Charlotte Hornets,WAS@CHA
2022-23,2022-10-11,preseason,Memphis Grizzlies,Orlando Magic,MEM@ORL
2022-23,2022-10-11,preseason,Milwaukee Bucks,Chicago Bulls,MIL@CHI
2022-23,2022-10-11,preseason,Oklahoma City Thunder,Detroit Pistons,OKC@DET
2022-23,2022-10-11,preseason,Portland Trail Blazers,Golden State Warriors,POR@GSW
2022-23,2022-10-11,preseason,San Antonio Spurs,Utah Jazz,SAS@UTA
2022-23,2022-10-12,preseason,Atlanta Hawks,Cleveland Cavaliers,ATL@CLE
2022-23,2022-10-12,preseason,Brooklyn Nets,Milwaukee Bucks,BKN@MIL
2022-23,2022-10-12,preseason,Charlotte Hornets,Philadelphia 76ers,CHA@PHI
2022-23,2022-10-12,preseason,Denver Nuggets,LA Clippers,DEN@LAC
2022-23,2022-10-12,preseason,Minnesota Timberwolves,Los Angeles Lakers,MIN@LAL
2022-23,2022-10-12,preseason,New Orleans Pelicans,Miami Heat,NOP@MIA
2022-23,2022-10-12,preseason,New York Knicks,Indiana Pacers,NYK@IND
2022-23,2022-10-12,preseason,Sacramento Kings,Phoenix Suns,SAC@PHX
2022-23,2022-10-13,preseason,Memphis Grizzlies,Detroit Pistons,MEM@DET
2022-23,2022-10-13,preseason,Oklahoma City Thunder,San Antonio Spurs,OKC@SAS
2022-23,2022-10-14,preseason,Atlanta Hawks,New Orleans Pelicans,ATL@NOP
2022-23,2022-10-14,preseason,Brooklyn Nets,Minnesota Timberwolves,BKN@MIN
2022-23,2022-10-14,preseason,Boston Celtics,Toronto Raptors,BOS@TOR
2022-23,2022-10-14,preseason,Cleveland Cavaliers,Orlando Magic,CLE@ORL
2022-23,2022-10-14,preseason,Dallas Mavericks,Utah Jazz,DAL@UTA
2022-23,2022-10-14,preseason,Denver Nuggets,Golden State Warriors,DEN@GSW
2022-23,2022-10-14,preseason,Houston Rockets,Indiana Pacers,HOU@IND
2022-23,2022-10-14,preseason,Los Angeles Lakers,Sacramento Kings,LAL@SAC
2022-23,2022-10-14,preseason,Washington Wizards,New York Knicks,WAS@NYK
2022-23,2022-10-18,regular,Los Angeles Lakers,Golden State Warriors,LAL@GSW
2022-23,2022-10-18,regular,Philadelphia 76ers,Boston Celtics,PHI@BOS
2022-23,2022-10-19,regular,Charlotte Hornets,San Antonio Spurs,CHA@SAS
2022-23,2022-10-19,regular,Chicago Bulls,Miami Heat,CHI@MIA
2022-23,2022-10-19,regular,Cleveland Cavaliers,Toronto Raptors,CLE@TOR
2022-23,2022-10-19,regular,Dallas Mavericks,Phoenix Suns,DAL@PHX
2022-23,2022-10-19,regular,Denver Nuggets,Utah Jazz,DEN@UTA
2022-23,2022-10-19,regular,Houston Rockets,Atlanta Hawks,HOU@ATL
2022-23,2022-10-19,regular,New Orleans Pelicans,Brooklyn Nets,NOP@BKN
2022-23,2022-10-19,regular,New York Knicks,Memphis Grizzlies,NYK@MEM
2022-23,2022-10-19,regular,Oklahoma City Thunder,Minnesota Timberwolves,OKC@MIN
2022-23,2022-10-19,regular,Orlando Magic,Detroit Pistons,ORL@DET
2022-23,2022-10-19,regular,Portland Trail Blazers,Sacramento Kings,POR@SAC
2022-23,2022-10-19,regular,Washington Wizards,Indiana Pacers,WAS@IND
2022-23,2022-10-20,regular,LA Clippers,Los Angeles Lakers,LAC@LAL
2022-23,2022-10-20,regular,Milwaukee Bucks,Philadelphia 76ers,MIL@PHI
2022-23,2022-10-21,regular,Boston Celtics,Miami Heat,BOS@MIA
2022-23,2022-10-21,regular,Chicago Bulls,Washington Wizards,CHI@WAS
2022-23,2022-10-21,regular,Denver Nuggets,Golden State Warriors,DEN@GSW
2022-23,2022-10-21,regular,Detroit Pistons,New York Knicks,DET@NYK
2022-23,2022-10-21,regular,Memphis Grizzlies,Houston Rockets,MEM@HOU
2022-23,2022-10-21,regular,New Orleans Pelicans,Charlotte Hornets,NOP@CHA
2022-23,2022-10-21,regular,Orlando Magic,Atlanta Hawks,ORL@ATL
2022-23,2022-10-21,regular,Phoenix Suns,Portland Trail Blazers,PHX@POR
2022-23,2022-10-21,regular,San Antonio Spurs,Indiana Pacers,SAS@IND
2022-23,2022-10-21,regular,Toronto Raptors,Brooklyn Nets,TOR@BKN
2022-23,2022-10-21,regular,Utah Jazz,Minnesota Timberwolves,UTA@MIN
2022-23,2022-10-22,regular,Boston Celtics,Orlando Magic,BOS@ORL
2022-23,2022-10-22,regular,Cleveland Cavaliers,Chicago Bulls,CLE@CHI
2022-23,2022-10-22,regular,Detroit Pistons,Indiana Pacers,DET@IND
2022-23,2022-10-22,regular,Houston Rockets,Milwaukee Bucks,HOU@MIL
2022-23,2022-10-22,regular,LA Clippers,Sacramento Kings,LAC@SAC
2022-23,2022-10-22,regular,Memphis Grizzlies,Dallas Mavericks,MEM@DAL
2022-23,2022-10-22,regular,Oklahoma City Thunder,Denver Nuggets,OKC@DEN
2022-23,2022-10-22,regular,San Antonio Spurs,Philadelphia 76ers,SAS@PHI
2022-23,2022-10-22,regular,Toronto Raptors,Miami Heat,TOR@MIA
2022-23,2022-10-23,regular,Charlotte Hornets,Atlanta Hawks,CHA@ATL
2022-23,2022-10-23,regular,Minnesota Timberwolves,Oklahoma City Thunder,MIN@OKC
2022-23,2022-10-23,regular,Phoenix Suns,LA Clippers,PHX@LAC
2022-23,2022-10-23,regular,Portland Trail Blazers,Los Angeles Lakers,POR@LAL
2022-23,2022-10-23,regular,Sacramento Kings,Golden State Warriors,SAC@GSW
2022-23,2022-10-23,regular,Utah Jazz,New Orleans Pelicans,UTA@NOP
2022-23,2022-10-23,regular,Washington Wizards,Cleveland Cavaliers,WAS@CLE
2022-23,2022-10-24,regular,Brooklyn Nets,Memphis Grizzlies,BKN@MEM
2022-23,2022-10-24,regular,Boston Celtics,Chicago Bulls,BOS@CHI
2022-23,2022-10-24,regular,Denver Nuggets,Portland Trail Blazers,DEN@POR
2022-23,2022-10-24,regular,Indiana Pacers,Philadelphia 76ers,IND@PHI
2022-23,2022-10-24,regular,Orlando Magic,New York Knicks,ORL@NYK
2022-23,2022-10-24,regular,San Antonio Spurs,Minnesota Timberwolves,SAS@MIN
2022-23,2022-10-24,regular,Toronto Raptors,Miami Heat,TOR@MIA
2022-23,2022-10-24,regular,Utah Jazz,Houston Rockets,UTA@HOU
2022-23,2022-10-25,regular,Dallas Mavericks,New Orleans Pelicans,DAL@NOP
2022-23,2022-10-25,regular,Detroit Pistons,Washington Wizards,DET@WAS
2022-23,2022-10-25,regular,Golden State Warriors,Phoenix Suns,GSW@PHX
2022-23,2022-10-25,regular,LA Clippers,Oklahoma City Thunder,LAC@OKC
2022-23,2022-10-26,regular,Atlanta Hawks,Detroit Pistons,ATL@DET
2022-23,2022-10-26,regular,Brooklyn Nets,Milwaukee Bucks,BKN@MIL
2022-23,2022-10-26,regular,Charlotte Hornets,New York Knicks,CHA@NYK
2022-23,2022-10-26,regular,Houston Rockets,Utah Jazz,HOU@UTA
2022-23,2022-10-26,regular,Indiana Pacers,Chicago Bulls,IND@CHI
2022-23,2022-10-26,regular,Los Angeles Lakers,Denver Nuggets,LAL@DEN
2022-23,2022-10-26,regular,Miami Heat,Portland Trail Blazers,MIA@POR
2022-23,2022-10-26,regular,Orlando Magic,Cleveland Cavaliers,ORL@CLE
2022-23,2022-10-26,regular,Philadelphia 76ers,Toronto Raptors,PHI@TOR
2022-23,2022-10-26,regular,San Antonio Spurs,Minnesota Timberwolves,SAS@MIN
2022-23,2022-10-27,regular,Dallas Mavericks,Brooklyn Nets,DAL@BKN
2022-23,2022-10-27,regular,LA Clippers,Oklahoma City Thunder,LAC@OKC
2022-23,2022-10-27,regular,Memphis Grizzlies,Sacramento Kings,MEM@SAC
2022-23,2022-10-27,regular,Miami Heat,Golden State Warriors,MIA@GSW
2022-23,2022-10-28,regular,Atlanta Hawks,Detroit Pistons,ATL@DET
2022-23,2022-10-28,regular,Charlotte Hornets,Orlando Magic,CHA@ORL
2022-23,2022-10-28,regular,Chicago Bulls,San Antonio Spurs,CHI@SAS
2022-23,2022-10-28,regular,Cleveland Cavaliers,Boston Celtics,CLE@BOS
2022-23,2022-10-28,regular,Houston Rockets,Portland Trail Blazers,HOU@POR
2022-23,2022-10-28,regular,Indiana Pacers,Washington Wizards,IND@WAS
2022-23,2022-10-28,regular,Los Angeles Lakers,Minnesota Timberwolves,LAL@MIN
2022-23,2022-10-28,regular,New Orleans Pelicans,Phoenix Suns,NOP@PHX
2022-23,2022-10-28,regular,New York Knicks,Milwaukee Bucks,NYK@MIL
2022-23,2022-10-28,regular,Philadelphia 76ers,Toronto Raptors,PHI@TOR
2022-23,2022-10-28,regular,Utah Jazz,Denver Nuggets,UTA@DEN
2022-23,2022-10-29,regular,Atlanta Hawks,Milwaukee Bucks,ATL@MIL
2022-23,2022-10-29,regular,Golden State Warriors,Charlotte Hornets,GSW@CHA
2022-23,2022-10-29,regular,Indiana Pacers,Brooklyn Nets,IND@BKN
2022-23,2022-10-29,regular,Memphis Grizzlies,Utah Jazz,MEM@UTA
2022-23,2022-10-29,regular,Miami Heat,Sacramento Kings,MIA@SAC
2022-23,2022-10-29,regular,Oklahoma City Thunder,Dallas Mavericks,OKC@DAL
2022-23,2022-10-29,regular,Philadelphia 76ers,Chicago Bulls,PHI@CHI
2022-23,2022-10-30,regular,Denver Nuggets,Los Angeles Lakers,DEN@LAL
2022-23,2022-10-30,regular,Golden State Warriors,Detroit Pistons,GSW@DET
2022-23,2022-10-30,regular,Houston Rockets,Phoenix Suns,HOU@PHX
2022-23,2022-10-30,regular,Minnesota Timberwolves,San Antonio Spurs,MIN@SAS
2022-23,2022-10-30,regular,New Orleans Pelicans,LA Clippers,NOP@LAC
2022-23,2022-10-30,regular,New York Knicks,Cleveland Cavaliers,NYK@CLE
2022-23,2022-10-30,regular,Orlando Magic,Dallas Mavericks,ORL@DAL
2022-23,2022-10-30,regular,Washington Wizards,Boston Celtics,WAS@BOS
2022-23,2022-10-31,regular,Atlanta Hawks,Toronto Raptors,ATL@TOR
2022-23,2022-10-31,regular,Detroit Pistons,Milwaukee Bucks,DET@MIL
2022-23,2022-10-31,regular,Houston Rockets,LA Clippers,HOU@LAC
2022-23,2022-10-31,regular,Indiana Pacers,Brooklyn Nets,IND@BKN
2022-23,2022-10-31,regular,Memphis Grizzlies,Utah Jazz,MEM@UTA
2022-23,2022-10-31,regular,Philadelphia 76ers,Washington Wizards,PHI@WAS
2022-23,2022-10-31,regular,Sacramento Kings,Charlotte Hornets,SAC@CHA
2022-23,2022-11-01,regular,Chicago Bulls,Brooklyn Nets,CHI@BKN
2022-23,2022-11-01,regular,Golden State Warriors,Miami Heat,GSW@MIA
2022-23,2022-11-01,regular,Minnesota Timberwolves,Phoenix Suns,MIN@PHX
2022-23,2022-11-01,regular,Orlando Magic,Oklahoma City Thunder,ORL@OKC
2022-23,2022-11-02,regular,Atlanta Hawks,New York Knicks,ATL@NYK
2022-23,2022-11-02,regular,Boston Celtics,Cleveland Cavaliers,BOS@CLE
2022-23,2022-11-02,regular,Charlotte Hornets,Chicago Bulls,CHA@CHI
2022-23,2022-11-02,regular,Detroit Pistons,Milwaukee Bucks,DET@MIL
2022-23,2022-11-02,regular,LA Clippers,Houston Rockets,LAC@HOU
2022-23,2022-11-02,regular,Memphis Grizzlies,Portland Trail Blazers,MEM@POR
2022-23,2022-11-02,regular,New Orleans Pelicans,Los Angeles Lakers,NOP@LAL
2022-23,2022-11-02,regular,Sacramento Kings,Miami Heat,SAC@MIA
2022-23,2022-11-02,regular,Toronto Raptors,San Antonio Spurs,TOR@SAS
2022-23,2022-11-02,regular,Utah Jazz,Dallas Mavericks,UTA@DAL
2022-23,2022-11-02,regular,Washington Wizards,Philadelphia 76ers,WAS@PHI
2022-23,2022-11-03,regular,Denver Nuggets,Oklahoma City Thunder,DEN@OKC
2022-23,2022-11-03,regular,Golden State Warriors,Orlando Magic,GSW@ORL
2022-23,2022-11-04,regular,Brooklyn Nets,Washington Wizards,BKN@WAS
2022-23,2022-11-04,regular,Charlotte Hornets,Memphis Grizzlies,CHA@MEM
2022-23,2022-11-04,regular,Chicago Bulls,Boston Celtics,CHI@BOS
2022-23,2022-11-04,regular,Cleveland Cavaliers,Detroit Pistons,CLE@DET
2022-23,2022-11-04,regular,Golden State Warriors,New Orleans Pelicans,GSW@NOP
2022-23,2022-11-04,regular,LA Clippers,San Antonio Spurs,LAC@SAS
2022-23,2022-11-04,regular,Miami Heat,Indiana Pacers,MIA@IND
2022-23,2022-11-04,regular,Milwaukee Bucks,Minnesota Timberwolves,MIL@MIN
2022-23,2022-11-04,regular,New York Knicks,Philadelphia 76ers,NYK@PHI
2022-23,2022-11-04,regular,Portland Trail Blazers,Phoenix Suns,POR@PHX
2022-23,2022-11-04,regular,Toronto Raptors,Dallas Mavericks,TOR@DAL
2022-23,2022-11-04,regular,Utah Jazz,Los Angeles Lakers,UTA@LAL
2022-23,2022-11-05,regular,Brooklyn Nets,Charlotte Hornets,BKN@CHA
2022-23,2022-11-05,regular,Boston Celtics,New York Knicks,BOS@NYK
2022-23,2022-11-05,regular,Houston Rockets,Minnesota Timberwolves,HOU@MIN
2022-23,2022-11-05,regular,New Orleans Pelicans,Atlanta Hawks,NOP@ATL
2022-23,2022-11-05,regular,Oklahoma City Thunder,Milwaukee Bucks,OKC@MIL
2022-23,2022-11-05,regular,Portland Trail Blazers,Phoenix Suns,POR@PHX
2022-23,2022-11-05,regular,Sacramento Kings,Orlando Magic,SAC@ORL
2022-23,2022-11-05,regular,San Antonio Spurs,Denver Nuggets,SAS@DEN
2022-23,2022-11-06,regular,Chicago Bulls,Toronto Raptors,CHI@TOR
2022-23,2022-11-06,regular,Cleveland Cavaliers,Los Angeles Lakers,CLE@LAL
2022-23,2022-11-06,regular,Utah Jazz,LA Clippers,UTA@LAC
2022-23,2022-11-06,regular,Washington Wizards,Memphis Grizzlies,WAS@MEM
2022-23,2022-11-07,regular,Brooklyn Nets,Dallas Mavericks,BKN@DAL
2022-23,2022-11-07,regular,Boston Celtics,Memphis Grizzlies,BOS@MEM
2022-23,2022-11-07,regular,Cleveland Cavaliers,LA Clippers,CLE@LAC
2022-23,2022-11-07,regular,Denver Nuggets,San Antonio Spurs,DEN@SAS
2022-23,2022-11-07,regular,Houston Rockets,Orlando Magic,HOU@ORL
2022-23,2022-11-07,regular,Los Angeles Lakers,Utah Jazz,LAL@UTA
2022-23,2022-11-07,regular,Milwaukee Bucks,Atlanta Hawks,MIL@ATL
2022-23,2022-11-07,regular,New Orleans Pelicans,Indiana Pacers,NOP@IND
2022-23,2022-11-07,regular,New York Knicks,Minnesota Timberwolves,NYK@MIN
2022-23,2022-11-07,regular,Oklahoma City Thunder,Detroit Pistons,OKC@DET
2022-23,2022-11-07,regular,Phoenix Suns,Philadelphia 76ers,PHX@PHI
2022-23,2022-11-07,regular,Portland Trail Blazers,Miami Heat,POR@MIA
2022-23,2022-11-07,regular,Sacramento Kings,Golden State Warriors,SAC@GSW
2022-23,2022-11-07,regular,Toronto Raptors,Chicago Bulls,TOR@CHI
2022-23,2022-11-07,regular,Washington Wizards,Charlotte Hornets,WAS@CHA
2022-23,2022-11-09,regular,Cleveland Cavaliers,Sacramento Kings,CLE@SAC
2022-23,2022-11-09,regular,Dallas Mavericks,Orlando Magic,DAL@ORL
2022-23,2022-11-09,regular,Denver Nuggets,Indiana Pacers,DEN@IND
2022-23,2022-11-09,regular,Detroit Pistons,Boston Celtics,DET@BOS
2022-23,2022-11-09,regular,Houston Rockets,Toronto Raptors,HOU@TOR
2022-23,2022-11-09,regular,Los Angeles Lakers,LA Clippers,LAL@LAC
2022-23,2022-11-09,regular,Memphis Grizzlies,San Antonio Spurs,MEM@SAS
2022-23,2022-11-09,regular,Milwaukee Bucks,Oklahoma City Thunder,MIL@OKC
2022-23,2022-11-09,regular,New Orleans Pelicans,Chicago Bulls,NOP@CHI
2022-23,2022-11-09,regular,New York Knicks,Brooklyn Nets,NYK@BKN
2022-23,2022-11-09,regular,Phoenix Suns,Minnesota Timberwolves,PHX@MIN
2022-23,2022-11-09,regular,Portland Trail Blazers,Charlotte Hornets,POR@CHA
2022-23,2022-11-09,regular,Utah Jazz,Atlanta Hawks,UTA@ATL
2022-23,2022-11-10,regular,Charlotte Hornets,Miami Heat,CHA@MIA
2022-23,2022-11-10,regular,Dallas Mavericks,Washington Wizards,DAL@WAS
2022-23,2022-11-10,regular,Philadelphia 76ers,Atlanta Hawks,PHI@ATL
2022-23,2022-11-10,regular,Portland Trail Blazers,New Orleans Pelicans,POR@NOP
2022-23,2022-11-11,regular,Cleveland Cavaliers,Golden State Warriors,CLE@GSW
2022-23,2022-11-11,regular,Denver Nuggets,Boston Celtics,DEN@BOS
2022-23,2022-11-11,regular,Detroit Pistons,New York Knicks,DET@NYK
2022-23,2022-11-11,regular,Milwaukee Bucks,San Antonio Spurs,MIL@SAS
2022-23,2022-11-11,regular,Minnesota Timberwolves,Memphis Grizzlies,MIN@MEM
2022-23,2022-11-11,regular,Phoenix Suns,Orlando Magic,PHX@ORL
2022-23,2022-11-11,regular,Sacramento Kings,Los Angeles Lakers,SAC@LAL
2022-23,2022-11-11,regular,Toronto Raptors,Oklahoma City Thunder,TOR@OKC
2022-23,2022-11-12,regular,Atlanta Hawks,Philadelphia 76ers,ATL@PHI
2022-23,2022-11-12,regular,Brooklyn Nets,LA Clippers,BKN@LAC
2022-23,2022-11-12,regular,Boston Celtics,Detroit Pistons,BOS@DET
2022-23,2022-11-12,regular,Charlotte Hornets,Miami Heat,CHA@MIA
2022-23,2022-11-12,regular,Houston Rockets,New Orleans Pelicans,HOU@NOP
2022-23,2022-11-12,regular,Portland Trail Blazers,Dallas Mavericks,POR@DAL
2022-23,2022-11-12,regular,Toronto Raptors,Indiana Pacers,TOR@IND
2022-23,2022-11-12,regular,Utah Jazz,Washington Wizards,UTA@WAS
2022-23,2022-11-13,regular,Brooklyn Nets,Los Angeles Lakers,BKN@LAL
2022-23,2022-11-13,regular,Denver Nuggets,Chicago Bulls,DEN@CHI
2022-23,2022-11-13,regular,Golden State Warriors,Sacramento Kings,GSW@SAC
2022-23,2022-11-13,regular,Memphis Grizzlies,Washington Wizards,MEM@WAS
2022-23,2022-11-13,regular,Minnesota Timberwolves,Cleveland Cavaliers,MIN@CLE
2022-23,2022-11-13,regular,Oklahoma City Thunder,New York Knicks,OKC@NYK
2022-23,2022-11-13,regular,Utah Jazz,Philadelphia 76ers,UTA@PHI
2022-23,2022-11-14,regular,Atlanta Hawks,Milwaukee Bucks,ATL@MIL
2022-23,2022-11-14,regular,Charlotte Hornets,Orlando Magic,CHA@ORL
2022-23,2022-11-14,regular,LA Clippers,Houston Rockets,LAC@HOU
2022-23,2022-11-14,regular,Oklahoma City Thunder,Boston Celtics,OKC@BOS
2022-23,2022-11-14,regular,Phoenix Suns,Miami Heat,PHX@MIA
2022-23,2022-11-14,regular,San Antonio Spurs,Golden State Warriors,SAS@GSW
2022-23,2022-11-14,regular,Toronto Raptors,Detroit Pistons,TOR@DET
2022-23,2022-11-15,regular,Brooklyn Nets,Sacramento Kings,BKN@SAC
2022-23,2022-11-15,regular,LA Clippers,Dallas Mavericks,LAC@DAL
2022-23,2022-11-15,regular,Memphis Grizzlies,New Orleans Pelicans,MEM@NOP
2022-23,2022-11-15,regular,New York Knicks,Utah Jazz,NYK@UTA
2022-23,2022-11-15,regular,San Antonio Spurs,Portland Trail Blazers,SAS@POR
2022-23,2022-11-16,regular,Boston Celtics,Atlanta Hawks,BOS@ATL
2022-23,2022-11-16,regular,Chicago Bulls,New Orleans Pelicans,CHI@NOP
2022-23,2022-11-16,regular,Cleveland Cavaliers,Milwaukee Bucks,CLE@MIL
2022-23,2022-11-16,regular,Golden State Warriors,Phoenix Suns,GSW@PHX
2022-23,2022-11-16,regular,Houston Rockets,Dallas Mavericks,HOU@DAL
2022-23,2022-11-16,regular,Indiana Pacers,Charlotte Hornets,IND@CHA
2022-23,2022-11-16,regular,Miami Heat,Toronto Raptors,MIA@TOR
2022-23,2022-11-16,regular,Minnesota Timberwolves,Orlando Magic,MIN@ORL
2022-23,2022-11-16,regular,New York Knicks,Denver Nuggets,NYK@DEN
2022-23,2022-11-16,regular,Oklahoma City Thunder,Washington Wizards,OKC@WAS
2022-23,2022-11-17,regular,Brooklyn Nets,Portland Trail Blazers,BKN@POR
2022-23,2022-11-17,regular,Detroit Pistons,LA Clippers,DET@LAC
2022-23,2022-11-17,regular,San Antonio Spurs,Sacramento Kings,SAS@SAC
2022-23,2022-11-18,regular,Boston Celtics,New Orleans Pelicans,BOS@NOP
2022-23,2022-11-18,regular,Charlotte Hornets,Cleveland Cavaliers,CHA@CLE
2022-23,2022-11-18,regular,Denver Nuggets,Dallas Mavericks,DEN@DAL
2022-23,2022-11-18,regular,Detroit Pistons,Los Angeles Lakers,DET@LAL
2022-23,2022-11-18,regular,Indiana Pacers,Houston Rockets,IND@HOU
2022-23,2022-11-18,regular,Miami Heat,Washington Wizards,MIA@WAS
2022-23,2022-11-18,regular,Milwaukee Bucks,Philadelphia 76ers,MIL@PHI
2022-23,2022-11-18,regular,New York Knicks,Golden State Warriors,NYK@GSW
2022-23,2022-11-18,regular,Oklahoma City Thunder,Memphis Grizzlies,OKC@MEM
2022-23,2022-11-18,regular,Orlando Magic,Chicago Bulls,ORL@CHI
2022-23,2022-11-18,regular,Phoenix Suns,Utah Jazz,PHX@UTA
2022-23,2022-11-19,regular,Minnesota Timberwolves,Philadelphia 76ers,MIN@PHI
2022-23,2022-11-19,regular,Orlando Magic,Indiana Pacers,ORL@IND
2022-23,2022-11-19,regular,San Antonio Spurs,LA Clippers,SAS@LAC
2022-23,2022-11-19,regular,Toronto Raptors,Atlanta Hawks,TOR@ATL
2022-23,2022-11-19,regular,Utah Jazz,Portland Trail Blazers,UTA@POR
2022-23,2022-11-20,regular,Charlotte Hornets,Washington Wizards,CHA@WAS
2022-23,2022-11-20,regular,Denver Nuggets,Dallas Mavericks,DEN@DAL
2022-23,2022-11-20,regular,Detroit Pistons,Sacramento Kings,DET@SAC
2022-23,2022-11-20,regular,Golden State Warriors,Houston Rockets,GSW@HOU
2022-23,2022-11-20,regular,Memphis Grizzlies,Brooklyn Nets,MEM@BKN
2022-23,2022-11-20,regular,Miami Heat,Cleveland Cavaliers,MIA@CLE
2022-23,2022-11-20,regular,New York Knicks,Phoenix Suns,NYK@PHX
2022-23,2022-11-20,regular,San Antonio Spurs,Los Angeles Lakers,SAS@LAL
2022-23,2022-11-21,regular,Atlanta Hawks,Cleveland Cavaliers,ATL@CLE
2022-23,2022-11-21,regular,Boston Celtics,Chicago Bulls,BOS@CHI
2022-23,2022-11-21,regular,Golden State Warriors,New Orleans Pelicans,GSW@NOP
2022-23,2022-11-21,regular,Miami Heat,Minnesota Timberwolves,MIA@MIN
2022-23,2022-11-21,regular,New York Knicks,Oklahoma City Thunder,NYK@OKC
2022-23,2022-11-21,regular,Orlando Magic,Indiana Pacers,ORL@IND
2022-23,2022-11-21,regular,Portland Trail Blazers,Milwaukee Bucks,POR@MIL
2022-23,2022-11-21,regular,Utah Jazz,LA Clippers,UTA@LAC
2022-23,2022-11-22,regular,Brooklyn Nets,Philadelphia 76ers,BKN@PHI
2022-23,2022-11-22,regular,Detroit Pistons,Denver Nuggets,DET@DEN
2022-23,2022-11-22,regular,Los Angeles Lakers,Phoenix Suns,LAL@PHX
2022-23,2022-11-22,regular,Sacramento Kings,Memphis Grizzlies,SAC@MEM
2022-23,2022-11-23,regular,Brooklyn Nets,Toronto Raptors,BKN@TOR
2022-23,2022-11-23,regular,Chicago Bulls,Milwaukee Bucks,CHI@MIL
2022-23,2022-11-23,regular,Dallas Mavericks,Boston Celtics,DAL@BOS
2022-23,2022-11-23,regular,Denver Nuggets,Oklahoma City Thunder,DEN@OKC
2022-23,2022-11-23,regular,Detroit Pistons,Utah Jazz,DET@UTA
2022-23,2022-11-23,regular,LA Clippers,Golden State Warriors,LAC@GSW
2022-23,2022-11-23,regular,Minnesota Timberwolves,Indiana Pacers,MIN@IND
2022-23,2022-11-23,regular,New Orleans Pelicans,San Antonio Spurs,NOP@SAS
2022-23,2022-11-23,regular,Philadelphia 76ers,Charlotte Hornets,PHI@CHA
2022-23,2022-11-23,regular,Portland Trail Blazers,Cleveland Cavaliers,POR@CLE
2022-23,2022-11-23,regular,Sacramento Kings,Atlanta Hawks,SAC@ATL
2022-23,2022-11-23,regular,Washington Wizards,Miami Heat,WAS@MIA
2022-23,2022-11-25,regular,Atlanta Hawks,Houston Rockets,ATL@HOU
2022-23,2022-11-25,regular,Brooklyn Nets,Indiana Pacers,BKN@IND
2022-23,2022-11-25,regular,Chicago Bulls,Oklahoma City Thunder,CHI@OKC
2022-23,2022-11-25,regular,Cleveland Cavaliers,Milwaukee Bucks,CLE@MIL
2022-23,2022-11-25,regular,Denver Nuggets,LA Clippers,DEN@LAC
2022-23,2022-11-25,regular,Detroit Pistons,Phoenix Suns,DET@PHX
2022-23,2022-11-25,regular,Los Angeles Lakers,San Antonio Spurs,LAL@SAS
2022-23,2022-11-25,regular,Minnesota Timberwolves,Charlotte Hornets,MIN@CHA
2022-23,2022-11-25,regular,New Orleans Pelicans,Memphis Grizzlies,NOP@MEM
2022-23,2022-11-25,regular,Philadelphia 76ers,Orlando Magic,PHI@ORL
2022-23,2022-11-25,regular,Portland Trail Blazers,New York Knicks,POR@NYK
2022-23,2022-11-25,regular,Sacramento Kings,Boston Celtics,SAC@BOS
2022-23,2022-11-25,regular,Utah Jazz,Golden State Warriors,UTA@GSW
2022-23,2022-11-25,regular,Washington Wizards,Miami Heat,WAS@MIA
2022-23,2022-11-26,regular,Dallas Mavericks,Toronto Raptors,DAL@TOR
2022-23,2022-11-26,regular,Los Angeles Lakers,San Antonio Spurs,LAL@SAS
2022-23,2022-11-26,regular,Oklahoma City Thunder,Houston Rockets,OKC@HOU
2022-23,2022-11-26,regular,Utah Jazz,Phoenix Suns,UTA@PHX
2022-23,2022-11-27,regular,Cleveland Cavaliers,Detroit Pistons,CLE@DET
2022-23,2022-11-27,regular,Dallas Mavericks,Milwaukee Bucks,DAL@MIL
2022-23,2022-11-27,regular,Golden State Warriors,Minnesota Timberwolves,GSW@MIN
2022-23,2022-11-27,regular,Indiana Pacers,LA Clippers,IND@LAC
2022-23,2022-11-27,regular,Memphis Grizzlies,New York Knicks,MEM@NYK
2022-23,2022-11-27,regular,Miami Heat,Atlanta Hawks,MIA@ATL
2022-23,2022-11-27,regular,Philadelphia 76ers,Orlando Magic,PHI@ORL
2022-23,2022-11-27,regular,Portland Trail Blazers,Brooklyn Nets,POR@BKN
2022-23,2022-11-27,regular,Washington Wizards,Boston Celtics,WAS@BOS
2022-23,2022-11-28,regular,Atlanta Hawks,Philadelphia 76ers,ATL@PHI
2022-23,2022-11-28,regular,Charlotte Hornets,Boston Celtics,CHA@BOS
2022-23,2022-11-28,regular,Chicago Bulls,Utah Jazz,CHI@UTA
2022-23,2022-11-28,regular,Cleveland Cavaliers,Toronto Raptors,CLE@TOR
2022-23,2022-11-28,regular,Houston Rockets,Denver Nuggets,HOU@DEN
2022-23,2022-11-28,regular,Indiana Pacers,Los Angeles Lakers,IND@LAL
2022-23,2022-11-28,regular,Minnesota Timberwolves,Washington Wizards,MIN@WAS
2022-23,2022-11-28,regular,Oklahoma City Thunder,New Orleans Pelicans,OKC@NOP
2022-23,2022-11-28,regular,Orlando Magic,Brooklyn Nets,ORL@BKN
2022-23,2022-11-28,regular,Phoenix Suns,Sacramento Kings,PHX@SAC
2022-23,2022-11-29,regular,Golden State Warriors,Dallas Mavericks,GSW@DAL
2022-23,2022-11-29,regular,LA Clippers,Portland Trail Blazers,LAC@POR
2022-23,2022-11-29,regular,New York Knicks,Detroit Pistons,NYK@DET
2022-23,2022-11-30,regular,Atlanta Hawks,Orlando Magic,ATL@ORL
2022-23,2022-11-30,regular,Chicago Bulls,Phoenix Suns,CHI@PHX
2022-23,2022-11-30,regular,Houston Rockets,Denver Nuggets,HOU@DEN
2022-23,2022-11-30,regular,Indiana Pacers,Sacramento Kings,IND@SAC
2022-23,2022-11-30,regular,LA Clippers,Utah Jazz,LAC@UTA
2022-23,2022-11-30,regular,Memphis Grizzlies,Minnesota Timberwolves,MEM@MIN
2022-23,2022-11-30,regular,Miami Heat,Boston Celtics,MIA@BOS
2022-23,2022-11-30,regular,Milwaukee Bucks,New York Knicks,MIL@NYK
2022-23,2022-11-30,regular,Philadelphia 76ers,Cleveland Cavaliers,PHI@CLE
2022-23,2022-11-30,regular,Portland Trail Blazers,Los Angeles Lakers,POR@LAL
2022-23,2022-11-30,regular,San Antonio Spurs,Oklahoma City Thunder,SAS@OKC
2022-23,2022-11-30,regular,Toronto Raptors,New Orleans Pelicans,TOR@NOP
2022-23,2022-11-30,regular,Washington Wizards,Brooklyn Nets,WAS@BKN
2022-23,2022-12-01,regular,Dallas Mavericks,Detroit Pistons,DAL@DET
2022-23,2022-12-02,regular,Chicago Bulls,Golden State Warriors,CHI@GSW
2022-23,2022-12-02,regular,Denver Nuggets,Atlanta Hawks,DEN@ATL
2022-23,2022-12-02,regular,Houston Rockets,Phoenix Suns,HOU@PHX
2022-23,2022-12-02,regular,Indiana Pacers,Utah Jazz,IND@UTA
2022-23,2022-12-02,regular,Los Angeles Lakers,Milwaukee Bucks,LAL@MIL
2022-23,2022-12-02,regular,Miami Heat,Boston Celtics,MIA@BOS
2022-23,2022-12-02,regular,New Orleans Pelicans,San Antonio Spurs,NOP@SAS
2022-23,2022-12-02,regular,Orlando Magic,Cleveland Cavaliers,ORL@CLE
2022-23,2022-12-02,regular,Philadelphia 76ers,Memphis Grizzlies,PHI@MEM
2022-23,2022-12-02,regular,Toronto Raptors,Brooklyn Nets,TOR@BKN
2022-23,2022-12-02,regular,Washington Wizards,Charlotte Hornets,WAS@CHA
2022-23,2022-12-03,regular,Dallas Mavericks,New York Knicks,DAL@NYK
2022-23,2022-12-03,regular,Houston Rockets,Golden State Warriors,HOU@GSW
2022-23,2022-12-03,regular,Milwaukee Bucks,Charlotte Hornets,MIL@CHA
2022-23,2022-12-03,regular,Oklahoma City Thunder,Minnesota Timberwolves,OKC@MIN
2022-23,2022-12-03,regular,Orlando Magic,Toronto Raptors,ORL@TOR
2022-23,2022-12-03,regular,Portland Trail Blazers,Utah Jazz,POR@UTA
2022-23,2022-12-03,regular,Sacramento Kings,LA Clippers,SAC@LAC
2022-23,2022-12-04,regular,Boston Celtics,Brooklyn Nets,BOS@BKN
2022-23,2022-12-04,regular,Chicago Bulls,Sacramento Kings,CHI@SAC
2022-23,2022-12-04,regular,Cleveland Cavaliers,New York Knicks,CLE@NYK
2022-23,2022-12-04,regular,Denver Nuggets,New Orleans Pelicans,DEN@NOP
2022-23,2022-12-04,regular,Indiana Pacers,Portland Trail Blazers,IND@POR
2022-23,2022-12-04,regular,Los Angeles Lakers,Washington Wizards,LAL@WAS
2022-23,2022-12-04,regular,Memphis Grizzlies,Detroit Pistons,MEM@DET
2022-23,2022-12-04,regular,Phoenix Suns,San Antonio Spurs,PHX@SAS
2022-23,2022-12-05,regular,Boston Celtics,Toronto Raptors,BOS@TOR
2022-23,2022-12-05,regular,Indiana Pacers,Golden State Warriors,IND@GSW
2022-23,2022-12-05,regular,LA Clippers,Charlotte Hornets,LAC@CHA
2022-23,2022-12-05,regular,Miami Heat,Memphis Grizzlies,MIA@MEM
2022-23,2022-12-05,regular,Milwaukee Bucks,Orlando Magic,MIL@ORL
2022-23,2022-12-05,regular,Oklahoma City Thunder,Atlanta Hawks,OKC@ATL
2022-23,2022-12-05,regular,Philadelphia 76ers,Houston Rockets,PHI@HOU
2022-23,2022-12-05,regular,Phoenix Suns,Dallas Mavericks,PHX@DAL
2022-23,2022-12-06,regular,Dallas Mavericks,Denver Nuggets,DAL@DEN
2022-23,2022-12-06,regular,Detroit Pistons,Miami Heat,DET@MIA
2022-23,2022-12-06,regular,Los Angeles Lakers,Cleveland Cavaliers,LAL@CLE
2022-23,2022-12-07,regular,Atlanta Hawks,New York Knicks,ATL@NYK
2022-23,2022-12-07,regular,Boston Celtics,Phoenix Suns,BOS@PHX
2022-23,2022-12-07,regular,Charlotte Hornets,Brooklyn Nets,CHA@BKN
2022-23,2022-12-07,regular,Detroit Pistons,New Orleans Pelicans,DET@NOP
2022-23,2022-12-07,regular,Golden State Warriors,Utah Jazz,GSW@UTA
2022-23,2022-12-07,regular,Indiana Pacers,Minnesota Timberwolves,IND@MIN
2022-23,2022-12-07,regular,LA Clippers,Orlando Magic,LAC@ORL
2022-23,2022-12-07,regular,Los Angeles Lakers,Toronto Raptors,LAL@TOR
2022-23,2022-12-07,regular,Oklahoma City Thunder,Memphis Grizzlies,OKC@MEM
2022-23,2022-12-07,regular,Sacramento Kings,Milwaukee Bucks,SAC@MIL
2022-23,2022-12-07,regular,Washington Wizards,Chicago Bulls,WAS@CHI
2022-23,2022-12-08,regular,Denver Nuggets,Portland Trail Blazers,DEN@POR
2022-23,2022-12-08,regular,Houston Rockets,San Antonio Spurs,HOU@SAS
2022-23,2022-12-08,regular,LA Clippers,Miami Heat,LAC@MIA
2022-23,2022-12-09,regular,Atlanta Hawks,Brooklyn Nets,ATL@BKN
2022-23,2022-12-09,regular,Detroit Pistons,Memphis Grizzlies,DET@MEM
2022-23,2022-12-09,regular,Los Angeles Lakers,Philadelphia 76ers,LAL@PHI
2022-23,2022-12-09,regular,Milwaukee Bucks,Dallas Mavericks,MIL@DAL
2022-23,2022-12-09,regular,Minnesota Timberwolves,Utah Jazz,MIN@UTA
2022-23,2022-12-09,regular,New York Knicks,Charlotte Hornets,NYK@CHA
2022-23,2022-12-09,regular,Phoenix Suns,New Orleans Pelicans,PHX@NOP
2022-23,2022-12-09,regular,Sacramento Kings,Cleveland Cavaliers,SAC@CLE
2022-23,2022-12-09,regular,Toronto Raptors,Orlando Magic,TOR@ORL
2022-23,2022-12-09,regular,Washington Wizards,Indiana Pacers,WAS@IND
2022-23,2022-12-10,regular,Brooklyn Nets,Indiana Pacers,BKN@IND
2022-23,2022-12-10,regular,Boston Celtics,Golden State Warriors,BOS@GSW
2022-23,2022-12-10,regular,Dallas Mavericks,Chicago Bulls,DAL@CHI
2022-23,2022-12-10,regular,LA Clippers,Washington Wizards,LAC@WAS
2022-23,2022-12-10,regular,Minnesota Timberwolves,Portland Trail Blazers,MIN@POR
2022-23,2022-12-10,regular,Oklahoma City Thunder,Cleveland Cavaliers,OKC@CLE
2022-23,2022-12-10,regular,San Antonio Spurs,Miami Heat,SAS@MIA
2022-23,2022-12-10,regular,Utah Jazz,Denver Nuggets,UTA@DEN
2022-23,2022-12-11,regular,Charlotte Hornets,Philadelphia 76ers,CHA@PHI
2022-23,2022-12-11,regular,Chicago Bulls,Atlanta Hawks,CHI@ATL
2022-23,2022-12-11,regular,Los Angeles Lakers,Detroit Pistons,LAL@DET
2022-23,2022-12-11,regular,Milwaukee Bucks,Houston Rockets,MIL@HOU
2022-23,2022-12-11,regular,Phoenix Suns,New Orleans Pelicans,PHX@NOP
2022-23,2022-12-11,regular,Sacramento Kings,New York Knicks,SAC@NYK
2022-23,2022-12-11,regular,Toronto Raptors,Orlando Magic,TOR@ORL
2022-23,2022-12-12,regular,Atlanta Hawks,Memphis Grizzlies,ATL@MEM
2022-23,2022-12-12,regular,Brooklyn Nets,Washington Wizards,BKN@WAS
2022-23,2022-12-12,regular,Boston Celtics,LA Clippers,BOS@LAC
2022-23,2022-12-12,regular,Cleveland Cavaliers,San Antonio Spurs,CLE@SAS
2022-23,2022-12-12,regular,Miami Heat,Indiana Pacers,MIA@IND
2022-23,2022-12-12,regular,Minnesota Timberwolves,Portland Trail Blazers,MIN@POR
2022-23,2022-12-12,regular,Oklahoma City Thunder,Dallas Mavericks,OKC@DAL
2022-23,2022-12-13,regular,Boston Celtics,Los Angeles Lakers,BOS@LAL
2022-23,2022-12-13,regular,Golden State Warriors,Milwaukee Bucks,GSW@MIL
2022-23,2022-12-13,regular,New Orleans Pelicans,Utah Jazz,NOP@UTA
2022-23,2022-12-13,regular,Phoenix Suns,Houston Rockets,PHX@HOU
2022-23,2022-12-13,regular,Sacramento Kings,Philadelphia 76ers,SAC@PHI
2022-23,2022-12-14,regular,Atlanta Hawks,Orlando Magic,ATL@ORL
2022-23,2022-12-14,regular,Cleveland Cavaliers,Dallas Mavericks,CLE@DAL
2022-23,2022-12-14,regular,Detroit Pistons,Charlotte Hornets,DET@CHA
2022-23,2022-12-14,regular,Golden State Warriors,Indiana Pacers,GSW@IND
2022-23,2022-12-14,regular,Miami Heat,Oklahoma City Thunder,MIA@OKC
2022-23,2022-12-14,regular,Minnesota Timberwolves,LA Clippers,MIN@LAC
2022-23,2022-12-14,regular,New York Knicks,Chicago Bulls,NYK@CHI
2022-23,2022-12-14,regular,Portland Trail Blazers,San Antonio Spurs,POR@SAS
2022-23,2022-12-14,regular,Sacramento Kings,Toronto Raptors,SAC@TOR
2022-23,2022-12-14,regular,Washington Wizards,Denver Nuggets,WAS@DEN
2022-23,2022-12-15,regular,Miami Heat,Houston Rockets,MIA@HOU
2022-23,2022-12-15,regular,Milwaukee Bucks,Memphis Grizzlies,MIL@MEM
2022-23,2022-12-15,regular,New Orleans Pelicans,Utah Jazz,NOP@UTA
2022-23,2022-12-15,regular,Phoenix Suns,LA Clippers,PHX@LAC
2022-23,2022-12-16,regular,Atlanta Hawks,Charlotte Hornets,ATL@CHA
2022-23,2022-12-16,regular,Brooklyn Nets,Toronto Raptors,BKN@TOR
2022-23,2022-12-16,regular,Denver Nuggets,Los Angeles Lakers,DEN@LAL
2022-23,2022-12-16,regular,Golden State Warriors,Philadelphia 76ers,GSW@PHI
2022-23,2022-12-16,regular,Indiana Pacers,Cleveland Cavaliers,IND@CLE
2022-23,2022-12-16,regular,Minnesota Timberwolves,Oklahoma City Thunder,MIN@OKC
2022-23,2022-12-16,regular,New York Knicks,Chicago Bulls,NYK@CHI
2022-23,2022-12-16,regular,Orlando Magic,Boston Celtics,ORL@BOS
2022-23,2022-12-16,regular,Portland Trail Blazers,Dallas Mavericks,POR@DAL
2022-23,2022-12-16,regular,Sacramento Kings,Detroit Pistons,SAC@DET
2022-23,2022-12-17,regular,Dallas Mavericks,Cleveland Cavaliers,DAL@CLE
2022-23,2022-12-17,regular,Memphis Grizzlies,Oklahoma City Thunder,MEM@OKC
2022-23,2022-12-17,regular,Miami Heat,San Antonio Spurs,MIA@SAS
2022-23,2022-12-17,regular,New Orleans Pelicans,Phoenix Suns,NOP@PHX
2022-23,2022-12-17,regular,Portland Trail Blazers,Houston Rockets,POR@HOU
2022-23,2022-12-17,regular,Utah Jazz,Milwaukee Bucks,UTA@MIL
2022-23,2022-12-17,regular,Washington Wizards,LA Clippers,WAS@LAC
2022-23,2022-12-18,regular,Brooklyn Nets,Detroit Pistons,BKN@DET
2022-23,2022-12-18,regular,Charlotte Hornets,Denver Nuggets,CHA@DEN
2022-23,2022-12-18,regular,Chicago Bulls,Minnesota Timberwolves,CHI@MIN
2022-23,2022-12-18,regular,Golden State Warriors,Toronto Raptors,GSW@TOR
2022-23,2022-12-18,regular,New York Knicks,Indiana Pacers,NYK@IND
2022-23,2022-12-18,regular,Orlando Magic,Boston Celtics,ORL@BOS
2022-23,2022-12-18,regular,Washington Wizards,Los Angeles Lakers,WAS@LAL
2022-23,2022-12-19,regular,Charlotte Hornets,Sacramento Kings,CHA@SAC
2022-23,2022-12-19,regular,Dallas Mavericks,Minnesota Timberwolves,DAL@MIN
2022-23,2022-12-19,regular,Los Angeles Lakers,Phoenix Suns,LAL@PHX
2022-23,2022-12-19,regular,Milwaukee Bucks,New Orleans Pelicans,MIL@NOP
2022-23,2022-12-19,regular,Orlando Magic,Atlanta Hawks,ORL@ATL
2022-23,2022-12-19,regular,Portland Trail Blazers,Oklahoma City Thunder,POR@OKC
2022-23,2022-12-19,regular,San Antonio Spurs,Houston Rockets,SAS@HOU
2022-23,2022-12-19,regular,Toronto Raptors,Philadelphia 76ers,TOR@PHI
2022-23,2022-12-19,regular,Utah Jazz,Cleveland Cavaliers,UTA@CLE
2022-23,2022-12-20,regular,Chicago Bulls,Miami Heat,CHI@MIA
2022-23,2022-12-20,regular,Golden State Warriors,New York Knicks,GSW@NYK
2022-23,2022-12-20,regular,Memphis Grizzlies,Denver Nuggets,MEM@DEN
2022-23,2022-12-20,regular,Utah Jazz,Detroit Pistons,UTA@DET
2022-23,2022-12-20,regular,Washington Wizards,Phoenix Suns,WAS@PHX
2022-23,2022-12-21,regular,Charlotte Hornets,LA Clippers,CHA@LAC
2022-23,2022-12-21,regular,Chicago Bulls,Atlanta Hawks,CHI@ATL
2022-23,2022-12-21,regular,Dallas Mavericks,Minnesota Timberwolves,DAL@MIN
2022-23,2022-12-21,regular,Detroit Pistons,Philadelphia 76ers,DET@PHI
2022-23,2022-12-21,regular,Golden State Warriors,Brooklyn Nets,GSW@BKN
2022-23,2022-12-21,regular,Indiana Pacers,Boston Celtics,IND@BOS
2022-23,2022-12-21,regular,Los Angeles Lakers,Sacramento Kings,LAL@SAC
2022-23,2022-12-21,regular,Milwaukee Bucks,Cleveland Cavaliers,MIL@CLE
2022-23,2022-12-21,regular,Orlando Magic,Houston Rockets,ORL@HOU
2022-23,2022-12-21,regular,Portland Trail Blazers,Oklahoma City Thunder,POR@OKC
2022-23,2022-12-21,regular,Toronto Raptors,New York Knicks,TOR@NYK
2022-23,2022-12-22,regular,San Antonio Spurs,New Orleans Pelicans,SAS@NOP
2022-23,2022-12-22,regular,Washington Wizards,Utah Jazz,WAS@UTA
2022-23,2022-12-23,regular,Charlotte Hornets,Los Angeles Lakers,CHA@LAL
2022-23,2022-12-23,regular,Chicago Bulls,New York Knicks,CHI@NYK
2022-23,2022-12-23,regular,Dallas Mavericks,Houston Rockets,DAL@HOU
2022-23,2022-12-23,regular,Detroit Pistons,Atlanta Hawks,DET@ATL
2022-23,2022-12-23,regular,Indiana Pacers,Miami Heat,IND@MIA
2022-23,2022-12-23,regular,LA Clippers,Philadelphia 76ers,LAC@PHI
2022-23,2022-12-23,regular,Memphis Grizzlies,Phoenix Suns,MEM@PHX
2022-23,2022-12-23,regular,Milwaukee Bucks,Brooklyn Nets,MIL@BKN
2022-23,2022-12-23,regular,Minnesota Timberwolves,Boston Celtics,MIN@BOS
2022-23,2022-12-23,regular,New Orleans Pelicans,Oklahoma City Thunder,NOP@OKC
2022-23,2022-12-23,regular,Portland Trail Blazers,Denver Nuggets,POR@DEN
2022-23,2022-12-23,regular,San Antonio Spurs,Orlando Magic,SAS@ORL
2022-23,2022-12-23,regular,Toronto Raptors,Cleveland Cavaliers,TOR@CLE
2022-23,2022-12-23,regular,Washington Wizards,Sacramento Kings,WAS@SAC
2022-23,2022-12-25,regular,Los Angeles Lakers,Dallas Mavericks,LAL@DAL
2022-23,2022-12-25,regular,Memphis Grizzlies,Golden State Warriors,MEM@GSW
2022-23,2022-12-25,regular,Milwaukee Bucks,Boston Celtics,MIL@BOS
2022-23,2022-12-25,regular,Philadelphia 76ers,New York Knicks,PHI@NYK
2022-23,2022-12-25,regular,Phoenix Suns,Denver Nuggets,PHX@DEN
2022-23,2022-12-26,regular,Brooklyn Nets,Cleveland Cavaliers,BKN@CLE
2022-23,2022-12-26,regular,Charlotte Hornets,Portland Trail Blazers,CHA@POR
2022-23,2022-12-26,regular,Houston Rockets,Chicago Bulls,HOU@CHI
2022-23,2022-12-26,regular,Indiana Pacers,New Orleans Pelicans,IND@NOP
2022-23,2022-12-26,regular,LA Clippers,Detroit Pistons,LAC@DET
2022-23,2022-12-26,regular,Minnesota Timberwolves,Miami Heat,MIN@MIA
2022-23,2022-12-26,regular,Utah Jazz,San Antonio Spurs,UTA@SAS
2022-23,2022-12-27,regular,Atlanta Hawks,Indiana Pacers,ATL@IND
2022-23,2022-12-27,regular,Charlotte Hornets,Golden State Warriors,CHA@GSW
2022-23,2022-12-27,regular,Denver Nuggets,Sacramento Kings,DEN@SAC
2022-23,2022-12-27,regular,Houston Rockets,Boston Celtics,HOU@BOS
2022-23,2022-12-27,regular,LA Clippers,Toronto Raptors,LAC@TOR
2022-23,2022-12-27,regular,Los Angeles Lakers,Orlando Magic,LAL@ORL
2022-23,2022-12-27,regular,New York Knicks,Dallas Mavericks,NYK@DAL
2022-23,2022-12-27,regular,Philadelphia 76ers,Washington Wizards,PHI@WAS
2022-23,2022-12-27,regular,Phoenix Suns,Memphis Grizzlies,PHX@MEM
2022-23,2022-12-27,regular,San Antonio Spurs,Oklahoma City Thunder,SAS@OKC
2022-23,2022-12-28,regular,Brooklyn Nets,Atlanta Hawks,BKN@ATL
2022-23,2022-12-28,regular,Denver Nuggets,Sacramento Kings,DEN@SAC
2022-23,2022-12-28,regular,Los Angeles Lakers,Miami Heat,LAL@MIA
2022-23,2022-12-28,regular,Milwaukee Bucks,Chicago Bulls,MIL@CHI
2022-23,2022-12-28,regular,Minnesota Timberwolves,New Orleans Pelicans,MIN@NOP
2022-23,2022-12-28,regular,Orlando Magic,Detroit Pistons,ORL@DET
2022-23,2022-12-28,regular,Phoenix Suns,Washington Wizards,PHX@WAS
2022-23,2022-12-28,regular,Utah Jazz,Golden State Warriors,UTA@GSW
2022-23,2022-12-29,regular,Cleveland Cavaliers,Indiana Pacers,CLE@IND
2022-23,2022-12-29,regular,Houston Rockets,Dallas Mavericks,HOU@DAL
2022-23,2022-12-29,regular,LA Clippers,Boston Celtics,LAC@BOS
2022-23,2022-12-29,regular,Memphis Grizzlies,Toronto Raptors,MEM@TOR
2022-23,2022-12-29,regular,New York Knicks,San Antonio Spurs,NYK@SAS
2022-23,2022-12-29,regular,Oklahoma City Thunder,Charlotte Hornets,OKC@CHA
2022-23,2022-12-30,regular,Detroit Pistons,Chicago Bulls,DET@CHI
2022-23,2022-12-30,regular,Los Angeles Lakers,Atlanta Hawks,LAL@ATL
2022-23,2022-12-30,regular,Miami Heat,Denver Nuggets,MIA@DEN
2022-23,2022-12-30,regular,Minnesota Timberwolves,Milwaukee Bucks,MIN@MIL
2022-23,2022-12-30,regular,Philadelphia 76ers,New Orleans Pelicans,PHI@NOP
2022-23,2022-12-30,regular,Phoenix Suns,Toronto Raptors,PHX@TOR
2022-23,2022-12-30,regular,Portland Trail Blazers,Golden State Warriors,POR@GSW
2022-23,2022-12-30,regular,Utah Jazz,Sacramento Kings,UTA@SAC
2022-23,2022-12-30,regular,Washington Wizards,Orlando Magic,WAS@ORL
2022-23,2022-12-31,regular,Brooklyn Nets,Charlotte Hornets,BKN@CHA
2022-23,2022-12-31,regular,Cleveland Cavaliers,Chicago Bulls,CLE@CHI
2022-23,2022-12-31,regular,Dallas Mavericks,San Antonio Spurs,DAL@SAS
2022-23,2022-12-31,regular,Detroit Pistons,Minnesota Timberwolves,DET@MIN
2022-23,2022-12-31,regular,LA Clippers,Indiana Pacers,LAC@IND
2022-23,2022-12-31,regular,Miami Heat,Utah Jazz,MIA@UTA
2022-23,2022-12-31,regular,New Orleans Pelicans,Memphis Grizzlies,NOP@MEM
2022-23,2022-12-31,regular,New York Knicks,Houston Rockets,NYK@HOU
2022-23,2022-12-31,regular,Philadelphia 76ers,Oklahoma City Thunder,PHI@OKC
2022-23,2023-01-01,regular,Boston Celtics,Denver Nuggets,BOS@DEN
2022-23,2023-01-01,regular,Sacramento Kings,Memphis Grizzlies,SAC@MEM
2022-23,2023-01-01,regular,Washington Wizards,Milwaukee Bucks,WAS@MIL
2022-23,2023-01-02,regular,Atlanta Hawks,Golden State Warriors,ATL@GSW
2022-23,2023-01-02,regular,Chicago Bulls,Cleveland Cavaliers,CHI@CLE
2022-23,2023-01-02,regular,Dallas Mavericks,Houston Rockets,DAL@HOU
2022-23,2023-01-02,regular,Denver Nuggets,Minnesota Timberwolves,DEN@MIN
2022-23,2023-01-02,regular,Detroit Pistons,Portland Trail Blazers,DET@POR
2022-23,2023-01-02,regular,Los Angeles Lakers,Charlotte Hornets,LAL@CHA
2022-23,2023-01-02,regular,Miami Heat,LA Clippers,MIA@LAC
2022-23,2023-01-02,regular,New Orleans Pelicans,Philadelphia 76ers,NOP@PHI
2022-23,2023-01-02,regular,Phoenix Suns,New York Knicks,PHX@NYK
2022-23,2023-01-02,regular,San Antonio Spurs,Brooklyn Nets,SAS@BKN
2022-23,2023-01-02,regular,Toronto Raptors,Indiana Pacers,TOR@IND
2022-23,2023-01-03,regular,Boston Celtics,Oklahoma City Thunder,BOS@OKC
2022-23,2023-01-03,regular,Sacramento Kings,Utah Jazz,SAC@UTA
2022-23,2023-01-03,regular,Washington Wizards,Milwaukee Bucks,WAS@MIL
2022-23,2023-01-04,regular,Atlanta Hawks,Sacramento Kings,ATL@SAC
2022-23,2023-01-04,regular,Brooklyn Nets,Chicago Bulls,BKN@CHI
2022-23,2023-01-04,regular,Detroit Pistons,Golden State Warriors,DET@GSW
2022-23,2023-01-04,regular,Houston Rockets,New Orleans Pelicans,HOU@NOP
2022-23,2023-01-04,regular,Indiana Pacers,Philadelphia 76ers,IND@PHI
2022-23,2023-01-04,regular,Memphis Grizzlies,Charlotte Hornets,MEM@CHA
2022-23,2023-01-04,regular,Miami Heat,Los Angeles Lakers,MIA@LAL
2022-23,2023-01-04,regular,Milwaukee Bucks,Toronto Raptors,MIL@TOR
2022-23,2023-01-04,regular,Oklahoma City Thunder,Orlando Magic,OKC@ORL
2022-23,2023-01-04,regular,Phoenix Suns,Cleveland Cavaliers,PHX@CLE
2022-23,2023-01-04,regular,Portland Trail Blazers,Minnesota Timberwolves,POR@MIN
2022-23,2023-01-04,regular,San Antonio Spurs,New York Knicks,SAS@NYK
2022-23,2023-01-05,regular,Boston Celtics,Dallas Mavericks,BOS@DAL
2022-23,2023-01-05,regular,LA Clippers,Denver Nuggets,LAC@DEN
2022-23,2023-01-05,regular,Memphis Grizzlies,Orlando Magic,MEM@ORL
2022-23,2023-01-05,regular,Utah Jazz,Houston Rockets,UTA@HOU
2022-23,2023-01-06,regular,Atlanta Hawks,Los Angeles Lakers,ATL@LAL
2022-23,2023-01-06,regular,Brooklyn Nets,New Orleans Pelicans,BKN@NOP
2022-23,2023-01-06,regular,Charlotte Hornets,Milwaukee Bucks,CHA@MIL
2022-23,2023-01-06,regular,Chicago Bulls,Philadelphia 76ers,CHI@PHI
2022-23,2023-01-06,regular,Cleveland Cavaliers,Denver Nuggets,CLE@DEN
2022-23,2023-01-06,regular,Detroit Pistons,San Antonio Spurs,DET@SAS
2022-23,2023-01-06,regular,LA Clippers,Minnesota Timberwolves,LAC@MIN
2022-23,2023-01-06,regular,Miami Heat,Phoenix Suns,MIA@PHX
2022-23,2023-01-06,regular,New York Knicks,Toronto Raptors,NYK@TOR
2022-23,2023-01-06,regular,Portland Trail Blazers,Indiana Pacers,POR@IND
2022-23,2023-01-06,regular,Washington Wizards,Oklahoma City Thunder,WAS@OKC
2022-23,2023-01-07,regular,Boston Celtics,San Antonio Spurs,BOS@SAS
2022-23,2023-01-07,regular,Los Angeles Lakers,Sacramento Kings,LAL@SAC
2022-23,2023-01-07,regular,New Orleans Pelicans,Dallas Mavericks,NOP@DAL
2022-23,2023-01-07,regular,Orlando Magic,Golden State Warriors,ORL@GSW
2022-23,2023-01-07,regular,Utah Jazz,Chicago Bulls,UTA@CHI
2022-23,2023-01-08,regular,Atlanta Hawks,LA Clippers,ATL@LAC
2022-23,2023-01-08,regular,Brooklyn Nets,Miami Heat,BKN@MIA
2022-23,2023-01-08,regular,Charlotte Hornets,Indiana Pacers,CHA@IND
2022-23,2023-01-08,regular,Cleveland Cavaliers,Phoenix Suns,CLE@PHX
2022-23,2023-01-08,regular,Dallas Mavericks,Oklahoma City Thunder,DAL@OKC
2022-23,2023-01-08,regular,Minnesota Timberwolves,Houston Rockets,MIN@HOU
2022-23,2023-01-08,regular,Philadelphia 76ers,Detroit Pistons,PHI@DET
2022-23,2023-01-08,regular,Portland Trail Blazers,Toronto Raptors,POR@TOR
2022-23,2023-01-08,regular,Utah Jazz,Memphis Grizzlies,UTA@MEM
2022-23,2023-01-09,regular,Chicago Bulls,Boston Celtics,CHI@BOS
2022-23,2023-01-09,regular,Los Angeles Lakers,Denver Nuggets,LAL@DEN
2022-23,2023-01-09,regular,Milwaukee Bucks,New York Knicks,MIL@NYK
2022-23,2023-01-09,regular,New Orleans Pelicans,Washington Wizards,NOP@WAS
2022-23,2023-01-09,regular,Orlando Magic,Sacramento Kings,ORL@SAC
2022-23,2023-01-09,regular,San Antonio Spurs,Memphis Grizzlies,SAS@MEM
2022-23,2023-01-10,regular,Charlotte Hornets,Toronto Raptors,CHA@TOR
2022-23,2023-01-10,regular,Cleveland Cavaliers,Utah Jazz,CLE@UTA
2022-23,2023-01-10,regular,Dallas Mavericks,LA Clippers,DAL@LAC
2022-23,2023-01-10,regular,Detroit Pistons,Philadelphia 76ers,DET@PHI
2022-23,2023-01-10,regular,Oklahoma City Thunder,Miami Heat,OKC@MIA
2022-23,2023-01-10,regular,Orlando Magic,Portland Trail Blazers,ORL@POR
2022-23,2023-01-10,regular,Phoenix Suns,Golden State Warriors,PHX@GSW
2022-23,2023-01-11,regular,Chicago Bulls,Washington Wizards,CHI@WAS
2022-23,2023-01-11,regular,Houston Rockets,Sacramento Kings,HOU@SAC
2022-23,2023-01-11,regular,Indiana Pacers,New York Knicks,IND@NYK
2022-23,2023-01-11,regular,Milwaukee Bucks,Atlanta Hawks,MIL@ATL
2022-23,2023-01-11,regular,Minnesota Timberwolves,Detroit Pistons,MIN@DET
2022-23,2023-01-11,regular,New Orleans Pelicans,Boston Celtics,NOP@BOS
2022-23,2023-01-11,regular,Phoenix Suns,Denver Nuggets,PHX@DEN
2022-23,2023-01-11,regular,San Antonio Spurs,Memphis Grizzlies,SAS@MEM
2022-23,2023-01-12,regular,Boston Celtics,Brooklyn Nets,BOS@BKN
2022-23,2023-01-12,regular,Charlotte Hornets,Toronto Raptors,CHA@TOR
2022-23,2023-01-12,regular,Cleveland Cavaliers,Portland Trail Blazers,CLE@POR
2022-23,2023-01-12,regular,Dallas Mavericks,Los Angeles Lakers,DAL@LAL
2022-23,2023-01-12,regular,Milwaukee Bucks,Miami Heat,MIL@MIA
2022-23,2023-01-12,regular,Oklahoma City Thunder,Philadelphia 76ers,OKC@PHI
2022-23,2023-01-13,regular,Atlanta Hawks,Indiana Pacers,ATL@IND
2022-23,2023-01-13,regular,Denver Nuggets,LA Clippers,DEN@LAC
2022-23,2023-01-13,regular,Golden State Warriors,San Antonio Spurs,GSW@SAS
2022-23,2023-01-13,regular,Houston Rockets,Sacramento Kings,HOU@SAC
2022-23,2023-01-13,regular,New Orleans Pelicans,Detroit Pistons,NOP@DET
2022-23,2023-01-13,regular,New York Knicks,Washington Wizards,NYK@WAS
2022-23,2023-01-13,regular,Oklahoma City Thunder,Chicago Bulls,OKC@CHI
2022-23,2023-01-13,regular,Orlando Magic,Utah Jazz,ORL@UTA
2022-23,2023-01-13,regular,Phoenix Suns,Minnesota Timberwolves,PHX@MIN
2022-23,2023-01-14,regular,Atlanta Hawks,Toronto Raptors,ATL@TOR
2022-23,2023-01-14,regular,Boston Celtics,Charlotte Hornets,BOS@CHA
2022-23,2023-01-14,regular,Cleveland Cavaliers,Minnesota Timberwolves,CLE@MIN
2022-23,2023-01-14,regular,Dallas Mavericks,Portland Trail Blazers,DAL@POR
2022-23,2023-01-14,regular,Memphis Grizzlies,Indiana Pacers,MEM@IND
2022-23,2023-01-14,regular,Milwaukee Bucks,Miami Heat,MIL@MIA
2022-23,2023-01-14,regular,Philadelphia 76ers,Utah Jazz,PHI@UTA
2022-23,2023-01-15,regular,Dallas Mavericks,Portland Trail Blazers,DAL@POR
2022-23,2023-01-15,regular,Golden State Warriors,Chicago Bulls,GSW@CHI
2022-23,2023-01-15,regular,Houston Rockets,LA Clippers,HOU@LAC
2022-23,2023-01-15,regular,New York Knicks,Detroit Pistons,NYK@DET
2022-23,2023-01-15,regular,Oklahoma City Thunder,Brooklyn Nets,OKC@BKN
2022-23,2023-01-15,regular,Orlando Magic,Denver Nuggets,ORL@DEN
2022-23,2023-01-15,regular,Philadelphia 76ers,Los Angeles Lakers,PHI@LAL
2022-23,2023-01-15,regular,Sacramento Kings,San Antonio Spurs,SAC@SAS
2022-23,2023-01-16,regular,Boston Celtics,Charlotte Hornets,BOS@CHA
2022-23,2023-01-16,regular,Golden State Warriors,Washington Wizards,GSW@WAS
2022-23,2023-01-16,regular,Houston Rockets,Los Angeles Lakers,HOU@LAL
2022-23,2023-01-16,regular,Indiana Pacers,Milwaukee Bucks,IND@MIL
2022-23,2023-01-16,regular,Miami Heat,Atlanta Hawks,MIA@ATL
2022-23,2023-01-16,regular,New Orleans Pelicans,Cleveland Cavaliers,NOP@CLE
2022-23,2023-01-16,regular,Phoenix Suns,Memphis Grizzlies,PHX@MEM
2022-23,2023-01-16,regular,Toronto Raptors,New York Knicks,TOR@NYK
2022-23,2023-01-16,regular,Utah Jazz,Minnesota Timberwolves,UTA@MIN
2022-23,2023-01-17,regular,Brooklyn Nets,San Antonio Spurs,BKN@SAS
2022-23,2023-01-17,regular,Philadelphia 76ers,LA Clippers,PHI@LAC
2022-23,2023-01-17,regular,Portland Trail Blazers,Denver Nuggets,POR@DEN
2022-23,2023-01-17,regular,Toronto Raptors,Milwaukee Bucks,TOR@MIL
2022-23,2023-01-18,regular,Atlanta Hawks,Dallas Mavericks,ATL@DAL
2022-23,2023-01-18,regular,Charlotte Hornets,Houston Rockets,CHA@HOU
2022-23,2023-01-18,regular,Cleveland Cavaliers,Memphis Grizzlies,CLE@MEM
2022-23,2023-01-18,regular,Indiana Pacers,Oklahoma City Thunder,IND@OKC
2022-23,2023-01-18,regular,LA Clippers,Utah Jazz,LAC@UTA
2022-23,2023-01-18,regular,Miami Heat,New Orleans Pelicans,MIA@NOP
2022-23,2023-01-18,regular,Minnesota Timberwolves,Denver Nuggets,MIN@DEN
2022-23,2023-01-18,regular,Sacramento Kings,Los Angeles Lakers,SAC@LAL
2022-23,2023-01-18,regular,Washington Wizards,New York Knicks,WAS@NYK
2022-23,2023-01-19,regular,Brooklyn Nets,Phoenix Suns,BKN@PHX
2022-23,2023-01-19,regular,Chicago Bulls,Detroit Pistons,CHI@DET
2022-23,2023-01-19,regular,Golden State Warriors,Boston Celtics,GSW@BOS
2022-23,2023-01-19,regular,Philadelphia 76ers,Portland Trail Blazers,PHI@POR
2022-23,2023-01-19,regular,Toronto Raptors,Minnesota Timberwolves,TOR@MIN
2022-23,2023-01-20,regular,Brooklyn Nets,Utah Jazz,BKN@UTA
2022-23,2023-01-20,regular,Golden State Warriors,Cleveland Cavaliers,GSW@CLE
2022-23,2023-01-20,regular,Indiana Pacers,Denver Nuggets,IND@DEN
2022-23,2023-01-20,regular,LA Clippers,San Antonio Spurs,LAC@SAS
2022-23,2023-01-20,regular,Memphis Grizzlies,Los Angeles Lakers,MEM@LAL
2022-23,2023-01-20,regular,Miami Heat,Dallas Mavericks,MIA@DAL
2022-23,2023-01-20,regular,New Orleans Pelicans,Orlando Magic,NOP@ORL
2022-23,2023-01-20,regular,New York Knicks,Atlanta Hawks,NYK@ATL
2022-23,2023-01-20,regular,Oklahoma City Thunder,Sacramento Kings,OKC@SAC
2022-23,2023-01-21,regular,Boston Celtics,Toronto Raptors,BOS@TOR
2022-23,2023-01-21,regular,Charlotte Hornets,Atlanta Hawks,CHA@ATL
2022-23,2023-01-21,regular,Houston Rockets,Minnesota Timberwolves,HOU@MIN
2022-23,2023-01-21,regular,Indiana Pacers,Phoenix Suns,IND@PHX
2022-23,2023-01-21,regular,Milwaukee Bucks,Cleveland Cavaliers,MIL@CLE
2022-23,2023-01-21,regular,Orlando Magic,Washington Wizards,ORL@WAS
2022-23,2023-01-21,regular,Philadelphia 76ers,Sacramento Kings,PHI@SAC
2022-23,2023-01-22,regular,Brooklyn Nets,Golden State Warriors,BKN@GSW
2022-23,2023-01-22,regular,LA Clippers,Dallas Mavericks,LAC@DAL
2022-23,2023-01-22,regular,Los Angeles Lakers,Portland Trail Blazers,LAL@POR
2022-23,2023-01-22,regular,Memphis Grizzlies,Phoenix Suns,MEM@PHX
2022-23,2023-01-22,regular,New Orleans Pelicans,Miami Heat,NOP@MIA
2022-23,2023-01-22,regular,New York Knicks,Toronto Raptors,NYK@TOR
2022-23,2023-01-22,regular,Oklahoma City Thunder,Denver Nuggets,OKC@DEN
2022-23,2023-01-23,regular,Atlanta Hawks,Chicago Bulls,ATL@CHI
2022-23,2023-01-23,regular,Boston Celtics,Orlando Magic,BOS@ORL
2022-23,2023-01-23,regular,Charlotte Hornets,Utah Jazz,CHA@UTA
2022-23,2023-01-23,regular,Memphis Grizzlies,Sacramento Kings,MEM@SAC
2022-23,2023-01-23,regular,Milwaukee Bucks,Detroit Pistons,MIL@DET
2022-23,2023-01-23,regular,Minnesota Timberwolves,Houston Rockets,MIN@HOU
2022-23,2023-01-23,regular,San Antonio Spurs,Portland Trail Blazers,SAS@POR
2022-23,2023-01-24,regular,Boston Celtics,Miami Heat,BOS@MIA
2022-23,2023-01-24,regular,Charlotte Hornets,Phoenix Suns,CHA@PHX
2022-23,2023-01-24,regular,Chicago Bulls,Indiana Pacers,CHI@IND
2022-23,2023-01-24,regular,Cleveland Cavaliers,New York Knicks,CLE@NYK
2022-23,2023-01-24,regular,Denver Nuggets,New Orleans Pelicans,DEN@NOP
2022-23,2023-01-24,regular,LA Clippers,Los Angeles Lakers,LAC@LAL
2022-23,2023-01-24,regular,Washington Wizards,Dallas Mavericks,WAS@DAL
2022-23,2023-01-25,regular,Atlanta Hawks,Oklahoma City Thunder,ATL@OKC
2022-23,2023-01-25,regular,Brooklyn Nets,Philadelphia 76ers,BKN@PHI
2022-23,2023-01-25,regular,Denver Nuggets,Milwaukee Bucks,DEN@MIL
2022-23,2023-01-25,regular,Indiana Pacers,Orlando Magic,IND@ORL
2022-23,2023-01-25,regular,Memphis Grizzlies,Golden State Warriors,MEM@GSW
2022-23,2023-01-25,regular,Minnesota Timberwolves,New Orleans Pelicans,MIN@NOP
2022-23,2023-01-25,regular,San Antonio Spurs,Los Angeles Lakers,SAS@LAL
2022-23,2023-01-25,regular,Toronto Raptors,Sacramento Kings,TOR@SAC
2022-23,2023-01-25,regular,Utah Jazz,Portland Trail Blazers,UTA@POR
2022-23,2023-01-25,regular,Washington Wizards,Houston Rockets,WAS@HOU
2022-23,2023-01-26,regular,Chicago Bulls,Charlotte Hornets,CHI@CHA
2022-23,2023-01-26,regular,Cleveland Cavaliers,Houston Rockets,CLE@HOU
2022-23,2023-01-26,regular,Dallas Mavericks,Phoenix Suns,DAL@PHX
2022-23,2023-01-26,regular,Detroit Pistons,Brooklyn Nets,DET@BKN
2022-23,2023-01-26,regular,New York Knicks,Boston Celtics,NYK@BOS
2022-23,2023-01-26,regular,San Antonio Spurs,LA Clippers,SAS@LAC
2022-23,2023-01-27,regular,Cleveland Cavaliers,Oklahoma City Thunder,CLE@OKC
2022-23,2023-01-27,regular,Memphis Grizzlies,Minnesota Timberwolves,MEM@MIN
2022-23,2023-01-27,regular,Milwaukee Bucks,Indiana Pacers,MIL@IND
2022-23,2023-01-27,regular,Orlando Magic,Miami Heat,ORL@MIA
2022-23,2023-01-27,regular,Toronto Raptors,Golden State Warriors,TOR@GSW
2022-23,2023-01-28,regular,Chicago Bulls,Orlando Magic,CHI@ORL
2022-23,2023-01-28,regular,Dallas Mavericks,Utah Jazz,DAL@UTA
2022-23,2023-01-28,regular,Denver Nuggets,Philadelphia 76ers,DEN@PHI
2022-23,2023-01-28,regular,Houston Rockets,Detroit Pistons,HOU@DET
2022-23,2023-01-28,regular,LA Clippers,Atlanta Hawks,LAC@ATL
2022-23,2023-01-28,regular,Los Angeles Lakers,Boston Celtics,LAL@BOS
2022-23,2023-01-28,regular,New York Knicks,Brooklyn Nets,NYK@BKN
2022-23,2023-01-28,regular,Phoenix Suns,San Antonio Spurs,PHX@SAS
2022-23,2023-01-28,regular,Sacramento Kings,Minnesota Timberwolves,SAC@MIN
2022-23,2023-01-28,regular,Toronto Raptors,Portland Trail Blazers,TOR@POR
2022-23,2023-01-28,regular,Washington Wizards,New Orleans Pelicans,WAS@NOP
2022-23,2023-01-29,regular,Indiana Pacers,Memphis Grizzlies,IND@MEM
2022-23,2023-01-29,regular,LA Clippers,Cleveland Cavaliers,LAC@CLE
2022-23,2023-01-29,regular,Miami Heat,Charlotte Hornets,MIA@CHA
2022-23,2023-01-29,regular,New Orleans Pelicans,Milwaukee Bucks,NOP@MIL
2022-23,2023-01-30,regular,Atlanta Hawks,Portland Trail Blazers,ATL@POR
2022-23,2023-01-30,regular,Detroit Pistons,Dallas Mavericks,DET@DAL
2022-23,2023-01-30,regular,Golden State Warriors,Oklahoma City Thunder,GSW@OKC
2022-23,2023-01-30,regular,Los Angeles Lakers,Brooklyn Nets,LAL@BKN
2022-23,2023-01-30,regular,Orlando Magic,Philadelphia 76ers,ORL@PHI
2022-23,2023-01-30,regular,Sacramento Kings,Minnesota Timberwolves,SAC@MIN
2022-23,2023-01-30,regular,Toronto Raptors,Phoenix Suns,TOR@PHX
2022-23,2023-01-30,regular,Washington Wizards,San Antonio Spurs,WAS@SAS
2022-23,2023-01-31,regular,Charlotte Hornets,Milwaukee Bucks,CHA@MIL
2022-23,2023-01-31,regular,LA Clippers,Chicago Bulls,LAC@CHI
2022-23,2023-01-31,regular,Los Angeles Lakers,New York Knicks,LAL@NYK
2022-23,2023-01-31,regular,Miami Heat,Cleveland Cavaliers,MIA@CLE
2022-23,2023-01-31,regular,New Orleans Pelicans,Denver Nuggets,NOP@DEN
2022-23,2023-02-01,regular,Atlanta Hawks,Phoenix Suns,ATL@PHX
2022-23,2023-02-01,regular,Brooklyn Nets,Boston Celtics,BKN@BOS
2022-23,2023-02-01,regular,Golden State Warriors,Minnesota Timberwolves,GSW@MIN
2022-23,2023-02-01,regular,Oklahoma City Thunder,Houston Rockets,OKC@HOU
2022-23,2023-02-01,regular,Orlando Magic,Philadelphia 76ers,ORL@PHI
2022-23,2023-02-01,regular,Portland Trail Blazers,Memphis Grizzlies,POR@MEM
2022-23,2023-02-01,regular,Sacramento Kings,San Antonio Spurs,SAC@SAS
2022-23,2023-02-01,regular,Toronto Raptors,Utah Jazz,TOR@UTA
2022-23,2023-02-02,regular,Charlotte Hornets,Chicago Bulls,CHA@CHI
2022-23,2023-02-02,regular,Golden State Warriors,Denver Nuggets,GSW@DEN
2022-23,2023-02-02,regular,LA Clippers,Milwaukee Bucks,LAC@MIL
2022-23,2023-02-02,regular,Los Angeles Lakers,Indiana Pacers,LAL@IND
2022-23,2023-02-02,regular,Memphis Grizzlies,Cleveland Cavaliers,MEM@CLE
2022-23,2023-02-02,regular,Miami Heat,New York Knicks,MIA@NYK
2022-23,2023-02-02,regular,New Orleans Pelicans,Dallas Mavericks,NOP@DAL
2022-23,2023-02-03,regular,Atlanta Hawks,Utah Jazz,ATL@UTA
2022-23,2023-02-03,regular,Charlotte Hornets,Detroit Pistons,CHA@DET
2022-23,2023-02-03,regular,Orlando Magic,Minnesota Timberwolves,ORL@MIN
2022-23,2023-02-03,regular,Philadelphia 76ers,San Antonio Spurs,PHI@SAS
2022-23,2023-02-03,regular,Phoenix Suns,Boston Celtics,PHX@BOS
2022-23,2023-02-03,regular,Portland Trail Blazers,Washington Wizards,POR@WAS
2022-23,2023-02-03,regular,Sacramento Kings,Indiana Pacers,SAC@IND
2022-23,2023-02-03,regular,Toronto Raptors,Houston Rockets,TOR@HOU
2022-23,2023-02-04,regular,Atlanta Hawks,Denver Nuggets,ATL@DEN
2022-23,2023-02-04,regular,Dallas Mavericks,Golden State Warriors,DAL@GSW
2022-23,2023-02-04,regular,Houston Rockets,Oklahoma City Thunder,HOU@OKC
2022-23,2023-02-04,regular,LA Clippers,New York Knicks,LAC@NYK
2022-23,2023-02-04,regular,Los Angeles Lakers,New Orleans Pelicans,LAL@NOP
2022-23,2023-02-04,regular,Miami Heat,Milwaukee Bucks,MIA@MIL
2022-23,2023-02-04,regular,Phoenix Suns,Detroit Pistons,PHX@DET
2022-23,2023-02-04,regular,Portland Trail Blazers,Chicago Bulls,POR@CHI
2022-23,2023-02-04,regular,Washington Wizards,Brooklyn Nets,WAS@BKN
2022-23,2023-02-05,regular,Cleveland Cavaliers,Indiana Pacers,CLE@IND
2022-23,2023-02-05,regular,Denver Nuggets,Minnesota Timberwolves,DEN@MIN
2022-23,2023-02-05,regular,Orlando Magic,Charlotte Hornets,ORL@CHA
2022-23,2023-02-05,regular,Philadelphia 76ers,New York Knicks,PHI@NYK
2022-23,2023-02-05,regular,Sacramento Kings,New Orleans Pelicans,SAC@NOP
2022-23,2023-02-05,regular,Toronto Raptors,Memphis Grizzlies,TOR@MEM
2022-23,2023-02-06,regular,Boston Celtics,Detroit Pistons,BOS@DET
2022-23,2023-02-06,regular,Cleveland Cavaliers,Washington Wizards,CLE@WAS
2022-23,2023-02-06,regular,Dallas Mavericks,Utah Jazz,DAL@UTA
2022-23,2023-02-06,regular,LA Clippers,Brooklyn Nets,LAC@BKN
2022-23,2023-02-06,regular,Milwaukee Bucks,Portland Trail Blazers,MIL@POR
2022-23,2023-02-06,regular,Oklahoma City Thunder,Golden State Warriors,OKC@GSW
2022-23,2023-02-06,regular,Sacramento Kings,Houston Rockets,SAC@HOU
2022-23,2023-02-06,regular,San Antonio Spurs,Chicago Bulls,SAS@CHI
2022-23,2023-02-07,regular,Atlanta Hawks,New Orleans Pelicans,ATL@NOP
2022-23,2023-02-07,regular,Chicago Bulls,Memphis Grizzlies,CHI@MEM
2022-23,2023-02-07,regular,Minnesota Timberwolves,Denver Nuggets,MIN@DEN
2022-23,2023-02-07,regular,New York Knicks,Orlando Magic,NYK@ORL
2022-23,2023-02-07,regular,Oklahoma City Thunder,Los Angeles Lakers,OKC@LAL
2022-23,2023-02-07,regular,Phoenix Suns,Brooklyn Nets,PHX@BKN
2022-23,2023-02-08,regular,Charlotte Hornets,Washington Wizards,CHA@WAS
2022-23,2023-02-08,regular,Dallas Mavericks,LA Clippers,DAL@LAC
2022-23,2023-02-08,regular,Detroit Pistons,Cleveland Cavaliers,DET@CLE
2022-23,2023-02-08,regular,Golden State Warriors,Portland Trail Blazers,GSW@POR
2022-23,2023-02-08,regular,Indiana Pacers,Miami Heat,IND@MIA
2022-23,2023-02-08,regular,Minnesota Timberwolves,Utah Jazz,MIN@UTA
2022-23,2023-02-08,regular,Philadelphia 76ers,Boston Celtics,PHI@BOS
2022-23,2023-02-08,regular,Sacramento Kings,Houston Rockets,SAC@HOU
2022-23,2023-02-08,regular,San Antonio Spurs,Toronto Raptors,SAS@TOR
2022-23,2023-02-09,regular,Chicago Bulls,Brooklyn Nets,CHI@BKN
2022-23,2023-02-09,regular,Denver Nuggets,Orlando Magic,DEN@ORL
2022-23,2023-02-09,regular,Milwaukee Bucks,Los Angeles Lakers,MIL@LAL
2022-23,2023-02-09,regular,Phoenix Suns,Atlanta Hawks,PHX@ATL
2022-23,2023-02-10,regular,Charlotte Hornets,Boston Celtics,CHA@BOS
2022-23,2023-02-10,regular,Cleveland Cavaliers,New Orleans Pelicans,CLE@NOP
2022-23,2023-02-10,regular,Dallas Mavericks,Sacramento Kings,DAL@SAC
2022-23,2023-02-10,regular,Houston Rockets,Miami Heat,HOU@MIA
2022-23,2023-02-10,regular,Milwaukee Bucks,LA Clippers,MIL@LAC
2022-23,2023-02-10,regular,Minnesota Timberwolves,Memphis Grizzlies,MIN@MEM
2022-23,2023-02-10,regular,New York Knicks,Philadelphia 76ers,NYK@PHI
2022-23,2023-02-10,regular,Oklahoma City Thunder,Portland Trail Blazers,OKC@POR
2022-23,2023-02-10,regular,Phoenix Suns,Indiana Pacers,PHX@IND
2022-23,2023-02-10,regular,San Antonio Spurs,Detroit Pistons,SAS@DET
2022-23,2023-02-10,regular,Utah Jazz,Toronto Raptors,UTA@TOR
2022-23,2023-02-11,regular,Chicago Bulls,Cleveland Cavaliers,CHI@CLE
2022-23,2023-02-11,regular,Dallas Mavericks,Sacramento Kings,DAL@SAC
2022-23,2023-02-11,regular,Denver Nuggets,Charlotte Hornets,DEN@CHA
2022-23,2023-02-11,regular,Indiana Pacers,Washington Wizards,IND@WAS
2022-23,2023-02-11,regular,Los Angeles Lakers,Golden State Warriors,LAL@GSW
2022-23,2023-02-11,regular,Miami Heat,Orlando Magic,MIA@ORL
2022-23,2023-02-11,regular,Philadelphia 76ers,Brooklyn Nets,PHI@BKN
2022-23,2023-02-11,regular,San Antonio Spurs,Atlanta Hawks,SAS@ATL
2022-23,2023-02-11,regular,Utah Jazz,New York Knicks,UTA@NYK
2022-23,2023-02-12,regular,Detroit Pistons,Toronto Raptors,DET@TOR
2022-23,2023-02-12,regular,Memphis Grizzlies,Boston Celtics,MEM@BOS
2022-23,2023-02-13,regular,Atlanta Hawks,Charlotte Hornets,ATL@CHA
2022-23,2023-02-13,regular,Brooklyn Nets,New York Knicks,BKN@NYK
2022-23,2023-02-13,regular,Denver Nuggets,Miami Heat,DEN@MIA
2022-23,2023-02-13,regular,Houston Rockets,Philadelphia 76ers,HOU@PHI
2022-23,2023-02-13,regular,Los Angeles Lakers,Portland Trail Blazers,LAL@POR
2022-23,2023-02-13,regular,Minnesota Timberwolves,Dallas Mavericks,MIN@DAL
2022-23,2023-02-13,regular,New Orleans Pelicans,Oklahoma City Thunder,NOP@OKC
2022-23,2023-02-13,regular,Orlando Magic,Chicago Bulls,ORL@CHI
2022-23,2023-02-13,regular,San Antonio Spurs,Cleveland Cavaliers,SAS@CLE
2022-23,2023-02-13,regular,Utah Jazz,Indiana Pacers,UTA@IND
2022-23,2023-02-13,regular,Washington Wizards,Golden State Warriors,WAS@GSW
2022-23,2023-02-14,regular,Boston Celtics,Milwaukee Bucks,BOS@MIL
2022-23,2023-02-14,regular,Golden State Warriors,LA Clippers,GSW@LAC
2022-23,2023-02-14,regular,Orlando Magic,Toronto Raptors,ORL@TOR
2022-23,2023-02-14,regular,Sacramento Kings,Phoenix Suns,SAC@PHX
2022-23,2023-02-14,regular,Washington Wizards,Portland Trail Blazers,WAS@POR
2022-23,2023-02-15,regular,Chicago Bulls,Indiana Pacers,CHI@IND
2022-23,2023-02-15,regular,Cleveland Cavaliers,Philadelphia 76ers,CLE@PHI
2022-23,2023-02-15,regular,Dallas Mavericks,Denver Nuggets,DAL@DEN
2022-23,2023-02-15,regular,Detroit Pistons,Boston Celtics,DET@BOS
2022-23,2023-02-15,regular,Houston Rockets,Oklahoma City Thunder,HOU@OKC
2022-23,2023-02-15,regular,Miami Heat,Brooklyn Nets,MIA@BKN
2022-23,2023-02-15,regular,New Orleans Pelicans,Los Angeles Lakers,NOP@LAL
2022-23,2023-02-15,regular,New York Knicks,Atlanta Hawks,NYK@ATL
2022-23,2023-02-15,regular,San Antonio Spurs,Charlotte Hornets,SAS@CHA
2022-23,2023-02-15,regular,Utah Jazz,Memphis Grizzlies,UTA@MEM
2022-23,2023-02-16,regular,LA Clippers,Phoenix Suns,LAC@PHX
2022-23,2023-02-16,regular,Milwaukee Bucks,Chicago Bulls,MIL@CHI
2022-23,2023-02-16,regular,Washington Wizards,Minnesota Timberwolves,WAS@MIN
2022-23,2023-02-23,regular,Boston Celtics,Indiana Pacers,BOS@IND
2022-23,2023-02-23,regular,Denver Nuggets,Cleveland Cavaliers,DEN@CLE
2022-23,2023-02-23,regular,Detroit Pistons,Orlando Magic,DET@ORL
2022-23,2023-02-23,regular,Golden State Warriors,Los Angeles Lakers,GSW@LAL
2022-23,2023-02-23,regular,Memphis Grizzlies,Philadelphia 76ers,MEM@PHI
2022-23,2023-02-23,regular,New Orleans Pelicans,Toronto Raptors,NOP@TOR
2022-23,2023-02-23,regular,Oklahoma City Thunder,Utah Jazz,OKC@UTA
2022-23,2023-02-23,regular,Portland Trail Blazers,Sacramento Kings,POR@SAC
2022-23,2023-02-23,regular,San Antonio Spurs,Dallas Mavericks,SAS@DAL
2022-23,2023-02-24,regular,Brooklyn Nets,Chicago Bulls,BKN@CHI
2022-23,2023-02-24,regular,Charlotte Hornets,Minnesota Timberwolves,CHA@MIN
2022-23,2023-02-24,regular,Cleveland Cavaliers,Atlanta Hawks,CLE@ATL
2022-23,2023-02-24,regular,Houston Rockets,Golden State Warriors,HOU@GSW
2022-23,2023-02-24,regular,Miami Heat,Milwaukee Bucks,MIA@MIL
2022-23,2023-02-24,regular,New York Knicks,Washington Wizards,NYK@WAS
2022-23,2023-02-24,regular,Oklahoma City Thunder,Phoenix Suns,OKC@PHX
2022-23,2023-02-24,regular,Sacramento Kings,LA Clippers,SAC@LAC
2022-23,2023-02-25,regular,Boston Celtics,Philadelphia 76ers,BOS@PHI
2022-23,2023-02-25,regular,Denver Nuggets,Memphis Grizzlies,DEN@MEM
2022-23,2023-02-25,regular,Indiana Pacers,Orlando Magic,IND@ORL
2022-23,2023-02-25,regular,Miami Heat,Charlotte Hornets,MIA@CHA
2022-23,2023-02-25,regular,New Orleans Pelicans,New York Knicks,NOP@NYK
2022-23,2023-02-25,regular,San Antonio Spurs,Utah Jazz,SAS@UTA
2022-23,2023-02-25,regular,Toronto Raptors,Detroit Pistons,TOR@DET
2022-23,2023-02-26,regular,Brooklyn Nets,Atlanta Hawks,BKN@ATL
2022-23,2023-02-26,regular,Houston Rockets,Portland Trail Blazers,HOU@POR
2022-23,2023-02-26,regular,LA Clippers,Denver Nuggets,LAC@DEN
2022-23,2023-02-26,regular,Los Angeles Lakers,Dallas Mavericks,LAL@DAL
2022-23,2023-02-26,regular,Minnesota Timberwolves,Golden State Warriors,MIN@GSW
2022-23,2023-02-26,regular,Phoenix Suns,Milwaukee Bucks,PHX@MIL
2022-23,2023-02-26,regular,Sacramento Kings,Oklahoma City Thunder,SAC@OKC
2022-23,2023-02-26,regular,Toronto Raptors,Cleveland Cavaliers,TOR@CLE
2022-23,2023-02-26,regular,Washington Wizards,Chicago Bulls,WAS@CHI
2022-23,2023-02-27,regular,Boston Celtics,New York Knicks,BOS@NYK
2022-23,2023-02-27,regular,Detroit Pistons,Charlotte Hornets,DET@CHA
2022-23,2023-02-27,regular,Miami Heat,Philadelphia 76ers,MIA@PHI
2022-23,2023-02-27,regular,Orlando Magic,New Orleans Pelicans,ORL@NOP
2022-23,2023-02-28,regular,Chicago Bulls,Toronto Raptors,CHI@TOR
2022-23,2023-02-28,regular,Denver Nuggets,Houston Rockets,DEN@HOU
2022-23,2023-02-28,regular,Indiana Pacers,Dallas Mavericks,IND@DAL
2022-23,2023-02-28,regular,Los Angeles Lakers,Memphis Grizzlies,LAL@MEM
2022-23,2023-02-28,regular,Milwaukee Bucks,Brooklyn Nets,MIL@BKN
2022-23,2023-02-28,regular,Minnesota Timberwolves,LA Clippers,MIN@LAC
2022-23,2023-02-28,regular,Portland Trail Blazers,Golden State Warriors,POR@GSW
2022-23,2023-02-28,regular,Sacramento Kings,Oklahoma City Thunder,SAC@OKC
2022-23,2023-02-28,regular,San Antonio Spurs,Utah Jazz,SAS@UTA
2022-23,2023-02-28,regular,Washington Wizards,Atlanta Hawks,WAS@ATL
2022-23,2023-03-01,regular,Brooklyn Nets,New York Knicks,BKN@NYK
2022-23,2023-03-01,regular,Chicago Bulls,Detroit Pistons,CHI@DET
2022-23,2023-03-01,regular,Cleveland Cavaliers,Boston Celtics,CLE@BOS
2022-23,2023-03-01,regular,Los Angeles Lakers,Oklahoma City Thunder,LAL@OKC
2022-23,2023-03-01,regular,Memphis Grizzlies,Houston Rockets,MEM@HOU
2022-23,2023-03-01,regular,New Orleans Pelicans,Portland Trail Blazers,NOP@POR
2022-23,2023-03-01,regular,Orlando Magic,Milwaukee Bucks,ORL@MIL
2022-23,2023-03-01,regular,Philadelphia 76ers,Miami Heat,PHI@MIA
2022-23,2023-03-01,regular,Phoenix Suns,Charlotte Hornets,PHX@CHA
2022-23,2023-03-02,regular,Indiana Pacers,San Antonio Spurs,IND@SAS
2022-23,2023-03-02,regular,LA Clippers,Golden State Warriors,LAC@GSW
2022-23,2023-03-02,regular,Philadelphia 76ers,Dallas Mavericks,PHI@DAL
2022-23,2023-03-02,regular,Toronto Raptors,Washington Wizards,TOR@WAS
2022-23,2023-03-03,regular,Brooklyn Nets,Boston Celtics,BKN@BOS
2022-23,2023-03-03,regular,LA Clippers,Sacramento Kings,LAC@SAC
2022-23,2023-03-03,regular,Memphis Grizzlies,Denver Nuggets,MEM@DEN
2022-23,2023-03-03,regular,Minnesota Timberwolves,Los Angeles Lakers,MIN@LAL
2022-23,2023-03-03,regular,New Orleans Pelicans,Golden State Warriors,NOP@GSW
2022-23,2023-03-03,regular,New York Knicks,Miami Heat,NYK@MIA
2022-23,2023-03-03,regular,Orlando Magic,Charlotte Hornets,ORL@CHA
2022-23,2023-03-03,regular,Phoenix Suns,Chicago Bulls,PHX@CHI
2022-23,2023-03-03,regular,Portland Trail Blazers,Atlanta Hawks,POR@ATL
2022-23,2023-03-03,regular,Utah Jazz,Oklahoma City Thunder,UTA@OKC
2022-23,2023-03-04,regular,Atlanta Hawks,Miami Heat,ATL@MIA
2022-23,2023-03-04,regular,Detroit Pistons,Cleveland Cavaliers,DET@CLE
2022-23,2023-03-04,regular,Houston Rockets,San Antonio Spurs,HOU@SAS
2022-23,2023-03-04,regular,Minnesota Timberwolves,Sacramento Kings,MIN@SAC
2022-23,2023-03-04,regular,Philadelphia 76ers,Milwaukee Bucks,PHI@MIL
2022-23,2023-03-04,regular,Toronto Raptors,Washington Wizards,TOR@WAS
2022-23,2023-03-05,regular,Charlotte Hornets,Brooklyn Nets,CHA@BKN
2022-23,2023-03-05,regular,Golden State Warriors,Los Angeles Lakers,GSW@LAL
2022-23,2023-03-05,regular,Indiana Pacers,Chicago Bulls,IND@CHI
2022-23,2023-03-05,regular,Memphis Grizzlies,LA Clippers,MEM@LAC
2022-23,2023-03-05,regular,Milwaukee Bucks,Washington Wizards,MIL@WAS
2022-23,2023-03-05,regular,New York Knicks,Boston Celtics,NYK@BOS
2022-23,2023-03-05,regular,Phoenix Suns,Dallas Mavericks,PHX@DAL
2022-23,2023-03-05,regular,Portland Trail Blazers,Orlando Magic,POR@ORL
2022-23,2023-03-05,regular,San Antonio Spurs,Houston Rockets,SAS@HOU
2022-23,2023-03-05,regular,Utah Jazz,Oklahoma City Thunder,UTA@OKC
2022-23,2023-03-06,regular,Atlanta Hawks,Miami Heat,ATL@MIA
2022-23,2023-03-06,regular,Boston Celtics,Cleveland Cavaliers,BOS@CLE
2022-23,2023-03-06,regular,New Orleans Pelicans,Sacramento Kings,NOP@SAC
2022-23,2023-03-06,regular,Philadelphia 76ers,Indiana Pacers,PHI@IND
2022-23,2023-03-06,regular,Portland Trail Blazers,Detroit Pistons,POR@DET
2022-23,2023-03-06,regular,Toronto Raptors,Denver Nuggets,TOR@DEN
2022-23,2023-03-07,regular,Brooklyn Nets,Houston Rockets,BKN@HOU
2022-23,2023-03-07,regular,Charlotte Hornets,New York Knicks,CHA@NYK
2022-23,2023-03-07,regular,Golden State Warriors,Oklahoma City Thunder,GSW@OKC
2022-23,2023-03-07,regular,Memphis Grizzlies,Los Angeles Lakers,MEM@LAL
2022-23,2023-03-07,regular,Milwaukee Bucks,Orlando Magic,MIL@ORL
2022-23,2023-03-07,regular,Philadelphia 76ers,Minnesota Timberwolves,PHI@MIN
2022-23,2023-03-07,regular,Utah Jazz,Dallas Mavericks,UTA@DAL
2022-23,2023-03-07,regular,Washington Wizards,Detroit Pistons,WAS@DET
2022-23,2023-03-08,regular,Atlanta Hawks,Washington Wizards,ATL@WAS
2022-23,2023-03-08,regular,Chicago Bulls,Denver Nuggets,CHI@DEN
2022-23,2023-03-08,regular,Cleveland Cavaliers,Miami Heat,CLE@MIA
2022-23,2023-03-08,regular,Dallas Mavericks,New Orleans Pelicans,DAL@NOP
2022-23,2023-03-08,regular,Oklahoma City Thunder,Phoenix Suns,OKC@PHX
2022-23,2023-03-08,regular,Portland Trail Blazers,Boston Celtics,POR@BOS
2022-23,2023-03-08,regular,Toronto Raptors,LA Clippers,TOR@LAC
2022-23,2023-03-09,regular,Brooklyn Nets,Milwaukee Bucks,BKN@MIL
2022-23,2023-03-09,regular,Charlotte Hornets,Detroit Pistons,CHA@DET
2022-23,2023-03-09,regular,Golden State Warriors,Memphis Grizzlies,GSW@MEM
2022-23,2023-03-09,regular,Houston Rockets,Indiana Pacers,HOU@IND
2022-23,2023-03-09,regular,New York Knicks,Sacramento Kings,NYK@SAC
2022-23,2023-03-09,regular,Utah Jazz,Orlando Magic,UTA@ORL
2022-23,2023-03-10,regular,Atlanta Hawks,Washington Wizards,ATL@WAS
2022-23,2023-03-10,regular,Brooklyn Nets,Minnesota Timberwolves,BKN@MIN
2022-23,2023-03-10,regular,Cleveland Cavaliers,Miami Heat,CLE@MIA
2022-23,2023-03-10,regular,Denver Nuggets,San Antonio Spurs,DEN@SAS
2022-23,2023-03-10,regular,Portland Trail Blazers,Philadelphia 76ers,POR@PHI
2022-23,2023-03-10,regular,Toronto Raptors,Los Angeles Lakers,TOR@LAL
2022-23,2023-03-11,regular,Boston Celtics,Atlanta Hawks,BOS@ATL
2022-23,2023-03-11,regular,Chicago Bulls,Houston Rockets,CHI@HOU
2022-23,2023-03-11,regular,Dallas Mavericks,Memphis Grizzlies,DAL@MEM
2022-23,2023-03-11,regular,Indiana Pacers,Detroit Pistons,IND@DET
2022-23,2023-03-11,regular,Miami Heat,Orlando Magic,MIA@ORL
2022-23,2023-03-11,regular,Milwaukee Bucks,Golden State Warriors,MIL@GSW
2022-23,2023-03-11,regular,New York Knicks,LA Clippers,NYK@LAC
2022-23,2023-03-11,regular,Oklahoma City Thunder,New Orleans Pelicans,OKC@NOP
2022-23,2023-03-11,regular,Sacramento Kings,Phoenix Suns,SAC@PHX
2022-23,2023-03-11,regular,Utah Jazz,Charlotte Hornets,UTA@CHA
2022-23,2023-03-12,regular,Brooklyn Nets,Denver Nuggets,BKN@DEN
2022-23,2023-03-12,regular,Cleveland Cavaliers,Charlotte Hornets,CLE@CHA
2022-23,2023-03-12,regular,New York Knicks,Los Angeles Lakers,NYK@LAL
2022-23,2023-03-12,regular,Oklahoma City Thunder,San Antonio Spurs,OKC@SAS
2022-23,2023-03-12,regular,Portland Trail Blazers,New Orleans Pelicans,POR@NOP
2022-23,2023-03-12,regular,Washington Wizards,Philadelphia 76ers,WAS@PHI
2022-23,2023-03-13,regular,Boston Celtics,Houston Rockets,BOS@HOU
2022-23,2023-03-13,regular,Indiana Pacers,Detroit Pistons,IND@DET
2022-23,2023-03-13,regular,Memphis Grizzlies,Dallas Mavericks,MEM@DAL
2022-23,2023-03-13,regular,Milwaukee Bucks,Sacramento Kings,MIL@SAC
2022-23,2023-03-13,regular,Minnesota Timberwolves,Atlanta Hawks,MIN@ATL
2022-23,2023-03-13,regular,Phoenix Suns,Golden State Warriors,PHX@GSW
2022-23,2023-03-13,regular,Utah Jazz,Miami Heat,UTA@MIA
2022-23,2023-03-14,regular,Brooklyn Nets,Oklahoma City Thunder,BKN@OKC
2022-23,2023-03-14,regular,Cleveland Cavaliers,Charlotte Hornets,CLE@CHA
2022-23,2023-03-14,regular,Denver Nuggets,Toronto Raptors,DEN@TOR
2022-23,2023-03-14,regular,Detroit Pistons,Washington Wizards,DET@WAS
2022-23,2023-03-14,regular,Los Angeles Lakers,New Orleans Pelicans,LAL@NOP
2022-23,2023-03-14,regular,Milwaukee Bucks,Phoenix Suns,MIL@PHX
2022-23,2023-03-14,regular,New York Knicks,Portland Trail Blazers,NYK@POR
2022-23,2023-03-14,regular,Orlando Magic,San Antonio Spurs,ORL@SAS
2022-23,2023-03-15,regular,Boston Celtics,Minnesota Timberwolves,BOS@MIN
2022-23,2023-03-15,regular,Dallas Mavericks,San Antonio Spurs,DAL@SAS
2022-23,2023-03-15,regular,Golden State Warriors,LA Clippers,GSW@LAC
2022-23,2023-03-15,regular,Los Angeles Lakers,Houston Rockets,LAL@HOU
2022-23,2023-03-15,regular,Memphis Grizzlies,Miami Heat,MEM@MIA
2022-23,2023-03-15,regular,Philadelphia 76ers,Cleveland Cavaliers,PHI@CLE
2022-23,2023-03-15,regular,Sacramento Kings,Chicago Bulls,SAC@CHI
2022-23,2023-03-16,regular,Denver Nuggets,Detroit Pistons,DEN@DET
2022-23,2023-03-16,regular,Indiana Pacers,Milwaukee Bucks,IND@MIL
2022-23,2023-03-16,regular,Oklahoma City Thunder,Toronto Raptors,OKC@TOR
2022-23,2023-03-16,regular,Orlando Magic,Phoenix Suns,ORL@PHX
2022-23,2023-03-16,regular,Sacramento Kings,Brooklyn Nets,SAC@BKN
2022-23,2023-03-17,regular,Boston Celtics,Portland Trail Blazers,BOS@POR
2022-23,2023-03-17,regular,Dallas Mavericks,Los Angeles Lakers,DAL@LAL
2022-23,2023-03-17,regular,Golden State Warriors,Atlanta Hawks,GSW@ATL
2022-23,2023-03-17,regular,Memphis Grizzlies,San Antonio Spurs,MEM@SAS
2022-23,2023-03-17,regular,Minnesota Timberwolves,Chicago Bulls,MIN@CHI
2022-23,2023-03-17,regular,New Orleans Pelicans,Houston Rockets,NOP@HOU
2022-23,2023-03-17,regular,Philadelphia 76ers,Charlotte Hornets,PHI@CHA
2022-23,2023-03-17,regular,Washington Wizards,Cleveland Cavaliers,WAS@CLE
2022-23,2023-03-18,regular,Boston Celtics,Utah Jazz,BOS@UTA
2022-23,2023-03-18,regular,Denver Nuggets,New York Knicks,DEN@NYK
2022-23,2023-03-18,regular,Golden State Warriors,Memphis Grizzlies,GSW@MEM
2022-23,2023-03-18,regular,Miami Heat,Chicago Bulls,MIA@CHI
2022-23,2023-03-18,regular,Minnesota Timberwolves,Toronto Raptors,MIN@TOR
2022-23,2023-03-18,regular,Orlando Magic,LA Clippers,ORL@LAC
2022-23,2023-03-18,regular,Philadelphia 76ers,Indiana Pacers,PHI@IND
2022-23,2023-03-18,regular,Sacramento Kings,Washington Wizards,SAC@WAS
2022-23,2023-03-19,regular,Atlanta Hawks,San Antonio Spurs,ATL@SAS
2022-23,2023-03-19,regular,Denver Nuggets,Brooklyn Nets,DEN@BKN
2022-23,2023-03-19,regular,LA Clippers,Portland Trail Blazers,LAC@POR
2022-23,2023-03-19,regular,Miami Heat,Detroit Pistons,MIA@DET
2022-23,2023-03-19,regular,New Orleans Pelicans,Houston Rockets,NOP@HOU
2022-23,2023-03-19,regular,Orlando Magic,Los Angeles Lakers,ORL@LAL
2022-23,2023-03-19,regular,Phoenix Suns,Oklahoma City Thunder,PHX@OKC
2022-23,2023-03-19,regular,Toronto Raptors,Milwaukee Bucks,TOR@MIL
2022-23,2023-03-20,regular,Chicago Bulls,Philadelphia 76ers,CHI@PHI
2022-23,2023-03-20,regular,Dallas Mavericks,Memphis Grizzlies,DAL@MEM
2022-23,2023-03-20,regular,Golden State Warriors,Houston Rockets,GSW@HOU
2022-23,2023-03-20,regular,Indiana Pacers,Charlotte Hornets,IND@CHA
2022-23,2023-03-20,regular,Minnesota Timberwolves,New York Knicks,MIN@NYK
2022-23,2023-03-20,regular,Sacramento Kings,Utah Jazz,SAC@UTA
2022-23,2023-03-21,regular,Boston Celtics,Sacramento Kings,BOS@SAC
2022-23,2023-03-21,regular,Cleveland Cavaliers,Brooklyn Nets,CLE@BKN
2022-23,2023-03-21,regular,Detroit Pistons,Atlanta Hawks,DET@ATL
2022-23,2023-03-21,regular,Oklahoma City Thunder,LA Clippers,OKC@LAC
2022-23,2023-03-21,regular,San Antonio Spurs,New Orleans Pelicans,SAS@NOP
2022-23,2023-03-21,regular,Washington Wizards,Orlando Magic,WAS@ORL
2022-23,2023-03-22,regular,Atlanta Hawks,Minnesota Timberwolves,ATL@MIN
2022-23,2023-03-22,regular,Denver Nuggets,Washington Wizards,DEN@WAS
2022-23,2023-03-22,regular,Golden State Warriors,Dallas Mavericks,GSW@DAL
2022-23,2023-03-22,regular,Houston Rockets,Memphis Grizzlies,HOU@MEM
2022-23,2023-03-22,regular,Indiana Pacers,Toronto Raptors,IND@TOR
2022-23,2023-03-22,regular,New York Knicks,Miami Heat,NYK@MIA
2022-23,2023-03-22,regular,Philadelphia 76ers,Chicago Bulls,PHI@CHI
2022-23,2023-03-22,regular,Phoenix Suns,Los Angeles Lakers,PHX@LAL
2022-23,2023-03-22,regular,Portland Trail Blazers,Utah Jazz,POR@UTA
2022-23,2023-03-22,regular,San Antonio Spurs,Milwaukee Bucks,SAS@MIL
2022-23,2023-03-23,regular,Charlotte Hornets,New Orleans Pelicans,CHA@NOP
2022-23,2023-03-23,regular,Cleveland Cavaliers,Brooklyn Nets,CLE@BKN
2022-23,2023-03-23,regular,New York Knicks,Orlando Magic,NYK@ORL
2022-23,2023-03-23,regular,Oklahoma City Thunder,LA Clippers,OKC@LAC
2022-23,2023-03-24,regular,Charlotte Hornets,Dallas Mavericks,CHA@DAL
2022-23,2023-03-24,regular,Chicago Bulls,Portland Trail Blazers,CHI@POR
2022-23,2023-03-24,regular,Detroit Pistons,Toronto Raptors,DET@TOR
2022-23,2023-03-24,regular,Houston Rockets,Memphis Grizzlies,HOU@MEM
2022-23,2023-03-24,regular,Indiana Pacers,Boston Celtics,IND@BOS
2022-23,2023-03-24,regular,Milwaukee Bucks,Utah Jazz,MIL@UTA
2022-23,2023-03-24,regular,Oklahoma City Thunder,Los Angeles Lakers,OKC@LAL
2022-23,2023-03-24,regular,Philadelphia 76ers,Golden State Warriors,PHI@GSW
2022-23,2023-03-24,regular,Phoenix Suns,Sacramento Kings,PHX@SAC
2022-23,2023-03-24,regular,San Antonio Spurs,Washington Wizards,SAS@WAS
2022-23,2023-03-25,regular,Brooklyn Nets,Miami Heat,BKN@MIA
2022-23,2023-03-25,regular,Indiana Pacers,Atlanta Hawks,IND@ATL
2022-23,2023-03-25,regular,Milwaukee Bucks,Denver Nuggets,MIL@DEN
2022-23,2023-03-25,regular,New Orleans Pelicans,LA Clippers,NOP@LAC
2022-23,2023-03-25,regular,Philadelphia 76ers,Phoenix Suns,PHI@PHX
2022-23,2023-03-25,regular,Utah Jazz,Sacramento Kings,UTA@SAC
2022-23,2023-03-26,regular,Brooklyn Nets,Orlando Magic,BKN@ORL
2022-23,2023-03-26,regular,Chicago Bulls,Los Angeles Lakers,CHI@LAL
2022-23,2023-03-26,regular,Dallas Mavericks,Charlotte Hornets,DAL@CHA
2022-23,2023-03-26,regular,Houston Rockets,Cleveland Cavaliers,HOU@CLE
2022-23,2023-03-26,regular,Memphis Grizzlies,Atlanta Hawks,MEM@ATL
2022-23,2023-03-26,regular,Minnesota Timberwolves,Golden State Warriors,MIN@GSW
2022-23,2023-03-26,regular,Oklahoma City Thunder,Portland Trail Blazers,OKC@POR
2022-23,2023-03-26,regular,San Antonio Spurs,Boston Celtics,SAS@BOS
2022-23,2023-03-26,regular,Washington Wizards,Toronto Raptors,WAS@TOR
2022-23,2023-03-27,regular,Chicago Bulls,LA Clippers,CHI@LAC
2022-23,2023-03-27,regular,Dallas Mavericks,Indiana Pacers,DAL@IND
2022-23,2023-03-27,regular,Houston Rockets,New York Knicks,HOU@NYK
2022-23,2023-03-27,regular,Milwaukee Bucks,Detroit Pistons,MIL@DET
2022-23,2023-03-27,regular,Minnesota Timberwolves,Sacramento Kings,MIN@SAC
2022-23,2023-03-27,regular,New Orleans Pelicans,Portland Trail Blazers,NOP@POR
2022-23,2023-03-27,regular,Philadelphia 76ers,Denver Nuggets,PHI@DEN
2022-23,2023-03-27,regular,Phoenix Suns,Utah Jazz,PHX@UTA
2022-23,2023-03-28,regular,Boston Celtics,Washington Wizards,BOS@WAS
2022-23,2023-03-28,regular,Charlotte Hornets,Oklahoma City Thunder,CHA@OKC
2022-23,2023-03-28,regular,Cleveland Cavaliers,Atlanta Hawks,CLE@ATL
2022-23,2023-03-28,regular,Miami Heat,Toronto Raptors,MIA@TOR
2022-23,2023-03-28,regular,New Orleans Pelicans,Golden State Warriors,NOP@GSW
2022-23,2023-03-28,regular,Orlando Magic,Memphis Grizzlies,ORL@MEM
2022-23,2023-03-29,regular,Dallas Mavericks,Philadelphia 76ers,DAL@PHI
2022-23,2023-03-29,regular,Detroit Pistons,Oklahoma City Thunder,DET@OKC
2022-23,2023-03-29,regular,Houston Rockets,Brooklyn Nets,HOU@BKN
2022-23,2023-03-29,regular,LA Clippers,Memphis Grizzlies,LAC@MEM
2022-23,2023-03-29,regular,Los Angeles Lakers,Chicago Bulls,LAL@CHI
2022-23,2023-03-29,regular,Miami Heat,New York Knicks,MIA@NYK
2022-23,2023-03-29,regular,Milwaukee Bucks,Indiana Pacers,MIL@IND
2022-23,2023-03-29,regular,Minnesota Timberwolves,Phoenix Suns,MIN@PHX
2022-23,2023-03-29,regular,Sacramento Kings,Portland Trail Blazers,SAC@POR
2022-23,2023-03-29,regular,Utah Jazz,San Antonio Spurs,UTA@SAS
2022-23,2023-03-30,regular,Boston Celtics,Milwaukee Bucks,BOS@MIL
2022-23,2023-03-30,regular,New Orleans Pelicans,Denver Nuggets,NOP@DEN
2022-23,2023-03-31,regular,Atlanta Hawks,Brooklyn Nets,ATL@BKN
2022-23,2023-03-31,regular,Chicago Bulls,Charlotte Hornets,CHI@CHA
2022-23,2023-03-31,regular,Denver Nuggets,Phoenix Suns,DEN@PHX
2022-23,2023-03-31,regular,Detroit Pistons,Houston Rockets,DET@HOU
2022-23,2023-03-31,regular,LA Clippers,Memphis Grizzlies,LAC@MEM
2022-23,2023-03-31,regular,Los Angeles Lakers,Minnesota Timberwolves,LAL@MIN
2022-23,2023-03-31,regular,New York Knicks,Cleveland Cavaliers,NYK@CLE
2022-23,2023-03-31,regular,Oklahoma City Thunder,Indiana Pacers,OKC@IND
2022-23,2023-03-31,regular,Orlando Magic,Washington Wizards,ORL@WAS
2022-23,2023-03-31,regular,Sacramento Kings,Portland Trail Blazers,SAC@POR
2022-23,2023-03-31,regular,San Antonio Spurs,Golden State Warriors,SAS@GSW
2022-23,2023-03-31,regular,Toronto Raptors,Philadelphia 76ers,TOR@PHI
2022-23,2023-03-31,regular,Utah Jazz,Boston Celtics,UTA@BOS
2022-23,2023-04-01,regular,Dallas Mavericks,Miami Heat,DAL@MIA
2022-23,2023-04-01,regular,LA Clippers,New Orleans Pelicans,LAC@NOP
2022-23,2023-04-02,regular,Dallas Mavericks,Atlanta Hawks,DAL@ATL
2022-23,2023-04-02,regular,Detroit Pistons,Orlando Magic,DET@ORL
2022-23,2023-04-02,regular,Golden State Warriors,Denver Nuggets,GSW@DEN
2022-23,2023-04-02,regular,Indiana Pacers,Cleveland Cavaliers,IND@CLE
2022-23,2023-04-02,regular,Los Angeles Lakers,Houston Rockets,LAL@HOU
2022-23,2023-04-02,regular,Memphis Grizzlies,Chicago Bulls,MEM@CHI
2022-23,2023-04-02,regular,Philadelphia 76ers,Milwaukee Bucks,PHI@MIL
2022-23,2023-04-02,regular,Phoenix Suns,Oklahoma City Thunder,PHX@OKC
2022-23,2023-04-02,regular,Portland Trail Blazers,Minnesota Timberwolves,POR@MIN
2022-23,2023-04-02,regular,San Antonio Spurs,Sacramento Kings,SAS@SAC
2022-23,2023-04-02,regular,Toronto Raptors,Charlotte Hornets,TOR@CHA
2022-23,2023-04-02,regular,Utah Jazz,Brooklyn Nets,UTA@BKN
2022-23,2023-04-02,regular,Washington Wizards,New York Knicks,WAS@NYK
2022-23,2023-04-04,regular,Atlanta Hawks,Chicago Bulls,ATL@CHI
2022-23,2023-04-04,regular,Boston Celtics,Philadelphia 76ers,BOS@PHI
2022-23,2023-04-04,regular,Cleveland Cavaliers,Orlando Magic,CLE@ORL
2022-23,2023-04-04,regular,Denver Nuggets,Houston Rockets,DEN@HOU
2022-23,2023-04-04,regular,Los Angeles Lakers,Utah Jazz,LAL@UTA
2022-23,2023-04-04,regular,Miami Heat,Detroit Pistons,MIA@DET
2022-23,2023-04-04,regular,Milwaukee Bucks,Washington Wizards,MIL@WAS
2022-23,2023-04-04,regular,Minnesota Timberwolves,Brooklyn Nets,MIN@BKN
2022-23,2023-04-04,regular,Oklahoma City Thunder,Golden State Warriors,OKC@GSW
2022-23,2023-04-04,regular,Portland Trail Blazers,Memphis Grizzlies,POR@MEM
2022-23,2023-04-04,regular,Sacramento Kings,New Orleans Pelicans,SAC@NOP
2022-23,2023-04-04,regular,San Antonio Spurs,Phoenix Suns,SAS@PHX
2022-23,2023-04-04,regular,Toronto Raptors,Charlotte Hornets,TOR@CHA
2022-23,2023-04-05,regular,Brooklyn Nets,Detroit Pistons,BKN@DET
2022-23,2023-04-05,regular,Chicago Bulls,Milwaukee Bucks,CHI@MIL
2022-23,2023-04-05,regular,Los Angeles Lakers,LA Clippers,LAL@LAC
2022-23,2023-04-05,regular,Memphis Grizzlies,New Orleans Pelicans,MEM@NOP
2022-23,2023-04-05,regular,New York Knicks,Indiana Pacers,NYK@IND
2022-23,2023-04-05,regular,Sacramento Kings,Dallas Mavericks,SAC@DAL
2022-23,2023-04-05,regular,Toronto Raptors,Boston Celtics,TOR@BOS
2022-23,2023-04-05,regular,Washington Wizards,Atlanta Hawks,WAS@ATL
2022-23,2023-04-06,regular,Cleveland Cavaliers,Orlando Magic,CLE@ORL
2022-23,2023-04-06,regular,Denver Nuggets,Phoenix Suns,DEN@PHX
2022-23,2023-04-06,regular,Miami Heat,Philadelphia 76ers,MIA@PHI
2022-23,2023-04-06,regular,Oklahoma City Thunder,Utah Jazz,OKC@UTA
2022-23,2023-04-06,regular,Portland Trail Blazers,San Antonio Spurs,POR@SAS
2022-23,2023-04-07,regular,Chicago Bulls,Dallas Mavericks,CHI@DAL
2022-23,2023-04-07,regular,Detroit Pistons,Indiana Pacers,DET@IND
2022-23,2023-04-07,regular,Golden State Warriors,Sacramento Kings,GSW@SAC
2022-23,2023-04-07,regular,Houston Rockets,Charlotte Hornets,HOU@CHA
2022-23,2023-04-07,regular,Memphis Grizzlies,Milwaukee Bucks,MEM@MIL
2022-23,2023-04-07,regular,Miami Heat,Washington Wizards,MIA@WAS
2022-23,2023-04-07,regular,New York Knicks,New Orleans Pelicans,NYK@NOP
2022-23,2023-04-07,regular,Orlando Magic,Brooklyn Nets,ORL@BKN
2022-23,2023-04-07,regular,Philadelphia 76ers,Atlanta Hawks,PHI@ATL
2022-23,2023-04-07,regular,Phoenix Suns,Los Angeles Lakers,PHX@LAL
2022-23,2023-04-07,regular,Toronto Raptors,Boston Celtics,TOR@BOS
2022-23,2023-04-08,regular,Denver Nuggets,Utah Jazz,DEN@UTA
2022-23,2023-04-08,regular,Minnesota Timberwolves,San Antonio Spurs,MIN@SAS
2022-23,2023-04-08,regular,Portland Trail Blazers,LA Clippers,POR@LAC
2022-23,2023-04-09,regular,Atlanta Hawks,Boston Celtics,ATL@BOS
2022-23,2023-04-09,regular,Charlotte Hornets,Cleveland Cavaliers,CHA@CLE
2022-23,2023-04-09,regular,Detroit Pistons,Chicago Bulls,DET@CHI
2022-23,2023-04-09,regular,Golden State Warriors,Portland Trail Blazers,GSW@POR
2022-23,2023-04-09,regular,Houston Rockets,Washington Wizards,HOU@WAS
2022-23,2023-04-09,regular,Indiana Pacers,New York Knicks,IND@NYK
2022-23,2023-04-09,regular,LA Clippers,Phoenix Suns,LAC@PHX
2022-23,2023-04-09,regular,Memphis Grizzlies,Oklahoma City Thunder,MEM@OKC
2022-23,2023-04-09,regular,Milwaukee Bucks,Toronto Raptors,MIL@TOR
2022-23,2023-04-09,regular,New Orleans Pelicans,Minnesota Timberwolves,NOP@MIN
2022-23,2023-04-09,regular,Orlando Magic,Miami Heat,ORL@MIA
2022-23,2023-04-09,regular,Philadelphia 76ers,Brooklyn Nets,PHI@BKN
2022-23,2023-04-09,regular,Sacramento Kings,Denver Nuggets,SAC@DEN
2022-23,2023-04-09,regular,San Antonio Spurs,Dallas Mavericks,SAS@DAL
2022-23,2023-04-09,regular,Utah Jazz,Los Angeles Lakers,UTA@LAL
2022-23,2023-04-11,play_in,Atlanta Hawks,Miami Heat,ATL@MIA
2022-23,2023-04-11,play_in,Minnesota Timberwolves,Los Angeles Lakers,MIN@LAL
2022-23,2023-04-12,play_in,Chicago Bulls,Toronto Raptors,CHI@TOR
2022-23,2023-04-12,play_in,Oklahoma City Thunder,New Orleans Pelicans,OKC@NOP
2022-23,2023-04-14,play_in,Chicago Bulls,Miami Heat,CHI@MIA
2022-23,2023-04-14,play_in,Oklahoma City Thunder,Minnesota Timberwolves,OKC@MIN
2022-23,2023-04-15,playoffs,Atlanta Hawks,Boston Celtics,ATL@BOS
2022-23,2023-04-15,playoffs,Brooklyn Nets,Philadelphia 76ers,BKN@PHI
2022-23,2023-04-15,playoffs,Golden State Warriors,Sacramento Kings,GSW@SAC
2022-23,2023-04-15,playoffs,New York Knicks,Cleveland Cavaliers,NYK@CLE
2022-23,2023-04-16,playoffs,LA Clippers,Phoenix Suns,LAC@PHX
2022-23,2023-04-16,playoffs,Los Angeles Lakers,Memphis Grizzlies,LAL@MEM
2022-23,2023-04-16,playoffs,Miami Heat,Milwaukee Bucks,MIA@MIL
2022-23,2023-04-16,playoffs,Minnesota Timberwolves,Denver Nuggets,MIN@DEN
2022-23,2023-04-17,playoffs,Brooklyn Nets,Philadelphia 76ers,BKN@PHI
2022-23,2023-04-17,playoffs,Golden State Warriors,Sacramento Kings,GSW@SAC
2022-23,2023-04-18,playoffs,Atlanta Hawks,Boston Celtics,ATL@BOS
2022-23,2023-04-18,playoffs,LA Clippers,Phoenix Suns,LAC@PHX
2022-23,2023-04-18,playoffs,New York Knicks,Cleveland Cavaliers,NYK@CLE
2022-23,2023-04-19,playoffs,Los Angeles Lakers,Memphis Grizzlies,LAL@MEM
2022-23,2023-04-19,playoffs,Miami Heat,Milwaukee Bucks,MIA@MIL
2022-23,2023-04-19,playoffs,Minnesota Timberwolves,Denver Nuggets,MIN@DEN
2022-23,2023-04-20,playoffs,Philadelphia 76ers,Brooklyn Nets,PHI@BKN
2022-23,2023-04-20,playoffs,Phoenix Suns,LA Clippers,PHX@LAC
2022-23,2023-04-20,playoffs,Sacramento Kings,Golden State Warriors,SAC@GSW
2022-23,2023-04-21,playoffs,Boston Celtics,Atlanta Hawks,BOS@ATL
2022-23,2023-04-21,playoffs,Cleveland Cavaliers,New York Knicks,CLE@NYK
2022-23,2023-04-21,playoffs,Denver Nuggets,Minnesota Timberwolves,DEN@MIN
2022-23,2023-04-22,playoffs,Memphis Grizzlies,Los Angeles Lakers,MEM@LAL
2022-23,2023-04-22,playoffs,Milwaukee Bucks,Miami Heat,MIL@MIA
2022-23,2023-04-22,playoffs,Philadelphia 76ers,Brooklyn Nets,PHI@BKN
2022-23,2023-04-22,playoffs,Phoenix Suns,LA Clippers,PHX@LAC
2022-23,2023-04-23,playoffs,Boston Celtics,Atlanta Hawks,BOS@ATL
2022-23,2023-04-23,playoffs,Cleveland Cavaliers,New York Knicks,CLE@NYK
2022-23,2023-04-23,playoffs,Denver Nuggets,Minnesota Timberwolves,DEN@MIN
2022-23,2023-04-23,playoffs,Sacramento Kings,Golden State Warriors,SAC@GSW
2022-23,2023-04-24,playoffs,Memphis Grizzlies,Los Angeles Lakers,MEM@LAL
2022-23,2023-04-24,playoffs,Milwaukee Bucks,Miami Heat,MIL@MIA
2022-23,2023-04-25,playoffs,Atlanta Hawks,Boston Celtics,ATL@BOS
2022-23,2023-04-25,playoffs,LA Clippers,Phoenix Suns,LAC@PHX
2022-23,2023-04-25,playoffs,Minnesota Timberwolves,Denver Nuggets,MIN@DEN
2022-23,2023-04-26,playoffs,Golden State Warriors,Sacramento Kings,GSW@SAC
2022-23,2023-04-26,playoffs,Los Angeles Lakers,Memphis Grizzlies,LAL@MEM
2022-23,2023-04-26,playoffs,Miami Heat,Milwaukee Bucks,MIA@MIL
2022-23,2023-04-26,playoffs,New York Knicks,Cleveland Cavaliers,NYK@CLE
2022-23,2023-04-27,playoffs,Boston Celtics,Atlanta Hawks,BOS@ATL
2022-23,2023-04-28,playoffs,Memphis Grizzlies,Los Angeles Lakers,MEM@LAL
2022-23,2023-04-28,playoffs,Sacramento Kings,Golden State Warriors,SAC@GSW
2022-23,2023-04-29,playoffs,Phoenix Suns,Denver Nuggets,PHX@DEN
2022-23,2023-04-30,playoffs,Golden State Warriors,Sacramento Kings,GSW@SAC
2022-23,2023-04-30,playoffs,Miami Heat,New York Knicks,MIA@NYK
2022-23,2023-05-01,playoffs,Philadelphia 76ers,Boston Celtics,PHI@BOS
2022-23,2023-05-01,playoffs,Phoenix Suns,Denver Nuggets,PHX@DEN
2022-23,2023-05-02,playoffs,Los Angeles Lakers,Golden State Warriors,LAL@GSW
2022-23,2023-05-02,playoffs,Miami Heat,New York Knicks,MIA@NYK
2022-23,2023-05-03,playoffs,Philadelphia 76ers,Boston Celtics,PHI@BOS
2022-23,2023-05-04,playoffs,Los Angeles Lakers,Golden State Warriors,LAL@GSW
2022-23,2023-05-05,playoffs,Boston Celtics,Philadelphia 76ers,BOS@PHI
2022-23,2023-05-05,playoffs,Denver Nuggets,Phoenix Suns,DEN@PHX
2022-23,2023-05-06,playoffs,Golden State Warriors,Los Angeles Lakers,GSW@LAL
2022-23,2023-05-06,playoffs,New York Knicks,Miami Heat,NYK@MIA
2022-23,2023-05-07,playoffs,Boston Celtics,Philadelphia 76ers,BOS@PHI
2022-23,2023-05-07,playoffs,Denver Nuggets,Phoenix Suns,DEN@PHX
2022-23,2023-05-08,playoffs,Golden State Warriors,Los Angeles Lakers,GSW@LAL
2022-23,2023-05-08,playoffs,New York Knicks,Miami Heat,NYK@MIA
2022-23,2023-05-09,playoffs,Philadelphia 76ers,Boston Celtics,PHI@BOS
2022-23,2023-05-09,playoffs,Phoenix Suns,Denver Nuggets,PHX@DEN
2022-23,2023-05-10,playoffs,Los Angeles Lakers,Golden State Warriors,LAL@GSW
2022-23,2023-05-10,playoffs,Miami Heat,New York Knicks,MIA@NYK
2022-23,2023-05-11,playoffs,Boston Celtics,Philadelphia 76ers,BOS@PHI
2022-23,2023-05-11,playoffs,Denver Nuggets,Phoenix Suns,DEN@PHX
2022-23,2023-05-12,playoffs,Golden State Warriors,Los Angeles Lakers,GSW@LAL
2022-23,2023-05-12,playoffs,New York Knicks,Miami Heat,NYK@MIA
2022-23,2023-05-14,playoffs,Philadelphia 76ers,Boston Celtics,PHI@BOS
2022-23,2023-05-16,playoffs,Los Angeles Lakers,Denver Nuggets,LAL@DEN
2022-23,2023-05-17,playoffs,Miami Heat,Boston Celtics,MIA@BOS
2022-23,2023-05-18,playoffs,Los Angeles Lakers,Denver Nuggets,LAL@DEN
2022-23,2023-05-19,playoffs,Miami Heat,Boston Celtics,MIA@BOS
2022-23,2023-05-20,playoffs,Denver Nuggets,Los Angeles Lakers,DEN@LAL
2022-23,2023-05-21,playoffs,Boston Celtics,Miami Heat,BOS@MIA
2022-23,2023-05-22,playoffs,Denver Nuggets,Los Angeles Lakers,DEN@LAL
2022-23,2023-05-23,playoffs,Boston Celtics,Miami Heat,BOS@MIA
2022-23,2023-05-25,playoffs,Miami Heat,Boston Celtics,MIA@BOS
2022-23,2023-05-27,playoffs,Boston Celtics,Miami Heat,BOS@MIA
2022-23,2023-05-29,playoffs,Miami Heat,Boston Celtics,MIA@BOS
2022-23,2023-06-01,playoffs,Miami Heat,Denver Nuggets,MIA@DEN
2022-23,2023-06-04,playoffs,Miami Heat,Denver Nuggets,MIA@DEN
2022-23,2023-06-07,playoffs,Denver Nuggets,Miami Heat,DEN@MIA
2022-23,2023-06-09,playoffs,Denver Nuggets,Miami Heat,DEN@MIA
2022-23,2023-06-12,playoffs,Miami Heat,Denver Nuggets,MIA@DEN
2023-24,2023-10-05,preseason,Dallas Mavericks,Minnesota Timberwolves,DAL@MIN
2023-24,2023-10-07,preseason,Los Angeles Lakers,Golden State Warriors,LAL@GSW
2023-24,2023-10-07,preseason,Minnesota Timberwolves,Dallas Mavericks,MIN@DAL
2023-24,2023-10-08,preseason,Chicago Bulls,Milwaukee Bucks,CHI@MIL
2023-24,2023-10-08,preseason,Indiana Pacers,Memphis Grizzlies,IND@MEM
2023-24,2023-10-08,preseason,Philadelphia 76ers,Boston Celtics,PHI@BOS
2023-24,2023-10-08,preseason,Phoenix Suns,Detroit Pistons,PHX@DET
2023-24,2023-10-08,preseason,Sacramento Kings,Toronto Raptors,SAC@TOR
2023-24,2023-10-08,preseason,Utah Jazz,LA Clippers,UTA@LAC
2023-24,2023-10-09,preseason,Brooklyn Nets,Los Angeles Lakers,BKN@LAL
2023-24,2023-10-09,preseason,Boston Celtics,New York Knicks,BOS@NYK
2023-24,2023-10-09,preseason,San Antonio Spurs,Oklahoma City Thunder,SAS@OKC
2023-24,2023-10-10,preseason,Charlotte Hornets,Miami Heat,CHA@MIA
2023-24,2023-10-10,preseason,Cleveland Cavaliers,Atlanta Hawks,CLE@ATL
2023-24,2023-10-10,preseason,Denver Nuggets,Phoenix Suns,DEN@PHX
2023-24,2023-10-10,preseason,Indiana Pacers,Houston Rockets,IND@HOU
2023-24,2023-10-10,preseason,Milwaukee Bucks,Memphis Grizzlies,MIL@MEM
2023-24,2023-10-10,preseason,Orlando Magic,New Orleans Pelicans,ORL@NOP
2023-24,2023-10-10,preseason,Utah Jazz,LA Clippers,UTA@LAC
2023-24,2023-10-11,preseason,Boston Celtics,Philadelphia 76ers,BOS@PHI
2023-24,2023-10-11,preseason,Sacramento Kings,Los Angeles Lakers,SAC@LAL
2023-24,2023-10-12,preseason,Charlotte Hornets,Washington Wizards,CHA@WAS
2023-24,2023-10-12,preseason,Denver Nuggets,Chicago Bulls,DEN@CHI
2023-24,2023-10-12,preseason,Detroit Pistons,Oklahoma City Thunder,DET@OKC
2023-24,2023-10-12,preseason,Houston Rockets,New Orleans Pelicans,HOU@NOP
2023-24,2023-10-12,preseason,Memphis Grizzlies,Atlanta Hawks,MEM@ATL
2023-24,2023-10-12,preseason,Orlando Magic,Cleveland Cavaliers,ORL@CLE
2023-24,2023-10-12,preseason,Phoenix Suns,Portland Trail Blazers,PHX@POR
2023-24,2023-10-13,preseason,Golden State Warriors,Los Angeles Lakers,GSW@LAL
2023-24,2023-10-13,preseason,Miami Heat,San Antonio Spurs,MIA@SAS
2023-24,2023-10-14,preseason,Minnesota Timberwolves,New York Knicks,MIN@NYK
2023-24,2023-10-14,preseason,New Orleans Pelicans,Atlanta Hawks,NOP@ATL
2023-24,2023-10-14,preseason,Portland Trail Blazers,Utah Jazz,POR@UTA
2023-24,2023-10-15,preseason,Chicago Bulls,Denver Nuggets,CHI@DEN
2023-24,2023-10-15,preseason,Golden State Warriors,Sacramento Kings,GSW@SAC
2023-24,2023-10-15,preseason,Memphis Grizzlies,Miami Heat,MEM@MIA
2023-24,2023-10-15,preseason,Milwaukee Bucks,Los Angeles Lakers,MIL@LAL
2023-24,2023-10-15,preseason,Oklahoma City Thunder,Charlotte Hornets,OKC@CHA
2023-24,2023-10-16,preseason,Atlanta Hawks,Indiana Pacers,ATL@IND
2023-24,2023-10-16,preseason,Houston Rockets,San Antonio Spurs,HOU@SAS
2023-24,2023-10-16,preseason,Philadelphia 76ers,Brooklyn Nets,PHI@BKN
2023-24,2023-10-16,preseason,Portland Trail Blazers,Phoenix Suns,POR@PHX
2023-24,2023-10-17,preseason,Denver Nuggets,LA Clippers,DEN@LAC
2023-24,2023-10-17,preseason,Milwaukee Bucks,Oklahoma City Thunder,MIL@OKC
2023-24,2023-10-17,preseason,New Orleans Pelicans,Orlando Magic,NOP@ORL
2023-24,2023-10-17,preseason,New York Knicks,Boston Celtics,NYK@BOS
2023-24,2023-10-17,preseason,Toronto Raptors,Chicago Bulls,TOR@CHI
2023-24,2023-10-18,preseason,Brooklyn Nets,Miami Heat,BKN@MIA
2023-24,2023-10-18,preseason,Houston Rockets,San Antonio Spurs,HOU@SAS
2023-24,2023-10-18,preseason,Sacramento Kings,Golden State Warriors,SAC@GSW
2023-24,2023-10-18,preseason,Washington Wizards,New York Knicks,WAS@NYK
2023-24,2023-10-19,preseason,Boston Celtics,Charlotte Hornets,BOS@CHA
2023-24,2023-10-19,preseason,Denver Nuggets,LA Clippers,DEN@LAC
2023-24,2023-10-19,preseason,Detroit Pistons,Oklahoma City Thunder,DET@OKC
2023-24,2023-10-19,preseason,Minnesota Timberwolves,Chicago Bulls,MIN@CHI
2023-24,2023-10-19,preseason,Phoenix Suns,Los Angeles Lakers,PHX@LAL
2023-24,2023-10-19,preseason,Utah Jazz,Sacramento Kings,UTA@SAC
2023-24,2023-10-20,preseason,Atlanta Hawks,Philadelphia 76ers,ATL@PHI
2023-24,2023-10-20,preseason,Cleveland Cavaliers,Indiana Pacers,CLE@IND
2023-24,2023-10-20,preseason,Detroit Pistons,Dallas Mavericks,DET@DAL
2023-24,2023-10-20,preseason,Memphis Grizzlies,Milwaukee Bucks,MEM@MIL
2023-24,2023-10-20,preseason,Miami Heat,Houston Rockets,MIA@HOU
2023-24,2023-10-20,preseason,San Antonio Spurs,Golden State Warriors,SAS@GSW
2023-24,2023-10-20,preseason,Washington Wizards,Toronto Raptors,WAS@TOR
2023-24,2023-10-24,regular,Los Angeles Lakers,Denver Nuggets,LAL@DEN
2023-24,2023-10-24,regular,Phoenix Suns,Golden State Warriors,PHX@GSW
2023-24,2023-10-25,regular,Atlanta Hawks,Charlotte Hornets,ATL@CHA
2023-24,2023-10-25,regular,Boston Celtics,New York Knicks,BOS@NYK
2023-24,2023-10-25,regular,Cleveland Cavaliers,Brooklyn Nets,CLE@BKN
2023-24,2023-10-25,regular,Dallas Mavericks,San Antonio Spurs,DAL@SAS
2023-24,2023-10-25,regular,Detroit Pistons,Miami Heat,DET@MIA
2023-24,2023-10-25,regular,Houston Rockets,Orlando Magic,HOU@ORL
2023-24,2023-10-25,regular,Minnesota Timberwolves,Toronto Raptors,MIN@TOR
2023-24,2023-10-25,regular,New Orleans Pelicans,Memphis Grizzlies,NOP@MEM
2023-24,2023-10-25,regular,Oklahoma City Thunder,Chicago Bulls,OKC@CHI
2023-24,2023-10-25,regular,Portland Trail Blazers,LA Clippers,POR@LAC
2023-24,2023-10-25,regular,Sacramento Kings,Utah Jazz,SAC@UTA
2023-24,2023-10-25,regular,Washington Wizards,Indiana Pacers,WAS@IND
2023-24,2023-10-26,regular,Philadelphia 76ers,Milwaukee Bucks,PHI@MIL
2023-24,2023-10-26,regular,Phoenix Suns,Los Angeles Lakers,PHX@LAL
2023-24,2023-10-27,regular,Brooklyn Nets,Dallas Mavericks,BKN@DAL
2023-24,2023-10-27,regular,Denver Nuggets,Memphis Grizzlies,DEN@MEM
2023-24,2023-10-27,regular,Detroit Pistons,Charlotte Hornets,DET@CHA
2023-24,2023-10-27,regular,Golden State Warriors,Sacramento Kings,GSW@SAC
2023-24,2023-10-27,regular,Houston Rockets,San Antonio Spurs,HOU@SAS
2023-24,2023-10-27,regular,LA Clippers,Utah Jazz,LAC@UTA
2023-24,2023-10-27,regular,Miami Heat,Boston Celtics,MIA@BOS
2023-24,2023-10-27,regular,New York Knicks,Atlanta Hawks,NYK@ATL
2023-24,2023-10-27,regular,Oklahoma City Thunder,Cleveland Cavaliers,OKC@CLE
2023-24,2023-10-27,regular,Orlando Magic,Portland Trail Blazers,ORL@POR
2023-24,2023-10-27,regular,Toronto Raptors,Chicago Bulls,TOR@CHI
2023-24,2023-10-28,regular,Chicago Bulls,Detroit Pistons,CHI@DET
2023-24,2023-10-28,regular,Indiana Pacers,Cleveland Cavaliers,IND@CLE
2023-24,2023-10-28,regular,Memphis Grizzlies,Washington Wizards,MEM@WAS
2023-24,2023-10-28,regular,Miami Heat,Minnesota Timberwolves,MIA@MIN
2023-24,2023-10-28,regular,New York Knicks,New Orleans Pelicans,NYK@NOP
2023-24,2023-10-28,regular,Philadelphia 76ers,Toronto Raptors,PHI@TOR
2023-24,2023-10-28,regular,Utah Jazz,Phoenix Suns,UTA@PHX
2023-24,2023-10-29,regular,Atlanta Hawks,Milwaukee Bucks,ATL@MIL
2023-24,2023-10-29,regular,Denver Nuggets,Oklahoma City Thunder,DEN@OKC
2023-24,2023-10-29,regular,Golden State Warriors,Houston Rockets,GSW@HOU
2023-24,2023-10-29,regular,Los Angeles Lakers,Sacramento Kings,LAL@SAC
2023-24,2023-10-29,regular,Portland Trail Blazers,Philadelphia 76ers,POR@PHI
2023-24,2023-10-29,regular,San Antonio Spurs,LA Clippers,SAS@LAC
2023-24,2023-10-30,regular,Brooklyn Nets,Charlotte Hornets,BKN@CHA
2023-24,2023-10-30,regular,Boston Celtics,Washington Wizards,BOS@WAS
2023-24,2023-10-30,regular,Chicago Bulls,Indiana Pacers,CHI@IND
2023-24,2023-10-30,regular,Dallas Mavericks,Memphis Grizzlies,DAL@MEM
2023-24,2023-10-30,regular,Detroit Pistons,Oklahoma City Thunder,DET@OKC
2023-24,2023-10-30,regular,Golden State Warriors,New Orleans Pelicans,GSW@NOP
2023-24,2023-10-30,regular,Miami Heat,Milwaukee Bucks,MIA@MIL
2023-24,2023-10-30,regular,Minnesota Timberwolves,Atlanta Hawks,MIN@ATL
2023-24,2023-10-30,regular,Orlando Magic,Los Angeles Lakers,ORL@LAL
2023-24,2023-10-30,regular,Portland Trail Blazers,Toronto Raptors,POR@TOR
2023-24,2023-10-30,regular,Utah Jazz,Denver Nuggets,UTA@DEN
2023-24,2023-10-31,regular,New York Knicks,Cleveland Cavaliers,NYK@CLE
2023-24,2023-10-31,regular,Orlando Magic,LA Clippers,ORL@LAC
2023-24,2023-10-31,regular,San Antonio Spurs,Phoenix Suns,SAS@PHX
2023-24,2023-11-01,regular,Brooklyn Nets,Miami Heat,BKN@MIA
2023-24,2023-11-01,regular,Charlotte Hornets,Houston Rockets,CHA@HOU
2023-24,2023-11-01,regular,Chicago Bulls,Dallas Mavericks,CHI@DAL
2023-24,2023-11-01,regular,Cleveland Cavaliers,New York Knicks,CLE@NYK
2023-24,2023-11-01,regular,Denver Nuggets,Minnesota Timberwolves,DEN@MIN
2023-24,2023-11-01,regular,Indiana Pacers,Boston Celtics,IND@BOS
2023-24,2023-11-01,regular,LA Clippers,Los Angeles Lakers,LAC@LAL
2023-24,2023-11-01,regular,Memphis Grizzlies,Utah Jazz,MEM@UTA
2023-24,2023-11-01,regular,Milwaukee Bucks,Toronto Raptors,MIL@TOR
2023-24,2023-11-01,regular,New Orleans Pelicans,Oklahoma City Thunder,NOP@OKC
2023-24,2023-11-01,regular,Portland Trail Blazers,Detroit Pistons,POR@DET
2023-24,2023-11-01,regular,Sacramento Kings,Golden State Warriors,SAC@GSW
2023-24,2023-11-01,regular,Washington Wizards,Atlanta Hawks,WAS@ATL
2023-24,2023-11-02,regular,Detroit Pistons,New Orleans Pelicans,DET@NOP
2023-24,2023-11-02,regular,Orlando Magic,Utah Jazz,ORL@UTA
2023-24,2023-11-02,regular,San Antonio Spurs,Phoenix Suns,SAS@PHX
2023-24,2023-11-02,regular,Toronto Raptors,Philadelphia 76ers,TOR@PHI
2023-24,2023-11-03,regular,Brooklyn Nets,Chicago Bulls,BKN@CHI
2023-24,2023-11-03,regular,Cleveland Cavaliers,Indiana Pacers,CLE@IND
2023-24,2023-11-03,regular,Dallas Mavericks,Denver Nuggets,DAL@DEN
2023-24,2023-11-03,regular,Golden State Warriors,Oklahoma City Thunder,GSW@OKC
2023-24,2023-11-03,regular,Memphis Grizzlies,Portland Trail Blazers,MEM@POR
2023-24,2023-11-03,regular,New York Knicks,Milwaukee Bucks,NYK@MIL
2023-24,2023-11-03,regular,Washington Wizards,Miami Heat,WAS@MIA
2023-24,2023-11-04,regular,Atlanta Hawks,New Orleans Pelicans,ATL@NOP
2023-24,2023-11-04,regular,Boston Celtics,Brooklyn Nets,BOS@BKN
2023-24,2023-11-04,regular,Charlotte Hornets,Indiana Pacers,CHA@IND
2023-24,2023-11-04,regular,Chicago Bulls,Denver Nuggets,CHI@DEN
2023-24,2023-11-04,regular,Los Angeles Lakers,Orlando Magic,LAL@ORL
2023-24,2023-11-04,regular,Phoenix Suns,Philadelphia 76ers,PHX@PHI
2023-24,2023-11-04,regular,Sacramento Kings,Houston Rockets,SAC@HOU
2023-24,2023-11-04,regular,Utah Jazz,Minnesota Timberwolves,UTA@MIN
2023-24,2023-11-05,regular,Charlotte Hornets,Dallas Mavericks,CHA@DAL
2023-24,2023-11-05,regular,Golden State Warriors,Cleveland Cavaliers,GSW@CLE
2023-24,2023-11-05,regular,Memphis Grizzlies,Portland Trail Blazers,MEM@POR
2023-24,2023-11-05,regular,Phoenix Suns,Detroit Pistons,PHX@DET
2023-24,2023-11-05,regular,Toronto Raptors,San Antonio Spurs,TOR@SAS
2023-24,2023-11-06,regular,Atlanta Hawks,Oklahoma City Thunder,ATL@OKC
2023-24,2023-11-06,regular,Boston Celtics,Minnesota Timberwolves,BOS@MIN
2023-24,2023-11-06,regular,Dallas Mavericks,Orlando Magic,DAL@ORL
2023-24,2023-11-06,regular,Golden State Warriors,Detroit Pistons,GSW@DET
2023-24,2023-11-06,regular,LA Clippers,New York Knicks,LAC@NYK
2023-24,2023-11-06,regular,Los Angeles Lakers,Miami Heat,LAL@MIA
2023-24,2023-11-06,regular,Milwaukee Bucks,Brooklyn Nets,MIL@BKN
2023-24,2023-11-06,regular,New Orleans Pelicans,Denver Nuggets,NOP@DEN
2023-24,2023-11-06,regular,Sacramento Kings,Houston Rockets,SAC@HOU
2023-24,2023-11-06,regular,San Antonio Spurs,Indiana Pacers,SAS@IND
2023-24,2023-11-06,regular,Utah Jazz,Chicago Bulls,UTA@CHI
2023-24,2023-11-06,regular,Washington Wizards,Philadelphia 76ers,WAS@PHI
2023-24,2023-11-08,regular,Boston Celtics,Philadelphia 76ers,BOS@PHI
2023-24,2023-11-08,regular,Cleveland Cavaliers,Oklahoma City Thunder,CLE@OKC
2023-24,2023-11-08,regular,Detroit Pistons,Milwaukee Bucks,DET@MIL
2023-24,2023-11-08,regular,Golden State Warriors,Denver Nuggets,GSW@DEN
2023-24,2023-11-08,regular,LA Clippers,Brooklyn Nets,LAC@BKN
2023-24,2023-11-08,regular,Los Angeles Lakers,Houston Rockets,LAL@HOU
2023-24,2023-11-08,regular,Miami Heat,Memphis Grizzlies,MIA@MEM
2023-24,2023-11-08,regular,New Orleans Pelicans,Minnesota Timberwolves,NOP@MIN
2023-24,2023-11-08,regular,Phoenix Suns,Chicago Bulls,PHX@CHI
2023-24,2023-11-08,regular,Portland Trail Blazers,Sacramento Kings,POR@SAC
2023-24,2023-11-08,regular,San Antonio Spurs,New York Knicks,SAS@NYK
2023-24,2023-11-08,regular,Toronto Raptors,Dallas Mavericks,TOR@DAL
2023-24,2023-11-08,regular,Utah Jazz,Indiana Pacers,UTA@IND
2023-24,2023-11-08,regular,Washington Wizards,Charlotte Hornets,WAS@CHA
2023-24,2023-11-09,regular,Atlanta Hawks,Orlando Magic,ATL@ORL
2023-24,2023-11-09,regular,Milwaukee Bucks,Indiana Pacers,MIL@IND
2023-24,2023-11-10,regular,Brooklyn Nets,Boston Celtics,BKN@BOS
2023-24,2023-11-10,regular,Charlotte Hornets,Washington Wizards,CHA@WAS
2023-24,2023-11-10,regular,LA Clippers,Dallas Mavericks,LAC@DAL
2023-24,2023-11-10,regular,Los Angeles Lakers,Phoenix Suns,LAL@PHX
2023-24,2023-11-10,regular,Minnesota Timberwolves,San Antonio Spurs,MIN@SAS
2023-24,2023-11-10,regular,New Orleans Pelicans,Houston Rockets,NOP@HOU
2023-24,2023-11-10,regular,Oklahoma City Thunder,Sacramento Kings,OKC@SAC
2023-24,2023-11-10,regular,Philadelphia 76ers,Detroit Pistons,PHI@DET
2023-24,2023-11-10,regular,Utah Jazz,Memphis Grizzlies,UTA@MEM
2023-24,2023-11-11,regular,Cleveland Cavaliers,Golden State Warriors,CLE@GSW
2023-24,2023-11-11,regular,Miami Heat,Atlanta Hawks,MIA@ATL
2023-24,2023-11-11,regular,Milwaukee Bucks,Orlando Magic,MIL@ORL
2023-24,2023-11-11,regular,Toronto Raptors,Boston Celtics,TOR@BOS
2023-24,2023-11-12,regular,Charlotte Hornets,New York Knicks,CHA@NYK
2023-24,2023-11-12,regular,Dallas Mavericks,New Orleans Pelicans,DAL@NOP
2023-24,2023-11-12,regular,Denver Nuggets,Houston Rockets,DEN@HOU
2023-24,2023-11-12,regular,Detroit Pistons,Chicago Bulls,DET@CHI
2023-24,2023-11-12,regular,Indiana Pacers,Philadelphia 76ers,IND@PHI
2023-24,2023-11-12,regular,Memphis Grizzlies,LA Clippers,MEM@LAC
2023-24,2023-11-12,regular,Miami Heat,San Antonio Spurs,MIA@SAS
2023-24,2023-11-12,regular,Minnesota Timberwolves,Golden State Warriors,MIN@GSW
2023-24,2023-11-12,regular,Oklahoma City Thunder,Phoenix Suns,OKC@PHX
2023-24,2023-11-12,regular,Portland Trail Blazers,Los Angeles Lakers,POR@LAL
2023-24,2023-11-12,regular,Washington Wizards,Brooklyn Nets,WAS@BKN
2023-24,2023-11-13,regular,Chicago Bulls,Milwaukee Bucks,CHI@MIL
2023-24,2023-11-13,regular,Cleveland Cavaliers,Sacramento Kings,CLE@SAC
2023-24,2023-11-13,regular,New York Knicks,Boston Celtics,NYK@BOS
2023-24,2023-11-13,regular,Washington Wizards,Toronto Raptors,WAS@TOR
2023-24,2023-11-14,regular,Atlanta Hawks,Detroit Pistons,ATL@DET
2023-24,2023-11-14,regular,Dallas Mavericks,New Orleans Pelicans,DAL@NOP
2023-24,2023-11-14,regular,Indiana Pacers,Philadelphia 76ers,IND@PHI
2023-24,2023-11-14,regular,LA Clippers,Denver Nuggets,LAC@DEN
2023-24,2023-11-14,regular,Memphis Grizzlies,Los Angeles Lakers,MEM@LAL
2023-24,2023-11-14,regular,Miami Heat,Charlotte Hornets,MIA@CHA
2023-24,2023-11-14,regular,Minnesota Timberwolves,Golden State Warriors,MIN@GSW
2023-24,2023-11-14,regular,Orlando Magic,Brooklyn Nets,ORL@BKN
2023-24,2023-11-14,regular,Portland Trail Blazers,Utah Jazz,POR@UTA
2023-24,2023-11-14,regular,San Antonio Spurs,Oklahoma City Thunder,SAS@OKC
2023-24,2023-11-15,regular,Boston Celtics,Philadelphia 76ers,BOS@PHI
2023-24,2023-11-15,regular,Cleveland Cavaliers,Portland Trail Blazers,CLE@POR
2023-24,2023-11-15,regular,Dallas Mavericks,Washington Wizards,DAL@WAS
2023-24,2023-11-15,regular,Milwaukee Bucks,Toronto Raptors,MIL@TOR
2023-24,2023-11-15,regular,Minnesota Timberwolves,Phoenix Suns,MIN@PHX
2023-24,2023-11-15,regular,New York Knicks,Atlanta Hawks,NYK@ATL
2023-24,2023-11-15,regular,Orlando Magic,Chicago Bulls,ORL@CHI
2023-24,2023-11-15,regular,Sacramento Kings,Los Angeles Lakers,SAC@LAL
2023-24,2023-11-16,regular,Brooklyn Nets,Miami Heat,BKN@MIA
2023-24,2023-11-16,regular,Oklahoma City Thunder,Golden State Warriors,OKC@GSW
2023-24,2023-11-17,regular,Boston Celtics,Toronto Raptors,BOS@TOR
2023-24,2023-11-17,regular,Denver Nuggets,New Orleans Pelicans,DEN@NOP
2023-24,2023-11-17,regular,Detroit Pistons,Cleveland Cavaliers,DET@CLE
2023-24,2023-11-17,regular,Houston Rockets,LA Clippers,HOU@LAC
2023-24,2023-11-17,regular,Los Angeles Lakers,Portland Trail Blazers,LAL@POR
2023-24,2023-11-17,regular,Milwaukee Bucks,Charlotte Hornets,MIL@CHA
2023-24,2023-11-17,regular,New York Knicks,Washington Wizards,NYK@WAS
2023-24,2023-11-17,regular,Orlando Magic,Chicago Bulls,ORL@CHI
2023-24,2023-11-17,regular,Philadelphia 76ers,Atlanta Hawks,PHI@ATL
2023-24,2023-11-17,regular,Phoenix Suns,Utah Jazz,PHX@UTA
2023-24,2023-11-17,regular,Sacramento Kings,San Antonio Spurs,SAC@SAS
2023-24,2023-11-18,regular,Dallas Mavericks,Milwaukee Bucks,DAL@MIL
2023-24,2023-11-18,regular,Memphis Grizzlies,San Antonio Spurs,MEM@SAS
2023-24,2023-11-18,regular,Miami Heat,Chicago Bulls,MIA@CHI
2023-24,2023-11-18,regular,Minnesota Timberwolves,New Orleans Pelicans,MIN@NOP
2023-24,2023-11-18,regular,New York Knicks,Charlotte Hornets,NYK@CHA
2023-24,2023-11-18,regular,Oklahoma City Thunder,Golden State Warriors,OKC@GSW
2023-24,2023-11-19,regular,Boston Celtics,Memphis Grizzlies,BOS@MEM
2023-24,2023-11-19,regular,Denver Nuggets,Cleveland Cavaliers,DEN@CLE
2023-24,2023-11-19,regular,Detroit Pistons,Toronto Raptors,DET@TOR
2023-24,2023-11-19,regular,Houston Rockets,Los Angeles Lakers,HOU@LAL
2023-24,2023-11-19,regular,Oklahoma City Thunder,Portland Trail Blazers,OKC@POR
2023-24,2023-11-19,regular,Orlando Magic,Indiana Pacers,ORL@IND
2023-24,2023-11-19,regular,Philadelphia 76ers,Brooklyn Nets,PHI@BKN
2023-24,2023-11-19,regular,Phoenix Suns,Utah Jazz,PHX@UTA
2023-24,2023-11-19,regular,Sacramento Kings,Dallas Mavericks,SAC@DAL
2023-24,2023-11-20,regular,Boston Celtics,Charlotte Hornets,BOS@CHA
2023-24,2023-11-20,regular,Denver Nuggets,Detroit Pistons,DEN@DET
2023-24,2023-11-20,regular,Houston Rockets,Golden State Warriors,HOU@GSW
2023-24,2023-11-20,regular,LA Clippers,San Antonio Spurs,LAC@SAS
2023-24,2023-11-20,regular,Miami Heat,Chicago Bulls,MIA@CHI
2023-24,2023-11-20,regular,Milwaukee Bucks,Washington Wizards,MIL@WAS
2023-24,2023-11-20,regular,New York Knicks,Minnesota Timberwolves,NYK@MIN
2023-24,2023-11-20,regular,Sacramento Kings,New Orleans Pelicans,SAC@NOP
2023-24,2023-11-21,regular,Cleveland Cavaliers,Philadelphia 76ers,CLE@PHI
2023-24,2023-11-21,regular,Indiana Pacers,Atlanta Hawks,IND@ATL
2023-24,2023-11-21,regular,Portland Trail Blazers,Phoenix Suns,POR@PHX
2023-24,2023-11-21,regular,Toronto Raptors,Orlando Magic,TOR@ORL
2023-24,2023-11-21,regular,Utah Jazz,Los Angeles Lakers,UTA@LAL
2023-24,2023-11-22,regular,Brooklyn Nets,Atlanta Hawks,BKN@ATL
2023-24,2023-11-22,regular,Chicago Bulls,Oklahoma City Thunder,CHI@OKC
2023-24,2023-11-22,regular,Dallas Mavericks,Los Angeles Lakers,DAL@LAL
2023-24,2023-11-22,regular,Denver Nuggets,Orlando Magic,DEN@ORL
2023-24,2023-11-22,regular,Golden State Warriors,Phoenix Suns,GSW@PHX
2023-24,2023-11-22,regular,LA Clippers,San Antonio Spurs,LAC@SAS
2023-24,2023-11-22,regular,Memphis Grizzlies,Houston Rockets,MEM@HOU
2023-24,2023-11-22,regular,Miami Heat,Cleveland Cavaliers,MIA@CLE
2023-24,2023-11-22,regular,Milwaukee Bucks,Boston Celtics,MIL@BOS
2023-24,2023-11-22,regular,Philadelphia 76ers,Minnesota Timberwolves,PHI@MIN
2023-24,2023-11-22,regular,Sacramento Kings,New Orleans Pelicans,SAC@NOP
2023-24,2023-11-22,regular,Toronto Raptors,Indiana Pacers,TOR@IND
2023-24,2023-11-22,regular,Utah Jazz,Portland Trail Blazers,UTA@POR
2023-24,2023-11-22,regular,Washington Wizards,Charlotte Hornets,WAS@CHA
2023-24,2023-11-24,regular,Boston Celtics,Orlando Magic,BOS@ORL
2023-24,2023-11-24,regular,Chicago Bulls,Toronto Raptors,CHI@TOR
2023-24,2023-11-24,regular,Denver Nuggets,Houston Rockets,DEN@HOU
2023-24,2023-11-24,regular,Detroit Pistons,Indiana Pacers,DET@IND
2023-24,2023-11-24,regular,Miami Heat,New York Knicks,MIA@NYK
2023-24,2023-11-24,regular,New Orleans Pelicans,LA Clippers,NOP@LAC
2023-24,2023-11-24,regular,Phoenix Suns,Memphis Grizzlies,PHX@MEM
2023-24,2023-11-24,regular,Sacramento Kings,Minnesota Timberwolves,SAC@MIN
2023-24,2023-11-24,regular,San Antonio Spurs,Golden State Warriors,SAS@GSW
2023-24,2023-11-24,regular,Washington Wizards,Milwaukee Bucks,WAS@MIL
2023-24,2023-11-25,regular,Atlanta Hawks,Washington Wizards,ATL@WAS
2023-24,2023-11-25,regular,Dallas Mavericks,LA Clippers,DAL@LAC
2023-24,2023-11-25,regular,Los Angeles Lakers,Cleveland Cavaliers,LAL@CLE
2023-24,2023-11-25,regular,Miami Heat,Brooklyn Nets,MIA@BKN
2023-24,2023-11-25,regular,New Orleans Pelicans,Utah Jazz,NOP@UTA
2023-24,2023-11-25,regular,Philadelphia 76ers,Oklahoma City Thunder,PHI@OKC
2023-24,2023-11-26,regular,Atlanta Hawks,Boston Celtics,ATL@BOS
2023-24,2023-11-26,regular,Charlotte Hornets,Orlando Magic,CHA@ORL
2023-24,2023-11-26,regular,Chicago Bulls,Brooklyn Nets,CHI@BKN
2023-24,2023-11-26,regular,Minnesota Timberwolves,Memphis Grizzlies,MIN@MEM
2023-24,2023-11-26,regular,Phoenix Suns,New York Knicks,PHX@NYK
2023-24,2023-11-26,regular,Portland Trail Blazers,Milwaukee Bucks,POR@MIL
2023-24,2023-11-26,regular,San Antonio Spurs,Denver Nuggets,SAS@DEN
2023-24,2023-11-26,regular,Toronto Raptors,Cleveland Cavaliers,TOR@CLE
2023-24,2023-11-27,regular,Denver Nuggets,LA Clippers,DEN@LAC
2023-24,2023-11-27,regular,Los Angeles Lakers,Philadelphia 76ers,LAL@PHI
2023-24,2023-11-27,regular,New Orleans Pelicans,Utah Jazz,NOP@UTA
2023-24,2023-11-27,regular,Portland Trail Blazers,Indiana Pacers,POR@IND
2023-24,2023-11-27,regular,Washington Wizards,Detroit Pistons,WAS@DET
2023-24,2023-11-28,regular,Atlanta Hawks,Cleveland Cavaliers,ATL@CLE
2023-24,2023-11-28,regular,Charlotte Hornets,New York Knicks,CHA@NYK
2023-24,2023-11-28,regular,Chicago Bulls,Boston Celtics,CHI@BOS
2023-24,2023-11-28,regular,Golden State Warriors,Sacramento Kings,GSW@SAC
2023-24,2023-11-28,regular,Houston Rockets,Dallas Mavericks,HOU@DAL
2023-24,2023-11-28,regular,Milwaukee Bucks,Miami Heat,MIL@MIA
2023-24,2023-11-28,regular,Oklahoma City Thunder,Minnesota Timberwolves,OKC@MIN
2023-24,2023-11-28,regular,Toronto Raptors,Brooklyn Nets,TOR@BKN
2023-24,2023-11-29,regular,Houston Rockets,Denver Nuggets,HOU@DEN
2023-24,2023-11-29,regular,LA Clippers,Sacramento Kings,LAC@SAC
2023-24,2023-11-29,regular,Los Angeles Lakers,Detroit Pistons,LAL@DET
2023-24,2023-11-29,regular,Philadelphia 76ers,New Orleans Pelicans,PHI@NOP
2023-24,2023-11-29,regular,Phoenix Suns,Toronto Raptors,PHX@TOR
2023-24,2023-11-29,regular,Utah Jazz,Memphis Grizzlies,UTA@MEM
2023-24,2023-11-29,regular,Washington Wizards,Orlando Magic,WAS@ORL
2023-24,2023-11-30,regular,Atlanta Hawks,San Antonio Spurs,ATL@SAS
2023-24,2023-11-30,regular,Charlotte Hornets,Brooklyn Nets,CHA@BKN
2023-24,2023-11-30,regular,Detroit Pistons,New York Knicks,DET@NYK
2023-24,2023-11-30,regular,Indiana Pacers,Miami Heat,IND@MIA
2023-24,2023-11-30,regular,LA Clippers,Golden State Warriors,LAC@GSW
2023-24,2023-11-30,regular,Los Angeles Lakers,Oklahoma City Thunder,LAL@OKC
2023-24,2023-11-30,regular,Milwaukee Bucks,Chicago Bulls,MIL@CHI
2023-24,2023-11-30,regular,Portland Trail Blazers,Cleveland Cavaliers,POR@CLE
2023-24,2023-11-30,regular,Utah Jazz,Minnesota Timberwolves,UTA@MIN
2023-24,2023-12-01,regular,Denver Nuggets,Phoenix Suns,DEN@PHX
2023-24,2023-12-01,regular,Memphis Grizzlies,Dallas Mavericks,MEM@DAL
2023-24,2023-12-01,regular,New York Knicks,Toronto Raptors,NYK@TOR
2023-24,2023-12-01,regular,Philadelphia 76ers,Boston Celtics,PHI@BOS
2023-24,2023-12-01,regular,San Antonio Spurs,New Orleans Pelicans,SAS@NOP
2023-24,2023-12-01,regular,Washington Wizards,Orlando Magic,WAS@ORL
2023-24,2023-12-02,regular,Atlanta Hawks,Milwaukee Bucks,ATL@MIL
2023-24,2023-12-02,regular,Cleveland Cavaliers,Detroit Pistons,CLE@DET
2023-24,2023-12-02,regular,Denver Nuggets,Sacramento Kings,DEN@SAC
2023-24,2023-12-02,regular,Golden State Warriors,LA Clippers,GSW@LAC
2023-24,2023-12-02,regular,Houston Rockets,Los Angeles Lakers,HOU@LAL
2023-24,2023-12-02,regular,Indiana Pacers,Miami Heat,IND@MIA
2023-24,2023-12-02,regular,Memphis Grizzlies,Phoenix Suns,MEM@PHX
2023-24,2023-12-02,regular,Minnesota Timberwolves,Charlotte Hornets,MIN@CHA
2023-24,2023-12-02,regular,New Orleans Pelicans,Chicago Bulls,NOP@CHI
2023-24,2023-12-02,regular,Oklahoma City Thunder,Dallas Mavericks,OKC@DAL
2023-24,2023-12-02,regular,Orlando Magic,Brooklyn Nets,ORL@BKN
2023-24,2023-12-02,regular,Portland Trail Blazers,Utah Jazz,POR@UTA
2023-24,2023-12-04,regular,Boston Celtics,Indiana Pacers,BOS@IND
2023-24,2023-12-04,regular,New Orleans Pelicans,Sacramento Kings,NOP@SAC
2023-24,2023-12-05,regular,New York Knicks,Milwaukee Bucks,NYK@MIL
2023-24,2023-12-05,regular,Phoenix Suns,Los Angeles Lakers,PHX@LAL
2023-24,2023-12-06,regular,Brooklyn Nets,Atlanta Hawks,BKN@ATL
2023-24,2023-12-06,regular,Charlotte Hornets,Chicago Bulls,CHA@CHI
2023-24,2023-12-06,regular,Denver Nuggets,LA Clippers,DEN@LAC
2023-24,2023-12-06,regular,Memphis Grizzlies,Detroit Pistons,MEM@DET
2023-24,2023-12-06,regular,Miami Heat,Toronto Raptors,MIA@TOR
2023-24,2023-12-06,regular,Oklahoma City Thunder,Houston Rockets,OKC@HOU
2023-24,2023-12-06,regular,Orlando Magic,Cleveland Cavaliers,ORL@CLE
2023-24,2023-12-06,regular,Philadelphia 76ers,Washington Wizards,PHI@WAS
2023-24,2023-12-06,regular,Portland Trail Blazers,Golden State Warriors,POR@GSW
2023-24,2023-12-06,regular,San Antonio Spurs,Minnesota Timberwolves,SAS@MIN
2023-24,2023-12-06,regular,Utah Jazz,Dallas Mavericks,UTA@DAL
2023-24,2023-12-07,regular,Indiana Pacers,Milwaukee Bucks,IND@MIL
2023-24,2023-12-07,regular,New Orleans Pelicans,Los Angeles Lakers,NOP@LAL
2023-24,2023-12-08,regular,Atlanta Hawks,Philadelphia 76ers,ATL@PHI
2023-24,2023-12-08,regular,Chicago Bulls,San Antonio Spurs,CHI@SAS
2023-24,2023-12-08,regular,Cleveland Cavaliers,Miami Heat,CLE@MIA
2023-24,2023-12-08,regular,Dallas Mavericks,Portland Trail Blazers,DAL@POR
2023-24,2023-12-08,regular,Detroit Pistons,Orlando Magic,DET@ORL
2023-24,2023-12-08,regular,Golden State Warriors,Oklahoma City Thunder,GSW@OKC
2023-24,2023-12-08,regular,Houston Rockets,Denver Nuggets,HOU@DEN
2023-24,2023-12-08,regular,LA Clippers,Utah Jazz,LAC@UTA
2023-24,2023-12-08,regular,Minnesota Timberwolves,Memphis Grizzlies,MIN@MEM
2023-24,2023-12-08,regular,New York Knicks,Boston Celtics,NYK@BOS
2023-24,2023-12-08,regular,Sacramento Kings,Phoenix Suns,SAC@PHX
2023-24,2023-12-08,regular,Toronto Raptors,Charlotte Hornets,TOR@CHA
2023-24,2023-12-08,regular,Washington Wizards,Brooklyn Nets,WAS@BKN
2023-24,2023-12-11,regular,Brooklyn Nets,Sacramento Kings,BKN@SAC
2023-24,2023-12-11,regular,Chicago Bulls,Milwaukee Bucks,CHI@MIL
2023-24,2023-12-11,regular,Cleveland Cavaliers,Orlando Magic,CLE@ORL
2023-24,2023-12-11,regular,Dallas Mavericks,Memphis Grizzlies,DAL@MEM
2023-24,2023-12-11,regular,Denver Nuggets,Atlanta Hawks,DEN@ATL
2023-24,2023-12-11,regular,Indiana Pacers,Detroit Pistons,IND@DET
2023-24,2023-12-11,regular,Miami Heat,Charlotte Hornets,MIA@CHA
2023-24,2023-12-11,regular,Minnesota Timberwolves,New Orleans Pelicans,MIN@NOP
2023-24,2023-12-11,regular,Portland Trail Blazers,LA Clippers,POR@LAC
2023-24,2023-12-11,regular,San Antonio Spurs,Houston Rockets,SAS@HOU
2023-24,2023-12-11,regular,Toronto Raptors,New York Knicks,TOR@NYK
2023-24,2023-12-11,regular,Utah Jazz,Oklahoma City Thunder,UTA@OKC
2023-24,2023-12-11,regular,Washington Wizards,Philadelphia 76ers,WAS@PHI
2023-24,2023-12-12,regular,Cleveland Cavaliers,Boston Celtics,CLE@BOS
2023-24,2023-12-12,regular,Denver Nuggets,Chicago Bulls,DEN@CHI
2023-24,2023-12-12,regular,Golden State Warriors,Phoenix Suns,GSW@PHX
2023-24,2023-12-12,regular,Los Angeles Lakers,Dallas Mavericks,LAL@DAL
2023-24,2023-12-12,regular,Sacramento Kings,LA Clippers,SAC@LAC
2023-24,2023-12-13,regular,Atlanta Hawks,Toronto Raptors,ATL@TOR
2023-24,2023-12-13,regular,Brooklyn Nets,Phoenix Suns,BKN@PHX
2023-24,2023-12-13,regular,Charlotte Hornets,Miami Heat,CHA@MIA
2023-24,2023-12-13,regular,Indiana Pacers,Milwaukee Bucks,IND@MIL
2023-24,2023-12-13,regular,Los Angeles Lakers,San Antonio Spurs,LAL@SAS
2023-24,2023-12-13,regular,Memphis Grizzlies,Houston Rockets,MEM@HOU
2023-24,2023-12-13,regular,New Orleans Pelicans,Washington Wizards,NOP@WAS
2023-24,2023-12-13,regular,New York Knicks,Utah Jazz,NYK@UTA
2023-24,2023-12-13,regular,Philadelphia 76ers,Detroit Pistons,PHI@DET
2023-24,2023-12-14,regular,Brooklyn Nets,Denver Nuggets,BKN@DEN
2023-24,2023-12-14,regular,Chicago Bulls,Miami Heat,CHI@MIA
2023-24,2023-12-14,regular,Cleveland Cavaliers,Boston Celtics,CLE@BOS
2023-24,2023-12-14,regular,Golden State Warriors,LA Clippers,GSW@LAC
2023-24,2023-12-14,regular,Minnesota Timberwolves,Dallas Mavericks,MIN@DAL
2023-24,2023-12-14,regular,Oklahoma City Thunder,Sacramento Kings,OKC@SAC
2023-24,2023-12-14,regular,Utah Jazz,Portland Trail Blazers,UTA@POR
2023-24,2023-12-15,regular,Atlanta Hawks,Toronto Raptors,ATL@TOR
2023-24,2023-12-15,regular,Detroit Pistons,Philadelphia 76ers,DET@PHI
2023-24,2023-12-15,regular,Houston Rockets,Memphis Grizzlies,HOU@MEM
2023-24,2023-12-15,regular,Indiana Pacers,Washington Wizards,IND@WAS
2023-24,2023-12-15,regular,Los Angeles Lakers,San Antonio Spurs,LAL@SAS
2023-24,2023-12-15,regular,New Orleans Pelicans,Charlotte Hornets,NOP@CHA
2023-24,2023-12-15,regular,New York Knicks,Phoenix Suns,NYK@PHX
2023-24,2023-12-15,regular,Orlando Magic,Boston Celtics,ORL@BOS
2023-24,2023-12-16,regular,Atlanta Hawks,Cleveland Cavaliers,ATL@CLE
2023-24,2023-12-16,regular,Brooklyn Nets,Golden State Warriors,BKN@GSW
2023-24,2023-12-16,regular,Chicago Bulls,Miami Heat,CHI@MIA
2023-24,2023-12-16,regular,Dallas Mavericks,Portland Trail Blazers,DAL@POR
2023-24,2023-12-16,regular,Detroit Pistons,Milwaukee Bucks,DET@MIL
2023-24,2023-12-16,regular,Indiana Pacers,Minnesota Timberwolves,IND@MIN
2023-24,2023-12-16,regular,New York Knicks,LA Clippers,NYK@LAC
2023-24,2023-12-16,regular,Oklahoma City Thunder,Denver Nuggets,OKC@DEN
2023-24,2023-12-16,regular,Philadelphia 76ers,Charlotte Hornets,PHI@CHA
2023-24,2023-12-16,regular,Utah Jazz,Sacramento Kings,UTA@SAC
2023-24,2023-12-17,regular,Golden State Warriors,Portland Trail Blazers,GSW@POR
2023-24,2023-12-17,regular,Houston Rockets,Milwaukee Bucks,HOU@MIL
2023-24,2023-12-17,regular,New Orleans Pelicans,San Antonio Spurs,NOP@SAS
2023-24,2023-12-17,regular,Orlando Magic,Boston Celtics,ORL@BOS
2023-24,2023-12-17,regular,Washington Wizards,Phoenix Suns,WAS@PHX
2023-24,2023-12-18,regular,Brooklyn Nets,Utah Jazz,BKN@UTA
2023-24,2023-12-18,regular,Charlotte Hornets,Toronto Raptors,CHA@TOR
2023-24,2023-12-18,regular,Chicago Bulls,Philadelphia 76ers,CHI@PHI
2023-24,2023-12-18,regular,Dallas Mavericks,Denver Nuggets,DAL@DEN
2023-24,2023-12-18,regular,Detroit Pistons,Atlanta Hawks,DET@ATL
2023-24,2023-12-18,regular,Houston Rockets,Cleveland Cavaliers,HOU@CLE
2023-24,2023-12-18,regular,LA Clippers,Indiana Pacers,LAC@IND
2023-24,2023-12-18,regular,Memphis Grizzlies,Oklahoma City Thunder,MEM@OKC
2023-24,2023-12-18,regular,Minnesota Timberwolves,Miami Heat,MIN@MIA
2023-24,2023-12-18,regular,New York Knicks,Los Angeles Lakers,NYK@LAL
2023-24,2023-12-18,regular,Washington Wizards,Sacramento Kings,WAS@SAC
2023-24,2023-12-19,regular,Boston Celtics,Golden State Warriors,BOS@GSW
2023-24,2023-12-19,regular,Memphis Grizzlies,New Orleans Pelicans,MEM@NOP
2023-24,2023-12-19,regular,Phoenix Suns,Portland Trail Blazers,PHX@POR
2023-24,2023-12-19,regular,San Antonio Spurs,Milwaukee Bucks,SAS@MIL
2023-24,2023-12-20,regular,Atlanta Hawks,Houston Rockets,ATL@HOU
2023-24,2023-12-20,regular,Boston Celtics,Sacramento Kings,BOS@SAC
2023-24,2023-12-20,regular,Charlotte Hornets,Indiana Pacers,CHA@IND
2023-24,2023-12-20,regular,Denver Nuggets,Toronto Raptors,DEN@TOR
2023-24,2023-12-20,regular,LA Clippers,Dallas Mavericks,LAC@DAL
2023-24,2023-12-20,regular,Los Angeles Lakers,Chicago Bulls,LAL@CHI
2023-24,2023-12-20,regular,Miami Heat,Orlando Magic,MIA@ORL
2023-24,2023-12-20,regular,Minnesota Timberwolves,Philadelphia 76ers,MIN@PHI
2023-24,2023-12-20,regular,New York Knicks,Brooklyn Nets,NYK@BKN
2023-24,2023-12-20,regular,Utah Jazz,Cleveland Cavaliers,UTA@CLE
2023-24,2023-12-21,regular,Indiana Pacers,Memphis Grizzlies,IND@MEM
2023-24,2023-12-21,regular,LA Clippers,Oklahoma City Thunder,LAC@OKC
2023-24,2023-12-21,regular,Los Angeles Lakers,Minnesota Timberwolves,LAL@MIN
2023-24,2023-12-21,regular,New Orleans Pelicans,Cleveland Cavaliers,NOP@CLE
2023-24,2023-12-21,regular,Orlando Magic,Milwaukee Bucks,ORL@MIL
2023-24,2023-12-21,regular,San Antonio Spurs,Chicago Bulls,SAS@CHI
2023-24,2023-12-21,regular,Utah Jazz,Detroit Pistons,UTA@DET
2023-24,2023-12-21,regular,Washington Wizards,Portland Trail Blazers,WAS@POR
2023-24,2023-12-22,regular,Atlanta Hawks,Miami Heat,ATL@MIA
2023-24,2023-12-22,regular,Dallas Mavericks,Houston Rockets,DAL@HOU
2023-24,2023-12-22,regular,Denver Nuggets,Brooklyn Nets,DEN@BKN
2023-24,2023-12-22,regular,Phoenix Suns,Sacramento Kings,PHX@SAC
2023-24,2023-12-22,regular,Toronto Raptors,Philadelphia 76ers,TOR@PHI
2023-24,2023-12-22,regular,Washington Wizards,Golden State Warriors,WAS@GSW
2023-24,2023-12-23,regular,Boston Celtics,LA Clippers,BOS@LAC
2023-24,2023-12-23,regular,Cleveland Cavaliers,Chicago Bulls,CLE@CHI
2023-24,2023-12-23,regular,Denver Nuggets,Charlotte Hornets,DEN@CHA
2023-24,2023-12-23,regular,Detroit Pistons,Brooklyn Nets,DET@BKN
2023-24,2023-12-23,regular,Houston Rockets,New Orleans Pelicans,HOU@NOP
2023-24,2023-12-23,regular,Los Angeles Lakers,Oklahoma City Thunder,LAL@OKC
2023-24,2023-12-23,regular,Memphis Grizzlies,Atlanta Hawks,MEM@ATL
2023-24,2023-12-23,regular,Milwaukee Bucks,New York Knicks,MIL@NYK
2023-24,2023-12-23,regular,Minnesota Timberwolves,Sacramento Kings,MIN@SAC
2023-24,2023-12-23,regular,Orlando Magic,Indiana Pacers,ORL@IND
2023-24,2023-12-23,regular,Portland Trail Blazers,Golden State Warriors,POR@GSW
2023-24,2023-12-23,regular,San Antonio Spurs,Dallas Mavericks,SAS@DAL
2023-24,2023-12-23,regular,Utah Jazz,Toronto Raptors,UTA@TOR
2023-24,2023-12-25,regular,Boston Celtics,Los Angeles Lakers,BOS@LAL
2023-24,2023-12-25,regular,Dallas Mavericks,Phoenix Suns,DAL@PHX
2023-24,2023-12-25,regular,Golden State Warriors,Denver Nuggets,GSW@DEN
2023-24,2023-12-25,regular,Milwaukee Bucks,New York Knicks,MIL@NYK
2023-24,2023-12-25,regular,Philadelphia 76ers,Miami Heat,PHI@MIA
2023-24,2023-12-26,regular,Atlanta Hawks,Chicago Bulls,ATL@CHI
2023-24,2023-12-26,regular,Brooklyn Nets,Detroit Pistons,BKN@DET
2023-24,2023-12-26,regular,Charlotte Hornets,LA Clippers,CHA@LAC
2023-24,2023-12-26,regular,Indiana Pacers,Houston Rockets,IND@HOU
2023-24,2023-12-26,regular,Memphis Grizzlies,New Orleans Pelicans,MEM@NOP
2023-24,2023-12-26,regular,Minnesota Timberwolves,Oklahoma City Thunder,MIN@OKC
2023-24,2023-12-26,regular,Orlando Magic,Washington Wizards,ORL@WAS
2023-24,2023-12-26,regular,Sacramento Kings,Portland Trail Blazers,SAC@POR
2023-24,2023-12-26,regular,Utah Jazz,San Antonio Spurs,UTA@SAS
2023-24,2023-12-27,regular,Cleveland Cavaliers,Dallas Mavericks,CLE@DAL
2023-24,2023-12-27,regular,Milwaukee Bucks,Brooklyn Nets,MIL@BKN
2023-24,2023-12-27,regular,New York Knicks,Oklahoma City Thunder,NYK@OKC
2023-24,2023-12-27,regular,Philadelphia 76ers,Orlando Magic,PHI@ORL
2023-24,2023-12-27,regular,Phoenix Suns,Houston Rockets,PHX@HOU
2023-24,2023-12-27,regular,Toronto Raptors,Washington Wizards,TOR@WAS
2023-24,2023-12-28,regular,Charlotte Hornets,Los Angeles Lakers,CHA@LAL
2023-24,2023-12-28,regular,Dallas Mavericks,Minnesota Timberwolves,DAL@MIN
2023-24,2023-12-28,regular,Detroit Pistons,Boston Celtics,DET@BOS
2023-24,2023-12-28,regular,Indiana Pacers,Chicago Bulls,IND@CHI
2023-24,2023-12-28,regular,Memphis Grizzlies,Denver Nuggets,MEM@DEN
2023-24,2023-12-28,regular,Miami Heat,Golden State Warriors,MIA@GSW
2023-24,2023-12-28,regular,San Antonio Spurs,Portland Trail Blazers,SAS@POR
2023-24,2023-12-28,regular,Utah Jazz,New Orleans Pelicans,UTA@NOP
2023-24,2023-12-29,regular,Brooklyn Nets,Washington Wizards,BKN@WAS
2023-24,2023-12-29,regular,Charlotte Hornets,Phoenix Suns,CHA@PHX
2023-24,2023-12-29,regular,Memphis Grizzlies,LA Clippers,MEM@LAC
2023-24,2023-12-29,regular,Milwaukee Bucks,Cleveland Cavaliers,MIL@CLE
2023-24,2023-12-29,regular,New York Knicks,Orlando Magic,NYK@ORL
2023-24,2023-12-29,regular,Oklahoma City Thunder,Denver Nuggets,OKC@DEN
2023-24,2023-12-29,regular,Philadelphia 76ers,Houston Rockets,PHI@HOU
2023-24,2023-12-29,regular,Sacramento Kings,Atlanta Hawks,SAC@ATL
2023-24,2023-12-29,regular,San Antonio Spurs,Portland Trail Blazers,SAS@POR
2023-24,2023-12-29,regular,Toronto Raptors,Boston Celtics,TOR@BOS
2023-24,2023-12-30,regular,Dallas Mavericks,Golden State Warriors,DAL@GSW
2023-24,2023-12-30,regular,Los Angeles Lakers,Minnesota Timberwolves,LAL@MIN
2023-24,2023-12-30,regular,Miami Heat,Utah Jazz,MIA@UTA
2023-24,2023-12-30,regular,New York Knicks,Indiana Pacers,NYK@IND
2023-24,2023-12-30,regular,Philadelphia 76ers,Chicago Bulls,PHI@CHI
2023-24,2023-12-30,regular,Toronto Raptors,Detroit Pistons,TOR@DET
2023-24,2023-12-31,regular,Atlanta Hawks,Washington Wizards,ATL@WAS
2023-24,2023-12-31,regular,Brooklyn Nets,Oklahoma City Thunder,BKN@OKC
2023-24,2023-12-31,regular,Boston Celtics,San Antonio Spurs,BOS@SAS
2023-24,2023-12-31,regular,Los Angeles Lakers,New Orleans Pelicans,LAL@NOP
2023-24,2023-12-31,regular,Orlando Magic,Phoenix Suns,ORL@PHX
2023-24,2023-12-31,regular,Sacramento Kings,Memphis Grizzlies,SAC@MEM
2023-24,2024-01-01,regular,Charlotte Hornets,Denver Nuggets,CHA@DEN
2023-24,2024-01-01,regular,Cleveland Cavaliers,Toronto Raptors,CLE@TOR
2023-24,2024-01-01,regular,Dallas Mavericks,Utah Jazz,DAL@UTA
2023-24,2024-01-01,regular,Detroit Pistons,Houston Rockets,DET@HOU
2023-24,2024-01-01,regular,Indiana Pacers,Milwaukee Bucks,IND@MIL
2023-24,2024-01-01,regular,Miami Heat,LA Clippers,MIA@LAC
2023-24,2024-01-01,regular,Minnesota Timberwolves,New York Knicks,MIN@NYK
2023-24,2024-01-01,regular,Portland Trail Blazers,Phoenix Suns,POR@PHX
2023-24,2024-01-02,regular,Brooklyn Nets,New Orleans Pelicans,BKN@NOP
2023-24,2024-01-02,regular,Boston Celtics,Oklahoma City Thunder,BOS@OKC
2023-24,2024-01-02,regular,Charlotte Hornets,Sacramento Kings,CHA@SAC
2023-24,2024-01-02,regular,Chicago Bulls,Philadelphia 76ers,CHI@PHI
2023-24,2024-01-02,regular,Orlando Magic,Golden State Warriors,ORL@GSW
2023-24,2024-01-02,regular,San Antonio Spurs,Memphis Grizzlies,SAS@MEM
2023-24,2024-01-03,regular,Brooklyn Nets,Houston Rockets,BKN@HOU
2023-24,2024-01-03,regular,Chicago Bulls,New York Knicks,CHI@NYK
2023-24,2024-01-03,regular,Detroit Pistons,Utah Jazz,DET@UTA
2023-24,2024-01-03,regular,LA Clippers,Phoenix Suns,LAC@PHX
2023-24,2024-01-03,regular,Miami Heat,Los Angeles Lakers,MIA@LAL
2023-24,2024-01-03,regular,Milwaukee Bucks,Indiana Pacers,MIL@IND
2023-24,2024-01-03,regular,New Orleans Pelicans,Minnesota Timberwolves,NOP@MIN
2023-24,2024-01-03,regular,Oklahoma City Thunder,Atlanta Hawks,OKC@ATL
2023-24,2024-01-03,regular,Orlando Magic,Sacramento Kings,ORL@SAC
2023-24,2024-01-03,regular,Portland Trail Blazers,Dallas Mavericks,POR@DAL
2023-24,2024-01-03,regular,Toronto Raptors,Memphis Grizzlies,TOR@MEM
2023-24,2024-01-03,regular,Washington Wizards,Cleveland Cavaliers,WAS@CLE
2023-24,2024-01-04,regular,Denver Nuggets,Golden State Warriors,DEN@GSW
2023-24,2024-01-04,regular,Milwaukee Bucks,San Antonio Spurs,MIL@SAS
2023-24,2024-01-05,regular,Atlanta Hawks,Indiana Pacers,ATL@IND
2023-24,2024-01-05,regular,Charlotte Hornets,Chicago Bulls,CHA@CHI
2023-24,2024-01-05,regular,Detroit Pistons,Golden State Warriors,DET@GSW
2023-24,2024-01-05,regular,LA Clippers,New Orleans Pelicans,LAC@NOP
2023-24,2024-01-05,regular,Memphis Grizzlies,Los Angeles Lakers,MEM@LAL
2023-24,2024-01-05,regular,Miami Heat,Phoenix Suns,MIA@PHX
2023-24,2024-01-05,regular,Minnesota Timberwolves,Houston Rockets,MIN@HOU
2023-24,2024-01-05,regular,New York Knicks,Philadelphia 76ers,NYK@PHI
2023-24,2024-01-05,regular,Oklahoma City Thunder,Brooklyn Nets,OKC@BKN
2023-24,2024-01-05,regular,Orlando Magic,Denver Nuggets,ORL@DEN
2023-24,2024-01-05,regular,Portland Trail Blazers,Dallas Mavericks,POR@DAL
2023-24,2024-01-05,regular,Toronto Raptors,Sacramento Kings,TOR@SAC
2023-24,2024-01-05,regular,Utah Jazz,Boston Celtics,UTA@BOS
2023-24,2024-01-05,regular,Washington Wizards,Cleveland Cavaliers,WAS@CLE
2023-24,2024-01-06,regular,Boston Celtics,Indiana Pacers,BOS@IND
2023-24,2024-01-06,regular,Milwaukee Bucks,Houston Rockets,MIL@HOU
2023-24,2024-01-06,regular,New York Knicks,Washington Wizards,NYK@WAS
2023-24,2024-01-06,regular,Utah Jazz,Philadelphia 76ers,UTA@PHI
2023-24,2024-01-07,regular,Atlanta Hawks,Orlando Magic,ATL@ORL
2023-24,2024-01-07,regular,Detroit Pistons,Denver Nuggets,DET@DEN
2023-24,2024-01-07,regular,LA Clippers,Los Angeles Lakers,LAC@LAL
2023-24,2024-01-07,regular,Memphis Grizzlies,Phoenix Suns,MEM@PHX
2023-24,2024-01-07,regular,Minnesota Timberwolves,Dallas Mavericks,MIN@DAL
2023-24,2024-01-07,regular,New Orleans Pelicans,Sacramento Kings,NOP@SAC
2023-24,2024-01-07,regular,Portland Trail Blazers,Brooklyn Nets,POR@BKN
2023-24,2024-01-07,regular,San Antonio Spurs,Cleveland Cavaliers,SAS@CLE
2023-24,2024-01-07,regular,Toronto Raptors,Golden State Warriors,TOR@GSW
2023-24,2024-01-08,regular,Boston Celtics,Indiana Pacers,BOS@IND
2023-24,2024-01-08,regular,Chicago Bulls,Charlotte Hornets,CHI@CHA
2023-24,2024-01-08,regular,Houston Rockets,Miami Heat,HOU@MIA
2023-24,2024-01-08,regular,Oklahoma City Thunder,Washington Wizards,OKC@WAS
2023-24,2024-01-08,regular,Phoenix Suns,LA Clippers,PHX@LAC
2023-24,2024-01-08,regular,Utah Jazz,Milwaukee Bucks,UTA@MIL
2023-24,2024-01-09,regular,Memphis Grizzlies,Dallas Mavericks,MEM@DAL
2023-24,2024-01-09,regular,Minnesota Timberwolves,Orlando Magic,MIN@ORL
2023-24,2024-01-09,regular,Portland Trail Blazers,New York Knicks,POR@NYK
2023-24,2024-01-09,regular,Sacramento Kings,Detroit Pistons,SAC@DET
2023-24,2024-01-09,regular,Toronto Raptors,Los Angeles Lakers,TOR@LAL
2023-24,2024-01-10,regular,Denver Nuggets,Utah Jazz,DEN@UTA
2023-24,2024-01-10,regular,Houston Rockets,Chicago Bulls,HOU@CHI
2023-24,2024-01-10,regular,Minnesota Timberwolves,Boston Celtics,MIN@BOS
2023-24,2024-01-10,regular,New Orleans Pelicans,Golden State Warriors,NOP@GSW
2023-24,2024-01-10,regular,Oklahoma City Thunder,Miami Heat,OKC@MIA
2023-24,2024-01-10,regular,Philadelphia 76ers,Atlanta Hawks,PHI@ATL
2023-24,2024-01-10,regular,Sacramento Kings,Charlotte Hornets,SAC@CHA
2023-24,2024-01-10,regular,San Antonio Spurs,Detroit Pistons,SAS@DET
2023-24,2024-01-10,regular,Toronto Raptors,LA Clippers,TOR@LAC
2023-24,2024-01-10,regular,Washington Wizards,Indiana Pacers,WAS@IND
2023-24,2024-01-11,regular,Brooklyn Nets,Cleveland Cavaliers,BKN@CLE
2023-24,2024-01-11,regular,Boston Celtics,Milwaukee Bucks,BOS@MIL
2023-24,2024-01-11,regular,New York Knicks,Dallas Mavericks,NYK@DAL
2023-24,2024-01-11,regular,Phoenix Suns,Los Angeles Lakers,PHX@LAL
2023-24,2024-01-11,regular,Portland Trail Blazers,Oklahoma City Thunder,POR@OKC
2023-24,2024-01-12,regular,Charlotte Hornets,San Antonio Spurs,CHA@SAS
2023-24,2024-01-12,regular,Golden State Warriors,Chicago Bulls,GSW@CHI
2023-24,2024-01-12,regular,Houston Rockets,Detroit Pistons,HOU@DET
2023-24,2024-01-12,regular,Indiana Pacers,Atlanta Hawks,IND@ATL
2023-24,2024-01-12,regular,LA Clippers,Memphis Grizzlies,LAC@MEM
2023-24,2024-01-12,regular,New Orleans Pelicans,Denver Nuggets,NOP@DEN
2023-24,2024-01-12,regular,Orlando Magic,Miami Heat,ORL@MIA
2023-24,2024-01-12,regular,Portland Trail Blazers,Minnesota Timberwolves,POR@MIN
2023-24,2024-01-12,regular,Sacramento Kings,Philadelphia 76ers,SAC@PHI
2023-24,2024-01-12,regular,Toronto Raptors,Utah Jazz,TOR@UTA
2023-24,2024-01-13,regular,Chicago Bulls,San Antonio Spurs,CHI@SAS
2023-24,2024-01-13,regular,Golden State Warriors,Milwaukee Bucks,GSW@MIL
2023-24,2024-01-13,regular,Houston Rockets,Boston Celtics,HOU@BOS
2023-24,2024-01-13,regular,Los Angeles Lakers,Utah Jazz,LAL@UTA
2023-24,2024-01-13,regular,New Orleans Pelicans,Dallas Mavericks,NOP@DAL
2023-24,2024-01-13,regular,New York Knicks,Memphis Grizzlies,NYK@MEM
2023-24,2024-01-13,regular,Orlando Magic,Oklahoma City Thunder,ORL@OKC
2023-24,2024-01-13,regular,Washington Wizards,Atlanta Hawks,WAS@ATL
2023-24,2024-01-14,regular,Charlotte Hornets,Miami Heat,CHA@MIA
2023-24,2024-01-14,regular,Indiana Pacers,Denver Nuggets,IND@DEN
2023-24,2024-01-14,regular,LA Clippers,Minnesota Timberwolves,LAC@MIN
2023-24,2024-01-14,regular,Phoenix Suns,Portland Trail Blazers,PHX@POR
2023-24,2024-01-14,regular,Sacramento Kings,Milwaukee Bucks,SAC@MIL
2023-24,2024-01-15,regular,Boston Celtics,Toronto Raptors,BOS@TOR
2023-24,2024-01-15,regular,Chicago Bulls,Cleveland Cavaliers,CHI@CLE
2023-24,2024-01-15,regular,Detroit Pistons,Washington Wizards,DET@WAS
2023-24,2024-01-15,regular,Golden State Warriors,Memphis Grizzlies,GSW@MEM
2023-24,2024-01-15,regular,Houston Rockets,Philadelphia 76ers,HOU@PHI
2023-24,2024-01-15,regular,Indiana Pacers,Utah Jazz,IND@UTA
2023-24,2024-01-15,regular,Miami Heat,Brooklyn Nets,MIA@BKN
2023-24,2024-01-15,regular,New Orleans Pelicans,Dallas Mavericks,NOP@DAL
2023-24,2024-01-15,regular,Oklahoma City Thunder,Los Angeles Lakers,OKC@LAL
2023-24,2024-01-15,regular,Orlando Magic,New York Knicks,ORL@NYK
2023-24,2024-01-15,regular,San Antonio Spurs,Atlanta Hawks,SAS@ATL
2023-24,2024-01-16,regular,Denver Nuggets,Philadelphia 76ers,DEN@PHI
2023-24,2024-01-16,regular,Oklahoma City Thunder,LA Clippers,OKC@LAC
2023-24,2024-01-16,regular,Sacramento Kings,Phoenix Suns,SAC@PHX
2023-24,2024-01-17,regular,Brooklyn Nets,Portland Trail Blazers,BKN@POR
2023-24,2024-01-17,regular,Charlotte Hornets,New Orleans Pelicans,CHA@NOP
2023-24,2024-01-17,regular,Dallas Mavericks,Los Angeles Lakers,DAL@LAL
2023-24,2024-01-17,regular,Houston Rockets,New York Knicks,HOU@NYK
2023-24,2024-01-17,regular,Miami Heat,Toronto Raptors,MIA@TOR
2023-24,2024-01-17,regular,Milwaukee Bucks,Cleveland Cavaliers,MIL@CLE
2023-24,2024-01-17,regular,Minnesota Timberwolves,Detroit Pistons,MIN@DET
2023-24,2024-01-17,regular,Orlando Magic,Atlanta Hawks,ORL@ATL
2023-24,2024-01-17,regular,San Antonio Spurs,Boston Celtics,SAS@BOS
2023-24,2024-01-18,regular,Chicago Bulls,Toronto Raptors,CHI@TOR
2023-24,2024-01-18,regular,Indiana Pacers,Sacramento Kings,IND@SAC
2023-24,2024-01-18,regular,Memphis Grizzlies,Minnesota Timberwolves,MEM@MIN
2023-24,2024-01-18,regular,Oklahoma City Thunder,Utah Jazz,OKC@UTA
2023-24,2024-01-18,regular,Washington Wizards,New York Knicks,WAS@NYK
2023-24,2024-01-19,regular,Atlanta Hawks,Miami Heat,ATL@MIA
2023-24,2024-01-19,regular,Brooklyn Nets,Los Angeles Lakers,BKN@LAL
2023-24,2024-01-19,regular,Denver Nuggets,Boston Celtics,DEN@BOS
2023-24,2024-01-19,regular,Indiana Pacers,Portland Trail Blazers,IND@POR
2023-24,2024-01-19,regular,Philadelphia 76ers,Orlando Magic,PHI@ORL
2023-24,2024-01-19,regular,Phoenix Suns,New Orleans Pelicans,PHX@NOP
2023-24,2024-01-19,regular,San Antonio Spurs,Charlotte Hornets,SAS@CHA
2023-24,2024-01-20,regular,Cleveland Cavaliers,Atlanta Hawks,CLE@ATL
2023-24,2024-01-20,regular,Memphis Grizzlies,Chicago Bulls,MEM@CHI
2023-24,2024-01-20,regular,Milwaukee Bucks,Detroit Pistons,MIL@DET
2023-24,2024-01-20,regular,Oklahoma City Thunder,Minnesota Timberwolves,OKC@MIN
2023-24,2024-01-20,regular,Philadelphia 76ers,Charlotte Hornets,PHI@CHA
2023-24,2024-01-20,regular,San Antonio Spurs,Washington Wizards,SAS@WAS
2023-24,2024-01-20,regular,Toronto Raptors,New York Knicks,TOR@NYK
2023-24,2024-01-20,regular,Utah Jazz,Houston Rockets,UTA@HOU
2023-24,2024-01-21,regular,Brooklyn Nets,LA Clippers,BKN@LAC
2023-24,2024-01-21,regular,Boston Celtics,Houston Rockets,BOS@HOU
2023-24,2024-01-21,regular,Denver Nuggets,Washington Wizards,DEN@WAS
2023-24,2024-01-21,regular,Indiana Pacers,Phoenix Suns,IND@PHX
2023-24,2024-01-21,regular,Miami Heat,Orlando Magic,MIA@ORL
2023-24,2024-01-21,regular,Portland Trail Blazers,Los Angeles Lakers,POR@LAL
2023-24,2024-01-22,regular,Atlanta Hawks,Sacramento Kings,ATL@SAC
2023-24,2024-01-22,regular,Boston Celtics,Dallas Mavericks,BOS@DAL
2023-24,2024-01-22,regular,Charlotte Hornets,Minnesota Timberwolves,CHA@MIN
2023-24,2024-01-22,regular,Chicago Bulls,Phoenix Suns,CHI@PHX
2023-24,2024-01-22,regular,Cleveland Cavaliers,Orlando Magic,CLE@ORL
2023-24,2024-01-22,regular,Memphis Grizzlies,Toronto Raptors,MEM@TOR
2023-24,2024-01-22,regular,Milwaukee Bucks,Detroit Pistons,MIL@DET
2023-24,2024-01-22,regular,San Antonio Spurs,Philadelphia 76ers,SAS@PHI
2023-24,2024-01-23,regular,Denver Nuggets,Indiana Pacers,DEN@IND
2023-24,2024-01-23,regular,Los Angeles Lakers,LA Clippers,LAL@LAC
2023-24,2024-01-23,regular,New York Knicks,Brooklyn Nets,NYK@BKN
2023-24,2024-01-23,regular,Portland Trail Blazers,Oklahoma City Thunder,POR@OKC
2023-24,2024-01-23,regular,Utah Jazz,New Orleans Pelicans,UTA@NOP
2023-24,2024-01-24,regular,Atlanta Hawks,Golden State Warriors,ATL@GSW
2023-24,2024-01-24,regular,Charlotte Hornets,Detroit Pistons,CHA@DET
2023-24,2024-01-24,regular,Cleveland Cavaliers,Milwaukee Bucks,CLE@MIL
2023-24,2024-01-24,regular,Memphis Grizzlies,Miami Heat,MEM@MIA
2023-24,2024-01-24,regular,Minnesota Timberwolves,Washington Wizards,MIN@WAS
2023-24,2024-01-24,regular,Oklahoma City Thunder,San Antonio Spurs,OKC@SAS
2023-24,2024-01-24,regular,Phoenix Suns,Dallas Mavericks,PHX@DAL
2023-24,2024-01-24,regular,Portland Trail Blazers,Houston Rockets,POR@HOU
2023-24,2024-01-25,regular,Boston Celtics,Miami Heat,BOS@MIA
2023-24,2024-01-25,regular,Chicago Bulls,Los Angeles Lakers,CHI@LAL
2023-24,2024-01-25,regular,Denver Nuggets,New York Knicks,DEN@NYK
2023-24,2024-01-25,regular,Minnesota Timberwolves,Brooklyn Nets,MIN@BKN
2023-24,2024-01-25,regular,Philadelphia 76ers,Indiana Pacers,PHI@IND
2023-24,2024-01-25,regular,Sacramento Kings,Golden State Warriors,SAC@GSW
2023-24,2024-01-25,regular,Utah Jazz,Washington Wizards,UTA@WAS
2023-24,2024-01-26,regular,Cleveland Cavaliers,Milwaukee Bucks,CLE@MIL
2023-24,2024-01-26,regular,Dallas Mavericks,Atlanta Hawks,DAL@ATL
2023-24,2024-01-26,regular,Houston Rockets,Charlotte Hornets,HOU@CHA
2023-24,2024-01-26,regular,LA Clippers,Toronto Raptors,LAC@TOR
2023-24,2024-01-26,regular,Oklahoma City Thunder,New Orleans Pelicans,OKC@NOP
2023-24,2024-01-26,regular,Orlando Magic,Memphis Grizzlies,ORL@MEM
2023-24,2024-01-26,regular,Phoenix Suns,Indiana Pacers,PHX@IND
2023-24,2024-01-26,regular,Portland Trail Blazers,San Antonio Spurs,POR@SAS
2023-24,2024-01-27,regular,Houston Rockets,Brooklyn Nets,HOU@BKN
2023-24,2024-01-27,regular,LA Clippers,Boston Celtics,LAC@BOS
2023-24,2024-01-27,regular,Los Angeles Lakers,Golden State Warriors,LAL@GSW
2023-24,2024-01-27,regular,Miami Heat,New York Knicks,MIA@NYK
2023-24,2024-01-27,regular,Minnesota Timberwolves,San Antonio Spurs,MIN@SAS
2023-24,2024-01-27,regular,New Orleans Pelicans,Milwaukee Bucks,NOP@MIL
2023-24,2024-01-27,regular,Philadelphia 76ers,Denver Nuggets,PHI@DEN
2023-24,2024-01-27,regular,Sacramento Kings,Dallas Mavericks,SAC@DAL
2023-24,2024-01-27,regular,Utah Jazz,Charlotte Hornets,UTA@CHA
2023-24,2024-01-27,regular,Washington Wizards,Detroit Pistons,WAS@DET
2023-24,2024-01-28,regular,Chicago Bulls,Portland Trail Blazers,CHI@POR
2023-24,2024-01-28,regular,Memphis Grizzlies,Indiana Pacers,MEM@IND
2023-24,2024-01-28,regular,Oklahoma City Thunder,Detroit Pistons,OKC@DET
2023-24,2024-01-28,regular,Phoenix Suns,Orlando Magic,PHX@ORL
2023-24,2024-01-28,regular,Toronto Raptors,Atlanta Hawks,TOR@ATL
2023-24,2024-01-29,regular,LA Clippers,Cleveland Cavaliers,LAC@CLE
2023-24,2024-01-29,regular,Los Angeles Lakers,Houston Rockets,LAL@HOU
2023-24,2024-01-29,regular,Milwaukee Bucks,Denver Nuggets,MIL@DEN
2023-24,2024-01-29,regular,Minnesota Timberwolves,Oklahoma City Thunder,MIN@OKC
2023-24,2024-01-29,regular,New Orleans Pelicans,Boston Celtics,NOP@BOS
2023-24,2024-01-29,regular,New York Knicks,Charlotte Hornets,NYK@CHA
2023-24,2024-01-29,regular,Orlando Magic,Dallas Mavericks,ORL@DAL
2023-24,2024-01-29,regular,Philadelphia 76ers,Portland Trail Blazers,PHI@POR
2023-24,2024-01-29,regular,Phoenix Suns,Miami Heat,PHX@MIA
2023-24,2024-01-29,regular,Sacramento Kings,Memphis Grizzlies,SAC@MEM
2023-24,2024-01-29,regular,Utah Jazz,Brooklyn Nets,UTA@BKN
2023-24,2024-01-29,regular,Washington Wizards,San Antonio Spurs,WAS@SAS
2023-24,2024-01-30,regular,Indiana Pacers,Boston Celtics,IND@BOS
2023-24,2024-01-30,regular,Los Angeles Lakers,Atlanta Hawks,LAL@ATL
2023-24,2024-01-30,regular,Philadelphia 76ers,Golden State Warriors,PHI@GSW
2023-24,2024-01-30,regular,Toronto Raptors,Chicago Bulls,TOR@CHI
2023-24,2024-01-30,regular,Utah Jazz,New York Knicks,UTA@NYK
2023-24,2024-01-31,regular,Chicago Bulls,Charlotte Hornets,CHI@CHA
2023-24,2024-01-31,regular,Dallas Mavericks,Minnesota Timberwolves,DAL@MIN
2023-24,2024-01-31,regular,Denver Nuggets,Oklahoma City Thunder,DEN@OKC
2023-24,2024-01-31,regular,Detroit Pistons,Cleveland Cavaliers,DET@CLE
2023-24,2024-01-31,regular,LA Clippers,Washington Wizards,LAC@WAS
2023-24,2024-01-31,regular,Milwaukee Bucks,Portland Trail Blazers,MIL@POR
2023-24,2024-01-31,regular,New Orleans Pelicans,Houston Rockets,NOP@HOU
2023-24,2024-01-31,regular,Orlando Magic,San Antonio Spurs,ORL@SAS
2023-24,2024-01-31,regular,Phoenix Suns,Brooklyn Nets,PHX@BKN
2023-24,2024-01-31,regular,Sacramento Kings,Miami Heat,SAC@MIA
2023-24,2024-02-01,regular,Cleveland Cavaliers,Memphis Grizzlies,CLE@MEM
2023-24,2024-02-01,regular,Indiana Pacers,New York Knicks,IND@NYK
2023-24,2024-02-01,regular,Los Angeles Lakers,Boston Celtics,LAL@BOS
2023-24,2024-02-01,regular,Philadelphia 76ers,Utah Jazz,PHI@UTA
2023-24,2024-02-02,regular,Charlotte Hornets,Oklahoma City Thunder,CHA@OKC
2023-24,2024-02-02,regular,Golden State Warriors,Memphis Grizzlies,GSW@MEM
2023-24,2024-02-02,regular,LA Clippers,Detroit Pistons,LAC@DET
2023-24,2024-02-02,regular,Miami Heat,Washington Wizards,MIA@WAS
2023-24,2024-02-02,regular,New Orleans Pelicans,San Antonio Spurs,NOP@SAS
2023-24,2024-02-02,regular,Orlando Magic,Minnesota Timberwolves,ORL@MIN
2023-24,2024-02-02,regular,Phoenix Suns,Atlanta Hawks,PHX@ATL
2023-24,2024-02-02,regular,Portland Trail Blazers,Denver Nuggets,POR@DEN
2023-24,2024-02-02,regular,Sacramento Kings,Indiana Pacers,SAC@IND
2023-24,2024-02-02,regular,Toronto Raptors,Houston Rockets,TOR@HOU
2023-24,2024-02-03,regular,Brooklyn Nets,Philadelphia 76ers,BKN@PHI
2023-24,2024-02-03,regular,Cleveland Cavaliers,San Antonio Spurs,CLE@SAS
2023-24,2024-02-03,regular,Golden State Warriors,Atlanta Hawks,GSW@ATL
2023-24,2024-02-03,regular,Los Angeles Lakers,New York Knicks,LAL@NYK
2023-24,2024-02-03,regular,Milwaukee Bucks,Dallas Mavericks,MIL@DAL
2023-24,2024-02-03,regular,Sacramento Kings,Chicago Bulls,SAC@CHI
2023-24,2024-02-04,regular,Houston Rockets,Minnesota Timberwolves,HOU@MIN
2023-24,2024-02-04,regular,Indiana Pacers,Charlotte Hornets,IND@CHA
2023-24,2024-02-04,regular,LA Clippers,Miami Heat,LAC@MIA
2023-24,2024-02-04,regular,Memphis Grizzlies,Boston Celtics,MEM@BOS
2023-24,2024-02-04,regular,Milwaukee Bucks,Utah Jazz,MIL@UTA
2023-24,2024-02-04,regular,Orlando Magic,Detroit Pistons,ORL@DET
2023-24,2024-02-04,regular,Phoenix Suns,Washington Wizards,PHX@WAS
2023-24,2024-02-04,regular,Portland Trail Blazers,Denver Nuggets,POR@DEN
2023-24,2024-02-04,regular,Toronto Raptors,Oklahoma City Thunder,TOR@OKC
2023-24,2024-02-05,regular,Dallas Mavericks,Philadelphia 76ers,DAL@PHI
2023-24,2024-02-05,regular,Golden State Warriors,Brooklyn Nets,GSW@BKN
2023-24,2024-02-05,regular,LA Clippers,Atlanta Hawks,LAC@ATL
2023-24,2024-02-05,regular,Los Angeles Lakers,Charlotte Hornets,LAL@CHA
2023-24,2024-02-05,regular,Sacramento Kings,Cleveland Cavaliers,SAC@CLE
2023-24,2024-02-05,regular,Toronto Raptors,New Orleans Pelicans,TOR@NOP
2023-24,2024-02-06,regular,Dallas Mavericks,Brooklyn Nets,DAL@BKN
2023-24,2024-02-06,regular,Houston Rockets,Indiana Pacers,HOU@IND
2023-24,2024-02-06,regular,Memphis Grizzlies,New York Knicks,MEM@NYK
2023-24,2024-02-06,regular,Milwaukee Bucks,Phoenix Suns,MIL@PHX
2023-24,2024-02-06,regular,Minnesota Timberwolves,Chicago Bulls,MIN@CHI
2023-24,2024-02-06,regular,Oklahoma City Thunder,Utah Jazz,OKC@UTA
2023-24,2024-02-06,regular,Orlando Magic,Miami Heat,ORL@MIA
2023-24,2024-02-07,regular,Atlanta Hawks,Boston Celtics,ATL@BOS
2023-24,2024-02-07,regular,Cleveland Cavaliers,Washington Wizards,CLE@WAS
2023-24,2024-02-07,regular,Detroit Pistons,Sacramento Kings,DET@SAC
2023-24,2024-02-07,regular,Golden State Warriors,Philadelphia 76ers,GSW@PHI
2023-24,2024-02-07,regular,New Orleans Pelicans,LA Clippers,NOP@LAC
2023-24,2024-02-07,regular,San Antonio Spurs,Miami Heat,SAS@MIA
2023-24,2024-02-07,regular,Toronto Raptors,Charlotte Hornets,TOR@CHA
2023-24,2024-02-08,regular,Chicago Bulls,Memphis Grizzlies,CHI@MEM
2023-24,2024-02-08,regular,Cleveland Cavaliers,Brooklyn Nets,CLE@BKN
2023-24,2024-02-08,regular,Dallas Mavericks,New York Knicks,DAL@NYK
2023-24,2024-02-08,regular,Denver Nuggets,Los Angeles Lakers,DEN@LAL
2023-24,2024-02-08,regular,Detroit Pistons,Portland Trail Blazers,DET@POR
2023-24,2024-02-08,regular,Golden State Warriors,Indiana Pacers,GSW@IND
2023-24,2024-02-08,regular,Minnesota Timberwolves,Milwaukee Bucks,MIN@MIL
2023-24,2024-02-08,regular,San Antonio Spurs,Orlando Magic,SAS@ORL
2023-24,2024-02-08,regular,Utah Jazz,Phoenix Suns,UTA@PHX
2023-24,2024-02-09,regular,Atlanta Hawks,Philadelphia 76ers,ATL@PHI
2023-24,2024-02-09,regular,Charlotte Hornets,Milwaukee Bucks,CHA@MIL
2023-24,2024-02-09,regular,Denver Nuggets,Sacramento Kings,DEN@SAC
2023-24,2024-02-09,regular,Houston Rockets,Toronto Raptors,HOU@TOR
2023-24,2024-02-09,regular,New Orleans Pelicans,Los Angeles Lakers,NOP@LAL
2023-24,2024-02-09,regular,Washington Wizards,Boston Celtics,WAS@BOS
2023-24,2024-02-10,regular,Chicago Bulls,Orlando Magic,CHI@ORL
2023-24,2024-02-10,regular,Cleveland Cavaliers,Toronto Raptors,CLE@TOR
2023-24,2024-02-10,regular,Detroit Pistons,LA Clippers,DET@LAC
2023-24,2024-02-10,regular,Houston Rockets,Atlanta Hawks,HOU@ATL
2023-24,2024-02-10,regular,Indiana Pacers,New York Knicks,IND@NYK
2023-24,2024-02-10,regular,Memphis Grizzlies,Charlotte Hornets,MEM@CHA
2023-24,2024-02-10,regular,New Orleans Pelicans,Portland Trail Blazers,NOP@POR
2023-24,2024-02-10,regular,Oklahoma City Thunder,Dallas Mavericks,OKC@DAL
2023-24,2024-02-10,regular,Philadelphia 76ers,Washington Wizards,PHI@WAS
2023-24,2024-02-10,regular,Phoenix Suns,Golden State Warriors,PHX@GSW
2023-24,2024-02-10,regular,San Antonio Spurs,Brooklyn Nets,SAS@BKN
2023-24,2024-02-11,regular,Boston Celtics,Miami Heat,BOS@MIA
2023-24,2024-02-11,regular,Sacramento Kings,Oklahoma City Thunder,SAC@OKC
2023-24,2024-02-12,regular,Chicago Bulls,Atlanta Hawks,CHI@ATL
2023-24,2024-02-12,regular,Denver Nuggets,Milwaukee Bucks,DEN@MIL
2023-24,2024-02-12,regular,Golden State Warriors,Utah Jazz,GSW@UTA
2023-24,2024-02-12,regular,Indiana Pacers,Charlotte Hornets,IND@CHA
2023-24,2024-02-12,regular,Minnesota Timberwolves,LA Clippers,MIN@LAC
2023-24,2024-02-12,regular,New Orleans Pelicans,Memphis Grizzlies,NOP@MEM
2023-24,2024-02-12,regular,New York Knicks,Houston Rockets,NYK@HOU
2023-24,2024-02-12,regular,Philadelphia 76ers,Cleveland Cavaliers,PHI@CLE
2023-24,2024-02-12,regular,San Antonio Spurs,Toronto Raptors,SAS@TOR
2023-24,2024-02-12,regular,Washington Wizards,Dallas Mavericks,WAS@DAL
2023-24,2024-02-13,regular,Boston Celtics,Brooklyn Nets,BOS@BKN
2023-24,2024-02-13,regular,Detroit Pistons,Los Angeles Lakers,DET@LAL
2023-24,2024-02-13,regular,Miami Heat,Milwaukee Bucks,MIA@MIL
2023-24,2024-02-13,regular,Minnesota Timberwolves,Portland Trail Blazers,MIN@POR
2023-24,2024-02-13,regular,Oklahoma City Thunder,Orlando Magic,OKC@ORL
2023-24,2024-02-13,regular,Sacramento Kings,Phoenix Suns,SAC@PHX
2023-24,2024-02-14,regular,Atlanta Hawks,Charlotte Hornets,ATL@CHA
2023-24,2024-02-14,regular,Brooklyn Nets,Boston Celtics,BKN@BOS
2023-24,2024-02-14,regular,Chicago Bulls,Cleveland Cavaliers,CHI@CLE
2023-24,2024-02-14,regular,Detroit Pistons,Phoenix Suns,DET@PHX
2023-24,2024-02-14,regular,Houston Rockets,Memphis Grizzlies,HOU@MEM
2023-24,2024-02-14,regular,Indiana Pacers,Toronto Raptors,IND@TOR
2023-24,2024-02-14,regular,LA Clippers,Golden State Warriors,LAC@GSW
2023-24,2024-02-14,regular,Los Angeles Lakers,Utah Jazz,LAL@UTA
2023-24,2024-02-14,regular,Miami Heat,Philadelphia 76ers,MIA@PHI
2023-24,2024-02-14,regular,New York Knicks,Orlando Magic,NYK@ORL
2023-24,2024-02-14,regular,Sacramento Kings,Denver Nuggets,SAC@DEN
2023-24,2024-02-14,regular,San Antonio Spurs,Dallas Mavericks,SAS@DAL
2023-24,2024-02-14,regular,Washington Wizards,New Orleans Pelicans,WAS@NOP
2023-24,2024-02-15,regular,Golden State Warriors,Utah Jazz,GSW@UTA
2023-24,2024-02-15,regular,Milwaukee Bucks,Memphis Grizzlies,MIL@MEM
2023-24,2024-02-15,regular,Minnesota Timberwolves,Portland Trail Blazers,MIN@POR
2023-24,2024-02-22,regular,Brooklyn Nets,Toronto Raptors,BKN@TOR
2023-24,2024-02-22,regular,Boston Celtics,Chicago Bulls,BOS@CHI
2023-24,2024-02-22,regular,Charlotte Hornets,Utah Jazz,CHA@UTA
2023-24,2024-02-22,regular,Detroit Pistons,Indiana Pacers,DET@IND
2023-24,2024-02-22,regular,Houston Rockets,New Orleans Pelicans,HOU@NOP
2023-24,2024-02-22,regular,LA Clippers,Oklahoma City Thunder,LAC@OKC
2023-24,2024-02-22,regular,Los Angeles Lakers,Golden State Warriors,LAL@GSW
2023-24,2024-02-22,regular,New York Knicks,Philadelphia 76ers,NYK@PHI
2023-24,2024-02-22,regular,Orlando Magic,Cleveland Cavaliers,ORL@CLE
2023-24,2024-02-22,regular,Phoenix Suns,Dallas Mavericks,PHX@DAL
2023-24,2024-02-22,regular,San Antonio Spurs,Sacramento Kings,SAS@SAC
2023-24,2024-02-22,regular,Washington Wizards,Denver Nuggets,WAS@DEN
2023-24,2024-02-23,regular,Charlotte Hornets,Golden State Warriors,CHA@GSW
2023-24,2024-02-23,regular,Cleveland Cavaliers,Philadelphia 76ers,CLE@PHI
2023-24,2024-02-23,regular,Denver Nuggets,Portland Trail Blazers,DEN@POR
2023-24,2024-02-23,regular,LA Clippers,Memphis Grizzlies,LAC@MEM
2023-24,2024-02-23,regular,Miami Heat,New Orleans Pelicans,MIA@NOP
2023-24,2024-02-23,regular,Milwaukee Bucks,Minnesota Timberwolves,MIL@MIN
2023-24,2024-02-23,regular,Phoenix Suns,Houston Rockets,PHX@HOU
2023-24,2024-02-23,regular,San Antonio Spurs,Los Angeles Lakers,SAS@LAL
2023-24,2024-02-23,regular,Toronto Raptors,Atlanta Hawks,TOR@ATL
2023-24,2024-02-23,regular,Washington Wizards,Oklahoma City Thunder,WAS@OKC
2023-24,2024-02-24,regular,Brooklyn Nets,Minnesota Timberwolves,BKN@MIN
2023-24,2024-02-24,regular,Boston Celtics,New York Knicks,BOS@NYK
2023-24,2024-02-24,regular,Orlando Magic,Detroit Pistons,ORL@DET
2023-24,2024-02-25,regular,Charlotte Hornets,Portland Trail Blazers,CHA@POR
2023-24,2024-02-25,regular,Chicago Bulls,New Orleans Pelicans,CHI@NOP
2023-24,2024-02-25,regular,Cleveland Cavaliers,Washington Wizards,CLE@WAS
2023-24,2024-02-25,regular,Dallas Mavericks,Indiana Pacers,DAL@IND
2023-24,2024-02-25,regular,Denver Nuggets,Golden State Warriors,DEN@GSW
2023-24,2024-02-25,regular,Los Angeles Lakers,Phoenix Suns,LAL@PHX
2023-24,2024-02-25,regular,Milwaukee Bucks,Philadelphia 76ers,MIL@PHI
2023-24,2024-02-25,regular,Oklahoma City Thunder,Houston Rockets,OKC@HOU
2023-24,2024-02-25,regular,Orlando Magic,Atlanta Hawks,ORL@ATL
2023-24,2024-02-25,regular,Sacramento Kings,LA Clippers,SAC@LAC
2023-24,2024-02-25,regular,San Antonio Spurs,Utah Jazz,SAS@UTA
2023-24,2024-02-26,regular,Brooklyn Nets,Memphis Grizzlies,BKN@MEM
2023-24,2024-02-26,regular,Detroit Pistons,New York Knicks,DET@NYK
2023-24,2024-02-26,regular,Miami Heat,Sacramento Kings,MIA@SAC
2023-24,2024-02-26,regular,Toronto Raptors,Indiana Pacers,TOR@IND
2023-24,2024-02-27,regular,Brooklyn Nets,Orlando Magic,BKN@ORL
2023-24,2024-02-27,regular,Charlotte Hornets,Milwaukee Bucks,CHA@MIL
2023-24,2024-02-27,regular,Dallas Mavericks,Cleveland Cavaliers,DAL@CLE
2023-24,2024-02-27,regular,Detroit Pistons,Chicago Bulls,DET@CHI
2023-24,2024-02-27,regular,Golden State Warriors,Washington Wizards,GSW@WAS
2023-24,2024-02-27,regular,Houston Rockets,Oklahoma City Thunder,HOU@OKC
2023-24,2024-02-27,regular,Miami Heat,Portland Trail Blazers,MIA@POR
2023-24,2024-02-27,regular,New Orleans Pelicans,New York Knicks,NOP@NYK
2023-24,2024-02-27,regular,Philadelphia 76ers,Boston Celtics,PHI@BOS
2023-24,2024-02-27,regular,San Antonio Spurs,Minnesota Timberwolves,SAS@MIN
2023-24,2024-02-27,regular,Utah Jazz,Atlanta Hawks,UTA@ATL
2023-24,2024-02-28,regular,Cleveland Cavaliers,Chicago Bulls,CLE@CHI
2023-24,2024-02-28,regular,Dallas Mavericks,Toronto Raptors,DAL@TOR
2023-24,2024-02-28,regular,Los Angeles Lakers,LA Clippers,LAL@LAC
2023-24,2024-02-28,regular,Memphis Grizzlies,Minnesota Timberwolves,MEM@MIN
2023-24,2024-02-28,regular,New Orleans Pelicans,Indiana Pacers,NOP@IND
2023-24,2024-02-28,regular,Sacramento Kings,Denver Nuggets,SAC@DEN
2023-24,2024-02-29,regular,Atlanta Hawks,Brooklyn Nets,ATL@BKN
2023-24,2024-02-29,regular,Golden State Warriors,New York Knicks,GSW@NYK
2023-24,2024-02-29,regular,Houston Rockets,Phoenix Suns,HOU@PHX
2023-24,2024-02-29,regular,Miami Heat,Denver Nuggets,MIA@DEN
2023-24,2024-02-29,regular,Milwaukee Bucks,Charlotte Hornets,MIL@CHA
2023-24,2024-02-29,regular,Oklahoma City Thunder,San Antonio Spurs,OKC@SAS
2023-24,2024-02-29,regular,Utah Jazz,Orlando Magic,UTA@ORL
2023-24,2024-02-29,regular,Washington Wizards,Los Angeles Lakers,WAS@LAL
2023-24,2024-03-01,regular,Charlotte Hornets,Philadelphia 76ers,CHA@PHI
2023-24,2024-03-01,regular,Cleveland Cavaliers,Detroit Pistons,CLE@DET
2023-24,2024-03-01,regular,Dallas Mavericks,Boston Celtics,DAL@BOS
2023-24,2024-03-01,regular,Golden State Warriors,Toronto Raptors,GSW@TOR
2023-24,2024-03-01,regular,Indiana Pacers,New Orleans Pelicans,IND@NOP
2023-24,2024-03-01,regular,Milwaukee Bucks,Chicago Bulls,MIL@CHI
2023-24,2024-03-01,regular,Portland Trail Blazers,Memphis Grizzlies,POR@MEM
2023-24,2024-03-01,regular,Sacramento Kings,Minnesota Timberwolves,SAC@MIN
2023-24,2024-03-01,regular,Washington Wizards,LA Clippers,WAS@LAC
2023-24,2024-03-02,regular,Atlanta Hawks,Brooklyn Nets,ATL@BKN
2023-24,2024-03-02,regular,Denver Nuggets,Los Angeles Lakers,DEN@LAL
2023-24,2024-03-02,regular,Houston Rockets,Phoenix Suns,HOU@PHX
2023-24,2024-03-02,regular,Portland Trail Blazers,Memphis Grizzlies,POR@MEM
2023-24,2024-03-02,regular,Utah Jazz,Miami Heat,UTA@MIA
2023-24,2024-03-03,regular,Charlotte Hornets,Toronto Raptors,CHA@TOR
2023-24,2024-03-03,regular,Detroit Pistons,Orlando Magic,DET@ORL
2023-24,2024-03-03,regular,Golden State Warriors,Boston Celtics,GSW@BOS
2023-24,2024-03-03,regular,Indiana Pacers,San Antonio Spurs,IND@SAS
2023-24,2024-03-03,regular,LA Clippers,Minnesota Timberwolves,LAC@MIN
2023-24,2024-03-03,regular,New York Knicks,Cleveland Cavaliers,NYK@CLE
2023-24,2024-03-03,regular,Oklahoma City Thunder,Phoenix Suns,OKC@PHX
2023-24,2024-03-03,regular,Philadelphia 76ers,Dallas Mavericks,PHI@DAL
2023-24,2024-03-04,regular,Chicago Bulls,Sacramento Kings,CHI@SAC
2023-24,2024-03-04,regular,LA Clippers,Milwaukee Bucks,LAC@MIL
2023-24,2024-03-04,regular,Memphis Grizzlies,Brooklyn Nets,MEM@BKN
2023-24,2024-03-04,regular,Oklahoma City Thunder,Los Angeles Lakers,OKC@LAL
2023-24,2024-03-04,regular,Portland Trail Blazers,Minnesota Timberwolves,POR@MIN
2023-24,2024-03-04,regular,Washington Wizards,Utah Jazz,WAS@UTA
2023-24,2024-03-05,regular,Atlanta Hawks,New York Knicks,ATL@NYK
2023-24,2024-03-05,regular,Boston Celtics,Cleveland Cavaliers,BOS@CLE
2023-24,2024-03-05,regular,Detroit Pistons,Miami Heat,DET@MIA
2023-24,2024-03-05,regular,Indiana Pacers,Dallas Mavericks,IND@DAL
2023-24,2024-03-05,regular,New Orleans Pelicans,Toronto Raptors,NOP@TOR
2023-24,2024-03-05,regular,Orlando Magic,Charlotte Hornets,ORL@CHA
2023-24,2024-03-05,regular,Philadelphia 76ers,Brooklyn Nets,PHI@BKN
2023-24,2024-03-05,regular,Phoenix Suns,Denver Nuggets,PHX@DEN
2023-24,2024-03-05,regular,San Antonio Spurs,Houston Rockets,SAS@HOU
2023-24,2024-03-06,regular,Chicago Bulls,Utah Jazz,CHI@UTA
2023-24,2024-03-06,regular,Cleveland Cavaliers,Atlanta Hawks,CLE@ATL
2023-24,2024-03-06,regular,LA Clippers,Houston Rockets,LAC@HOU
2023-24,2024-03-06,regular,Memphis Grizzlies,Philadelphia 76ers,MEM@PHI
2023-24,2024-03-06,regular,Milwaukee Bucks,Golden State Warriors,MIL@GSW
2023-24,2024-03-06,regular,Oklahoma City Thunder,Portland Trail Blazers,OKC@POR
2023-24,2024-03-06,regular,Orlando Magic,Washington Wizards,ORL@WAS
2023-24,2024-03-06,regular,Sacramento Kings,Los Angeles Lakers,SAC@LAL
2023-24,2024-03-07,regular,Brooklyn Nets,Detroit Pistons,BKN@DET
2023-24,2024-03-07,regular,Boston Celtics,Denver Nuggets,BOS@DEN
2023-24,2024-03-07,regular,Chicago Bulls,Golden State Warriors,CHI@GSW
2023-24,2024-03-07,regular,Miami Heat,Dallas Mavericks,MIA@DAL
2023-24,2024-03-07,regular,Minnesota Timberwolves,Indiana Pacers,MIN@IND
2023-24,2024-03-07,regular,San Antonio Spurs,Sacramento Kings,SAS@SAC
2023-24,2024-03-07,regular,Toronto Raptors,Phoenix Suns,TOR@PHX
2023-24,2024-03-08,regular,Atlanta Hawks,Memphis Grizzlies,ATL@MEM
2023-24,2024-03-08,regular,Charlotte Hornets,Washington Wizards,CHA@WAS
2023-24,2024-03-08,regular,Houston Rockets,Portland Trail Blazers,HOU@POR
2023-24,2024-03-08,regular,Miami Heat,Oklahoma City Thunder,MIA@OKC
2023-24,2024-03-08,regular,Milwaukee Bucks,Los Angeles Lakers,MIL@LAL
2023-24,2024-03-08,regular,Minnesota Timberwolves,Cleveland Cavaliers,MIN@CLE
2023-24,2024-03-08,regular,New Orleans Pelicans,Philadelphia 76ers,NOP@PHI
2023-24,2024-03-08,regular,Orlando Magic,New York Knicks,ORL@NYK
2023-24,2024-03-09,regular,Brooklyn Nets,Charlotte Hornets,BKN@CHA
2023-24,2024-03-09,regular,Boston Celtics,Phoenix Suns,BOS@PHX
2023-24,2024-03-09,regular,Chicago Bulls,LA Clippers,CHI@LAC
2023-24,2024-03-09,regular,Dallas Mavericks,Detroit Pistons,DAL@DET
2023-24,2024-03-09,regular,San Antonio Spurs,Golden State Warriors,SAS@GSW
2023-24,2024-03-09,regular,Toronto Raptors,Portland Trail Blazers,TOR@POR
2023-24,2024-03-09,regular,Utah Jazz,Denver Nuggets,UTA@DEN
2023-24,2024-03-10,regular,Brooklyn Nets,Cleveland Cavaliers,BKN@CLE
2023-24,2024-03-10,regular,Houston Rockets,Sacramento Kings,HOU@SAC
2023-24,2024-03-10,regular,Indiana Pacers,Orlando Magic,IND@ORL
2023-24,2024-03-10,regular,Memphis Grizzlies,Oklahoma City Thunder,MEM@OKC
2023-24,2024-03-10,regular,Milwaukee Bucks,LA Clippers,MIL@LAC
2023-24,2024-03-10,regular,Minnesota Timberwolves,Los Angeles Lakers,MIN@LAL
2023-24,2024-03-10,regular,New Orleans Pelicans,Atlanta Hawks,NOP@ATL
2023-24,2024-03-10,regular,Philadelphia 76ers,New York Knicks,PHI@NYK
2023-24,2024-03-10,regular,Washington Wizards,Miami Heat,WAS@MIA
2023-24,2024-03-11,regular,Boston Celtics,Portland Trail Blazers,BOS@POR
2023-24,2024-03-11,regular,Charlotte Hornets,Detroit Pistons,CHA@DET
2023-24,2024-03-11,regular,Dallas Mavericks,Chicago Bulls,DAL@CHI
2023-24,2024-03-11,regular,Golden State Warriors,San Antonio Spurs,GSW@SAS
2023-24,2024-03-11,regular,Phoenix Suns,Cleveland Cavaliers,PHX@CLE
2023-24,2024-03-11,regular,Toronto Raptors,Denver Nuggets,TOR@DEN
2023-24,2024-03-12,regular,Boston Celtics,Utah Jazz,BOS@UTA
2023-24,2024-03-12,regular,Houston Rockets,San Antonio Spurs,HOU@SAS
2023-24,2024-03-12,regular,Indiana Pacers,Oklahoma City Thunder,IND@OKC
2023-24,2024-03-12,regular,Milwaukee Bucks,Sacramento Kings,MIL@SAC
2023-24,2024-03-12,regular,Minnesota Timberwolves,LA Clippers,MIN@LAC
2023-24,2024-03-12,regular,Philadelphia 76ers,New York Knicks,PHI@NYK
2023-24,2024-03-12,regular,Washington Wizards,Memphis Grizzlies,WAS@MEM
2023-24,2024-03-13,regular,Atlanta Hawks,Portland Trail Blazers,ATL@POR
2023-24,2024-03-13,regular,Brooklyn Nets,Orlando Magic,BKN@ORL
2023-24,2024-03-13,regular,Charlotte Hornets,Memphis Grizzlies,CHA@MEM
2023-24,2024-03-13,regular,Chicago Bulls,Indiana Pacers,CHI@IND
2023-24,2024-03-13,regular,Cleveland Cavaliers,New Orleans Pelicans,CLE@NOP
2023-24,2024-03-13,regular,Denver Nuggets,Miami Heat,DEN@MIA
2023-24,2024-03-13,regular,Golden State Warriors,Dallas Mavericks,GSW@DAL
2023-24,2024-03-13,regular,Los Angeles Lakers,Sacramento Kings,LAL@SAC
2023-24,2024-03-13,regular,Toronto Raptors,Detroit Pistons,TOR@DET
2023-24,2024-03-14,regular,Dallas Mavericks,Oklahoma City Thunder,DAL@OKC
2023-24,2024-03-14,regular,LA Clippers,Chicago Bulls,LAC@CHI
2023-24,2024-03-14,regular,New York Knicks,Portland Trail Blazers,NYK@POR
2023-24,2024-03-14,regular,Philadelphia 76ers,Milwaukee Bucks,PHI@MIL
2023-24,2024-03-14,regular,Phoenix Suns,Boston Celtics,PHX@BOS
2023-24,2024-03-14,regular,Washington Wizards,Houston Rockets,WAS@HOU
2023-24,2024-03-15,regular,Atlanta Hawks,Utah Jazz,ATL@UTA
2023-24,2024-03-15,regular,Denver Nuggets,San Antonio Spurs,DEN@SAS
2023-24,2024-03-15,regular,LA Clippers,New Orleans Pelicans,LAC@NOP
2023-24,2024-03-15,regular,Miami Heat,Detroit Pistons,MIA@DET
2023-24,2024-03-15,regular,Orlando Magic,Toronto Raptors,ORL@TOR
2023-24,2024-03-15,regular,Phoenix Suns,Charlotte Hornets,PHX@CHA
2023-24,2024-03-16,regular,Brooklyn Nets,Indiana Pacers,BKN@IND
2023-24,2024-03-16,regular,Charlotte Hornets,Philadelphia 76ers,CHA@PHI
2023-24,2024-03-16,regular,Cleveland Cavaliers,Houston Rockets,CLE@HOU
2023-24,2024-03-16,regular,Golden State Warriors,Los Angeles Lakers,GSW@LAL
2023-24,2024-03-16,regular,Minnesota Timberwolves,Utah Jazz,MIN@UTA
2023-24,2024-03-16,regular,New York Knicks,Sacramento Kings,NYK@SAC
2023-24,2024-03-16,regular,Oklahoma City Thunder,Memphis Grizzlies,OKC@MEM
2023-24,2024-03-16,regular,Portland Trail Blazers,New Orleans Pelicans,POR@NOP
2023-24,2024-03-16,regular,Washington Wizards,Chicago Bulls,WAS@CHI
2023-24,2024-03-17,regular,Atlanta Hawks,LA Clippers,ATL@LAC
2023-24,2024-03-17,regular,Brooklyn Nets,San Antonio Spurs,BKN@SAS
2023-24,2024-03-17,regular,Boston Celtics,Washington Wizards,BOS@WAS
2023-24,2024-03-17,regular,Denver Nuggets,Dallas Mavericks,DEN@DAL
2023-24,2024-03-17,regular,Miami Heat,Detroit Pistons,MIA@DET
2023-24,2024-03-17,regular,Phoenix Suns,Milwaukee Bucks,PHX@MIL
2023-24,2024-03-17,regular,Toronto Raptors,Orlando Magic,TOR@ORL
2023-24,2024-03-18,regular,Atlanta Hawks,Los Angeles Lakers,ATL@LAL
2023-24,2024-03-18,regular,Cleveland Cavaliers,Indiana Pacers,CLE@IND
2023-24,2024-03-18,regular,Detroit Pistons,Boston Celtics,DET@BOS
2023-24,2024-03-18,regular,Memphis Grizzlies,Sacramento Kings,MEM@SAC
2023-24,2024-03-18,regular,Miami Heat,Philadelphia 76ers,MIA@PHI
2023-24,2024-03-18,regular,Minnesota Timberwolves,Utah Jazz,MIN@UTA
2023-24,2024-03-18,regular,New York Knicks,Golden State Warriors,NYK@GSW
2023-24,2024-03-18,regular,Portland Trail Blazers,Chicago Bulls,POR@CHI
2023-24,2024-03-19,regular,Charlotte Hornets,Orlando Magic,CHA@ORL
2023-24,2024-03-19,regular,Dallas Mavericks,San Antonio Spurs,DAL@SAS
2023-24,2024-03-19,regular,Denver Nuggets,Minnesota Timberwolves,DEN@MIN
2023-24,2024-03-19,regular,Houston Rockets,Washington Wizards,HOU@WAS
2023-24,2024-03-19,regular,New Orleans Pelicans,Brooklyn Nets,NOP@BKN
2023-24,2024-03-20,regular,Indiana Pacers,Detroit Pistons,IND@DET
2023-24,2024-03-20,regular,LA Clippers,Portland Trail Blazers,LAC@POR
2023-24,2024-03-20,regular,Memphis Grizzlies,Golden State Warriors,MEM@GSW
2023-24,2024-03-20,regular,Miami Heat,Cleveland Cavaliers,MIA@CLE
2023-24,2024-03-20,regular,Milwaukee Bucks,Boston Celtics,MIL@BOS
2023-24,2024-03-20,regular,Philadelphia 76ers,Phoenix Suns,PHI@PHX
2023-24,2024-03-20,regular,Sacramento Kings,Toronto Raptors,SAC@TOR
2023-24,2024-03-20,regular,Utah Jazz,Oklahoma City Thunder,UTA@OKC
2023-24,2024-03-21,regular,Atlanta Hawks,Phoenix Suns,ATL@PHX
2023-24,2024-03-21,regular,Brooklyn Nets,Milwaukee Bucks,BKN@MIL
2023-24,2024-03-21,regular,Chicago Bulls,Houston Rockets,CHI@HOU
2023-24,2024-03-21,regular,New Orleans Pelicans,Orlando Magic,NOP@ORL
2023-24,2024-03-21,regular,New York Knicks,Denver Nuggets,NYK@DEN
2023-24,2024-03-21,regular,Sacramento Kings,Washington Wizards,SAC@WAS
2023-24,2024-03-21,regular,Utah Jazz,Dallas Mavericks,UTA@DAL
2023-24,2024-03-22,regular,Boston Celtics,Detroit Pistons,BOS@DET
2023-24,2024-03-22,regular,Cleveland Cavaliers,Minnesota Timberwolves,CLE@MIN
2023-24,2024-03-22,regular,Indiana Pacers,Golden State Warriors,IND@GSW
2023-24,2024-03-22,regular,LA Clippers,Portland Trail Blazers,LAC@POR
2023-24,2024-03-22,regular,Memphis Grizzlies,San Antonio Spurs,MEM@SAS
2023-24,2024-03-22,regular,New Orleans Pelicans,Miami Heat,NOP@MIA
2023-24,2024-03-22,regular,Oklahoma City Thunder,Toronto Raptors,OKC@TOR
2023-24,2024-03-22,regular,Philadelphia 76ers,Los Angeles Lakers,PHI@LAL
2023-24,2024-03-23,regular,Brooklyn Nets,New York Knicks,BKN@NYK
2023-24,2024-03-23,regular,Boston Celtics,Chicago Bulls,BOS@CHI
2023-24,2024-03-23,regular,Charlotte Hornets,Atlanta Hawks,CHA@ATL
2023-24,2024-03-23,regular,Denver Nuggets,Portland Trail Blazers,DEN@POR
2023-24,2024-03-23,regular,Phoenix Suns,San Antonio Spurs,PHX@SAS
2023-24,2024-03-23,regular,Sacramento Kings,Orlando Magic,SAC@ORL
2023-24,2024-03-23,regular,Toronto Raptors,Washington Wizards,TOR@WAS
2023-24,2024-03-23,regular,Utah Jazz,Houston Rockets,UTA@HOU
2023-24,2024-03-24,regular,Cleveland Cavaliers,Miami Heat,CLE@MIA
2023-24,2024-03-24,regular,Golden State Warriors,Minnesota Timberwolves,GSW@MIN
2023-24,2024-03-24,regular,Indiana Pacers,Los Angeles Lakers,IND@LAL
2023-24,2024-03-24,regular,New Orleans Pelicans,Detroit Pistons,NOP@DET
2023-24,2024-03-24,regular,Oklahoma City Thunder,Milwaukee Bucks,OKC@MIL
2023-24,2024-03-24,regular,Philadelphia 76ers,LA Clippers,PHI@LAC
2023-24,2024-03-25,regular,Brooklyn Nets,Toronto Raptors,BKN@TOR
2023-24,2024-03-25,regular,Boston Celtics,Atlanta Hawks,BOS@ATL
2023-24,2024-03-25,regular,Charlotte Hornets,Cleveland Cavaliers,CHA@CLE
2023-24,2024-03-25,regular,Dallas Mavericks,Utah Jazz,DAL@UTA
2023-24,2024-03-25,regular,Detroit Pistons,New York Knicks,DET@NYK
2023-24,2024-03-25,regular,Indiana Pacers,LA Clippers,IND@LAC
2023-24,2024-03-25,regular,Memphis Grizzlies,Denver Nuggets,MEM@DEN
2023-24,2024-03-25,regular,Philadelphia 76ers,Sacramento Kings,PHI@SAC
2023-24,2024-03-25,regular,Phoenix Suns,San Antonio Spurs,PHX@SAS
2023-24,2024-03-25,regular,Portland Trail Blazers,Houston Rockets,POR@HOU
2023-24,2024-03-25,regular,Washington Wizards,Chicago Bulls,WAS@CHI
2023-24,2024-03-26,regular,Dallas Mavericks,Sacramento Kings,DAL@SAC
2023-24,2024-03-26,regular,Golden State Warriors,Miami Heat,GSW@MIA
2023-24,2024-03-26,regular,Los Angeles Lakers,Milwaukee Bucks,LAL@MIL
2023-24,2024-03-26,regular,Oklahoma City Thunder,New Orleans Pelicans,OKC@NOP
2023-24,2024-03-27,regular,Brooklyn Nets,Washington Wizards,BKN@WAS
2023-24,2024-03-27,regular,Cleveland Cavaliers,Charlotte Hornets,CLE@CHA
2023-24,2024-03-27,regular,Detroit Pistons,Minnesota Timberwolves,DET@MIN
2023-24,2024-03-27,regular,Golden State Warriors,Orlando Magic,GSW@ORL
2023-24,2024-03-27,regular,Houston Rockets,Oklahoma City Thunder,HOU@OKC
2023-24,2024-03-27,regular,Indiana Pacers,Chicago Bulls,IND@CHI
2023-24,2024-03-27,regular,LA Clippers,Philadelphia 76ers,LAC@PHI
2023-24,2024-03-27,regular,Los Angeles Lakers,Memphis Grizzlies,LAL@MEM
2023-24,2024-03-27,regular,New York Knicks,Toronto Raptors,NYK@TOR
2023-24,2024-03-27,regular,Phoenix Suns,Denver Nuggets,PHX@DEN
2023-24,2024-03-27,regular,Portland Trail Blazers,Atlanta Hawks,POR@ATL
2023-24,2024-03-27,regular,San Antonio Spurs,Utah Jazz,SAS@UTA
2023-24,2024-03-28,regular,Boston Celtics,Atlanta Hawks,BOS@ATL
2023-24,2024-03-28,regular,Milwaukee Bucks,New Orleans Pelicans,MIL@NOP
2023-24,2024-03-29,regular,Chicago Bulls,Brooklyn Nets,CHI@BKN
2023-24,2024-03-29,regular,Dallas Mavericks,Sacramento Kings,DAL@SAC
2023-24,2024-03-29,regular,Detroit Pistons,Washington Wizards,DET@WAS
2023-24,2024-03-29,regular,Golden State Warriors,Charlotte Hornets,GSW@CHA
2023-24,2024-03-29,regular,Houston Rockets,Utah Jazz,HOU@UTA
2023-24,2024-03-29,regular,LA Clippers,Orlando Magic,LAC@ORL
2023-24,2024-03-29,regular,Los Angeles Lakers,Indiana Pacers,LAL@IND
2023-24,2024-03-29,regular,Minnesota Timberwolves,Denver Nuggets,MIN@DEN
2023-24,2024-03-29,regular,New York Knicks,San Antonio Spurs,NYK@SAS
2023-24,2024-03-29,regular,Philadelphia 76ers,Cleveland Cavaliers,PHI@CLE
2023-24,2024-03-29,regular,Phoenix Suns,Oklahoma City Thunder,PHX@OKC
2023-24,2024-03-29,regular,Portland Trail Blazers,Miami Heat,POR@MIA
2023-24,2024-03-30,regular,Boston Celtics,New Orleans Pelicans,BOS@NOP
2023-24,2024-03-30,regular,Memphis Grizzlies,Orlando Magic,MEM@ORL
2023-24,2024-03-30,regular,Milwaukee Bucks,Atlanta Hawks,MIL@ATL
2023-24,2024-03-31,regular,Chicago Bulls,Minnesota Timberwolves,CHI@MIN
2023-24,2024-03-31,regular,Cleveland Cavaliers,Denver Nuggets,CLE@DEN
2023-24,2024-03-31,regular,Dallas Mavericks,Houston Rockets,DAL@HOU
2023-24,2024-03-31,regular,Golden State Warriors,San Antonio Spurs,GSW@SAS
2023-24,2024-03-31,regular,LA Clippers,Charlotte Hornets,LAC@CHA
2023-24,2024-03-31,regular,Los Angeles Lakers,Brooklyn Nets,LAL@BKN
2023-24,2024-03-31,regular,Miami Heat,Washington Wizards,MIA@WAS
2023-24,2024-03-31,regular,Oklahoma City Thunder,New York Knicks,OKC@NYK
2023-24,2024-03-31,regular,Philadelphia 76ers,Toronto Raptors,PHI@TOR
2023-24,2024-03-31,regular,Utah Jazz,Sacramento Kings,UTA@SAC
2023-24,2024-04-01,regular,Atlanta Hawks,Chicago Bulls,ATL@CHI
2023-24,2024-04-01,regular,Brooklyn Nets,Indiana Pacers,BKN@IND
2023-24,2024-04-01,regular,Boston Celtics,Charlotte Hornets,BOS@CHA
2023-24,2024-04-01,regular,Memphis Grizzlies,Detroit Pistons,MEM@DET
2023-24,2024-04-01,regular,Phoenix Suns,New Orleans Pelicans,PHX@NOP
2023-24,2024-04-01,regular,Portland Trail Blazers,Orlando Magic,POR@ORL
2023-24,2024-04-02,regular,Cleveland Cavaliers,Utah Jazz,CLE@UTA
2023-24,2024-04-02,regular,Dallas Mavericks,Golden State Warriors,DAL@GSW
2023-24,2024-04-02,regular,Houston Rockets,Minnesota Timberwolves,HOU@MIN
2023-24,2024-04-02,regular,LA Clippers,Sacramento Kings,LAC@SAC
2023-24,2024-04-02,regular,Los Angeles Lakers,Toronto Raptors,LAL@TOR
2023-24,2024-04-02,regular,Milwaukee Bucks,Washington Wizards,MIL@WAS
2023-24,2024-04-02,regular,New York Knicks,Miami Heat,NYK@MIA
2023-24,2024-04-02,regular,Oklahoma City Thunder,Philadelphia 76ers,OKC@PHI
2023-24,2024-04-02,regular,San Antonio Spurs,Denver Nuggets,SAS@DEN
2023-24,2024-04-03,regular,Cleveland Cavaliers,Phoenix Suns,CLE@PHX
2023-24,2024-04-03,regular,Detroit Pistons,Atlanta Hawks,DET@ATL
2023-24,2024-04-03,regular,Indiana Pacers,Brooklyn Nets,IND@BKN
2023-24,2024-04-03,regular,Los Angeles Lakers,Washington Wizards,LAL@WAS
2023-24,2024-04-03,regular,Memphis Grizzlies,Milwaukee Bucks,MEM@MIL
2023-24,2024-04-03,regular,Oklahoma City Thunder,Boston Celtics,OKC@BOS
2023-24,2024-04-03,regular,Orlando Magic,New Orleans Pelicans,ORL@NOP
2023-24,2024-04-03,regular,Portland Trail Blazers,Charlotte Hornets,POR@CHA
2023-24,2024-04-03,regular,Toronto Raptors,Minnesota Timberwolves,TOR@MIN
2023-24,2024-04-04,regular,Atlanta Hawks,Dallas Mavericks,ATL@DAL
2023-24,2024-04-04,regular,Denver Nuggets,LA Clippers,DEN@LAC
2023-24,2024-04-04,regular,Golden State Warriors,Houston Rockets,GSW@HOU
2023-24,2024-04-04,regular,Philadelphia 76ers,Miami Heat,PHI@MIA
2023-24,2024-04-04,regular,Sacramento Kings,New York Knicks,SAC@NYK
2023-24,2024-04-05,regular,Detroit Pistons,Memphis Grizzlies,DET@MEM
2023-24,2024-04-05,regular,Golden State Warriors,Dallas Mavericks,GSW@DAL
2023-24,2024-04-05,regular,Miami Heat,Houston Rockets,MIA@HOU
2023-24,2024-04-05,regular,Minnesota Timberwolves,Phoenix Suns,MIN@PHX
2023-24,2024-04-05,regular,New York Knicks,Chicago Bulls,NYK@CHI
2023-24,2024-04-05,regular,Oklahoma City Thunder,Indiana Pacers,OKC@IND
2023-24,2024-04-05,regular,Orlando Magic,Charlotte Hornets,ORL@CHA
2023-24,2024-04-05,regular,Portland Trail Blazers,Washington Wizards,POR@WAS
2023-24,2024-04-05,regular,Sacramento Kings,Boston Celtics,SAC@BOS
2023-24,2024-04-05,regular,San Antonio Spurs,New Orleans Pelicans,SAS@NOP
2023-24,2024-04-05,regular,Toronto Raptors,Milwaukee Bucks,TOR@MIL
2023-24,2024-04-05,regular,Utah Jazz,LA Clippers,UTA@LAC
2023-24,2024-04-06,regular,Atlanta Hawks,Denver Nuggets,ATL@DEN
2023-24,2024-04-06,regular,Cleveland Cavaliers,Los Angeles Lakers,CLE@LAL
2023-24,2024-04-06,regular,Detroit Pistons,Brooklyn Nets,DET@BKN
2023-24,2024-04-06,regular,Philadelphia 76ers,Memphis Grizzlies,PHI@MEM
2023-24,2024-04-07,regular,Chicago Bulls,Orlando Magic,CHI@ORL
2023-24,2024-04-07,regular,Cleveland Cavaliers,LA Clippers,CLE@LAC
2023-24,2024-04-07,regular,Houston Rockets,Dallas Mavericks,HOU@DAL
2023-24,2024-04-07,regular,Miami Heat,Indiana Pacers,MIA@IND
2023-24,2024-04-07,regular,Minnesota Timberwolves,Los Angeles Lakers,MIN@LAL
2023-24,2024-04-07,regular,New Orleans Pelicans,Phoenix Suns,NOP@PHX
2023-24,2024-04-07,regular,New York Knicks,Milwaukee Bucks,NYK@MIL
2023-24,2024-04-07,regular,Oklahoma City Thunder,Charlotte Hornets,OKC@CHA
2023-24,2024-04-07,regular,Philadelphia 76ers,San Antonio Spurs,PHI@SAS
2023-24,2024-04-07,regular,Portland Trail Blazers,Boston Celtics,POR@BOS
2023-24,2024-04-07,regular,Sacramento Kings,Brooklyn Nets,SAC@BKN
2023-24,2024-04-07,regular,Utah Jazz,Golden State Warriors,UTA@GSW
2023-24,2024-04-07,regular,Washington Wizards,Toronto Raptors,WAS@TOR
2023-24,2024-04-09,regular,Boston Celtics,Milwaukee Bucks,BOS@MIL
2023-24,2024-04-09,regular,Dallas Mavericks,Charlotte Hornets,DAL@CHA
2023-24,2024-04-09,regular,Denver Nuggets,Utah Jazz,DEN@UTA
2023-24,2024-04-09,regular,Detroit Pistons,Philadelphia 76ers,DET@PHI
2023-24,2024-04-09,regular,Golden State Warriors,Los Angeles Lakers,GSW@LAL
2023-24,2024-04-09,regular,Indiana Pacers,Toronto Raptors,IND@TOR
2023-24,2024-04-09,regular,LA Clippers,Phoenix Suns,LAC@PHX
2023-24,2024-04-09,regular,Miami Heat,Atlanta Hawks,MIA@ATL
2023-24,2024-04-09,regular,New Orleans Pelicans,Portland Trail Blazers,NOP@POR
2023-24,2024-04-09,regular,New York Knicks,Chicago Bulls,NYK@CHI
2023-24,2024-04-09,regular,Orlando Magic,Houston Rockets,ORL@HOU
2023-24,2024-04-09,regular,Sacramento Kings,Oklahoma City Thunder,SAC@OKC
2023-24,2024-04-09,regular,San Antonio Spurs,Memphis Grizzlies,SAS@MEM
2023-24,2024-04-09,regular,Washington Wizards,Minnesota Timberwolves,WAS@MIN
2023-24,2024-04-10,regular,Charlotte Hornets,Atlanta Hawks,CHA@ATL
2023-24,2024-04-10,regular,Dallas Mavericks,Miami Heat,DAL@MIA
2023-24,2024-04-10,regular,Memphis Grizzlies,Cleveland Cavaliers,MEM@CLE
2023-24,2024-04-10,regular,Minnesota Timberwolves,Denver Nuggets,MIN@DEN
2023-24,2024-04-10,regular,Orlando Magic,Milwaukee Bucks,ORL@MIL
2023-24,2024-04-10,regular,Phoenix Suns,LA Clippers,PHX@LAC
2023-24,2024-04-10,regular,San Antonio Spurs,Oklahoma City Thunder,SAS@OKC
2023-24,2024-04-10,regular,Toronto Raptors,Brooklyn Nets,TOR@BKN
2023-24,2024-04-11,regular,Chicago Bulls,Detroit Pistons,CHI@DET
2023-24,2024-04-11,regular,Golden State Warriors,Portland Trail Blazers,GSW@POR
2023-24,2024-04-11,regular,Houston Rockets,Utah Jazz,HOU@UTA
2023-24,2024-04-11,regular,New Orleans Pelicans,Sacramento Kings,NOP@SAC
2023-24,2024-04-11,regular,New York Knicks,Boston Celtics,NYK@BOS
2023-24,2024-04-12,regular,Atlanta Hawks,Minnesota Timberwolves,ATL@MIN
2023-24,2024-04-12,regular,Brooklyn Nets,New York Knicks,BKN@NYK
2023-24,2024-04-12,regular,Charlotte Hornets,Boston Celtics,CHA@BOS
2023-24,2024-04-12,regular,Chicago Bulls,Washington Wizards,CHI@WAS
2023-24,2024-04-12,regular,Denver Nuggets,San Antonio Spurs,DEN@SAS
2023-24,2024-04-12,regular,Detroit Pistons,Dallas Mavericks,DET@DAL
2023-24,2024-04-12,regular,Houston Rockets,Portland Trail Blazers,HOU@POR
2023-24,2024-04-12,regular,Indiana Pacers,Cleveland Cavaliers,IND@CLE
2023-24,2024-04-12,regular,Los Angeles Lakers,Memphis Grizzlies,LAL@MEM
2023-24,2024-04-12,regular,Milwaukee Bucks,Oklahoma City Thunder,MIL@OKC
2023-24,2024-04-12,regular,New Orleans Pelicans,Golden State Warriors,NOP@GSW
2023-24,2024-04-12,regular,Orlando Magic,Philadelphia 76ers,ORL@PHI
2023-24,2024-04-12,regular,Phoenix Suns,Sacramento Kings,PHX@SAC
2023-24,2024-04-12,regular,Toronto Raptors,Miami Heat,TOR@MIA
2023-24,2024-04-12,regular,Utah Jazz,LA Clippers,UTA@LAC
2023-24,2024-04-14,regular,Atlanta Hawks,Indiana Pacers,ATL@IND
2023-24,2024-04-14,regular,Brooklyn Nets,Philadelphia 76ers,BKN@PHI
2023-24,2024-04-14,regular,Charlotte Hornets,Cleveland Cavaliers,CHA@CLE
2023-24,2024-04-14,regular,Chicago Bulls,New York Knicks,CHI@NYK
2023-24,2024-04-14,regular,Dallas Mavericks,Oklahoma City Thunder,DAL@OKC
2023-24,2024-04-14,regular,Denver Nuggets,Memphis Grizzlies,DEN@MEM
2023-24,2024-04-14,regular,Detroit Pistons,San Antonio Spurs,DET@SAS
2023-24,2024-04-14,regular,Houston Rockets,LA Clippers,HOU@LAC
2023-24,2024-04-14,regular,Los Angeles Lakers,New Orleans Pelicans,LAL@NOP
2023-24,2024-04-14,regular,Milwaukee Bucks,Orlando Magic,MIL@ORL
2023-24,2024-04-14,regular,Phoenix Suns,Minnesota Timberwolves,PHX@MIN
2023-24,2024-04-14,regular,Portland Trail Blazers,Sacramento Kings,POR@SAC
2023-24,2024-04-14,regular,Toronto Raptors,Miami Heat,TOR@MIA
2023-24,2024-04-14,regular,Utah Jazz,Golden State Warriors,UTA@GSW
2023-24,2024-04-14,regular,Washington Wizards,Boston Celtics,WAS@BOS
2023-24,2024-04-16,play_in,Golden State Warriors,Sacramento Kings,GSW@SAC
2023-24,2024-04-16,play_in,Los Angeles Lakers,New Orleans Pelicans,LAL@NOP
2023-24,2024-04-17,play_in,Atlanta Hawks,Chicago Bulls,ATL@CHI
2023-24,2024-04-17,play_in,Miami Heat,Philadelphia 76ers,MIA@PHI
2023-24,2024-04-19,play_in,Chicago Bulls,Miami Heat,CHI@MIA
2023-24,2024-04-19,play_in,Sacramento Kings,New Orleans Pelicans,SAC@NOP
2023-24,2024-04-20,playoffs,Los Angeles Lakers,Denver Nuggets,LAL@DEN
2023-24,2024-04-20,playoffs,Orlando Magic,Cleveland Cavaliers,ORL@CLE
2023-24,2024-04-20,playoffs,Philadelphia 76ers,New York Knicks,PHI@NYK
2023-24,2024-04-20,playoffs,Phoenix Suns,Minnesota Timberwolves,PHX@MIN
2023-24,2024-04-21,playoffs,Dallas Mavericks,LA Clippers,DAL@LAC
2023-24,2024-04-21,playoffs,Indiana Pacers,Milwaukee Bucks,IND@MIL
2023-24,2024-04-21,playoffs,Miami Heat,Boston Celtics,MIA@BOS
2023-24,2024-04-21,playoffs,New Orleans Pelicans,Oklahoma City Thunder,NOP@OKC
2023-24,2024-04-22,playoffs,Los Angeles Lakers,Denver Nuggets,LAL@DEN
2023-24,2024-04-22,playoffs,Orlando Magic,Cleveland Cavaliers,ORL@CLE
2023-24,2024-04-22,playoffs,Philadelphia 76ers,New York Knicks,PHI@NYK
2023-24,2024-04-23,playoffs,Dallas Mavericks,LA Clippers,DAL@LAC
2023-24,2024-04-23,playoffs,Indiana Pacers,Milwaukee Bucks,IND@MIL
2023-24,2024-04-23,playoffs,Phoenix Suns,Minnesota Timberwolves,PHX@MIN
2023-24,2024-04-24,playoffs,Miami Heat,Boston Celtics,MIA@BOS
2023-24,2024-04-24,playoffs,New Orleans Pelicans,Oklahoma City Thunder,NOP@OKC
2023-24,2024-04-25,playoffs,Cleveland Cavaliers,Orlando Magic,CLE@ORL
2023-24,2024-04-25,playoffs,Denver Nuggets,Los Angeles Lakers,DEN@LAL
2023-24,2024-04-25,playoffs,New York Knicks,Philadelphia 76ers,NYK@PHI
2023-24,2024-04-26,playoffs,LA Clippers,Dallas Mavericks,LAC@DAL
2023-24,2024-04-26,playoffs,Milwaukee Bucks,Indiana Pacers,MIL@IND
2023-24,2024-04-26,playoffs,Minnesota Timberwolves,Phoenix Suns,MIN@PHX
2023-24,2024-04-27,playoffs,Boston Celtics,Miami Heat,BOS@MIA
2023-24,2024-04-27,playoffs,Cleveland Cavaliers,Orlando Magic,CLE@ORL
2023-24,2024-04-27,playoffs,Denver Nuggets,Los Angeles Lakers,DEN@LAL
2023-24,2024-04-27,playoffs,Oklahoma City Thunder,New Orleans Pelicans,OKC@NOP
2023-24,2024-04-28,playoffs,LA Clippers,Dallas Mavericks,LAC@DAL
2023-24,2024-04-28,playoffs,Milwaukee Bucks,Indiana Pacers,MIL@IND
2023-24,2024-04-28,playoffs,Minnesota Timberwolves,Phoenix Suns,MIN@PHX
2023-24,2024-04-28,playoffs,New York Knicks,Philadelphia 76ers,NYK@PHI
2023-24,2024-04-29,playoffs,Boston Celtics,Miami Heat,BOS@MIA
2023-24,2024-04-29,playoffs,Los Angeles Lakers,Denver Nuggets,LAL@DEN
2023-24,2024-04-29,playoffs,Oklahoma City Thunder,New Orleans Pelicans,OKC@NOP
2023-24,2024-04-30,playoffs,Indiana Pacers,Milwaukee Bucks,IND@MIL
2023-24,2024-04-30,playoffs,Orlando Magic,Cleveland Cavaliers,ORL@CLE
2023-24,2024-04-30,playoffs,Philadelphia 76ers,New York Knicks,PHI@NYK
2023-24,2024-05-01,playoffs,Dallas Mavericks,LA Clippers,DAL@LAC
2023-24,2024-05-01,playoffs,Miami Heat,Boston Celtics,MIA@BOS
2023-24,2024-05-02,playoffs,Milwaukee Bucks,Indiana Pacers,MIL@IND
2023-24,2024-05-02,playoffs,New York Knicks,Philadelphia 76ers,NYK@PHI
2023-24,2024-05-03,playoffs,Cleveland Cavaliers,Orlando Magic,CLE@ORL
2023-24,2024-05-03,playoffs,LA Clippers,Dallas Mavericks,LAC@DAL
2023-24,2024-05-04,playoffs,Minnesota Timberwolves,Denver Nuggets,MIN@DEN
2023-24,2024-05-05,playoffs,Orlando Magic,Cleveland Cavaliers,ORL@CLE
2023-24,2024-05-06,playoffs,Indiana Pacers,New York Knicks,IND@NYK
2023-24,2024-05-06,playoffs,Minnesota Timberwolves,Denver Nuggets,MIN@DEN
2023-24,2024-05-07,playoffs,Cleveland Cavaliers,Boston Celtics,CLE@BOS
2023-24,2024-05-07,playoffs,Dallas Mavericks,Oklahoma City Thunder,DAL@OKC
2023-24,2024-05-08,playoffs,Indiana Pacers,New York Knicks,IND@NYK
2023-24,2024-05-09,playoffs,Cleveland Cavaliers,Boston Celtics,CLE@BOS
2023-24,2024-05-09,playoffs,Dallas Mavericks,Oklahoma City Thunder,DAL@OKC
2023-24,2024-05-10,playoffs,Denver Nuggets,Minnesota Timberwolves,DEN@MIN
2023-24,2024-05-10,playoffs,New York Knicks,Indiana Pacers,NYK@IND
2023-24,2024-05-11,playoffs,Boston Celtics,Cleveland Cavaliers,BOS@CLE
2023-24,2024-05-11,playoffs,Oklahoma City Thunder,Dallas Mavericks,OKC@DAL
2023-24,2024-05-12,playoffs,Denver Nuggets,Minnesota Timberwolves,DEN@MIN
2023-24,2024-05-12,playoffs,New York Knicks,Indiana Pacers,NYK@IND
2023-24,2024-05-13,playoffs,Boston Celtics,Cleveland Cavaliers,BOS@CLE
2023-24,2024-05-13,playoffs,Oklahoma City Thunder,Dallas Mavericks,OKC@DAL
2023-24,2024-05-14,playoffs,Indiana Pacers,New York Knicks,IND@NYK
2023-24,2024-05-14,playoffs,Minnesota Timberwolves,Denver Nuggets,MIN@DEN
2023-24,2024-05-15,playoffs,Cleveland Cavaliers,Boston Celtics,CLE@BOS
2023-24,2024-05-15,playoffs,Dallas Mavericks,Oklahoma City Thunder,DAL@OKC
2023-24,2024-05-16,playoffs,Denver Nuggets,Minnesota Timberwolves,DEN@MIN
2023-24,2024-05-17,playoffs,New York Knicks,Indiana Pacers,NYK@IND
2023-24,2024-05-18,playoffs,Oklahoma City Thunder,Dallas Mavericks,OKC@DAL
2023-24,2024-05-19,playoffs,Indiana Pacers,New York Knicks,IND@NYK
2023-24,2024-05-19,playoffs,Minnesota Timberwolves,Denver Nuggets,MIN@DEN
2023-24,2024-05-21,playoffs,Indiana Pacers,Boston Celtics,IND@BOS
2023-24,2024-05-22,playoffs,Dallas Mavericks,Minnesota Timberwolves,DAL@MIN
2023-24,2024-05-23,playoffs,Indiana Pacers,Boston Celtics,IND@BOS
2023-24,2024-05-24,playoffs,Dallas Mavericks,Minnesota Timberwolves,DAL@MIN
2023-24,2024-05-25,playoffs,Boston Celtics,Indiana Pacers,BOS@IND
2023-24,2024-05-26,playoffs,Minnesota Timberwolves,Dallas Mavericks,MIN@DAL
2023-24,2024-05-27,playoffs,Boston Celtics,Indiana Pacers,BOS@IND
2023-24,2024-05-28,playoffs,Minnesota Timberwolves,Dallas Mavericks,MIN@DAL
2023-24,2024-05-30,playoffs,Dallas Mavericks,Minnesota Timberwolves,DAL@MIN
2023-24,2024-06-06,playoffs,Dallas Mavericks,Boston Celtics,DAL@BOS
2023-24,2024-06-09,playoffs,Dallas Mavericks,Boston Celtics,DAL@BOS
2023-24,2024-06-12,playoffs,Boston Celtics,Dallas Mavericks,BOS@DAL
2023-24,2024-06-14,playoffs,Boston Celtics,Dallas Mavericks,BOS@DAL
2023-24,2024-06-17,playoffs,Dallas Mavericks,Boston Celtics,DAL@BOS
2024-25,2024-10-04,preseason,Boston Celtics,Denver Nuggets,BOS@DEN
2024-25,2024-10-04,preseason,Minnesota Timberwolves,Los Angeles Lakers,MIN@LAL
2024-25,2024-10-05,preseason,Golden State Warriors,LA Clippers,GSW@LAC
2024-25,2024-10-06,preseason,Boston Celtics,Denver Nuggets,BOS@DEN
2024-25,2024-10-06,preseason,Milwaukee Bucks,Detroit Pistons,MIL@DET
2024-25,2024-10-06,preseason,New York Knicks,Charlotte Hornets,NYK@CHA
2024-25,2024-10-06,preseason,Phoenix Suns,Los Angeles Lakers,PHX@LAL
2024-25,2024-10-06,preseason,Toronto Raptors,Washington Wizards,TOR@WAS
2024-25,2024-10-07,preseason,Houston Rockets,Utah Jazz,HOU@UTA
2024-25,2024-10-07,preseason,Memphis Grizzlies,Dallas Mavericks,MEM@DAL
2024-25,2024-10-07,preseason,Oklahoma City Thunder,San Antonio Spurs,OKC@SAS
2024-25,2024-10-07,preseason,Orlando Magic,New Orleans Pelicans,ORL@NOP
2024-25,2024-10-08,preseason,Brooklyn Nets,LA Clippers,BKN@LAC
2024-25,2024-10-08,preseason,Chicago Bulls,Cleveland Cavaliers,CHI@CLE
2024-25,2024-10-08,preseason,Indiana Pacers,Atlanta Hawks,IND@ATL
2024-25,2024-10-08,preseason,Miami Heat,Charlotte Hornets,MIA@CHA
2024-25,2024-10-08,preseason,Phoenix Suns,Detroit Pistons,PHX@DET
2024-25,2024-10-09,preseason,Golden State Warriors,Sacramento Kings,GSW@SAC
2024-25,2024-10-09,preseason,Houston Rockets,Oklahoma City Thunder,HOU@OKC
2024-25,2024-10-09,preseason,Orlando Magic,San Antonio Spurs,ORL@SAS
2024-25,2024-10-09,preseason,Washington Wizards,New York Knicks,WAS@NYK
2024-25,2024-10-10,preseason,Charlotte Hornets,Memphis Grizzlies,CHA@MEM
2024-25,2024-10-10,preseason,Indiana Pacers,Cleveland Cavaliers,IND@CLE
2024-25,2024-10-10,preseason,Los Angeles Lakers,Milwaukee Bucks,LAL@MIL
2024-25,2024-10-10,preseason,Utah Jazz,Dallas Mavericks,UTA@DAL
2024-25,2024-10-11,preseason,Detroit Pistons,Phoenix Suns,DET@PHX
2024-25,2024-10-11,preseason,Philadelphia 76ers,Minnesota Timberwolves,PHI@MIN
2024-25,2024-10-11,preseason,Portland Trail Blazers,LA Clippers,POR@LAC
2024-25,2024-10-11,preseason,Sacramento Kings,Golden State Warriors,SAC@GSW
2024-25,2024-10-11,preseason,Toronto Raptors,Washington Wizards,TOR@WAS
2024-25,2024-10-12,preseason,Memphis Grizzlies,Chicago Bulls,MEM@CHI
2024-25,2024-10-12,preseason,Philadelphia 76ers,Boston Celtics,PHI@BOS
2024-25,2024-10-12,preseason,Utah Jazz,San Antonio Spurs,UTA@SAS
2024-25,2024-10-13,preseason,Detroit Pistons,Golden State Warriors,DET@GSW
2024-25,2024-10-13,preseason,Minnesota Timberwolves,New York Knicks,MIN@NYK
2024-25,2024-10-13,preseason,New Orleans Pelicans,Miami Heat,NOP@MIA
2024-25,2024-10-13,preseason,Phoenix Suns,Denver Nuggets,PHX@DEN
2024-25,2024-10-13,preseason,Portland Trail Blazers,Sacramento Kings,POR@SAC
2024-25,2024-10-13,preseason,Toronto Raptors,Boston Celtics,TOR@BOS
2024-25,2024-10-14,preseason,Chicago Bulls,Milwaukee Bucks,CHI@MIL
2024-25,2024-10-14,preseason,Dallas Mavericks,LA Clippers,DAL@LAC
2024-25,2024-10-14,preseason,Memphis Grizzlies,Indiana Pacers,MEM@IND
2024-25,2024-10-14,preseason,Philadelphia 76ers,Atlanta Hawks,PHI@ATL
2024-25,2024-10-14,preseason,Washington Wizards,Brooklyn Nets,WAS@BKN
2024-25,2024-10-15,preseason,Boston Celtics,Toronto Raptors,BOS@TOR
2024-25,2024-10-15,preseason,Charlotte Hornets,New York Knicks,CHA@NYK
2024-25,2024-10-15,preseason,Golden State Warriors,Los Angeles Lakers,GSW@LAL
2024-25,2024-10-15,preseason,New Orleans Pelicans,Houston Rockets,NOP@HOU
2024-25,2024-10-15,preseason,Oklahoma City Thunder,Denver Nuggets,OKC@DEN
2024-25,2024-10-15,preseason,Sacramento Kings,Utah Jazz,SAC@UTA
2024-25,2024-10-15,preseason,San Antonio Spurs,Miami Heat,SAS@MIA
2024-25,2024-10-16,preseason,Atlanta Hawks,Miami Heat,ATL@MIA
2024-25,2024-10-16,preseason,Brooklyn Nets,Philadelphia 76ers,BKN@PHI
2024-25,2024-10-16,preseason,Cleveland Cavaliers,Detroit Pistons,CLE@DET
2024-25,2024-10-16,preseason,Minnesota Timberwolves,Chicago Bulls,MIN@CHI
2024-25,2024-10-17,preseason,Atlanta Hawks,Oklahoma City Thunder,ATL@OKC
2024-25,2024-10-17,preseason,Charlotte Hornets,Indiana Pacers,CHA@IND
2024-25,2024-10-17,preseason,Denver Nuggets,Minnesota Timberwolves,DEN@MIN
2024-25,2024-10-17,preseason,Los Angeles Lakers,Phoenix Suns,LAL@PHX
2024-25,2024-10-17,preseason,Milwaukee Bucks,Dallas Mavericks,MIL@DAL
2024-25,2024-10-17,preseason,Sacramento Kings,LA Clippers,SAC@LAC
2024-25,2024-10-17,preseason,San Antonio Spurs,Houston Rockets,SAS@HOU
2024-25,2024-10-18,preseason,Cleveland Cavaliers,Chicago Bulls,CLE@CHI
2024-25,2024-10-18,preseason,Los Angeles Lakers,Golden State Warriors,LAL@GSW
2024-25,2024-10-18,preseason,Miami Heat,Memphis Grizzlies,MIA@MEM
2024-25,2024-10-18,preseason,New York Knicks,Washington Wizards,NYK@WAS
2024-25,2024-10-18,preseason,Philadelphia 76ers,Orlando Magic,PHI@ORL
2024-25,2024-10-18,preseason,Toronto Raptors,Brooklyn Nets,TOR@BKN
2024-25,2024-10-18,preseason,Utah Jazz,Portland Trail Blazers,UTA@POR
2024-25,2024-10-22,regular,Minnesota Timberwolves,Los Angeles Lakers,MIN@LAL
2024-25,2024-10-22,regular,New York Knicks,Boston Celtics,NYK@BOS
2024-25,2024-10-23,regular,Brooklyn Nets,Atlanta Hawks,BKN@ATL
2024-25,2024-10-23,regular,Charlotte Hornets,Houston Rockets,CHA@HOU
2024-25,2024-10-23,regular,Chicago Bulls,New Orleans Pelicans,CHI@NOP
2024-25,2024-10-23,regular,Cleveland Cavaliers,Toronto Raptors,CLE@TOR
2024-25,2024-10-23,regular,Golden State Warriors,Portland Trail Blazers,GSW@POR
2024-25,2024-10-23,regular,Indiana Pacers,Detroit Pistons,IND@DET
2024-25,2024-10-23,regular,Memphis Grizzlies,Utah Jazz,MEM@UTA
2024-25,2024-10-23,regular,Milwaukee Bucks,Philadelphia 76ers,MIL@PHI
2024-25,2024-10-23,regular,Orlando Magic,Miami Heat,ORL@MIA
2024-25,2024-10-23,regular,Phoenix Suns,LA Clippers,PHX@LAC
2024-25,2024-10-24,regular,Boston Celtics,Washington Wizards,BOS@WAS
2024-25,2024-10-24,regular,Minnesota Timberwolves,Sacramento Kings,MIN@SAC
2024-25,2024-10-24,regular,Oklahoma City Thunder,Denver Nuggets,OKC@DEN
2024-25,2024-10-24,regular,San Antonio Spurs,Dallas Mavericks,SAS@DAL
2024-25,2024-10-25,regular,Brooklyn Nets,Orlando Magic,BKN@ORL
2024-25,2024-10-25,regular,Charlotte Hornets,Atlanta Hawks,CHA@ATL
2024-25,2024-10-25,regular,Chicago Bulls,Milwaukee Bucks,CHI@MIL
2024-25,2024-10-25,regular,Detroit Pistons,Cleveland Cavaliers,DET@CLE
2024-25,2024-10-25,regular,Golden State Warriors,Utah Jazz,GSW@UTA
2024-25,2024-10-25,regular,Indiana Pacers,New York Knicks,IND@NYK
2024-25,2024-10-25,regular,Memphis Grizzlies,Houston Rockets,MEM@HOU
2024-25,2024-10-25,regular,New Orleans Pelicans,Portland Trail Blazers,NOP@POR
2024-25,2024-10-25,regular,Philadelphia 76ers,Toronto Raptors,PHI@TOR
2024-25,2024-10-25,regular,Phoenix Suns,Los Angeles Lakers,PHX@LAL
2024-25,2024-10-26,regular,Boston Celtics,Detroit Pistons,BOS@DET
2024-25,2024-10-26,regular,Cleveland Cavaliers,Washington Wizards,CLE@WAS
2024-25,2024-10-26,regular,Dallas Mavericks,Phoenix Suns,DAL@PHX
2024-25,2024-10-26,regular,Houston Rockets,San Antonio Spurs,HOU@SAS
2024-25,2024-10-26,regular,LA Clippers,Denver Nuggets,LAC@DEN
2024-25,2024-10-26,regular,Miami Heat,Charlotte Hornets,MIA@CHA
2024-25,2024-10-26,regular,Oklahoma City Thunder,Chicago Bulls,OKC@CHI
2024-25,2024-10-26,regular,Orlando Magic,Memphis Grizzlies,ORL@MEM
2024-25,2024-10-26,regular,Sacramento Kings,Los Angeles Lakers,SAC@LAL
2024-25,2024-10-26,regular,Toronto Raptors,Minnesota Timberwolves,TOR@MIN
2024-25,2024-10-27,regular,Atlanta Hawks,Oklahoma City Thunder,ATL@OKC
2024-25,2024-10-27,regular,LA Clippers,Golden State Warriors,LAC@GSW
2024-25,2024-10-27,regular,Milwaukee Bucks,Brooklyn Nets,MIL@BKN
2024-25,2024-10-27,regular,New Orleans Pelicans,Portland Trail Blazers,NOP@POR
2024-25,2024-10-27,regular,Philadelphia 76ers,Indiana Pacers,PHI@IND
2024-25,2024-10-28,regular,Chicago Bulls,Memphis Grizzlies,CHI@MEM
2024-25,2024-10-28,regular,Cleveland Cavaliers,New York Knicks,CLE@NYK
2024-25,2024-10-28,regular,Denver Nuggets,Toronto Raptors,DEN@TOR
2024-25,2024-10-28,regular,Detroit Pistons,Miami Heat,DET@MIA
2024-25,2024-10-28,regular,Houston Rockets,San Antonio Spurs,HOU@SAS
2024-25,2024-10-28,regular,Indiana Pacers,Orlando Magic,IND@ORL
2024-25,2024-10-28,regular,Los Angeles Lakers,Phoenix Suns,LAL@PHX
2024-25,2024-10-28,regular,Milwaukee Bucks,Boston Celtics,MIL@BOS
2024-25,2024-10-28,regular,Portland Trail Blazers,Sacramento Kings,POR@SAC
2024-25,2024-10-28,regular,Utah Jazz,Dallas Mavericks,UTA@DAL
2024-25,2024-10-28,regular,Washington Wizards,Atlanta Hawks,WAS@ATL
2024-25,2024-10-29,regular,Dallas Mavericks,Minnesota Timberwolves,DAL@MIN
2024-25,2024-10-29,regular,Denver Nuggets,Brooklyn Nets,DEN@BKN
2024-25,2024-10-29,regular,New Orleans Pelicans,Golden State Warriors,NOP@GSW
2024-25,2024-10-29,regular,Sacramento Kings,Utah Jazz,SAC@UTA
2024-25,2024-10-30,regular,Atlanta Hawks,Washington Wizards,ATL@WAS
2024-25,2024-10-30,regular,Brooklyn Nets,Memphis Grizzlies,BKN@MEM
2024-25,2024-10-30,regular,Boston Celtics,Indiana Pacers,BOS@IND
2024-25,2024-10-30,regular,Detroit Pistons,Philadelphia 76ers,DET@PHI
2024-25,2024-10-30,regular,Los Angeles Lakers,Cleveland Cavaliers,LAL@CLE
2024-25,2024-10-30,regular,New Orleans Pelicans,Golden State Warriors,NOP@GSW
2024-25,2024-10-30,regular,New York Knicks,Miami Heat,NYK@MIA
2024-25,2024-10-30,regular,Orlando Magic,Chicago Bulls,ORL@CHI
2024-25,2024-10-30,regular,Portland Trail Blazers,LA Clippers,POR@LAC
2024-25,2024-10-30,regular,San Antonio Spurs,Oklahoma City Thunder,SAS@OKC
2024-25,2024-10-30,regular,Toronto Raptors,Charlotte Hornets,TOR@CHA
2024-25,2024-10-31,regular,Houston Rockets,Dallas Mavericks,HOU@DAL
2024-25,2024-10-31,regular,Milwaukee Bucks,Memphis Grizzlies,MIL@MEM
2024-25,2024-10-31,regular,Phoenix Suns,LA Clippers,PHX@LAC
2024-25,2024-10-31,regular,San Antonio Spurs,Utah Jazz,SAS@UTA
2024-25,2024-11-01,regular,Boston Celtics,Charlotte Hornets,BOS@CHA
2024-25,2024-11-01,regular,Chicago Bulls,Brooklyn Nets,CHI@BKN
2024-25,2024-11-01,regular,Denver Nuggets,Minnesota Timberwolves,DEN@MIN
2024-25,2024-11-01,regular,Indiana Pacers,New Orleans Pelicans,IND@NOP
2024-25,2024-11-01,regular,Los Angeles Lakers,Toronto Raptors,LAL@TOR
2024-25,2024-11-01,regular,New York Knicks,Detroit Pistons,NYK@DET
2024-25,2024-11-01,regular,Oklahoma City Thunder,Portland Trail Blazers,OKC@POR
2024-25,2024-11-01,regular,Orlando Magic,Cleveland Cavaliers,ORL@CLE
2024-25,2024-11-01,regular,Sacramento Kings,Atlanta Hawks,SAC@ATL
2024-25,2024-11-02,regular,Boston Celtics,Charlotte Hornets,BOS@CHA
2024-25,2024-11-02,regular,Cleveland Cavaliers,Milwaukee Bucks,CLE@MIL
2024-25,2024-11-02,regular,Golden State Warriors,Houston Rockets,GSW@HOU
2024-25,2024-11-02,regular,Memphis Grizzlies,Philadelphia 76ers,MEM@PHI
2024-25,2024-11-02,regular,Miami Heat,Washington Wizards,MIA@WAS
2024-25,2024-11-02,regular,Minnesota Timberwolves,San Antonio Spurs,MIN@SAS
2024-25,2024-11-02,regular,Oklahoma City Thunder,LA Clippers,OKC@LAC
2024-25,2024-11-02,regular,Portland Trail Blazers,Phoenix Suns,POR@PHX
2024-25,2024-11-02,regular,Sacramento Kings,Toronto Raptors,SAC@TOR
2024-25,2024-11-02,regular,Utah Jazz,Denver Nuggets,UTA@DEN
2024-25,2024-11-03,regular,Atlanta Hawks,New Orleans Pelicans,ATL@NOP
2024-25,2024-11-03,regular,Detroit Pistons,Brooklyn Nets,DET@BKN
2024-25,2024-11-03,regular,Orlando Magic,Dallas Mavericks,ORL@DAL
2024-25,2024-11-04,regular,Boston Celtics,Atlanta Hawks,BOS@ATL
2024-25,2024-11-04,regular,Charlotte Hornets,Minnesota Timberwolves,CHA@MIN
2024-25,2024-11-04,regular,Golden State Warriors,Washington Wizards,GSW@WAS
2024-25,2024-11-04,regular,Indiana Pacers,Dallas Mavericks,IND@DAL
2024-25,2024-11-04,regular,Los Angeles Lakers,Detroit Pistons,LAL@DET
2024-25,2024-11-04,regular,Memphis Grizzlies,Brooklyn Nets,MEM@BKN
2024-25,2024-11-04,regular,Milwaukee Bucks,Cleveland Cavaliers,MIL@CLE
2024-25,2024-11-04,regular,New York Knicks,Houston Rockets,NYK@HOU
2024-25,2024-11-04,regular,Orlando Magic,Oklahoma City Thunder,ORL@OKC
2024-25,2024-11-04,regular,Philadelphia 76ers,Phoenix Suns,PHI@PHX
2024-25,2024-11-04,regular,Portland Trail Blazers,New Orleans Pelicans,POR@NOP
2024-25,2024-11-04,regular,Sacramento Kings,Miami Heat,SAC@MIA
2024-25,2024-11-04,regular,San Antonio Spurs,LA Clippers,SAS@LAC
2024-25,2024-11-04,regular,Toronto Raptors,Denver Nuggets,TOR@DEN
2024-25,2024-11-04,regular,Utah Jazz,Chicago Bulls,UTA@CHI
2024-25,2024-11-06,regular,Chicago Bulls,Dallas Mavericks,CHI@DAL
2024-25,2024-11-06,regular,Cleveland Cavaliers,New Orleans Pelicans,CLE@NOP
2024-25,2024-11-06,regular,Detroit Pistons,Charlotte Hornets,DET@CHA
2024-25,2024-11-06,regular,Golden State Warriors,Boston Celtics,GSW@BOS
2024-25,2024-11-06,regular,Los Angeles Lakers,Memphis Grizzlies,LAL@MEM
2024-25,2024-11-06,regular,Miami Heat,Phoenix Suns,MIA@PHX
2024-25,2024-11-06,regular,New York Knicks,Atlanta Hawks,NYK@ATL
2024-25,2024-11-06,regular,Oklahoma City Thunder,Denver Nuggets,OKC@DEN
2024-25,2024-11-06,regular,Orlando Magic,Indiana Pacers,ORL@IND
2024-25,2024-11-06,regular,Philadelphia 76ers,LA Clippers,PHI@LAC
2024-25,2024-11-06,regular,San Antonio Spurs,Houston Rockets,SAS@HOU
2024-25,2024-11-06,regular,Toronto Raptors,Sacramento Kings,TOR@SAC
2024-25,2024-11-07,regular,Minnesota Timberwolves,Chicago Bulls,MIN@CHI
2024-25,2024-11-07,regular,Portland Trail Blazers,San Antonio Spurs,POR@SAS
2024-25,2024-11-07,regular,Utah Jazz,Milwaukee Bucks,UTA@MIL
2024-25,2024-11-08,regular,Atlanta Hawks,Detroit Pistons,ATL@DET
2024-25,2024-11-08,regular,Brooklyn Nets,Boston Celtics,BKN@BOS
2024-25,2024-11-08,regular,Golden State Warriors,Cleveland Cavaliers,GSW@CLE
2024-25,2024-11-08,regular,Houston Rockets,Oklahoma City Thunder,HOU@OKC
2024-25,2024-11-08,regular,Indiana Pacers,Charlotte Hornets,IND@CHA
2024-25,2024-11-08,regular,LA Clippers,Sacramento Kings,LAC@SAC
2024-25,2024-11-08,regular,Miami Heat,Denver Nuggets,MIA@DEN
2024-25,2024-11-08,regular,Milwaukee Bucks,New York Knicks,MIL@NYK
2024-25,2024-11-08,regular,New Orleans Pelicans,Orlando Magic,NOP@ORL
2024-25,2024-11-08,regular,Philadelphia 76ers,Los Angeles Lakers,PHI@LAL
2024-25,2024-11-08,regular,Phoenix Suns,Dallas Mavericks,PHX@DAL
2024-25,2024-11-08,regular,Portland Trail Blazers,Minnesota Timberwolves,POR@MIN
2024-25,2024-11-08,regular,Washington Wizards,Memphis Grizzlies,WAS@MEM
2024-25,2024-11-09,regular,Brooklyn Nets,Cleveland Cavaliers,BKN@CLE
2024-25,2024-11-09,regular,Chicago Bulls,Atlanta Hawks,CHI@ATL
2024-25,2024-11-09,regular,Toronto Raptors,LA Clippers,TOR@LAC
2024-25,2024-11-09,regular,Utah Jazz,San Antonio Spurs,UTA@SAS
2024-25,2024-11-10,regular,Boston Celtics,Milwaukee Bucks,BOS@MIL
2024-25,2024-11-10,regular,Charlotte Hornets,Philadelphia 76ers,CHA@PHI
2024-25,2024-11-10,regular,Dallas Mavericks,Denver Nuggets,DAL@DEN
2024-25,2024-11-10,regular,Golden State Warriors,Oklahoma City Thunder,GSW@OKC
2024-25,2024-11-10,regular,Houston Rockets,Detroit Pistons,HOU@DET
2024-25,2024-11-10,regular,Memphis Grizzlies,Portland Trail Blazers,MEM@POR
2024-25,2024-11-10,regular,Miami Heat,Minnesota Timberwolves,MIA@MIN
2024-25,2024-11-10,regular,New York Knicks,Indiana Pacers,NYK@IND
2024-25,2024-11-10,regular,Sacramento Kings,Phoenix Suns,SAC@PHX
2024-25,2024-11-10,regular,Toronto Raptors,Los Angeles Lakers,TOR@LAL
2024-25,2024-11-10,regular,Washington Wizards,Orlando Magic,WAS@ORL
2024-25,2024-11-11,regular,Brooklyn Nets,New Orleans Pelicans,BKN@NOP
2024-25,2024-11-11,regular,Cleveland Cavaliers,Chicago Bulls,CLE@CHI
2024-25,2024-11-11,regular,LA Clippers,Oklahoma City Thunder,LAC@OKC
2024-25,2024-11-11,regular,Sacramento Kings,San Antonio Spurs,SAC@SAS
2024-25,2024-11-11,regular,Washington Wizards,Houston Rockets,WAS@HOU
2024-25,2024-11-12,regular,Atlanta Hawks,Boston Celtics,ATL@BOS
2024-25,2024-11-12,regular,Charlotte Hornets,Orlando Magic,CHA@ORL
2024-25,2024-11-12,regular,Dallas Mavericks,Golden State Warriors,DAL@GSW
2024-25,2024-11-12,regular,Miami Heat,Detroit Pistons,MIA@DET
2024-25,2024-11-12,regular,Minnesota Timberwolves,Portland Trail Blazers,MIN@POR
2024-25,2024-11-12,regular,New York Knicks,Philadelphia 76ers,NYK@PHI
2024-25,2024-11-12,regular,Phoenix Suns,Utah Jazz,PHX@UTA
2024-25,2024-11-12,regular,Toronto Raptors,Milwaukee Bucks,TOR@MIL
2024-25,2024-11-13,regular,Boston Celtics,Brooklyn Nets,BOS@BKN
2024-25,2024-11-13,regular,Chicago Bulls,New York Knicks,CHI@NYK
2024-25,2024-11-13,regular,Cleveland Cavaliers,Philadelphia 76ers,CLE@PHI
2024-25,2024-11-13,regular,Detroit Pistons,Milwaukee Bucks,DET@MIL
2024-25,2024-11-13,regular,Indiana Pacers,Orlando Magic,IND@ORL
2024-25,2024-11-13,regular,LA Clippers,Houston Rockets,LAC@HOU
2024-25,2024-11-13,regular,Memphis Grizzlies,Los Angeles Lakers,MEM@LAL
2024-25,2024-11-13,regular,Minnesota Timberwolves,Portland Trail Blazers,MIN@POR
2024-25,2024-11-13,regular,New Orleans Pelicans,Oklahoma City Thunder,NOP@OKC
2024-25,2024-11-13,regular,Phoenix Suns,Sacramento Kings,PHX@SAC
2024-25,2024-11-13,regular,Washington Wizards,San Antonio Spurs,WAS@SAS
2024-25,2024-11-14,regular,Dallas Mavericks,Utah Jazz,DAL@UTA
2024-25,2024-11-15,regular,Brooklyn Nets,New York Knicks,BKN@NYK
2024-25,2024-11-15,regular,Chicago Bulls,Cleveland Cavaliers,CHI@CLE
2024-25,2024-11-15,regular,Denver Nuggets,New Orleans Pelicans,DEN@NOP
2024-25,2024-11-15,regular,Detroit Pistons,Toronto Raptors,DET@TOR
2024-25,2024-11-15,regular,LA Clippers,Houston Rockets,LAC@HOU
2024-25,2024-11-15,regular,Los Angeles Lakers,San Antonio Spurs,LAL@SAS
2024-25,2024-11-15,regular,Memphis Grizzlies,Golden State Warriors,MEM@GSW
2024-25,2024-11-15,regular,Miami Heat,Indiana Pacers,MIA@IND
2024-25,2024-11-15,regular,Minnesota Timberwolves,Sacramento Kings,MIN@SAC
2024-25,2024-11-15,regular,Philadelphia 76ers,Orlando Magic,PHI@ORL
2024-25,2024-11-15,regular,Phoenix Suns,Oklahoma City Thunder,PHX@OKC
2024-25,2024-11-15,regular,Washington Wizards,Atlanta Hawks,WAS@ATL
2024-25,2024-11-16,regular,Los Angeles Lakers,New Orleans Pelicans,LAL@NOP
2024-25,2024-11-16,regular,Milwaukee Bucks,Charlotte Hornets,MIL@CHA
2024-25,2024-11-16,regular,San Antonio Spurs,Dallas Mavericks,SAS@DAL
2024-25,2024-11-16,regular,Toronto Raptors,Boston Celtics,TOR@BOS
2024-25,2024-11-16,regular,Utah Jazz,Sacramento Kings,UTA@SAC
2024-25,2024-11-17,regular,Atlanta Hawks,Portland Trail Blazers,ATL@POR
2024-25,2024-11-17,regular,Brooklyn Nets,New York Knicks,BKN@NYK
2024-25,2024-11-17,regular,Charlotte Hornets,Cleveland Cavaliers,CHA@CLE
2024-25,2024-11-17,regular,Dallas Mavericks,Oklahoma City Thunder,DAL@OKC
2024-25,2024-11-17,regular,Denver Nuggets,Memphis Grizzlies,DEN@MEM
2024-25,2024-11-17,regular,Detroit Pistons,Washington Wizards,DET@WAS
2024-25,2024-11-17,regular,Houston Rockets,Chicago Bulls,HOU@CHI
2024-25,2024-11-17,regular,Miami Heat,Indiana Pacers,MIA@IND
2024-25,2024-11-17,regular,Phoenix Suns,Minnesota Timberwolves,PHX@MIN
2024-25,2024-11-17,regular,Utah Jazz,LA Clippers,UTA@LAC
2024-25,2024-11-18,regular,Atlanta Hawks,Sacramento Kings,ATL@SAC
2024-25,2024-11-18,regular,Chicago Bulls,Detroit Pistons,CHI@DET
2024-25,2024-11-18,regular,Golden State Warriors,LA Clippers,GSW@LAC
2024-25,2024-11-18,regular,Houston Rockets,Milwaukee Bucks,HOU@MIL
2024-25,2024-11-18,regular,Indiana Pacers,Toronto Raptors,IND@TOR
2024-25,2024-11-18,regular,Orlando Magic,Phoenix Suns,ORL@PHX
2024-25,2024-11-18,regular,Philadelphia 76ers,Miami Heat,PHI@MIA
2024-25,2024-11-18,regular,Washington Wizards,New York Knicks,WAS@NYK
2024-25,2024-11-19,regular,Charlotte Hornets,Brooklyn Nets,CHA@BKN
2024-25,2024-11-19,regular,Cleveland Cavaliers,Boston Celtics,CLE@BOS
2024-25,2024-11-19,regular,Denver Nuggets,Memphis Grizzlies,DEN@MEM
2024-25,2024-11-19,regular,New Orleans Pelicans,Dallas Mavericks,NOP@DAL
2024-25,2024-11-19,regular,Oklahoma City Thunder,San Antonio Spurs,OKC@SAS
2024-25,2024-11-19,regular,Utah Jazz,Los Angeles Lakers,UTA@LAL
2024-25,2024-11-20,regular,Atlanta Hawks,Golden State Warriors,ATL@GSW
2024-25,2024-11-20,regular,Chicago Bulls,Milwaukee Bucks,CHI@MIL
2024-25,2024-11-20,regular,Indiana Pacers,Houston Rockets,IND@HOU
2024-25,2024-11-20,regular,New Orleans Pelicans,Cleveland Cavaliers,NOP@CLE
2024-25,2024-11-20,regular,New York Knicks,Phoenix Suns,NYK@PHX
2024-25,2024-11-20,regular,Orlando Magic,LA Clippers,ORL@LAC
2024-25,2024-11-20,regular,Philadelphia 76ers,Memphis Grizzlies,PHI@MEM
2024-25,2024-11-20,regular,Portland Trail Blazers,Oklahoma City Thunder,POR@OKC
2024-25,2024-11-21,regular,Detroit Pistons,Charlotte Hornets,DET@CHA
2024-25,2024-11-21,regular,Minnesota Timberwolves,Toronto Raptors,MIN@TOR
2024-25,2024-11-21,regular,Orlando Magic,Los Angeles Lakers,ORL@LAL
2024-25,2024-11-21,regular,Utah Jazz,San Antonio Spurs,UTA@SAS
2024-25,2024-11-22,regular,Atlanta Hawks,Chicago Bulls,ATL@CHI
2024-25,2024-11-22,regular,Brooklyn Nets,Philadelphia 76ers,BKN@PHI
2024-25,2024-11-22,regular,Boston Celtics,Washington Wizards,BOS@WAS
2024-25,2024-11-22,regular,Dallas Mavericks,Denver Nuggets,DAL@DEN
2024-25,2024-11-22,regular,Golden State Warriors,New Orleans Pelicans,GSW@NOP
2024-25,2024-11-22,regular,Indiana Pacers,Milwaukee Bucks,IND@MIL
2024-25,2024-11-22,regular,Portland Trail Blazers,Houston Rockets,POR@HOU
2024-25,2024-11-22,regular,Sacramento Kings,LA Clippers,SAC@LAC
2024-25,2024-11-23,regular,Charlotte Hornets,Milwaukee Bucks,CHA@MIL
2024-25,2024-11-23,regular,Denver Nuggets,Los Angeles Lakers,DEN@LAL
2024-25,2024-11-23,regular,Detroit Pistons,Orlando Magic,DET@ORL
2024-25,2024-11-23,regular,Golden State Warriors,San Antonio Spurs,GSW@SAS
2024-25,2024-11-23,regular,Memphis Grizzlies,Chicago Bulls,MEM@CHI
2024-25,2024-11-23,regular,New York Knicks,Utah Jazz,NYK@UTA
2024-25,2024-11-23,regular,Portland Trail Blazers,Houston Rockets,POR@HOU
2024-25,2024-11-24,regular,Brooklyn Nets,Sacramento Kings,BKN@SAC
2024-25,2024-11-24,regular,Dallas Mavericks,Miami Heat,DAL@MIA
2024-25,2024-11-24,regular,LA Clippers,Philadelphia 76ers,LAC@PHI
2024-25,2024-11-24,regular,Minnesota Timberwolves,Boston Celtics,MIN@BOS
2024-25,2024-11-24,regular,Toronto Raptors,Cleveland Cavaliers,TOR@CLE
2024-25,2024-11-24,regular,Washington Wizards,Indiana Pacers,WAS@IND
2024-25,2024-11-25,regular,Brooklyn Nets,Golden State Warriors,BKN@GSW
2024-25,2024-11-25,regular,Dallas Mavericks,Atlanta Hawks,DAL@ATL
2024-25,2024-11-25,regular,LA Clippers,Boston Celtics,LAC@BOS
2024-25,2024-11-25,regular,New Orleans Pelicans,Indiana Pacers,NOP@IND
2024-25,2024-11-25,regular,New York Knicks,Denver Nuggets,NYK@DEN
2024-25,2024-11-25,regular,Oklahoma City Thunder,Sacramento Kings,OKC@SAC
2024-25,2024-11-25,regular,Orlando Magic,Charlotte Hornets,ORL@CHA
2024-25,2024-11-25,regular,Portland Trail Blazers,Memphis Grizzlies,POR@MEM
2024-25,2024-11-25,regular,Toronto Raptors,Detroit Pistons,TOR@DET
2024-25,2024-11-26,regular,Chicago Bulls,Washington Wizards,CHI@WAS
2024-25,2024-11-26,regular,Houston Rockets,Minnesota Timberwolves,HOU@MIN
2024-25,2024-11-26,regular,Los Angeles Lakers,Phoenix Suns,LAL@PHX
2024-25,2024-11-26,regular,Milwaukee Bucks,Miami Heat,MIL@MIA
2024-25,2024-11-26,regular,San Antonio Spurs,Utah Jazz,SAS@UTA
2024-25,2024-11-27,regular,Atlanta Hawks,Cleveland Cavaliers,ATL@CLE
2024-25,2024-11-27,regular,Brooklyn Nets,Phoenix Suns,BKN@PHX
2024-25,2024-11-27,regular,Chicago Bulls,Orlando Magic,CHI@ORL
2024-25,2024-11-27,regular,Denver Nuggets,Utah Jazz,DEN@UTA
2024-25,2024-11-27,regular,Detroit Pistons,Memphis Grizzlies,DET@MEM
2024-25,2024-11-27,regular,Houston Rockets,Philadelphia 76ers,HOU@PHI
2024-25,2024-11-27,regular,LA Clippers,Washington Wizards,LAC@WAS
2024-25,2024-11-27,regular,Los Angeles Lakers,San Antonio Spurs,LAL@SAS
2024-25,2024-11-27,regular,Miami Heat,Charlotte Hornets,MIA@CHA
2024-25,2024-11-27,regular,New York Knicks,Dallas Mavericks,NYK@DAL
2024-25,2024-11-27,regular,Oklahoma City Thunder,Golden State Warriors,OKC@GSW
2024-25,2024-11-27,regular,Portland Trail Blazers,Indiana Pacers,POR@IND
2024-25,2024-11-27,regular,Sacramento Kings,Minnesota Timberwolves,SAC@MIN
2024-25,2024-11-27,regular,Toronto Raptors,New Orleans Pelicans,TOR@NOP
2024-25,2024-11-29,regular,Boston Celtics,Chicago Bulls,BOS@CHI
2024-25,2024-11-29,regular,Cleveland Cavaliers,Atlanta Hawks,CLE@ATL
2024-25,2024-11-29,regular,Detroit Pistons,Indiana Pacers,DET@IND
2024-25,2024-11-29,regular,LA Clippers,Minnesota Timberwolves,LAC@MIN
2024-25,2024-11-29,regular,New Orleans Pelicans,Memphis Grizzlies,NOP@MEM
2024-25,2024-11-29,regular,New York Knicks,Charlotte Hornets,NYK@CHA
2024-25,2024-11-29,regular,Oklahoma City Thunder,Los Angeles Lakers,OKC@LAL
2024-25,2024-11-29,regular,Orlando Magic,Brooklyn Nets,ORL@BKN
2024-25,2024-11-29,regular,Sacramento Kings,Portland Trail Blazers,SAC@POR
2024-25,2024-11-29,regular,Toronto Raptors,Miami Heat,TOR@MIA
2024-25,2024-11-30,regular,Atlanta Hawks,Charlotte Hornets,ATL@CHA
2024-25,2024-11-30,regular,Dallas Mavericks,Utah Jazz,DAL@UTA
2024-25,2024-11-30,regular,Golden State Warriors,Phoenix Suns,GSW@PHX
2024-25,2024-11-30,regular,Philadelphia 76ers,Detroit Pistons,PHI@DET
2024-25,2024-11-30,regular,Washington Wizards,Milwaukee Bucks,WAS@MIL
2024-25,2024-12-01,regular,Boston Celtics,Cleveland Cavaliers,BOS@CLE
2024-25,2024-12-01,regular,Dallas Mavericks,Portland Trail Blazers,DAL@POR
2024-25,2024-12-01,regular,Denver Nuggets,LA Clippers,DEN@LAC
2024-25,2024-12-01,regular,Indiana Pacers,Memphis Grizzlies,IND@MEM
2024-25,2024-12-01,regular,Los Angeles Lakers,Utah Jazz,LAL@UTA
2024-25,2024-12-01,regular,Miami Heat,Toronto Raptors,MIA@TOR
2024-25,2024-12-01,regular,New Orleans Pelicans,New York Knicks,NOP@NYK
2024-25,2024-12-01,regular,Oklahoma City Thunder,Houston Rockets,OKC@HOU
2024-25,2024-12-01,regular,Orlando Magic,Brooklyn Nets,ORL@BKN
2024-25,2024-12-01,regular,San Antonio Spurs,Sacramento Kings,SAS@SAC
2024-25,2024-12-02,regular,Brooklyn Nets,Chicago Bulls,BKN@CHI
2024-25,2024-12-02,regular,Los Angeles Lakers,Minnesota Timberwolves,LAL@MIN
2024-25,2024-12-02,regular,Miami Heat,Boston Celtics,MIA@BOS
2024-25,2024-12-02,regular,New Orleans Pelicans,Atlanta Hawks,NOP@ATL
2024-25,2024-12-03,regular,Golden State Warriors,Denver Nuggets,GSW@DEN
2024-25,2024-12-03,regular,Houston Rockets,Sacramento Kings,HOU@SAC
2024-25,2024-12-03,regular,Indiana Pacers,Toronto Raptors,IND@TOR
2024-25,2024-12-03,regular,Memphis Grizzlies,Dallas Mavericks,MEM@DAL
2024-25,2024-12-03,regular,Milwaukee Bucks,Detroit Pistons,MIL@DET
2024-25,2024-12-03,regular,Orlando Magic,New York Knicks,ORL@NYK
2024-25,2024-12-03,regular,Philadelphia 76ers,Charlotte Hornets,PHI@CHA
2024-25,2024-12-03,regular,Portland Trail Blazers,LA Clippers,POR@LAC
2024-25,2024-12-03,regular,San Antonio Spurs,Phoenix Suns,SAS@PHX
2024-25,2024-12-03,regular,Utah Jazz,Oklahoma City Thunder,UTA@OKC
2024-25,2024-12-03,regular,Washington Wizards,Cleveland Cavaliers,WAS@CLE
2024-25,2024-12-04,regular,Atlanta Hawks,Milwaukee Bucks,ATL@MIL
2024-25,2024-12-04,regular,Detroit Pistons,Boston Celtics,DET@BOS
2024-25,2024-12-04,regular,Indiana Pacers,Brooklyn Nets,IND@BKN
2024-25,2024-12-04,regular,Los Angeles Lakers,Miami Heat,LAL@MIA
2024-25,2024-12-04,regular,Minnesota Timberwolves,LA Clippers,MIN@LAC
2024-25,2024-12-04,regular,Orlando Magic,Philadelphia 76ers,ORL@PHI
2024-25,2024-12-05,regular,Charlotte Hornets,New York Knicks,CHA@NYK
2024-25,2024-12-05,regular,Chicago Bulls,San Antonio Spurs,CHI@SAS
2024-25,2024-12-05,regular,Dallas Mavericks,Washington Wizards,DAL@WAS
2024-25,2024-12-05,regular,Denver Nuggets,Cleveland Cavaliers,DEN@CLE
2024-25,2024-12-05,regular,Houston Rockets,Golden State Warriors,HOU@GSW
2024-25,2024-12-05,regular,Oklahoma City Thunder,Toronto Raptors,OKC@TOR
2024-25,2024-12-05,regular,Phoenix Suns,New Orleans Pelicans,PHX@NOP
2024-25,2024-12-05,regular,Sacramento Kings,Memphis Grizzlies,SAC@MEM
2024-25,2024-12-06,regular,Indiana Pacers,Chicago Bulls,IND@CHI
2024-25,2024-12-06,regular,Los Angeles Lakers,Atlanta Hawks,LAL@ATL
2024-25,2024-12-06,regular,Milwaukee Bucks,Boston Celtics,MIL@BOS
2024-25,2024-12-06,regular,Minnesota Timberwolves,Golden State Warriors,MIN@GSW
2024-25,2024-12-06,regular,Orlando Magic,Philadelphia 76ers,ORL@PHI
2024-25,2024-12-06,regular,Sacramento Kings,San Antonio Spurs,SAC@SAS
2024-25,2024-12-06,regular,Utah Jazz,Portland Trail Blazers,UTA@POR
2024-25,2024-12-07,regular,Cleveland Cavaliers,Charlotte Hornets,CLE@CHA
2024-25,2024-12-07,regular,Dallas Mavericks,Toronto Raptors,DAL@TOR
2024-25,2024-12-07,regular,Denver Nuggets,Washington Wizards,DEN@WAS
2024-25,2024-12-07,regular,Detroit Pistons,New York Knicks,DET@NYK
2024-25,2024-12-07,regular,Memphis Grizzlies,Boston Celtics,MEM@BOS
2024-25,2024-12-07,regular,Oklahoma City Thunder,New Orleans Pelicans,OKC@NOP
2024-25,2024-12-07,regular,Phoenix Suns,Miami Heat,PHX@MIA
2024-25,2024-12-08,regular,Charlotte Hornets,Indiana Pacers,CHA@IND
2024-25,2024-12-08,regular,Cleveland Cavaliers,Miami Heat,CLE@MIA
2024-25,2024-12-08,regular,Denver Nuggets,Atlanta Hawks,DEN@ATL
2024-25,2024-12-08,regular,Houston Rockets,LA Clippers,HOU@LAC
2024-25,2024-12-08,regular,Memphis Grizzlies,Washington Wizards,MEM@WAS
2024-25,2024-12-08,regular,Milwaukee Bucks,Brooklyn Nets,MIL@BKN
2024-25,2024-12-08,regular,Minnesota Timberwolves,Golden State Warriors,MIN@GSW
2024-25,2024-12-08,regular,New Orleans Pelicans,San Antonio Spurs,NOP@SAS
2024-25,2024-12-08,regular,Philadelphia 76ers,Chicago Bulls,PHI@CHI
2024-25,2024-12-08,regular,Phoenix Suns,Orlando Magic,PHX@ORL
2024-25,2024-12-08,regular,Portland Trail Blazers,Los Angeles Lakers,POR@LAL
2024-25,2024-12-08,regular,Utah Jazz,Sacramento Kings,UTA@SAC
2024-25,2024-12-09,regular,New York Knicks,Toronto Raptors,NYK@TOR
2024-25,2024-12-10,regular,Dallas Mavericks,Oklahoma City Thunder,DAL@OKC
2024-25,2024-12-10,regular,Orlando Magic,Milwaukee Bucks,ORL@MIL
2024-25,2024-12-11,regular,Atlanta Hawks,New York Knicks,ATL@NYK
2024-25,2024-12-11,regular,Golden State Warriors,Houston Rockets,GSW@HOU
2024-25,2024-12-12,regular,Detroit Pistons,Boston Celtics,DET@BOS
2024-25,2024-12-12,regular,Sacramento Kings,New Orleans Pelicans,SAC@NOP
2024-25,2024-12-12,regular,Toronto Raptors,Miami Heat,TOR@MIA
2024-25,2024-12-13,regular,Brooklyn Nets,Memphis Grizzlies,BKN@MEM
2024-25,2024-12-13,regular,Charlotte Hornets,Chicago Bulls,CHA@CHI
2024-25,2024-12-13,regular,Indiana Pacers,Philadelphia 76ers,IND@PHI
2024-25,2024-12-13,regular,LA Clippers,Denver Nuggets,LAC@DEN
2024-25,2024-12-13,regular,Los Angeles Lakers,Minnesota Timberwolves,LAL@MIN
2024-25,2024-12-13,regular,Phoenix Suns,Utah Jazz,PHX@UTA
2024-25,2024-12-13,regular,San Antonio Spurs,Portland Trail Blazers,SAS@POR
2024-25,2024-12-13,regular,Washington Wizards,Cleveland Cavaliers,WAS@CLE
2024-25,2024-12-14,regular,Atlanta Hawks,Milwaukee Bucks,ATL@MIL
2024-25,2024-12-14,regular,Houston Rockets,Oklahoma City Thunder,HOU@OKC
2024-25,2024-12-15,regular,Boston Celtics,Washington Wizards,BOS@WAS
2024-25,2024-12-15,regular,Dallas Mavericks,Golden State Warriors,DAL@GSW
2024-25,2024-12-15,regular,Memphis Grizzlies,Los Angeles Lakers,MEM@LAL
2024-25,2024-12-15,regular,Minnesota Timberwolves,San Antonio Spurs,MIN@SAS
2024-25,2024-12-15,regular,New Orleans Pelicans,Indiana Pacers,NOP@IND
2024-25,2024-12-15,regular,New York Knicks,Orlando Magic,NYK@ORL
2024-25,2024-12-15,regular,Portland Trail Blazers,Phoenix Suns,POR@PHX
2024-25,2024-12-16,regular,Chicago Bulls,Toronto Raptors,CHI@TOR
2024-25,2024-12-16,regular,Cleveland Cavaliers,Brooklyn Nets,CLE@BKN
2024-25,2024-12-16,regular,Denver Nuggets,Sacramento Kings,DEN@SAC
2024-25,2024-12-16,regular,Miami Heat,Detroit Pistons,MIA@DET
2024-25,2024-12-16,regular,Philadelphia 76ers,Charlotte Hornets,PHI@CHA
2024-25,2024-12-16,regular,Utah Jazz,LA Clippers,UTA@LAC
2024-25,2024-12-19,regular,Atlanta Hawks,San Antonio Spurs,ATL@SAS
2024-25,2024-12-19,regular,Brooklyn Nets,Toronto Raptors,BKN@TOR
2024-25,2024-12-19,regular,Charlotte Hornets,Washington Wizards,CHA@WAS
2024-25,2024-12-19,regular,Chicago Bulls,Boston Celtics,CHI@BOS
2024-25,2024-12-19,regular,Denver Nuggets,Portland Trail Blazers,DEN@POR
2024-25,2024-12-19,regular,Golden State Warriors,Memphis Grizzlies,GSW@MEM
2024-25,2024-12-19,regular,Indiana Pacers,Phoenix Suns,IND@PHX
2024-25,2024-12-19,regular,LA Clippers,Dallas Mavericks,LAC@DAL
2024-25,2024-12-19,regular,Los Angeles Lakers,Sacramento Kings,LAL@SAC
2024-25,2024-12-19,regular,New Orleans Pelicans,Houston Rockets,NOP@HOU
2024-25,2024-12-19,regular,New York Knicks,Minnesota Timberwolves,NYK@MIN
2024-25,2024-12-19,regular,Oklahoma City Thunder,Orlando Magic,OKC@ORL
2024-25,2024-12-19,regular,Utah Jazz,Detroit Pistons,UTA@DET
2024-25,2024-12-20,regular,Charlotte Hornets,Philadelphia 76ers,CHA@PHI
2024-25,2024-12-20,regular,Milwaukee Bucks,Cleveland Cavaliers,MIL@CLE
2024-25,2024-12-20,regular,Oklahoma City Thunder,Miami Heat,OKC@MIA
2024-25,2024-12-21,regular,Boston Celtics,Chicago Bulls,BOS@CHI
2024-25,2024-12-21,regular,Detroit Pistons,Phoenix Suns,DET@PHX
2024-25,2024-12-21,regular,Golden State Warriors,Minnesota Timberwolves,GSW@MIN
2024-25,2024-12-21,regular,LA Clippers,Dallas Mavericks,LAC@DAL
2024-25,2024-12-21,regular,Los Angeles Lakers,Sacramento Kings,LAL@SAC
2024-25,2024-12-21,regular,Memphis Grizzlies,Atlanta Hawks,MEM@ATL
2024-25,2024-12-21,regular,Miami Heat,Orlando Magic,MIA@ORL
2024-25,2024-12-21,regular,New York Knicks,New Orleans Pelicans,NYK@NOP
2024-25,2024-12-21,regular,Philadelphia 76ers,Cleveland Cavaliers,PHI@CLE
2024-25,2024-12-21,regular,Portland Trail Blazers,San Antonio Spurs,POR@SAS
2024-25,2024-12-21,regular,Utah Jazz,Brooklyn Nets,UTA@BKN
2024-25,2024-12-21,regular,Washington Wizards,Milwaukee Bucks,WAS@MIL
2024-25,2024-12-22,regular,Denver Nuggets,New Orleans Pelicans,DEN@NOP
2024-25,2024-12-22,regular,Houston Rockets,Toronto Raptors,HOU@TOR
2024-25,2024-12-22,regular,Indiana Pacers,Sacramento Kings,IND@SAC
2024-25,2024-12-23,regular,Brooklyn Nets,Miami Heat,BKN@MIA
2024-25,2024-12-23,regular,Boston Celtics,Orlando Magic,BOS@ORL
2024-25,2024-12-23,regular,Detroit Pistons,Los Angeles Lakers,DET@LAL
2024-25,2024-12-23,regular,Houston Rockets,Charlotte Hornets,HOU@CHA
2024-25,2024-12-23,regular,Indiana Pacers,Golden State Warriors,IND@GSW
2024-25,2024-12-23,regular,LA Clippers,Memphis Grizzlies,LAC@MEM
2024-25,2024-12-23,regular,Milwaukee Bucks,Chicago Bulls,MIL@CHI
2024-25,2024-12-23,regular,Minnesota Timberwolves,Atlanta Hawks,MIN@ATL
2024-25,2024-12-23,regular,Phoenix Suns,Denver Nuggets,PHX@DEN
2024-25,2024-12-23,regular,Portland Trail Blazers,Dallas Mavericks,POR@DAL
2024-25,2024-12-23,regular,San Antonio Spurs,Philadelphia 76ers,SAS@PHI
2024-25,2024-12-23,regular,Toronto Raptors,New York Knicks,TOR@NYK
2024-25,2024-12-23,regular,Utah Jazz,Cleveland Cavaliers,UTA@CLE
2024-25,2024-12-23,regular,Washington Wizards,Oklahoma City Thunder,WAS@OKC
2024-25,2024-12-25,regular,Denver Nuggets,Phoenix Suns,DEN@PHX
2024-25,2024-12-25,regular,Los Angeles Lakers,Golden State Warriors,LAL@GSW
2024-25,2024-12-25,regular,Minnesota Timberwolves,Dallas Mavericks,MIN@DAL
2024-25,2024-12-25,regular,Philadelphia 76ers,Boston Celtics,PHI@BOS
2024-25,2024-12-25,regular,San Antonio Spurs,New York Knicks,SAS@NYK
2024-25,2024-12-26,regular,Brooklyn Nets,Milwaukee Bucks,BKN@MIL
2024-25,2024-12-26,regular,Charlotte Hornets,Washington Wizards,CHA@WAS
2024-25,2024-12-26,regular,Chicago Bulls,Atlanta Hawks,CHI@ATL
2024-25,2024-12-26,regular,Detroit Pistons,Sacramento Kings,DET@SAC
2024-25,2024-12-26,regular,Houston Rockets,New Orleans Pelicans,HOU@NOP
2024-25,2024-12-26,regular,Miami Heat,Orlando Magic,MIA@ORL
2024-25,2024-12-26,regular,Oklahoma City Thunder,Indiana Pacers,OKC@IND
2024-25,2024-12-26,regular,Toronto Raptors,Memphis Grizzlies,TOR@MEM
2024-25,2024-12-26,regular,Utah Jazz,Portland Trail Blazers,UTA@POR
2024-25,2024-12-27,regular,Cleveland Cavaliers,Denver Nuggets,CLE@DEN
2024-25,2024-12-27,regular,Dallas Mavericks,Phoenix Suns,DAL@PHX
2024-25,2024-12-27,regular,Golden State Warriors,LA Clippers,GSW@LAC
2024-25,2024-12-27,regular,Indiana Pacers,Boston Celtics,IND@BOS
2024-25,2024-12-27,regular,Memphis Grizzlies,New Orleans Pelicans,MEM@NOP
2024-25,2024-12-27,regular,Minnesota Timberwolves,Houston Rockets,MIN@HOU
2024-25,2024-12-27,regular,New York Knicks,Orlando Magic,NYK@ORL
2024-25,2024-12-27,regular,San Antonio Spurs,Brooklyn Nets,SAS@BKN
2024-25,2024-12-28,regular,Dallas Mavericks,Portland Trail Blazers,DAL@POR
2024-25,2024-12-28,regular,Detroit Pistons,Denver Nuggets,DET@DEN
2024-25,2024-12-28,regular,Miami Heat,Atlanta Hawks,MIA@ATL
2024-25,2024-12-28,regular,Milwaukee Bucks,Chicago Bulls,MIL@CHI
2024-25,2024-12-28,regular,New York Knicks,Washington Wizards,NYK@WAS
2024-25,2024-12-28,regular,Oklahoma City Thunder,Charlotte Hornets,OKC@CHA
2024-25,2024-12-28,regular,Philadelphia 76ers,Utah Jazz,PHI@UTA
2024-25,2024-12-28,regular,Phoenix Suns,Golden State Warriors,PHX@GSW
2024-25,2024-12-28,regular,Sacramento Kings,Los Angeles Lakers,SAC@LAL
2024-25,2024-12-29,regular,Atlanta Hawks,Toronto Raptors,ATL@TOR
2024-25,2024-12-29,regular,Brooklyn Nets,Orlando Magic,BKN@ORL
2024-25,2024-12-29,regular,Indiana Pacers,Boston Celtics,IND@BOS
2024-25,2024-12-29,regular,Memphis Grizzlies,Oklahoma City Thunder,MEM@OKC
2024-25,2024-12-29,regular,Miami Heat,Houston Rockets,MIA@HOU
2024-25,2024-12-29,regular,San Antonio Spurs,Minnesota Timberwolves,SAS@MIN
2024-25,2024-12-30,regular,Chicago Bulls,Charlotte Hornets,CHI@CHA
2024-25,2024-12-30,regular,Cleveland Cavaliers,Golden State Warriors,CLE@GSW
2024-25,2024-12-30,regular,Dallas Mavericks,Sacramento Kings,DAL@SAC
2024-25,2024-12-30,regular,Denver Nuggets,Utah Jazz,DEN@UTA
2024-25,2024-12-30,regular,LA Clippers,New Orleans Pelicans,LAC@NOP
2024-25,2024-12-30,regular,New York Knicks,Washington Wizards,NYK@WAS
2024-25,2024-12-30,regular,Philadelphia 76ers,Portland Trail Blazers,PHI@POR
2024-25,2024-12-31,regular,Cleveland Cavaliers,Los Angeles Lakers,CLE@LAL
2024-25,2024-12-31,regular,LA Clippers,San Antonio Spurs,LAC@SAS
2024-25,2024-12-31,regular,Memphis Grizzlies,Phoenix Suns,MEM@PHX
2024-25,2024-12-31,regular,Milwaukee Bucks,Indiana Pacers,MIL@IND
2024-25,2024-12-31,regular,Minnesota Timberwolves,Oklahoma City Thunder,MIN@OKC
2024-25,2024-12-31,regular,Toronto Raptors,Boston Celtics,TOR@BOS
2024-25,2025-01-01,regular,Atlanta Hawks,Denver Nuggets,ATL@DEN
2024-25,2025-01-01,regular,Brooklyn Nets,Toronto Raptors,BKN@TOR
2024-25,2025-01-01,regular,Chicago Bulls,Washington Wizards,CHI@WAS
2024-25,2025-01-01,regular,Dallas Mavericks,Houston Rockets,DAL@HOU
2024-25,2025-01-01,regular,New Orleans Pelicans,Miami Heat,NOP@MIA
2024-25,2025-01-01,regular,Orlando Magic,Detroit Pistons,ORL@DET
2024-25,2025-01-01,regular,Philadelphia 76ers,Sacramento Kings,PHI@SAC
2024-25,2025-01-01,regular,Utah Jazz,New York Knicks,UTA@NYK
2024-25,2025-01-02,regular,Brooklyn Nets,Milwaukee Bucks,BKN@MIL
2024-25,2025-01-02,regular,Boston Celtics,Minnesota Timberwolves,BOS@MIN
2024-25,2025-01-02,regular,Indiana Pacers,Miami Heat,IND@MIA
2024-25,2025-01-02,regular,LA Clippers,Oklahoma City Thunder,LAC@OKC
2024-25,2025-01-02,regular,Philadelphia 76ers,Golden State Warriors,PHI@GSW
2024-25,2025-01-02,regular,Portland Trail Blazers,Los Angeles Lakers,POR@LAL
2024-25,2025-01-03,regular,Atlanta Hawks,Los Angeles Lakers,ATL@LAL
2024-25,2025-01-03,regular,Boston Celtics,Houston Rockets,BOS@HOU
2024-25,2025-01-03,regular,Charlotte Hornets,Detroit Pistons,CHA@DET
2024-25,2025-01-03,regular,Cleveland Cavaliers,Dallas Mavericks,CLE@DAL
2024-25,2025-01-03,regular,Memphis Grizzlies,Sacramento Kings,MEM@SAC
2024-25,2025-01-03,regular,New York Knicks,Oklahoma City Thunder,NYK@OKC
2024-25,2025-01-03,regular,Orlando Magic,Toronto Raptors,ORL@TOR
2024-25,2025-01-03,regular,San Antonio Spurs,Denver Nuggets,SAS@DEN
2024-25,2025-01-03,regular,Washington Wizards,New Orleans Pelicans,WAS@NOP
2024-25,2025-01-04,regular,Atlanta Hawks,LA Clippers,ATL@LAC
2024-25,2025-01-04,regular,Denver Nuggets,San Antonio Spurs,DEN@SAS
2024-25,2025-01-04,regular,Memphis Grizzlies,Golden State Warriors,MEM@GSW
2024-25,2025-01-04,regular,Minnesota Timberwolves,Detroit Pistons,MIN@DET
2024-25,2025-01-04,regular,New York Knicks,Chicago Bulls,NYK@CHI
2024-25,2025-01-04,regular,Philadelphia 76ers,Brooklyn Nets,PHI@BKN
2024-25,2025-01-04,regular,Phoenix Suns,Indiana Pacers,PHX@IND
2024-25,2025-01-04,regular,Portland Trail Blazers,Milwaukee Bucks,POR@MIL
2024-25,2025-01-04,regular,Utah Jazz,Miami Heat,UTA@MIA
2024-25,2025-01-05,regular,Boston Celtics,Oklahoma City Thunder,BOS@OKC
2024-25,2025-01-05,regular,Charlotte Hornets,Cleveland Cavaliers,CHA@CLE
2024-25,2025-01-05,regular,Los Angeles Lakers,Houston Rockets,LAL@HOU
2024-25,2025-01-05,regular,New Orleans Pelicans,Washington Wizards,NOP@WAS
2024-25,2025-01-05,regular,Sacramento Kings,Golden State Warriors,SAC@GSW
2024-25,2025-01-05,regular,Utah Jazz,Orlando Magic,UTA@ORL
2024-25,2025-01-06,regular,Dallas Mavericks,Memphis Grizzlies,DAL@MEM
2024-25,2025-01-06,regular,Indiana Pacers,Brooklyn Nets,IND@BKN
2024-25,2025-01-06,regular,LA Clippers,Minnesota Timberwolves,LAC@MIN
2024-25,2025-01-06,regular,Miami Heat,Sacramento Kings,MIA@SAC
2024-25,2025-01-06,regular,Milwaukee Bucks,Toronto Raptors,MIL@TOR
2024-25,2025-01-06,regular,Orlando Magic,New York Knicks,ORL@NYK
2024-25,2025-01-06,regular,Phoenix Suns,Philadelphia 76ers,PHX@PHI
2024-25,2025-01-06,regular,Portland Trail Blazers,Detroit Pistons,POR@DET
2024-25,2025-01-06,regular,San Antonio Spurs,Chicago Bulls,SAS@CHI
2024-25,2025-01-07,regular,Atlanta Hawks,Utah Jazz,ATL@UTA
2024-25,2025-01-07,regular,Boston Celtics,Denver Nuggets,BOS@DEN
2024-25,2025-01-07,regular,Houston Rockets,Washington Wizards,HOU@WAS
2024-25,2025-01-07,regular,Los Angeles Lakers,Dallas Mavericks,LAL@DAL
2024-25,2025-01-07,regular,Miami Heat,Golden State Warriors,MIA@GSW
2024-25,2025-01-07,regular,Minnesota Timberwolves,New Orleans Pelicans,MIN@NOP
2024-25,2025-01-07,regular,Phoenix Suns,Charlotte Hornets,PHX@CHA
2024-25,2025-01-08,regular,Chicago Bulls,Indiana Pacers,CHI@IND
2024-25,2025-01-08,regular,Detroit Pistons,Brooklyn Nets,DET@BKN
2024-25,2025-01-08,regular,LA Clippers,Denver Nuggets,LAC@DEN
2024-25,2025-01-08,regular,Oklahoma City Thunder,Cleveland Cavaliers,OKC@CLE
2024-25,2025-01-08,regular,Portland Trail Blazers,New Orleans Pelicans,POR@NOP
2024-25,2025-01-08,regular,San Antonio Spurs,Milwaukee Bucks,SAS@MIL
2024-25,2025-01-08,regular,Toronto Raptors,New York Knicks,TOR@NYK
2024-25,2025-01-08,regular,Washington Wizards,Philadelphia 76ers,WAS@PHI
2024-25,2025-01-09,regular,Atlanta Hawks,Phoenix Suns,ATL@PHX
2024-25,2025-01-09,regular,Golden State Warriors,Detroit Pistons,GSW@DET
2024-25,2025-01-09,regular,Houston Rockets,Memphis Grizzlies,HOU@MEM
2024-25,2025-01-09,regular,Miami Heat,Utah Jazz,MIA@UTA
2024-25,2025-01-09,regular,Minnesota Timberwolves,Orlando Magic,MIN@ORL
2024-25,2025-01-09,regular,Portland Trail Blazers,Dallas Mavericks,POR@DAL
2024-25,2025-01-09,regular,Toronto Raptors,Cleveland Cavaliers,TOR@CLE
2024-25,2025-01-10,regular,Brooklyn Nets,Denver Nuggets,BKN@DEN
2024-25,2025-01-10,regular,Golden State Warriors,Indiana Pacers,GSW@IND
2024-25,2025-01-10,regular,Milwaukee Bucks,Orlando Magic,MIL@ORL
2024-25,2025-01-10,regular,New Orleans Pelicans,Philadelphia 76ers,NOP@PHI
2024-25,2025-01-10,regular,Oklahoma City Thunder,New York Knicks,OKC@NYK
2024-25,2025-01-10,regular,Sacramento Kings,Boston Celtics,SAC@BOS
2024-25,2025-01-10,regular,Washington Wizards,Chicago Bulls,WAS@CHI
2024-25,2025-01-11,regular,Memphis Grizzlies,Minnesota Timberwolves,MEM@MIN
2024-25,2025-01-11,regular,Miami Heat,Portland Trail Blazers,MIA@POR
2024-25,2025-01-11,regular,Toronto Raptors,Detroit Pistons,TOR@DET
2024-25,2025-01-11,regular,Utah Jazz,Phoenix Suns,UTA@PHX
2024-25,2025-01-12,regular,Brooklyn Nets,Utah Jazz,BKN@UTA
2024-25,2025-01-12,regular,Charlotte Hornets,Phoenix Suns,CHA@PHX
2024-25,2025-01-12,regular,Denver Nuggets,Dallas Mavericks,DEN@DAL
2024-25,2025-01-12,regular,Indiana Pacers,Cleveland Cavaliers,IND@CLE
2024-25,2025-01-12,regular,Milwaukee Bucks,New York Knicks,MIL@NYK
2024-25,2025-01-12,regular,New Orleans Pelicans,Boston Celtics,NOP@BOS
2024-25,2025-01-12,regular,Oklahoma City Thunder,Washington Wizards,OKC@WAS
2024-25,2025-01-12,regular,Philadelphia 76ers,Orlando Magic,PHI@ORL
2024-25,2025-01-12,regular,Sacramento Kings,Chicago Bulls,SAC@CHI
2024-25,2025-01-13,regular,Detroit Pistons,New York Knicks,DET@NYK
2024-25,2025-01-13,regular,Golden State Warriors,Toronto Raptors,GSW@TOR
2024-25,2025-01-13,regular,Memphis Grizzlies,Houston Rockets,MEM@HOU
2024-25,2025-01-13,regular,Miami Heat,LA Clippers,MIA@LAC
2024-25,2025-01-13,regular,Minnesota Timberwolves,Washington Wizards,MIN@WAS
2024-25,2025-01-13,regular,San Antonio Spurs,Los Angeles Lakers,SAS@LAL
2024-25,2025-01-14,regular,Brooklyn Nets,Portland Trail Blazers,BKN@POR
2024-25,2025-01-14,regular,Cleveland Cavaliers,Indiana Pacers,CLE@IND
2024-25,2025-01-14,regular,Denver Nuggets,Dallas Mavericks,DEN@DAL
2024-25,2025-01-14,regular,New Orleans Pelicans,Chicago Bulls,NOP@CHI
2024-25,2025-01-14,regular,Oklahoma City Thunder,Philadelphia 76ers,OKC@PHI
2024-25,2025-01-14,regular,Phoenix Suns,Atlanta Hawks,PHX@ATL
2024-25,2025-01-14,regular,Sacramento Kings,Milwaukee Bucks,SAC@MIL
2024-25,2025-01-15,regular,Atlanta Hawks,Chicago Bulls,ATL@CHI
2024-25,2025-01-15,regular,Brooklyn Nets,LA Clippers,BKN@LAC
2024-25,2025-01-15,regular,Boston Celtics,Toronto Raptors,BOS@TOR
2024-25,2025-01-15,regular,Charlotte Hornets,Utah Jazz,CHA@UTA
2024-25,2025-01-15,regular,Dallas Mavericks,New Orleans Pelicans,DAL@NOP
2024-25,2025-01-15,regular,Golden State Warriors,Minnesota Timberwolves,GSW@MIN
2024-25,2025-01-15,regular,Houston Rockets,Denver Nuggets,HOU@DEN
2024-25,2025-01-15,regular,Memphis Grizzlies,San Antonio Spurs,MEM@SAS
2024-25,2025-01-15,regular,Miami Heat,Los Angeles Lakers,MIA@LAL
2024-25,2025-01-15,regular,New York Knicks,Philadelphia 76ers,NYK@PHI
2024-25,2025-01-15,regular,Orlando Magic,Milwaukee Bucks,ORL@MIL
2024-25,2025-01-16,regular,Cleveland Cavaliers,Oklahoma City Thunder,CLE@OKC
2024-25,2025-01-16,regular,Houston Rockets,Sacramento Kings,HOU@SAC
2024-25,2025-01-16,regular,Indiana Pacers,Detroit Pistons,IND@DET
2024-25,2025-01-16,regular,LA Clippers,Portland Trail Blazers,LAC@POR
2024-25,2025-01-16,regular,Phoenix Suns,Washington Wizards,PHX@WAS
2024-25,2025-01-17,regular,Brooklyn Nets,Los Angeles Lakers,BKN@LAL
2024-25,2025-01-17,regular,Charlotte Hornets,Chicago Bulls,CHA@CHI
2024-25,2025-01-17,regular,Denver Nuggets,Miami Heat,DEN@MIA
2024-25,2025-01-17,regular,Memphis Grizzlies,San Antonio Spurs,MEM@SAS
2024-25,2025-01-17,regular,Minnesota Timberwolves,New York Knicks,MIN@NYK
2024-25,2025-01-17,regular,Oklahoma City Thunder,Dallas Mavericks,OKC@DAL
2024-25,2025-01-17,regular,Orlando Magic,Boston Celtics,ORL@BOS
2024-25,2025-01-17,regular,Toronto Raptors,Milwaukee Bucks,TOR@MIL
2024-25,2025-01-17,regular,Utah Jazz,New Orleans Pelicans,UTA@NOP
2024-25,2025-01-18,regular,Atlanta Hawks,Boston Celtics,ATL@BOS
2024-25,2025-01-18,regular,Cleveland Cavaliers,Minnesota Timberwolves,CLE@MIN
2024-25,2025-01-18,regular,Houston Rockets,Portland Trail Blazers,HOU@POR
2024-25,2025-01-18,regular,Philadelphia 76ers,Indiana Pacers,PHI@IND
2024-25,2025-01-18,regular,Phoenix Suns,Detroit Pistons,PHX@DET
2024-25,2025-01-18,regular,Washington Wizards,Golden State Warriors,WAS@GSW
2024-25,2025-01-19,regular,Brooklyn Nets,Oklahoma City Thunder,BKN@OKC
2024-25,2025-01-19,regular,Chicago Bulls,Portland Trail Blazers,CHI@POR
2024-25,2025-01-19,regular,Denver Nuggets,Orlando Magic,DEN@ORL
2024-25,2025-01-19,regular,Los Angeles Lakers,LA Clippers,LAL@LAC
2024-25,2025-01-19,regular,Philadelphia 76ers,Milwaukee Bucks,PHI@MIL
2024-25,2025-01-19,regular,San Antonio Spurs,Miami Heat,SAS@MIA
2024-25,2025-01-19,regular,Washington Wizards,Sacramento Kings,WAS@SAC
2024-25,2025-01-20,regular,Atlanta Hawks,New York Knicks,ATL@NYK
2024-25,2025-01-20,regular,Boston Celtics,Golden State Warriors,BOS@GSW
2024-25,2025-01-20,regular,Chicago Bulls,LA Clippers,CHI@LAC
2024-25,2025-01-20,regular,Dallas Mavericks,Charlotte Hornets,DAL@CHA
2024-25,2025-01-20,regular,Detroit Pistons,Houston Rockets,DET@HOU
2024-25,2025-01-20,regular,Minnesota Timberwolves,Memphis Grizzlies,MIN@MEM
2024-25,2025-01-20,regular,Phoenix Suns,Cleveland Cavaliers,PHX@CLE
2024-25,2025-01-20,regular,Utah Jazz,New Orleans Pelicans,UTA@NOP
2024-25,2025-01-21,regular,New York Knicks,Brooklyn Nets,NYK@BKN
2024-25,2025-01-21,regular,Orlando Magic,Toronto Raptors,ORL@TOR
2024-25,2025-01-21,regular,Philadelphia 76ers,Denver Nuggets,PHI@DEN
2024-25,2025-01-21,regular,Portland Trail Blazers,Miami Heat,POR@MIA
2024-25,2025-01-21,regular,Washington Wizards,Los Angeles Lakers,WAS@LAL
2024-25,2025-01-22,regular,Boston Celtics,LA Clippers,BOS@LAC
2024-25,2025-01-22,regular,Charlotte Hornets,Memphis Grizzlies,CHA@MEM
2024-25,2025-01-22,regular,Cleveland Cavaliers,Houston Rockets,CLE@HOU
2024-25,2025-01-22,regular,Detroit Pistons,Atlanta Hawks,DET@ATL
2024-25,2025-01-22,regular,Golden State Warriors,Sacramento Kings,GSW@SAC
2024-25,2025-01-22,regular,Minnesota Timberwolves,Dallas Mavericks,MIN@DAL
2024-25,2025-01-22,regular,Phoenix Suns,Brooklyn Nets,PHX@BKN
2024-25,2025-01-22,regular,Utah Jazz,Oklahoma City Thunder,UTA@OKC
2024-25,2025-01-23,regular,Boston Celtics,Los Angeles Lakers,BOS@LAL
2024-25,2025-01-23,regular,Chicago Bulls,Golden State Warriors,CHI@GSW
2024-25,2025-01-23,regular,Dallas Mavericks,Oklahoma City Thunder,DAL@OKC
2024-25,2025-01-23,regular,Miami Heat,Milwaukee Bucks,MIA@MIL
2024-25,2025-01-23,regular,Portland Trail Blazers,Orlando Magic,POR@ORL
2024-25,2025-01-23,regular,Sacramento Kings,Denver Nuggets,SAC@DEN
2024-25,2025-01-23,regular,San Antonio Spurs,Indiana Pacers,SAS@IND
2024-25,2025-01-23,regular,Toronto Raptors,Atlanta Hawks,TOR@ATL
2024-25,2025-01-23,regular,Washington Wizards,LA Clippers,WAS@LAC
2024-25,2025-01-24,regular,Cleveland Cavaliers,Philadelphia 76ers,CLE@PHI
2024-25,2025-01-24,regular,New Orleans Pelicans,Memphis Grizzlies,NOP@MEM
2024-25,2025-01-24,regular,Portland Trail Blazers,Charlotte Hornets,POR@CHA
2024-25,2025-01-25,regular,Boston Celtics,Dallas Mavericks,BOS@DAL
2024-25,2025-01-25,regular,Denver Nuggets,Minnesota Timberwolves,DEN@MIN
2024-25,2025-01-25,regular,Detroit Pistons,Orlando Magic,DET@ORL
2024-25,2025-01-25,regular,Houston Rockets,Cleveland Cavaliers,HOU@CLE
2024-25,2025-01-25,regular,Indiana Pacers,San Antonio Spurs,IND@SAS
2024-25,2025-01-25,regular,Los Angeles Lakers,Golden State Warriors,LAL@GSW
2024-25,2025-01-25,regular,Miami Heat,Brooklyn Nets,MIA@BKN
2024-25,2025-01-25,regular,Milwaukee Bucks,LA Clippers,MIL@LAC
2024-25,2025-01-25,regular,New Orleans Pelicans,Charlotte Hornets,NOP@CHA
2024-25,2025-01-25,regular,Philadelphia 76ers,Chicago Bulls,PHI@CHI
2024-25,2025-01-25,regular,Sacramento Kings,New York Knicks,SAC@NYK
2024-25,2025-01-25,regular,Toronto Raptors,Atlanta Hawks,TOR@ATL
2024-25,2025-01-25,regular,Utah Jazz,Memphis Grizzlies,UTA@MEM
2024-25,2025-01-25,regular,Washington Wizards,Phoenix Suns,WAS@PHX
2024-25,2025-01-26,regular,Oklahoma City Thunder,Portland Trail Blazers,OKC@POR
2024-25,2025-01-27,regular,Atlanta Hawks,Minnesota Timberwolves,ATL@MIN
2024-25,2025-01-27,regular,Denver Nuggets,Chicago Bulls,DEN@CHI
2024-25,2025-01-27,regular,Detroit Pistons,Cleveland Cavaliers,DET@CLE
2024-25,2025-01-27,regular,Houston Rockets,Boston Celtics,HOU@BOS
2024-25,2025-01-27,regular,LA Clippers,Phoenix Suns,LAC@PHX
2024-25,2025-01-27,regular,Los Angeles Lakers,Charlotte Hornets,LAL@CHA
2024-25,2025-01-27,regular,Memphis Grizzlies,New York Knicks,MEM@NYK
2024-25,2025-01-27,regular,Milwaukee Bucks,Utah Jazz,MIL@UTA
2024-25,2025-01-27,regular,New Orleans Pelicans,Toronto Raptors,NOP@TOR
2024-25,2025-01-27,regular,Orlando Magic,Miami Heat,ORL@MIA
2024-25,2025-01-27,regular,Sacramento Kings,Brooklyn Nets,SAC@BKN
2024-25,2025-01-27,regular,Washington Wizards,Dallas Mavericks,WAS@DAL
2024-25,2025-01-28,regular,Houston Rockets,Atlanta Hawks,HOU@ATL
2024-25,2025-01-28,regular,Los Angeles Lakers,Philadelphia 76ers,LAL@PHI
2024-25,2025-01-28,regular,Milwaukee Bucks,Portland Trail Blazers,MIL@POR
2024-25,2025-01-28,regular,Utah Jazz,Golden State Warriors,UTA@GSW
2024-25,2025-01-29,regular,Brooklyn Nets,Charlotte Hornets,BKN@CHA
2024-25,2025-01-29,regular,Chicago Bulls,Boston Celtics,CHI@BOS
2024-25,2025-01-29,regular,Cleveland Cavaliers,Miami Heat,CLE@MIA
2024-25,2025-01-29,regular,Dallas Mavericks,New Orleans Pelicans,DAL@NOP
2024-25,2025-01-29,regular,Denver Nuggets,New York Knicks,DEN@NYK
2024-25,2025-01-29,regular,Detroit Pistons,Indiana Pacers,DET@IND
2024-25,2025-01-29,regular,LA Clippers,San Antonio Spurs,LAC@SAS
2024-25,2025-01-29,regular,Minnesota Timberwolves,Phoenix Suns,MIN@PHX
2024-25,2025-01-29,regular,Oklahoma City Thunder,Golden State Warriors,OKC@GSW
2024-25,2025-01-29,regular,Sacramento Kings,Philadelphia 76ers,SAC@PHI
2024-25,2025-01-29,regular,Toronto Raptors,Washington Wizards,TOR@WAS
2024-25,2025-01-30,regular,Atlanta Hawks,Cleveland Cavaliers,ATL@CLE
2024-25,2025-01-30,regular,Houston Rockets,Memphis Grizzlies,HOU@MEM
2024-25,2025-01-30,regular,Los Angeles Lakers,Washington Wizards,LAL@WAS
2024-25,2025-01-30,regular,Minnesota Timberwolves,Utah Jazz,MIN@UTA
2024-25,2025-01-30,regular,Orlando Magic,Portland Trail Blazers,ORL@POR
2024-25,2025-01-31,regular,Boston Celtics,New Orleans Pelicans,BOS@NOP
2024-25,2025-01-31,regular,Chicago Bulls,Toronto Raptors,CHI@TOR
2024-25,2025-01-31,regular,Dallas Mavericks,Detroit Pistons,DAL@DET
2024-25,2025-01-31,regular,Denver Nuggets,Philadelphia 76ers,DEN@PHI
2024-25,2025-01-31,regular,LA Clippers,Charlotte Hornets,LAC@CHA
2024-25,2025-01-31,regular,Milwaukee Bucks,San Antonio Spurs,MIL@SAS
2024-25,2025-01-31,regular,Phoenix Suns,Golden State Warriors,PHX@GSW
2024-25,2025-02-01,regular,Atlanta Hawks,Indiana Pacers,ATL@IND
2024-25,2025-02-01,regular,Brooklyn Nets,Houston Rockets,BKN@HOU
2024-25,2025-02-01,regular,Denver Nuggets,Charlotte Hornets,DEN@CHA
2024-25,2025-02-01,regular,Los Angeles Lakers,New York Knicks,LAL@NYK
2024-25,2025-02-01,regular,Miami Heat,San Antonio Spurs,MIA@SAS
2024-25,2025-02-01,regular,Orlando Magic,Utah Jazz,ORL@UTA
2024-25,2025-02-01,regular,Phoenix Suns,Portland Trail Blazers,PHX@POR
2024-25,2025-02-01,regular,Sacramento Kings,Oklahoma City Thunder,SAC@OKC
2024-25,2025-02-01,regular,Washington Wizards,Minnesota Timberwolves,WAS@MIN
2024-25,2025-02-02,regular,Boston Celtics,Philadelphia 76ers,BOS@PHI
2024-25,2025-02-02,regular,Chicago Bulls,Detroit Pistons,CHI@DET
2024-25,2025-02-02,regular,Dallas Mavericks,Cleveland Cavaliers,DAL@CLE
2024-25,2025-02-02,regular,LA Clippers,Toronto Raptors,LAC@TOR
2024-25,2025-02-02,regular,Memphis Grizzlies,Milwaukee Bucks,MEM@MIL
2024-25,2025-02-03,regular,Atlanta Hawks,Detroit Pistons,ATL@DET
2024-25,2025-02-03,regular,Houston Rockets,New York Knicks,HOU@NYK
2024-25,2025-02-03,regular,Indiana Pacers,Utah Jazz,IND@UTA
2024-25,2025-02-03,regular,Milwaukee Bucks,Oklahoma City Thunder,MIL@OKC
2024-25,2025-02-03,regular,New Orleans Pelicans,Denver Nuggets,NOP@DEN
2024-25,2025-02-03,regular,Orlando Magic,Golden State Warriors,ORL@GSW
2024-25,2025-02-03,regular,Phoenix Suns,Portland Trail Blazers,PHX@POR
2024-25,2025-02-03,regular,Sacramento Kings,Minnesota Timberwolves,SAC@MIN
2024-25,2025-02-03,regular,San Antonio Spurs,Memphis Grizzlies,SAS@MEM
2024-25,2025-02-03,regular,Washington Wizards,Charlotte Hornets,WAS@CHA
2024-25,2025-02-04,regular,Boston Celtics,Cleveland Cavaliers,BOS@CLE
2024-25,2025-02-04,regular,Dallas Mavericks,Philadelphia 76ers,DAL@PHI
2024-25,2025-02-04,regular,Houston Rockets,Brooklyn Nets,HOU@BKN
2024-25,2025-02-04,regular,Indiana Pacers,Portland Trail Blazers,IND@POR
2024-25,2025-02-04,regular,Los Angeles Lakers,LA Clippers,LAL@LAC
2024-25,2025-02-04,regular,Miami Heat,Chicago Bulls,MIA@CHI
2024-25,2025-02-04,regular,New York Knicks,Toronto Raptors,NYK@TOR
2024-25,2025-02-05,regular,Chicago Bulls,Minnesota Timberwolves,CHI@MIN
2024-25,2025-02-05,regular,Cleveland Cavaliers,Detroit Pistons,CLE@DET
2024-25,2025-02-05,regular,Golden State Warriors,Utah Jazz,GSW@UTA
2024-25,2025-02-05,regular,Memphis Grizzlies,Toronto Raptors,MEM@TOR
2024-25,2025-02-05,regular,Miami Heat,Philadelphia 76ers,MIA@PHI
2024-25,2025-02-05,regular,Milwaukee Bucks,Charlotte Hornets,MIL@CHA
2024-25,2025-02-05,regular,New Orleans Pelicans,Denver Nuggets,NOP@DEN
2024-25,2025-02-05,regular,Orlando Magic,Sacramento Kings,ORL@SAC
2024-25,2025-02-05,regular,Phoenix Suns,Oklahoma City Thunder,PHX@OKC
2024-25,2025-02-05,regular,San Antonio Spurs,Atlanta Hawks,SAS@ATL
2024-25,2025-02-05,regular,Washington Wizards,Brooklyn Nets,WAS@BKN
2024-25,2025-02-06,regular,Dallas Mavericks,Boston Celtics,DAL@BOS
2024-25,2025-02-06,regular,Golden State Warriors,Los Angeles Lakers,GSW@LAL
2024-25,2025-02-06,regular,Houston Rockets,Minnesota Timberwolves,HOU@MIN
2024-25,2025-02-06,regular,Indiana Pacers,LA Clippers,IND@LAC
2024-25,2025-02-06,regular,Orlando Magic,Denver Nuggets,ORL@DEN
2024-25,2025-02-06,regular,Sacramento Kings,Portland Trail Blazers,SAC@POR
2024-25,2025-02-07,regular,Cleveland Cavaliers,Washington Wizards,CLE@WAS
2024-25,2025-02-07,regular,Miami Heat,Brooklyn Nets,MIA@BKN
2024-25,2025-02-07,regular,Milwaukee Bucks,Atlanta Hawks,MIL@ATL
2024-25,2025-02-07,regular,Philadelphia 76ers,Detroit Pistons,PHI@DET
2024-25,2025-02-07,regular,San Antonio Spurs,Charlotte Hornets,SAS@CHA
2024-25,2025-02-07,regular,Toronto Raptors,Oklahoma City Thunder,TOR@OKC
2024-25,2025-02-07,regular,Utah Jazz,Phoenix Suns,UTA@PHX
2024-25,2025-02-08,regular,Atlanta Hawks,Washington Wizards,ATL@WAS
2024-25,2025-02-08,regular,Boston Celtics,New York Knicks,BOS@NYK
2024-25,2025-02-08,regular,Denver Nuggets,Phoenix Suns,DEN@PHX
2024-25,2025-02-08,regular,Golden State Warriors,Chicago Bulls,GSW@CHI
2024-25,2025-02-08,regular,Houston Rockets,Dallas Mavericks,HOU@DAL
2024-25,2025-02-08,regular,Indiana Pacers,Los Angeles Lakers,IND@LAL
2024-25,2025-02-08,regular,New Orleans Pelicans,Sacramento Kings,NOP@SAC
2024-25,2025-02-08,regular,Oklahoma City Thunder,Memphis Grizzlies,OKC@MEM
2024-25,2025-02-08,regular,Portland Trail Blazers,Minnesota Timberwolves,POR@MIN
2024-25,2025-02-08,regular,San Antonio Spurs,Orlando Magic,SAS@ORL
2024-25,2025-02-08,regular,Utah Jazz,LA Clippers,UTA@LAC
2024-25,2025-02-09,regular,Charlotte Hornets,Detroit Pistons,CHA@DET
2024-25,2025-02-09,regular,Philadelphia 76ers,Milwaukee Bucks,PHI@MIL
2024-25,2025-02-09,regular,Toronto Raptors,Houston Rockets,TOR@HOU
2024-25,2025-02-10,regular,Atlanta Hawks,Orlando Magic,ATL@ORL
2024-25,2025-02-10,regular,Boston Celtics,Miami Heat,BOS@MIA
2024-25,2025-02-10,regular,Charlotte Hornets,Brooklyn Nets,CHA@BKN
2024-25,2025-02-10,regular,Golden State Warriors,Milwaukee Bucks,GSW@MIL
2024-25,2025-02-10,regular,Minnesota Timberwolves,Cleveland Cavaliers,MIN@CLE
2024-25,2025-02-10,regular,New Orleans Pelicans,Oklahoma City Thunder,NOP@OKC
2024-25,2025-02-10,regular,Portland Trail Blazers,Denver Nuggets,POR@DEN
2024-25,2025-02-10,regular,Sacramento Kings,Dallas Mavericks,SAC@DAL
2024-25,2025-02-10,regular,San Antonio Spurs,Washington Wizards,SAS@WAS
2024-25,2025-02-10,regular,Utah Jazz,Los Angeles Lakers,UTA@LAL
2024-25,2025-02-11,regular,Detroit Pistons,Chicago Bulls,DET@CHI
2024-25,2025-02-11,regular,Memphis Grizzlies,Phoenix Suns,MEM@PHX
2024-25,2025-02-11,regular,New York Knicks,Indiana Pacers,NYK@IND
2024-25,2025-02-11,regular,Toronto Raptors,Philadelphia 76ers,TOR@PHI
2024-25,2025-02-12,regular,Atlanta Hawks,New York Knicks,ATL@NYK
2024-25,2025-02-12,regular,Charlotte Hornets,Orlando Magic,CHA@ORL
2024-25,2025-02-12,regular,Cleveland Cavaliers,Toronto Raptors,CLE@TOR
2024-25,2025-02-12,regular,Detroit Pistons,Chicago Bulls,DET@CHI
2024-25,2025-02-12,regular,Golden State Warriors,Dallas Mavericks,GSW@DAL
2024-25,2025-02-12,regular,Indiana Pacers,Washington Wizards,IND@WAS
2024-25,2025-02-12,regular,Los Angeles Lakers,Utah Jazz,LAL@UTA
2024-25,2025-02-12,regular,Memphis Grizzlies,LA Clippers,MEM@LAC
2024-25,2025-02-12,regular,Miami Heat,Oklahoma City Thunder,MIA@OKC
2024-25,2025-02-12,regular,Milwaukee Bucks,Minnesota Timberwolves,MIL@MIN
2024-25,2025-02-12,regular,Philadelphia 76ers,Brooklyn Nets,PHI@BKN
2024-25,2025-02-12,regular,Phoenix Suns,Houston Rockets,PHX@HOU
2024-25,2025-02-12,regular,Portland Trail Blazers,Denver Nuggets,POR@DEN
2024-25,2025-02-12,regular,Sacramento Kings,New Orleans Pelicans,SAC@NOP
2024-25,2025-02-12,regular,San Antonio Spurs,Boston Celtics,SAS@BOS
2024-25,2025-02-13,regular,Golden State Warriors,Houston Rockets,GSW@HOU
2024-25,2025-02-13,regular,LA Clippers,Utah Jazz,LAC@UTA
2024-25,2025-02-13,regular,Miami Heat,Dallas Mavericks,MIA@DAL
2024-25,2025-02-13,regular,Oklahoma City Thunder,Minnesota Timberwolves,OKC@MIN
2024-25,2025-02-13,regular,Sacramento Kings,New Orleans Pelicans,SAC@NOP
2024-25,2025-02-19,regular,Charlotte Hornets,Los Angeles Lakers,CHA@LAL
2024-25,2025-02-20,regular,Boston Celtics,Philadelphia 76ers,BOS@PHI
2024-25,2025-02-20,regular,Charlotte Hornets,Denver Nuggets,CHA@DEN
2024-25,2025-02-20,regular,Chicago Bulls,New York Knicks,CHI@NYK
2024-25,2025-02-20,regular,Cleveland Cavaliers,Brooklyn Nets,CLE@BKN
2024-25,2025-02-20,regular,LA Clippers,Milwaukee Bucks,LAC@MIL
2024-25,2025-02-20,regular,Los Angeles Lakers,Portland Trail Blazers,LAL@POR
2024-25,2025-02-20,regular,Memphis Grizzlies,Indiana Pacers,MEM@IND
2024-25,2025-02-20,regular,Orlando Magic,Atlanta Hawks,ORL@ATL
2024-25,2025-02-20,regular,Phoenix Suns,San Antonio Spurs,PHX@SAS
2024-25,2025-02-21,regular,Detroit Pistons,San Antonio Spurs,DET@SAS
2024-25,2025-02-21,regular,Golden State Warriors,Sacramento Kings,GSW@SAC
2024-25,2025-02-21,regular,Memphis Grizzlies,Orlando Magic,MEM@ORL
2024-25,2025-02-21,regular,Miami Heat,Toronto Raptors,MIA@TOR
2024-25,2025-02-21,regular,Milwaukee Bucks,Washington Wizards,MIL@WAS
2024-25,2025-02-21,regular,Minnesota Timberwolves,Houston Rockets,MIN@HOU
2024-25,2025-02-21,regular,New Orleans Pelicans,Dallas Mavericks,NOP@DAL
2024-25,2025-02-21,regular,New York Knicks,Cleveland Cavaliers,NYK@CLE
2024-25,2025-02-21,regular,Oklahoma City Thunder,Utah Jazz,OKC@UTA
2024-25,2025-02-22,regular,Brooklyn Nets,Philadelphia 76ers,BKN@PHI
2024-25,2025-02-22,regular,Charlotte Hornets,Portland Trail Blazers,CHA@POR
2024-25,2025-02-22,regular,Houston Rockets,Utah Jazz,HOU@UTA
2024-25,2025-02-22,regular,Los Angeles Lakers,Denver Nuggets,LAL@DEN
2024-25,2025-02-22,regular,Phoenix Suns,Chicago Bulls,PHX@CHI
2024-25,2025-02-23,regular,Dallas Mavericks,Golden State Warriors,DAL@GSW
2024-25,2025-02-23,regular,Detroit Pistons,Atlanta Hawks,DET@ATL
2024-25,2025-02-23,regular,LA Clippers,Indiana Pacers,LAC@IND
2024-25,2025-02-23,regular,Memphis Grizzlies,Cleveland Cavaliers,MEM@CLE
2024-25,2025-02-23,regular,Miami Heat,Milwaukee Bucks,MIA@MIL
2024-25,2025-02-23,regular,New York Knicks,Boston Celtics,NYK@BOS
2024-25,2025-02-23,regular,Oklahoma City Thunder,Minnesota Timberwolves,OKC@MIN
2024-25,2025-02-23,regular,Phoenix Suns,Toronto Raptors,PHX@TOR
2024-25,2025-02-23,regular,San Antonio Spurs,New Orleans Pelicans,SAS@NOP
2024-25,2025-02-23,regular,Washington Wizards,Orlando Magic,WAS@ORL
2024-25,2025-02-24,regular,Brooklyn Nets,Washington Wizards,BKN@WAS
2024-25,2025-02-24,regular,Charlotte Hornets,Sacramento Kings,CHA@SAC
2024-25,2025-02-24,regular,Chicago Bulls,Philadelphia 76ers,CHI@PHI
2024-25,2025-02-24,regular,Denver Nuggets,Indiana Pacers,DEN@IND
2024-25,2025-02-24,regular,LA Clippers,Detroit Pistons,LAC@DET
2024-25,2025-02-24,regular,Miami Heat,Atlanta Hawks,MIA@ATL
2024-25,2025-02-24,regular,Minnesota Timberwolves,Oklahoma City Thunder,MIN@OKC
2024-25,2025-02-24,regular,Portland Trail Blazers,Utah Jazz,POR@UTA
2024-25,2025-02-25,regular,Boston Celtics,Toronto Raptors,BOS@TOR
2024-25,2025-02-25,regular,Charlotte Hornets,Golden State Warriors,CHA@GSW
2024-25,2025-02-25,regular,Cleveland Cavaliers,Orlando Magic,CLE@ORL
2024-25,2025-02-25,regular,Dallas Mavericks,Los Angeles Lakers,DAL@LAL
2024-25,2025-02-25,regular,Milwaukee Bucks,Houston Rockets,MIL@HOU
2024-25,2025-02-25,regular,Phoenix Suns,Memphis Grizzlies,PHX@MEM
2024-25,2025-02-25,regular,San Antonio Spurs,New Orleans Pelicans,SAS@NOP
2024-25,2025-02-26,regular,Atlanta Hawks,Miami Heat,ATL@MIA
2024-25,2025-02-26,regular,Boston Celtics,Detroit Pistons,BOS@DET
2024-25,2025-02-26,regular,LA Clippers,Chicago Bulls,LAC@CHI
2024-25,2025-02-26,regular,Oklahoma City Thunder,Brooklyn Nets,OKC@BKN
2024-25,2025-02-26,regular,Philadelphia 76ers,New York Knicks,PHI@NYK
2024-25,2025-02-26,regular,Portland Trail Blazers,Washington Wizards,POR@WAS
2024-25,2025-02-26,regular,Sacramento Kings,Utah Jazz,SAC@UTA
2024-25,2025-02-26,regular,San Antonio Spurs,Houston Rockets,SAS@HOU
2024-25,2025-02-26,regular,Toronto Raptors,Indiana Pacers,TOR@IND
2024-25,2025-02-27,regular,Charlotte Hornets,Dallas Mavericks,CHA@DAL
2024-25,2025-02-27,regular,Denver Nuggets,Milwaukee Bucks,DEN@MIL
2024-25,2025-02-27,regular,Golden State Warriors,Orlando Magic,GSW@ORL
2024-25,2025-02-27,regular,Minnesota Timberwolves,Los Angeles Lakers,MIN@LAL
2024-25,2025-02-27,regular,New Orleans Pelicans,Phoenix Suns,NOP@PHX
2024-25,2025-02-28,regular,Cleveland Cavaliers,Boston Celtics,CLE@BOS
2024-25,2025-02-28,regular,Denver Nuggets,Detroit Pistons,DEN@DET
2024-25,2025-02-28,regular,Indiana Pacers,Miami Heat,IND@MIA
2024-25,2025-02-28,regular,LA Clippers,Los Angeles Lakers,LAC@LAL
2024-25,2025-02-28,regular,Minnesota Timberwolves,Utah Jazz,MIN@UTA
2024-25,2025-02-28,regular,New Orleans Pelicans,Phoenix Suns,NOP@PHX
2024-25,2025-02-28,regular,New York Knicks,Memphis Grizzlies,NYK@MEM
2024-25,2025-02-28,regular,Oklahoma City Thunder,Atlanta Hawks,OKC@ATL
2024-25,2025-02-28,regular,Portland Trail Blazers,Brooklyn Nets,POR@BKN
2024-25,2025-02-28,regular,Toronto Raptors,Chicago Bulls,TOR@CHI
2024-25,2025-03-01,regular,Brooklyn Nets,Detroit Pistons,BKN@DET
2024-25,2025-03-01,regular,Golden State Warriors,Philadelphia 76ers,GSW@PHI
2024-25,2025-03-01,regular,Milwaukee Bucks,Dallas Mavericks,MIL@DAL
2024-25,2025-03-01,regular,Sacramento Kings,Houston Rockets,SAC@HOU
2024-25,2025-03-01,regular,San Antonio Spurs,Memphis Grizzlies,SAS@MEM
2024-25,2025-03-01,regular,Washington Wizards,Charlotte Hornets,WAS@CHA
2024-25,2025-03-02,regular,Chicago Bulls,Indiana Pacers,CHI@IND
2024-25,2025-03-02,regular,Denver Nuggets,Boston Celtics,DEN@BOS
2024-25,2025-03-02,regular,LA Clippers,Los Angeles Lakers,LAC@LAL
2024-25,2025-03-02,regular,Minnesota Timberwolves,Phoenix Suns,MIN@PHX
2024-25,2025-03-02,regular,New Orleans Pelicans,Utah Jazz,NOP@UTA
2024-25,2025-03-02,regular,New York Knicks,Miami Heat,NYK@MIA
2024-25,2025-03-02,regular,Oklahoma City Thunder,San Antonio Spurs,OKC@SAS
2024-25,2025-03-02,regular,Portland Trail Blazers,Cleveland Cavaliers,POR@CLE
2024-25,2025-03-02,regular,Toronto Raptors,Orlando Magic,TOR@ORL
2024-25,2025-03-03,regular,Atlanta Hawks,Memphis Grizzlies,ATL@MEM
2024-25,2025-03-03,regular,Detroit Pistons,Utah Jazz,DET@UTA
2024-25,2025-03-03,regular,Golden State Warriors,Charlotte Hornets,GSW@CHA
2024-25,2025-03-03,regular,Houston Rockets,Oklahoma City Thunder,HOU@OKC
2024-25,2025-03-03,regular,Portland Trail Blazers,Philadelphia 76ers,POR@PHI
2024-25,2025-03-03,regular,Sacramento Kings,Dallas Mavericks,SAC@DAL
2024-25,2025-03-03,regular,Washington Wizards,Miami Heat,WAS@MIA
2024-25,2025-03-04,regular,Brooklyn Nets,San Antonio Spurs,BKN@SAS
2024-25,2025-03-04,regular,Cleveland Cavaliers,Chicago Bulls,CLE@CHI
2024-25,2025-03-04,regular,Golden State Warriors,New York Knicks,GSW@NYK
2024-25,2025-03-04,regular,Houston Rockets,Indiana Pacers,HOU@IND
2024-25,2025-03-04,regular,LA Clippers,Phoenix Suns,LAC@PHX
2024-25,2025-03-04,regular,Milwaukee Bucks,Atlanta Hawks,MIL@ATL
2024-25,2025-03-04,regular,New Orleans Pelicans,Los Angeles Lakers,NOP@LAL
2024-25,2025-03-04,regular,Philadelphia 76ers,Minnesota Timberwolves,PHI@MIN
2024-25,2025-03-04,regular,Toronto Raptors,Orlando Magic,TOR@ORL
2024-25,2025-03-05,regular,Dallas Mavericks,Milwaukee Bucks,DAL@MIL
2024-25,2025-03-05,regular,Detroit Pistons,LA Clippers,DET@LAC
2024-25,2025-03-05,regular,Miami Heat,Cleveland Cavaliers,MIA@CLE
2024-25,2025-03-05,regular,Minnesota Timberwolves,Charlotte Hornets,MIN@CHA
2024-25,2025-03-05,regular,Oklahoma City Thunder,Memphis Grizzlies,OKC@MEM
2024-25,2025-03-05,regular,Portland Trail Blazers,Boston Celtics,POR@BOS
2024-25,2025-03-05,regular,Sacramento Kings,Denver Nuggets,SAC@DEN
2024-25,2025-03-05,regular,Utah Jazz,Washington Wizards,UTA@WAS
2024-25,2025-03-06,regular,Chicago Bulls,Orlando Magic,CHI@ORL
2024-25,2025-03-06,regular,Golden State Warriors,Brooklyn Nets,GSW@BKN
2024-25,2025-03-06,regular,Houston Rockets,New Orleans Pelicans,HOU@NOP
2024-25,2025-03-06,regular,Indiana Pacers,Atlanta Hawks,IND@ATL
2024-25,2025-03-06,regular,New York Knicks,Los Angeles Lakers,NYK@LAL
2024-25,2025-03-06,regular,Philadelphia 76ers,Boston Celtics,PHI@BOS
2024-25,2025-03-07,regular,Cleveland Cavaliers,Charlotte Hornets,CLE@CHA
2024-25,2025-03-07,regular,Memphis Grizzlies,Dallas Mavericks,MEM@DAL
2024-25,2025-03-07,regular,Minnesota Timberwolves,Miami Heat,MIN@MIA
2024-25,2025-03-07,regular,New York Knicks,LA Clippers,NYK@LAC
2024-25,2025-03-07,regular,Phoenix Suns,Denver Nuggets,PHX@DEN
2024-25,2025-03-07,regular,Portland Trail Blazers,Oklahoma City Thunder,POR@OKC
2024-25,2025-03-07,regular,San Antonio Spurs,Sacramento Kings,SAS@SAC
2024-25,2025-03-07,regular,Utah Jazz,Toronto Raptors,UTA@TOR
2024-25,2025-03-08,regular,Brooklyn Nets,Charlotte Hornets,BKN@CHA
2024-25,2025-03-08,regular,Chicago Bulls,Miami Heat,CHI@MIA
2024-25,2025-03-08,regular,Detroit Pistons,Golden State Warriors,DET@GSW
2024-25,2025-03-08,regular,Indiana Pacers,Atlanta Hawks,IND@ATL
2024-25,2025-03-08,regular,Los Angeles Lakers,Boston Celtics,LAL@BOS
2024-25,2025-03-08,regular,New Orleans Pelicans,Houston Rockets,NOP@HOU
2024-25,2025-03-08,regular,Orlando Magic,Milwaukee Bucks,ORL@MIL
2024-25,2025-03-08,regular,Washington Wizards,Toronto Raptors,WAS@TOR
2024-25,2025-03-09,regular,Cleveland Cavaliers,Milwaukee Bucks,CLE@MIL
2024-25,2025-03-09,regular,Denver Nuggets,Oklahoma City Thunder,DEN@OKC
2024-25,2025-03-09,regular,Detroit Pistons,Portland Trail Blazers,DET@POR
2024-25,2025-03-09,regular,Memphis Grizzlies,New Orleans Pelicans,MEM@NOP
2024-25,2025-03-09,regular,Phoenix Suns,Dallas Mavericks,PHX@DAL
2024-25,2025-03-09,regular,Sacramento Kings,LA Clippers,SAC@LAC
2024-25,2025-03-09,regular,San Antonio Spurs,Minnesota Timberwolves,SAS@MIN
2024-25,2025-03-09,regular,Utah Jazz,Philadelphia 76ers,UTA@PHI
2024-25,2025-03-10,regular,Charlotte Hornets,Miami Heat,CHA@MIA
2024-25,2025-03-10,regular,Dallas Mavericks,San Antonio Spurs,DAL@SAS
2024-25,2025-03-10,regular,Denver Nuggets,Oklahoma City Thunder,DEN@OKC
2024-25,2025-03-10,regular,Indiana Pacers,Chicago Bulls,IND@CHI
2024-25,2025-03-10,regular,Los Angeles Lakers,Brooklyn Nets,LAL@BKN
2024-25,2025-03-10,regular,New York Knicks,Sacramento Kings,NYK@SAC
2024-25,2025-03-10,regular,Orlando Magic,Houston Rockets,ORL@HOU
2024-25,2025-03-10,regular,Philadelphia 76ers,Atlanta Hawks,PHI@ATL
2024-25,2025-03-10,regular,Phoenix Suns,Memphis Grizzlies,PHX@MEM
2024-25,2025-03-10,regular,Portland Trail Blazers,Golden State Warriors,POR@GSW
2024-25,2025-03-10,regular,Utah Jazz,Boston Celtics,UTA@BOS
2024-25,2025-03-10,regular,Washington Wizards,Toronto Raptors,WAS@TOR
2024-25,2025-03-11,regular,Brooklyn Nets,Cleveland Cavaliers,BKN@CLE
2024-25,2025-03-11,regular,LA Clippers,New Orleans Pelicans,LAC@NOP
2024-25,2025-03-11,regular,Milwaukee Bucks,Indiana Pacers,MIL@IND
2024-25,2025-03-11,regular,Washington Wizards,Detroit Pistons,WAS@DET
2024-25,2025-03-12,regular,Charlotte Hornets,Atlanta Hawks,CHA@ATL
2024-25,2025-03-12,regular,Dallas Mavericks,San Antonio Spurs,DAL@SAS
2024-25,2025-03-12,regular,LA Clippers,Miami Heat,LAC@MIA
2024-25,2025-03-12,regular,Minnesota Timberwolves,Denver Nuggets,MIN@DEN
2024-25,2025-03-12,regular,New York Knicks,Portland Trail Blazers,NYK@POR
2024-25,2025-03-12,regular,Oklahoma City Thunder,Boston Celtics,OKC@BOS
2024-25,2025-03-12,regular,Philadelphia 76ers,Toronto Raptors,PHI@TOR
2024-25,2025-03-12,regular,Phoenix Suns,Houston Rockets,PHX@HOU
2024-25,2025-03-12,regular,Utah Jazz,Memphis Grizzlies,UTA@MEM
2024-25,2025-03-13,regular,Brooklyn Nets,Chicago Bulls,BKN@CHI
2024-25,2025-03-13,regular,Los Angeles Lakers,Milwaukee Bucks,LAL@MIL
2024-25,2025-03-13,regular,Orlando Magic,New Orleans Pelicans,ORL@NOP
2024-25,2025-03-13,regular,Sacramento Kings,Golden State Warriors,SAC@GSW
2024-25,2025-03-13,regular,Washington Wizards,Detroit Pistons,WAS@DET
2024-25,2025-03-14,regular,Boston Celtics,Miami Heat,BOS@MIA
2024-25,2025-03-14,regular,Charlotte Hornets,San Antonio Spurs,CHA@SAS
2024-25,2025-03-14,regular,Cleveland Cavaliers,Memphis Grizzlies,CLE@MEM
2024-25,2025-03-14,regular,Dallas Mavericks,Houston Rockets,DAL@HOU
2024-25,2025-03-14,regular,Indiana Pacers,Philadelphia 76ers,IND@PHI
2024-25,2025-03-14,regular,LA Clippers,Atlanta Hawks,LAC@ATL
2024-25,2025-03-14,regular,Los Angeles Lakers,Denver Nuggets,LAL@DEN
2024-25,2025-03-14,regular,Orlando Magic,Minnesota Timberwolves,ORL@MIN
2024-25,2025-03-14,regular,Sacramento Kings,Phoenix Suns,SAC@PHX
2024-25,2025-03-14,regular,Toronto Raptors,Utah Jazz,TOR@UTA
2024-25,2025-03-15,regular,Boston Celtics,Brooklyn Nets,BOS@BKN
2024-25,2025-03-15,regular,Chicago Bulls,Houston Rockets,CHI@HOU
2024-25,2025-03-15,regular,Indiana Pacers,Milwaukee Bucks,IND@MIL
2024-25,2025-03-15,regular,Miami Heat,Memphis Grizzlies,MIA@MEM
2024-25,2025-03-15,regular,New Orleans Pelicans,San Antonio Spurs,NOP@SAS
2024-25,2025-03-15,regular,New York Knicks,Golden State Warriors,NYK@GSW
2024-25,2025-03-15,regular,Oklahoma City Thunder,Detroit Pistons,OKC@DET
2024-25,2025-03-15,regular,Washington Wizards,Denver Nuggets,WAS@DEN
2024-25,2025-03-16,regular,Atlanta Hawks,Brooklyn Nets,ATL@BKN
2024-25,2025-03-16,regular,Charlotte Hornets,LA Clippers,CHA@LAC
2024-25,2025-03-16,regular,Oklahoma City Thunder,Milwaukee Bucks,OKC@MIL
2024-25,2025-03-16,regular,Orlando Magic,Cleveland Cavaliers,ORL@CLE
2024-25,2025-03-16,regular,Philadelphia 76ers,Dallas Mavericks,PHI@DAL
2024-25,2025-03-16,regular,Phoenix Suns,Los Angeles Lakers,PHX@LAL
2024-25,2025-03-16,regular,Toronto Raptors,Portland Trail Blazers,TOR@POR
2024-25,2025-03-16,regular,Utah Jazz,Minnesota Timberwolves,UTA@MIN
2024-25,2025-03-17,regular,Chicago Bulls,Utah Jazz,CHI@UTA
2024-25,2025-03-17,regular,Denver Nuggets,Golden State Warriors,DEN@GSW
2024-25,2025-03-17,regular,Detroit Pistons,New Orleans Pelicans,DET@NOP
2024-25,2025-03-17,regular,Indiana Pacers,Minnesota Timberwolves,IND@MIN
2024-25,2025-03-17,regular,Memphis Grizzlies,Sacramento Kings,MEM@SAC
2024-25,2025-03-17,regular,Miami Heat,New York Knicks,MIA@NYK
2024-25,2025-03-17,regular,Philadelphia 76ers,Houston Rockets,PHI@HOU
2024-25,2025-03-17,regular,San Antonio Spurs,Los Angeles Lakers,SAS@LAL
2024-25,2025-03-17,regular,Toronto Raptors,Phoenix Suns,TOR@PHX
2024-25,2025-03-17,regular,Washington Wizards,Portland Trail Blazers,WAS@POR
2024-25,2025-03-18,regular,Atlanta Hawks,Charlotte Hornets,ATL@CHA
2024-25,2025-03-18,regular,Brooklyn Nets,Boston Celtics,BKN@BOS
2024-25,2025-03-18,regular,Cleveland Cavaliers,LA Clippers,CLE@LAC
2024-25,2025-03-18,regular,Milwaukee Bucks,Golden State Warriors,MIL@GSW
2024-25,2025-03-19,regular,Chicago Bulls,Phoenix Suns,CHI@PHX
2024-25,2025-03-19,regular,Cleveland Cavaliers,Sacramento Kings,CLE@SAC
2024-25,2025-03-19,regular,Dallas Mavericks,Indiana Pacers,DAL@IND
2024-25,2025-03-19,regular,Denver Nuggets,Los Angeles Lakers,DEN@LAL
2024-25,2025-03-19,regular,Detroit Pistons,Miami Heat,DET@MIA
2024-25,2025-03-19,regular,Houston Rockets,Orlando Magic,HOU@ORL
2024-25,2025-03-19,regular,Memphis Grizzlies,Portland Trail Blazers,MEM@POR
2024-25,2025-03-19,regular,New Orleans Pelicans,Minnesota Timberwolves,NOP@MIN
2024-25,2025-03-19,regular,New York Knicks,San Antonio Spurs,NYK@SAS
2024-25,2025-03-19,regular,Philadelphia 76ers,Oklahoma City Thunder,PHI@OKC
2024-25,2025-03-19,regular,Washington Wizards,Utah Jazz,WAS@UTA
2024-25,2025-03-20,regular,Brooklyn Nets,Indiana Pacers,BKN@IND
2024-25,2025-03-20,regular,Chicago Bulls,Sacramento Kings,CHI@SAC
2024-25,2025-03-20,regular,Milwaukee Bucks,Los Angeles Lakers,MIL@LAL
2024-25,2025-03-20,regular,New York Knicks,Charlotte Hornets,NYK@CHA
2024-25,2025-03-20,regular,Toronto Raptors,Golden State Warriors,TOR@GSW
2024-25,2025-03-21,regular,Boston Celtics,Utah Jazz,BOS@UTA
2024-25,2025-03-21,regular,Charlotte Hornets,Oklahoma City Thunder,CHA@OKC
2024-25,2025-03-21,regular,Cleveland Cavaliers,Phoenix Suns,CLE@PHX
2024-25,2025-03-21,regular,Denver Nuggets,Portland Trail Blazers,DEN@POR
2024-25,2025-03-21,regular,Detroit Pistons,Dallas Mavericks,DET@DAL
2024-25,2025-03-21,regular,Houston Rockets,Miami Heat,HOU@MIA
2024-25,2025-03-21,regular,Memphis Grizzlies,LA Clippers,MEM@LAC
2024-25,2025-03-21,regular,New Orleans Pelicans,Minnesota Timberwolves,NOP@MIN
2024-25,2025-03-21,regular,Orlando Magic,Washington Wizards,ORL@WAS
2024-25,2025-03-21,regular,Philadelphia 76ers,San Antonio Spurs,PHI@SAS
2024-25,2025-03-22,regular,Brooklyn Nets,Indiana Pacers,BKN@IND
2024-25,2025-03-22,regular,Chicago Bulls,Los Angeles Lakers,CHI@LAL
2024-25,2025-03-22,regular,Golden State Warriors,Atlanta Hawks,GSW@ATL
2024-25,2025-03-22,regular,Milwaukee Bucks,Sacramento Kings,MIL@SAC
2024-25,2025-03-22,regular,Washington Wizards,New York Knicks,WAS@NYK
2024-25,2025-03-23,regular,Boston Celtics,Portland Trail Blazers,BOS@POR
2024-25,2025-03-23,regular,Charlotte Hornets,Miami Heat,CHA@MIA
2024-25,2025-03-23,regular,Cleveland Cavaliers,Utah Jazz,CLE@UTA
2024-25,2025-03-23,regular,Denver Nuggets,Houston Rockets,DEN@HOU
2024-25,2025-03-23,regular,New Orleans Pelicans,Detroit Pistons,NOP@DET
2024-25,2025-03-23,regular,Oklahoma City Thunder,LA Clippers,OKC@LAC
2024-25,2025-03-23,regular,Philadelphia 76ers,Atlanta Hawks,PHI@ATL
2024-25,2025-03-23,regular,San Antonio Spurs,Toronto Raptors,SAS@TOR
2024-25,2025-03-24,regular,Boston Celtics,Sacramento Kings,BOS@SAC
2024-25,2025-03-24,regular,Chicago Bulls,Denver Nuggets,CHI@DEN
2024-25,2025-03-24,regular,Dallas Mavericks,Brooklyn Nets,DAL@BKN
2024-25,2025-03-24,regular,Los Angeles Lakers,Orlando Magic,LAL@ORL
2024-25,2025-03-24,regular,Milwaukee Bucks,Phoenix Suns,MIL@PHX
2024-25,2025-03-24,regular,Minnesota Timberwolves,Indiana Pacers,MIN@IND
2024-25,2025-03-24,regular,Philadelphia 76ers,New Orleans Pelicans,PHI@NOP
2024-25,2025-03-24,regular,Toronto Raptors,Washington Wizards,TOR@WAS
2024-25,2025-03-25,regular,Atlanta Hawks,Houston Rockets,ATL@HOU
2024-25,2025-03-25,regular,Cleveland Cavaliers,Portland Trail Blazers,CLE@POR
2024-25,2025-03-25,regular,Dallas Mavericks,New York Knicks,DAL@NYK
2024-25,2025-03-25,regular,Golden State Warriors,Miami Heat,GSW@MIA
2024-25,2025-03-25,regular,Memphis Grizzlies,Utah Jazz,MEM@UTA
2024-25,2025-03-25,regular,Oklahoma City Thunder,Sacramento Kings,OKC@SAC
2024-25,2025-03-25,regular,Orlando Magic,Charlotte Hornets,ORL@CHA
2024-25,2025-03-25,regular,San Antonio Spurs,Detroit Pistons,SAS@DET
2024-25,2025-03-26,regular,Boston Celtics,Phoenix Suns,BOS@PHX
2024-25,2025-03-26,regular,LA Clippers,New York Knicks,LAC@NYK
2024-25,2025-03-26,regular,Los Angeles Lakers,Indiana Pacers,LAL@IND
2024-25,2025-03-26,regular,Milwaukee Bucks,Denver Nuggets,MIL@DEN
2024-25,2025-03-26,regular,Toronto Raptors,Brooklyn Nets,TOR@BKN
2024-25,2025-03-26,regular,Washington Wizards,Philadelphia 76ers,WAS@PHI
2024-25,2025-03-27,regular,Atlanta Hawks,Miami Heat,ATL@MIA
2024-25,2025-03-27,regular,Dallas Mavericks,Orlando Magic,DAL@ORL
2024-25,2025-03-27,regular,Houston Rockets,Utah Jazz,HOU@UTA
2024-25,2025-03-27,regular,Indiana Pacers,Washington Wizards,IND@WAS
2024-25,2025-03-27,regular,Los Angeles Lakers,Chicago Bulls,LAL@CHI
2024-25,2025-03-27,regular,Memphis Grizzlies,Oklahoma City Thunder,MEM@OKC
2024-25,2025-03-27,regular,Portland Trail Blazers,Sacramento Kings,POR@SAC
2024-25,2025-03-27,regular,San Antonio Spurs,Cleveland Cavaliers,SAS@CLE
2024-25,2025-03-28,regular,Charlotte Hornets,Toronto Raptors,CHA@TOR
2024-25,2025-03-28,regular,Cleveland Cavaliers,Detroit Pistons,CLE@DET
2024-25,2025-03-28,regular,Golden State Warriors,New Orleans Pelicans,GSW@NOP
2024-25,2025-03-28,regular,LA Clippers,Brooklyn Nets,LAC@BKN
2024-25,2025-03-28,regular,New York Knicks,Milwaukee Bucks,NYK@MIL
2024-25,2025-03-28,regular,Phoenix Suns,Minnesota Timberwolves,PHX@MIN
2024-25,2025-03-28,regular,Utah Jazz,Denver Nuggets,UTA@DEN
2024-25,2025-03-29,regular,Brooklyn Nets,Washington Wizards,BKN@WAS
2024-25,2025-03-29,regular,Boston Celtics,San Antonio Spurs,BOS@SAS
2024-25,2025-03-29,regular,Dallas Mavericks,Chicago Bulls,DAL@CHI
2024-25,2025-03-29,regular,Indiana Pacers,Oklahoma City Thunder,IND@OKC
2024-25,2025-03-29,regular,Los Angeles Lakers,Memphis Grizzlies,LAL@MEM
2024-25,2025-03-29,regular,Miami Heat,Philadelphia 76ers,MIA@PHI
2024-25,2025-03-29,regular,Sacramento Kings,Orlando Magic,SAC@ORL
2024-25,2025-03-30,regular,Atlanta Hawks,Milwaukee Bucks,ATL@MIL
2024-25,2025-03-30,regular,Charlotte Hornets,New Orleans Pelicans,CHA@NOP
2024-25,2025-03-30,regular,Detroit Pistons,Minnesota Timberwolves,DET@MIN
2024-25,2025-03-30,regular,Golden State Warriors,San Antonio Spurs,GSW@SAS
2024-25,2025-03-30,regular,Houston Rockets,Phoenix Suns,HOU@PHX
2024-25,2025-03-30,regular,LA Clippers,Cleveland Cavaliers,LAC@CLE
2024-25,2025-03-30,regular,Portland Trail Blazers,New York Knicks,POR@NYK
2024-25,2025-03-30,regular,Toronto Raptors,Philadelphia 76ers,TOR@PHI
2024-25,2025-03-31,regular,Brooklyn Nets,Dallas Mavericks,BKN@DAL
2024-25,2025-03-31,regular,Boston Celtics,Memphis Grizzlies,BOS@MEM
2024-25,2025-03-31,regular,Chicago Bulls,Oklahoma City Thunder,CHI@OKC
2024-25,2025-03-31,regular,Houston Rockets,Los Angeles Lakers,HOU@LAL
2024-25,2025-03-31,regular,LA Clippers,Orlando Magic,LAC@ORL
2024-25,2025-03-31,regular,Miami Heat,Washington Wizards,MIA@WAS
2024-25,2025-03-31,regular,Sacramento Kings,Indiana Pacers,SAC@IND
2024-25,2025-03-31,regular,Utah Jazz,Charlotte Hornets,UTA@CHA
2024-25,2025-04-01,regular,Golden State Warriors,Memphis Grizzlies,GSW@MEM
2024-25,2025-04-01,regular,Minnesota Timberwolves,Denver Nuggets,MIN@DEN
2024-25,2025-04-01,regular,Orlando Magic,San Antonio Spurs,ORL@SAS
2024-25,2025-04-01,regular,Philadelphia 76ers,New York Knicks,PHI@NYK
2024-25,2025-04-01,regular,Phoenix Suns,Milwaukee Bucks,PHX@MIL
2024-25,2025-04-01,regular,Portland Trail Blazers,Atlanta Hawks,POR@ATL
2024-25,2025-04-01,regular,Toronto Raptors,Chicago Bulls,TOR@CHI
2024-25,2025-04-02,regular,Atlanta Hawks,Dallas Mavericks,ATL@DAL
2024-25,2025-04-02,regular,Charlotte Hornets,Indiana Pacers,CHA@IND
2024-25,2025-04-02,regular,Detroit Pistons,Oklahoma City Thunder,DET@OKC
2024-25,2025-04-02,regular,Miami Heat,Boston Celtics,MIA@BOS
2024-25,2025-04-02,regular,New Orleans Pelicans,LA Clippers,NOP@LAC
2024-25,2025-04-02,regular,New York Knicks,Cleveland Cavaliers,NYK@CLE
2024-25,2025-04-02,regular,Sacramento Kings,Washington Wizards,SAC@WAS
2024-25,2025-04-02,regular,San Antonio Spurs,Denver Nuggets,SAS@DEN
2024-25,2025-04-02,regular,Utah Jazz,Houston Rockets,UTA@HOU
2024-25,2025-04-03,regular,Golden State Warriors,Los Angeles Lakers,GSW@LAL
2024-25,2025-04-03,regular,Memphis Grizzlies,Miami Heat,MEM@MIA
2024-25,2025-04-03,regular,Milwaukee Bucks,Philadelphia 76ers,MIL@PHI
2024-25,2025-04-03,regular,Minnesota Timberwolves,Brooklyn Nets,MIN@BKN
2024-25,2025-04-03,regular,Orlando Magic,Washington Wizards,ORL@WAS
2024-25,2025-04-03,regular,Portland Trail Blazers,Toronto Raptors,POR@TOR
2024-25,2025-04-04,regular,Cleveland Cavaliers,San Antonio Spurs,CLE@SAS
2024-25,2025-04-04,regular,Dallas Mavericks,LA Clippers,DAL@LAC
2024-25,2025-04-04,regular,Denver Nuggets,Golden State Warriors,DEN@GSW
2024-25,2025-04-04,regular,Detroit Pistons,Toronto Raptors,DET@TOR
2024-25,2025-04-04,regular,New Orleans Pelicans,Los Angeles Lakers,NOP@LAL
2024-25,2025-04-04,regular,Oklahoma City Thunder,Houston Rockets,OKC@HOU
2024-25,2025-04-04,regular,Phoenix Suns,Boston Celtics,PHX@BOS
2024-25,2025-04-04,regular,Portland Trail Blazers,Chicago Bulls,POR@CHI
2024-25,2025-04-04,regular,Sacramento Kings,Charlotte Hornets,SAC@CHA
2024-25,2025-04-04,regular,Utah Jazz,Indiana Pacers,UTA@IND
2024-25,2025-04-05,regular,Dallas Mavericks,LA Clippers,DAL@LAC
2024-25,2025-04-05,regular,Memphis Grizzlies,Detroit Pistons,MEM@DET
2024-25,2025-04-05,regular,Milwaukee Bucks,Miami Heat,MIL@MIA
2024-25,2025-04-05,regular,Minnesota Timberwolves,Philadelphia 76ers,MIN@PHI
2024-25,2025-04-05,regular,New York Knicks,Atlanta Hawks,NYK@ATL
2024-25,2025-04-06,regular,Chicago Bulls,Charlotte Hornets,CHI@CHA
2024-25,2025-04-06,regular,Houston Rockets,Golden State Warriors,HOU@GSW
2024-25,2025-04-06,regular,Indiana Pacers,Denver Nuggets,IND@DEN
2024-25,2025-04-06,regular,Los Angeles Lakers,Oklahoma City Thunder,LAL@OKC
2024-25,2025-04-06,regular,Milwaukee Bucks,New Orleans Pelicans,MIL@NOP
2024-25,2025-04-06,regular,Phoenix Suns,New York Knicks,PHX@NYK
2024-25,2025-04-06,regular,Sacramento Kings,Cleveland Cavaliers,SAC@CLE
2024-25,2025-04-06,regular,San Antonio Spurs,Portland Trail Blazers,SAS@POR
2024-25,2025-04-06,regular,Toronto Raptors,Brooklyn Nets,TOR@BKN
2024-25,2025-04-06,regular,Utah Jazz,Atlanta Hawks,UTA@ATL
2024-25,2025-04-06,regular,Washington Wizards,Boston Celtics,WAS@BOS
2024-25,2025-04-07,regular,Philadelphia 76ers,Miami Heat,PHI@MIA
2024-25,2025-04-07,regular,Sacramento Kings,Detroit Pistons,SAC@DET
2024-25,2025-04-08,regular,Atlanta Hawks,Orlando Magic,ATL@ORL
2024-25,2025-04-08,regular,Boston Celtics,New York Knicks,BOS@NYK
2024-25,2025-04-08,regular,Chicago Bulls,Cleveland Cavaliers,CHI@CLE
2024-25,2025-04-08,regular,Golden State Warriors,Phoenix Suns,GSW@PHX
2024-25,2025-04-08,regular,Los Angeles Lakers,Oklahoma City Thunder,LAL@OKC
2024-25,2025-04-08,regular,Memphis Grizzlies,Charlotte Hornets,MEM@CHA
2024-25,2025-04-08,regular,Minnesota Timberwolves,Milwaukee Bucks,MIN@MIL
2024-25,2025-04-08,regular,New Orleans Pelicans,Brooklyn Nets,NOP@BKN
2024-25,2025-04-08,regular,San Antonio Spurs,LA Clippers,SAS@LAC
2024-25,2025-04-08,regular,Washington Wizards,Indiana Pacers,WAS@IND
2024-25,2025-04-09,regular,Boston Celtics,Orlando Magic,BOS@ORL
2024-25,2025-04-09,regular,Charlotte Hornets,Toronto Raptors,CHA@TOR
2024-25,2025-04-09,regular,Denver Nuggets,Sacramento Kings,DEN@SAC
2024-25,2025-04-09,regular,Houston Rockets,LA Clippers,HOU@LAC
2024-25,2025-04-09,regular,Los Angeles Lakers,Dallas Mavericks,LAL@DAL
2024-25,2025-04-09,regular,Miami Heat,Chicago Bulls,MIA@CHI
2024-25,2025-04-09,regular,Oklahoma City Thunder,Phoenix Suns,OKC@PHX
2024-25,2025-04-09,regular,Philadelphia 76ers,Washington Wizards,PHI@WAS
2024-25,2025-04-09,regular,Portland Trail Blazers,Utah Jazz,POR@UTA
2024-25,2025-04-09,regular,San Antonio Spurs,Golden State Warriors,SAS@GSW
2024-25,2025-04-10,regular,Atlanta Hawks,Brooklyn Nets,ATL@BKN
2024-25,2025-04-10,regular,Cleveland Cavaliers,Indiana Pacers,CLE@IND
2024-25,2025-04-10,regular,Minnesota Timberwolves,Memphis Grizzlies,MIN@MEM
2024-25,2025-04-10,regular,New Orleans Pelicans,Milwaukee Bucks,NOP@MIL
2024-25,2025-04-10,regular,New York Knicks,Detroit Pistons,NYK@DET
2024-25,2025-04-11,regular,Atlanta Hawks,Philadelphia 76ers,ATL@PHI
2024-25,2025-04-11,regular,Brooklyn Nets,Minnesota Timberwolves,BKN@MIN
2024-25,2025-04-11,regular,Charlotte Hornets,Boston Celtics,CHA@BOS
2024-25,2025-04-11,regular,Cleveland Cavaliers,New York Knicks,CLE@NYK
2024-25,2025-04-11,regular,Golden State Warriors,Portland Trail Blazers,GSW@POR
2024-25,2025-04-11,regular,Houston Rockets,Los Angeles Lakers,HOU@LAL
2024-25,2025-04-11,regular,LA Clippers,Sacramento Kings,LAC@SAC
2024-25,2025-04-11,regular,Memphis Grizzlies,Denver Nuggets,MEM@DEN
2024-25,2025-04-11,regular,Miami Heat,New Orleans Pelicans,MIA@NOP
2024-25,2025-04-11,regular,Milwaukee Bucks,Detroit Pistons,MIL@DET
2024-25,2025-04-11,regular,Oklahoma City Thunder,Utah Jazz,OKC@UTA
2024-25,2025-04-11,regular,Orlando Magic,Indiana Pacers,ORL@IND
2024-25,2025-04-11,regular,San Antonio Spurs,Phoenix Suns,SAS@PHX
2024-25,2025-04-11,regular,Toronto Raptors,Dallas Mavericks,TOR@DAL
2024-25,2025-04-11,regular,Washington Wizards,Chicago Bulls,WAS@CHI
2024-25,2025-04-13,regular,Charlotte Hornets,Boston Celtics,CHA@BOS
2024-25,2025-04-13,regular,Chicago Bulls,Philadelphia 76ers,CHI@PHI
2024-25,2025-04-13,regular,Dallas Mavericks,Memphis Grizzlies,DAL@MEM
2024-25,2025-04-13,regular,Denver Nuggets,Houston Rockets,DEN@HOU
2024-25,2025-04-13,regular,Detroit Pistons,Milwaukee Bucks,DET@MIL
2024-25,2025-04-13,regular,Indiana Pacers,Cleveland Cavaliers,IND@CLE
2024-25,2025-04-13,regular,LA Clippers,Golden State Warriors,LAC@GSW
2024-25,2025-04-13,regular,Los Angeles Lakers,Portland Trail Blazers,LAL@POR
2024-25,2025-04-13,regular,New York Knicks,Brooklyn Nets,NYK@BKN
2024-25,2025-04-13,regular,Oklahoma City Thunder,New Orleans Pelicans,OKC@NOP
2024-25,2025-04-13,regular,Orlando Magic,Atlanta Hawks,ORL@ATL
2024-25,2025-04-13,regular,Phoenix Suns,Sacramento Kings,PHX@SAC
2024-25,2025-04-13,regular,Toronto Raptors,San Antonio Spurs,TOR@SAS
2024-25,2025-04-13,regular,Utah Jazz,Minnesota Timberwolves,UTA@MIN
2024-25,2025-04-13,regular,Washington Wizards,Miami Heat,WAS@MIA
2024-25,2025-04-15,play_in,Atlanta Hawks,Orlando Magic,ATL@ORL
2024-25,2025-04-15,play_in,Memphis Grizzlies,Golden State Warriors,MEM@GSW
2024-25,2025-04-16,play_in,Dallas Mavericks,Sacramento Kings,DAL@SAC
2024-25,2025-04-16,play_in,Miami Heat,Chicago Bulls,MIA@CHI
2024-25,2025-04-18,play_in,Dallas Mavericks,Memphis Grizzlies,DAL@MEM
2024-25,2025-04-18,play_in,Miami Heat,Atlanta Hawks,MIA@ATL
2024-25,2025-04-19,playoffs,Detroit Pistons,New York Knicks,DET@NYK
2024-25,2025-04-19,playoffs,LA Clippers,Denver Nuggets,LAC@DEN
2024-25,2025-04-19,playoffs,Milwaukee Bucks,Indiana Pacers,MIL@IND
2024-25,2025-04-19,playoffs,Minnesota Timberwolves,Los Angeles Lakers,MIN@LAL
2024-25,2025-04-20,playoffs,Golden State Warriors,Houston Rockets,GSW@HOU
2024-25,2025-04-20,playoffs,Memphis Grizzlies,Oklahoma City Thunder,MEM@OKC
2024-25,2025-04-20,playoffs,Miami Heat,Cleveland Cavaliers,MIA@CLE
2024-25,2025-04-20,playoffs,Orlando Magic,Boston Celtics,ORL@BOS
2024-25,2025-04-21,playoffs,Detroit Pistons,New York Knicks,DET@NYK
2024-25,2025-04-21,playoffs,LA Clippers,Denver Nuggets,LAC@DEN
2024-25,2025-04-22,playoffs,Memphis Grizzlies,Oklahoma City Thunder,MEM@OKC
2024-25,2025-04-22,playoffs,Milwaukee Bucks,Indiana Pacers,MIL@IND
2024-25,2025-04-22,playoffs,Minnesota Timberwolves,Los Angeles Lakers,MIN@LAL
2024-25,2025-04-23,playoffs,Golden State Warriors,Houston Rockets,GSW@HOU
2024-25,2025-04-23,playoffs,Miami Heat,Cleveland Cavaliers,MIA@CLE
2024-25,2025-04-23,playoffs,Orlando Magic,Boston Celtics,ORL@BOS
2024-25,2025-04-24,playoffs,Denver Nuggets,LA Clippers,DEN@LAC
2024-25,2025-04-24,playoffs,New York Knicks,Detroit Pistons,NYK@DET
2024-25,2025-04-24,playoffs,Oklahoma City Thunder,Memphis Grizzlies,OKC@MEM
2024-25,2025-04-25,playoffs,Boston Celtics,Orlando Magic,BOS@ORL
2024-25,2025-04-25,playoffs,Indiana Pacers,Milwaukee Bucks,IND@MIL
2024-25,2025-04-25,playoffs,Los Angeles Lakers,Minnesota Timberwolves,LAL@MIN
2024-25,2025-04-26,playoffs,Cleveland Cavaliers,Miami Heat,CLE@MIA
2024-25,2025-04-26,playoffs,Denver Nuggets,LA Clippers,DEN@LAC
2024-25,2025-04-26,playoffs,Houston Rockets,Golden State Warriors,HOU@GSW
2024-25,2025-04-26,playoffs,Oklahoma City Thunder,Memphis Grizzlies,OKC@MEM
2024-25,2025-04-27,playoffs,Boston Celtics,Orlando Magic,BOS@ORL
2024-25,2025-04-27,playoffs,Indiana Pacers,Milwaukee Bucks,IND@MIL
2024-25,2025-04-27,playoffs,Los Angeles Lakers,Minnesota Timberwolves,LAL@MIN
2024-25,2025-04-27,playoffs,New York Knicks,Detroit Pistons,NYK@DET
2024-25,2025-04-28,playoffs,Cleveland Cavaliers,Miami Heat,CLE@MIA
2024-25,2025-04-28,playoffs,Houston Rockets,Golden State Warriors,HOU@GSW
2024-25,2025-04-29,playoffs,Detroit Pistons,New York Knicks,DET@NYK
2024-25,2025-04-29,playoffs,LA Clippers,Denver Nuggets,LAC@DEN
2024-25,2025-04-29,playoffs,Milwaukee Bucks,Indiana Pacers,MIL@IND
2024-25,2025-04-29,playoffs,Orlando Magic,Boston Celtics,ORL@BOS
2024-25,2025-04-30,playoffs,Golden State Warriors,Houston Rockets,GSW@HOU
2024-25,2025-04-30,playoffs,Minnesota Timberwolves,Los Angeles Lakers,MIN@LAL
2024-25,2025-05-01,playoffs,Denver Nuggets,LA Clippers,DEN@LAC
2024-25,2025-05-01,playoffs,New York Knicks,Detroit Pistons,NYK@DET
2024-25,2025-05-02,playoffs,Houston Rockets,Golden State Warriors,HOU@GSW
2024-25,2025-05-03,playoffs,LA Clippers,Denver Nuggets,LAC@DEN
2024-25,2025-05-04,playoffs,Golden State Warriors,Houston Rockets,GSW@HOU
2024-25,2025-05-04,playoffs,Indiana Pacers,Cleveland Cavaliers,IND@CLE
2024-25,2025-05-05,playoffs,Denver Nuggets,Oklahoma City Thunder,DEN@OKC
2024-25,2025-05-05,playoffs,New York Knicks,Boston Celtics,NYK@BOS
2024-25,2025-05-06,playoffs,Golden State Warriors,Minnesota Timberwolves,GSW@MIN
2024-25,2025-05-06,playoffs,Indiana Pacers,Cleveland Cavaliers,IND@CLE
2024-25,2025-05-07,playoffs,Denver Nuggets,Oklahoma City Thunder,DEN@OKC
2024-25,2025-05-07,playoffs,New York Knicks,Boston Celtics,NYK@BOS
2024-25,2025-05-08,playoffs,Golden State Warriors,Minnesota Timberwolves,GSW@MIN
2024-25,2025-05-09,playoffs,Cleveland Cavaliers,Indiana Pacers,CLE@IND
2024-25,2025-05-09,playoffs,Oklahoma City Thunder,Denver Nuggets,OKC@DEN
2024-25,2025-05-10,playoffs,Boston Celtics,New York Knicks,BOS@NYK
2024-25,2025-05-10,playoffs,Minnesota Timberwolves,Golden State Warriors,MIN@GSW
2024-25,2025-05-11,playoffs,Cleveland Cavaliers,Indiana Pacers,CLE@IND
2024-25,2025-05-11,playoffs,Oklahoma City Thunder,Denver Nuggets,OKC@DEN
2024-25,2025-05-12,playoffs,Boston Celtics,New York Knicks,BOS@NYK
2024-25,2025-05-12,playoffs,Minnesota Timberwolves,Golden State Warriors,MIN@GSW
2024-25,2025-05-13,playoffs,Denver Nuggets,Oklahoma City Thunder,DEN@OKC
2024-25,2025-05-13,playoffs,Indiana Pacers,Cleveland Cavaliers,IND@CLE
2024-25,2025-05-14,playoffs,Golden State Warriors,Minnesota Timberwolves,GSW@MIN
2024-25,2025-05-14,playoffs,New York Knicks,Boston Celtics,NYK@BOS
2024-25,2025-05-15,playoffs,Oklahoma City Thunder,Denver Nuggets,OKC@DEN
2024-25,2025-05-16,playoffs,Boston Celtics,New York Knicks,BOS@NYK
2024-25,2025-05-18,playoffs,Denver Nuggets,Oklahoma City Thunder,DEN@OKC
2024-25,2025-05-20,playoffs,Minnesota Timberwolves,Oklahoma City Thunder,MIN@OKC
2024-25,2025-05-21,playoffs,Indiana Pacers,New York Knicks,IND@NYK
2024-25,2025-05-22,playoffs,Minnesota Timberwolves,Oklahoma City Thunder,MIN@OKC
2024-25,2025-05-23,playoffs,Indiana Pacers,New York Knicks,IND@NYK
2024-25,2025-05-24,playoffs,Oklahoma City Thunder,Minnesota Timberwolves,OKC@MIN
2024-25,2025-05-25,playoffs,New York Knicks,Indiana Pacers,NYK@IND
2024-25,2025-05-26,playoffs,Oklahoma City Thunder,Minnesota Timberwolves,OKC@MIN
2024-25,2025-05-27,playoffs,New York Knicks,Indiana Pacers,NYK@IND
2024-25,2025-05-28,playoffs,Minnesota Timberwolves,Oklahoma City Thunder,MIN@OKC
2024-25,2025-05-29,playoffs,Indiana Pacers,New York Knicks,IND@NYK
2024-25,2025-05-31,playoffs,New York Knicks,Indiana Pacers,NYK@IND
2024-25,2025-06-05,playoffs,Indiana Pacers,Oklahoma City Thunder,IND@OKC
2024-25,2025-06-08,playoffs,Indiana Pacers,Oklahoma City Thunder,IND@OKC
2024-25,2025-06-11,playoffs,Oklahoma City Thunder,Indiana Pacers,OKC@IND
2024-25,2025-06-13,playoffs,Oklahoma City Thunder,Indiana Pacers,OKC@IND
2024-25,2025-06-16,playoffs,Indiana Pacers,Oklahoma City Thunder,IND@OKC
2024-25,2025-06-19,playoffs,Oklahoma City Thunder,Indiana Pacers,OKC@IND
2024-25,2025-06-22,playoffs,Indiana Pacers,Oklahoma City Thunder,IND@OKC
2025-26,2025-10-02,preseason,New York Knicks,Philadelphia 76ers,NYK@PHI
2025-26,2025-10-03,preseason,Phoenix Suns,Los Angeles Lakers,PHX@LAL
2025-26,2025-10-04,preseason,Minnesota Timberwolves,Denver Nuggets,MIN@DEN
2025-26,2025-10-04,preseason,New York Knicks,Philadelphia 76ers,NYK@PHI
2025-26,2025-10-04,preseason,Orlando Magic,Miami Heat,ORL@MIA
2025-26,2025-10-05,preseason,Los Angeles Lakers,Golden State Warriors,LAL@GSW
2025-26,2025-10-05,preseason,Oklahoma City Thunder,Charlotte Hornets,OKC@CHA
2025-26,2025-10-06,preseason,Atlanta Hawks,Houston Rockets,ATL@HOU
2025-26,2025-10-06,preseason,Denver Nuggets,Toronto Raptors,DEN@TOR
2025-26,2025-10-06,preseason,Detroit Pistons,Memphis Grizzlies,DET@MEM
2025-26,2025-10-06,preseason,Milwaukee Bucks,Miami Heat,MIL@MIA
2025-26,2025-10-06,preseason,Oklahoma City Thunder,Dallas Mavericks,OKC@DAL
2025-26,2025-10-07,preseason,Chicago Bulls,Cleveland Cavaliers,CHI@CLE
2025-26,2025-10-07,preseason,Indiana Pacers,Minnesota Timberwolves,IND@MIN
2025-26,2025-10-08,preseason,Boston Celtics,Memphis Grizzlies,BOS@MEM
2025-26,2025-10-08,preseason,Portland Trail Blazers,Golden State Warriors,POR@GSW
2025-26,2025-10-08,preseason,San Antonio Spurs,Miami Heat,SAS@MIA
2025-26,2025-10-08,preseason,Toronto Raptors,Sacramento Kings,TOR@SAC
2025-26,2025-10-08,preseason,Utah Jazz,Houston Rockets,UTA@HOU
2025-26,2025-10-09,preseason,Charlotte Hornets,Oklahoma City Thunder,CHA@OKC
2025-26,2025-10-09,preseason,Cleveland Cavaliers,Chicago Bulls,CLE@CHI
2025-26,2025-10-09,preseason,Detroit Pistons,Milwaukee Bucks,DET@MIL
2025-26,2025-10-09,preseason,Minnesota Timberwolves,New York Knicks,MIN@NYK
2025-26,2025-10-10,preseason,Brooklyn Nets,Phoenix Suns,BKN@PHX
2025-26,2025-10-10,preseason,Boston Celtics,Toronto Raptors,BOS@TOR
2025-26,2025-10-10,preseason,Orlando Magic,Philadelphia 76ers,ORL@PHI
2025-26,2025-10-10,preseason,Sacramento Kings,Portland Trail Blazers,SAC@POR
2025-26,2025-10-10,preseason,Utah Jazz,San Antonio Spurs,UTA@SAS
2025-26,2025-10-11,preseason,Atlanta Hawks,Memphis Grizzlies,ATL@MEM
2025-26,2025-10-11,preseason,Charlotte Hornets,Dallas Mavericks,CHA@DAL
2025-26,2025-10-11,preseason,Oklahoma City Thunder,Indiana Pacers,OKC@IND
2025-26,2025-10-12,preseason,Brooklyn Nets,Phoenix Suns,BKN@PHX
2025-26,2025-10-12,preseason,Cleveland Cavaliers,Boston Celtics,CLE@BOS
2025-26,2025-10-12,preseason,Denver Nuggets,LA Clippers,DEN@LAC
2025-26,2025-10-12,preseason,Golden State Warriors,Los Angeles Lakers,GSW@LAL
2025-26,2025-10-12,preseason,Miami Heat,Orlando Magic,MIA@ORL
2025-26,2025-10-12,preseason,Milwaukee Bucks,Chicago Bulls,MIL@CHI
2025-26,2025-10-12,preseason,Toronto Raptors,Washington Wizards,TOR@WAS
2025-26,2025-10-13,preseason,Dallas Mavericks,Utah Jazz,DAL@UTA
2025-26,2025-10-13,preseason,Miami Heat,Atlanta Hawks,MIA@ATL
2025-26,2025-10-13,preseason,San Antonio Spurs,Indiana Pacers,SAS@IND
2025-26,2025-10-13,preseason,Washington Wizards,New York Knicks,WAS@NYK
2025-26,2025-10-14,preseason,Chicago Bulls,Denver Nuggets,CHI@DEN
2025-26,2025-10-14,preseason,Detroit Pistons,Cleveland Cavaliers,DET@CLE
2025-26,2025-10-14,preseason,Golden State Warriors,Portland Trail Blazers,GSW@POR
2025-26,2025-10-14,preseason,Houston Rockets,New Orleans Pelicans,HOU@NOP
2025-26,2025-10-14,preseason,Los Angeles Lakers,Phoenix Suns,LAL@PHX
2025-26,2025-10-14,preseason,Oklahoma City Thunder,Milwaukee Bucks,OKC@MIL
2025-26,2025-10-15,preseason,Dallas Mavericks,Los Angeles Lakers,DAL@LAL
2025-26,2025-10-15,preseason,LA Clippers,Sacramento Kings,LAC@SAC
2025-26,2025-10-15,preseason,Memphis Grizzlies,Charlotte Hornets,MEM@CHA
2025-26,2025-10-15,preseason,Toronto Raptors,Boston Celtics,TOR@BOS
2025-26,2025-10-16,preseason,Houston Rockets,Atlanta Hawks,HOU@ATL
2025-26,2025-10-16,preseason,Minnesota Timberwolves,Chicago Bulls,MIN@CHI
2025-26,2025-10-16,preseason,New Orleans Pelicans,Orlando Magic,NOP@ORL
2025-26,2025-10-16,preseason,Portland Trail Blazers,Utah Jazz,POR@UTA
2025-26,2025-10-16,preseason,Washington Wizards,Detroit Pistons,WAS@DET
2025-26,2025-10-17,preseason,Brooklyn Nets,Toronto Raptors,BKN@TOR
2025-26,2025-10-17,preseason,Charlotte Hornets,New York Knicks,CHA@NYK
2025-26,2025-10-17,preseason,Denver Nuggets,Oklahoma City Thunder,DEN@OKC
2025-26,2025-10-17,preseason,Indiana Pacers,San Antonio Spurs,IND@SAS
2025-26,2025-10-17,preseason,LA Clippers,Golden State Warriors,LAC@GSW
2025-26,2025-10-17,preseason,Memphis Grizzlies,Miami Heat,MEM@MIA
2025-26,2025-10-17,preseason,Minnesota Timberwolves,Philadelphia 76ers,MIN@PHI
2025-26,2025-10-17,preseason,Sacramento Kings,Los Angeles Lakers,SAC@LAL
2025-26,2025-10-21,regular,Golden State Warriors,Los Angeles Lakers,GSW@LAL
2025-26,2025-10-21,regular,Houston Rockets,Oklahoma City Thunder,HOU@OKC
2025-26,2025-10-22,regular,Brooklyn Nets,Charlotte Hornets,BKN@CHA
2025-26,2025-10-22,regular,Cleveland Cavaliers,New York Knicks,CLE@NYK
2025-26,2025-10-22,regular,Detroit Pistons,Chicago Bulls,DET@CHI
2025-26,2025-10-22,regular,LA Clippers,Utah Jazz,LAC@UTA
2025-26,2025-10-22,regular,Miami Heat,Orlando Magic,MIA@ORL
2025-26,2025-10-22,regular,Minnesota Timberwolves,Portland Trail Blazers,MIN@POR
2025-26,2025-10-22,regular,New Orleans Pelicans,Memphis Grizzlies,NOP@MEM
2025-26,2025-10-22,regular,Philadelphia 76ers,Boston Celtics,PHI@BOS
2025-26,2025-10-22,regular,Sacramento Kings,Phoenix Suns,SAC@PHX
2025-26,2025-10-22,regular,San Antonio Spurs,Dallas Mavericks,SAS@DAL
2025-26,2025-10-22,regular,Toronto Raptors,Atlanta Hawks,TOR@ATL
2025-26,2025-10-22,regular,Washington Wizards,Milwaukee Bucks,WAS@MIL
2025-26,2025-10-23,regular,Denver Nuggets,Golden State Warriors,DEN@GSW
2025-26,2025-10-23,regular,Oklahoma City Thunder,Indiana Pacers,OKC@IND
2025-26,2025-10-24,regular,Atlanta Hawks,Orlando Magic,ATL@ORL
2025-26,2025-10-24,regular,Boston Celtics,New York Knicks,BOS@NYK
2025-26,2025-10-24,regular,Cleveland Cavaliers,Brooklyn Nets,CLE@BKN
2025-26,2025-10-24,regular,Detroit Pistons,Houston Rockets,DET@HOU
2025-26,2025-10-24,regular,Golden State Warriors,Portland Trail Blazers,GSW@POR
2025-26,2025-10-24,regular,Miami Heat,Memphis Grizzlies,MIA@MEM
2025-26,2025-10-24,regular,Milwaukee Bucks,Toronto Raptors,MIL@TOR
2025-26,2025-10-24,regular,Minnesota Timberwolves,Los Angeles Lakers,MIN@LAL
2025-26,2025-10-24,regular,Phoenix Suns,LA Clippers,PHX@LAC
2025-26,2025-10-24,regular,San Antonio Spurs,New Orleans Pelicans,SAS@NOP
2025-26,2025-10-24,regular,Utah Jazz,Sacramento Kings,UTA@SAC
2025-26,2025-10-24,regular,Washington Wizards,Dallas Mavericks,WAS@DAL
2025-26,2025-10-25,regular,Charlotte Hornets,Philadelphia 76ers,CHA@PHI
2025-26,2025-10-25,regular,Chicago Bulls,Orlando Magic,CHI@ORL
2025-26,2025-10-25,regular,Indiana Pacers,Memphis Grizzlies,IND@MEM
2025-26,2025-10-25,regular,Oklahoma City Thunder,Atlanta Hawks,OKC@ATL
2025-26,2025-10-25,regular,Phoenix Suns,Denver Nuggets,PHX@DEN
2025-26,2025-10-26,regular,Brooklyn Nets,San Antonio Spurs,BKN@SAS
2025-26,2025-10-26,regular,Boston Celtics,Detroit Pistons,BOS@DET
2025-26,2025-10-26,regular,Charlotte Hornets,Washington Wizards,CHA@WAS
2025-26,2025-10-26,regular,Indiana Pacers,Minnesota Timberwolves,IND@MIN
2025-26,2025-10-26,regular,Los Angeles Lakers,Sacramento Kings,LAL@SAC
2025-26,2025-10-26,regular,Milwaukee Bucks,Cleveland Cavaliers,MIL@CLE
2025-26,2025-10-26,regular,New York Knicks,Miami Heat,NYK@MIA
2025-26,2025-10-26,regular,Portland Trail Blazers,LA Clippers,POR@LAC
2025-26,2025-10-26,regular,Toronto Raptors,Dallas Mavericks,TOR@DAL
2025-26,2025-10-27,regular,Atlanta Hawks,Chicago Bulls,ATL@CHI
2025-26,2025-10-27,regular,Brooklyn Nets,Houston Rockets,BKN@HOU
2025-26,2025-10-27,regular,Boston Celtics,New Orleans Pelicans,BOS@NOP
2025-26,2025-10-27,regular,Cleveland Cavaliers,Detroit Pistons,CLE@DET
2025-26,2025-10-27,regular,Denver Nuggets,Minnesota Timberwolves,DEN@MIN
2025-26,2025-10-27,regular,Memphis Grizzlies,Golden State Warriors,MEM@GSW
2025-26,2025-10-27,regular,Oklahoma City Thunder,Dallas Mavericks,OKC@DAL
2025-26,2025-10-27,regular,Orlando Magic,Philadelphia 76ers,ORL@PHI
2025-26,2025-10-27,regular,Phoenix Suns,Utah Jazz,PHX@UTA
2025-26,2025-10-27,regular,Portland Trail Blazers,Los Angeles Lakers,POR@LAL
2025-26,2025-10-27,regular,Toronto Raptors,San Antonio Spurs,TOR@SAS
2025-26,2025-10-28,regular,Charlotte Hornets,Miami Heat,CHA@MIA
2025-26,2025-10-28,regular,LA Clippers,Golden State Warriors,LAC@GSW
2025-26,2025-10-28,regular,New York Knicks,Milwaukee Bucks,NYK@MIL
2025-26,2025-10-28,regular,Philadelphia 76ers,Washington Wizards,PHI@WAS
2025-26,2025-10-28,regular,Sacramento Kings,Oklahoma City Thunder,SAC@OKC
2025-26,2025-10-29,regular,Atlanta Hawks,Brooklyn Nets,ATL@BKN
2025-26,2025-10-29,regular,Cleveland Cavaliers,Boston Celtics,CLE@BOS
2025-26,2025-10-29,regular,Houston Rockets,Toronto Raptors,HOU@TOR
2025-26,2025-10-29,regular,Indiana Pacers,Dallas Mavericks,IND@DAL
2025-26,2025-10-29,regular,Los Angeles Lakers,Minnesota Timberwolves,LAL@MIN
2025-26,2025-10-29,regular,Memphis Grizzlies,Phoenix Suns,MEM@PHX
2025-26,2025-10-29,regular,New Orleans Pelicans,Denver Nuggets,NOP@DEN
2025-26,2025-10-29,regular,Orlando Magic,Detroit Pistons,ORL@DET
2025-26,2025-10-29,regular,Portland Trail Blazers,Utah Jazz,POR@UTA
2025-26,2025-10-29,regular,Sacramento Kings,Chicago Bulls,SAC@CHI
2025-26,2025-10-30,regular,Golden State Warriors,Milwaukee Bucks,GSW@MIL
2025-26,2025-10-30,regular,Miami Heat,San Antonio Spurs,MIA@SAS
2025-26,2025-10-30,regular,Orlando Magic,Charlotte Hornets,ORL@CHA
2025-26,2025-10-30,regular,Washington Wizards,Oklahoma City Thunder,WAS@OKC
2025-26,2025-10-31,regular,Atlanta Hawks,Indiana Pacers,ATL@IND
2025-26,2025-10-31,regular,Boston Celtics,Philadelphia 76ers,BOS@PHI
2025-26,2025-10-31,regular,Denver Nuggets,Portland Trail Blazers,DEN@POR
2025-26,2025-10-31,regular,Los Angeles Lakers,Memphis Grizzlies,LAL@MEM
2025-26,2025-10-31,regular,New Orleans Pelicans,LA Clippers,NOP@LAC
2025-26,2025-10-31,regular,New York Knicks,Chicago Bulls,NYK@CHI
2025-26,2025-10-31,regular,Toronto Raptors,Cleveland Cavaliers,TOR@CLE
2025-26,2025-10-31,regular,Utah Jazz,Phoenix Suns,UTA@PHX
2025-26,2025-11-01,regular,Dallas Mavericks,Detroit Pistons,DAL@DET
2025-26,2025-11-01,regular,Golden State Warriors,Indiana Pacers,GSW@IND
2025-26,2025-11-01,regular,Houston Rockets,Boston Celtics,HOU@BOS
2025-26,2025-11-01,regular,Minnesota Timberwolves,Charlotte Hornets,MIN@CHA
2025-26,2025-11-01,regular,Orlando Magic,Washington Wizards,ORL@WAS
2025-26,2025-11-01,regular,Sacramento Kings,Milwaukee Bucks,SAC@MIL
2025-26,2025-11-02,regular,Atlanta Hawks,Cleveland Cavaliers,ATL@CLE
2025-26,2025-11-02,regular,Chicago Bulls,New York Knicks,CHI@NYK
2025-26,2025-11-02,regular,Memphis Grizzlies,Toronto Raptors,MEM@TOR
2025-26,2025-11-02,regular,Miami Heat,Los Angeles Lakers,MIA@LAL
2025-26,2025-11-02,regular,New Orleans Pelicans,Oklahoma City Thunder,NOP@OKC
2025-26,2025-11-02,regular,Philadelphia 76ers,Brooklyn Nets,PHI@BKN
2025-26,2025-11-02,regular,San Antonio Spurs,Phoenix Suns,SAS@PHX
2025-26,2025-11-02,regular,Utah Jazz,Charlotte Hornets,UTA@CHA
2025-26,2025-11-03,regular,Dallas Mavericks,Houston Rockets,DAL@HOU
2025-26,2025-11-03,regular,Detroit Pistons,Memphis Grizzlies,DET@MEM
2025-26,2025-11-03,regular,Los Angeles Lakers,Portland Trail Blazers,LAL@POR
2025-26,2025-11-03,regular,Miami Heat,LA Clippers,MIA@LAC
2025-26,2025-11-03,regular,Milwaukee Bucks,Indiana Pacers,MIL@IND
2025-26,2025-11-03,regular,Minnesota Timberwolves,Brooklyn Nets,MIN@BKN
2025-26,2025-11-03,regular,Sacramento Kings,Denver Nuggets,SAC@DEN
2025-26,2025-11-03,regular,Utah Jazz,Boston Celtics,UTA@BOS
2025-26,2025-11-03,regular,Washington Wizards,New York Knicks,WAS@NYK
2025-26,2025-11-04,regular,Charlotte Hornets,New Orleans Pelicans,CHA@NOP
2025-26,2025-11-04,regular,Milwaukee Bucks,Toronto Raptors,MIL@TOR
2025-26,2025-11-04,regular,Oklahoma City Thunder,LA Clippers,OKC@LAC
2025-26,2025-11-04,regular,Orlando Magic,Atlanta Hawks,ORL@ATL
2025-26,2025-11-04,regular,Philadelphia 76ers,Chicago Bulls,PHI@CHI
2025-26,2025-11-04,regular,Phoenix Suns,Golden State Warriors,PHX@GSW
2025-26,2025-11-05,regular,Brooklyn Nets,Indiana Pacers,BKN@IND
2025-26,2025-11-05,regular,Golden State Warriors,Sacramento Kings,GSW@SAC
2025-26,2025-11-05,regular,Houston Rockets,Memphis Grizzlies,HOU@MEM
2025-26,2025-11-05,regular,Miami Heat,Denver Nuggets,MIA@DEN
2025-26,2025-11-05,regular,Minnesota Timberwolves,New York Knicks,MIN@NYK
2025-26,2025-11-05,regular,New Orleans Pelicans,Dallas Mavericks,NOP@DAL
2025-26,2025-11-05,regular,Oklahoma City Thunder,Portland Trail Blazers,OKC@POR
2025-26,2025-11-05,regular,Philadelphia 76ers,Cleveland Cavaliers,PHI@CLE
2025-26,2025-11-05,regular,San Antonio Spurs,Los Angeles Lakers,SAS@LAL
2025-26,2025-11-05,regular,Utah Jazz,Detroit Pistons,UTA@DET
2025-26,2025-11-05,regular,Washington Wizards,Boston Celtics,WAS@BOS
2025-26,2025-11-06,regular,LA Clippers,Phoenix Suns,LAC@PHX
2025-26,2025-11-07,regular,Boston Celtics,Orlando Magic,BOS@ORL
2025-26,2025-11-07,regular,Charlotte Hornets,Miami Heat,CHA@MIA
2025-26,2025-11-07,regular,Chicago Bulls,Milwaukee Bucks,CHI@MIL
2025-26,2025-11-07,regular,Cleveland Cavaliers,Washington Wizards,CLE@WAS
2025-26,2025-11-07,regular,Dallas Mavericks,Memphis Grizzlies,DAL@MEM
2025-26,2025-11-07,regular,Detroit Pistons,Brooklyn Nets,DET@BKN
2025-26,2025-11-07,regular,Golden State Warriors,Denver Nuggets,GSW@DEN
2025-26,2025-11-07,regular,Houston Rockets,San Antonio Spurs,HOU@SAS
2025-26,2025-11-07,regular,Oklahoma City Thunder,Sacramento Kings,OKC@SAC
2025-26,2025-11-07,regular,Toronto Raptors,Atlanta Hawks,TOR@ATL
2025-26,2025-11-07,regular,Utah Jazz,Minnesota Timberwolves,UTA@MIN
2025-26,2025-11-08,regular,Chicago Bulls,Cleveland Cavaliers,CHI@CLE
2025-26,2025-11-08,regular,Dallas Mavericks,Washington Wizards,DAL@WAS
2025-26,2025-11-08,regular,Indiana Pacers,Denver Nuggets,IND@DEN
2025-26,2025-11-08,regular,Los Angeles Lakers,Atlanta Hawks,LAL@ATL
2025-26,2025-11-08,regular,New Orleans Pelicans,San Antonio Spurs,NOP@SAS
2025-26,2025-11-08,regular,Phoenix Suns,LA Clippers,PHX@LAC
2025-26,2025-11-08,regular,Portland Trail Blazers,Miami Heat,POR@MIA
2025-26,2025-11-08,regular,Toronto Raptors,Philadelphia 76ers,TOR@PHI
2025-26,2025-11-09,regular,Brooklyn Nets,New York Knicks,BKN@NYK
2025-26,2025-11-09,regular,Boston Celtics,Orlando Magic,BOS@ORL
2025-26,2025-11-09,regular,Detroit Pistons,Philadelphia 76ers,DET@PHI
2025-26,2025-11-09,regular,Houston Rockets,Milwaukee Bucks,HOU@MIL
2025-26,2025-11-09,regular,Indiana Pacers,Golden State Warriors,IND@GSW
2025-26,2025-11-09,regular,Minnesota Timberwolves,Sacramento Kings,MIN@SAC
2025-26,2025-11-09,regular,Oklahoma City Thunder,Memphis Grizzlies,OKC@MEM
2025-26,2025-11-10,regular,Atlanta Hawks,LA Clippers,ATL@LAC
2025-26,2025-11-10,regular,Cleveland Cavaliers,Miami Heat,CLE@MIA
2025-26,2025-11-10,regular,Los Angeles Lakers,Charlotte Hornets,LAL@CHA
2025-26,2025-11-10,regular,Milwaukee Bucks,Dallas Mavericks,MIL@DAL
2025-26,2025-11-10,regular,Minnesota Timberwolves,Utah Jazz,MIN@UTA
2025-26,2025-11-10,regular,New Orleans Pelicans,Phoenix Suns,NOP@PHX
2025-26,2025-11-10,regular,Portland Trail Blazers,Orlando Magic,POR@ORL
2025-26,2025-11-10,regular,San Antonio Spurs,Chicago Bulls,SAS@CHI
2025-26,2025-11-10,regular,Washington Wizards,Detroit Pistons,WAS@DET
2025-26,2025-11-11,regular,Boston Celtics,Philadelphia 76ers,BOS@PHI
2025-26,2025-11-11,regular,Denver Nuggets,Sacramento Kings,DEN@SAC
2025-26,2025-11-11,regular,Golden State Warriors,Oklahoma City Thunder,GSW@OKC
2025-26,2025-11-11,regular,Indiana Pacers,Utah Jazz,IND@UTA
2025-26,2025-11-11,regular,Memphis Grizzlies,New York Knicks,MEM@NYK
2025-26,2025-11-11,regular,Toronto Raptors,Brooklyn Nets,TOR@BKN
2025-26,2025-11-12,regular,Atlanta Hawks,Sacramento Kings,ATL@SAC
2025-26,2025-11-12,regular,Chicago Bulls,Detroit Pistons,CHI@DET
2025-26,2025-11-12,regular,Cleveland Cavaliers,Miami Heat,CLE@MIA
2025-26,2025-11-12,regular,Denver Nuggets,LA Clippers,DEN@LAC
2025-26,2025-11-12,regular,Golden State Warriors,San Antonio Spurs,GSW@SAS
2025-26,2025-11-12,regular,Los Angeles Lakers,Oklahoma City Thunder,LAL@OKC
2025-26,2025-11-12,regular,Memphis Grizzlies,Boston Celtics,MEM@BOS
2025-26,2025-11-12,regular,Milwaukee Bucks,Charlotte Hornets,MIL@CHA
2025-26,2025-11-12,regular,Orlando Magic,New York Knicks,ORL@NYK
2025-26,2025-11-12,regular,Phoenix Suns,Dallas Mavericks,PHX@DAL
2025-26,2025-11-12,regular,Portland Trail Blazers,New Orleans Pelicans,POR@NOP
2025-26,2025-11-12,regular,Washington Wizards,Houston Rockets,WAS@HOU
2025-26,2025-11-13,regular,Atlanta Hawks,Utah Jazz,ATL@UTA
2025-26,2025-11-13,regular,Indiana Pacers,Phoenix Suns,IND@PHX
2025-26,2025-11-13,regular,Toronto Raptors,Cleveland Cavaliers,TOR@CLE
2025-26,2025-11-14,regular,Brooklyn Nets,Orlando Magic,BKN@ORL
2025-26,2025-11-14,regular,Charlotte Hornets,Milwaukee Bucks,CHA@MIL
2025-26,2025-11-14,regular,Golden State Warriors,San Antonio Spurs,GSW@SAS
2025-26,2025-11-14,regular,LA Clippers,Dallas Mavericks,LAC@DAL
2025-26,2025-11-14,regular,Los Angeles Lakers,New Orleans Pelicans,LAL@NOP
2025-26,2025-11-14,regular,Miami Heat,New York Knicks,MIA@NYK
2025-26,2025-11-14,regular,Philadelphia 76ers,Detroit Pistons,PHI@DET
2025-26,2025-11-14,regular,Portland Trail Blazers,Houston Rockets,POR@HOU
2025-26,2025-11-14,regular,Sacramento Kings,Minnesota Timberwolves,SAC@MIN
2025-26,2025-11-15,regular,Denver Nuggets,Minnesota Timberwolves,DEN@MIN
2025-26,2025-11-15,regular,Los Angeles Lakers,Milwaukee Bucks,LAL@MIL
2025-26,2025-11-15,regular,Memphis Grizzlies,Cleveland Cavaliers,MEM@CLE
2025-26,2025-11-15,regular,Oklahoma City Thunder,Charlotte Hornets,OKC@CHA
2025-26,2025-11-15,regular,Toronto Raptors,Indiana Pacers,TOR@IND
2025-26,2025-11-16,regular,Atlanta Hawks,Phoenix Suns,ATL@PHX
2025-26,2025-11-16,regular,Brooklyn Nets,Washington Wizards,BKN@WAS
2025-26,2025-11-16,regular,Chicago Bulls,Utah Jazz,CHI@UTA
2025-26,2025-11-16,regular,Golden State Warriors,New Orleans Pelicans,GSW@NOP
2025-26,2025-11-16,regular,LA Clippers,Boston Celtics,LAC@BOS
2025-26,2025-11-16,regular,Orlando Magic,Houston Rockets,ORL@HOU
2025-26,2025-11-16,regular,Portland Trail Blazers,Dallas Mavericks,POR@DAL
2025-26,2025-11-16,regular,Sacramento Kings,San Antonio Spurs,SAC@SAS
2025-26,2025-11-17,regular,Charlotte Hornets,Toronto Raptors,CHA@TOR
2025-26,2025-11-17,regular,Chicago Bulls,Denver Nuggets,CHI@DEN
2025-26,2025-11-17,regular,Dallas Mavericks,Minnesota Timberwolves,DAL@MIN
2025-26,2025-11-17,regular,Indiana Pacers,Detroit Pistons,IND@DET
2025-26,2025-11-17,regular,LA Clippers,Philadelphia 76ers,LAC@PHI
2025-26,2025-11-17,regular,Milwaukee Bucks,Cleveland Cavaliers,MIL@CLE
2025-26,2025-11-17,regular,New York Knicks,Miami Heat,NYK@MIA
2025-26,2025-11-17,regular,Oklahoma City Thunder,New Orleans Pelicans,OKC@NOP
2025-26,2025-11-18,regular,Boston Celtics,Brooklyn Nets,BOS@BKN
2025-26,2025-11-18,regular,Detroit Pistons,Atlanta Hawks,DET@ATL
2025-26,2025-11-18,regular,Golden State Warriors,Orlando Magic,GSW@ORL
2025-26,2025-11-18,regular,Memphis Grizzlies,San Antonio Spurs,MEM@SAS
2025-26,2025-11-18,regular,Phoenix Suns,Portland Trail Blazers,PHX@POR
2025-26,2025-11-18,regular,Utah Jazz,Los Angeles Lakers,UTA@LAL
2025-26,2025-11-19,regular,Charlotte Hornets,Indiana Pacers,CHA@IND
2025-26,2025-11-19,regular,Chicago Bulls,Portland Trail Blazers,CHI@POR
2025-26,2025-11-19,regular,Denver Nuggets,New Orleans Pelicans,DEN@NOP
2025-26,2025-11-19,regular,Golden State Warriors,Miami Heat,GSW@MIA
2025-26,2025-11-19,regular,Houston Rockets,Cleveland Cavaliers,HOU@CLE
2025-26,2025-11-19,regular,New York Knicks,Dallas Mavericks,NYK@DAL
2025-26,2025-11-19,regular,Sacramento Kings,Oklahoma City Thunder,SAC@OKC
2025-26,2025-11-19,regular,Toronto Raptors,Philadelphia 76ers,TOR@PHI
2025-26,2025-11-19,regular,Washington Wizards,Minnesota Timberwolves,WAS@MIN
2025-26,2025-11-20,regular,Atlanta Hawks,San Antonio Spurs,ATL@SAS
2025-26,2025-11-20,regular,LA Clippers,Orlando Magic,LAC@ORL
2025-26,2025-11-20,regular,Philadelphia 76ers,Milwaukee Bucks,PHI@MIL
2025-26,2025-11-20,regular,Sacramento Kings,Memphis Grizzlies,SAC@MEM
2025-26,2025-11-21,regular,Brooklyn Nets,Boston Celtics,BKN@BOS
2025-26,2025-11-21,regular,Denver Nuggets,Houston Rockets,DEN@HOU
2025-26,2025-11-21,regular,Indiana Pacers,Cleveland Cavaliers,IND@CLE
2025-26,2025-11-21,regular,Miami Heat,Chicago Bulls,MIA@CHI
2025-26,2025-11-21,regular,Minnesota Timberwolves,Phoenix Suns,MIN@PHX
2025-26,2025-11-21,regular,New Orleans Pelicans,Dallas Mavericks,NOP@DAL
2025-26,2025-11-21,regular,Oklahoma City Thunder,Utah Jazz,OKC@UTA
2025-26,2025-11-21,regular,Portland Trail Blazers,Golden State Warriors,POR@GSW
2025-26,2025-11-21,regular,Washington Wizards,Toronto Raptors,WAS@TOR
2025-26,2025-11-22,regular,Atlanta Hawks,New Orleans Pelicans,ATL@NOP
2025-26,2025-11-22,regular,Detroit Pistons,Milwaukee Bucks,DET@MIL
2025-26,2025-11-22,regular,LA Clippers,Charlotte Hornets,LAC@CHA
2025-26,2025-11-22,regular,Memphis Grizzlies,Dallas Mavericks,MEM@DAL
2025-26,2025-11-22,regular,New York Knicks,Orlando Magic,NYK@ORL
2025-26,2025-11-22,regular,Sacramento Kings,Denver Nuggets,SAC@DEN
2025-26,2025-11-22,regular,Washington Wizards,Chicago Bulls,WAS@CHI
2025-26,2025-11-23,regular,Brooklyn Nets,Toronto Raptors,BKN@TOR
2025-26,2025-11-23,regular,Charlotte Hornets,Atlanta Hawks,CHA@ATL
2025-26,2025-11-23,regular,LA Clippers,Cleveland Cavaliers,LAC@CLE
2025-26,2025-11-23,regular,Los Angeles Lakers,Utah Jazz,LAL@UTA
2025-26,2025-11-23,regular,Miami Heat,Philadelphia 76ers,MIA@PHI
2025-26,2025-11-23,regular,Orlando Magic,Boston Celtics,ORL@BOS
2025-26,2025-11-23,regular,Portland Trail Blazers,Oklahoma City Thunder,POR@OKC
2025-26,2025-11-23,regular,San Antonio Spurs,Phoenix Suns,SAS@PHX
2025-26,2025-11-24,regular,Chicago Bulls,New Orleans Pelicans,CHI@NOP
2025-26,2025-11-24,regular,Cleveland Cavaliers,Toronto Raptors,CLE@TOR
2025-26,2025-11-24,regular,Dallas Mavericks,Miami Heat,DAL@MIA
2025-26,2025-11-24,regular,Denver Nuggets,Memphis Grizzlies,DEN@MEM
2025-26,2025-11-24,regular,Detroit Pistons,Indiana Pacers,DET@IND
2025-26,2025-11-24,regular,Houston Rockets,Phoenix Suns,HOU@PHX
2025-26,2025-11-24,regular,Minnesota Timberwolves,Sacramento Kings,MIN@SAC
2025-26,2025-11-24,regular,New York Knicks,Brooklyn Nets,NYK@BKN
2025-26,2025-11-24,regular,Portland Trail Blazers,Milwaukee Bucks,POR@MIL
2025-26,2025-11-24,regular,Utah Jazz,Golden State Warriors,UTA@GSW
2025-26,2025-11-25,regular,Atlanta Hawks,Washington Wizards,ATL@WAS
2025-26,2025-11-25,regular,LA Clippers,Los Angeles Lakers,LAC@LAL
2025-26,2025-11-25,regular,Orlando Magic,Philadelphia 76ers,ORL@PHI
2025-26,2025-11-26,regular,Detroit Pistons,Boston Celtics,DET@BOS
2025-26,2025-11-26,regular,Houston Rockets,Golden State Warriors,HOU@GSW
2025-26,2025-11-26,regular,Indiana Pacers,Toronto Raptors,IND@TOR
2025-26,2025-11-26,regular,Memphis Grizzlies,New Orleans Pelicans,MEM@NOP
2025-26,2025-11-26,regular,Milwaukee Bucks,Miami Heat,MIL@MIA
2025-26,2025-11-26,regular,Minnesota Timberwolves,Oklahoma City Thunder,MIN@OKC
2025-26,2025-11-26,regular,New York Knicks,Charlotte Hornets,NYK@CHA
2025-26,2025-11-26,regular,Phoenix Suns,Sacramento Kings,PHX@SAC
2025-26,2025-11-26,regular,San Antonio Spurs,Portland Trail Blazers,SAS@POR
2025-26,2025-11-28,regular,Chicago Bulls,Charlotte Hornets,CHI@CHA
2025-26,2025-11-28,regular,Cleveland Cavaliers,Atlanta Hawks,CLE@ATL
2025-26,2025-11-28,regular,Dallas Mavericks,Los Angeles Lakers,DAL@LAL
2025-26,2025-11-28,regular,Memphis Grizzlies,LA Clippers,MEM@LAC
2025-26,2025-11-28,regular,Milwaukee Bucks,New York Knicks,MIL@NYK
2025-26,2025-11-28,regular,Orlando Magic,Detroit Pistons,ORL@DET
2025-26,2025-11-28,regular,Philadelphia 76ers,Brooklyn Nets,PHI@BKN
2025-26,2025-11-28,regular,Phoenix Suns,Oklahoma City Thunder,PHX@OKC
2025-26,2025-11-28,regular,Sacramento Kings,Utah Jazz,SAC@UTA
2025-26,2025-11-28,regular,San Antonio Spurs,Denver Nuggets,SAS@DEN
2025-26,2025-11-28,regular,Washington Wizards,Indiana Pacers,WAS@IND
2025-26,2025-11-29,regular,Brooklyn Nets,Milwaukee Bucks,BKN@MIL
2025-26,2025-11-29,regular,Boston Celtics,Minnesota Timberwolves,BOS@MIN
2025-26,2025-11-29,regular,Chicago Bulls,Indiana Pacers,CHI@IND
2025-26,2025-11-29,regular,Dallas Mavericks,LA Clippers,DAL@LAC
2025-26,2025-11-29,regular,Denver Nuggets,Phoenix Suns,DEN@PHX
2025-26,2025-11-29,regular,Detroit Pistons,Miami Heat,DET@MIA
2025-26,2025-11-29,regular,New Orleans Pelicans,Golden State Warriors,NOP@GSW
2025-26,2025-11-29,regular,Toronto Raptors,Charlotte Hornets,TOR@CHA
2025-26,2025-11-30,regular,Atlanta Hawks,Philadelphia 76ers,ATL@PHI
2025-26,2025-11-30,regular,Boston Celtics,Cleveland Cavaliers,BOS@CLE
2025-26,2025-11-30,regular,Houston Rockets,Utah Jazz,HOU@UTA
2025-26,2025-11-30,regular,Memphis Grizzlies,Sacramento Kings,MEM@SAC
2025-26,2025-11-30,regular,New Orleans Pelicans,Los Angeles Lakers,NOP@LAL
2025-26,2025-11-30,regular,Oklahoma City Thunder,Portland Trail Blazers,OKC@POR
2025-26,2025-11-30,regular,San Antonio Spurs,Minnesota Timberwolves,SAS@MIN
2025-26,2025-11-30,regular,Toronto Raptors,New York Knicks,TOR@NYK
2025-26,2025-12-01,regular,Atlanta Hawks,Detroit Pistons,ATL@DET
2025-26,2025-12-01,regular,Charlotte Hornets,Brooklyn Nets,CHA@BKN
2025-26,2025-12-01,regular,Chicago Bulls,Orlando Magic,CHI@ORL
2025-26,2025-12-01,regular,Cleveland Cavaliers,Indiana Pacers,CLE@IND
2025-26,2025-12-01,regular,Dallas Mavericks,Denver Nuggets,DAL@DEN
2025-26,2025-12-01,regular,Houston Rockets,Utah Jazz,HOU@UTA
2025-26,2025-12-01,regular,LA Clippers,Miami Heat,LAC@MIA
2025-26,2025-12-01,regular,Milwaukee Bucks,Washington Wizards,MIL@WAS
2025-26,2025-12-01,regular,Phoenix Suns,Los Angeles Lakers,PHX@LAL
2025-26,2025-12-02,regular,Memphis Grizzlies,San Antonio Spurs,MEM@SAS
2025-26,2025-12-02,regular,Minnesota Timberwolves,New Orleans Pelicans,MIN@NOP
2025-26,2025-12-02,regular,New York Knicks,Boston Celtics,NYK@BOS
2025-26,2025-12-02,regular,Oklahoma City Thunder,Golden State Warriors,OKC@GSW
2025-26,2025-12-02,regular,Portland Trail Blazers,Toronto Raptors,POR@TOR
2025-26,2025-12-02,regular,Washington Wizards,Philadelphia 76ers,WAS@PHI
2025-26,2025-12-03,regular,Brooklyn Nets,Chicago Bulls,BKN@CHI
2025-26,2025-12-03,regular,Charlotte Hornets,New York Knicks,CHA@NYK
2025-26,2025-12-03,regular,Denver Nuggets,Indiana Pacers,DEN@IND
2025-26,2025-12-03,regular,Detroit Pistons,Milwaukee Bucks,DET@MIL
2025-26,2025-12-03,regular,LA Clippers,Atlanta Hawks,LAC@ATL
2025-26,2025-12-03,regular,Miami Heat,Dallas Mavericks,MIA@DAL
2025-26,2025-12-03,regular,Portland Trail Blazers,Cleveland Cavaliers,POR@CLE
2025-26,2025-12-03,regular,Sacramento Kings,Houston Rockets,SAC@HOU
2025-26,2025-12-03,regular,San Antonio Spurs,Orlando Magic,SAS@ORL
2025-26,2025-12-04,regular,Boston Celtics,Washington Wizards,BOS@WAS
2025-26,2025-12-04,regular,Golden State Warriors,Philadelphia 76ers,GSW@PHI
2025-26,2025-12-04,regular,Los Angeles Lakers,Toronto Raptors,LAL@TOR
2025-26,2025-12-04,regular,Minnesota Timberwolves,New Orleans Pelicans,MIN@NOP
2025-26,2025-12-04,regular,Utah Jazz,Brooklyn Nets,UTA@BKN
2025-26,2025-12-05,regular,Charlotte Hornets,Toronto Raptors,CHA@TOR
2025-26,2025-12-05,regular,Dallas Mavericks,Oklahoma City Thunder,DAL@OKC
2025-26,2025-12-05,regular,Denver Nuggets,Atlanta Hawks,DEN@ATL
2025-26,2025-12-05,regular,Indiana Pacers,Chicago Bulls,IND@CHI
2025-26,2025-12-05,regular,LA Clippers,Memphis Grizzlies,LAC@MEM
2025-26,2025-12-05,regular,Los Angeles Lakers,Boston Celtics,LAL@BOS
2025-26,2025-12-05,regular,Miami Heat,Orlando Magic,MIA@ORL
2025-26,2025-12-05,regular,Philadelphia 76ers,Milwaukee Bucks,PHI@MIL
2025-26,2025-12-05,regular,Phoenix Suns,Houston Rockets,PHX@HOU
2025-26,2025-12-05,regular,Portland Trail Blazers,Detroit Pistons,POR@DET
2025-26,2025-12-05,regular,San Antonio Spurs,Cleveland Cavaliers,SAS@CLE
2025-26,2025-12-05,regular,Utah Jazz,New York Knicks,UTA@NYK
2025-26,2025-12-06,regular,Atlanta Hawks,Washington Wizards,ATL@WAS
2025-26,2025-12-06,regular,Golden State Warriors,Cleveland Cavaliers,GSW@CLE
2025-26,2025-12-06,regular,Houston Rockets,Dallas Mavericks,HOU@DAL
2025-26,2025-12-06,regular,LA Clippers,Minnesota Timberwolves,LAC@MIN
2025-26,2025-12-06,regular,Milwaukee Bucks,Detroit Pistons,MIL@DET
2025-26,2025-12-06,regular,New Orleans Pelicans,Brooklyn Nets,NOP@BKN
2025-26,2025-12-06,regular,Sacramento Kings,Miami Heat,SAC@MIA
2025-26,2025-12-07,regular,Boston Celtics,Toronto Raptors,BOS@TOR
2025-26,2025-12-07,regular,Denver Nuggets,Charlotte Hornets,DEN@CHA
2025-26,2025-12-07,regular,Golden State Warriors,Chicago Bulls,GSW@CHI
2025-26,2025-12-07,regular,Los Angeles Lakers,Philadelphia 76ers,LAL@PHI
2025-26,2025-12-07,regular,Oklahoma City Thunder,Utah Jazz,OKC@UTA
2025-26,2025-12-07,regular,Orlando Magic,New York Knicks,ORL@NYK
2025-26,2025-12-07,regular,Portland Trail Blazers,Memphis Grizzlies,POR@MEM
2025-26,2025-12-08,regular,Phoenix Suns,Minnesota Timberwolves,PHX@MIN
2025-26,2025-12-08,regular,Sacramento Kings,Indiana Pacers,SAC@IND
2025-26,2025-12-08,regular,San Antonio Spurs,New Orleans Pelicans,SAS@NOP
2025-26,2025-12-09,regular,Miami Heat,Orlando Magic,MIA@ORL
2025-26,2025-12-09,regular,New York Knicks,Toronto Raptors,NYK@TOR
2025-26,2025-12-10,regular,Phoenix Suns,Oklahoma City Thunder,PHX@OKC
2025-26,2025-12-10,regular,San Antonio Spurs,Los Angeles Lakers,SAS@LAL
2025-26,2025-12-11,regular,Boston Celtics,Milwaukee Bucks,BOS@MIL
2025-26,2025-12-11,regular,Denver Nuggets,Sacramento Kings,DEN@SAC
2025-26,2025-12-11,regular,LA Clippers,Houston Rockets,LAC@HOU
2025-26,2025-12-11,regular,Portland Trail Blazers,New Orleans Pelicans,POR@NOP
2025-26,2025-12-12,regular,Atlanta Hawks,Detroit Pistons,ATL@DET
2025-26,2025-12-12,regular,Brooklyn Nets,Dallas Mavericks,BKN@DAL
2025-26,2025-12-12,regular,Chicago Bulls,Charlotte Hornets,CHI@CHA
2025-26,2025-12-12,regular,Cleveland Cavaliers,Washington Wizards,CLE@WAS
2025-26,2025-12-12,regular,Indiana Pacers,Philadelphia 76ers,IND@PHI
2025-26,2025-12-12,regular,Minnesota Timberwolves,Golden State Warriors,MIN@GSW
2025-26,2025-12-12,regular,Utah Jazz,Memphis Grizzlies,UTA@MEM
2025-26,2025-12-13,regular,New York Knicks,Orlando Magic,NYK@ORL
2025-26,2025-12-13,regular,San Antonio Spurs,Oklahoma City Thunder,SAS@OKC
2025-26,2025-12-14,regular,Charlotte Hornets,Cleveland Cavaliers,CHA@CLE
2025-26,2025-12-14,regular,Golden State Warriors,Portland Trail Blazers,GSW@POR
2025-26,2025-12-14,regular,Los Angeles Lakers,Phoenix Suns,LAL@PHX
2025-26,2025-12-14,regular,Milwaukee Bucks,Brooklyn Nets,MIL@BKN
2025-26,2025-12-14,regular,New Orleans Pelicans,Chicago Bulls,NOP@CHI
2025-26,2025-12-14,regular,Philadelphia 76ers,Atlanta Hawks,PHI@ATL
2025-26,2025-12-14,regular,Sacramento Kings,Minnesota Timberwolves,SAC@MIN
2025-26,2025-12-14,regular,Washington Wizards,Indiana Pacers,WAS@IND
2025-26,2025-12-15,regular,Dallas Mavericks,Utah Jazz,DAL@UTA
2025-26,2025-12-15,regular,Detroit Pistons,Boston Celtics,DET@BOS
2025-26,2025-12-15,regular,Houston Rockets,Denver Nuggets,HOU@DEN
2025-26,2025-12-15,regular,Memphis Grizzlies,LA Clippers,MEM@LAC
2025-26,2025-12-15,regular,Toronto Raptors,Miami Heat,TOR@MIA
2025-26,2025-12-17,regular,Cleveland Cavaliers,Chicago Bulls,CLE@CHI
2025-26,2025-12-17,regular,Memphis Grizzlies,Minnesota Timberwolves,MEM@MIN
2025-26,2025-12-18,regular,Atlanta Hawks,Charlotte Hornets,ATL@CHA
2025-26,2025-12-18,regular,Detroit Pistons,Dallas Mavericks,DET@DAL
2025-26,2025-12-18,regular,Golden State Warriors,Phoenix Suns,GSW@PHX
2025-26,2025-12-18,regular,Houston Rockets,New Orleans Pelicans,HOU@NOP
2025-26,2025-12-18,regular,LA Clippers,Oklahoma City Thunder,LAC@OKC
2025-26,2025-12-18,regular,Los Angeles Lakers,Utah Jazz,LAL@UTA
2025-26,2025-12-18,regular,Miami Heat,Brooklyn Nets,MIA@BKN
2025-26,2025-12-18,regular,New York Knicks,Indiana Pacers,NYK@IND
2025-26,2025-12-18,regular,Orlando Magic,Denver Nuggets,ORL@DEN
2025-26,2025-12-18,regular,Sacramento Kings,Portland Trail Blazers,SAC@POR
2025-26,2025-12-18,regular,Toronto Raptors,Milwaukee Bucks,TOR@MIL
2025-26,2025-12-18,regular,Washington Wizards,San Antonio Spurs,WAS@SAS
2025-26,2025-12-19,regular,Chicago Bulls,Cleveland Cavaliers,CHI@CLE
2025-26,2025-12-19,regular,Miami Heat,Boston Celtics,MIA@BOS
2025-26,2025-12-19,regular,Oklahoma City Thunder,Minnesota Timberwolves,OKC@MIN
2025-26,2025-12-19,regular,Philadelphia 76ers,New York Knicks,PHI@NYK
2025-26,2025-12-19,regular,San Antonio Spurs,Atlanta Hawks,SAS@ATL
2025-26,2025-12-20,regular,Boston Celtics,Toronto Raptors,BOS@TOR
2025-26,2025-12-20,regular,Charlotte Hornets,Detroit Pistons,CHA@DET
2025-26,2025-12-20,regular,Dallas Mavericks,Philadelphia 76ers,DAL@PHI
2025-26,2025-12-20,regular,Houston Rockets,Denver Nuggets,HOU@DEN
2025-26,2025-12-20,regular,Indiana Pacers,New Orleans Pelicans,IND@NOP
2025-26,2025-12-20,regular,Los Angeles Lakers,LA Clippers,LAL@LAC
2025-26,2025-12-20,regular,Orlando Magic,Utah Jazz,ORL@UTA
2025-26,2025-12-20,regular,Phoenix Suns,Golden State Warriors,PHX@GSW
2025-26,2025-12-20,regular,Portland Trail Blazers,Sacramento Kings,POR@SAC
2025-26,2025-12-20,regular,Washington Wizards,Memphis Grizzlies,WAS@MEM
2025-26,2025-12-21,regular,Chicago Bulls,Atlanta Hawks,CHI@ATL
2025-26,2025-12-21,regular,Houston Rockets,Sacramento Kings,HOU@SAC
2025-26,2025-12-21,regular,Miami Heat,New York Knicks,MIA@NYK
2025-26,2025-12-21,regular,Milwaukee Bucks,Minnesota Timberwolves,MIL@MIN
2025-26,2025-12-21,regular,San Antonio Spurs,Washington Wizards,SAS@WAS
2025-26,2025-12-21,regular,Toronto Raptors,Brooklyn Nets,TOR@BKN
2025-26,2025-12-22,regular,Charlotte Hornets,Cleveland Cavaliers,CHA@CLE
2025-26,2025-12-22,regular,Dallas Mavericks,New Orleans Pelicans,DAL@NOP
2025-26,2025-12-22,regular,Detroit Pistons,Portland Trail Blazers,DET@POR
2025-26,2025-12-22,regular,Indiana Pacers,Boston Celtics,IND@BOS
2025-26,2025-12-22,regular,Memphis Grizzlies,Oklahoma City Thunder,MEM@OKC
2025-26,2025-12-22,regular,Orlando Magic,Golden State Warriors,ORL@GSW
2025-26,2025-12-22,regular,Utah Jazz,Denver Nuggets,UTA@DEN
2025-26,2025-12-23,regular,Brooklyn Nets,Philadelphia 76ers,BKN@PHI
2025-26,2025-12-23,regular,Chicago Bulls,Atlanta Hawks,CHI@ATL
2025-26,2025-12-23,regular,Denver Nuggets,Dallas Mavericks,DEN@DAL
2025-26,2025-12-23,regular,Detroit Pistons,Sacramento Kings,DET@SAC
2025-26,2025-12-23,regular,Houston Rockets,LA Clippers,HOU@LAC
2025-26,2025-12-23,regular,Los Angeles Lakers,Phoenix Suns,LAL@PHX
2025-26,2025-12-23,regular,Memphis Grizzlies,Utah Jazz,MEM@UTA
2025-26,2025-12-23,regular,Milwaukee Bucks,Indiana Pacers,MIL@IND
2025-26,2025-12-23,regular,New Orleans Pelicans,Cleveland Cavaliers,NOP@CLE
2025-26,2025-12-23,regular,New York Knicks,Minnesota Timberwolves,NYK@MIN
2025-26,2025-12-23,regular,Oklahoma City Thunder,San Antonio Spurs,OKC@SAS
2025-26,2025-12-23,regular,Orlando Magic,Portland Trail Blazers,ORL@POR
2025-26,2025-12-23,regular,Toronto Raptors,Miami Heat,TOR@MIA
2025-26,2025-12-23,regular,Washington Wizards,Charlotte Hornets,WAS@CHA
2025-26,2025-12-25,regular,Cleveland Cavaliers,New York Knicks,CLE@NYK
2025-26,2025-12-25,regular,Dallas Mavericks,Golden State Warriors,DAL@GSW
2025-26,2025-12-25,regular,Houston Rockets,Los Angeles Lakers,HOU@LAL
2025-26,2025-12-25,regular,Minnesota Timberwolves,Denver Nuggets,MIN@DEN
2025-26,2025-12-25,regular,San Antonio Spurs,Oklahoma City Thunder,SAS@OKC
2025-26,2025-12-26,regular,Boston Celtics,Indiana Pacers,BOS@IND
2025-26,2025-12-26,regular,Charlotte Hornets,Orlando Magic,CHA@ORL
2025-26,2025-12-26,regular,Detroit Pistons,Utah Jazz,DET@UTA
2025-26,2025-12-26,regular,LA Clippers,Portland Trail Blazers,LAC@POR
2025-26,2025-12-26,regular,Miami Heat,Atlanta Hawks,MIA@ATL
2025-26,2025-12-26,regular,Milwaukee Bucks,Memphis Grizzlies,MIL@MEM
2025-26,2025-12-26,regular,Philadelphia 76ers,Chicago Bulls,PHI@CHI
2025-26,2025-12-26,regular,Phoenix Suns,New Orleans Pelicans,PHX@NOP
2025-26,2025-12-26,regular,Toronto Raptors,Washington Wizards,TOR@WAS
2025-26,2025-12-27,regular,Brooklyn Nets,Minnesota Timberwolves,BKN@MIN
2025-26,2025-12-27,regular,Cleveland Cavaliers,Houston Rockets,CLE@HOU
2025-26,2025-12-27,regular,Dallas Mavericks,Sacramento Kings,DAL@SAC
2025-26,2025-12-27,regular,Denver Nuggets,Orlando Magic,DEN@ORL
2025-26,2025-12-27,regular,Indiana Pacers,Miami Heat,IND@MIA
2025-26,2025-12-27,regular,Milwaukee Bucks,Chicago Bulls,MIL@CHI
2025-26,2025-12-27,regular,New York Knicks,Atlanta Hawks,NYK@ATL
2025-26,2025-12-27,regular,Phoenix Suns,New Orleans Pelicans,PHX@NOP
2025-26,2025-12-27,regular,Utah Jazz,San Antonio Spurs,UTA@SAS
2025-26,2025-12-28,regular,Boston Celtics,Portland Trail Blazers,BOS@POR
2025-26,2025-12-28,regular,Detroit Pistons,LA Clippers,DET@LAC
2025-26,2025-12-28,regular,Golden State Warriors,Toronto Raptors,GSW@TOR
2025-26,2025-12-28,regular,Memphis Grizzlies,Washington Wizards,MEM@WAS
2025-26,2025-12-28,regular,Philadelphia 76ers,Oklahoma City Thunder,PHI@OKC
2025-26,2025-12-28,regular,Sacramento Kings,Los Angeles Lakers,SAC@LAL
2025-26,2025-12-29,regular,Atlanta Hawks,Oklahoma City Thunder,ATL@OKC
2025-26,2025-12-29,regular,Cleveland Cavaliers,San Antonio Spurs,CLE@SAS
2025-26,2025-12-29,regular,Dallas Mavericks,Portland Trail Blazers,DAL@POR
2025-26,2025-12-29,regular,Denver Nuggets,Miami Heat,DEN@MIA
2025-26,2025-12-29,regular,Golden State Warriors,Brooklyn Nets,GSW@BKN
2025-26,2025-12-29,regular,Indiana Pacers,Houston Rockets,IND@HOU
2025-26,2025-12-29,regular,Milwaukee Bucks,Charlotte Hornets,MIL@CHA
2025-26,2025-12-29,regular,Minnesota Timberwolves,Chicago Bulls,MIN@CHI
2025-26,2025-12-29,regular,New York Knicks,New Orleans Pelicans,NYK@NOP
2025-26,2025-12-29,regular,Orlando Magic,Toronto Raptors,ORL@TOR
2025-26,2025-12-29,regular,Phoenix Suns,Washington Wizards,PHX@WAS
2025-26,2025-12-30,regular,Boston Celtics,Utah Jazz,BOS@UTA
2025-26,2025-12-30,regular,Detroit Pistons,Los Angeles Lakers,DET@LAL
2025-26,2025-12-30,regular,Philadelphia 76ers,Memphis Grizzlies,PHI@MEM
2025-26,2025-12-30,regular,Sacramento Kings,LA Clippers,SAC@LAC
2025-26,2025-12-31,regular,Denver Nuggets,Toronto Raptors,DEN@TOR
2025-26,2025-12-31,regular,Golden State Warriors,Charlotte Hornets,GSW@CHA
2025-26,2025-12-31,regular,Minnesota Timberwolves,Atlanta Hawks,MIN@ATL
2025-26,2025-12-31,regular,New Orleans Pelicans,Chicago Bulls,NOP@CHI
2025-26,2025-12-31,regular,New York Knicks,San Antonio Spurs,NYK@SAS
2025-26,2025-12-31,regular,Orlando Magic,Indiana Pacers,ORL@IND
2025-26,2025-12-31,regular,Phoenix Suns,Cleveland Cavaliers,PHX@CLE
2025-26,2025-12-31,regular,Portland Trail Blazers,Oklahoma City Thunder,POR@OKC
2025-26,2025-12-31,regular,Washington Wizards,Milwaukee Bucks,WAS@MIL
2025-26,2026-01-01,regular,Boston Celtics,Sacramento Kings,BOS@SAC
2025-26,2026-01-01,regular,Houston Rockets,Brooklyn Nets,HOU@BKN
2025-26,2026-01-01,regular,Miami Heat,Detroit Pistons,MIA@DET
2025-26,2026-01-01,regular,Philadelphia 76ers,Dallas Mavericks,PHI@DAL
2025-26,2026-01-01,regular,Utah Jazz,LA Clippers,UTA@LAC
2025-26,2026-01-02,regular,Atlanta Hawks,New York Knicks,ATL@NYK
2025-26,2026-01-02,regular,Brooklyn Nets,Washington Wizards,BKN@WAS
2025-26,2026-01-02,regular,Charlotte Hornets,Milwaukee Bucks,CHA@MIL
2025-26,2026-01-02,regular,Denver Nuggets,Cleveland Cavaliers,DEN@CLE
2025-26,2026-01-02,regular,Memphis Grizzlies,Los Angeles Lakers,MEM@LAL
2025-26,2026-01-02,regular,Oklahoma City Thunder,Golden State Warriors,OKC@GSW
2025-26,2026-01-02,regular,Orlando Magic,Chicago Bulls,ORL@CHI
2025-26,2026-01-02,regular,Portland Trail Blazers,New Orleans Pelicans,POR@NOP
2025-26,2026-01-02,regular,Sacramento Kings,Phoenix Suns,SAC@PHX
2025-26,2026-01-02,regular,San Antonio Spurs,Indiana Pacers,SAS@IND
2025-26,2026-01-03,regular,Atlanta Hawks,Toronto Raptors,ATL@TOR
2025-26,2026-01-03,regular,Boston Celtics,LA Clippers,BOS@LAC
2025-26,2026-01-03,regular,Charlotte Hornets,Chicago Bulls,CHA@CHI
2025-26,2026-01-03,regular,Houston Rockets,Dallas Mavericks,HOU@DAL
2025-26,2026-01-03,regular,Minnesota Timberwolves,Miami Heat,MIN@MIA
2025-26,2026-01-03,regular,Philadelphia 76ers,New York Knicks,PHI@NYK
2025-26,2026-01-03,regular,Portland Trail Blazers,San Antonio Spurs,POR@SAS
2025-26,2026-01-03,regular,Utah Jazz,Golden State Warriors,UTA@GSW
2025-26,2026-01-04,regular,Denver Nuggets,Brooklyn Nets,DEN@BKN
2025-26,2026-01-04,regular,Detroit Pistons,Cleveland Cavaliers,DET@CLE
2025-26,2026-01-04,regular,Indiana Pacers,Orlando Magic,IND@ORL
2025-26,2026-01-04,regular,Memphis Grizzlies,Los Angeles Lakers,MEM@LAL
2025-26,2026-01-04,regular,Milwaukee Bucks,Sacramento Kings,MIL@SAC
2025-26,2026-01-04,regular,Minnesota Timberwolves,Washington Wizards,MIN@WAS
2025-26,2026-01-04,regular,New Orleans Pelicans,Miami Heat,NOP@MIA
2025-26,2026-01-04,regular,Oklahoma City Thunder,Phoenix Suns,OKC@PHX
2025-26,2026-01-05,regular,Atlanta Hawks,Toronto Raptors,ATL@TOR
2025-26,2026-01-05,regular,Charlotte Hornets,Oklahoma City Thunder,CHA@OKC
2025-26,2026-01-05,regular,Chicago Bulls,Boston Celtics,CHI@BOS
2025-26,2026-01-05,regular,Denver Nuggets,Philadelphia 76ers,DEN@PHI
2025-26,2026-01-05,regular,Golden State Warriors,LA Clippers,GSW@LAC
2025-26,2026-01-05,regular,New York Knicks,Detroit Pistons,NYK@DET
2025-26,2026-01-05,regular,Phoenix Suns,Houston Rockets,PHX@HOU
2025-26,2026-01-05,regular,Utah Jazz,Portland Trail Blazers,UTA@POR
2025-26,2026-01-06,regular,Cleveland Cavaliers,Indiana Pacers,CLE@IND
2025-26,2026-01-06,regular,Dallas Mavericks,Sacramento Kings,DAL@SAC
2025-26,2026-01-06,regular,Los Angeles Lakers,New Orleans Pelicans,LAL@NOP
2025-26,2026-01-06,regular,Miami Heat,Minnesota Timberwolves,MIA@MIN
2025-26,2026-01-06,regular,Orlando Magic,Washington Wizards,ORL@WAS
2025-26,2026-01-06,regular,San Antonio Spurs,Memphis Grizzlies,SAS@MEM
2025-26,2026-01-07,regular,Chicago Bulls,Detroit Pistons,CHI@DET
2025-26,2026-01-07,regular,Denver Nuggets,Boston Celtics,DEN@BOS
2025-26,2026-01-07,regular,Houston Rockets,Portland Trail Blazers,HOU@POR
2025-26,2026-01-07,regular,LA Clippers,New York Knicks,LAC@NYK
2025-26,2026-01-07,regular,Los Angeles Lakers,San Antonio Spurs,LAL@SAS
2025-26,2026-01-07,regular,Milwaukee Bucks,Golden State Warriors,MIL@GSW
2025-26,2026-01-07,regular,New Orleans Pelicans,Atlanta Hawks,NOP@ATL
2025-26,2026-01-07,regular,Orlando Magic,Brooklyn Nets,ORL@BKN
2025-26,2026-01-07,regular,Phoenix Suns,Memphis Grizzlies,PHX@MEM
2025-26,2026-01-07,regular,Toronto Raptors,Charlotte Hornets,TOR@CHA
2025-26,2026-01-07,regular,Utah Jazz,Oklahoma City Thunder,UTA@OKC
2025-26,2026-01-07,regular,Washington Wizards,Philadelphia 76ers,WAS@PHI
2025-26,2026-01-08,regular,Cleveland Cavaliers,Minnesota Timberwolves,CLE@MIN
2025-26,2026-01-08,regular,Dallas Mavericks,Utah Jazz,DAL@UTA
2025-26,2026-01-08,regular,Indiana Pacers,Charlotte Hornets,IND@CHA
2025-26,2026-01-09,regular,Atlanta Hawks,Denver Nuggets,ATL@DEN
2025-26,2026-01-09,regular,Houston Rockets,Portland Trail Blazers,HOU@POR
2025-26,2026-01-09,regular,LA Clippers,Brooklyn Nets,LAC@BKN
2025-26,2026-01-09,regular,Milwaukee Bucks,Los Angeles Lakers,MIL@LAL
2025-26,2026-01-09,regular,New Orleans Pelicans,Washington Wizards,NOP@WAS
2025-26,2026-01-09,regular,New York Knicks,Phoenix Suns,NYK@PHX
2025-26,2026-01-09,regular,Oklahoma City Thunder,Memphis Grizzlies,OKC@MEM
2025-26,2026-01-09,regular,Philadelphia 76ers,Orlando Magic,PHI@ORL
2025-26,2026-01-09,regular,Sacramento Kings,Golden State Warriors,SAC@GSW
2025-26,2026-01-09,regular,Toronto Raptors,Boston Celtics,TOR@BOS
2025-26,2026-01-10,regular,Charlotte Hornets,Utah Jazz,CHA@UTA
2025-26,2026-01-10,regular,Dallas Mavericks,Chicago Bulls,DAL@CHI
2025-26,2026-01-10,regular,LA Clippers,Detroit Pistons,LAC@DET
2025-26,2026-01-10,regular,Miami Heat,Indiana Pacers,MIA@IND
2025-26,2026-01-10,regular,Minnesota Timberwolves,Cleveland Cavaliers,MIN@CLE
2025-26,2026-01-10,regular,San Antonio Spurs,Boston Celtics,SAS@BOS
2025-26,2026-01-11,regular,Atlanta Hawks,Golden State Warriors,ATL@GSW
2025-26,2026-01-11,regular,Brooklyn Nets,Memphis Grizzlies,BKN@MEM
2025-26,2026-01-11,regular,Houston Rockets,Sacramento Kings,HOU@SAC
2025-26,2026-01-11,regular,Miami Heat,Oklahoma City Thunder,MIA@OKC
2025-26,2026-01-11,regular,Milwaukee Bucks,Denver Nuggets,MIL@DEN
2025-26,2026-01-11,regular,New Orleans Pelicans,Orlando Magic,NOP@ORL
2025-26,2026-01-11,regular,New York Knicks,Portland Trail Blazers,NYK@POR
2025-26,2026-01-11,regular,Philadelphia 76ers,Toronto Raptors,PHI@TOR
2025-26,2026-01-11,regular,San Antonio Spurs,Minnesota Timberwolves,SAS@MIN
2025-26,2026-01-11,regular,Washington Wizards,Phoenix Suns,WAS@PHX
2025-26,2026-01-12,regular,Brooklyn Nets,Dallas Mavericks,BKN@DAL
2025-26,2026-01-12,regular,Boston Celtics,Indiana Pacers,BOS@IND
2025-26,2026-01-12,regular,Charlotte Hornets,LA Clippers,CHA@LAC
2025-26,2026-01-12,regular,Los Angeles Lakers,Sacramento Kings,LAL@SAC
2025-26,2026-01-12,regular,Philadelphia 76ers,Toronto Raptors,PHI@TOR
2025-26,2026-01-12,regular,Utah Jazz,Cleveland Cavaliers,UTA@CLE
2025-26,2026-01-13,regular,Atlanta Hawks,Los Angeles Lakers,ATL@LAL
2025-26,2026-01-13,regular,Chicago Bulls,Houston Rockets,CHI@HOU
2025-26,2026-01-13,regular,Denver Nuggets,New Orleans Pelicans,DEN@NOP
2025-26,2026-01-13,regular,Minnesota Timberwolves,Milwaukee Bucks,MIN@MIL
2025-26,2026-01-13,regular,Phoenix Suns,Miami Heat,PHX@MIA
2025-26,2026-01-13,regular,Portland Trail Blazers,Golden State Warriors,POR@GSW
2025-26,2026-01-13,regular,San Antonio Spurs,Oklahoma City Thunder,SAS@OKC
2025-26,2026-01-14,regular,Brooklyn Nets,New Orleans Pelicans,BKN@NOP
2025-26,2026-01-14,regular,Cleveland Cavaliers,Philadelphia 76ers,CLE@PHI
2025-26,2026-01-14,regular,Denver Nuggets,Dallas Mavericks,DEN@DAL
2025-26,2026-01-14,regular,New York Knicks,Sacramento Kings,NYK@SAC
2025-26,2026-01-14,regular,Toronto Raptors,Indiana Pacers,TOR@IND
2025-26,2026-01-14,regular,Utah Jazz,Chicago Bulls,UTA@CHI
2025-26,2026-01-14,regular,Washington Wizards,LA Clippers,WAS@LAC
2025-26,2026-01-15,regular,Atlanta Hawks,Portland Trail Blazers,ATL@POR
2025-26,2026-01-15,regular,Boston Celtics,Miami Heat,BOS@MIA
2025-26,2026-01-15,regular,Charlotte Hornets,Los Angeles Lakers,CHA@LAL
2025-26,2026-01-15,regular,Milwaukee Bucks,San Antonio Spurs,MIL@SAS
2025-26,2026-01-15,regular,New York Knicks,Golden State Warriors,NYK@GSW
2025-26,2026-01-15,regular,Oklahoma City Thunder,Houston Rockets,OKC@HOU
2025-26,2026-01-15,regular,Orlando Magic,Memphis Grizzlies,ORL@MEM
2025-26,2026-01-15,regular,Phoenix Suns,Detroit Pistons,PHX@DET
2025-26,2026-01-15,regular,Utah Jazz,Dallas Mavericks,UTA@DAL
2025-26,2026-01-16,regular,Chicago Bulls,Brooklyn Nets,CHI@BKN
2025-26,2026-01-16,regular,Cleveland Cavaliers,Philadelphia 76ers,CLE@PHI
2025-26,2026-01-16,regular,LA Clippers,Toronto Raptors,LAC@TOR
2025-26,2026-01-16,regular,Minnesota Timberwolves,Houston Rockets,MIN@HOU
2025-26,2026-01-16,regular,New Orleans Pelicans,Indiana Pacers,NOP@IND
2025-26,2026-01-16,regular,Washington Wizards,Sacramento Kings,WAS@SAC
2025-26,2026-01-17,regular,Boston Celtics,Atlanta Hawks,BOS@ATL
2025-26,2026-01-17,regular,Charlotte Hornets,Golden State Warriors,CHA@GSW
2025-26,2026-01-17,regular,Indiana Pacers,Detroit Pistons,IND@DET
2025-26,2026-01-17,regular,Los Angeles Lakers,Portland Trail Blazers,LAL@POR
2025-26,2026-01-17,regular,Minnesota Timberwolves,San Antonio Spurs,MIN@SAS
2025-26,2026-01-17,regular,Oklahoma City Thunder,Miami Heat,OKC@MIA
2025-26,2026-01-17,regular,Phoenix Suns,New York Knicks,PHX@NYK
2025-26,2026-01-17,regular,Utah Jazz,Dallas Mavericks,UTA@DAL
2025-26,2026-01-17,regular,Washington Wizards,Denver Nuggets,WAS@DEN
2025-26,2026-01-18,regular,Brooklyn Nets,Chicago Bulls,BKN@CHI
2025-26,2026-01-18,regular,Charlotte Hornets,Denver Nuggets,CHA@DEN
2025-26,2026-01-18,regular,New Orleans Pelicans,Houston Rockets,NOP@HOU
2025-26,2026-01-18,regular,Orlando Magic,Memphis Grizzlies,ORL@MEM
2025-26,2026-01-18,regular,Portland Trail Blazers,Sacramento Kings,POR@SAC
2025-26,2026-01-18,regular,Toronto Raptors,Los Angeles Lakers,TOR@LAL
2025-26,2026-01-19,regular,Boston Celtics,Detroit Pistons,BOS@DET
2025-26,2026-01-19,regular,Dallas Mavericks,New York Knicks,DAL@NYK
2025-26,2026-01-19,regular,Indiana Pacers,Philadelphia 76ers,IND@PHI
2025-26,2026-01-19,regular,LA Clippers,Washington Wizards,LAC@WAS
2025-26,2026-01-19,regular,Miami Heat,Golden State Warriors,MIA@GSW
2025-26,2026-01-19,regular,Milwaukee Bucks,Atlanta Hawks,MIL@ATL
2025-26,2026-01-19,regular,Oklahoma City Thunder,Cleveland Cavaliers,OKC@CLE
2025-26,2026-01-19,regular,Phoenix Suns,Brooklyn Nets,PHX@BKN
2025-26,2026-01-19,regular,Utah Jazz,San Antonio Spurs,UTA@SAS
2025-26,2026-01-20,regular,LA Clippers,Chicago Bulls,LAC@CHI
2025-26,2026-01-20,regular,Los Angeles Lakers,Denver Nuggets,LAL@DEN
2025-26,2026-01-20,regular,Miami Heat,Sacramento Kings,MIA@SAC
2025-26,2026-01-20,regular,Minnesota Timberwolves,Utah Jazz,MIN@UTA
2025-26,2026-01-20,regular,Phoenix Suns,Philadelphia 76ers,PHX@PHI
2025-26,2026-01-20,regular,San Antonio Spurs,Houston Rockets,SAS@HOU
2025-26,2026-01-20,regular,Toronto Raptors,Golden State Warriors,TOR@GSW
2025-26,2026-01-21,regular,Atlanta Hawks,Memphis Grizzlies,ATL@MEM
2025-26,2026-01-21,regular,Brooklyn Nets,New York Knicks,BKN@NYK
2025-26,2026-01-21,regular,Cleveland Cavaliers,Charlotte Hornets,CLE@CHA
2025-26,2026-01-21,regular,Detroit Pistons,New Orleans Pelicans,DET@NOP
2025-26,2026-01-21,regular,Indiana Pacers,Boston Celtics,IND@BOS
2025-26,2026-01-21,regular,Oklahoma City Thunder,Milwaukee Bucks,OKC@MIL
2025-26,2026-01-21,regular,Toronto Raptors,Sacramento Kings,TOR@SAC
2025-26,2026-01-22,regular,Charlotte Hornets,Orlando Magic,CHA@ORL
2025-26,2026-01-22,regular,Chicago Bulls,Minnesota Timberwolves,CHI@MIN
2025-26,2026-01-22,regular,Denver Nuggets,Washington Wizards,DEN@WAS
2025-26,2026-01-22,regular,Golden State Warriors,Dallas Mavericks,GSW@DAL
2025-26,2026-01-22,regular,Houston Rockets,Philadelphia 76ers,HOU@PHI
2025-26,2026-01-22,regular,Los Angeles Lakers,LA Clippers,LAL@LAC
2025-26,2026-01-22,regular,Miami Heat,Portland Trail Blazers,MIA@POR
2025-26,2026-01-22,regular,San Antonio Spurs,Utah Jazz,SAS@UTA
2025-26,2026-01-23,regular,Boston Celtics,Brooklyn Nets,BOS@BKN
2025-26,2026-01-23,regular,Denver Nuggets,Milwaukee Bucks,DEN@MIL
2025-26,2026-01-23,regular,Houston Rockets,Detroit Pistons,HOU@DET
2025-26,2026-01-23,regular,Indiana Pacers,Oklahoma City Thunder,IND@OKC
2025-26,2026-01-23,regular,New Orleans Pelicans,Memphis Grizzlies,NOP@MEM
2025-26,2026-01-23,regular,Phoenix Suns,Atlanta Hawks,PHX@ATL
2025-26,2026-01-23,regular,Sacramento Kings,Cleveland Cavaliers,SAC@CLE
2025-26,2026-01-23,regular,Toronto Raptors,Portland Trail Blazers,TOR@POR
2025-26,2026-01-24,regular,Boston Celtics,Chicago Bulls,BOS@CHI
2025-26,2026-01-24,regular,Cleveland Cavaliers,Orlando Magic,CLE@ORL
2025-26,2026-01-24,regular,Los Angeles Lakers,Dallas Mavericks,LAL@DAL
2025-26,2026-01-24,regular,Miami Heat,Utah Jazz,MIA@UTA
2025-26,2026-01-24,regular,New York Knicks,Philadelphia 76ers,NYK@PHI
2025-26,2026-01-24,regular,Washington Wizards,Charlotte Hornets,WAS@CHA
2025-26,2026-01-25,regular,Brooklyn Nets,LA Clippers,BKN@LAC
2025-26,2026-01-25,regular,Golden State Warriors,Minnesota Timberwolves,GSW@MIN
2025-26,2026-01-25,regular,Miami Heat,Phoenix Suns,MIA@PHX
2025-26,2026-01-25,regular,New Orleans Pelicans,San Antonio Spurs,NOP@SAS
2025-26,2026-01-25,regular,Sacramento Kings,Detroit Pistons,SAC@DET
2025-26,2026-01-25,regular,Toronto Raptors,Oklahoma City Thunder,TOR@OKC
2025-26,2026-01-26,regular,Golden State Warriors,Minnesota Timberwolves,GSW@MIN
2025-26,2026-01-26,regular,Indiana Pacers,Atlanta Hawks,IND@ATL
2025-26,2026-01-26,regular,Los Angeles Lakers,Chicago Bulls,LAL@CHI
2025-26,2026-01-26,regular,Memphis Grizzlies,Houston Rockets,MEM@HOU
2025-26,2026-01-26,regular,Orlando Magic,Cleveland Cavaliers,ORL@CLE
2025-26,2026-01-26,regular,Philadelphia 76ers,Charlotte Hornets,PHI@CHA
2025-26,2026-01-26,regular,Portland Trail Blazers,Boston Celtics,POR@BOS
2025-26,2026-01-27,regular,Brooklyn Nets,Phoenix Suns,BKN@PHX
2025-26,2026-01-27,regular,Detroit Pistons,Denver Nuggets,DET@DEN
2025-26,2026-01-27,regular,LA Clippers,Utah Jazz,LAC@UTA
2025-26,2026-01-27,regular,Milwaukee Bucks,Philadelphia 76ers,MIL@PHI
2025-26,2026-01-27,regular,New Orleans Pelicans,Oklahoma City Thunder,NOP@OKC
2025-26,2026-01-27,regular,Portland Trail Blazers,Washington Wizards,POR@WAS
2025-26,2026-01-27,regular,Sacramento Kings,New York Knicks,SAC@NYK
2025-26,2026-01-28,regular,Atlanta Hawks,Boston Celtics,ATL@BOS
2025-26,2026-01-28,regular,Charlotte Hornets,Memphis Grizzlies,CHA@MEM
2025-26,2026-01-28,regular,Chicago Bulls,Indiana Pacers,CHI@IND
2025-26,2026-01-28,regular,Golden State Warriors,Utah Jazz,GSW@UTA
2025-26,2026-01-28,regular,Los Angeles Lakers,Cleveland Cavaliers,LAL@CLE
2025-26,2026-01-28,regular,Minnesota Timberwolves,Dallas Mavericks,MIN@DAL
2025-26,2026-01-28,regular,New York Knicks,Toronto Raptors,NYK@TOR
2025-26,2026-01-28,regular,Orlando Magic,Miami Heat,ORL@MIA
2025-26,2026-01-28,regular,San Antonio Spurs,Houston Rockets,SAS@HOU
2025-26,2026-01-29,regular,Brooklyn Nets,Denver Nuggets,BKN@DEN
2025-26,2026-01-29,regular,Charlotte Hornets,Dallas Mavericks,CHA@DAL
2025-26,2026-01-29,regular,Detroit Pistons,Phoenix Suns,DET@PHX
2025-26,2026-01-29,regular,Houston Rockets,Atlanta Hawks,HOU@ATL
2025-26,2026-01-29,regular,Miami Heat,Chicago Bulls,MIA@CHI
2025-26,2026-01-29,regular,Milwaukee Bucks,Washington Wizards,MIL@WAS
2025-26,2026-01-29,regular,Oklahoma City Thunder,Minnesota Timberwolves,OKC@MIN
2025-26,2026-01-29,regular,Sacramento Kings,Philadelphia 76ers,SAC@PHI
2025-26,2026-01-30,regular,Brooklyn Nets,Utah Jazz,BKN@UTA
2025-26,2026-01-30,regular,Cleveland Cavaliers,Phoenix Suns,CLE@PHX
2025-26,2026-01-30,regular,Detroit Pistons,Golden State Warriors,DET@GSW
2025-26,2026-01-30,regular,LA Clippers,Denver Nuggets,LAC@DEN
2025-26,2026-01-30,regular,Los Angeles Lakers,Washington Wizards,LAL@WAS
2025-26,2026-01-30,regular,Memphis Grizzlies,New Orleans Pelicans,MEM@NOP
2025-26,2026-01-30,regular,Portland Trail Blazers,New York Knicks,POR@NYK
2025-26,2026-01-30,regular,Sacramento Kings,Boston Celtics,SAC@BOS
2025-26,2026-01-30,regular,Toronto Raptors,Orlando Magic,TOR@ORL
2025-26,2026-01-31,regular,Atlanta Hawks,Indiana Pacers,ATL@IND
2025-26,2026-01-31,regular,Chicago Bulls,Miami Heat,CHI@MIA
2025-26,2026-01-31,regular,Dallas Mavericks,Houston Rockets,DAL@HOU
2025-26,2026-01-31,regular,Minnesota Timberwolves,Memphis Grizzlies,MIN@MEM
2025-26,2026-01-31,regular,New Orleans Pelicans,Philadelphia 76ers,NOP@PHI
2025-26,2026-01-31,regular,San Antonio Spurs,Charlotte Hornets,SAS@CHA
2025-26,2026-02-01,regular,Brooklyn Nets,Detroit Pistons,BKN@DET
2025-26,2026-02-01,regular,Chicago Bulls,Miami Heat,CHI@MIA
2025-26,2026-02-01,regular,Cleveland Cavaliers,Portland Trail Blazers,CLE@POR
2025-26,2026-02-01,regular,LA Clippers,Phoenix Suns,LAC@PHX
2025-26,2026-02-01,regular,Los Angeles Lakers,New York Knicks,LAL@NYK
2025-26,2026-02-01,regular,Milwaukee Bucks,Boston Celtics,MIL@BOS
2025-26,2026-02-01,regular,Oklahoma City Thunder,Denver Nuggets,OKC@DEN
2025-26,2026-02-01,regular,Orlando Magic,San Antonio Spurs,ORL@SAS
2025-26,2026-02-01,regular,Sacramento Kings,Washington Wizards,SAC@WAS
2025-26,2026-02-01,regular,Utah Jazz,Toronto Raptors,UTA@TOR
2025-26,2026-02-02,regular,Houston Rockets,Indiana Pacers,HOU@IND
2025-26,2026-02-02,regular,Minnesota Timberwolves,Memphis Grizzlies,MIN@MEM
2025-26,2026-02-02,regular,New Orleans Pelicans,Charlotte Hornets,NOP@CHA
2025-26,2026-02-02,regular,Philadelphia 76ers,LA Clippers,PHI@LAC
2025-26,2026-02-03,regular,Atlanta Hawks,Miami Heat,ATL@MIA
2025-26,2026-02-03,regular,Boston Celtics,Dallas Mavericks,BOS@DAL
2025-26,2026-02-03,regular,Chicago Bulls,Milwaukee Bucks,CHI@MIL
2025-26,2026-02-03,regular,Denver Nuggets,Detroit Pistons,DEN@DET
2025-26,2026-02-03,regular,Los Angeles Lakers,Brooklyn Nets,LAL@BKN
2025-26,2026-02-03,regular,New York Knicks,Washington Wizards,NYK@WAS
2025-26,2026-02-03,regular,Orlando Magic,Oklahoma City Thunder,ORL@OKC
2025-26,2026-02-03,regular,Philadelphia 76ers,Golden State Warriors,PHI@GSW
2025-26,2026-02-03,regular,Phoenix Suns,Portland Trail Blazers,PHX@POR
2025-26,2026-02-03,regular,Utah Jazz,Indiana Pacers,UTA@IND
2025-26,2026-02-04,regular,Boston Celtics,Houston Rockets,BOS@HOU
2025-26,2026-02-04,regular,Cleveland Cavaliers,LA Clippers,CLE@LAC
2025-26,2026-02-04,regular,Denver Nuggets,New York Knicks,DEN@NYK
2025-26,2026-02-04,regular,Memphis Grizzlies,Sacramento Kings,MEM@SAC
2025-26,2026-02-04,regular,Minnesota Timberwolves,Toronto Raptors,MIN@TOR
2025-26,2026-02-04,regular,New Orleans Pelicans,Milwaukee Bucks,NOP@MIL
2025-26,2026-02-04,regular,Oklahoma City Thunder,San Antonio Spurs,OKC@SAS
2025-26,2026-02-05,regular,Brooklyn Nets,Orlando Magic,BKN@ORL
2025-26,2026-02-05,regular,Charlotte Hornets,Houston Rockets,CHA@HOU
2025-26,2026-02-05,regular,Chicago Bulls,Toronto Raptors,CHI@TOR
2025-26,2026-02-05,regular,Golden State Warriors,Phoenix Suns,GSW@PHX
2025-26,2026-02-05,regular,Philadelphia 76ers,Los Angeles Lakers,PHI@LAL
2025-26,2026-02-05,regular,San Antonio Spurs,Dallas Mavericks,SAS@DAL
2025-26,2026-02-05,regular,Utah Jazz,Atlanta Hawks,UTA@ATL
2025-26,2026-02-05,regular,Washington Wizards,Detroit Pistons,WAS@DET
2025-26,2026-02-06,regular,Indiana Pacers,Milwaukee Bucks,IND@MIL
2025-26,2026-02-06,regular,LA Clippers,Sacramento Kings,LAC@SAC
2025-26,2026-02-06,regular,Memphis Grizzlies,Portland Trail Blazers,MEM@POR
2025-26,2026-02-06,regular,Miami Heat,Boston Celtics,MIA@BOS
2025-26,2026-02-06,regular,New Orleans Pelicans,Minnesota Timberwolves,NOP@MIN
2025-26,2026-02-06,regular,New York Knicks,Detroit Pistons,NYK@DET
2025-26,2026-02-07,regular,Charlotte Hornets,Atlanta Hawks,CHA@ATL
2025-26,2026-02-07,regular,Cleveland Cavaliers,Sacramento Kings,CLE@SAC
2025-26,2026-02-07,regular,Dallas Mavericks,San Antonio Spurs,DAL@SAS
2025-26,2026-02-07,regular,Denver Nuggets,Chicago Bulls,DEN@CHI
2025-26,2026-02-07,regular,Golden State Warriors,Los Angeles Lakers,GSW@LAL
2025-26,2026-02-07,regular,Houston Rockets,Oklahoma City Thunder,HOU@OKC
2025-26,2026-02-07,regular,Memphis Grizzlies,Portland Trail Blazers,MEM@POR
2025-26,2026-02-07,regular,Philadelphia 76ers,Phoenix Suns,PHI@PHX
2025-26,2026-02-07,regular,Utah Jazz,Orlando Magic,UTA@ORL
2025-26,2026-02-07,regular,Washington Wizards,Brooklyn Nets,WAS@BKN
2025-26,2026-02-08,regular,Indiana Pacers,Toronto Raptors,IND@TOR
2025-26,2026-02-08,regular,LA Clippers,Minnesota Timberwolves,LAC@MIN
2025-26,2026-02-08,regular,Miami Heat,Washington Wizards,MIA@WAS
2025-26,2026-02-08,regular,New York Knicks,Boston Celtics,NYK@BOS
2025-26,2026-02-09,regular,Atlanta Hawks,Minnesota Timberwolves,ATL@MIN
2025-26,2026-02-09,regular,Chicago Bulls,Brooklyn Nets,CHI@BKN
2025-26,2026-02-09,regular,Cleveland Cavaliers,Denver Nuggets,CLE@DEN
2025-26,2026-02-09,regular,Detroit Pistons,Charlotte Hornets,DET@CHA
2025-26,2026-02-09,regular,Memphis Grizzlies,Golden State Warriors,MEM@GSW
2025-26,2026-02-09,regular,Milwaukee Bucks,Orlando Magic,MIL@ORL
2025-26,2026-02-09,regular,Oklahoma City Thunder,Los Angeles Lakers,OKC@LAL
2025-26,2026-02-09,regular,Philadelphia 76ers,Portland Trail Blazers,PHI@POR
2025-26,2026-02-09,regular,Sacramento Kings,New Orleans Pelicans,SAC@NOP
2025-26,2026-02-09,regular,Utah Jazz,Miami Heat,UTA@MIA
2025-26,2026-02-10,regular,Dallas Mavericks,Phoenix Suns,DAL@PHX
2025-26,2026-02-10,regular,Indiana Pacers,New York Knicks,IND@NYK
2025-26,2026-02-10,regular,LA Clippers,Houston Rockets,LAC@HOU
2025-26,2026-02-10,regular,San Antonio Spurs,Los Angeles Lakers,SAS@LAL
2025-26,2026-02-11,regular,Atlanta Hawks,Charlotte Hornets,ATL@CHA
2025-26,2026-02-11,regular,Chicago Bulls,Boston Celtics,CHI@BOS
2025-26,2026-02-11,regular,Detroit Pistons,Toronto Raptors,DET@TOR
2025-26,2026-02-11,regular,Indiana Pacers,Brooklyn Nets,IND@BKN
2025-26,2026-02-11,regular,LA Clippers,Houston Rockets,LAC@HOU
2025-26,2026-02-11,regular,Memphis Grizzlies,Denver Nuggets,MEM@DEN
2025-26,2026-02-11,regular,Miami Heat,New Orleans Pelicans,MIA@NOP
2025-26,2026-02-11,regular,Milwaukee Bucks,Orlando Magic,MIL@ORL
2025-26,2026-02-11,regular,New York Knicks,Philadelphia 76ers,NYK@PHI
2025-26,2026-02-11,regular,Oklahoma City Thunder,Phoenix Suns,OKC@PHX
2025-26,2026-02-11,regular,Portland Trail Blazers,Minnesota Timberwolves,POR@MIN
2025-26,2026-02-11,regular,Sacramento Kings,Utah Jazz,SAC@UTA
2025-26,2026-02-11,regular,San Antonio Spurs,Golden State Warriors,SAS@GSW
2025-26,2026-02-11,regular,Washington Wizards,Cleveland Cavaliers,WAS@CLE
2025-26,2026-02-12,regular,Dallas Mavericks,Los Angeles Lakers,DAL@LAL
2025-26,2026-02-12,regular,Milwaukee Bucks,Oklahoma City Thunder,MIL@OKC
2025-26,2026-02-12,regular,Portland Trail Blazers,Utah Jazz,POR@UTA
2025-26,2026-02-19,regular,Atlanta Hawks,Philadelphia 76ers,ATL@PHI
2025-26,2026-02-19,regular,Brooklyn Nets,Cleveland Cavaliers,BKN@CLE
2025-26,2026-02-19,regular,Boston Celtics,Golden State Warriors,BOS@GSW
2025-26,2026-02-19,regular,Denver Nuggets,LA Clippers,DEN@LAC
2025-26,2026-02-19,regular,Detroit Pistons,New York Knicks,DET@NYK
2025-26,2026-02-19,regular,Houston Rockets,Charlotte Hornets,HOU@CHA
2025-26,2026-02-19,regular,Indiana Pacers,Washington Wizards,IND@WAS
2025-26,2026-02-19,regular,Orlando Magic,Sacramento Kings,ORL@SAC
2025-26,2026-02-19,regular,Phoenix Suns,San Antonio Spurs,PHX@SAS
2025-26,2026-02-19,regular,Toronto Raptors,Chicago Bulls,TOR@CHI
2025-26,2026-02-20,regular,Brooklyn Nets,Oklahoma City Thunder,BKN@OKC
2025-26,2026-02-20,regular,Cleveland Cavaliers,Charlotte Hornets,CLE@CHA
2025-26,2026-02-20,regular,Dallas Mavericks,Minnesota Timberwolves,DAL@MIN
2025-26,2026-02-20,regular,Denver Nuggets,Portland Trail Blazers,DEN@POR
2025-26,2026-02-20,regular,Indiana Pacers,Washington Wizards,IND@WAS
2025-26,2026-02-20,regular,LA Clippers,Los Angeles Lakers,LAC@LAL
2025-26,2026-02-20,regular,Miami Heat,Atlanta Hawks,MIA@ATL
2025-26,2026-02-20,regular,Milwaukee Bucks,New Orleans Pelicans,MIL@NOP
2025-26,2026-02-20,regular,Utah Jazz,Memphis Grizzlies,UTA@MEM
2025-26,2026-02-21,regular,Detroit Pistons,Chicago Bulls,DET@CHI
2025-26,2026-02-21,regular,Houston Rockets,New York Knicks,HOU@NYK
2025-26,2026-02-21,regular,Memphis Grizzlies,Miami Heat,MEM@MIA
2025-26,2026-02-21,regular,Orlando Magic,Phoenix Suns,ORL@PHX
2025-26,2026-02-21,regular,Philadelphia 76ers,New Orleans Pelicans,PHI@NOP
2025-26,2026-02-21,regular,Sacramento Kings,San Antonio Spurs,SAC@SAS
2025-26,2026-02-22,regular,Brooklyn Nets,Atlanta Hawks,BKN@ATL
2025-26,2026-02-22,regular,Boston Celtics,Los Angeles Lakers,BOS@LAL
2025-26,2026-02-22,regular,Charlotte Hornets,Washington Wizards,CHA@WAS
2025-26,2026-02-22,regular,Cleveland Cavaliers,Oklahoma City Thunder,CLE@OKC
2025-26,2026-02-22,regular,Dallas Mavericks,Indiana Pacers,DAL@IND
2025-26,2026-02-22,regular,Denver Nuggets,Golden State Warriors,DEN@GSW
2025-26,2026-02-22,regular,New York Knicks,Chicago Bulls,NYK@CHI
2025-26,2026-02-22,regular,Orlando Magic,LA Clippers,ORL@LAC
2025-26,2026-02-22,regular,Philadelphia 76ers,Minnesota Timberwolves,PHI@MIN
2025-26,2026-02-22,regular,Portland Trail Blazers,Phoenix Suns,POR@PHX
2025-26,2026-02-22,regular,Toronto Raptors,Milwaukee Bucks,TOR@MIL
2025-26,2026-02-23,regular,Sacramento Kings,Memphis Grizzlies,SAC@MEM
2025-26,2026-02-23,regular,San Antonio Spurs,Detroit Pistons,SAS@DET
2025-26,2026-02-23,regular,Utah Jazz,Houston Rockets,UTA@HOU
2025-26,2026-02-24,regular,Boston Celtics,Phoenix Suns,BOS@PHX
2025-26,2026-02-24,regular,Charlotte Hornets,Chicago Bulls,CHA@CHI
2025-26,2026-02-24,regular,Dallas Mavericks,Brooklyn Nets,DAL@BKN
2025-26,2026-02-24,regular,Golden State Warriors,New Orleans Pelicans,GSW@NOP
2025-26,2026-02-24,regular,Miami Heat,Milwaukee Bucks,MIA@MIL
2025-26,2026-02-24,regular,Minnesota Timberwolves,Portland Trail Blazers,MIN@POR
2025-26,2026-02-24,regular,New York Knicks,Cleveland Cavaliers,NYK@CLE
2025-26,2026-02-24,regular,Oklahoma City Thunder,Toronto Raptors,OKC@TOR
2025-26,2026-02-24,regular,Orlando Magic,Los Angeles Lakers,ORL@LAL
2025-26,2026-02-24,regular,Philadelphia 76ers,Indiana Pacers,PHI@IND
2025-26,2026-02-24,regular,Washington Wizards,Atlanta Hawks,WAS@ATL
2025-26,2026-02-25,regular,Boston Celtics,Denver Nuggets,BOS@DEN
2025-26,2026-02-25,regular,Cleveland Cavaliers,Milwaukee Bucks,CLE@MIL
2025-26,2026-02-25,regular,Golden State Warriors,Memphis Grizzlies,GSW@MEM
2025-26,2026-02-25,regular,Oklahoma City Thunder,Detroit Pistons,OKC@DET
2025-26,2026-02-25,regular,Sacramento Kings,Houston Rockets,SAC@HOU
2025-26,2026-02-25,regular,San Antonio Spurs,Toronto Raptors,SAS@TOR
2025-26,2026-02-26,regular,Charlotte Hornets,Indiana Pacers,CHA@IND
2025-26,2026-02-26,regular,Houston Rockets,Orlando Magic,HOU@ORL
2025-26,2026-02-26,regular,Los Angeles Lakers,Phoenix Suns,LAL@PHX
2025-26,2026-02-26,regular,Miami Heat,Philadelphia 76ers,MIA@PHI
2025-26,2026-02-26,regular,Minnesota Timberwolves,LA Clippers,MIN@LAC
2025-26,2026-02-26,regular,New Orleans Pelicans,Utah Jazz,NOP@UTA
2025-26,2026-02-26,regular,Portland Trail Blazers,Chicago Bulls,POR@CHI
2025-26,2026-02-26,regular,Sacramento Kings,Dallas Mavericks,SAC@DAL
2025-26,2026-02-26,regular,San Antonio Spurs,Brooklyn Nets,SAS@BKN
2025-26,2026-02-26,regular,Washington Wizards,Atlanta Hawks,WAS@ATL
2025-26,2026-02-27,regular,Brooklyn Nets,Boston Celtics,BKN@BOS
2025-26,2026-02-27,regular,Cleveland Cavaliers,Detroit Pistons,CLE@DET
2025-26,2026-02-27,regular,Denver Nuggets,Oklahoma City Thunder,DEN@OKC
2025-26,2026-02-27,regular,Memphis Grizzlies,Dallas Mavericks,MEM@DAL
2025-26,2026-02-27,regular,New York Knicks,Milwaukee Bucks,NYK@MIL
2025-26,2026-02-28,regular,Houston Rockets,Miami Heat,HOU@MIA
2025-26,2026-02-28,regular,Los Angeles Lakers,Golden State Warriors,LAL@GSW
2025-26,2026-02-28,regular,New Orleans Pelicans,Utah Jazz,NOP@UTA
2025-26,2026-02-28,regular,Portland Trail Blazers,Charlotte Hornets,POR@CHA
2025-26,2026-02-28,regular,Toronto Raptors,Washington Wizards,TOR@WAS
2025-26,2026-03-01,regular,Cleveland Cavaliers,Brooklyn Nets,CLE@BKN
2025-26,2026-03-01,regular,Detroit Pistons,Orlando Magic,DET@ORL
2025-26,2026-03-01,regular,Memphis Grizzlies,Indiana Pacers,MEM@IND
2025-26,2026-03-01,regular,Milwaukee Bucks,Chicago Bulls,MIL@CHI
2025-26,2026-03-01,regular,Minnesota Timberwolves,Denver Nuggets,MIN@DEN
2025-26,2026-03-01,regular,New Orleans Pelicans,LA Clippers,NOP@LAC
2025-26,2026-03-01,regular,Oklahoma City Thunder,Dallas Mavericks,OKC@DAL
2025-26,2026-03-01,regular,Philadelphia 76ers,Boston Celtics,PHI@BOS
2025-26,2026-03-01,regular,Portland Trail Blazers,Atlanta Hawks,POR@ATL
2025-26,2026-03-01,regular,Sacramento Kings,Los Angeles Lakers,SAC@LAL
2025-26,2026-03-01,regular,San Antonio Spurs,New York Knicks,SAS@NYK
2025-26,2026-03-02,regular,Boston Celtics,Milwaukee Bucks,BOS@MIL
2025-26,2026-03-02,regular,Denver Nuggets,Utah Jazz,DEN@UTA
2025-26,2026-03-02,regular,Houston Rockets,Washington Wizards,HOU@WAS
2025-26,2026-03-02,regular,LA Clippers,Golden State Warriors,LAC@GSW
2025-26,2026-03-03,regular,Brooklyn Nets,Miami Heat,BKN@MIA
2025-26,2026-03-03,regular,Dallas Mavericks,Charlotte Hornets,DAL@CHA
2025-26,2026-03-03,regular,Detroit Pistons,Cleveland Cavaliers,DET@CLE
2025-26,2026-03-03,regular,Memphis Grizzlies,Minnesota Timberwolves,MEM@MIN
2025-26,2026-03-03,regular,New Orleans Pelicans,Los Angeles Lakers,NOP@LAL
2025-26,2026-03-03,regular,New York Knicks,Toronto Raptors,NYK@TOR
2025-26,2026-03-03,regular,Oklahoma City Thunder,Chicago Bulls,OKC@CHI
2025-26,2026-03-03,regular,Phoenix Suns,Sacramento Kings,PHX@SAC
2025-26,2026-03-03,regular,San Antonio Spurs,Philadelphia 76ers,SAS@PHI
2025-26,2026-03-03,regular,Washington Wizards,Orlando Magic,WAS@ORL
2025-26,2026-03-04,regular,Atlanta Hawks,Milwaukee Bucks,ATL@MIL
2025-26,2026-03-04,regular,Charlotte Hornets,Boston Celtics,CHA@BOS
2025-26,2026-03-04,regular,Indiana Pacers,LA Clippers,IND@LAC
2025-26,2026-03-04,regular,Oklahoma City Thunder,New York Knicks,OKC@NYK
2025-26,2026-03-04,regular,Portland Trail Blazers,Memphis Grizzlies,POR@MEM
2025-26,2026-03-04,regular,Utah Jazz,Philadelphia 76ers,UTA@PHI
2025-26,2026-03-05,regular,Brooklyn Nets,Miami Heat,BKN@MIA
2025-26,2026-03-05,regular,Chicago Bulls,Phoenix Suns,CHI@PHX
2025-26,2026-03-05,regular,Dallas Mavericks,Orlando Magic,DAL@ORL
2025-26,2026-03-05,regular,Detroit Pistons,San Antonio Spurs,DET@SAS
2025-26,2026-03-05,regular,Golden State Warriors,Houston Rockets,GSW@HOU
2025-26,2026-03-05,regular,Los Angeles Lakers,Denver Nuggets,LAL@DEN
2025-26,2026-03-05,regular,New Orleans Pelicans,Sacramento Kings,NOP@SAC
2025-26,2026-03-05,regular,Toronto Raptors,Minnesota Timberwolves,TOR@MIN
2025-26,2026-03-05,regular,Utah Jazz,Washington Wizards,UTA@WAS
2025-26,2026-03-06,regular,Dallas Mavericks,Boston Celtics,DAL@BOS
2025-26,2026-03-06,regular,Indiana Pacers,Los Angeles Lakers,IND@LAL
2025-26,2026-03-06,regular,LA Clippers,San Antonio Spurs,LAC@SAS
2025-26,2026-03-06,regular,Miami Heat,Charlotte Hornets,MIA@CHA
2025-26,2026-03-06,regular,New Orleans Pelicans,Phoenix Suns,NOP@PHX
2025-26,2026-03-06,regular,New York Knicks,Denver Nuggets,NYK@DEN
2025-26,2026-03-06,regular,Portland Trail Blazers,Houston Rockets,POR@HOU
2025-26,2026-03-07,regular,Brooklyn Nets,Detroit Pistons,BKN@DET
2025-26,2026-03-07,regular,Golden State Warriors,Oklahoma City Thunder,GSW@OKC
2025-26,2026-03-07,regular,LA Clippers,Memphis Grizzlies,LAC@MEM
2025-26,2026-03-07,regular,Orlando Magic,Minnesota Timberwolves,ORL@MIN
2025-26,2026-03-07,regular,Philadelphia 76ers,Atlanta Hawks,PHI@ATL
2025-26,2026-03-07,regular,Utah Jazz,Milwaukee Bucks,UTA@MIL
2025-26,2026-03-08,regular,Boston Celtics,Cleveland Cavaliers,BOS@CLE
2025-26,2026-03-08,regular,Charlotte Hornets,Phoenix Suns,CHA@PHX
2025-26,2026-03-08,regular,Chicago Bulls,Sacramento Kings,CHI@SAC
2025-26,2026-03-08,regular,Dallas Mavericks,Toronto Raptors,DAL@TOR
2025-26,2026-03-08,regular,Detroit Pistons,Miami Heat,DET@MIA
2025-26,2026-03-08,regular,Houston Rockets,San Antonio Spurs,HOU@SAS
2025-26,2026-03-08,regular,Indiana Pacers,Portland Trail Blazers,IND@POR
2025-26,2026-03-08,regular,New York Knicks,Los Angeles Lakers,NYK@LAL
2025-26,2026-03-08,regular,Orlando Magic,Milwaukee Bucks,ORL@MIL
2025-26,2026-03-08,regular,Washington Wizards,New Orleans Pelicans,WAS@NOP
2025-26,2026-03-09,regular,Denver Nuggets,Oklahoma City Thunder,DEN@OKC
2025-26,2026-03-09,regular,Golden State Warriors,Utah Jazz,GSW@UTA
2025-26,2026-03-09,regular,Memphis Grizzlies,Brooklyn Nets,MEM@BKN
2025-26,2026-03-09,regular,New York Knicks,LA Clippers,NYK@LAC
2025-26,2026-03-09,regular,Philadelphia 76ers,Cleveland Cavaliers,PHI@CLE
2025-26,2026-03-10,regular,Boston Celtics,San Antonio Spurs,BOS@SAS
2025-26,2026-03-10,regular,Charlotte Hornets,Portland Trail Blazers,CHA@POR
2025-26,2026-03-10,regular,Chicago Bulls,Golden State Warriors,CHI@GSW
2025-26,2026-03-10,regular,Dallas Mavericks,Atlanta Hawks,DAL@ATL
2025-26,2026-03-10,regular,Detroit Pistons,Brooklyn Nets,DET@BKN
2025-26,2026-03-10,regular,Indiana Pacers,Sacramento Kings,IND@SAC
2025-26,2026-03-10,regular,Memphis Grizzlies,Philadelphia 76ers,MEM@PHI
2025-26,2026-03-10,regular,Minnesota Timberwolves,Los Angeles Lakers,MIN@LAL
2025-26,2026-03-10,regular,Phoenix Suns,Milwaukee Bucks,PHX@MIL
2025-26,2026-03-10,regular,Toronto Raptors,Houston Rockets,TOR@HOU
2025-26,2026-03-10,regular,Washington Wizards,Miami Heat,WAS@MIA
2025-26,2026-03-11,regular,Charlotte Hornets,Sacramento Kings,CHA@SAC
2025-26,2026-03-11,regular,Cleveland Cavaliers,Orlando Magic,CLE@ORL
2025-26,2026-03-11,regular,Houston Rockets,Denver Nuggets,HOU@DEN
2025-26,2026-03-11,regular,Minnesota Timberwolves,LA Clippers,MIN@LAC
2025-26,2026-03-11,regular,New York Knicks,Utah Jazz,NYK@UTA
2025-26,2026-03-11,regular,Toronto Raptors,New Orleans Pelicans,TOR@NOP
2025-26,2026-03-12,regular,Brooklyn Nets,Atlanta Hawks,BKN@ATL
2025-26,2026-03-12,regular,Boston Celtics,Oklahoma City Thunder,BOS@OKC
2025-26,2026-03-12,regular,Chicago Bulls,Los Angeles Lakers,CHI@LAL
2025-26,2026-03-12,regular,Dallas Mavericks,Memphis Grizzlies,DAL@MEM
2025-26,2026-03-12,regular,Denver Nuggets,San Antonio Spurs,DEN@SAS
2025-26,2026-03-12,regular,Milwaukee Bucks,Miami Heat,MIL@MIA
2025-26,2026-03-12,regular,Philadelphia 76ers,Detroit Pistons,PHI@DET
2025-26,2026-03-12,regular,Phoenix Suns,Indiana Pacers,PHX@IND
2025-26,2026-03-12,regular,Washington Wizards,Orlando Magic,WAS@ORL
2025-26,2026-03-13,regular,Chicago Bulls,LA Clippers,CHI@LAC
2025-26,2026-03-13,regular,Cleveland Cavaliers,Dallas Mavericks,CLE@DAL
2025-26,2026-03-13,regular,Memphis Grizzlies,Detroit Pistons,MEM@DET
2025-26,2026-03-13,regular,Minnesota Timberwolves,Golden State Warriors,MIN@GSW
2025-26,2026-03-13,regular,New Orleans Pelicans,Houston Rockets,NOP@HOU
2025-26,2026-03-13,regular,New York Knicks,Indiana Pacers,NYK@IND
2025-26,2026-03-13,regular,Phoenix Suns,Toronto Raptors,PHX@TOR
2025-26,2026-03-13,regular,Utah Jazz,Portland Trail Blazers,UTA@POR
2025-26,2026-03-14,regular,Brooklyn Nets,Philadelphia 76ers,BKN@PHI
2025-26,2026-03-14,regular,Charlotte Hornets,San Antonio Spurs,CHA@SAS
2025-26,2026-03-14,regular,Denver Nuggets,Los Angeles Lakers,DEN@LAL
2025-26,2026-03-14,regular,Milwaukee Bucks,Atlanta Hawks,MIL@ATL
2025-26,2026-03-14,regular,Orlando Magic,Miami Heat,ORL@MIA
2025-26,2026-03-14,regular,Sacramento Kings,LA Clippers,SAC@LAC
2025-26,2026-03-14,regular,Washington Wizards,Boston Celtics,WAS@BOS
2025-26,2026-03-15,regular,Dallas Mavericks,Cleveland Cavaliers,DAL@CLE
2025-26,2026-03-15,regular,Detroit Pistons,Toronto Raptors,DET@TOR
2025-26,2026-03-15,regular,Golden State Warriors,New York Knicks,GSW@NYK
2025-26,2026-03-15,regular,Indiana Pacers,Milwaukee Bucks,IND@MIL
2025-26,2026-03-15,regular,Minnesota Timberwolves,Oklahoma City Thunder,MIN@OKC
2025-26,2026-03-15,regular,Portland Trail Blazers,Philadelphia 76ers,POR@PHI
2025-26,2026-03-15,regular,Utah Jazz,Sacramento Kings,UTA@SAC
2025-26,2026-03-16,regular,Dallas Mavericks,New Orleans Pelicans,DAL@NOP
2025-26,2026-03-16,regular,Golden State Warriors,Washington Wizards,GSW@WAS
2025-26,2026-03-16,regular,Los Angeles Lakers,Houston Rockets,LAL@HOU
2025-26,2026-03-16,regular,Memphis Grizzlies,Chicago Bulls,MEM@CHI
2025-26,2026-03-16,regular,Orlando Magic,Atlanta Hawks,ORL@ATL
2025-26,2026-03-16,regular,Phoenix Suns,Boston Celtics,PHX@BOS
2025-26,2026-03-16,regular,Portland Trail Blazers,Brooklyn Nets,POR@BKN
2025-26,2026-03-16,regular,San Antonio Spurs,LA Clippers,SAS@LAC
2025-26,2026-03-17,regular,Cleveland Cavaliers,Milwaukee Bucks,CLE@MIL
2025-26,2026-03-17,regular,Detroit Pistons,Washington Wizards,DET@WAS
2025-26,2026-03-17,regular,Indiana Pacers,New York Knicks,IND@NYK
2025-26,2026-03-17,regular,Miami Heat,Charlotte Hornets,MIA@CHA
2025-26,2026-03-17,regular,Oklahoma City Thunder,Orlando Magic,OKC@ORL
2025-26,2026-03-17,regular,Philadelphia 76ers,Denver Nuggets,PHI@DEN
2025-26,2026-03-17,regular,Phoenix Suns,Minnesota Timberwolves,PHX@MIN
2025-26,2026-03-17,regular,San Antonio Spurs,Sacramento Kings,SAS@SAC
2025-26,2026-03-18,regular,Atlanta Hawks,Dallas Mavericks,ATL@DAL
2025-26,2026-03-18,regular,Denver Nuggets,Memphis Grizzlies,DEN@MEM
2025-26,2026-03-18,regular,Golden State Warriors,Boston Celtics,GSW@BOS
2025-26,2026-03-18,regular,LA Clippers,New Orleans Pelicans,LAC@NOP
2025-26,2026-03-18,regular,Los Angeles Lakers,Houston Rockets,LAL@HOU
2025-26,2026-03-18,regular,Oklahoma City Thunder,Brooklyn Nets,OKC@BKN
2025-26,2026-03-18,regular,Portland Trail Blazers,Indiana Pacers,POR@IND
2025-26,2026-03-18,regular,Toronto Raptors,Chicago Bulls,TOR@CHI
2025-26,2026-03-18,regular,Utah Jazz,Minnesota Timberwolves,UTA@MIN
2025-26,2026-03-19,regular,Cleveland Cavaliers,Chicago Bulls,CLE@CHI
2025-26,2026-03-19,regular,Detroit Pistons,Washington Wizards,DET@WAS
2025-26,2026-03-19,regular,LA Clippers,New Orleans Pelicans,LAC@NOP
2025-26,2026-03-19,regular,Los Angeles Lakers,Miami Heat,LAL@MIA
2025-26,2026-03-19,regular,Milwaukee Bucks,Utah Jazz,MIL@UTA
2025-26,2026-03-19,regular,Orlando Magic,Charlotte Hornets,ORL@CHA
2025-26,2026-03-19,regular,Philadelphia 76ers,Sacramento Kings,PHI@SAC
2025-26,2026-03-19,regular,Phoenix Suns,San Antonio Spurs,PHX@SAS
2025-26,2026-03-20,regular,Atlanta Hawks,Houston Rockets,ATL@HOU
2025-26,2026-03-20,regular,Boston Celtics,Memphis Grizzlies,BOS@MEM
2025-26,2026-03-20,regular,Golden State Warriors,Detroit Pistons,GSW@DET
2025-26,2026-03-20,regular,New York Knicks,Brooklyn Nets,NYK@BKN
2025-26,2026-03-20,regular,Portland Trail Blazers,Minnesota Timberwolves,POR@MIN
2025-26,2026-03-20,regular,Toronto Raptors,Denver Nuggets,TOR@DEN
2025-26,2026-03-21,regular,Cleveland Cavaliers,New Orleans Pelicans,CLE@NOP
2025-26,2026-03-21,regular,Golden State Warriors,Atlanta Hawks,GSW@ATL
2025-26,2026-03-21,regular,Indiana Pacers,San Antonio Spurs,IND@SAS
2025-26,2026-03-21,regular,LA Clippers,Dallas Mavericks,LAC@DAL
2025-26,2026-03-21,regular,Los Angeles Lakers,Orlando Magic,LAL@ORL
2025-26,2026-03-21,regular,Memphis Grizzlies,Charlotte Hornets,MEM@CHA
2025-26,2026-03-21,regular,Miami Heat,Houston Rockets,MIA@HOU
2025-26,2026-03-21,regular,Milwaukee Bucks,Phoenix Suns,MIL@PHX
2025-26,2026-03-21,regular,Oklahoma City Thunder,Washington Wizards,OKC@WAS
2025-26,2026-03-21,regular,Philadelphia 76ers,Utah Jazz,PHI@UTA
2025-26,2026-03-22,regular,Brooklyn Nets,Sacramento Kings,BKN@SAC
2025-26,2026-03-22,regular,Minnesota Timberwolves,Boston Celtics,MIN@BOS
2025-26,2026-03-22,regular,Portland Trail Blazers,Denver Nuggets,POR@DEN
2025-26,2026-03-22,regular,Toronto Raptors,Phoenix Suns,TOR@PHX
2025-26,2026-03-22,regular,Washington Wizards,New York Knicks,WAS@NYK
2025-26,2026-03-23,regular,Brooklyn Nets,Portland Trail Blazers,BKN@POR
2025-26,2026-03-23,regular,Golden State Warriors,Dallas Mavericks,GSW@DAL
2025-26,2026-03-23,regular,Houston Rockets,Chicago Bulls,HOU@CHI
2025-26,2026-03-23,regular,Indiana Pacers,Orlando Magic,IND@ORL
2025-26,2026-03-23,regular,Los Angeles Lakers,Detroit Pistons,LAL@DET
2025-26,2026-03-23,regular,Memphis Grizzlies,Atlanta Hawks,MEM@ATL
2025-26,2026-03-23,regular,Milwaukee Bucks,LA Clippers,MIL@LAC
2025-26,2026-03-23,regular,Oklahoma City Thunder,Philadelphia 76ers,OKC@PHI
2025-26,2026-03-23,regular,San Antonio Spurs,Miami Heat,SAS@MIA
2025-26,2026-03-23,regular,Toronto Raptors,Utah Jazz,TOR@UTA
2025-26,2026-03-24,regular,Denver Nuggets,Phoenix Suns,DEN@PHX
2025-26,2026-03-24,regular,New Orleans Pelicans,New York Knicks,NOP@NYK
2025-26,2026-03-24,regular,Orlando Magic,Cleveland Cavaliers,ORL@CLE
2025-26,2026-03-24,regular,Sacramento Kings,Charlotte Hornets,SAC@CHA
2025-26,2026-03-25,regular,Atlanta Hawks,Detroit Pistons,ATL@DET
2025-26,2026-03-25,regular,Brooklyn Nets,Golden State Warriors,BKN@GSW
2025-26,2026-03-25,regular,Chicago Bulls,Philadelphia 76ers,CHI@PHI
2025-26,2026-03-25,regular,Dallas Mavericks,Denver Nuggets,DAL@DEN
2025-26,2026-03-25,regular,Houston Rockets,Minnesota Timberwolves,HOU@MIN
2025-26,2026-03-25,regular,Los Angeles Lakers,Indiana Pacers,LAL@IND
2025-26,2026-03-25,regular,Miami Heat,Cleveland Cavaliers,MIA@CLE
2025-26,2026-03-25,regular,Milwaukee Bucks,Portland Trail Blazers,MIL@POR
2025-26,2026-03-25,regular,Oklahoma City Thunder,Boston Celtics,OKC@BOS
2025-26,2026-03-25,regular,San Antonio Spurs,Memphis Grizzlies,SAS@MEM
2025-26,2026-03-25,regular,Toronto Raptors,LA Clippers,TOR@LAC
2025-26,2026-03-25,regular,Washington Wizards,Utah Jazz,WAS@UTA
2025-26,2026-03-26,regular,New Orleans Pelicans,Detroit Pistons,NOP@DET
2025-26,2026-03-26,regular,New York Knicks,Charlotte Hornets,NYK@CHA
2025-26,2026-03-26,regular,Sacramento Kings,Orlando Magic,SAC@ORL
2025-26,2026-03-27,regular,Atlanta Hawks,Boston Celtics,ATL@BOS
2025-26,2026-03-27,regular,Brooklyn Nets,Los Angeles Lakers,BKN@LAL
2025-26,2026-03-27,regular,Chicago Bulls,Oklahoma City Thunder,CHI@OKC
2025-26,2026-03-27,regular,Dallas Mavericks,Portland Trail Blazers,DAL@POR
2025-26,2026-03-27,regular,Houston Rockets,Memphis Grizzlies,HOU@MEM
2025-26,2026-03-27,regular,LA Clippers,Indiana Pacers,LAC@IND
2025-26,2026-03-27,regular,Miami Heat,Cleveland Cavaliers,MIA@CLE
2025-26,2026-03-27,regular,New Orleans Pelicans,Toronto Raptors,NOP@TOR
2025-26,2026-03-27,regular,Utah Jazz,Denver Nuggets,UTA@DEN
2025-26,2026-03-27,regular,Washington Wizards,Golden State Warriors,WAS@GSW
2025-26,2026-03-28,regular,Chicago Bulls,Memphis Grizzlies,CHI@MEM
2025-26,2026-03-28,regular,Detroit Pistons,Minnesota Timberwolves,DET@MIN
2025-26,2026-03-28,regular,Philadelphia 76ers,Charlotte Hornets,PHI@CHA
2025-26,2026-03-28,regular,Sacramento Kings,Atlanta Hawks,SAC@ATL
2025-26,2026-03-28,regular,San Antonio Spurs,Milwaukee Bucks,SAS@MIL
2025-26,2026-03-28,regular,Utah Jazz,Phoenix Suns,UTA@PHX
2025-26,2026-03-29,regular,Boston Celtics,Charlotte Hornets,BOS@CHA
2025-26,2026-03-29,regular,Golden State Warriors,Denver Nuggets,GSW@DEN
2025-26,2026-03-29,regular,Houston Rockets,New Orleans Pelicans,HOU@NOP
2025-26,2026-03-29,regular,LA Clippers,Milwaukee Bucks,LAC@MIL
2025-26,2026-03-29,regular,Miami Heat,Indiana Pacers,MIA@IND
2025-26,2026-03-29,regular,New York Knicks,Oklahoma City Thunder,NYK@OKC
2025-26,2026-03-29,regular,Orlando Magic,Toronto Raptors,ORL@TOR
2025-26,2026-03-29,regular,Sacramento Kings,Brooklyn Nets,SAC@BKN
2025-26,2026-03-29,regular,Washington Wizards,Portland Trail Blazers,WAS@POR
2025-26,2026-03-30,regular,Boston Celtics,Atlanta Hawks,BOS@ATL
2025-26,2026-03-30,regular,Chicago Bulls,San Antonio Spurs,CHI@SAS
2025-26,2026-03-30,regular,Cleveland Cavaliers,Utah Jazz,CLE@UTA
2025-26,2026-03-30,regular,Detroit Pistons,Oklahoma City Thunder,DET@OKC
2025-26,2026-03-30,regular,Minnesota Timberwolves,Dallas Mavericks,MIN@DAL
2025-26,2026-03-30,regular,Philadelphia 76ers,Miami Heat,PHI@MIA
2025-26,2026-03-30,regular,Phoenix Suns,Memphis Grizzlies,PHX@MEM
2025-26,2026-03-30,regular,Washington Wizards,Los Angeles Lakers,WAS@LAL
2025-26,2026-03-31,regular,Charlotte Hornets,Brooklyn Nets,CHA@BKN
2025-26,2026-03-31,regular,Cleveland Cavaliers,Los Angeles Lakers,CLE@LAL
2025-26,2026-03-31,regular,Dallas Mavericks,Milwaukee Bucks,DAL@MIL
2025-26,2026-03-31,regular,New York Knicks,Houston Rockets,NYK@HOU
2025-26,2026-03-31,regular,Phoenix Suns,Orlando Magic,PHX@ORL
2025-26,2026-03-31,regular,Portland Trail Blazers,LA Clippers,POR@LAC
2025-26,2026-03-31,regular,Toronto Raptors,Detroit Pistons,TOR@DET
2025-26,2026-04-01,regular,Atlanta Hawks,Orlando Magic,ATL@ORL
2025-26,2026-04-01,regular,Boston Celtics,Miami Heat,BOS@MIA
2025-26,2026-04-01,regular,Denver Nuggets,Utah Jazz,DEN@UTA
2025-26,2026-04-01,regular,Indiana Pacers,Chicago Bulls,IND@CHI
2025-26,2026-04-01,regular,Milwaukee Bucks,Houston Rockets,MIL@HOU
2025-26,2026-04-01,regular,New York Knicks,Memphis Grizzlies,NYK@MEM
2025-26,2026-04-01,regular,Philadelphia 76ers,Washington Wizards,PHI@WAS
2025-26,2026-04-01,regular,Sacramento Kings,Toronto Raptors,SAC@TOR
2025-26,2026-04-01,regular,San Antonio Spurs,Golden State Warriors,SAS@GSW
2025-26,2026-04-02,regular,Cleveland Cavaliers,Golden State Warriors,CLE@GSW
2025-26,2026-04-02,regular,Los Angeles Lakers,Oklahoma City Thunder,LAL@OKC
2025-26,2026-04-02,regular,Minnesota Timberwolves,Detroit Pistons,MIN@DET
2025-26,2026-04-02,regular,New Orleans Pelicans,Portland Trail Blazers,NOP@POR
2025-26,2026-04-02,regular,Phoenix Suns,Charlotte Hornets,PHX@CHA
2025-26,2026-04-02,regular,San Antonio Spurs,LA Clippers,SAS@LAC
2025-26,2026-04-03,regular,Atlanta Hawks,Brooklyn Nets,ATL@BKN
2025-26,2026-04-03,regular,Boston Celtics,Milwaukee Bucks,BOS@MIL
2025-26,2026-04-03,regular,Chicago Bulls,New York Knicks,CHI@NYK
2025-26,2026-04-03,regular,Indiana Pacers,Charlotte Hornets,IND@CHA
2025-26,2026-04-03,regular,Minnesota Timberwolves,Philadelphia 76ers,MIN@PHI
2025-26,2026-04-03,regular,New Orleans Pelicans,Sacramento Kings,NOP@SAC
2025-26,2026-04-03,regular,Orlando Magic,Dallas Mavericks,ORL@DAL
2025-26,2026-04-03,regular,Toronto Raptors,Memphis Grizzlies,TOR@MEM
2025-26,2026-04-03,regular,Utah Jazz,Houston Rockets,UTA@HOU
2025-26,2026-04-04,regular,Detroit Pistons,Philadelphia 76ers,DET@PHI
2025-26,2026-04-04,regular,San Antonio Spurs,Denver Nuggets,SAS@DEN
2025-26,2026-04-04,regular,Washington Wizards,Miami Heat,WAS@MIA
2025-26,2026-04-05,regular,Charlotte Hornets,Minnesota Timberwolves,CHA@MIN
2025-26,2026-04-05,regular,Houston Rockets,Golden State Warriors,HOU@GSW
2025-26,2026-04-05,regular,Indiana Pacers,Cleveland Cavaliers,IND@CLE
2025-26,2026-04-05,regular,LA Clippers,Sacramento Kings,LAC@SAC
2025-26,2026-04-05,regular,Los Angeles Lakers,Dallas Mavericks,LAL@DAL
2025-26,2026-04-05,regular,Memphis Grizzlies,Milwaukee Bucks,MEM@MIL
2025-26,2026-04-05,regular,Orlando Magic,New Orleans Pelicans,ORL@NOP
2025-26,2026-04-05,regular,Phoenix Suns,Chicago Bulls,PHX@CHI
2025-26,2026-04-05,regular,Toronto Raptors,Boston Celtics,TOR@BOS
2025-26,2026-04-05,regular,Utah Jazz,Oklahoma City Thunder,UTA@OKC
2025-26,2026-04-05,regular,Washington Wizards,Brooklyn Nets,WAS@BKN
2025-26,2026-04-06,regular,Cleveland Cavaliers,Memphis Grizzlies,CLE@MEM
2025-26,2026-04-06,regular,Detroit Pistons,Orlando Magic,DET@ORL
2025-26,2026-04-06,regular,New York Knicks,Atlanta Hawks,NYK@ATL
2025-26,2026-04-06,regular,Philadelphia 76ers,San Antonio Spurs,PHI@SAS
2025-26,2026-04-06,regular,Portland Trail Blazers,Denver Nuggets,POR@DEN
2025-26,2026-04-07,regular,Charlotte Hornets,Boston Celtics,CHA@BOS
2025-26,2026-04-07,regular,Chicago Bulls,Washington Wizards,CHI@WAS
2025-26,2026-04-07,regular,Dallas Mavericks,LA Clippers,DAL@LAC
2025-26,2026-04-07,regular,Houston Rockets,Phoenix Suns,HOU@PHX
2025-26,2026-04-07,regular,Miami Heat,Toronto Raptors,MIA@TOR
2025-26,2026-04-07,regular,Milwaukee Bucks,Brooklyn Nets,MIL@BKN
2025-26,2026-04-07,regular,Minnesota Timberwolves,Indiana Pacers,MIN@IND
2025-26,2026-04-07,regular,Oklahoma City Thunder,Los Angeles Lakers,OKC@LAL
2025-26,2026-04-07,regular,Sacramento Kings,Golden State Warriors,SAC@GSW
2025-26,2026-04-07,regular,Utah Jazz,New Orleans Pelicans,UTA@NOP
2025-26,2026-04-08,regular,Atlanta Hawks,Cleveland Cavaliers,ATL@CLE
2025-26,2026-04-08,regular,Dallas Mavericks,Phoenix Suns,DAL@PHX
2025-26,2026-04-08,regular,Memphis Grizzlies,Denver Nuggets,MEM@DEN
2025-26,2026-04-08,regular,Milwaukee Bucks,Detroit Pistons,MIL@DET
2025-26,2026-04-08,regular,Minnesota Timberwolves,Orlando Magic,MIN@ORL
2025-26,2026-04-08,regular,Oklahoma City Thunder,LA Clippers,OKC@LAC
2025-26,2026-04-08,regular,Portland Trail Blazers,San Antonio Spurs,POR@SAS
2025-26,2026-04-09,regular,Boston Celtics,New York Knicks,BOS@NYK
2025-26,2026-04-09,regular,Chicago Bulls,Washington Wizards,CHI@WAS
2025-26,2026-04-09,regular,Indiana Pacers,Brooklyn Nets,IND@BKN
2025-26,2026-04-09,regular,Los Angeles Lakers,Golden State Warriors,LAL@GSW
2025-26,2026-04-09,regular,Miami Heat,Toronto Raptors,MIA@TOR
2025-26,2026-04-09,regular,Philadelphia 76ers,Houston Rockets,PHI@HOU
2025-26,2026-04-10,regular,Brooklyn Nets,Milwaukee Bucks,BKN@MIL
2025-26,2026-04-10,regular,Cleveland Cavaliers,Atlanta Hawks,CLE@ATL
2025-26,2026-04-10,regular,Dallas Mavericks,San Antonio Spurs,DAL@SAS
2025-26,2026-04-10,regular,Detroit Pistons,Charlotte Hornets,DET@CHA
2025-26,2026-04-10,regular,Golden State Warriors,Sacramento Kings,GSW@SAC
2025-26,2026-04-10,regular,LA Clippers,Portland Trail Blazers,LAC@POR
2025-26,2026-04-10,regular,Memphis Grizzlies,Utah Jazz,MEM@UTA
2025-26,2026-04-10,regular,Miami Heat,Washington Wizards,MIA@WAS
2025-26,2026-04-10,regular,Minnesota Timberwolves,Houston Rockets,MIN@HOU
2025-26,2026-04-10,regular,New Orleans Pelicans,Boston Celtics,NOP@BOS
2025-26,2026-04-10,regular,Oklahoma City Thunder,Denver Nuggets,OKC@DEN
2025-26,2026-04-10,regular,Orlando Magic,Chicago Bulls,ORL@CHI
2025-26,2026-04-10,regular,Philadelphia 76ers,Indiana Pacers,PHI@IND
2025-26,2026-04-10,regular,Phoenix Suns,Los Angeles Lakers,PHX@LAL
2025-26,2026-04-10,regular,Toronto Raptors,New York Knicks,TOR@NYK
2025-26,2026-04-12,regular,Atlanta Hawks,Miami Heat,ATL@MIA
2025-26,2026-04-12,regular,Brooklyn Nets,Toronto Raptors,BKN@TOR
2025-26,2026-04-12,regular,Charlotte Hornets,New York Knicks,CHA@NYK
2025-26,2026-04-12,regular,Chicago Bulls,Dallas Mavericks,CHI@DAL
2025-26,2026-04-12,regular,Denver Nuggets,San Antonio Spurs,DEN@SAS
2025-26,2026-04-12,regular,Detroit Pistons,Indiana Pacers,DET@IND
2025-26,2026-04-12,regular,Golden State Warriors,LA Clippers,GSW@LAC
2025-26,2026-04-12,regular,Memphis Grizzlies,Houston Rockets,MEM@HOU
2025-26,2026-04-12,regular,Milwaukee Bucks,Philadelphia 76ers,MIL@PHI
2025-26,2026-04-12,regular,New Orleans Pelicans,Minnesota Timberwolves,NOP@MIN
2025-26,2026-04-12,regular,Orlando Magic,Boston Celtics,ORL@BOS
2025-26,2026-04-12,regular,Phoenix Suns,Oklahoma City Thunder,PHX@OKC
2025-26,2026-04-12,regular,Sacramento Kings,Portland Trail Blazers,SAC@POR
2025-26,2026-04-12,regular,Utah Jazz,Los Angeles Lakers,UTA@LAL
2025-26,2026-04-12,regular,Washington Wizards,Cleveland Cavaliers,WAS@CLE
2025-26,2026-04-14,play_in,Miami Heat,Charlotte Hornets,MIA@CHA
2025-26,2026-04-14,play_in,Portland Trail Blazers,Phoenix Suns,POR@PHX
2025-26,2026-04-15,play_in,Golden State Warriors,LA Clippers,GSW@LAC
2025-26,2026-04-15,play_in,Orlando Magic,Philadelphia 76ers,ORL@PHI
2025-26,2026-04-17,play_in,Charlotte Hornets,Orlando Magic,CHA@ORL
2025-26,2026-04-17,play_in,Golden State Warriors,Phoenix Suns,GSW@PHX
2025-26,2026-04-18,playoffs,Atlanta Hawks,New York Knicks,ATL@NYK
2025-26,2026-04-18,playoffs,Houston Rockets,Los Angeles Lakers,HOU@LAL
2025-26,2026-04-18,playoffs,Minnesota Timberwolves,Denver Nuggets,MIN@DEN
2025-26,2026-04-18,playoffs,Toronto Raptors,Cleveland Cavaliers,TOR@CLE
2025-26,2026-04-19,playoffs,Orlando Magic,Detroit Pistons,ORL@DET
2025-26,2026-04-19,playoffs,Philadelphia 76ers,Boston Celtics,PHI@BOS
2025-26,2026-04-19,playoffs,Phoenix Suns,Oklahoma City Thunder,PHX@OKC
2025-26,2026-04-19,playoffs,Portland Trail Blazers,San Antonio Spurs,POR@SAS
2025-26,2026-04-20,playoffs,Atlanta Hawks,New York Knicks,ATL@NYK
2025-26,2026-04-20,playoffs,Minnesota Timberwolves,Denver Nuggets,MIN@DEN
2025-26,2026-04-20,playoffs,Toronto Raptors,Cleveland Cavaliers,TOR@CLE
2025-26,2026-04-21,playoffs,Houston Rockets,Los Angeles Lakers,HOU@LAL
2025-26,2026-04-21,playoffs,Philadelphia 76ers,Boston Celtics,PHI@BOS
2025-26,2026-04-21,playoffs,Portland Trail Blazers,San Antonio Spurs,POR@SAS
2025-26,2026-04-22,playoffs,Orlando Magic,Detroit Pistons,ORL@DET
2025-26,2026-04-22,playoffs,Phoenix Suns,Oklahoma City Thunder,PHX@OKC
2025-26,2026-04-23,playoffs,Cleveland Cavaliers,Toronto Raptors,CLE@TOR
2025-26,2026-04-23,playoffs,Denver Nuggets,Minnesota Timberwolves,DEN@MIN
2025-26,2026-04-23,playoffs,New York Knicks,Atlanta Hawks,NYK@ATL
2025-26,2026-04-24,playoffs,Boston Celtics,Philadelphia 76ers,BOS@PHI
2025-26,2026-04-24,playoffs,Los Angeles Lakers,Houston Rockets,LAL@HOU
2025-26,2026-04-24,playoffs,San Antonio Spurs,Portland Trail Blazers,SAS@POR
2025-26,2026-04-25,playoffs,Denver Nuggets,Minnesota Timberwolves,DEN@MIN
2025-26,2026-04-25,playoffs,Detroit Pistons,Orlando Magic,DET@ORL
2025-26,2026-04-25,playoffs,New York Knicks,Atlanta Hawks,NYK@ATL
2025-26,2026-04-25,playoffs,Oklahoma City Thunder,Phoenix Suns,OKC@PHX
2025-26,2026-04-26,playoffs,Boston Celtics,Philadelphia 76ers,BOS@PHI
2025-26,2026-04-26,playoffs,Cleveland Cavaliers,Toronto Raptors,CLE@TOR
2025-26,2026-04-26,playoffs,Los Angeles Lakers,Houston Rockets,LAL@HOU
2025-26,2026-04-26,playoffs,San Antonio Spurs,Portland Trail Blazers,SAS@POR
2025-26,2026-04-27,playoffs,Detroit Pistons,Orlando Magic,DET@ORL
2025-26,2026-04-27,playoffs,Minnesota Timberwolves,Denver Nuggets,MIN@DEN
2025-26,2026-04-27,playoffs,Oklahoma City Thunder,Phoenix Suns,OKC@PHX
2025-26,2026-04-28,playoffs,Atlanta Hawks,New York Knicks,ATL@NYK
2025-26,2026-04-28,playoffs,Philadelphia 76ers,Boston Celtics,PHI@BOS
2025-26,2026-04-28,playoffs,Portland Trail Blazers,San Antonio Spurs,POR@SAS
2025-26,2026-04-29,playoffs,Houston Rockets,Los Angeles Lakers,HOU@LAL
2025-26,2026-04-29,playoffs,Orlando Magic,Detroit Pistons,ORL@DET
2025-26,2026-04-29,playoffs,Toronto Raptors,Cleveland Cavaliers,TOR@CLE
2025-26,2026-04-30,playoffs,Boston Celtics,Philadelphia 76ers,BOS@PHI
2025-26,2026-04-30,playoffs,Denver Nuggets,Minnesota Timberwolves,DEN@MIN
2025-26,2026-04-30,playoffs,New York Knicks,Atlanta Hawks,NYK@ATL
2025-26,2026-05-01,playoffs,Cleveland Cavaliers,Toronto Raptors,CLE@TOR
2025-26,2026-05-01,playoffs,Detroit Pistons,Orlando Magic,DET@ORL
2025-26,2026-05-01,playoffs,Los Angeles Lakers,Houston Rockets,LAL@HOU
2025-26,2026-05-02,playoffs,Philadelphia 76ers,Boston Celtics,PHI@BOS
2025-26,2026-05-03,playoffs,Orlando Magic,Detroit Pistons,ORL@DET
2025-26,2026-05-03,playoffs,Toronto Raptors,Cleveland Cavaliers,TOR@CLE
2025-26,2026-05-04,playoffs,Minnesota Timberwolves,San Antonio Spurs,MIN@SAS
2025-26,2026-05-04,playoffs,Philadelphia 76ers,New York Knicks,PHI@NYK
2025-26,2026-05-05,playoffs,Cleveland Cavaliers,Detroit Pistons,CLE@DET
2025-26,2026-05-05,playoffs,Los Angeles Lakers,Oklahoma City Thunder,LAL@OKC
2025-26,2026-05-06,playoffs,Minnesota Timberwolves,San Antonio Spurs,MIN@SAS
2025-26,2026-05-06,playoffs,Philadelphia 76ers,New York Knicks,PHI@NYK
2025-26,2026-05-07,playoffs,Cleveland Cavaliers,Detroit Pistons,CLE@DET
2025-26,2026-05-07,playoffs,Los Angeles Lakers,Oklahoma City Thunder,LAL@OKC
2025-26,2026-05-08,playoffs,New York Knicks,Philadelphia 76ers,NYK@PHI
2025-26,2026-05-08,playoffs,San Antonio Spurs,Minnesota Timberwolves,SAS@MIN
2025-26,2026-05-09,playoffs,Detroit Pistons,Cleveland Cavaliers,DET@CLE
2025-26,2026-05-09,playoffs,Oklahoma City Thunder,Los Angeles Lakers,OKC@LAL
2025-26,2026-05-10,playoffs,New York Knicks,Philadelphia 76ers,NYK@PHI
2025-26,2026-05-10,playoffs,San Antonio Spurs,Minnesota Timberwolves,SAS@MIN
2025-26,2026-05-11,playoffs,Detroit Pistons,Cleveland Cavaliers,DET@CLE
2025-26,2026-05-11,playoffs,Oklahoma City Thunder,Los Angeles Lakers,OKC@LAL
2025-26,2026-05-12,playoffs,Minnesota Timberwolves,San Antonio Spurs,MIN@SAS
2025-26,2026-05-13,playoffs,Cleveland Cavaliers,Detroit Pistons,CLE@DET
2025-26,2026-05-15,playoffs,Detroit Pistons,Cleveland Cavaliers,DET@CLE
2025-26,2026-05-15,playoffs,San Antonio Spurs,Minnesota Timberwolves,SAS@MIN
2025-26,2026-05-17,playoffs,Cleveland Cavaliers,Detroit Pistons,CLE@DET
2025-26,2026-05-18,playoffs,San Antonio Spurs,Oklahoma City Thunder,SAS@OKC
2025-26,2026-05-19,playoffs,Cleveland Cavaliers,New York Knicks,CLE@NYK
2025-26,2026-05-20,playoffs,San Antonio Spurs,Oklahoma City Thunder,SAS@OKC
2025-26,2026-05-21,playoffs,Cleveland Cavaliers,New York Knicks,CLE@NYK
2025-26,2026-05-22,playoffs,Oklahoma City Thunder,San Antonio Spurs,OKC@SAS
2025-26,2026-05-23,playoffs,New York Knicks,Cleveland Cavaliers,NYK@CLE
2025-26,2026-05-24,playoffs,Oklahoma City Thunder,San Antonio Spurs,OKC@SAS
2025-26,2026-05-25,playoffs,New York Knicks,Cleveland Cavaliers,NYK@CLE
2025-26,2026-05-26,playoffs,San Antonio Spurs,Oklahoma City Thunder,SAS@OKC
2025-26,2026-05-28,playoffs,Oklahoma City Thunder,San Antonio Spurs,OKC@SAS
2025-26,2026-05-30,playoffs,San Antonio Spurs,Oklahoma City Thunder,SAS@OKC
2025-26,2026-06-03,playoffs,New York Knicks,San Antonio Spurs,NYK@SAS
2025-26,2026-06-05,playoffs,New York Knicks,San Antonio Spurs,NYK@SAS
2025-26,2026-06-08,playoffs,San Antonio Spurs,New York Knicks,SAS@NYK
2025-26,2026-06-10,playoffs,San Antonio Spurs,New York Knicks,SAS@NYK
2025-26,2026-06-13,playoffs,New York Knicks,San Antonio Spurs,NYK@SAS
