season,game_date,season_type,away_team,home_team
2018-19,2018-09-28,preseason,BOS,CHA
2018-19,2018-09-29,preseason,MIN,GSW
2018-19,2018-09-29,preseason,POR,TOR
2018-19,2018-09-30,preseason,CHA,BOS
2018-19,2018-09-30,preseason,DEN,LAL
2018-19,2018-09-30,preseason,MIA,SAS
2018-19,2018-09-30,preseason,NOP,CHI
2018-19,2018-10-01,preseason,NOP,ATL
2018-19,2018-10-01,preseason,NYK,WAS
2018-19,2018-10-01,preseason,ORL,PHI
2018-19,2018-10-01,preseason,SAC,PHX
2018-19,2018-10-02,preseason,CLE,BOS
2018-19,2018-10-02,preseason,DEN,LAL
2018-19,2018-10-02,preseason,MEM,HOU
2018-19,2018-10-02,preseason,MIA,CHA
2018-19,2018-10-02,preseason,TOR,UTA
2018-19,2018-10-03,preseason,CHI,MIL
2018-19,2018-10-03,preseason,DET,OKC
2018-19,2018-10-03,preseason,MIN,LAC
2018-19,2018-10-03,preseason,NYK,BKN
2018-19,2018-10-04,preseason,IND,HOU
2018-19,2018-10-04,preseason,SAC,LAL
2018-19,2018-10-05,preseason,ATL,MEM
2018-19,2018-10-05,preseason,DET,SAS
2018-19,2018-10-05,preseason,MIA,WAS
2018-19,2018-10-05,preseason,NOP,NYK
2018-19,2018-10-05,preseason,OKC,MIN
2018-19,2018-10-05,preseason,PHI,DAL
2018-19,2018-10-05,preseason,POR,PHX
2018-19,2018-10-05,preseason,SAC,GSW
2018-19,2018-10-06,preseason,BOS,CLE
2018-19,2018-10-06,preseason,IND,MEM
2018-19,2018-10-06,preseason,LAC,LAL
2018-19,2018-10-07,preseason,ATL,OKC
2018-19,2018-10-07,preseason,HOU,SAS
2018-19,2018-10-07,preseason,MIL,MIN
2018-19,2018-10-07,preseason,UTA,POR
2018-19,2018-10-08,preseason,BKN,DET
2018-19,2018-10-08,preseason,CHI,CHA
2018-19,2018-10-08,preseason,DAL,PHI
2018-19,2018-10-08,preseason,IND,CLE
2018-19,2018-10-08,preseason,ORL,MIA
2018-19,2018-10-08,preseason,PHX,GSW
2018-19,2018-10-08,preseason,WAS,NYK
2018-19,2018-10-09,preseason,DEN,LAC
2018-19,2018-10-09,preseason,MIL,OKC
2018-19,2018-10-10,preseason,BKN,TOR
2018-19,2018-10-10,preseason,GSW,LAL
2018-19,2018-10-10,preseason,IND,CHI
2018-19,2018-10-10,preseason,MEM,ORL
2018-19,2018-10-10,preseason,NOP,MIA
2018-19,2018-10-10,preseason,PHX,POR
2018-19,2018-10-10,preseason,SAS,ATL
2018-19,2018-10-10,preseason,WAS,DET
2018-19,2018-10-11,preseason,TOR,NOP
2018-19,2018-10-11,preseason,UTA,SAC
2018-19,2018-10-12,preseason,ATL,MIA
2018-19,2018-10-12,preseason,BKN,NYK
2018-19,2018-10-12,preseason,CHA,DAL
2018-19,2018-10-12,preseason,DEN,CHI
2018-19,2018-10-12,preseason,DET,CLE
2018-19,2018-10-12,preseason,HOU,MEM
2018-19,2018-10-12,preseason,LAL,GSW
2018-19,2018-10-12,preseason,MIN,MIL
2018-19,2018-10-12,preseason,SAC,POR
2018-19,2018-10-12,preseason,SAS,ORL
2018-19,2018-10-16,regular,OKC,GSW
2018-19,2018-10-16,regular,PHI,BOS
2018-19,2018-10-17,regular,ATL,NYK
2018-19,2018-10-17,regular,BKN,DET
2018-19,2018-10-17,regular,CLE,TOR
2018-19,2018-10-17,regular,DAL,PHX
2018-19,2018-10-17,regular,DEN,LAC
2018-19,2018-10-17,regular,MEM,IND
2018-19,2018-10-17,regular,MIA,ORL
2018-19,2018-10-17,regular,MIL,CHA
2018-19,2018-10-17,regular,MIN,SAS
2018-19,2018-10-17,regular,NOP,HOU
2018-19,2018-10-17,regular,UTA,SAC
2018-19,2018-10-18,regular,CHI,PHI
2018-19,2018-10-18,regular,LAL,POR
2018-19,2018-10-18,regular,MIA,WAS
2018-19,2018-10-19,regular,ATL,MEM
2018-19,2018-10-19,regular,BOS,TOR
2018-19,2018-10-19,regular,CHA,ORL
2018-19,2018-10-19,regular,CLE,MIN
2018-19,2018-10-19,regular,GSW,UTA
2018-19,2018-10-19,regular,IND,MIL
2018-19,2018-10-19,regular,NYK,BKN
2018-19,2018-10-19,regular,OKC,LAC
2018-19,2018-10-19,regular,SAC,NOP
2018-19,2018-10-20,regular,BKN,IND
2018-19,2018-10-20,regular,BOS,NYK
2018-19,2018-10-20,regular,CHA,MIA
2018-19,2018-10-20,regular,DET,CHI
2018-19,2018-10-20,regular,HOU,LAL
2018-19,2018-10-20,regular,MIN,DAL
2018-19,2018-10-20,regular,ORL,PHI
2018-19,2018-10-20,regular,PHX,DEN
2018-19,2018-10-20,regular,SAS,POR
2018-19,2018-10-20,regular,TOR,WAS
2018-19,2018-10-21,regular,ATL,CLE
2018-19,2018-10-21,regular,GSW,DEN
2018-19,2018-10-21,regular,HOU,LAC
2018-19,2018-10-21,regular,SAC,OKC
2018-19,2018-10-22,regular,CHA,TOR
2018-19,2018-10-22,regular,CHI,DAL
2018-19,2018-10-22,regular,IND,MIN
2018-19,2018-10-22,regular,MEM,UTA
2018-19,2018-10-22,regular,NYK,MIL
2018-19,2018-10-22,regular,ORL,BOS
2018-19,2018-10-22,regular,PHX,GSW
2018-19,2018-10-22,regular,SAS,LAL
2018-19,2018-10-22,regular,WAS,POR
2018-19,2018-10-23,regular,LAC,NOP
2018-19,2018-10-23,regular,PHI,DET
2018-19,2018-10-23,regular,SAC,DEN
2018-19,2018-10-24,regular,BKN,CLE
2018-19,2018-10-24,regular,CHA,CHI
2018-19,2018-10-24,regular,DAL,ATL
2018-19,2018-10-24,regular,IND,SAS
2018-19,2018-10-24,regular,LAL,PHX
2018-19,2018-10-24,regular,MEM,SAC
2018-19,2018-10-24,regular,MIN,TOR
2018-19,2018-10-24,regular,NYK,MIA
2018-19,2018-10-24,regular,PHI,MIL
2018-19,2018-10-24,regular,UTA,HOU
2018-19,2018-10-24,regular,WAS,GSW
2018-19,2018-10-25,regular,BOS,OKC
2018-19,2018-10-25,regular,CLE,DET
2018-19,2018-10-25,regular,DEN,LAL
2018-19,2018-10-25,regular,POR,ORL
2018-19,2018-10-26,regular,BKN,NOP
2018-19,2018-10-26,regular,CHI,CHA
2018-19,2018-10-26,regular,DAL,TOR
2018-19,2018-10-26,regular,GSW,NYK
2018-19,2018-10-26,regular,LAC,HOU
2018-19,2018-10-26,regular,MIL,MIN
2018-19,2018-10-26,regular,WAS,SAC
2018-19,2018-10-27,regular,BOS,DET
2018-19,2018-10-27,regular,CHA,PHI
2018-19,2018-10-27,regular,CHI,ATL
2018-19,2018-10-27,regular,IND,CLE
2018-19,2018-10-27,regular,LAL,SAS
2018-19,2018-10-27,regular,ORL,MIL
2018-19,2018-10-27,regular,PHX,MEM
2018-19,2018-10-27,regular,POR,MIA
2018-19,2018-10-27,regular,UTA,NOP
2018-19,2018-10-28,regular,GSW,BKN
2018-19,2018-10-28,regular,PHX,OKC
2018-19,2018-10-28,regular,UTA,DAL
2018-19,2018-10-28,regular,WAS,LAC
2018-19,2018-10-29,regular,ATL,PHI
2018-19,2018-10-29,regular,BKN,NYK
2018-19,2018-10-29,regular,DAL,SAS
2018-19,2018-10-29,regular,GSW,CHI
2018-19,2018-10-29,regular,LAL,MIN
2018-19,2018-10-29,regular,NOP,DEN
2018-19,2018-10-29,regular,POR,IND
2018-19,2018-10-29,regular,SAC,MIA
2018-19,2018-10-29,regular,TOR,MIL
2018-19,2018-10-30,regular,ATL,CLE
2018-19,2018-10-30,regular,DET,BOS
2018-19,2018-10-30,regular,LAC,OKC
2018-19,2018-10-30,regular,MIA,CHA
2018-19,2018-10-30,regular,PHI,TOR
2018-19,2018-10-30,regular,POR,HOU
2018-19,2018-10-30,regular,SAC,ORL
2018-19,2018-10-30,regular,WAS,MEM
2018-19,2018-10-31,regular,DAL,LAL
2018-19,2018-10-31,regular,DEN,CHI
2018-19,2018-10-31,regular,DET,BKN
2018-19,2018-10-31,regular,IND,NYK
2018-19,2018-10-31,regular,NOP,GSW
2018-19,2018-10-31,regular,SAS,PHX
2018-19,2018-10-31,regular,UTA,MIN
2018-19,2018-11-01,regular,DEN,CLE
2018-19,2018-11-01,regular,LAC,PHI
2018-19,2018-11-01,regular,MIL,BOS
2018-19,2018-11-01,regular,NOP,POR
2018-19,2018-11-01,regular,OKC,CHA
2018-19,2018-11-01,regular,SAC,ATL
2018-19,2018-11-02,regular,HOU,BKN
2018-19,2018-11-02,regular,IND,CHI
2018-19,2018-11-02,regular,LAC,ORL
2018-19,2018-11-02,regular,MEM,UTA
2018-19,2018-11-02,regular,MIN,GSW
2018-19,2018-11-02,regular,NYK,DAL
2018-19,2018-11-02,regular,OKC,WAS
2018-19,2018-11-02,regular,TOR,PHX
2018-19,2018-11-03,regular,BOS,IND
2018-19,2018-11-03,regular,CLE,CHA
2018-19,2018-11-03,regular,DET,PHI
2018-19,2018-11-03,regular,HOU,CHI
2018-19,2018-11-03,regular,LAL,POR
2018-19,2018-11-03,regular,MIA,ATL
2018-19,2018-11-03,regular,NOP,SAS
2018-19,2018-11-03,regular,UTA,DEN
2018-19,2018-11-04,regular,MEM,PHX
2018-19,2018-11-04,regular,MIN,POR
2018-19,2018-11-04,regular,NYK,WAS
2018-19,2018-11-04,regular,ORL,SAS
2018-19,2018-11-04,regular,PHI,BKN
2018-19,2018-11-04,regular,SAC,MIL
2018-19,2018-11-04,regular,TOR,LAL
2018-19,2018-11-05,regular,BOS,DEN
2018-19,2018-11-05,regular,CHI,NYK
2018-19,2018-11-05,regular,CLE,ORL
2018-19,2018-11-05,regular,HOU,IND
2018-19,2018-11-05,regular,MEM,GSW
2018-19,2018-11-05,regular,MIA,DET
2018-19,2018-11-05,regular,MIN,LAC
2018-19,2018-11-05,regular,NOP,OKC
2018-19,2018-11-05,regular,TOR,UTA
2018-19,2018-11-06,regular,ATL,CHA
2018-19,2018-11-06,regular,BKN,PHX
2018-19,2018-11-06,regular,MIL,POR
2018-19,2018-11-06,regular,WAS,DAL
2018-19,2018-11-07,regular,CHI,NOP
2018-19,2018-11-07,regular,DAL,UTA
2018-19,2018-11-07,regular,DEN,MEM
2018-19,2018-11-07,regular,DET,ORL
2018-19,2018-11-07,regular,MIN,LAL
2018-19,2018-11-07,regular,NYK,ATL
2018-19,2018-11-07,regular,OKC,CLE
2018-19,2018-11-07,regular,PHI,IND
2018-19,2018-11-07,regular,SAS,MIA
2018-19,2018-11-07,regular,TOR,SAC
2018-19,2018-11-08,regular,BOS,PHX
2018-19,2018-11-08,regular,HOU,OKC
2018-19,2018-11-08,regular,LAC,POR
2018-19,2018-11-08,regular,MIL,GSW
2018-19,2018-11-09,regular,BKN,DEN
2018-19,2018-11-09,regular,BOS,UTA
2018-19,2018-11-09,regular,CHA,PHI
2018-19,2018-11-09,regular,DET,ATL
2018-19,2018-11-09,regular,IND,MIA
2018-19,2018-11-09,regular,MIN,SAC
2018-19,2018-11-09,regular,WAS,ORL
2018-19,2018-11-10,regular,BKN,GSW
2018-19,2018-11-10,regular,CLE,CHI
2018-19,2018-11-10,regular,HOU,SAS
2018-19,2018-11-10,regular,LAL,SAC
2018-19,2018-11-10,regular,MIL,LAC
2018-19,2018-11-10,regular,NYK,TOR
2018-19,2018-11-10,regular,OKC,DAL
2018-19,2018-11-10,regular,PHI,MEM
2018-19,2018-11-10,regular,PHX,NOP
2018-19,2018-11-10,regular,WAS,MIA
2018-19,2018-11-11,regular,ATL,LAL
2018-19,2018-11-11,regular,BOS,POR
2018-19,2018-11-11,regular,CHA,DET
2018-19,2018-11-11,regular,IND,HOU
2018-19,2018-11-11,regular,MIL,DEN
2018-19,2018-11-11,regular,ORL,NYK
2018-19,2018-11-12,regular,BKN,MIN
2018-19,2018-11-12,regular,DAL,CHI
2018-19,2018-11-12,regular,GSW,LAC
2018-19,2018-11-12,regular,NOP,TOR
2018-19,2018-11-12,regular,ORL,WAS
2018-19,2018-11-12,regular,PHI,MIA
2018-19,2018-11-12,regular,PHX,OKC
2018-19,2018-11-12,regular,SAS,SAC
2018-19,2018-11-12,regular,UTA,MEM
2018-19,2018-11-13,regular,ATL,GSW
2018-19,2018-11-13,regular,CHA,CLE
2018-19,2018-11-13,regular,HOU,DEN
2018-19,2018-11-14,regular,CHI,BOS
2018-19,2018-11-14,regular,CLE,WAS
2018-19,2018-11-14,regular,DET,TOR
2018-19,2018-11-14,regular,MEM,MIL
2018-19,2018-11-14,regular,MIA,BKN
2018-19,2018-11-14,regular,NOP,MIN
2018-19,2018-11-14,regular,NYK,OKC
2018-19,2018-11-14,regular,PHI,ORL
2018-19,2018-11-14,regular,POR,LAL
2018-19,2018-11-14,regular,SAS,PHX
2018-19,2018-11-14,regular,UTA,DAL
2018-19,2018-11-15,regular,ATL,DEN
2018-19,2018-11-15,regular,GSW,HOU
2018-19,2018-11-15,regular,SAS,LAC
2018-19,2018-11-16,regular,BKN,WAS
2018-19,2018-11-16,regular,CHI,MIL
2018-19,2018-11-16,regular,MIA,IND
2018-19,2018-11-16,regular,NYK,NOP
2018-19,2018-11-16,regular,POR,MIN
2018-19,2018-11-16,regular,SAC,MEM
2018-19,2018-11-16,regular,TOR,BOS
2018-19,2018-11-16,regular,UTA,PHI
2018-19,2018-11-17,regular,ATL,IND
2018-19,2018-11-17,regular,DEN,NOP
2018-19,2018-11-17,regular,GSW,DAL
2018-19,2018-11-17,regular,LAC,BKN
2018-19,2018-11-17,regular,LAL,ORL
2018-19,2018-11-17,regular,OKC,PHX
2018-19,2018-11-17,regular,PHI,CHA
2018-19,2018-11-17,regular,SAC,HOU
2018-19,2018-11-17,regular,TOR,CHI
2018-19,2018-11-17,regular,UTA,BOS
2018-19,2018-11-18,regular,GSW,SAS
2018-19,2018-11-18,regular,LAL,MIA
2018-19,2018-11-18,regular,MEM,MIN
2018-19,2018-11-18,regular,NYK,ORL
2018-19,2018-11-18,regular,POR,WAS
2018-19,2018-11-19,regular,BOS,CHA
2018-19,2018-11-19,regular,CLE,DET
2018-19,2018-11-19,regular,DAL,MEM
2018-19,2018-11-19,regular,DEN,MIL
2018-19,2018-11-19,regular,LAC,ATL
2018-19,2018-11-19,regular,OKC,SAC
2018-19,2018-11-19,regular,PHX,PHI
2018-19,2018-11-19,regular,SAS,NOP
2018-19,2018-11-19,regular,UTA,IND
2018-19,2018-11-20,regular,BKN,MIA
2018-19,2018-11-20,regular,LAC,WAS
2018-19,2018-11-20,regular,POR,NYK
2018-19,2018-11-20,regular,TOR,ORL
2018-19,2018-11-21,regular,BKN,DAL
2018-19,2018-11-21,regular,DEN,MIN
2018-19,2018-11-21,regular,DET,HOU
2018-19,2018-11-21,regular,IND,CHA
2018-19,2018-11-21,regular,LAL,CLE
2018-19,2018-11-21,regular,MEM,SAS
2018-19,2018-11-21,regular,NOP,PHI
2018-19,2018-11-21,regular,NYK,BOS
2018-19,2018-11-21,regular,OKC,GSW
2018-19,2018-11-21,regular,PHX,CHI
2018-19,2018-11-21,regular,POR,MIL
2018-19,2018-11-21,regular,SAC,UTA
2018-19,2018-11-21,regular,TOR,ATL
2018-19,2018-11-23,regular,BOS,ATL
2018-19,2018-11-23,regular,CHA,OKC
2018-19,2018-11-23,regular,CLE,PHI
2018-19,2018-11-23,regular,HOU,DET
2018-19,2018-11-23,regular,MEM,LAC
2018-19,2018-11-23,regular,MIA,CHI
2018-19,2018-11-23,regular,MIN,BKN
2018-19,2018-11-23,regular,NOP,NYK
2018-19,2018-11-23,regular,ORL,DEN
2018-19,2018-11-23,regular,PHX,MIL
2018-19,2018-11-23,regular,POR,GSW
2018-19,2018-11-23,regular,SAS,IND
2018-19,2018-11-23,regular,UTA,LAL
2018-19,2018-11-23,regular,WAS,TOR
2018-19,2018-11-24,regular,BOS,DAL
2018-19,2018-11-24,regular,CHI,MIN
2018-19,2018-11-24,regular,DEN,OKC
2018-19,2018-11-24,regular,HOU,CLE
2018-19,2018-11-24,regular,NOP,WAS
2018-19,2018-11-24,regular,SAC,GSW
2018-19,2018-11-24,regular,SAS,MIL
2018-19,2018-11-25,regular,CHA,ATL
2018-19,2018-11-25,regular,LAC,POR
2018-19,2018-11-25,regular,MIA,TOR
2018-19,2018-11-25,regular,NYK,MEM
2018-19,2018-11-25,regular,ORL,LAL
2018-19,2018-11-25,regular,PHI,BKN
2018-19,2018-11-25,regular,PHX,DET
2018-19,2018-11-25,regular,UTA,SAC
2018-19,2018-11-26,regular,BOS,NOP
2018-19,2018-11-26,regular,HOU,WAS
2018-19,2018-11-26,regular,IND,UTA
2018-19,2018-11-26,regular,MIL,CHA
2018-19,2018-11-26,regular,MIN,CLE
2018-19,2018-11-26,regular,ORL,GSW
2018-19,2018-11-26,regular,SAS,CHI
2018-19,2018-11-27,regular,ATL,MIA
2018-19,2018-11-27,regular,IND,PHX
2018-19,2018-11-27,regular,LAL,DEN
2018-19,2018-11-27,regular,NYK,DET
2018-19,2018-11-27,regular,TOR,MEM
2018-19,2018-11-28,regular,ATL,CHA
2018-19,2018-11-28,regular,CHI,MIL
2018-19,2018-11-28,regular,CLE,OKC
2018-19,2018-11-28,regular,DAL,HOU
2018-19,2018-11-28,regular,NYK,PHI
2018-19,2018-11-28,regular,ORL,POR
2018-19,2018-11-28,regular,PHX,LAC
2018-19,2018-11-28,regular,SAS,MIN
2018-19,2018-11-28,regular,UTA,BKN
2018-19,2018-11-28,regular,WAS,NOP
2018-19,2018-11-29,regular,GSW,TOR
2018-19,2018-11-29,regular,IND,LAL
2018-19,2018-11-29,regular,LAC,SAC
2018-19,2018-11-30,regular,ATL,OKC
2018-19,2018-11-30,regular,CHI,DET
2018-19,2018-11-30,regular,CLE,BOS
2018-19,2018-11-30,regular,DAL,LAL
2018-19,2018-11-30,regular,DEN,POR
2018-19,2018-11-30,regular,HOU,SAS
2018-19,2018-11-30,regular,MEM,BKN
2018-19,2018-11-30,regular,NOP,MIA
2018-19,2018-11-30,regular,ORL,PHX
2018-19,2018-11-30,regular,UTA,CHA
2018-19,2018-11-30,regular,WAS,PHI
2018-19,2018-12-01,regular,BKN,WAS
2018-19,2018-12-01,regular,BOS,MIN
2018-19,2018-12-01,regular,CHI,HOU
2018-19,2018-12-01,regular,GSW,DET
2018-19,2018-12-01,regular,IND,SAC
2018-19,2018-12-01,regular,MIL,NYK
2018-19,2018-12-01,regular,TOR,CLE
2018-19,2018-12-02,regular,LAC,DAL
2018-19,2018-12-02,regular,MEM,PHI
2018-19,2018-12-02,regular,NOP,CHA
2018-19,2018-12-02,regular,PHX,LAL
2018-19,2018-12-02,regular,POR,SAS
2018-19,2018-12-02,regular,UTA,MIA
2018-19,2018-12-03,regular,CLE,BKN
2018-19,2018-12-03,regular,DEN,TOR
2018-19,2018-12-03,regular,GSW,ATL
2018-19,2018-12-03,regular,HOU,MIN
2018-19,2018-12-03,regular,LAC,NOP
2018-19,2018-12-03,regular,OKC,DET
2018-19,2018-12-03,regular,WAS,NYK
2018-19,2018-12-04,regular,CHI,IND
2018-19,2018-12-04,regular,ORL,MIA
2018-19,2018-12-04,regular,POR,DAL
2018-19,2018-12-04,regular,SAC,PHX
2018-19,2018-12-04,regular,SAS,UTA
2018-19,2018-12-05,regular,CHA,MIN
2018-19,2018-12-05,regular,DAL,NOP
2018-19,2018-12-05,regular,DEN,ORL
2018-19,2018-12-05,regular,DET,MIL
2018-19,2018-12-05,regular,GSW,CLE
2018-19,2018-12-05,regular,LAC,MEM
2018-19,2018-12-05,regular,OKC,BKN
2018-19,2018-12-05,regular,PHI,TOR
2018-19,2018-12-05,regular,SAS,LAL
2018-19,2018-12-05,regular,WAS,ATL
2018-19,2018-12-06,regular,HOU,UTA
2018-19,2018-12-06,regular,NYK,BOS
2018-19,2018-12-06,regular,PHX,POR
2018-19,2018-12-07,regular,DEN,CHA
2018-19,2018-12-07,regular,GSW,MIL
2018-19,2018-12-07,regular,IND,ORL
2018-19,2018-12-07,regular,LAL,SAS
2018-19,2018-12-07,regular,MEM,NOP
2018-19,2018-12-07,regular,MIA,PHX
2018-19,2018-12-07,regular,OKC,CHI
2018-19,2018-12-07,regular,PHI,DET
2018-19,2018-12-07,regular,SAC,CLE
2018-19,2018-12-07,regular,TOR,BKN
2018-19,2018-12-08,regular,BKN,NYK
2018-19,2018-12-08,regular,BOS,CHI
2018-19,2018-12-08,regular,DEN,ATL
2018-19,2018-12-08,regular,HOU,DAL
2018-19,2018-12-08,regular,LAL,MEM
2018-19,2018-12-08,regular,MIA,LAC
2018-19,2018-12-08,regular,MIN,POR
2018-19,2018-12-08,regular,SAC,IND
2018-19,2018-12-08,regular,WAS,CLE
2018-19,2018-12-09,regular,CHA,NYK
2018-19,2018-12-09,regular,MIL,TOR
2018-19,2018-12-09,regular,NOP,DET
2018-19,2018-12-09,regular,UTA,SAS
2018-19,2018-12-10,regular,CLE,MIL
2018-19,2018-12-10,regular,DET,PHI
2018-19,2018-12-10,regular,LAC,PHX
2018-19,2018-12-10,regular,MEM,DEN
2018-19,2018-12-10,regular,MIA,LAL
2018-19,2018-12-10,regular,MIN,GSW
2018-19,2018-12-10,regular,NOP,BOS
2018-19,2018-12-10,regular,ORL,DAL
2018-19,2018-12-10,regular,SAC,CHI
2018-19,2018-12-10,regular,UTA,OKC
2018-19,2018-12-10,regular,WAS,IND
2018-19,2018-12-11,regular,PHX,SAS
2018-19,2018-12-11,regular,POR,HOU
2018-19,2018-12-11,regular,TOR,LAC
2018-19,2018-12-12,regular,ATL,DAL
2018-19,2018-12-12,regular,BKN,PHI
2018-19,2018-12-12,regular,BOS,WAS
2018-19,2018-12-12,regular,DET,CHA
2018-19,2018-12-12,regular,MIA,UTA
2018-19,2018-12-12,regular,MIL,IND
2018-19,2018-12-12,regular,MIN,SAC
2018-19,2018-12-12,regular,NYK,CLE
2018-19,2018-12-12,regular,OKC,NOP
2018-19,2018-12-12,regular,POR,MEM
2018-19,2018-12-12,regular,TOR,GSW
2018-19,2018-12-13,regular,CHI,ORL
2018-19,2018-12-13,regular,DAL,PHX
2018-19,2018-12-13,regular,LAC,SAS
2018-19,2018-12-13,regular,LAL,HOU
2018-19,2018-12-14,regular,ATL,BOS
2018-19,2018-12-14,regular,GSW,SAC
2018-19,2018-12-14,regular,IND,PHI
2018-19,2018-12-14,regular,MIA,MEM
2018-19,2018-12-14,regular,MIL,CLE
2018-19,2018-12-14,regular,NYK,CHA
2018-19,2018-12-14,regular,OKC,DEN
2018-19,2018-12-14,regular,TOR,POR
2018-19,2018-12-14,regular,WAS,BKN
2018-19,2018-12-15,regular,BOS,DET
2018-19,2018-12-15,regular,CHI,SAS
2018-19,2018-12-15,regular,HOU,MEM
2018-19,2018-12-15,regular,LAC,OKC
2018-19,2018-12-15,regular,LAL,CHA
2018-19,2018-12-15,regular,MIN,PHX
2018-19,2018-12-15,regular,UTA,ORL
2018-19,2018-12-16,regular,ATL,BKN
2018-19,2018-12-16,regular,LAL,WAS
2018-19,2018-12-16,regular,MIA,NOP
2018-19,2018-12-16,regular,NYK,IND
2018-19,2018-12-16,regular,PHI,CLE
2018-19,2018-12-16,regular,SAC,DAL
2018-19,2018-12-16,regular,TOR,DEN
2018-19,2018-12-17,regular,CHI,OKC
2018-19,2018-12-17,regular,MEM,GSW
2018-19,2018-12-17,regular,MIL,DET
2018-19,2018-12-17,regular,PHI,SAS
2018-19,2018-12-17,regular,PHX,NYK
2018-19,2018-12-17,regular,POR,LAC
2018-19,2018-12-17,regular,SAC,MIN
2018-19,2018-12-17,regular,UTA,HOU
2018-19,2018-12-18,regular,CLE,IND
2018-19,2018-12-18,regular,DAL,DEN
2018-19,2018-12-18,regular,LAL,BKN
2018-19,2018-12-18,regular,WAS,ATL
2018-19,2018-12-19,regular,BKN,CHI
2018-19,2018-12-19,regular,CLE,CHA
2018-19,2018-12-19,regular,DET,MIN
2018-19,2018-12-19,regular,GSW,UTA
2018-19,2018-12-19,regular,IND,TOR
2018-19,2018-12-19,regular,MEM,POR
2018-19,2018-12-19,regular,NOP,MIL
2018-19,2018-12-19,regular,NYK,PHI
2018-19,2018-12-19,regular,OKC,SAC
2018-19,2018-12-19,regular,PHX,BOS
2018-19,2018-12-19,regular,SAS,ORL
2018-19,2018-12-19,regular,WAS,HOU
2018-19,2018-12-20,regular,DAL,LAC
2018-19,2018-12-20,regular,HOU,MIA
2018-19,2018-12-21,regular,ATL,NYK
2018-19,2018-12-21,regular,CLE,TOR
2018-19,2018-12-21,regular,DET,CHA
2018-19,2018-12-21,regular,IND,BKN
2018-19,2018-12-21,regular,MEM,SAC
2018-19,2018-12-21,regular,MIL,BOS
2018-19,2018-12-21,regular,MIN,SAS
2018-19,2018-12-21,regular,NOP,LAL
2018-19,2018-12-21,regular,ORL,CHI
2018-19,2018-12-21,regular,UTA,POR
2018-19,2018-12-22,regular,DAL,GSW
2018-19,2018-12-22,regular,DEN,LAC
2018-19,2018-12-22,regular,MIL,MIA
2018-19,2018-12-22,regular,OKC,UTA
2018-19,2018-12-22,regular,PHX,WAS
2018-19,2018-12-22,regular,SAS,HOU
2018-19,2018-12-22,regular,TOR,PHI
2018-19,2018-12-23,regular,ATL,DET
2018-19,2018-12-23,regular,CHA,BOS
2018-19,2018-12-23,regular,CHI,CLE
2018-19,2018-12-23,regular,DAL,POR
2018-19,2018-12-23,regular,LAC,GSW
2018-19,2018-12-23,regular,MEM,LAL
2018-19,2018-12-23,regular,MIA,ORL
2018-19,2018-12-23,regular,MIN,OKC
2018-19,2018-12-23,regular,NOP,SAC
2018-19,2018-12-23,regular,PHX,BKN
2018-19,2018-12-23,regular,WAS,IND
2018-19,2018-12-25,regular,LAL,GSW
2018-19,2018-12-25,regular,MIL,NYK
2018-19,2018-12-25,regular,OKC,HOU
2018-19,2018-12-25,regular,PHI,BOS
2018-19,2018-12-25,regular,POR,UTA
2018-19,2018-12-26,regular,CHA,BKN
2018-19,2018-12-26,regular,CLE,MEM
2018-19,2018-12-26,regular,DEN,SAS
2018-19,2018-12-26,regular,IND,ATL
2018-19,2018-12-26,regular,MIN,CHI
2018-19,2018-12-26,regular,NOP,DAL
2018-19,2018-12-26,regular,PHX,ORL
2018-19,2018-12-26,regular,SAC,LAC
2018-19,2018-12-26,regular,TOR,MIA
2018-19,2018-12-26,regular,WAS,DET
2018-19,2018-12-27,regular,BOS,HOU
2018-19,2018-12-27,regular,LAL,SAC
2018-19,2018-12-27,regular,NYK,MIL
2018-19,2018-12-27,regular,PHI,UTA
2018-19,2018-12-27,regular,POR,GSW
2018-19,2018-12-28,regular,ATL,MIN
2018-19,2018-12-28,regular,BKN,CHA
2018-19,2018-12-28,regular,CHI,WAS
2018-19,2018-12-28,regular,CLE,MIA
2018-19,2018-12-28,regular,DAL,NOP
2018-19,2018-12-28,regular,DET,IND
2018-19,2018-12-28,regular,LAC,LAL
2018-19,2018-12-28,regular,OKC,PHX
2018-19,2018-12-28,regular,SAS,DEN
2018-19,2018-12-28,regular,TOR,ORL
2018-19,2018-12-29,regular,BKN,MIL
2018-19,2018-12-29,regular,BOS,MEM
2018-19,2018-12-29,regular,CHA,WAS
2018-19,2018-12-29,regular,CLE,ATL
2018-19,2018-12-29,regular,DEN,PHX
2018-19,2018-12-29,regular,GSW,POR
2018-19,2018-12-29,regular,HOU,NOP
2018-19,2018-12-29,regular,NYK,UTA
2018-19,2018-12-29,regular,SAS,LAC
2018-19,2018-12-30,regular,CHI,TOR
2018-19,2018-12-30,regular,DET,ORL
2018-19,2018-12-30,regular,MIN,MIA
2018-19,2018-12-30,regular,OKC,DAL
2018-19,2018-12-30,regular,PHI,POR
2018-19,2018-12-30,regular,SAC,LAL
2018-19,2018-12-31,regular,ATL,IND
2018-19,2018-12-31,regular,BOS,SAS
2018-19,2018-12-31,regular,DAL,OKC
2018-19,2018-12-31,regular,GSW,PHX
2018-19,2018-12-31,regular,MEM,HOU
2018-19,2018-12-31,regular,MIN,NOP
2018-19,2018-12-31,regular,ORL,CHA
2018-19,2019-01-01,regular,DET,MIL
2018-19,2019-01-01,regular,NYK,DEN
2018-19,2019-01-01,regular,PHI,LAC
2018-19,2019-01-01,regular,POR,SAC
2018-19,2019-01-01,regular,UTA,TOR
2018-19,2019-01-02,regular,ATL,WAS
2018-19,2019-01-02,regular,DAL,CHA
2018-19,2019-01-02,regular,DET,MEM
2018-19,2019-01-02,regular,MIA,CLE
2018-19,2019-01-02,regular,MIN,BOS
2018-19,2019-01-02,regular,NOP,BKN
2018-19,2019-01-02,regular,OKC,LAL
2018-19,2019-01-02,regular,ORL,CHI
2018-19,2019-01-02,regular,PHI,PHX
2018-19,2019-01-03,regular,DEN,SAC
2018-19,2019-01-03,regular,HOU,GSW
2018-19,2019-01-03,regular,TOR,SAS
2018-19,2019-01-04,regular,ATL,MIL
2018-19,2019-01-04,regular,BKN,MEM
2018-19,2019-01-04,regular,DAL,BOS
2018-19,2019-01-04,regular,IND,CHI
2018-19,2019-01-04,regular,LAC,PHX
2018-19,2019-01-04,regular,NYK,LAL
2018-19,2019-01-04,regular,OKC,POR
2018-19,2019-01-04,regular,ORL,MIN
2018-19,2019-01-04,regular,UTA,CLE
2018-19,2019-01-04,regular,WAS,MIA
2018-19,2019-01-05,regular,CHA,DEN
2018-19,2019-01-05,regular,DAL,PHI
2018-19,2019-01-05,regular,GSW,SAC
2018-19,2019-01-05,regular,HOU,POR
2018-19,2019-01-05,regular,MEM,SAS
2018-19,2019-01-05,regular,NOP,CLE
2018-19,2019-01-05,regular,TOR,MIL
2018-19,2019-01-05,regular,UTA,DET
2018-19,2019-01-06,regular,BKN,CHI
2018-19,2019-01-06,regular,CHA,PHX
2018-19,2019-01-06,regular,IND,TOR
2018-19,2019-01-06,regular,LAL,MIN
2018-19,2019-01-06,regular,MIA,ATL
2018-19,2019-01-06,regular,ORL,LAC
2018-19,2019-01-06,regular,WAS,OKC
2018-19,2019-01-07,regular,BKN,BOS
2018-19,2019-01-07,regular,DEN,HOU
2018-19,2019-01-07,regular,LAL,DAL
2018-19,2019-01-07,regular,MEM,NOP
2018-19,2019-01-07,regular,NYK,POR
2018-19,2019-01-07,regular,ORL,SAC
2018-19,2019-01-07,regular,SAS,DET
2018-19,2019-01-07,regular,UTA,MIL
2018-19,2019-01-08,regular,ATL,TOR
2018-19,2019-01-08,regular,CHA,LAC
2018-19,2019-01-08,regular,DEN,MIA
2018-19,2019-01-08,regular,IND,CLE
2018-19,2019-01-08,regular,MIN,OKC
2018-19,2019-01-08,regular,NYK,GSW
2018-19,2019-01-08,regular,SAC,PHX
2018-19,2019-01-08,regular,WAS,PHI
2018-19,2019-01-09,regular,ATL,BKN
2018-19,2019-01-09,regular,CHI,POR
2018-19,2019-01-09,regular,CLE,NOP
2018-19,2019-01-09,regular,DET,LAL
2018-19,2019-01-09,regular,IND,BOS
2018-19,2019-01-09,regular,MIL,HOU
2018-19,2019-01-09,regular,ORL,UTA
2018-19,2019-01-09,regular,PHI,WAS
2018-19,2019-01-09,regular,PHX,DAL
2018-19,2019-01-09,regular,SAS,MEM
2018-19,2019-01-10,regular,BOS,MIA
2018-19,2019-01-10,regular,DET,SAC
2018-19,2019-01-10,regular,LAC,DEN
2018-19,2019-01-10,regular,OKC,SAS
2018-19,2019-01-11,regular,ATL,PHI
2018-19,2019-01-11,regular,BKN,TOR
2018-19,2019-01-11,regular,CHA,POR
2018-19,2019-01-11,regular,CHI,GSW
2018-19,2019-01-11,regular,CLE,HOU
2018-19,2019-01-11,regular,DAL,MIN
2018-19,2019-01-11,regular,IND,NYK
2018-19,2019-01-11,regular,LAL,UTA
2018-19,2019-01-11,regular,MIL,WAS
2018-19,2019-01-12,regular,BOS,ORL
2018-19,2019-01-12,regular,CHA,SAC
2018-19,2019-01-12,regular,CHI,UTA
2018-19,2019-01-12,regular,DEN,PHX
2018-19,2019-01-12,regular,DET,LAC
2018-19,2019-01-12,regular,MEM,MIA
2018-19,2019-01-12,regular,NOP,MIN
2018-19,2019-01-12,regular,SAS,OKC
2018-19,2019-01-13,regular,CLE,LAL
2018-19,2019-01-13,regular,GSW,DAL
2018-19,2019-01-13,regular,HOU,ORL
2018-19,2019-01-13,regular,MIL,ATL
2018-19,2019-01-13,regular,PHI,NYK
2018-19,2019-01-13,regular,POR,DEN
2018-19,2019-01-13,regular,TOR,WAS
2018-19,2019-01-14,regular,BOS,BKN
2018-19,2019-01-14,regular,CHA,SAS
2018-19,2019-01-14,regular,DET,UTA
2018-19,2019-01-14,regular,MEM,HOU
2018-19,2019-01-14,regular,NOP,LAC
2018-19,2019-01-14,regular,POR,SAC
2018-19,2019-01-15,regular,CHI,LAL
2018-19,2019-01-15,regular,GSW,DEN
2018-19,2019-01-15,regular,MIA,MIL
2018-19,2019-01-15,regular,MIN,PHI
2018-19,2019-01-15,regular,OKC,ATL
2018-19,2019-01-15,regular,PHX,IND
2018-19,2019-01-16,regular,BKN,HOU
2018-19,2019-01-16,regular,CLE,POR
2018-19,2019-01-16,regular,MIL,MEM
2018-19,2019-01-16,regular,NOP,GSW
2018-19,2019-01-16,regular,ORL,DET
2018-19,2019-01-16,regular,SAS,DAL
2018-19,2019-01-16,regular,TOR,BOS
2018-19,2019-01-16,regular,UTA,LAC
2018-19,2019-01-17,regular,CHI,DEN
2018-19,2019-01-17,regular,LAL,OKC
2018-19,2019-01-17,regular,NYK,WAS
2018-19,2019-01-17,regular,PHI,IND
2018-19,2019-01-17,regular,PHX,TOR
2018-19,2019-01-17,regular,SAC,CHA
2018-19,2019-01-18,regular,BKN,ORL
2018-19,2019-01-18,regular,CLE,UTA
2018-19,2019-01-18,regular,GSW,LAC
2018-19,2019-01-18,regular,MEM,BOS
2018-19,2019-01-18,regular,MIA,DET
2018-19,2019-01-18,regular,NOP,POR
2018-19,2019-01-18,regular,SAS,MIN
2018-19,2019-01-19,regular,BOS,ATL
2018-19,2019-01-19,regular,CLE,DEN
2018-19,2019-01-19,regular,DAL,IND
2018-19,2019-01-19,regular,LAL,HOU
2018-19,2019-01-19,regular,MEM,TOR
2018-19,2019-01-19,regular,MIA,CHI
2018-19,2019-01-19,regular,MIL,ORL
2018-19,2019-01-19,regular,OKC,PHI
2018-19,2019-01-19,regular,PHX,CHA
2018-19,2019-01-19,regular,SAC,DET
2018-19,2019-01-20,regular,CHA,IND
2018-19,2019-01-20,regular,LAC,SAS
2018-19,2019-01-20,regular,PHX,MIN
2018-19,2019-01-21,regular,CHI,CLE
2018-19,2019-01-21,regular,DAL,MIL
2018-19,2019-01-21,regular,DET,WAS
2018-19,2019-01-21,regular,GSW,LAL
2018-19,2019-01-21,regular,HOU,PHI
2018-19,2019-01-21,regular,MIA,BOS
2018-19,2019-01-21,regular,NOP,MEM
2018-19,2019-01-21,regular,OKC,NYK
2018-19,2019-01-21,regular,ORL,ATL
2018-19,2019-01-21,regular,POR,UTA
2018-19,2019-01-21,regular,SAC,BKN
2018-19,2019-01-22,regular,LAC,DAL
2018-19,2019-01-22,regular,MIN,PHX
2018-19,2019-01-22,regular,POR,OKC
2018-19,2019-01-22,regular,SAC,TOR
2018-19,2019-01-23,regular,ATL,CHI
2018-19,2019-01-23,regular,CHA,MEM
2018-19,2019-01-23,regular,CLE,BOS
2018-19,2019-01-23,regular,DEN,UTA
2018-19,2019-01-23,regular,DET,NOP
2018-19,2019-01-23,regular,HOU,NYK
2018-19,2019-01-23,regular,LAC,MIA
2018-19,2019-01-23,regular,ORL,BKN
2018-19,2019-01-23,regular,SAS,PHI
2018-19,2019-01-23,regular,TOR,IND
2018-19,2019-01-24,regular,GSW,WAS
2018-19,2019-01-24,regular,MIN,LAL
2018-19,2019-01-24,regular,NOP,OKC
2018-19,2019-01-24,regular,POR,PHX
2018-19,2019-01-25,regular,CHA,MIL
2018-19,2019-01-25,regular,DET,DAL
2018-19,2019-01-25,regular,LAC,CHI
2018-19,2019-01-25,regular,MIA,CLE
2018-19,2019-01-25,regular,MIN,UTA
2018-19,2019-01-25,regular,NYK,BKN
2018-19,2019-01-25,regular,PHX,DEN
2018-19,2019-01-25,regular,SAC,MEM
2018-19,2019-01-25,regular,TOR,HOU
2018-19,2019-01-25,regular,WAS,ORL
2018-19,2019-01-26,regular,ATL,POR
2018-19,2019-01-26,regular,GSW,BOS
2018-19,2019-01-26,regular,IND,MEM
2018-19,2019-01-26,regular,PHI,DEN
2018-19,2019-01-26,regular,SAS,NOP
2018-19,2019-01-27,regular,CLE,CHI
2018-19,2019-01-27,regular,MIA,NYK
2018-19,2019-01-27,regular,MIL,OKC
2018-19,2019-01-27,regular,ORL,HOU
2018-19,2019-01-27,regular,PHX,LAL
2018-19,2019-01-27,regular,SAC,LAC
2018-19,2019-01-27,regular,TOR,DAL
2018-19,2019-01-27,regular,UTA,MIN
2018-19,2019-01-27,regular,WAS,SAS
2018-19,2019-01-28,regular,ATL,LAC
2018-19,2019-01-28,regular,BKN,BOS
2018-19,2019-01-28,regular,DEN,MEM
2018-19,2019-01-28,regular,GSW,IND
2018-19,2019-01-28,regular,NYK,CHA
2018-19,2019-01-29,regular,CHI,BKN
2018-19,2019-01-29,regular,MIL,DET
2018-19,2019-01-29,regular,NOP,HOU
2018-19,2019-01-29,regular,OKC,ORL
2018-19,2019-01-29,regular,PHI,LAL
2018-19,2019-01-29,regular,PHX,SAS
2018-19,2019-01-29,regular,WAS,CLE
2018-19,2019-01-30,regular,ATL,SAC
2018-19,2019-01-30,regular,CHA,BOS
2018-19,2019-01-30,regular,CHI,MIA
2018-19,2019-01-30,regular,DAL,NYK
2018-19,2019-01-30,regular,DEN,NOP
2018-19,2019-01-30,regular,IND,WAS
2018-19,2019-01-30,regular,MEM,MIN
2018-19,2019-01-30,regular,UTA,POR
2018-19,2019-01-31,regular,BKN,SAS
2018-19,2019-01-31,regular,DAL,DET
2018-19,2019-01-31,regular,IND,ORL
2018-19,2019-01-31,regular,LAL,LAC
2018-19,2019-01-31,regular,MIL,TOR
2018-19,2019-01-31,regular,PHI,GSW
2018-19,2019-02-01,regular,ATL,UTA
2018-19,2019-02-01,regular,BOS,NYK
2018-19,2019-02-01,regular,HOU,DEN
2018-19,2019-02-01,regular,MEM,CHA
2018-19,2019-02-01,regular,OKC,MIA
2018-19,2019-02-02,regular,ATL,PHX
2018-19,2019-02-02,regular,BKN,ORL
2018-19,2019-02-02,regular,CHI,CHA
2018-19,2019-02-02,regular,DAL,CLE
2018-19,2019-02-02,regular,DEN,MIN
2018-19,2019-02-02,regular,HOU,UTA
2018-19,2019-02-02,regular,IND,MIA
2018-19,2019-02-02,regular,LAC,DET
2018-19,2019-02-02,regular,LAL,GSW
2018-19,2019-02-02,regular,MIL,WAS
2018-19,2019-02-02,regular,NOP,SAS
2018-19,2019-02-02,regular,PHI,SAC
2018-19,2019-02-03,regular,LAC,TOR
2018-19,2019-02-03,regular,MEM,NYK
2018-19,2019-02-03,regular,OKC,BOS
2018-19,2019-02-04,regular,ATL,WAS
2018-19,2019-02-04,regular,DEN,DET
2018-19,2019-02-04,regular,HOU,PHX
2018-19,2019-02-04,regular,IND,NOP
2018-19,2019-02-04,regular,MIL,BKN
2018-19,2019-02-04,regular,SAS,SAC
2018-19,2019-02-05,regular,BOS,CLE
2018-19,2019-02-05,regular,DET,NYK
2018-19,2019-02-05,regular,LAC,CHA
2018-19,2019-02-05,regular,LAL,IND
2018-19,2019-02-05,regular,MIA,POR
2018-19,2019-02-05,regular,MIN,MEM
2018-19,2019-02-05,regular,ORL,OKC
2018-19,2019-02-05,regular,TOR,PHI
2018-19,2019-02-06,regular,CHA,DAL
2018-19,2019-02-06,regular,DEN,BKN
2018-19,2019-02-06,regular,HOU,SAC
2018-19,2019-02-06,regular,NOP,CHI
2018-19,2019-02-06,regular,PHX,UTA
2018-19,2019-02-06,regular,SAS,GSW
2018-19,2019-02-06,regular,WAS,MIL
2018-19,2019-02-07,regular,LAC,IND
2018-19,2019-02-07,regular,LAL,BOS
2018-19,2019-02-07,regular,MEM,OKC
2018-19,2019-02-07,regular,MIN,ORL
2018-19,2019-02-07,regular,SAS,POR
2018-19,2019-02-07,regular,TOR,ATL
2018-19,2019-02-08,regular,CHI,BKN
2018-19,2019-02-08,regular,CLE,WAS
2018-19,2019-02-08,regular,DEN,PHI
2018-19,2019-02-08,regular,GSW,PHX
2018-19,2019-02-08,regular,MIA,SAC
2018-19,2019-02-08,regular,MIL,DAL
2018-19,2019-02-08,regular,MIN,NOP
2018-19,2019-02-08,regular,NYK,DET
2018-19,2019-02-09,regular,CHA,ATL
2018-19,2019-02-09,regular,CLE,IND
2018-19,2019-02-09,regular,LAC,BOS
2018-19,2019-02-09,regular,NOP,MEM
2018-19,2019-02-09,regular,OKC,HOU
2018-19,2019-02-09,regular,ORL,MIL
2018-19,2019-02-09,regular,SAS,UTA
2018-19,2019-02-09,regular,TOR,NYK
2018-19,2019-02-09,regular,WAS,CHI
2018-19,2019-02-10,regular,LAL,PHI
2018-19,2019-02-10,regular,MIA,GSW
2018-19,2019-02-10,regular,ORL,ATL
2018-19,2019-02-10,regular,PHX,SAC
2018-19,2019-02-10,regular,POR,DAL
2018-19,2019-02-11,regular,BKN,TOR
2018-19,2019-02-11,regular,CHA,IND
2018-19,2019-02-11,regular,DAL,HOU
2018-19,2019-02-11,regular,LAC,MIN
2018-19,2019-02-11,regular,MIA,DEN
2018-19,2019-02-11,regular,MIL,CHI
2018-19,2019-02-11,regular,NYK,CLE
2018-19,2019-02-11,regular,POR,OKC
2018-19,2019-02-11,regular,WAS,DET
2018-19,2019-02-12,regular,BOS,PHI
2018-19,2019-02-12,regular,LAL,ATL
2018-19,2019-02-12,regular,ORL,NOP
2018-19,2019-02-12,regular,SAS,MEM
2018-19,2019-02-12,regular,UTA,GSW
2018-19,2019-02-13,regular,BKN,CLE
2018-19,2019-02-13,regular,DET,BOS
2018-19,2019-02-13,regular,GSW,POR
2018-19,2019-02-13,regular,HOU,MIN
2018-19,2019-02-13,regular,MEM,CHI
2018-19,2019-02-13,regular,MIA,DAL
2018-19,2019-02-13,regular,MIL,IND
2018-19,2019-02-13,regular,PHI,NYK
2018-19,2019-02-13,regular,PHX,LAC
2018-19,2019-02-13,regular,SAC,DEN
2018-19,2019-02-13,regular,WAS,TOR
2018-19,2019-02-14,regular,CHA,ORL
2018-19,2019-02-14,regular,NYK,ATL
2018-19,2019-02-14,regular,OKC,NOP
2018-19,2019-02-21,regular,BOS,MIL
2018-19,2019-02-21,regular,HOU,LAL
2018-19,2019-02-21,regular,MIA,PHI
2018-19,2019-02-21,regular,PHX,CLE
2018-19,2019-02-21,regular,POR,BKN
2018-19,2019-02-21,regular,SAC,GSW
2018-19,2019-02-22,regular,CHI,ORL
2018-19,2019-02-22,regular,DEN,DAL
2018-19,2019-02-22,regular,DET,ATL
2018-19,2019-02-22,regular,LAC,MEM
2018-19,2019-02-22,regular,MIN,NYK
2018-19,2019-02-22,regular,NOP,IND
2018-19,2019-02-22,regular,SAS,TOR
2018-19,2019-02-22,regular,UTA,OKC
2018-19,2019-02-22,regular,WAS,CHA
2018-19,2019-02-23,regular,BKN,CHA
2018-19,2019-02-23,regular,BOS,CHI
2018-19,2019-02-23,regular,DAL,UTA
2018-19,2019-02-23,regular,DET,MIA
2018-19,2019-02-23,regular,HOU,GSW
2018-19,2019-02-23,regular,IND,WAS
2018-19,2019-02-23,regular,LAL,NOP
2018-19,2019-02-23,regular,MEM,CLE
2018-19,2019-02-23,regular,MIN,MIL
2018-19,2019-02-23,regular,PHX,ATL
2018-19,2019-02-23,regular,POR,PHI
2018-19,2019-02-23,regular,SAC,OKC
2018-19,2019-02-24,regular,LAC,DEN
2018-19,2019-02-24,regular,ORL,TOR
2018-19,2019-02-24,regular,SAS,NYK
2018-19,2019-02-25,regular,ATL,HOU
2018-19,2019-02-25,regular,DAL,LAC
2018-19,2019-02-25,regular,GSW,CHA
2018-19,2019-02-25,regular,IND,DET
2018-19,2019-02-25,regular,LAL,MEM
2018-19,2019-02-25,regular,MIL,CHI
2018-19,2019-02-25,regular,PHI,NOP
2018-19,2019-02-25,regular,PHX,MIA
2018-19,2019-02-25,regular,POR,CLE
2018-19,2019-02-25,regular,SAC,MIN
2018-19,2019-02-25,regular,SAS,BKN
2018-19,2019-02-26,regular,BOS,TOR
2018-19,2019-02-26,regular,OKC,DEN
2018-19,2019-02-26,regular,ORL,NYK
2018-19,2019-02-27,regular,CHI,MEM
2018-19,2019-02-27,regular,DET,SAS
2018-19,2019-02-27,regular,GSW,MIA
2018-19,2019-02-27,regular,HOU,CHA
2018-19,2019-02-27,regular,IND,DAL
2018-19,2019-02-27,regular,LAC,UTA
2018-19,2019-02-27,regular,MIL,SAC
2018-19,2019-02-27,regular,MIN,ATL
2018-19,2019-02-27,regular,NOP,LAL
2018-19,2019-02-27,regular,POR,BOS
2018-19,2019-02-27,regular,WAS,BKN
2018-19,2019-02-28,regular,CLE,NYK
2018-19,2019-02-28,regular,GSW,ORL
2018-19,2019-02-28,regular,MIA,HOU
2018-19,2019-02-28,regular,MIN,IND
2018-19,2019-02-28,regular,PHI,OKC
2018-19,2019-02-28,regular,UTA,DEN
2018-19,2019-03-01,regular,CHA,BKN
2018-19,2019-03-01,regular,CHI,ATL
2018-19,2019-03-01,regular,LAC,SAC
2018-19,2019-03-01,regular,MIL,LAL
2018-19,2019-03-01,regular,NOP,PHX
2018-19,2019-03-01,regular,POR,TOR
2018-19,2019-03-01,regular,WAS,BOS
2018-19,2019-03-02,regular,BKN,MIA
2018-19,2019-03-02,regular,DET,CLE
2018-19,2019-03-02,regular,GSW,PHI
2018-19,2019-03-02,regular,LAL,PHX
2018-19,2019-03-02,regular,MEM,DAL
2018-19,2019-03-02,regular,MIL,UTA
2018-19,2019-03-02,regular,NOP,DEN
2018-19,2019-03-02,regular,OKC,SAS
2018-19,2019-03-02,regular,ORL,IND
2018-19,2019-03-03,regular,ATL,CHI
2018-19,2019-03-03,regular,HOU,BOS
2018-19,2019-03-03,regular,MEM,OKC
2018-19,2019-03-03,regular,MIN,WAS
2018-19,2019-03-03,regular,NYK,LAC
2018-19,2019-03-03,regular,ORL,CLE
2018-19,2019-03-03,regular,POR,CHA
2018-19,2019-03-03,regular,TOR,DET
2018-19,2019-03-04,regular,ATL,MIA
2018-19,2019-03-04,regular,DAL,BKN
2018-19,2019-03-04,regular,DEN,SAS
2018-19,2019-03-04,regular,LAC,LAL
2018-19,2019-03-04,regular,MIL,PHX
2018-19,2019-03-04,regular,NOP,UTA
2018-19,2019-03-04,regular,NYK,SAC
2018-19,2019-03-05,regular,BOS,GSW
2018-19,2019-03-05,regular,CHI,IND
2018-19,2019-03-05,regular,HOU,TOR
2018-19,2019-03-05,regular,OKC,MIN
2018-19,2019-03-05,regular,ORL,PHI
2018-19,2019-03-05,regular,POR,MEM
2018-19,2019-03-06,regular,BOS,SAC
2018-19,2019-03-06,regular,CLE,BKN
2018-19,2019-03-06,regular,DAL,WAS
2018-19,2019-03-06,regular,DEN,LAL
2018-19,2019-03-06,regular,MIA,CHA
2018-19,2019-03-06,regular,MIN,DET
2018-19,2019-03-06,regular,NYK,PHX
2018-19,2019-03-06,regular,PHI,CHI
2018-19,2019-03-06,regular,SAS,ATL
2018-19,2019-03-06,regular,UTA,NOP
2018-19,2019-03-07,regular,IND,MIL
2018-19,2019-03-07,regular,OKC,POR
2018-19,2019-03-08,regular,CLE,MIA
2018-19,2019-03-08,regular,DAL,ORL
2018-19,2019-03-08,regular,DEN,GSW
2018-19,2019-03-08,regular,DET,CHI
2018-19,2019-03-08,regular,OKC,LAC
2018-19,2019-03-08,regular,PHI,HOU
2018-19,2019-03-08,regular,TOR,NOP
2018-19,2019-03-08,regular,UTA,MEM
2018-19,2019-03-08,regular,WAS,CHA
2018-19,2019-03-09,regular,BKN,ATL
2018-19,2019-03-09,regular,BOS,LAL
2018-19,2019-03-09,regular,CHA,MIL
2018-19,2019-03-09,regular,PHX,POR
2018-19,2019-03-09,regular,SAC,NYK
2018-19,2019-03-09,regular,WAS,MIN
2018-19,2019-03-10,regular,CHI,DET
2018-19,2019-03-10,regular,HOU,DAL
2018-19,2019-03-10,regular,IND,PHI
2018-19,2019-03-10,regular,MIL,SAS
2018-19,2019-03-10,regular,NOP,ATL
2018-19,2019-03-10,regular,NYK,MIN
2018-19,2019-03-10,regular,ORL,MEM
2018-19,2019-03-10,regular,PHX,GSW
2018-19,2019-03-10,regular,TOR,MIA
2018-19,2019-03-11,regular,BOS,LAC
2018-19,2019-03-11,regular,CHA,HOU
2018-19,2019-03-11,regular,DET,BKN
2018-19,2019-03-11,regular,OKC,UTA
2018-19,2019-03-11,regular,SAC,WAS
2018-19,2019-03-11,regular,TOR,CLE
2018-19,2019-03-12,regular,CLE,PHI
2018-19,2019-03-12,regular,LAL,CHI
2018-19,2019-03-12,regular,MIL,NOP
2018-19,2019-03-12,regular,MIN,DEN
2018-19,2019-03-12,regular,NYK,IND
2018-19,2019-03-12,regular,POR,LAC
2018-19,2019-03-12,regular,SAS,DAL
2018-19,2019-03-13,regular,BKN,OKC
2018-19,2019-03-13,regular,DET,MIA
2018-19,2019-03-13,regular,GSW,HOU
2018-19,2019-03-13,regular,MEM,ATL
2018-19,2019-03-13,regular,ORL,WAS
2018-19,2019-03-13,regular,UTA,PHX
2018-19,2019-03-14,regular,CLE,ORL
2018-19,2019-03-14,regular,DAL,DEN
2018-19,2019-03-14,regular,LAL,TOR
2018-19,2019-03-14,regular,MIN,UTA
2018-19,2019-03-14,regular,OKC,IND
2018-19,2019-03-14,regular,SAC,BOS
2018-19,2019-03-15,regular,CHA,WAS
2018-19,2019-03-15,regular,CHI,LAC
2018-19,2019-03-15,regular,LAL,DET
2018-19,2019-03-15,regular,MIL,MIA
2018-19,2019-03-15,regular,NYK,SAS
2018-19,2019-03-15,regular,PHX,HOU
2018-19,2019-03-15,regular,POR,NOP
2018-19,2019-03-15,regular,SAC,PHI
2018-19,2019-03-16,regular,ATL,BOS
2018-19,2019-03-16,regular,BKN,UTA
2018-19,2019-03-16,regular,CLE,DAL
2018-19,2019-03-16,regular,GSW,OKC
2018-19,2019-03-16,regular,IND,DEN
2018-19,2019-03-16,regular,MEM,WAS
2018-19,2019-03-16,regular,PHX,NOP
2018-19,2019-03-16,regular,POR,SAS
2018-19,2019-03-17,regular,ATL,ORL
2018-19,2019-03-17,regular,BKN,LAC
2018-19,2019-03-17,regular,CHA,MIA
2018-19,2019-03-17,regular,CHI,SAC
2018-19,2019-03-17,regular,LAL,NYK
2018-19,2019-03-17,regular,MIN,HOU
2018-19,2019-03-17,regular,PHI,MIL
2018-19,2019-03-17,regular,TOR,DET
2018-19,2019-03-18,regular,CHI,PHX
2018-19,2019-03-18,regular,DEN,BOS
2018-19,2019-03-18,regular,DET,CLE
2018-19,2019-03-18,regular,GSW,SAS
2018-19,2019-03-18,regular,IND,POR
2018-19,2019-03-18,regular,MIA,OKC
2018-19,2019-03-18,regular,NOP,DAL
2018-19,2019-03-18,regular,NYK,TOR
2018-19,2019-03-18,regular,UTA,WAS
2018-19,2019-03-19,regular,BKN,SAC
2018-19,2019-03-19,regular,GSW,MIN
2018-19,2019-03-19,regular,HOU,ATL
2018-19,2019-03-19,regular,IND,LAC
2018-19,2019-03-19,regular,LAL,MIL
2018-19,2019-03-19,regular,PHI,CHA
2018-19,2019-03-20,regular,BOS,PHI
2018-19,2019-03-20,regular,DAL,POR
2018-19,2019-03-20,regular,HOU,MEM
2018-19,2019-03-20,regular,MIA,SAS
2018-19,2019-03-20,regular,MIL,CLE
2018-19,2019-03-20,regular,NOP,ORL
2018-19,2019-03-20,regular,TOR,OKC
2018-19,2019-03-20,regular,UTA,NYK
2018-19,2019-03-20,regular,WAS,CHI
2018-19,2019-03-21,regular,DAL,SAC
2018-19,2019-03-21,regular,DEN,WAS
2018-19,2019-03-21,regular,DET,PHX
2018-19,2019-03-21,regular,IND,GSW
2018-19,2019-03-21,regular,MIN,CHA
2018-19,2019-03-21,regular,UTA,ATL
2018-19,2019-03-22,regular,BKN,LAL
2018-19,2019-03-22,regular,DEN,NYK
2018-19,2019-03-22,regular,LAC,CLE
2018-19,2019-03-22,regular,MEM,ORL
2018-19,2019-03-22,regular,MIA,MIL
2018-19,2019-03-22,regular,OKC,TOR
2018-19,2019-03-22,regular,SAS,HOU
2018-19,2019-03-23,regular,BOS,CHA
2018-19,2019-03-23,regular,DAL,GSW
2018-19,2019-03-23,regular,DET,POR
2018-19,2019-03-23,regular,MIA,WAS
2018-19,2019-03-23,regular,MIN,MEM
2018-19,2019-03-23,regular,PHI,ATL
2018-19,2019-03-23,regular,PHX,SAC
2018-19,2019-03-23,regular,UTA,CHI
2018-19,2019-03-24,regular,CHA,TOR
2018-19,2019-03-24,regular,CLE,MIL
2018-19,2019-03-24,regular,DEN,IND
2018-19,2019-03-24,regular,DET,GSW
2018-19,2019-03-24,regular,HOU,NOP
2018-19,2019-03-24,regular,LAC,NYK
2018-19,2019-03-24,regular,SAC,LAL
2018-19,2019-03-24,regular,SAS,BOS
2018-19,2019-03-25,regular,BKN,POR
2018-19,2019-03-25,regular,OKC,MEM
2018-19,2019-03-25,regular,PHI,ORL
2018-19,2019-03-25,regular,PHX,UTA
2018-19,2019-03-26,regular,ATL,NOP
2018-19,2019-03-26,regular,BOS,CLE
2018-19,2019-03-26,regular,CHI,TOR
2018-19,2019-03-26,regular,DET,DEN
2018-19,2019-03-26,regular,HOU,MIL
2018-19,2019-03-26,regular,LAC,MIN
2018-19,2019-03-26,regular,ORL,MIA
2018-19,2019-03-26,regular,SAC,DAL
2018-19,2019-03-26,regular,SAS,CHA
2018-19,2019-03-26,regular,WAS,LAL
2018-19,2019-03-27,regular,GSW,MEM
2018-19,2019-03-27,regular,IND,OKC
2018-19,2019-03-27,regular,LAL,UTA
2018-19,2019-03-27,regular,POR,CHI
2018-19,2019-03-27,regular,WAS,PHX
2018-19,2019-03-28,regular,BKN,PHI
2018-19,2019-03-28,regular,CLE,SAS
2018-19,2019-03-28,regular,DAL,MIA
2018-19,2019-03-28,regular,DEN,HOU
2018-19,2019-03-28,regular,LAC,MIL
2018-19,2019-03-28,regular,ORL,DET
2018-19,2019-03-28,regular,SAC,NOP
2018-19,2019-03-28,regular,TOR,NYK
2018-19,2019-03-29,regular,CHA,LAL
2018-19,2019-03-29,regular,DEN,OKC
2018-19,2019-03-29,regular,GSW,MIN
2018-19,2019-03-29,regular,IND,BOS
2018-19,2019-03-29,regular,POR,ATL
2018-19,2019-03-29,regular,WAS,UTA
2018-19,2019-03-30,regular,BOS,BKN
2018-19,2019-03-30,regular,CLE,LAC
2018-19,2019-03-30,regular,MEM,PHX
2018-19,2019-03-30,regular,MIA,NYK
2018-19,2019-03-30,regular,ORL,IND
2018-19,2019-03-30,regular,PHI,MIN
2018-19,2019-03-30,regular,POR,DET
2018-19,2019-03-30,regular,SAC,HOU
2018-19,2019-03-30,regular,TOR,CHI
2018-19,2019-03-31,regular,CHA,GSW
2018-19,2019-03-31,regular,DAL,OKC
2018-19,2019-03-31,regular,LAL,NOP
2018-19,2019-03-31,regular,MEM,LAC
2018-19,2019-03-31,regular,MIL,ATL
2018-19,2019-03-31,regular,SAC,SAS
2018-19,2019-03-31,regular,WAS,DEN
2018-19,2019-04-01,regular,CHA,UTA
2018-19,2019-04-01,regular,CHI,NYK
2018-19,2019-04-01,regular,CLE,PHX
2018-19,2019-04-01,regular,DET,IND
2018-19,2019-04-01,regular,MIA,BOS
2018-19,2019-04-01,regular,MIL,BKN
2018-19,2019-04-01,regular,ORL,TOR
2018-19,2019-04-01,regular,PHI,DAL
2018-19,2019-04-01,regular,POR,MIN
2018-19,2019-04-02,regular,ATL,SAS
2018-19,2019-04-02,regular,DEN,GSW
2018-19,2019-04-02,regular,HOU,SAC
2018-19,2019-04-02,regular,LAL,OKC
2018-19,2019-04-03,regular,BOS,MIA
2018-19,2019-04-03,regular,CHA,NOP
2018-19,2019-04-03,regular,CHI,WAS
2018-19,2019-04-03,regular,HOU,LAC
2018-19,2019-04-03,regular,IND,DET
2018-19,2019-04-03,regular,MEM,POR
2018-19,2019-04-03,regular,MIN,DAL
2018-19,2019-04-03,regular,NYK,ORL
2018-19,2019-04-03,regular,PHI,ATL
2018-19,2019-04-03,regular,SAS,DEN
2018-19,2019-04-03,regular,TOR,BKN
2018-19,2019-04-03,regular,UTA,PHX
2018-19,2019-04-04,regular,CLE,SAC
2018-19,2019-04-04,regular,GSW,LAL
2018-19,2019-04-04,regular,MIL,PHI
2018-19,2019-04-05,regular,ATL,ORL
2018-19,2019-04-05,regular,BOS,IND
2018-19,2019-04-05,regular,CLE,GSW
2018-19,2019-04-05,regular,DET,OKC
2018-19,2019-04-05,regular,LAL,LAC
2018-19,2019-04-05,regular,MEM,DAL
2018-19,2019-04-05,regular,MIA,MIN
2018-19,2019-04-05,regular,NOP,PHX
2018-19,2019-04-05,regular,NYK,HOU
2018-19,2019-04-05,regular,POR,DEN
2018-19,2019-04-05,regular,SAC,UTA
2018-19,2019-04-05,regular,SAS,WAS
2018-19,2019-04-05,regular,TOR,CHA
2018-19,2019-04-06,regular,BKN,MIL
2018-19,2019-04-06,regular,PHI,CHI
2018-19,2019-04-07,regular,ATL,MIL
2018-19,2019-04-07,regular,BKN,IND
2018-19,2019-04-07,regular,CHA,DET
2018-19,2019-04-07,regular,DAL,MEM
2018-19,2019-04-07,regular,DEN,POR
2018-19,2019-04-07,regular,LAC,GSW
2018-19,2019-04-07,regular,MIA,TOR
2018-19,2019-04-07,regular,NOP,SAC
2018-19,2019-04-07,regular,OKC,MIN
2018-19,2019-04-07,regular,ORL,BOS
2018-19,2019-04-07,regular,PHX,HOU
2018-19,2019-04-07,regular,SAS,CLE
2018-19,2019-04-07,regular,UTA,LAL
2018-19,2019-04-07,regular,WAS,NYK
2018-19,2019-04-09,regular,BOS,WAS
2018-19,2019-04-09,regular,CHA,CLE
2018-19,2019-04-09,regular,DEN,UTA
2018-19,2019-04-09,regular,GSW,NOP
2018-19,2019-04-09,regular,HOU,OKC
2018-19,2019-04-09,regular,MEM,DET
2018-19,2019-04-09,regular,NYK,CHI
2018-19,2019-04-09,regular,PHI,MIA
2018-19,2019-04-09,regular,PHX,DAL
2018-19,2019-04-09,regular,POR,LAL
2018-19,2019-04-09,regular,TOR,MIN
2018-19,2019-04-10,regular,CHI,PHI
2018-19,2019-04-10,regular,DAL,SAS
2018-19,2019-04-10,regular,DET,NYK
2018-19,2019-04-10,regular,GSW,MEM
2018-19,2019-04-10,regular,IND,ATL
2018-19,2019-04-10,regular,MIA,BKN
2018-19,2019-04-10,regular,MIN,DEN
2018-19,2019-04-10,regular,OKC,MIL
2018-19,2019-04-10,regular,ORL,CHA
2018-19,2019-04-10,regular,SAC,POR
2018-19,2019-04-10,regular,UTA,LAC
2018-19,2019-04-13,playoffs,BKN,PHI
2018-19,2019-04-13,playoffs,LAC,GSW
2018-19,2019-04-13,playoffs,ORL,TOR
2018-19,2019-04-13,playoffs,SAS,DEN
2018-19,2019-04-14,playoffs,DET,MIL
2018-19,2019-04-14,playoffs,IND,BOS
2018-19,2019-04-14,playoffs,OKC,POR
2018-19,2019-04-14,playoffs,UTA,HOU
2018-19,2019-04-15,playoffs,BKN,PHI
2018-19,2019-04-15,playoffs,LAC,GSW
2018-19,2019-04-16,playoffs,OKC,POR
2018-19,2019-04-16,playoffs,ORL,TOR
2018-19,2019-04-16,playoffs,SAS,DEN
2018-19,2019-04-17,playoffs,DET,MIL
2018-19,2019-04-17,playoffs,IND,BOS
2018-19,2019-04-17,playoffs,UTA,HOU
2018-19,2019-04-18,playoffs,DEN,SAS
2018-19,2019-04-18,playoffs,GSW,LAC
2018-19,2019-04-18,playoffs,PHI,BKN
2018-19,2019-04-19,playoffs,BOS,IND
2018-19,2019-04-19,playoffs,POR,OKC
2018-19,2019-04-19,playoffs,TOR,ORL
2018-19,2019-04-20,playoffs,DEN,SAS
2018-19,2019-04-20,playoffs,HOU,UTA
2018-19,2019-04-20,playoffs,MIL,DET
2018-19,2019-04-20,playoffs,PHI,BKN
2018-19,2019-04-21,playoffs,BOS,IND
2018-19,2019-04-21,playoffs,GSW,LAC
2018-19,2019-04-21,playoffs,POR,OKC
2018-19,2019-04-21,playoffs,TOR,ORL
2018-19,2019-04-22,playoffs,HOU,UTA
2018-19,2019-04-22,playoffs,MIL,DET
2018-19,2019-04-23,playoffs,BKN,PHI
2018-19,2019-04-23,playoffs,OKC,POR
2018-19,2019-04-23,playoffs,ORL,TOR
2018-19,2019-04-23,playoffs,SAS,DEN
2018-19,2019-04-24,playoffs,LAC,GSW
2018-19,2019-04-24,playoffs,UTA,HOU
2018-19,2019-04-25,playoffs,DEN,SAS
2018-19,2019-04-26,playoffs,GSW,LAC
2018-19,2019-04-27,playoffs,PHI,TOR
2018-19,2019-04-27,playoffs,SAS,DEN
2018-19,2019-04-28,playoffs,BOS,MIL
2018-19,2019-04-28,playoffs,HOU,GSW
2018-19,2019-04-29,playoffs,PHI,TOR
2018-19,2019-04-29,playoffs,POR,DEN
2018-19,2019-04-30,playoffs,BOS,MIL
2018-19,2019-04-30,playoffs,HOU,GSW
2018-19,2019-05-01,playoffs,POR,DEN
2018-19,2019-05-02,playoffs,TOR,PHI
2018-19,2019-05-03,playoffs,DEN,POR
2018-19,2019-05-03,playoffs,MIL,BOS
2018-19,2019-05-04,playoffs,GSW,HOU
2018-19,2019-05-05,playoffs,DEN,POR
2018-19,2019-05-05,playoffs,TOR,PHI
2018-19,2019-05-06,playoffs,GSW,HOU
2018-19,2019-05-06,playoffs,MIL,BOS
2018-19,2019-05-07,playoffs,PHI,TOR
2018-19,2019-05-07,playoffs,POR,DEN
2018-19,2019-05-08,playoffs,BOS,MIL
2018-19,2019-05-08,playoffs,HOU,GSW
2018-19,2019-05-09,playoffs,DEN,POR
2018-19,2019-05-09,playoffs,TOR,PHI
2018-19,2019-05-10,playoffs,GSW,HOU
2018-19,2019-05-12,playoffs,PHI,TOR
2018-19,2019-05-12,playoffs,POR,DEN
2018-19,2019-05-14,playoffs,POR,GSW
2018-19,2019-05-15,playoffs,TOR,MIL
2018-19,2019-05-16,playoffs,POR,GSW
2018-19,2019-05-17,playoffs,TOR,MIL
2018-19,2019-05-18,playoffs,GSW,POR
2018-19,2019-05-19,playoffs,MIL,TOR
2018-19,2019-05-20,playoffs,GSW,POR
2018-19,2019-05-21,playoffs,MIL,TOR
2018-19,2019-05-23,playoffs,TOR,MIL
2018-19,2019-05-25,playoffs,MIL,TOR
2018-19,2019-05-30,playoffs,GSW,TOR
2018-19,2019-06-02,playoffs,GSW,TOR
2018-19,2019-06-05,playoffs,TOR,GSW
2018-19,2019-06-07,playoffs,TOR,GSW
2018-19,2019-06-10,playoffs,GSW,TOR
2018-19,2019-06-13,playoffs,TOR,GSW
2019-20,2019-10-04,preseason,HOU,LAC
2019-20,2019-10-04,preseason,IND,SAC
2019-20,2019-10-05,preseason,LAL,GSW
2019-20,2019-10-05,preseason,ORL,SAS
2019-20,2019-10-05,preseason,SAC,IND
2019-20,2019-10-06,preseason,CHA,BOS
2019-20,2019-10-07,preseason,MIL,CHI
2019-20,2019-10-07,preseason,NOP,ATL
2019-20,2019-10-07,preseason,NYK,WAS
2019-20,2019-10-07,preseason,ORL,DET
2019-20,2019-10-08,preseason,DAL,OKC
2019-20,2019-10-08,preseason,DEN,POR
2019-20,2019-10-08,preseason,HOU,TOR
2019-20,2019-10-08,preseason,MIN,PHX
2019-20,2019-10-08,preseason,SAS,MIA
2019-20,2019-10-09,preseason,DAL,DET
2019-20,2019-10-09,preseason,MIA,CHA
2019-20,2019-10-09,preseason,NOP,CHI
2019-20,2019-10-09,preseason,ORL,ATL
2019-20,2019-10-09,preseason,UTA,MIL
2019-20,2019-10-10,preseason,BKN,LAL
2019-20,2019-10-10,preseason,DEN,LAC
2019-20,2019-10-10,preseason,MIN,GSW
2019-20,2019-10-10,preseason,PHX,SAC
2019-20,2019-10-10,preseason,TOR,HOU
2019-20,2019-10-11,preseason,BOS,ORL
2019-20,2019-10-11,preseason,CHI,IND
2019-20,2019-10-11,preseason,CLE,DET
2019-20,2019-10-11,preseason,MIL,DAL
2019-20,2019-10-11,preseason,PHI,CHA
2019-20,2019-10-11,preseason,UTA,NOP
2019-20,2019-10-11,preseason,WAS,NYK
2019-20,2019-10-12,preseason,LAL,BKN
2019-20,2019-10-12,preseason,PHX,POR
2019-20,2019-10-13,preseason,CHI,TOR
2019-20,2019-10-13,preseason,CLE,BOS
2019-20,2019-10-13,preseason,MIL,WAS
2019-20,2019-10-13,preseason,NOP,SAS
2019-20,2019-10-13,preseason,PHI,ORL
2019-20,2019-10-14,preseason,ATL,MIA
2019-20,2019-10-14,preseason,CHA,MEM
2019-20,2019-10-14,preseason,DEN,PHX
2019-20,2019-10-14,preseason,GSW,LAL
2019-20,2019-10-14,preseason,OKC,DAL
2019-20,2019-10-14,preseason,SAC,UTA
2019-20,2019-10-15,preseason,BOS,CLE
2019-20,2019-10-15,preseason,DET,PHI
2019-20,2019-10-15,preseason,MIN,IND
2019-20,2019-10-16,preseason,ATL,NYK
2019-20,2019-10-16,preseason,DET,CHA
2019-20,2019-10-16,preseason,GSW,LAL
2019-20,2019-10-16,preseason,MEM,OKC
2019-20,2019-10-16,preseason,POR,UTA
2019-20,2019-10-16,preseason,SAS,HOU
2019-20,2019-10-17,preseason,ATL,CHI
2019-20,2019-10-17,preseason,DAL,LAC
2019-20,2019-10-17,preseason,MIA,ORL
2019-20,2019-10-17,preseason,MIN,MIL
2019-20,2019-10-17,preseason,POR,DEN
2019-20,2019-10-18,preseason,HOU,MIA
2019-20,2019-10-18,preseason,LAL,GSW
2019-20,2019-10-18,preseason,MEM,SAS
2019-20,2019-10-18,preseason,NOP,NYK
2019-20,2019-10-18,preseason,TOR,BKN
2019-20,2019-10-18,preseason,WAS,PHI
2019-20,2020-07-22,preseason,NOP,BKN
2019-20,2020-07-22,preseason,ORL,LAC
2019-20,2020-07-22,preseason,SAC,MIA
2019-20,2020-07-22,preseason,WAS,DEN
2019-20,2020-07-23,preseason,DAL,LAL
2019-20,2020-07-23,preseason,PHX,UTA
2019-20,2020-07-23,preseason,POR,IND
2019-20,2020-07-23,preseason,SAS,MIL
2019-20,2020-07-24,preseason,HOU,TOR
2019-20,2020-07-24,preseason,MEM,PHI
2019-20,2020-07-24,preseason,OKC,BOS
2019-20,2020-07-25,preseason,BKN,SAS
2019-20,2020-07-25,preseason,DEN,NOP
2019-20,2020-07-25,preseason,LAC,WAS
2019-20,2020-07-25,preseason,LAL,ORL
2019-20,2020-07-25,preseason,MIA,UTA
2019-20,2020-07-25,preseason,MIL,SAC
2019-20,2020-07-26,preseason,HOU,MEM
2019-20,2020-07-26,preseason,IND,DAL
2019-20,2020-07-26,preseason,PHI,OKC
2019-20,2020-07-26,preseason,PHX,BOS
2019-20,2020-07-26,preseason,POR,TOR
2019-20,2020-07-27,preseason,NOP,MIL
2019-20,2020-07-27,preseason,ORL,DEN
2019-20,2020-07-27,preseason,SAC,LAC
2019-20,2020-07-27,preseason,UTA,BKN
2019-20,2020-07-27,preseason,WAS,LAL
2019-20,2020-07-28,preseason,BOS,HOU
2019-20,2020-07-28,preseason,DAL,PHI
2019-20,2020-07-28,preseason,MEM,MIA
2019-20,2020-07-28,preseason,OKC,POR
2019-20,2020-07-28,preseason,SAS,IND
2019-20,2020-07-28,preseason,TOR,PHX
2019-20,2019-10-22,regular,LAL,LAC
2019-20,2019-10-22,regular,NOP,TOR
2019-20,2019-10-23,regular,BOS,PHI
2019-20,2019-10-23,regular,CHI,CHA
2019-20,2019-10-23,regular,CLE,ORL
2019-20,2019-10-23,regular,DEN,POR
2019-20,2019-10-23,regular,DET,IND
2019-20,2019-10-23,regular,MEM,MIA
2019-20,2019-10-23,regular,MIN,BKN
2019-20,2019-10-23,regular,NYK,SAS
2019-20,2019-10-23,regular,OKC,UTA
2019-20,2019-10-23,regular,SAC,PHX
2019-20,2019-10-23,regular,WAS,DAL
2019-20,2019-10-24,regular,ATL,DET
2019-20,2019-10-24,regular,LAC,GSW
2019-20,2019-10-24,regular,MIL,HOU
2019-20,2019-10-25,regular,CHI,MEM
2019-20,2019-10-25,regular,DAL,NOP
2019-20,2019-10-25,regular,MIN,CHA
2019-20,2019-10-25,regular,NYK,BKN
2019-20,2019-10-25,regular,PHX,DEN
2019-20,2019-10-25,regular,POR,SAC
2019-20,2019-10-25,regular,TOR,BOS
2019-20,2019-10-25,regular,UTA,LAL
2019-20,2019-10-25,regular,WAS,OKC
2019-20,2019-10-26,regular,BOS,NYK
2019-20,2019-10-26,regular,IND,CLE
2019-20,2019-10-26,regular,LAC,PHX
2019-20,2019-10-26,regular,MIA,MIL
2019-20,2019-10-26,regular,NOP,HOU
2019-20,2019-10-26,regular,ORL,ATL
2019-20,2019-10-26,regular,PHI,DET
2019-20,2019-10-26,regular,SAC,UTA
2019-20,2019-10-26,regular,TOR,CHI
2019-20,2019-10-26,regular,WAS,SAS
2019-20,2019-10-27,regular,BKN,MEM
2019-20,2019-10-27,regular,CHA,LAL
2019-20,2019-10-27,regular,GSW,OKC
2019-20,2019-10-27,regular,MIA,MIN
2019-20,2019-10-27,regular,POR,DAL
2019-20,2019-10-28,regular,CHA,LAC
2019-20,2019-10-28,regular,CHI,NYK
2019-20,2019-10-28,regular,CLE,MIL
2019-20,2019-10-28,regular,DEN,SAC
2019-20,2019-10-28,regular,GSW,NOP
2019-20,2019-10-28,regular,IND,DET
2019-20,2019-10-28,regular,OKC,HOU
2019-20,2019-10-28,regular,ORL,TOR
2019-20,2019-10-28,regular,PHI,ATL
2019-20,2019-10-28,regular,POR,SAS
2019-20,2019-10-28,regular,UTA,PHX
2019-20,2019-10-29,regular,ATL,MIA
2019-20,2019-10-29,regular,DAL,DEN
2019-20,2019-10-29,regular,MEM,LAL
2019-20,2019-10-30,regular,CHA,SAC
2019-20,2019-10-30,regular,CHI,CLE
2019-20,2019-10-30,regular,DET,TOR
2019-20,2019-10-30,regular,HOU,WAS
2019-20,2019-10-30,regular,IND,BKN
2019-20,2019-10-30,regular,LAC,UTA
2019-20,2019-10-30,regular,MIL,BOS
2019-20,2019-10-30,regular,MIN,PHI
2019-20,2019-10-30,regular,NYK,ORL
2019-20,2019-10-30,regular,PHX,GSW
2019-20,2019-10-30,regular,POR,OKC
2019-20,2019-10-31,regular,DEN,NOP
2019-20,2019-10-31,regular,MIA,ATL
2019-20,2019-10-31,regular,SAS,LAC
2019-20,2019-11-01,regular,CLE,IND
2019-20,2019-11-01,regular,DET,CHI
2019-20,2019-11-01,regular,HOU,BKN
2019-20,2019-11-01,regular,LAL,DAL
2019-20,2019-11-01,regular,MIL,ORL
2019-20,2019-11-01,regular,NYK,BOS
2019-20,2019-11-01,regular,SAS,GSW
2019-20,2019-11-01,regular,UTA,SAC
2019-20,2019-11-02,regular,BKN,DET
2019-20,2019-11-02,regular,CHA,GSW
2019-20,2019-11-02,regular,DEN,ORL
2019-20,2019-11-02,regular,MIN,WAS
2019-20,2019-11-02,regular,NOP,OKC
2019-20,2019-11-02,regular,PHI,POR
2019-20,2019-11-02,regular,PHX,MEM
2019-20,2019-11-02,regular,TOR,MIL
2019-20,2019-11-03,regular,CHI,IND
2019-20,2019-11-03,regular,DAL,CLE
2019-20,2019-11-03,regular,HOU,MIA
2019-20,2019-11-03,regular,LAL,SAS
2019-20,2019-11-03,regular,SAC,NYK
2019-20,2019-11-03,regular,UTA,LAC
2019-20,2019-11-04,regular,DET,WAS
2019-20,2019-11-04,regular,HOU,MEM
2019-20,2019-11-04,regular,MIL,MIN
2019-20,2019-11-04,regular,NOP,BKN
2019-20,2019-11-04,regular,PHI,PHX
2019-20,2019-11-04,regular,POR,GSW
2019-20,2019-11-05,regular,BOS,CLE
2019-20,2019-11-05,regular,IND,CHA
2019-20,2019-11-05,regular,LAL,CHI
2019-20,2019-11-05,regular,MIA,DEN
2019-20,2019-11-05,regular,ORL,OKC
2019-20,2019-11-05,regular,SAS,ATL
2019-20,2019-11-06,regular,CHI,ATL
2019-20,2019-11-06,regular,GSW,HOU
2019-20,2019-11-06,regular,MIL,LAC
2019-20,2019-11-06,regular,MIN,MEM
2019-20,2019-11-06,regular,NYK,DET
2019-20,2019-11-06,regular,ORL,DAL
2019-20,2019-11-06,regular,PHI,UTA
2019-20,2019-11-06,regular,SAC,TOR
2019-20,2019-11-06,regular,WAS,IND
2019-20,2019-11-07,regular,BOS,CHA
2019-20,2019-11-07,regular,MIA,PHX
2019-20,2019-11-07,regular,OKC,SAS
2019-20,2019-11-07,regular,POR,LAC
2019-20,2019-11-08,regular,BKN,POR
2019-20,2019-11-08,regular,CLE,WAS
2019-20,2019-11-08,regular,DET,IND
2019-20,2019-11-08,regular,GSW,MIN
2019-20,2019-11-08,regular,MEM,ORL
2019-20,2019-11-08,regular,MIA,LAL
2019-20,2019-11-08,regular,MIL,UTA
2019-20,2019-11-08,regular,NYK,DAL
2019-20,2019-11-08,regular,PHI,DEN
2019-20,2019-11-08,regular,SAC,ATL
2019-20,2019-11-08,regular,TOR,NOP
2019-20,2019-11-09,regular,BOS,SAS
2019-20,2019-11-09,regular,DAL,MEM
2019-20,2019-11-09,regular,GSW,OKC
2019-20,2019-11-09,regular,HOU,CHI
2019-20,2019-11-09,regular,NOP,CHA
2019-20,2019-11-10,regular,ATL,POR
2019-20,2019-11-10,regular,BKN,PHX
2019-20,2019-11-10,regular,CHA,PHI
2019-20,2019-11-10,regular,CLE,NYK
2019-20,2019-11-10,regular,DEN,MIN
2019-20,2019-11-10,regular,IND,ORL
2019-20,2019-11-10,regular,MIL,OKC
2019-20,2019-11-10,regular,TOR,LAL
2019-20,2019-11-11,regular,DAL,BOS
2019-20,2019-11-11,regular,HOU,NOP
2019-20,2019-11-11,regular,MEM,SAS
2019-20,2019-11-11,regular,MIN,DET
2019-20,2019-11-11,regular,TOR,LAC
2019-20,2019-11-11,regular,UTA,GSW
2019-20,2019-11-12,regular,ATL,DEN
2019-20,2019-11-12,regular,BKN,UTA
2019-20,2019-11-12,regular,CLE,PHI
2019-20,2019-11-12,regular,DET,MIA
2019-20,2019-11-12,regular,LAL,PHX
2019-20,2019-11-12,regular,NYK,CHI
2019-20,2019-11-12,regular,OKC,IND
2019-20,2019-11-12,regular,POR,SAC
2019-20,2019-11-13,regular,GSW,LAL
2019-20,2019-11-13,regular,LAC,HOU
2019-20,2019-11-13,regular,MEM,CHA
2019-20,2019-11-13,regular,PHI,ORL
2019-20,2019-11-13,regular,SAS,MIN
2019-20,2019-11-13,regular,TOR,POR
2019-20,2019-11-13,regular,WAS,BOS
2019-20,2019-11-14,regular,ATL,PHX
2019-20,2019-11-14,regular,BKN,DEN
2019-20,2019-11-14,regular,CHI,MIL
2019-20,2019-11-14,regular,DAL,NYK
2019-20,2019-11-14,regular,LAC,NOP
2019-20,2019-11-14,regular,MIA,CLE
2019-20,2019-11-15,regular,BOS,GSW
2019-20,2019-11-15,regular,DET,CHA
2019-20,2019-11-15,regular,IND,HOU
2019-20,2019-11-15,regular,PHI,OKC
2019-20,2019-11-15,regular,SAC,LAL
2019-20,2019-11-15,regular,SAS,ORL
2019-20,2019-11-15,regular,UTA,MEM
2019-20,2019-11-15,regular,WAS,MIN
2019-20,2019-11-16,regular,ATL,LAC
2019-20,2019-11-16,regular,BKN,CHI
2019-20,2019-11-16,regular,CHA,NYK
2019-20,2019-11-16,regular,HOU,MIN
2019-20,2019-11-16,regular,MIL,IND
2019-20,2019-11-16,regular,NOP,MIA
2019-20,2019-11-16,regular,POR,SAS
2019-20,2019-11-16,regular,TOR,DAL
2019-20,2019-11-17,regular,ATL,LAL
2019-20,2019-11-17,regular,BOS,SAC
2019-20,2019-11-17,regular,DEN,MEM
2019-20,2019-11-17,regular,GSW,NOP
2019-20,2019-11-17,regular,PHI,CLE
2019-20,2019-11-17,regular,WAS,ORL
2019-20,2019-11-18,regular,BOS,PHX
2019-20,2019-11-18,regular,CHA,TOR
2019-20,2019-11-18,regular,CLE,NYK
2019-20,2019-11-18,regular,IND,BKN
2019-20,2019-11-18,regular,MIL,CHI
2019-20,2019-11-18,regular,MIN,UTA
2019-20,2019-11-18,regular,OKC,LAC
2019-20,2019-11-18,regular,POR,HOU
2019-20,2019-11-18,regular,SAS,DAL
2019-20,2019-11-19,regular,GSW,MEM
2019-20,2019-11-19,regular,OKC,LAL
2019-20,2019-11-19,regular,PHX,SAC
2019-20,2019-11-19,regular,POR,NOP
2019-20,2019-11-20,regular,BOS,LAC
2019-20,2019-11-20,regular,CHA,BKN
2019-20,2019-11-20,regular,CLE,MIA
2019-20,2019-11-20,regular,DET,CHI
2019-20,2019-11-20,regular,GSW,DAL
2019-20,2019-11-20,regular,HOU,DEN
2019-20,2019-11-20,regular,MIL,ATL
2019-20,2019-11-20,regular,NYK,PHI
2019-20,2019-11-20,regular,ORL,TOR
2019-20,2019-11-20,regular,SAS,WAS
2019-20,2019-11-20,regular,UTA,MIN
2019-20,2019-11-21,regular,NOP,PHX
2019-20,2019-11-21,regular,POR,MIL
2019-20,2019-11-22,regular,ATL,DET
2019-20,2019-11-22,regular,BOS,DEN
2019-20,2019-11-22,regular,CHA,WAS
2019-20,2019-11-22,regular,CLE,DAL
2019-20,2019-11-22,regular,GSW,UTA
2019-20,2019-11-22,regular,HOU,LAC
2019-20,2019-11-22,regular,LAL,OKC
2019-20,2019-11-22,regular,MIA,CHI
2019-20,2019-11-22,regular,SAC,BKN
2019-20,2019-11-22,regular,SAS,PHI
2019-20,2019-11-23,regular,CHI,CHA
2019-20,2019-11-23,regular,DET,MIL
2019-20,2019-11-23,regular,LAL,MEM
2019-20,2019-11-23,regular,MIA,PHI
2019-20,2019-11-23,regular,NOP,UTA
2019-20,2019-11-23,regular,ORL,IND
2019-20,2019-11-23,regular,PHX,MIN
2019-20,2019-11-23,regular,POR,CLE
2019-20,2019-11-23,regular,SAS,NYK
2019-20,2019-11-23,regular,TOR,ATL
2019-20,2019-11-24,regular,BKN,NYK
2019-20,2019-11-24,regular,DAL,HOU
2019-20,2019-11-24,regular,NOP,LAC
2019-20,2019-11-24,regular,PHX,DEN
2019-20,2019-11-24,regular,SAC,WAS
2019-20,2019-11-25,regular,BKN,CLE
2019-20,2019-11-25,regular,CHA,MIA
2019-20,2019-11-25,regular,LAL,SAS
2019-20,2019-11-25,regular,MEM,IND
2019-20,2019-11-25,regular,MIN,ATL
2019-20,2019-11-25,regular,OKC,GSW
2019-20,2019-11-25,regular,ORL,DET
2019-20,2019-11-25,regular,PHI,TOR
2019-20,2019-11-25,regular,POR,CHI
2019-20,2019-11-25,regular,SAC,BOS
2019-20,2019-11-25,regular,UTA,MIL
2019-20,2019-11-26,regular,LAC,DAL
2019-20,2019-11-26,regular,WAS,DEN
2019-20,2019-11-27,regular,ATL,MIL
2019-20,2019-11-27,regular,BKN,BOS
2019-20,2019-11-27,regular,CHI,GSW
2019-20,2019-11-27,regular,DET,CHA
2019-20,2019-11-27,regular,LAC,MEM
2019-20,2019-11-27,regular,LAL,NOP
2019-20,2019-11-27,regular,MIA,HOU
2019-20,2019-11-27,regular,MIN,SAS
2019-20,2019-11-27,regular,NYK,TOR
2019-20,2019-11-27,regular,OKC,POR
2019-20,2019-11-27,regular,ORL,CLE
2019-20,2019-11-27,regular,SAC,PHI
2019-20,2019-11-27,regular,UTA,IND
2019-20,2019-11-27,regular,WAS,PHX
2019-20,2019-11-29,regular,ATL,IND
2019-20,2019-11-29,regular,BOS,BKN
2019-20,2019-11-29,regular,CHA,DET
2019-20,2019-11-29,regular,CHI,POR
2019-20,2019-11-29,regular,DAL,PHX
2019-20,2019-11-29,regular,GSW,MIA
2019-20,2019-11-29,regular,LAC,SAS
2019-20,2019-11-29,regular,MIL,CLE
2019-20,2019-11-29,regular,NOP,OKC
2019-20,2019-11-29,regular,PHI,NYK
2019-20,2019-11-29,regular,TOR,ORL
2019-20,2019-11-29,regular,UTA,MEM
2019-20,2019-11-29,regular,WAS,LAL
2019-20,2019-11-30,regular,ATL,HOU
2019-20,2019-11-30,regular,CHA,MIL
2019-20,2019-11-30,regular,DEN,SAC
2019-20,2019-11-30,regular,IND,PHI
2019-20,2019-12-01,regular,BOS,NYK
2019-20,2019-12-01,regular,DAL,LAL
2019-20,2019-12-01,regular,GSW,ORL
2019-20,2019-12-01,regular,MEM,MIN
2019-20,2019-12-01,regular,MIA,BKN
2019-20,2019-12-01,regular,OKC,NOP
2019-20,2019-12-01,regular,SAS,DET
2019-20,2019-12-01,regular,UTA,TOR
2019-20,2019-12-01,regular,WAS,LAC
2019-20,2019-12-02,regular,CHI,SAC
2019-20,2019-12-02,regular,GSW,ATL
2019-20,2019-12-02,regular,IND,MEM
2019-20,2019-12-02,regular,NYK,MIL
2019-20,2019-12-02,regular,PHX,CHA
2019-20,2019-12-02,regular,UTA,PHI
2019-20,2019-12-03,regular,DAL,NOP
2019-20,2019-12-03,regular,DET,CLE
2019-20,2019-12-03,regular,HOU,SAS
2019-20,2019-12-03,regular,LAL,DEN
2019-20,2019-12-03,regular,MIA,TOR
2019-20,2019-12-03,regular,ORL,WAS
2019-20,2019-12-03,regular,POR,LAC
2019-20,2019-12-04,regular,BKN,ATL
2019-20,2019-12-04,regular,GSW,CHA
2019-20,2019-12-04,regular,IND,OKC
2019-20,2019-12-04,regular,LAL,UTA
2019-20,2019-12-04,regular,MEM,CHI
2019-20,2019-12-04,regular,MIA,BOS
2019-20,2019-12-04,regular,MIL,DET
2019-20,2019-12-04,regular,MIN,DAL
2019-20,2019-12-04,regular,PHX,ORL
2019-20,2019-12-04,regular,SAC,POR
2019-20,2019-12-05,regular,DEN,NYK
2019-20,2019-12-05,regular,HOU,TOR
2019-20,2019-12-05,regular,PHI,WAS
2019-20,2019-12-05,regular,PHX,NOP
2019-20,2019-12-06,regular,BKN,CHA
2019-20,2019-12-06,regular,DEN,BOS
2019-20,2019-12-06,regular,GSW,CHI
2019-20,2019-12-06,regular,IND,DET
2019-20,2019-12-06,regular,LAC,MIL
2019-20,2019-12-06,regular,LAL,POR
2019-20,2019-12-06,regular,MIN,OKC
2019-20,2019-12-06,regular,ORL,CLE
2019-20,2019-12-06,regular,SAC,SAS
2019-20,2019-12-06,regular,WAS,MIA
2019-20,2019-12-07,regular,CLE,PHI
2019-20,2019-12-07,regular,IND,NYK
2019-20,2019-12-07,regular,MEM,UTA
2019-20,2019-12-07,regular,NOP,DAL
2019-20,2019-12-07,regular,PHX,HOU
2019-20,2019-12-08,regular,ATL,CHA
2019-20,2019-12-08,regular,CHI,MIA
2019-20,2019-12-08,regular,DEN,BKN
2019-20,2019-12-08,regular,LAC,WAS
2019-20,2019-12-08,regular,MIN,LAL
2019-20,2019-12-08,regular,OKC,POR
2019-20,2019-12-08,regular,SAC,DAL
2019-20,2019-12-08,regular,TOR,PHI
2019-20,2019-12-09,regular,CLE,BOS
2019-20,2019-12-09,regular,DET,NOP
2019-20,2019-12-09,regular,LAC,IND
2019-20,2019-12-09,regular,MEM,GSW
2019-20,2019-12-09,regular,MIN,PHX
2019-20,2019-12-09,regular,OKC,UTA
2019-20,2019-12-09,regular,ORL,MIL
2019-20,2019-12-09,regular,SAC,HOU
2019-20,2019-12-09,regular,TOR,CHI
2019-20,2019-12-10,regular,ATL,MIA
2019-20,2019-12-10,regular,DEN,PHI
2019-20,2019-12-10,regular,NYK,POR
2019-20,2019-12-10,regular,WAS,CHA
2019-20,2019-12-11,regular,ATL,CHI
2019-20,2019-12-11,regular,BOS,IND
2019-20,2019-12-11,regular,CHA,BKN
2019-20,2019-12-11,regular,HOU,CLE
2019-20,2019-12-11,regular,LAC,TOR
2019-20,2019-12-11,regular,LAL,ORL
2019-20,2019-12-11,regular,MEM,PHX
2019-20,2019-12-11,regular,NOP,MIL
2019-20,2019-12-11,regular,NYK,GSW
2019-20,2019-12-11,regular,OKC,SAC
2019-20,2019-12-11,regular,UTA,MIN
2019-20,2019-12-12,regular,CLE,SAS
2019-20,2019-12-12,regular,DAL,DET
2019-20,2019-12-12,regular,PHI,BOS
2019-20,2019-12-12,regular,POR,DEN
2019-20,2019-12-13,regular,CHA,CHI
2019-20,2019-12-13,regular,GSW,UTA
2019-20,2019-12-13,regular,HOU,ORL
2019-20,2019-12-13,regular,IND,ATL
2019-20,2019-12-13,regular,LAC,MIN
2019-20,2019-12-13,regular,LAL,MIA
2019-20,2019-12-13,regular,MIL,MEM
2019-20,2019-12-13,regular,NOP,PHI
2019-20,2019-12-13,regular,NYK,SAC
2019-20,2019-12-14,regular,BKN,TOR
2019-20,2019-12-14,regular,CLE,MIL
2019-20,2019-12-14,regular,DET,HOU
2019-20,2019-12-14,regular,LAC,CHI
2019-20,2019-12-14,regular,MIA,DAL
2019-20,2019-12-14,regular,OKC,DEN
2019-20,2019-12-14,regular,SAS,PHX
2019-20,2019-12-14,regular,WAS,MEM
2019-20,2019-12-15,regular,CHA,IND
2019-20,2019-12-15,regular,LAL,ATL
2019-20,2019-12-15,regular,NYK,DEN
2019-20,2019-12-15,regular,ORL,NOP
2019-20,2019-12-15,regular,PHI,BKN
2019-20,2019-12-15,regular,SAC,GSW
2019-20,2019-12-16,regular,CHI,OKC
2019-20,2019-12-16,regular,CLE,TOR
2019-20,2019-12-16,regular,DAL,MIL
2019-20,2019-12-16,regular,MIA,MEM
2019-20,2019-12-16,regular,POR,PHX
2019-20,2019-12-16,regular,SAS,HOU
2019-20,2019-12-16,regular,WAS,DET
2019-20,2019-12-17,regular,ATL,NYK
2019-20,2019-12-17,regular,BKN,NOP
2019-20,2019-12-17,regular,LAL,IND
2019-20,2019-12-17,regular,ORL,UTA
2019-20,2019-12-17,regular,PHX,LAC
2019-20,2019-12-17,regular,SAC,CHA
2019-20,2019-12-18,regular,BOS,DAL
2019-20,2019-12-18,regular,CHA,CLE
2019-20,2019-12-18,regular,CHI,WAS
2019-20,2019-12-18,regular,GSW,POR
2019-20,2019-12-18,regular,MEM,OKC
2019-20,2019-12-18,regular,MIA,PHI
2019-20,2019-12-18,regular,NOP,MIN
2019-20,2019-12-18,regular,ORL,DEN
2019-20,2019-12-18,regular,TOR,DET
2019-20,2019-12-19,regular,BKN,SAS
2019-20,2019-12-19,regular,HOU,LAC
2019-20,2019-12-19,regular,LAL,MIL
2019-20,2019-12-19,regular,UTA,ATL
2019-20,2019-12-20,regular,DAL,PHI
2019-20,2019-12-20,regular,DET,BOS
2019-20,2019-12-20,regular,MEM,CLE
2019-20,2019-12-20,regular,MIN,DEN
2019-20,2019-12-20,regular,NOP,GSW
2019-20,2019-12-20,regular,NYK,MIA
2019-20,2019-12-20,regular,ORL,POR
2019-20,2019-12-20,regular,PHX,OKC
2019-20,2019-12-20,regular,SAC,IND
2019-20,2019-12-20,regular,WAS,TOR
2019-20,2019-12-21,regular,ATL,BKN
2019-20,2019-12-21,regular,CHI,DET
2019-20,2019-12-21,regular,HOU,PHX
2019-20,2019-12-21,regular,LAC,SAS
2019-20,2019-12-21,regular,MIL,NYK
2019-20,2019-12-21,regular,MIN,POR
2019-20,2019-12-21,regular,SAC,MEM
2019-20,2019-12-21,regular,UTA,CHA
2019-20,2019-12-21,regular,WAS,PHI
2019-20,2019-12-22,regular,CHA,BOS
2019-20,2019-12-22,regular,DAL,TOR
2019-20,2019-12-22,regular,DEN,LAL
2019-20,2019-12-22,regular,IND,MIL
2019-20,2019-12-22,regular,LAC,OKC
2019-20,2019-12-23,regular,ATL,CLE
2019-20,2019-12-23,regular,CHI,ORL
2019-20,2019-12-23,regular,DEN,PHX
2019-20,2019-12-23,regular,HOU,SAC
2019-20,2019-12-23,regular,MIN,GSW
2019-20,2019-12-23,regular,NOP,POR
2019-20,2019-12-23,regular,PHI,DET
2019-20,2019-12-23,regular,SAS,MEM
2019-20,2019-12-23,regular,TOR,IND
2019-20,2019-12-23,regular,UTA,MIA
2019-20,2019-12-23,regular,WAS,NYK
2019-20,2019-12-25,regular,BOS,TOR
2019-20,2019-12-25,regular,HOU,GSW
2019-20,2019-12-25,regular,LAC,LAL
2019-20,2019-12-25,regular,MIL,PHI
2019-20,2019-12-25,regular,NOP,DEN
2019-20,2019-12-26,regular,MEM,OKC
2019-20,2019-12-26,regular,MIN,SAC
2019-20,2019-12-26,regular,NYK,BKN
2019-20,2019-12-26,regular,POR,UTA
2019-20,2019-12-26,regular,SAS,DAL
2019-20,2019-12-26,regular,WAS,DET
2019-20,2019-12-27,regular,CLE,BOS
2019-20,2019-12-27,regular,IND,MIA
2019-20,2019-12-27,regular,MIL,ATL
2019-20,2019-12-27,regular,OKC,CHA
2019-20,2019-12-27,regular,PHI,ORL
2019-20,2019-12-27,regular,PHX,GSW
2019-20,2019-12-28,regular,ATL,CHI
2019-20,2019-12-28,regular,BKN,HOU
2019-20,2019-12-28,regular,CLE,MIN
2019-20,2019-12-28,regular,DAL,GSW
2019-20,2019-12-28,regular,DET,SAS
2019-20,2019-12-28,regular,IND,NOP
2019-20,2019-12-28,regular,LAL,POR
2019-20,2019-12-28,regular,MEM,DEN
2019-20,2019-12-28,regular,NYK,WAS
2019-20,2019-12-28,regular,ORL,MIL
2019-20,2019-12-28,regular,PHI,MIA
2019-20,2019-12-28,regular,PHX,SAC
2019-20,2019-12-28,regular,TOR,BOS
2019-20,2019-12-28,regular,UTA,LAC
2019-20,2019-12-29,regular,CHA,MEM
2019-20,2019-12-29,regular,DAL,LAL
2019-20,2019-12-29,regular,HOU,NOP
2019-20,2019-12-29,regular,OKC,TOR
2019-20,2019-12-29,regular,SAC,DEN
2019-20,2019-12-30,regular,ATL,ORL
2019-20,2019-12-30,regular,BKN,MIN
2019-20,2019-12-30,regular,DET,UTA
2019-20,2019-12-30,regular,MIA,WAS
2019-20,2019-12-30,regular,MIL,CHI
2019-20,2019-12-30,regular,PHX,POR
2019-20,2019-12-31,regular,BOS,CHA
2019-20,2019-12-31,regular,CLE,TOR
2019-20,2019-12-31,regular,DAL,OKC
2019-20,2019-12-31,regular,DEN,HOU
2019-20,2019-12-31,regular,GSW,SAS
2019-20,2019-12-31,regular,LAC,SAC
2019-20,2019-12-31,regular,PHI,IND
2019-20,2020-01-01,regular,MIN,MIL
2019-20,2020-01-01,regular,ORL,WAS
2019-20,2020-01-01,regular,PHX,LAL
2019-20,2020-01-01,regular,POR,NYK
2019-20,2020-01-02,regular,BKN,DAL
2019-20,2020-01-02,regular,CHA,CLE
2019-20,2020-01-02,regular,DEN,IND
2019-20,2020-01-02,regular,DET,LAC
2019-20,2020-01-02,regular,GSW,MIN
2019-20,2020-01-02,regular,MEM,SAC
2019-20,2020-01-02,regular,OKC,SAS
2019-20,2020-01-02,regular,TOR,MIA
2019-20,2020-01-02,regular,UTA,CHI
2019-20,2020-01-03,regular,ATL,BOS
2019-20,2020-01-03,regular,MIA,ORL
2019-20,2020-01-03,regular,NOP,LAL
2019-20,2020-01-03,regular,NYK,PHX
2019-20,2020-01-03,regular,PHI,HOU
2019-20,2020-01-03,regular,POR,WAS
2019-20,2020-01-04,regular,BOS,CHI
2019-20,2020-01-04,regular,CHA,DAL
2019-20,2020-01-04,regular,DEN,WAS
2019-20,2020-01-04,regular,DET,GSW
2019-20,2020-01-04,regular,IND,ATL
2019-20,2020-01-04,regular,MEM,LAC
2019-20,2020-01-04,regular,NOP,SAC
2019-20,2020-01-04,regular,OKC,CLE
2019-20,2020-01-04,regular,SAS,MIL
2019-20,2020-01-04,regular,TOR,BKN
2019-20,2020-01-04,regular,UTA,ORL
2019-20,2020-01-05,regular,DET,LAL
2019-20,2020-01-05,regular,MEM,PHX
2019-20,2020-01-05,regular,MIN,CLE
2019-20,2020-01-05,regular,NYK,LAC
2019-20,2020-01-05,regular,POR,MIA
2019-20,2020-01-06,regular,BKN,ORL
2019-20,2020-01-06,regular,BOS,WAS
2019-20,2020-01-06,regular,CHI,DAL
2019-20,2020-01-06,regular,DEN,ATL
2019-20,2020-01-06,regular,GSW,SAC
2019-20,2020-01-06,regular,IND,CHA
2019-20,2020-01-06,regular,MIL,SAS
2019-20,2020-01-06,regular,OKC,PHI
2019-20,2020-01-06,regular,UTA,NOP
2019-20,2020-01-07,regular,DET,CLE
2019-20,2020-01-07,regular,MIN,MEM
2019-20,2020-01-07,regular,NYK,LAL
2019-20,2020-01-07,regular,OKC,BKN
2019-20,2020-01-07,regular,POR,TOR
2019-20,2020-01-07,regular,SAC,PHX
2019-20,2020-01-08,regular,CHI,NOP
2019-20,2020-01-08,regular,DEN,DAL
2019-20,2020-01-08,regular,HOU,ATL
2019-20,2020-01-08,regular,MIA,IND
2019-20,2020-01-08,regular,MIL,GSW
2019-20,2020-01-08,regular,NYK,UTA
2019-20,2020-01-08,regular,SAS,BOS
2019-20,2020-01-08,regular,TOR,CHA
2019-20,2020-01-08,regular,WAS,ORL
2019-20,2020-01-09,regular,BOS,PHI
2019-20,2020-01-09,regular,CLE,DET
2019-20,2020-01-09,regular,HOU,OKC
2019-20,2020-01-09,regular,POR,MIN
2019-20,2020-01-10,regular,ATL,WAS
2019-20,2020-01-10,regular,CHA,UTA
2019-20,2020-01-10,regular,GSW,LAC
2019-20,2020-01-10,regular,IND,CHI
2019-20,2020-01-10,regular,LAL,DAL
2019-20,2020-01-10,regular,MIA,BKN
2019-20,2020-01-10,regular,MIL,SAC
2019-20,2020-01-10,regular,NOP,NYK
2019-20,2020-01-10,regular,ORL,PHX
2019-20,2020-01-10,regular,SAS,MEM
2019-20,2020-01-11,regular,CHI,DET
2019-20,2020-01-11,regular,CLE,DEN
2019-20,2020-01-11,regular,LAL,OKC
2019-20,2020-01-11,regular,MIL,POR
2019-20,2020-01-11,regular,MIN,HOU
2019-20,2020-01-11,regular,NOP,BOS
2019-20,2020-01-11,regular,PHI,DAL
2019-20,2020-01-12,regular,ATL,BKN
2019-20,2020-01-12,regular,CHA,PHX
2019-20,2020-01-12,regular,GSW,MEM
2019-20,2020-01-12,regular,LAC,DEN
2019-20,2020-01-12,regular,MIA,NYK
2019-20,2020-01-12,regular,SAS,TOR
2019-20,2020-01-12,regular,UTA,WAS
2019-20,2020-01-13,regular,CHA,POR
2019-20,2020-01-13,regular,CHI,BOS
2019-20,2020-01-13,regular,CLE,LAL
2019-20,2020-01-13,regular,NOP,DET
2019-20,2020-01-13,regular,OKC,MIN
2019-20,2020-01-13,regular,ORL,SAC
2019-20,2020-01-13,regular,PHI,IND
2019-20,2020-01-14,regular,CLE,LAC
2019-20,2020-01-14,regular,DAL,GSW
2019-20,2020-01-14,regular,HOU,MEM
2019-20,2020-01-14,regular,NYK,MIL
2019-20,2020-01-14,regular,PHX,ATL
2019-20,2020-01-14,regular,UTA,BKN
2019-20,2020-01-15,regular,BKN,PHI
2019-20,2020-01-15,regular,CHA,DEN
2019-20,2020-01-15,regular,DAL,SAC
2019-20,2020-01-15,regular,DET,BOS
2019-20,2020-01-15,regular,IND,MIN
2019-20,2020-01-15,regular,ORL,LAL
2019-20,2020-01-15,regular,POR,HOU
2019-20,2020-01-15,regular,SAS,MIA
2019-20,2020-01-15,regular,TOR,OKC
2019-20,2020-01-15,regular,WAS,CHI
2019-20,2020-01-16,regular,BOS,MIL
2019-20,2020-01-16,regular,DEN,GSW
2019-20,2020-01-16,regular,ORL,LAC
2019-20,2020-01-16,regular,PHX,NYK
2019-20,2020-01-16,regular,UTA,NOP
2019-20,2020-01-17,regular,ATL,SAS
2019-20,2020-01-17,regular,CHI,PHI
2019-20,2020-01-17,regular,CLE,MEM
2019-20,2020-01-17,regular,MIA,OKC
2019-20,2020-01-17,regular,MIN,IND
2019-20,2020-01-17,regular,POR,DAL
2019-20,2020-01-17,regular,WAS,TOR
2019-20,2020-01-18,regular,CLE,CHI
2019-20,2020-01-18,regular,DET,ATL
2019-20,2020-01-18,regular,LAC,NOP
2019-20,2020-01-18,regular,LAL,HOU
2019-20,2020-01-18,regular,MIL,BKN
2019-20,2020-01-18,regular,ORL,GSW
2019-20,2020-01-18,regular,PHI,NYK
2019-20,2020-01-18,regular,PHX,BOS
2019-20,2020-01-18,regular,POR,OKC
2019-20,2020-01-18,regular,SAC,UTA
2019-20,2020-01-18,regular,TOR,MIN
2019-20,2020-01-19,regular,IND,DEN
2019-20,2020-01-19,regular,MIA,SAS
2019-20,2020-01-20,regular,CHI,MIL
2019-20,2020-01-20,regular,DEN,MIN
2019-20,2020-01-20,regular,DET,WAS
2019-20,2020-01-20,regular,GSW,POR
2019-20,2020-01-20,regular,IND,UTA
2019-20,2020-01-20,regular,LAL,BOS
2019-20,2020-01-20,regular,NOP,MEM
2019-20,2020-01-20,regular,NYK,CLE
2019-20,2020-01-20,regular,OKC,HOU
2019-20,2020-01-20,regular,ORL,CHA
2019-20,2020-01-20,regular,PHI,BKN
2019-20,2020-01-20,regular,SAC,MIA
2019-20,2020-01-20,regular,SAS,PHX
2019-20,2020-01-20,regular,TOR,ATL
2019-20,2020-01-21,regular,LAC,DAL
2019-20,2020-01-22,regular,DEN,HOU
2019-20,2020-01-22,regular,IND,PHX
2019-20,2020-01-22,regular,LAC,ATL
2019-20,2020-01-22,regular,LAL,NYK
2019-20,2020-01-22,regular,MEM,BOS
2019-20,2020-01-22,regular,MIN,CHI
2019-20,2020-01-22,regular,OKC,ORL
2019-20,2020-01-22,regular,PHI,TOR
2019-20,2020-01-22,regular,SAC,DET
2019-20,2020-01-22,regular,SAS,NOP
2019-20,2020-01-22,regular,UTA,GSW
2019-20,2020-01-22,regular,WAS,MIA
2019-20,2020-01-23,regular,DAL,POR
2019-20,2020-01-23,regular,LAL,BKN
2019-20,2020-01-23,regular,WAS,CLE
2019-20,2020-01-24,regular,ATL,OKC
2019-20,2020-01-24,regular,BOS,ORL
2019-20,2020-01-24,regular,DEN,NOP
2019-20,2020-01-24,regular,HOU,MIN
2019-20,2020-01-24,regular,IND,GSW
2019-20,2020-01-24,regular,LAC,MIA
2019-20,2020-01-24,regular,MEM,DET
2019-20,2020-01-24,regular,MIL,CHA
2019-20,2020-01-24,regular,PHX,SAS
2019-20,2020-01-24,regular,SAC,CHI
2019-20,2020-01-24,regular,TOR,NYK
2019-20,2020-01-25,regular,BKN,DET
2019-20,2020-01-25,regular,CHI,CLE
2019-20,2020-01-25,regular,DAL,UTA
2019-20,2020-01-25,regular,LAL,PHI
2019-20,2020-01-25,regular,OKC,MIN
2019-20,2020-01-26,regular,BKN,NYK
2019-20,2020-01-26,regular,BOS,NOP
2019-20,2020-01-26,regular,HOU,DEN
2019-20,2020-01-26,regular,IND,POR
2019-20,2020-01-26,regular,LAC,ORL
2019-20,2020-01-26,regular,PHX,MEM
2019-20,2020-01-26,regular,TOR,SAS
2019-20,2020-01-26,regular,WAS,ATL
2019-20,2020-01-27,regular,CLE,DET
2019-20,2020-01-27,regular,DAL,OKC
2019-20,2020-01-27,regular,HOU,UTA
2019-20,2020-01-27,regular,ORL,MIA
2019-20,2020-01-27,regular,SAC,MIN
2019-20,2020-01-27,regular,SAS,CHI
2019-20,2020-01-28,regular,ATL,TOR
2019-20,2020-01-28,regular,BOS,MIA
2019-20,2020-01-28,regular,DEN,MEM
2019-20,2020-01-28,regular,GSW,PHI
2019-20,2020-01-28,regular,NOP,CLE
2019-20,2020-01-28,regular,NYK,CHA
2019-20,2020-01-28,regular,PHX,DAL
2019-20,2020-01-28,regular,WAS,MIL
2019-20,2020-01-29,regular,CHI,IND
2019-20,2020-01-29,regular,DET,BKN
2019-20,2020-01-29,regular,HOU,POR
2019-20,2020-01-29,regular,MEM,NYK
2019-20,2020-01-29,regular,OKC,SAC
2019-20,2020-01-29,regular,UTA,SAS
2019-20,2020-01-30,regular,CHA,WAS
2019-20,2020-01-30,regular,GSW,BOS
2019-20,2020-01-30,regular,PHI,ATL
2019-20,2020-01-30,regular,SAC,LAC
2019-20,2020-01-30,regular,TOR,CLE
2019-20,2020-01-30,regular,UTA,DEN
2019-20,2020-01-31,regular,CHI,BKN
2019-20,2020-01-31,regular,DAL,HOU
2019-20,2020-01-31,regular,DEN,MIL
2019-20,2020-01-31,regular,MEM,NOP
2019-20,2020-01-31,regular,OKC,PHX
2019-20,2020-01-31,regular,POR,LAL
2019-20,2020-01-31,regular,TOR,DET
2019-20,2020-02-01,regular,ATL,DAL
2019-20,2020-02-01,regular,BKN,WAS
2019-20,2020-02-01,regular,CHA,SAS
2019-20,2020-02-01,regular,GSW,CLE
2019-20,2020-02-01,regular,LAL,SAC
2019-20,2020-02-01,regular,MIA,ORL
2019-20,2020-02-01,regular,MIN,LAC
2019-20,2020-02-01,regular,NYK,IND
2019-20,2020-02-01,regular,PHI,BOS
2019-20,2020-02-01,regular,UTA,POR
2019-20,2020-02-02,regular,CHI,TOR
2019-20,2020-02-02,regular,DEN,DET
2019-20,2020-02-02,regular,NOP,HOU
2019-20,2020-02-02,regular,PHX,MIL
2019-20,2020-02-03,regular,BOS,ATL
2019-20,2020-02-03,regular,DAL,IND
2019-20,2020-02-03,regular,DET,MEM
2019-20,2020-02-03,regular,GSW,WAS
2019-20,2020-02-03,regular,MIN,SAC
2019-20,2020-02-03,regular,NYK,CLE
2019-20,2020-02-03,regular,ORL,CHA
2019-20,2020-02-03,regular,PHI,MIA
2019-20,2020-02-03,regular,PHX,BKN
2019-20,2020-02-03,regular,SAS,LAC
2019-20,2020-02-04,regular,CHA,HOU
2019-20,2020-02-04,regular,MIL,NOP
2019-20,2020-02-04,regular,POR,DEN
2019-20,2020-02-04,regular,SAS,LAL
2019-20,2020-02-05,regular,ATL,MIN
2019-20,2020-02-05,regular,CLE,OKC
2019-20,2020-02-05,regular,DEN,UTA
2019-20,2020-02-05,regular,GSW,BKN
2019-20,2020-02-05,regular,IND,TOR
2019-20,2020-02-05,regular,MEM,DAL
2019-20,2020-02-05,regular,MIA,LAC
2019-20,2020-02-05,regular,ORL,BOS
2019-20,2020-02-05,regular,PHX,DET
2019-20,2020-02-06,regular,HOU,LAL
2019-20,2020-02-06,regular,NOP,CHI
2019-20,2020-02-06,regular,ORL,NYK
2019-20,2020-02-06,regular,PHI,MIL
2019-20,2020-02-06,regular,SAS,POR
2019-20,2020-02-07,regular,ATL,BOS
2019-20,2020-02-07,regular,DAL,WAS
2019-20,2020-02-07,regular,DET,OKC
2019-20,2020-02-07,regular,HOU,PHX
2019-20,2020-02-07,regular,MEM,PHI
2019-20,2020-02-07,regular,MIA,SAC
2019-20,2020-02-07,regular,POR,UTA
2019-20,2020-02-07,regular,TOR,IND
2019-20,2020-02-08,regular,BKN,TOR
2019-20,2020-02-08,regular,DAL,CHA
2019-20,2020-02-08,regular,DEN,PHX
2019-20,2020-02-08,regular,LAC,MIN
2019-20,2020-02-08,regular,LAL,GSW
2019-20,2020-02-08,regular,MIL,ORL
2019-20,2020-02-08,regular,NOP,IND
2019-20,2020-02-08,regular,NYK,DET
2019-20,2020-02-08,regular,SAS,SAC
2019-20,2020-02-09,regular,BOS,OKC
2019-20,2020-02-09,regular,CHI,PHI
2019-20,2020-02-09,regular,LAC,CLE
2019-20,2020-02-09,regular,MEM,WAS
2019-20,2020-02-09,regular,MIA,POR
2019-20,2020-02-09,regular,NYK,ATL
2019-20,2020-02-09,regular,UTA,HOU
2019-20,2020-02-10,regular,ATL,ORL
2019-20,2020-02-10,regular,BKN,IND
2019-20,2020-02-10,regular,CHA,DET
2019-20,2020-02-10,regular,MIA,GSW
2019-20,2020-02-10,regular,MIN,TOR
2019-20,2020-02-10,regular,PHX,LAL
2019-20,2020-02-10,regular,SAC,MIL
2019-20,2020-02-10,regular,SAS,DEN
2019-20,2020-02-10,regular,UTA,DAL
2019-20,2020-02-11,regular,BOS,HOU
2019-20,2020-02-11,regular,CHI,WAS
2019-20,2020-02-11,regular,LAC,PHI
2019-20,2020-02-11,regular,POR,NOP
2019-20,2020-02-11,regular,SAS,OKC
2019-20,2020-02-12,regular,ATL,CLE
2019-20,2020-02-12,regular,CHA,MIN
2019-20,2020-02-12,regular,DET,ORL
2019-20,2020-02-12,regular,GSW,PHX
2019-20,2020-02-12,regular,LAL,DEN
2019-20,2020-02-12,regular,MIA,UTA
2019-20,2020-02-12,regular,MIL,IND
2019-20,2020-02-12,regular,POR,MEM
2019-20,2020-02-12,regular,SAC,DAL
2019-20,2020-02-12,regular,TOR,BKN
2019-20,2020-02-12,regular,WAS,NYK
2019-20,2020-02-13,regular,LAC,BOS
2019-20,2020-02-13,regular,OKC,NOP
2019-20,2020-02-20,regular,BKN,PHI
2019-20,2020-02-20,regular,CHA,CHI
2019-20,2020-02-20,regular,HOU,GSW
2019-20,2020-02-20,regular,MEM,SAC
2019-20,2020-02-20,regular,MIA,ATL
2019-20,2020-02-20,regular,MIL,DET
2019-20,2020-02-21,regular,BOS,MIN
2019-20,2020-02-21,regular,CLE,WAS
2019-20,2020-02-21,regular,DAL,ORL
2019-20,2020-02-21,regular,DEN,OKC
2019-20,2020-02-21,regular,IND,NYK
2019-20,2020-02-21,regular,MEM,LAL
2019-20,2020-02-21,regular,NOP,POR
2019-20,2020-02-21,regular,PHX,TOR
2019-20,2020-02-21,regular,SAS,UTA
2019-20,2020-02-22,regular,BKN,CHA
2019-20,2020-02-22,regular,CLE,MIA
2019-20,2020-02-22,regular,DAL,ATL
2019-20,2020-02-22,regular,HOU,UTA
2019-20,2020-02-22,regular,PHI,MIL
2019-20,2020-02-22,regular,PHX,CHI
2019-20,2020-02-22,regular,SAC,LAC
2019-20,2020-02-23,regular,BOS,LAL
2019-20,2020-02-23,regular,DET,POR
2019-20,2020-02-23,regular,IND,TOR
2019-20,2020-02-23,regular,MIN,DEN
2019-20,2020-02-23,regular,NOP,GSW
2019-20,2020-02-23,regular,SAS,OKC
2019-20,2020-02-23,regular,WAS,CHI
2019-20,2020-02-24,regular,ATL,PHI
2019-20,2020-02-24,regular,MEM,LAC
2019-20,2020-02-24,regular,MIA,CLE
2019-20,2020-02-24,regular,MIL,WAS
2019-20,2020-02-24,regular,MIN,DAL
2019-20,2020-02-24,regular,NYK,HOU
2019-20,2020-02-24,regular,ORL,BKN
2019-20,2020-02-24,regular,PHX,UTA
2019-20,2020-02-25,regular,BOS,POR
2019-20,2020-02-25,regular,CHA,IND
2019-20,2020-02-25,regular,DET,DEN
2019-20,2020-02-25,regular,MIL,TOR
2019-20,2020-02-25,regular,NOP,LAL
2019-20,2020-02-25,regular,OKC,CHI
2019-20,2020-02-25,regular,SAC,GSW
2019-20,2020-02-26,regular,BKN,WAS
2019-20,2020-02-26,regular,BOS,UTA
2019-20,2020-02-26,regular,DAL,SAS
2019-20,2020-02-26,regular,LAC,PHX
2019-20,2020-02-26,regular,MEM,HOU
2019-20,2020-02-26,regular,MIN,MIA
2019-20,2020-02-26,regular,NYK,CHA
2019-20,2020-02-26,regular,ORL,ATL
2019-20,2020-02-26,regular,PHI,CLE
2019-20,2020-02-27,regular,LAL,GSW
2019-20,2020-02-27,regular,NYK,PHI
2019-20,2020-02-27,regular,POR,IND
2019-20,2020-02-27,regular,SAC,OKC
2019-20,2020-02-28,regular,BKN,ATL
2019-20,2020-02-28,regular,CHA,TOR
2019-20,2020-02-28,regular,CLE,NOP
2019-20,2020-02-28,regular,DAL,MIA
2019-20,2020-02-28,regular,DEN,LAC
2019-20,2020-02-28,regular,DET,PHX
2019-20,2020-02-28,regular,MIN,ORL
2019-20,2020-02-28,regular,OKC,MIL
2019-20,2020-02-28,regular,SAC,MEM
2019-20,2020-02-28,regular,WAS,UTA
2019-20,2020-02-29,regular,BKN,MIA
2019-20,2020-02-29,regular,CHI,NYK
2019-20,2020-02-29,regular,GSW,PHX
2019-20,2020-02-29,regular,HOU,BOS
2019-20,2020-02-29,regular,IND,CLE
2019-20,2020-02-29,regular,LAL,MEM
2019-20,2020-02-29,regular,ORL,SAS
2019-20,2020-02-29,regular,POR,ATL
2019-20,2020-03-01,regular,DAL,MIN
2019-20,2020-03-01,regular,DET,SAC
2019-20,2020-03-01,regular,LAL,NOP
2019-20,2020-03-01,regular,MIL,CHA
2019-20,2020-03-01,regular,PHI,LAC
2019-20,2020-03-01,regular,TOR,DEN
2019-20,2020-03-01,regular,WAS,GSW
2019-20,2020-03-02,regular,DAL,CHI
2019-20,2020-03-02,regular,HOU,NYK
2019-20,2020-03-02,regular,IND,SAS
2019-20,2020-03-02,regular,MEM,ATL
2019-20,2020-03-02,regular,MIL,MIA
2019-20,2020-03-02,regular,POR,ORL
2019-20,2020-03-02,regular,UTA,CLE
2019-20,2020-03-03,regular,BKN,BOS
2019-20,2020-03-03,regular,GSW,DEN
2019-20,2020-03-03,regular,LAC,OKC
2019-20,2020-03-03,regular,MIN,NOP
2019-20,2020-03-03,regular,PHI,LAL
2019-20,2020-03-03,regular,SAS,CHA
2019-20,2020-03-03,regular,TOR,PHX
2019-20,2020-03-03,regular,WAS,SAC
2019-20,2020-03-04,regular,BOS,CLE
2019-20,2020-03-04,regular,CHI,MIN
2019-20,2020-03-04,regular,IND,MIL
2019-20,2020-03-04,regular,MEM,BKN
2019-20,2020-03-04,regular,NOP,DAL
2019-20,2020-03-04,regular,OKC,DET
2019-20,2020-03-04,regular,ORL,MIA
2019-20,2020-03-04,regular,UTA,NYK
2019-20,2020-03-04,regular,WAS,POR
2019-20,2020-03-05,regular,DEN,CHA
2019-20,2020-03-05,regular,LAC,HOU
2019-20,2020-03-05,regular,PHI,SAC
2019-20,2020-03-05,regular,TOR,GSW
2019-20,2020-03-06,regular,ATL,WAS
2019-20,2020-03-06,regular,IND,CHI
2019-20,2020-03-06,regular,MEM,DAL
2019-20,2020-03-06,regular,MIA,NOP
2019-20,2020-03-06,regular,MIL,LAL
2019-20,2020-03-06,regular,OKC,NYK
2019-20,2020-03-06,regular,ORL,MIN
2019-20,2020-03-06,regular,POR,PHX
2019-20,2020-03-06,regular,SAS,BKN
2019-20,2020-03-06,regular,UTA,BOS
2019-20,2020-03-07,regular,ATL,MEM
2019-20,2020-03-07,regular,DEN,CLE
2019-20,2020-03-07,regular,HOU,CHA
2019-20,2020-03-07,regular,PHI,GSW
2019-20,2020-03-07,regular,SAC,POR
2019-20,2020-03-07,regular,UTA,DET
2019-20,2020-03-08,regular,CHI,BKN
2019-20,2020-03-08,regular,DET,NYK
2019-20,2020-03-08,regular,IND,DAL
2019-20,2020-03-08,regular,LAL,LAC
2019-20,2020-03-08,regular,MIA,WAS
2019-20,2020-03-08,regular,MIL,PHX
2019-20,2020-03-08,regular,NOP,MIN
2019-20,2020-03-08,regular,OKC,BOS
2019-20,2020-03-08,regular,ORL,HOU
2019-20,2020-03-08,regular,SAS,CLE
2019-20,2020-03-08,regular,TOR,SAC
2019-20,2020-03-09,regular,CHA,ATL
2019-20,2020-03-09,regular,MIL,DEN
2019-20,2020-03-09,regular,TOR,UTA
2019-20,2020-03-10,regular,BKN,LAL
2019-20,2020-03-10,regular,BOS,IND
2019-20,2020-03-10,regular,CLE,CHI
2019-20,2020-03-10,regular,DAL,SAS
2019-20,2020-03-10,regular,LAC,GSW
2019-20,2020-03-10,regular,MIN,HOU
2019-20,2020-03-10,regular,NYK,WAS
2019-20,2020-03-10,regular,ORL,MEM
2019-20,2020-03-10,regular,PHX,POR
2019-20,2020-03-11,regular,CHA,MIA
2019-20,2020-03-11,regular,DEN,DAL
2019-20,2020-03-11,regular,DET,PHI
2019-20,2020-03-11,regular,NYK,ATL
2019-20,2020-07-30,regular,LAC,LAL
2019-20,2020-07-30,regular,UTA,NOP
2019-20,2020-07-31,regular,BOS,MIL
2019-20,2020-07-31,regular,HOU,DAL
2019-20,2020-07-31,regular,MEM,POR
2019-20,2020-07-31,regular,ORL,BKN
2019-20,2020-07-31,regular,PHX,WAS
2019-20,2020-07-31,regular,SAC,SAS
2019-20,2020-08-01,regular,LAL,TOR
2019-20,2020-08-01,regular,MIA,DEN
2019-20,2020-08-01,regular,NOP,LAC
2019-20,2020-08-01,regular,PHI,IND
2019-20,2020-08-01,regular,UTA,OKC
2019-20,2020-08-02,regular,DAL,PHX
2019-20,2020-08-02,regular,MIL,HOU
2019-20,2020-08-02,regular,POR,BOS
2019-20,2020-08-02,regular,SAC,ORL
2019-20,2020-08-02,regular,SAS,MEM
2019-20,2020-08-02,regular,WAS,BKN
2019-20,2020-08-03,regular,DEN,OKC
2019-20,2020-08-03,regular,IND,WAS
2019-20,2020-08-03,regular,LAL,UTA
2019-20,2020-08-03,regular,MEM,NOP
2019-20,2020-08-03,regular,SAS,PHI
2019-20,2020-08-03,regular,TOR,MIA
2019-20,2020-08-04,regular,BKN,MIL
2019-20,2020-08-04,regular,BOS,MIA
2019-20,2020-08-04,regular,DAL,SAC
2019-20,2020-08-04,regular,HOU,POR
2019-20,2020-08-04,regular,ORL,IND
2019-20,2020-08-04,regular,PHX,LAC
2019-20,2020-08-05,regular,BKN,BOS
2019-20,2020-08-05,regular,DEN,SAS
2019-20,2020-08-05,regular,MEM,UTA
2019-20,2020-08-05,regular,OKC,LAL
2019-20,2020-08-05,regular,PHI,WAS
2019-20,2020-08-05,regular,TOR,ORL
2019-20,2020-08-06,regular,IND,PHX
2019-20,2020-08-06,regular,LAC,DAL
2019-20,2020-08-06,regular,LAL,HOU
2019-20,2020-08-06,regular,MIA,MIL
2019-20,2020-08-06,regular,NOP,SAC
2019-20,2020-08-06,regular,POR,DEN
2019-20,2020-08-07,regular,BOS,TOR
2019-20,2020-08-07,regular,OKC,MEM
2019-20,2020-08-07,regular,ORL,PHI
2019-20,2020-08-07,regular,SAC,BKN
2019-20,2020-08-07,regular,UTA,SAS
2019-20,2020-08-07,regular,WAS,NOP
2019-20,2020-08-08,regular,LAC,POR
2019-20,2020-08-08,regular,LAL,IND
2019-20,2020-08-08,regular,MIL,DAL
2019-20,2020-08-08,regular,PHX,MIA
2019-20,2020-08-08,regular,UTA,DEN
2019-20,2020-08-09,regular,BKN,LAC
2019-20,2020-08-09,regular,HOU,SAC
2019-20,2020-08-09,regular,MEM,TOR
2019-20,2020-08-09,regular,ORL,BOS
2019-20,2020-08-09,regular,PHI,POR
2019-20,2020-08-09,regular,SAS,NOP
2019-20,2020-08-09,regular,WAS,OKC
2019-20,2020-08-10,regular,DAL,UTA
2019-20,2020-08-10,regular,DEN,LAL
2019-20,2020-08-10,regular,IND,MIA
2019-20,2020-08-10,regular,OKC,PHX
2019-20,2020-08-10,regular,TOR,MIL
2019-20,2020-08-11,regular,BKN,ORL
2019-20,2020-08-11,regular,BOS,MEM
2019-20,2020-08-11,regular,HOU,SAS
2019-20,2020-08-11,regular,MIL,WAS
2019-20,2020-08-11,regular,NOP,SAC
2019-20,2020-08-11,regular,PHX,PHI
2019-20,2020-08-11,regular,POR,DAL
2019-20,2020-08-12,regular,IND,HOU
2019-20,2020-08-12,regular,LAC,DEN
2019-20,2020-08-12,regular,MIA,OKC
2019-20,2020-08-12,regular,TOR,PHI
2019-20,2020-08-13,regular,DAL,PHX
2019-20,2020-08-13,regular,MIL,MEM
2019-20,2020-08-13,regular,NOP,ORL
2019-20,2020-08-13,regular,POR,BKN
2019-20,2020-08-13,regular,SAC,LAL
2019-20,2020-08-13,regular,SAS,UTA
2019-20,2020-08-13,regular,WAS,BOS
2019-20,2020-08-14,regular,DEN,TOR
2019-20,2020-08-14,regular,MIA,IND
2019-20,2020-08-14,regular,OKC,LAC
2019-20,2020-08-14,regular,PHI,HOU
2019-20,2020-08-15,play_in,MEM,POR
2019-20,2020-08-17,playoffs,BKN,TOR
2019-20,2020-08-17,playoffs,DAL,LAC
2019-20,2020-08-17,playoffs,PHI,BOS
2019-20,2020-08-17,playoffs,UTA,DEN
2019-20,2020-08-18,playoffs,MIA,IND
2019-20,2020-08-18,playoffs,OKC,HOU
2019-20,2020-08-18,playoffs,ORL,MIL
2019-20,2020-08-18,playoffs,POR,LAL
2019-20,2020-08-19,playoffs,BKN,TOR
2019-20,2020-08-19,playoffs,DAL,LAC
2019-20,2020-08-19,playoffs,PHI,BOS
2019-20,2020-08-19,playoffs,UTA,DEN
2019-20,2020-08-20,playoffs,MIA,IND
2019-20,2020-08-20,playoffs,OKC,HOU
2019-20,2020-08-20,playoffs,ORL,MIL
2019-20,2020-08-20,playoffs,POR,LAL
2019-20,2020-08-21,playoffs,BOS,PHI
2019-20,2020-08-21,playoffs,DEN,UTA
2019-20,2020-08-21,playoffs,LAC,DAL
2019-20,2020-08-21,playoffs,TOR,BKN
2019-20,2020-08-22,playoffs,HOU,OKC
2019-20,2020-08-22,playoffs,IND,MIA
2019-20,2020-08-22,playoffs,LAL,POR
2019-20,2020-08-22,playoffs,MIL,ORL
2019-20,2020-08-23,playoffs,BOS,PHI
2019-20,2020-08-23,playoffs,DEN,UTA
2019-20,2020-08-23,playoffs,LAC,DAL
2019-20,2020-08-23,playoffs,TOR,BKN
2019-20,2020-08-24,playoffs,HOU,OKC
2019-20,2020-08-24,playoffs,IND,MIA
2019-20,2020-08-24,playoffs,LAL,POR
2019-20,2020-08-24,playoffs,MIL,ORL
2019-20,2020-08-25,playoffs,DAL,LAC
2019-20,2020-08-25,playoffs,UTA,DEN
2019-20,2020-08-29,playoffs,OKC,HOU
2019-20,2020-08-29,playoffs,ORL,MIL
2019-20,2020-08-29,playoffs,POR,LAL
2019-20,2020-08-30,playoffs,BOS,TOR
2019-20,2020-08-30,playoffs,DEN,UTA
2019-20,2020-08-30,playoffs,LAC,DAL
2019-20,2020-08-31,playoffs,HOU,OKC
2019-20,2020-08-31,playoffs,MIA,MIL
2019-20,2020-09-01,playoffs,BOS,TOR
2019-20,2020-09-01,playoffs,UTA,DEN
2019-20,2020-09-02,playoffs,MIA,MIL
2019-20,2020-09-02,playoffs,OKC,HOU
2019-20,2020-09-03,playoffs,DEN,LAC
2019-20,2020-09-03,playoffs,TOR,BOS
2019-20,2020-09-04,playoffs,HOU,LAL
2019-20,2020-09-04,playoffs,MIL,MIA
2019-20,2020-09-05,playoffs,DEN,LAC
2019-20,2020-09-05,playoffs,TOR,BOS
2019-20,2020-09-06,playoffs,HOU,LAL
2019-20,2020-09-06,playoffs,MIL,MIA
2019-20,2020-09-07,playoffs,BOS,TOR
2019-20,2020-09-07,playoffs,LAC,DEN
2019-20,2020-09-08,playoffs,LAL,HOU
2019-20,2020-09-08,playoffs,MIA,MIL
2019-20,2020-09-09,playoffs,LAC,DEN
2019-20,2020-09-09,playoffs,TOR,BOS
2019-20,2020-09-10,playoffs,LAL,HOU
2019-20,2020-09-11,playoffs,BOS,TOR
2019-20,2020-09-11,playoffs,DEN,LAC
2019-20,2020-09-12,playoffs,HOU,LAL
2019-20,2020-09-13,playoffs,LAC,DEN
2019-20,2020-09-15,playoffs,DEN,LAC
2019-20,2020-09-15,playoffs,MIA,BOS
2019-20,2020-09-17,playoffs,MIA,BOS
2019-20,2020-09-18,playoffs,DEN,LAL
2019-20,2020-09-19,playoffs,BOS,MIA
2019-20,2020-09-20,playoffs,DEN,LAL
2019-20,2020-09-22,playoffs,LAL,DEN
2019-20,2020-09-23,playoffs,BOS,MIA
2019-20,2020-09-24,playoffs,LAL,DEN
2019-20,2020-09-25,playoffs,MIA,BOS
2019-20,2020-09-26,playoffs,DEN,LAL
2019-20,2020-09-27,playoffs,BOS,MIA
2019-20,2020-09-30,playoffs,MIA,LAL
2019-20,2020-10-02,playoffs,MIA,LAL
2019-20,2020-10-04,playoffs,LAL,MIA
2019-20,2020-10-06,playoffs,LAL,MIA
2019-20,2020-10-09,playoffs,MIA,LAL
2019-20,2020-10-11,playoffs,LAL,MIA
2020-21,2020-12-11,preseason,HOU,CHI
2020-21,2020-12-11,preseason,LAC,LAL
2020-21,2020-12-11,preseason,NYK,DET
2020-21,2020-12-11,preseason,ORL,ATL
2020-21,2020-12-11,preseason,SAC,POR
2020-21,2020-12-12,preseason,DAL,MIL
2020-21,2020-12-12,preseason,DEN,GSW
2020-21,2020-12-12,preseason,IND,CLE
2020-21,2020-12-12,preseason,MEM,MIN
2020-21,2020-12-12,preseason,OKC,SAS
2020-21,2020-12-12,preseason,PHX,UTA
2020-21,2020-12-12,preseason,TOR,CHA
2020-21,2020-12-13,preseason,HOU,CHI
2020-21,2020-12-13,preseason,LAC,LAL
2020-21,2020-12-13,preseason,NYK,DET
2020-21,2020-12-13,preseason,ORL,ATL
2020-21,2020-12-13,preseason,SAC,POR
2020-21,2020-12-13,preseason,WAS,BKN
2020-21,2020-12-14,preseason,DAL,MIL
2020-21,2020-12-14,preseason,IND,CLE
2020-21,2020-12-14,preseason,MEM,MIN
2020-21,2020-12-14,preseason,NOP,MIA
2020-21,2020-12-14,preseason,PHX,UTA
2020-21,2020-12-14,preseason,TOR,CHA
2020-21,2020-12-15,preseason,BOS,PHI
2020-21,2020-12-15,preseason,GSW,SAC
2020-21,2020-12-15,preseason,SAS,HOU
2020-21,2020-12-16,preseason,CHI,OKC
2020-21,2020-12-16,preseason,CLE,NYK
2020-21,2020-12-16,preseason,LAL,PHX
2020-21,2020-12-16,preseason,POR,DEN
2020-21,2020-12-17,preseason,ATL,MEM
2020-21,2020-12-17,preseason,CHA,ORL
2020-21,2020-12-17,preseason,DET,WAS
2020-21,2020-12-17,preseason,GSW,SAC
2020-21,2020-12-17,preseason,MIN,DAL
2020-21,2020-12-17,preseason,SAS,HOU
2020-21,2020-12-17,preseason,UTA,LAC
2020-21,2020-12-18,preseason,BKN,BOS
2020-21,2020-12-18,preseason,CHI,OKC
2020-21,2020-12-18,preseason,CLE,NYK
2020-21,2020-12-18,preseason,LAL,PHX
2020-21,2020-12-18,preseason,MIA,TOR
2020-21,2020-12-18,preseason,MIL,NOP
2020-21,2020-12-18,preseason,PHI,IND
2020-21,2020-12-18,preseason,POR,DEN
2020-21,2020-12-19,preseason,ATL,MEM
2020-21,2020-12-19,preseason,CHA,ORL
2020-21,2020-12-19,preseason,DET,WAS
2020-21,2020-12-22,regular,GSW,BKN
2020-21,2020-12-22,regular,LAC,LAL
2020-21,2020-12-23,regular,ATL,CHI
2020-21,2020-12-23,regular,CHA,CLE
2020-21,2020-12-23,regular,DAL,PHX
2020-21,2020-12-23,regular,DET,MIN
2020-21,2020-12-23,regular,MIA,ORL
2020-21,2020-12-23,regular,MIL,BOS
2020-21,2020-12-23,regular,NOP,TOR
2020-21,2020-12-23,regular,NYK,IND
2020-21,2020-12-23,regular,SAC,DEN
2020-21,2020-12-23,regular,SAS,MEM
2020-21,2020-12-23,regular,UTA,POR
2020-21,2020-12-23,regular,WAS,PHI
2020-21,2020-12-25,regular,BKN,BOS
2020-21,2020-12-25,regular,DAL,LAL
2020-21,2020-12-25,regular,GSW,MIL
2020-21,2020-12-25,regular,LAC,DEN
2020-21,2020-12-25,regular,NOP,MIA
2020-21,2020-12-26,regular,ATL,MEM
2020-21,2020-12-26,regular,CLE,DET
2020-21,2020-12-26,regular,HOU,POR
2020-21,2020-12-26,regular,IND,CHI
2020-21,2020-12-26,regular,MIN,UTA
2020-21,2020-12-26,regular,OKC,CHA
2020-21,2020-12-26,regular,ORL,WAS
2020-21,2020-12-26,regular,PHI,NYK
2020-21,2020-12-26,regular,PHX,SAC
2020-21,2020-12-26,regular,TOR,SAS
2020-21,2020-12-27,regular,BKN,CHA
2020-21,2020-12-27,regular,BOS,IND
2020-21,2020-12-27,regular,DAL,LAC
2020-21,2020-12-27,regular,GSW,CHI
2020-21,2020-12-27,regular,MIL,NYK
2020-21,2020-12-27,regular,MIN,LAL
2020-21,2020-12-27,regular,ORL,WAS
2020-21,2020-12-27,regular,PHI,CLE
2020-21,2020-12-27,regular,PHX,SAC
2020-21,2020-12-27,regular,SAS,NOP
2020-21,2020-12-28,regular,DET,ATL
2020-21,2020-12-28,regular,HOU,DEN
2020-21,2020-12-28,regular,MEM,BKN
2020-21,2020-12-28,regular,POR,LAL
2020-21,2020-12-28,regular,UTA,OKC
2020-21,2020-12-29,regular,BOS,IND
2020-21,2020-12-29,regular,CHI,WAS
2020-21,2020-12-29,regular,DEN,SAC
2020-21,2020-12-29,regular,GSW,DET
2020-21,2020-12-29,regular,MIL,MIA
2020-21,2020-12-29,regular,MIN,LAC
2020-21,2020-12-29,regular,NOP,PHX
2020-21,2020-12-29,regular,NYK,CLE
2020-21,2020-12-29,regular,ORL,OKC
2020-21,2020-12-29,regular,TOR,PHI
2020-21,2020-12-30,regular,ATL,BKN
2020-21,2020-12-30,regular,CHA,DAL
2020-21,2020-12-30,regular,LAL,SAS
2020-21,2020-12-30,regular,MEM,BOS
2020-21,2020-12-30,regular,MIL,MIA
2020-21,2020-12-30,regular,POR,LAC
2020-21,2020-12-31,regular,CHI,WAS
2020-21,2020-12-31,regular,CLE,IND
2020-21,2020-12-31,regular,NOP,OKC
2020-21,2020-12-31,regular,NYK,TOR
2020-21,2020-12-31,regular,PHI,ORL
2020-21,2020-12-31,regular,PHX,UTA
2020-21,2020-12-31,regular,SAC,HOU
2020-21,2021-01-01,regular,ATL,BKN
2020-21,2021-01-01,regular,BOS,DET
2020-21,2021-01-01,regular,CHI,MIL
2020-21,2021-01-01,regular,LAC,UTA
2020-21,2021-01-01,regular,LAL,SAS
2020-21,2021-01-01,regular,MEM,CHA
2020-21,2021-01-01,regular,MIA,DAL
2020-21,2021-01-01,regular,PHX,DEN
2020-21,2021-01-01,regular,POR,GSW
2020-21,2021-01-01,regular,WAS,MIN
2020-21,2021-01-02,regular,CHA,PHI
2020-21,2021-01-02,regular,CLE,ATL
2020-21,2021-01-02,regular,NYK,IND
2020-21,2021-01-02,regular,OKC,ORL
2020-21,2021-01-02,regular,SAC,HOU
2020-21,2021-01-02,regular,TOR,NOP
2020-21,2021-01-03,regular,BOS,DET
2020-21,2021-01-03,regular,DAL,CHI
2020-21,2021-01-03,regular,DEN,MIN
2020-21,2021-01-03,regular,LAC,PHX
2020-21,2021-01-03,regular,LAL,MEM
2020-21,2021-01-03,regular,POR,GSW
2020-21,2021-01-03,regular,UTA,SAS
2020-21,2021-01-03,regular,WAS,BKN
2020-21,2021-01-04,regular,BOS,TOR
2020-21,2021-01-04,regular,CHA,PHI
2020-21,2021-01-04,regular,CLE,ORL
2020-21,2021-01-04,regular,DAL,HOU
2020-21,2021-01-04,regular,DET,MIL
2020-21,2021-01-04,regular,IND,NOP
2020-21,2021-01-04,regular,NYK,ATL
2020-21,2021-01-04,regular,OKC,MIA
2020-21,2021-01-04,regular,SAC,GSW
2020-21,2021-01-05,regular,CHI,POR
2020-21,2021-01-05,regular,LAL,MEM
2020-21,2021-01-05,regular,MIN,DEN
2020-21,2021-01-05,regular,SAS,LAC
2020-21,2021-01-05,regular,UTA,BKN
2020-21,2021-01-06,regular,BOS,MIA
2020-21,2021-01-06,regular,CHA,ATL
2020-21,2021-01-06,regular,CHI,SAC
2020-21,2021-01-06,regular,CLE,ORL
2020-21,2021-01-06,regular,DET,MIL
2020-21,2021-01-06,regular,HOU,IND
2020-21,2021-01-06,regular,LAC,GSW
2020-21,2021-01-06,regular,OKC,NOP
2020-21,2021-01-06,regular,TOR,PHX
2020-21,2021-01-06,regular,UTA,NYK
2020-21,2021-01-06,regular,WAS,PHI
2020-21,2021-01-07,regular,CLE,MEM
2020-21,2021-01-07,regular,DAL,DEN
2020-21,2021-01-07,regular,MIN,POR
2020-21,2021-01-07,regular,PHI,BKN
2020-21,2021-01-07,regular,SAS,LAL
2020-21,2021-01-08,regular,BKN,MEM
2020-21,2021-01-08,regular,CHA,NOP
2020-21,2021-01-08,regular,CHI,LAL
2020-21,2021-01-08,regular,LAC,GSW
2020-21,2021-01-08,regular,OKC,NYK
2020-21,2021-01-08,regular,ORL,HOU
2020-21,2021-01-08,regular,PHX,DET
2020-21,2021-01-08,regular,TOR,SAC
2020-21,2021-01-08,regular,UTA,MIL
2020-21,2021-01-08,regular,WAS,BOS
2020-21,2021-01-09,regular,ATL,CHA
2020-21,2021-01-09,regular,CLE,MIL
2020-21,2021-01-09,regular,DEN,PHI
2020-21,2021-01-09,regular,MIA,WAS
2020-21,2021-01-09,regular,ORL,DAL
2020-21,2021-01-09,regular,PHX,IND
2020-21,2021-01-09,regular,POR,SAC
2020-21,2021-01-09,regular,SAS,MIN
2020-21,2021-01-10,regular,CHI,LAC
2020-21,2021-01-10,regular,DEN,NYK
2020-21,2021-01-10,regular,LAL,HOU
2020-21,2021-01-10,regular,OKC,BKN
2020-21,2021-01-10,regular,SAS,MIN
2020-21,2021-01-10,regular,TOR,GSW
2020-21,2021-01-10,regular,UTA,DET
2020-21,2021-01-11,regular,IND,SAC
2020-21,2021-01-11,regular,MEM,CLE
2020-21,2021-01-11,regular,MIL,ORL
2020-21,2021-01-11,regular,NYK,CHA
2020-21,2021-01-11,regular,PHI,ATL
2020-21,2021-01-11,regular,PHX,WAS
2020-21,2021-01-11,regular,TOR,POR
2020-21,2021-01-12,regular,DEN,BKN
2020-21,2021-01-12,regular,IND,GSW
2020-21,2021-01-12,regular,LAL,HOU
2020-21,2021-01-12,regular,MIA,PHI
2020-21,2021-01-12,regular,SAS,OKC
2020-21,2021-01-12,regular,UTA,CLE
2020-21,2021-01-13,regular,BKN,NYK
2020-21,2021-01-13,regular,DAL,CHA
2020-21,2021-01-13,regular,LAL,OKC
2020-21,2021-01-13,regular,MEM,MIN
2020-21,2021-01-13,regular,MIL,DET
2020-21,2021-01-13,regular,NOP,LAC
2020-21,2021-01-13,regular,POR,SAC
2020-21,2021-01-14,regular,CHA,TOR
2020-21,2021-01-14,regular,GSW,DEN
2020-21,2021-01-14,regular,HOU,SAS
2020-21,2021-01-14,regular,IND,POR
2020-21,2021-01-14,regular,MIA,PHI
2020-21,2021-01-15,regular,ATL,UTA
2020-21,2021-01-15,regular,CHI,OKC
2020-21,2021-01-15,regular,DAL,MIL
2020-21,2021-01-15,regular,LAC,SAC
2020-21,2021-01-15,regular,NOP,LAL
2020-21,2021-01-15,regular,NYK,CLE
2020-21,2021-01-15,regular,ORL,BOS
2020-21,2021-01-16,regular,ATL,POR
2020-21,2021-01-16,regular,CHA,TOR
2020-21,2021-01-16,regular,DET,MIA
2020-21,2021-01-16,regular,HOU,SAS
2020-21,2021-01-16,regular,ORL,BKN
2020-21,2021-01-16,regular,PHI,MEM
2020-21,2021-01-17,regular,CHI,DAL
2020-21,2021-01-17,regular,IND,LAC
2020-21,2021-01-17,regular,NOP,SAC
2020-21,2021-01-17,regular,NYK,BOS
2020-21,2021-01-17,regular,UTA,DEN
2020-21,2021-01-18,regular,DAL,TOR
2020-21,2021-01-18,regular,DET,MIA
2020-21,2021-01-18,regular,GSW,LAL
2020-21,2021-01-18,regular,HOU,CHI
2020-21,2021-01-18,regular,MIL,BKN
2020-21,2021-01-18,regular,MIN,ATL
2020-21,2021-01-18,regular,ORL,NYK
2020-21,2021-01-18,regular,PHX,MEM
2020-21,2021-01-18,regular,SAS,POR
2020-21,2021-01-19,regular,NOP,UTA
2020-21,2021-01-19,regular,OKC,DEN
2020-21,2021-01-20,regular,BKN,CLE
2020-21,2021-01-20,regular,BOS,PHI
2020-21,2021-01-20,regular,DAL,IND
2020-21,2021-01-20,regular,DET,ATL
2020-21,2021-01-20,regular,MIA,TOR
2020-21,2021-01-20,regular,ORL,MIN
2020-21,2021-01-20,regular,PHX,HOU
2020-21,2021-01-20,regular,SAC,LAC
2020-21,2021-01-20,regular,SAS,GSW
2020-21,2021-01-21,regular,LAL,MIL
2020-21,2021-01-21,regular,NOP,UTA
2020-21,2021-01-21,regular,NYK,GSW
2020-21,2021-01-22,regular,ATL,MIN
2020-21,2021-01-22,regular,BKN,CLE
2020-21,2021-01-22,regular,BOS,PHI
2020-21,2021-01-22,regular,CHI,CHA
2020-21,2021-01-22,regular,DAL,SAS
2020-21,2021-01-22,regular,DEN,PHX
2020-21,2021-01-22,regular,HOU,DET
2020-21,2021-01-22,regular,MIA,TOR
2020-21,2021-01-22,regular,NYK,SAC
2020-21,2021-01-22,regular,OKC,LAC
2020-21,2021-01-22,regular,ORL,IND
2020-21,2021-01-23,regular,DEN,PHX
2020-21,2021-01-23,regular,GSW,UTA
2020-21,2021-01-23,regular,HOU,DAL
2020-21,2021-01-23,regular,LAL,CHI
2020-21,2021-01-23,regular,MIA,BKN
2020-21,2021-01-23,regular,NOP,MIN
2020-21,2021-01-23,regular,PHI,DET
2020-21,2021-01-24,regular,ATL,MIL
2020-21,2021-01-24,regular,CHA,ORL
2020-21,2021-01-24,regular,CLE,BOS
2020-21,2021-01-24,regular,NYK,POR
2020-21,2021-01-24,regular,OKC,LAC
2020-21,2021-01-24,regular,TOR,IND
2020-21,2021-01-24,regular,WAS,SAS
2020-21,2021-01-25,regular,BOS,CHI
2020-21,2021-01-25,regular,CHA,ORL
2020-21,2021-01-25,regular,DEN,DAL
2020-21,2021-01-25,regular,LAL,CLE
2020-21,2021-01-25,regular,MIA,BKN
2020-21,2021-01-25,regular,MIN,GSW
2020-21,2021-01-25,regular,OKC,POR
2020-21,2021-01-25,regular,PHI,DET
2020-21,2021-01-25,regular,TOR,IND
2020-21,2021-01-26,regular,LAC,ATL
2020-21,2021-01-26,regular,NYK,UTA
2020-21,2021-01-26,regular,WAS,HOU
2020-21,2021-01-27,regular,BKN,ATL
2020-21,2021-01-27,regular,BOS,SAS
2020-21,2021-01-27,regular,DAL,UTA
2020-21,2021-01-27,regular,DEN,MIA
2020-21,2021-01-27,regular,DET,CLE
2020-21,2021-01-27,regular,IND,CHA
2020-21,2021-01-27,regular,LAL,PHI
2020-21,2021-01-27,regular,MIL,TOR
2020-21,2021-01-27,regular,MIN,GSW
2020-21,2021-01-27,regular,OKC,PHX
2020-21,2021-01-27,regular,SAC,ORL
2020-21,2021-01-27,regular,WAS,NOP
2020-21,2021-01-28,regular,GSW,PHX
2020-21,2021-01-28,regular,LAC,MIA
2020-21,2021-01-28,regular,LAL,DET
2020-21,2021-01-28,regular,POR,HOU
2020-21,2021-01-29,regular,ATL,WAS
2020-21,2021-01-29,regular,BKN,OKC
2020-21,2021-01-29,regular,CLE,NYK
2020-21,2021-01-29,regular,DAL,UTA
2020-21,2021-01-29,regular,DEN,SAS
2020-21,2021-01-29,regular,IND,CHA
2020-21,2021-01-29,regular,LAC,ORL
2020-21,2021-01-29,regular,MIL,NOP
2020-21,2021-01-29,regular,PHI,MIN
2020-21,2021-01-29,regular,SAC,TOR
2020-21,2021-01-30,regular,DET,GSW
2020-21,2021-01-30,regular,HOU,NOP
2020-21,2021-01-30,regular,LAL,BOS
2020-21,2021-01-30,regular,MEM,SAS
2020-21,2021-01-30,regular,MIL,CHA
2020-21,2021-01-30,regular,PHX,DAL
2020-21,2021-01-30,regular,POR,CHI
2020-21,2021-01-30,regular,SAC,MIA
2020-21,2021-01-31,regular,BKN,WAS
2020-21,2021-01-31,regular,CLE,MIN
2020-21,2021-01-31,regular,LAC,NYK
2020-21,2021-01-31,regular,ORL,TOR
2020-21,2021-01-31,regular,PHI,IND
2020-21,2021-01-31,regular,UTA,DEN
2020-21,2021-02-01,regular,CHA,MIA
2020-21,2021-02-01,regular,HOU,OKC
2020-21,2021-02-01,regular,LAL,ATL
2020-21,2021-02-01,regular,MEM,SAS
2020-21,2021-02-01,regular,MIN,CLE
2020-21,2021-02-01,regular,NYK,CHI
2020-21,2021-02-01,regular,PHX,DAL
2020-21,2021-02-01,regular,POR,MIL
2020-21,2021-02-01,regular,SAC,NOP
2020-21,2021-02-02,regular,BOS,GSW
2020-21,2021-02-02,regular,DET,UTA
2020-21,2021-02-02,regular,LAC,BKN
2020-21,2021-02-02,regular,MEM,IND
2020-21,2021-02-02,regular,POR,WAS
2020-21,2021-02-02,regular,TOR,ORL
2020-21,2021-02-03,regular,BOS,SAC
2020-21,2021-02-03,regular,DAL,ATL
2020-21,2021-02-03,regular,HOU,OKC
2020-21,2021-02-03,regular,IND,MIL
2020-21,2021-02-03,regular,LAC,CLE
2020-21,2021-02-03,regular,MIN,SAS
2020-21,2021-02-03,regular,NYK,CHI
2020-21,2021-02-03,regular,PHI,CHA
2020-21,2021-02-03,regular,PHX,NOP
2020-21,2021-02-03,regular,WAS,MIA
2020-21,2021-02-04,regular,DEN,LAL
2020-21,2021-02-04,regular,GSW,DAL
2020-21,2021-02-04,regular,HOU,MEM
2020-21,2021-02-04,regular,POR,PHI
2020-21,2021-02-04,regular,UTA,ATL
2020-21,2021-02-05,regular,BOS,LAC
2020-21,2021-02-05,regular,CHI,ORL
2020-21,2021-02-05,regular,DET,PHX
2020-21,2021-02-05,regular,MIL,CLE
2020-21,2021-02-05,regular,MIN,OKC
2020-21,2021-02-05,regular,NOP,IND
2020-21,2021-02-05,regular,TOR,BKN
2020-21,2021-02-05,regular,UTA,CHA
2020-21,2021-02-05,regular,WAS,MIA
2020-21,2021-02-06,regular,BKN,PHI
2020-21,2021-02-06,regular,CHI,ORL
2020-21,2021-02-06,regular,DEN,SAC
2020-21,2021-02-06,regular,DET,LAL
2020-21,2021-02-06,regular,GSW,DAL
2020-21,2021-02-06,regular,MEM,NOP
2020-21,2021-02-06,regular,MIL,CLE
2020-21,2021-02-06,regular,MIN,OKC
2020-21,2021-02-06,regular,POR,NYK
2020-21,2021-02-06,regular,SAS,HOU
2020-21,2021-02-06,regular,TOR,ATL
2020-21,2021-02-07,regular,BOS,PHX
2020-21,2021-02-07,regular,MIA,NYK
2020-21,2021-02-07,regular,SAC,LAC
2020-21,2021-02-07,regular,UTA,IND
2020-21,2021-02-07,regular,WAS,CHA
2020-21,2021-02-08,regular,CLE,PHX
2020-21,2021-02-08,regular,GSW,SAS
2020-21,2021-02-08,regular,HOU,CHA
2020-21,2021-02-08,regular,MIL,DEN
2020-21,2021-02-08,regular,MIN,DAL
2020-21,2021-02-08,regular,OKC,LAL
2020-21,2021-02-08,regular,TOR,MEM
2020-21,2021-02-08,regular,WAS,CHI
2020-21,2021-02-09,regular,BKN,DET
2020-21,2021-02-09,regular,BOS,UTA
2020-21,2021-02-09,regular,GSW,SAS
2020-21,2021-02-09,regular,HOU,NOP
2020-21,2021-02-09,regular,NYK,MIA
2020-21,2021-02-09,regular,ORL,POR
2020-21,2021-02-09,regular,PHI,SAC
2020-21,2021-02-10,regular,ATL,DAL
2020-21,2021-02-10,regular,CHA,MEM
2020-21,2021-02-10,regular,CLE,DEN
2020-21,2021-02-10,regular,IND,BKN
2020-21,2021-02-10,regular,LAC,MIN
2020-21,2021-02-10,regular,MIL,PHX
2020-21,2021-02-10,regular,NOP,CHI
2020-21,2021-02-10,regular,OKC,LAL
2020-21,2021-02-10,regular,TOR,WAS
2020-21,2021-02-11,regular,IND,DET
2020-21,2021-02-11,regular,MIA,HOU
2020-21,2021-02-11,regular,ORL,GSW
2020-21,2021-02-11,regular,PHI,POR
2020-21,2021-02-11,regular,TOR,BOS
2020-21,2021-02-12,regular,CLE,POR
2020-21,2021-02-12,regular,DET,BOS
2020-21,2021-02-12,regular,LAC,CHI
2020-21,2021-02-12,regular,MEM,LAL
2020-21,2021-02-12,regular,MIL,UTA
2020-21,2021-02-12,regular,MIN,CHA
2020-21,2021-02-12,regular,NOP,DAL
2020-21,2021-02-12,regular,NYK,WAS
2020-21,2021-02-12,regular,OKC,DEN
2020-21,2021-02-12,regular,ORL,SAC
2020-21,2021-02-12,regular,SAS,ATL
2020-21,2021-02-13,regular,BKN,GSW
2020-21,2021-02-13,regular,HOU,NYK
2020-21,2021-02-13,regular,IND,ATL
2020-21,2021-02-13,regular,MIA,UTA
2020-21,2021-02-13,regular,PHI,PHX
2020-21,2021-02-14,regular,BOS,WAS
2020-21,2021-02-14,regular,CLE,LAC
2020-21,2021-02-14,regular,LAL,DEN
2020-21,2021-02-14,regular,MEM,SAC
2020-21,2021-02-14,regular,MIL,OKC
2020-21,2021-02-14,regular,MIN,TOR
2020-21,2021-02-14,regular,NOP,DET
2020-21,2021-02-14,regular,ORL,PHX
2020-21,2021-02-14,regular,POR,DAL
2020-21,2021-02-14,regular,SAS,CHA
2020-21,2021-02-15,regular,ATL,NYK
2020-21,2021-02-15,regular,BKN,SAC
2020-21,2021-02-15,regular,CHI,IND
2020-21,2021-02-15,regular,CLE,GSW
2020-21,2021-02-15,regular,HOU,WAS
2020-21,2021-02-15,regular,MIA,LAC
2020-21,2021-02-15,regular,PHI,UTA
2020-21,2021-02-16,regular,BKN,PHX
2020-21,2021-02-16,regular,DEN,BOS
2020-21,2021-02-16,regular,LAL,MIN
2020-21,2021-02-16,regular,NOP,MEM
2020-21,2021-02-16,regular,POR,OKC
2020-21,2021-02-16,regular,TOR,MIL
2020-21,2021-02-17,regular,ATL,BOS
2020-21,2021-02-17,regular,DEN,WAS
2020-21,2021-02-17,regular,DET,CHI
2020-21,2021-02-17,regular,HOU,PHI
2020-21,2021-02-17,regular,IND,MIN
2020-21,2021-02-17,regular,MIA,GSW
2020-21,2021-02-17,regular,NYK,ORL
2020-21,2021-02-17,regular,OKC,MEM
2020-21,2021-02-17,regular,POR,NOP
2020-21,2021-02-17,regular,UTA,LAC
2020-21,2021-02-18,regular,BKN,LAL
2020-21,2021-02-18,regular,MIA,SAC
2020-21,2021-02-18,regular,TOR,MIL
2020-21,2021-02-19,regular,ATL,BOS
2020-21,2021-02-19,regular,CHI,PHI
2020-21,2021-02-19,regular,DEN,CLE
2020-21,2021-02-19,regular,DET,MEM
2020-21,2021-02-19,regular,GSW,ORL
2020-21,2021-02-19,regular,OKC,MIL
2020-21,2021-02-19,regular,PHX,NOP
2020-21,2021-02-19,regular,TOR,MIN
2020-21,2021-02-19,regular,UTA,LAC
2020-21,2021-02-20,regular,GSW,CHA
2020-21,2021-02-20,regular,MIA,LAL
2020-21,2021-02-20,regular,PHX,MEM
2020-21,2021-02-20,regular,SAC,CHI
2020-21,2021-02-20,regular,WAS,POR
2020-21,2021-02-21,regular,BKN,LAC
2020-21,2021-02-21,regular,BOS,NOP
2020-21,2021-02-21,regular,DEN,ATL
2020-21,2021-02-21,regular,DET,ORL
2020-21,2021-02-21,regular,MIN,NYK
2020-21,2021-02-21,regular,OKC,CLE
2020-21,2021-02-21,regular,PHI,TOR
2020-21,2021-02-21,regular,SAC,MIL
2020-21,2021-02-22,regular,CHA,UTA
2020-21,2021-02-22,regular,CHI,HOU
2020-21,2021-02-22,regular,MEM,DAL
2020-21,2021-02-22,regular,MIA,OKC
2020-21,2021-02-22,regular,POR,PHX
2020-21,2021-02-22,regular,WAS,LAL
2020-21,2021-02-23,regular,ATL,CLE
2020-21,2021-02-23,regular,BOS,DAL
2020-21,2021-02-23,regular,DET,ORL
2020-21,2021-02-23,regular,GSW,NYK
2020-21,2021-02-23,regular,MIN,MIL
2020-21,2021-02-23,regular,PHI,TOR
2020-21,2021-02-23,regular,POR,DEN
2020-21,2021-02-23,regular,SAC,BKN
2020-21,2021-02-23,regular,WAS,LAC
2020-21,2021-02-24,regular,BOS,ATL
2020-21,2021-02-24,regular,CHA,PHX
2020-21,2021-02-24,regular,DET,NOP
2020-21,2021-02-24,regular,GSW,IND
2020-21,2021-02-24,regular,HOU,CLE
2020-21,2021-02-24,regular,LAL,UTA
2020-21,2021-02-24,regular,MIN,CHI
2020-21,2021-02-24,regular,SAS,OKC
2020-21,2021-02-24,regular,TOR,MIA
2020-21,2021-02-25,regular,DAL,PHI
2020-21,2021-02-25,regular,LAC,MEM
2020-21,2021-02-25,regular,NOP,MIL
2020-21,2021-02-25,regular,ORL,BKN
2020-21,2021-02-25,regular,SAC,NYK
2020-21,2021-02-25,regular,WAS,DEN
2020-21,2021-02-26,regular,ATL,OKC
2020-21,2021-02-26,regular,CHA,GSW
2020-21,2021-02-26,regular,HOU,TOR
2020-21,2021-02-26,regular,IND,BOS
2020-21,2021-02-26,regular,LAC,MEM
2020-21,2021-02-26,regular,PHX,CHI
2020-21,2021-02-26,regular,POR,LAL
2020-21,2021-02-26,regular,SAC,DET
2020-21,2021-02-26,regular,UTA,MIA
2020-21,2021-02-27,regular,CLE,PHI
2020-21,2021-02-27,regular,DAL,BKN
2020-21,2021-02-27,regular,DEN,OKC
2020-21,2021-02-27,regular,IND,NYK
2020-21,2021-02-27,regular,MIN,WAS
2020-21,2021-02-27,regular,NOP,SAS
2020-21,2021-02-27,regular,UTA,ORL
2020-21,2021-02-28,regular,ATL,MIA
2020-21,2021-02-28,regular,CHA,SAC
2020-21,2021-02-28,regular,GSW,LAL
2020-21,2021-02-28,regular,LAC,MIL
2020-21,2021-02-28,regular,MEM,HOU
2020-21,2021-02-28,regular,NYK,DET
2020-21,2021-02-28,regular,PHX,MIN
2020-21,2021-02-28,regular,WAS,BOS
2020-21,2021-03-01,regular,BKN,SAS
2020-21,2021-03-01,regular,CHA,POR
2020-21,2021-03-01,regular,CLE,HOU
2020-21,2021-03-01,regular,DAL,ORL
2020-21,2021-03-01,regular,DEN,CHI
2020-21,2021-03-01,regular,IND,PHI
2020-21,2021-03-01,regular,UTA,NOP
2020-21,2021-03-02,regular,ATL,MIA
2020-21,2021-03-02,regular,DEN,MIL
2020-21,2021-03-02,regular,LAC,BOS
2020-21,2021-03-02,regular,MEM,WAS
2020-21,2021-03-02,regular,NYK,SAS
2020-21,2021-03-02,regular,PHX,LAL
2020-21,2021-03-03,regular,ATL,ORL
2020-21,2021-03-03,regular,BKN,HOU
2020-21,2021-03-03,regular,CHA,MIN
2020-21,2021-03-03,regular,CHI,NOP
2020-21,2021-03-03,regular,DET,TOR
2020-21,2021-03-03,regular,GSW,POR
2020-21,2021-03-03,regular,IND,CLE
2020-21,2021-03-03,regular,LAL,SAC
2020-21,2021-03-03,regular,OKC,DAL
2020-21,2021-03-03,regular,UTA,PHI
2020-21,2021-03-04,regular,DEN,IND
2020-21,2021-03-04,regular,DET,NYK
2020-21,2021-03-04,regular,GSW,PHX
2020-21,2021-03-04,regular,LAC,WAS
2020-21,2021-03-04,regular,MIA,NOP
2020-21,2021-03-04,regular,MIL,MEM
2020-21,2021-03-04,regular,OKC,SAS
2020-21,2021-03-04,regular,SAC,POR
2020-21,2021-03-04,regular,TOR,BOS
2020-21,2021-03-10,regular,SAS,DAL
2020-21,2021-03-10,regular,WAS,MEM
2020-21,2021-03-11,regular,ATL,TOR
2020-21,2021-03-11,regular,BOS,BKN
2020-21,2021-03-11,regular,DAL,OKC
2020-21,2021-03-11,regular,DET,CHA
2020-21,2021-03-11,regular,GSW,LAC
2020-21,2021-03-11,regular,HOU,SAC
2020-21,2021-03-11,regular,MIN,NOP
2020-21,2021-03-11,regular,NYK,MIL
2020-21,2021-03-11,regular,ORL,MIA
2020-21,2021-03-11,regular,PHI,CHI
2020-21,2021-03-11,regular,PHX,POR
2020-21,2021-03-12,regular,CLE,NOP
2020-21,2021-03-12,regular,DEN,MEM
2020-21,2021-03-12,regular,HOU,UTA
2020-21,2021-03-12,regular,IND,LAL
2020-21,2021-03-12,regular,MIA,CHI
2020-21,2021-03-12,regular,ORL,SAS
2020-21,2021-03-12,regular,PHI,WAS
2020-21,2021-03-13,regular,DAL,DEN
2020-21,2021-03-13,regular,DET,BKN
2020-21,2021-03-13,regular,IND,PHX
2020-21,2021-03-13,regular,MIL,WAS
2020-21,2021-03-13,regular,NYK,OKC
2020-21,2021-03-13,regular,POR,MIN
2020-21,2021-03-13,regular,SAC,ATL
2020-21,2021-03-13,regular,TOR,CHA
2020-21,2021-03-14,regular,BOS,HOU
2020-21,2021-03-14,regular,CLE,ATL
2020-21,2021-03-14,regular,LAC,NOP
2020-21,2021-03-14,regular,MEM,OKC
2020-21,2021-03-14,regular,MIA,ORL
2020-21,2021-03-14,regular,POR,MIN
2020-21,2021-03-14,regular,SAS,PHI
2020-21,2021-03-14,regular,TOR,CHI
2020-21,2021-03-14,regular,UTA,GSW
2020-21,2021-03-15,regular,IND,DEN
2020-21,2021-03-15,regular,LAC,DAL
2020-21,2021-03-15,regular,LAL,GSW
2020-21,2021-03-15,regular,MEM,PHX
2020-21,2021-03-15,regular,MIL,WAS
2020-21,2021-03-15,regular,NYK,BKN
2020-21,2021-03-15,regular,SAC,CHA
2020-21,2021-03-15,regular,SAS,DET
2020-21,2021-03-16,regular,ATL,HOU
2020-21,2021-03-16,regular,CLE,MIA
2020-21,2021-03-16,regular,MIN,LAL
2020-21,2021-03-16,regular,NOP,POR
2020-21,2021-03-16,regular,NYK,PHI
2020-21,2021-03-16,regular,OKC,CHI
2020-21,2021-03-16,regular,UTA,BOS
2020-21,2021-03-17,regular,BKN,IND
2020-21,2021-03-17,regular,BOS,CLE
2020-21,2021-03-17,regular,CHA,DEN
2020-21,2021-03-17,regular,GSW,HOU
2020-21,2021-03-17,regular,LAC,DAL
2020-21,2021-03-17,regular,MIA,MEM
2020-21,2021-03-17,regular,MIL,PHI
2020-21,2021-03-17,regular,SAC,WAS
2020-21,2021-03-17,regular,SAS,CHI
2020-21,2021-03-17,regular,TOR,DET
2020-21,2021-03-18,regular,CHA,LAL
2020-21,2021-03-18,regular,MIN,PHX
2020-21,2021-03-18,regular,NOP,POR
2020-21,2021-03-18,regular,OKC,ATL
2020-21,2021-03-18,regular,ORL,NYK
2020-21,2021-03-18,regular,UTA,WAS
2020-21,2021-03-19,regular,BKN,ORL
2020-21,2021-03-19,regular,CHI,DEN
2020-21,2021-03-19,regular,DAL,POR
2020-21,2021-03-19,regular,DET,HOU
2020-21,2021-03-19,regular,GSW,MEM
2020-21,2021-03-19,regular,IND,MIA
2020-21,2021-03-19,regular,MIN,PHX
2020-21,2021-03-19,regular,SAC,BOS
2020-21,2021-03-19,regular,SAS,CLE
2020-21,2021-03-19,regular,UTA,TOR
2020-21,2021-03-20,regular,ATL,LAL
2020-21,2021-03-20,regular,CHA,LAC
2020-21,2021-03-20,regular,GSW,MEM
2020-21,2021-03-20,regular,SAC,PHI
2020-21,2021-03-20,regular,SAS,MIL
2020-21,2021-03-21,regular,CHI,DET
2020-21,2021-03-21,regular,DAL,POR
2020-21,2021-03-21,regular,IND,MIA
2020-21,2021-03-21,regular,LAL,PHX
2020-21,2021-03-21,regular,NOP,DEN
2020-21,2021-03-21,regular,OKC,HOU
2020-21,2021-03-21,regular,ORL,BOS
2020-21,2021-03-21,regular,PHI,NYK
2020-21,2021-03-21,regular,TOR,CLE
2020-21,2021-03-21,regular,WAS,BKN
2020-21,2021-03-22,regular,ATL,LAC
2020-21,2021-03-22,regular,BOS,MEM
2020-21,2021-03-22,regular,CHA,SAS
2020-21,2021-03-22,regular,IND,MIL
2020-21,2021-03-22,regular,OKC,MIN
2020-21,2021-03-22,regular,SAC,CLE
2020-21,2021-03-22,regular,TOR,HOU
2020-21,2021-03-22,regular,UTA,CHI
2020-21,2021-03-23,regular,BKN,POR
2020-21,2021-03-23,regular,DEN,ORL
2020-21,2021-03-23,regular,LAL,NOP
2020-21,2021-03-23,regular,PHI,GSW
2020-21,2021-03-23,regular,PHX,MIA
2020-21,2021-03-23,regular,WAS,NYK
2020-21,2021-03-24,regular,ATL,SAC
2020-21,2021-03-24,regular,BKN,UTA
2020-21,2021-03-24,regular,BOS,MIL
2020-21,2021-03-24,regular,CHA,HOU
2020-21,2021-03-24,regular,CLE,CHI
2020-21,2021-03-24,regular,DAL,MIN
2020-21,2021-03-24,regular,DEN,TOR
2020-21,2021-03-24,regular,DET,IND
2020-21,2021-03-24,regular,LAC,SAS
2020-21,2021-03-24,regular,MEM,OKC
2020-21,2021-03-24,regular,PHX,ORL
2020-21,2021-03-25,regular,GSW,SAC
2020-21,2021-03-25,regular,LAC,SAS
2020-21,2021-03-25,regular,PHI,LAL
2020-21,2021-03-25,regular,POR,MIA
2020-21,2021-03-25,regular,WAS,NYK
2020-21,2021-03-26,regular,ATL,GSW
2020-21,2021-03-26,regular,BKN,DET
2020-21,2021-03-26,regular,BOS,MIL
2020-21,2021-03-26,regular,CLE,LAL
2020-21,2021-03-26,regular,DEN,NOP
2020-21,2021-03-26,regular,HOU,MIN
2020-21,2021-03-26,regular,IND,DAL
2020-21,2021-03-26,regular,MEM,UTA
2020-21,2021-03-26,regular,MIA,CHA
2020-21,2021-03-26,regular,PHX,TOR
2020-21,2021-03-26,regular,POR,ORL
2020-21,2021-03-27,regular,BOS,OKC
2020-21,2021-03-27,regular,CHI,SAS
2020-21,2021-03-27,regular,CLE,SAC
2020-21,2021-03-27,regular,DAL,NOP
2020-21,2021-03-27,regular,DET,WAS
2020-21,2021-03-27,regular,HOU,MIN
2020-21,2021-03-27,regular,MEM,UTA
2020-21,2021-03-27,regular,NYK,MIL
2020-21,2021-03-27,regular,PHI,LAC
2020-21,2021-03-28,regular,ATL,DEN
2020-21,2021-03-28,regular,ORL,LAL
2020-21,2021-03-28,regular,PHX,CHA
2020-21,2021-03-28,regular,POR,TOR
2020-21,2021-03-29,regular,CHI,GSW
2020-21,2021-03-29,regular,CLE,UTA
2020-21,2021-03-29,regular,DAL,OKC
2020-21,2021-03-29,regular,IND,WAS
2020-21,2021-03-29,regular,MEM,HOU
2020-21,2021-03-29,regular,MIA,NYK
2020-21,2021-03-29,regular,MIL,LAC
2020-21,2021-03-29,regular,MIN,BKN
2020-21,2021-03-29,regular,NOP,BOS
2020-21,2021-03-29,regular,SAC,SAS
2020-21,2021-03-29,regular,TOR,DET
2020-21,2021-03-30,regular,ATL,PHX
2020-21,2021-03-30,regular,CHA,WAS
2020-21,2021-03-30,regular,ORL,LAC
2020-21,2021-03-30,regular,PHI,DEN
2020-21,2021-03-31,regular,CHI,PHX
2020-21,2021-03-31,regular,DAL,BOS
2020-21,2021-03-31,regular,HOU,BKN
2020-21,2021-03-31,regular,MIA,IND
2020-21,2021-03-31,regular,MIL,LAL
2020-21,2021-03-31,regular,NYK,MIN
2020-21,2021-03-31,regular,POR,DET
2020-21,2021-03-31,regular,SAC,SAS
2020-21,2021-03-31,regular,TOR,OKC
2020-21,2021-03-31,regular,UTA,MEM
2020-21,2021-04-01,regular,ATL,SAS
2020-21,2021-04-01,regular,CHA,BKN
2020-21,2021-04-01,regular,DEN,LAC
2020-21,2021-04-01,regular,GSW,MIA
2020-21,2021-04-01,regular,ORL,NOP
2020-21,2021-04-01,regular,PHI,CLE
2020-21,2021-04-01,regular,WAS,DET
2020-21,2021-04-02,regular,ATL,NOP
2020-21,2021-04-02,regular,CHA,IND
2020-21,2021-04-02,regular,CHI,UTA
2020-21,2021-04-02,regular,DAL,NYK
2020-21,2021-04-02,regular,GSW,TOR
2020-21,2021-04-02,regular,HOU,BOS
2020-21,2021-04-02,regular,LAL,SAC
2020-21,2021-04-02,regular,MIL,POR
2020-21,2021-04-02,regular,MIN,MEM
2020-21,2021-04-02,regular,OKC,PHX
2020-21,2021-04-03,regular,CLE,MIA
2020-21,2021-04-03,regular,DAL,WAS
2020-21,2021-04-03,regular,IND,SAS
2020-21,2021-04-03,regular,MIL,SAC
2020-21,2021-04-03,regular,MIN,PHI
2020-21,2021-04-03,regular,NYK,DET
2020-21,2021-04-03,regular,OKC,POR
2020-21,2021-04-03,regular,ORL,UTA
2020-21,2021-04-04,regular,BKN,CHI
2020-21,2021-04-04,regular,CHA,BOS
2020-21,2021-04-04,regular,GSW,ATL
2020-21,2021-04-04,regular,LAL,LAC
2020-21,2021-04-04,regular,MEM,PHI
2020-21,2021-04-04,regular,NOP,HOU
2020-21,2021-04-04,regular,ORL,DEN
2020-21,2021-04-05,regular,CLE,SAS
2020-21,2021-04-05,regular,DET,OKC
2020-21,2021-04-05,regular,NYK,BKN
2020-21,2021-04-05,regular,PHX,HOU
2020-21,2021-04-05,regular,SAC,MIN
2020-21,2021-04-05,regular,UTA,DAL
2020-21,2021-04-05,regular,WAS,TOR
2020-21,2021-04-06,regular,CHI,IND
2020-21,2021-04-06,regular,DET,DEN
2020-21,2021-04-06,regular,LAL,TOR
2020-21,2021-04-06,regular,MEM,MIA
2020-21,2021-04-06,regular,MIL,GSW
2020-21,2021-04-06,regular,NOP,ATL
2020-21,2021-04-06,regular,PHI,BOS
2020-21,2021-04-06,regular,POR,LAC
2020-21,2021-04-07,regular,CHA,OKC
2020-21,2021-04-07,regular,DAL,HOU
2020-21,2021-04-07,regular,MEM,ATL
2020-21,2021-04-07,regular,MIN,IND
2020-21,2021-04-07,regular,NOP,BKN
2020-21,2021-04-07,regular,NYK,BOS
2020-21,2021-04-07,regular,SAS,DEN
2020-21,2021-04-07,regular,UTA,PHX
2020-21,2021-04-07,regular,WAS,ORL
2020-21,2021-04-08,regular,CHI,TOR
2020-21,2021-04-08,regular,CLE,OKC
2020-21,2021-04-08,regular,DET,SAC
2020-21,2021-04-08,regular,LAL,MIA
2020-21,2021-04-08,regular,MIL,DAL
2020-21,2021-04-08,regular,PHX,LAC
2020-21,2021-04-08,regular,POR,UTA
2020-21,2021-04-09,regular,CHA,MIL
2020-21,2021-04-09,regular,CHI,ATL
2020-21,2021-04-09,regular,HOU,LAC
2020-21,2021-04-09,regular,IND,ORL
2020-21,2021-04-09,regular,MEM,NYK
2020-21,2021-04-09,regular,MIN,BOS
2020-21,2021-04-09,regular,PHI,NOP
2020-21,2021-04-09,regular,SAS,DEN
2020-21,2021-04-09,regular,WAS,GSW
2020-21,2021-04-10,regular,DET,POR
2020-21,2021-04-10,regular,HOU,GSW
2020-21,2021-04-10,regular,LAL,BKN
2020-21,2021-04-10,regular,PHI,OKC
2020-21,2021-04-10,regular,SAC,UTA
2020-21,2021-04-10,regular,TOR,CLE
2020-21,2021-04-10,regular,WAS,PHX
2020-21,2021-04-11,regular,ATL,CHA
2020-21,2021-04-11,regular,BOS,DEN
2020-21,2021-04-11,regular,CHI,MIN
2020-21,2021-04-11,regular,DET,LAC
2020-21,2021-04-11,regular,IND,MEM
2020-21,2021-04-11,regular,MIA,POR
2020-21,2021-04-11,regular,MIL,ORL
2020-21,2021-04-11,regular,NOP,CLE
2020-21,2021-04-11,regular,SAS,DAL
2020-21,2021-04-11,regular,TOR,NYK
2020-21,2021-04-12,regular,CHI,MEM
2020-21,2021-04-12,regular,DEN,GSW
2020-21,2021-04-12,regular,HOU,PHX
2020-21,2021-04-12,regular,LAL,NYK
2020-21,2021-04-12,regular,PHI,DAL
2020-21,2021-04-12,regular,SAC,NOP
2020-21,2021-04-12,regular,SAS,ORL
2020-21,2021-04-12,regular,WAS,UTA
2020-21,2021-04-13,regular,ATL,TOR
2020-21,2021-04-13,regular,BKN,MIN
2020-21,2021-04-13,regular,BOS,POR
2020-21,2021-04-13,regular,LAC,IND
2020-21,2021-04-13,regular,LAL,CHA
2020-21,2021-04-13,regular,MIA,PHX
2020-21,2021-04-13,regular,OKC,UTA
2020-21,2021-04-14,regular,BKN,PHI
2020-21,2021-04-14,regular,CLE,CHA
2020-21,2021-04-14,regular,DAL,MEM
2020-21,2021-04-14,regular,GSW,OKC
2020-21,2021-04-14,regular,IND,HOU
2020-21,2021-04-14,regular,LAC,DET
2020-21,2021-04-14,regular,MIA,DEN
2020-21,2021-04-14,regular,MIL,MIN
2020-21,2021-04-14,regular,NYK,NOP
2020-21,2021-04-14,regular,ORL,CHI
2020-21,2021-04-14,regular,SAS,TOR
2020-21,2021-04-14,regular,WAS,SAC
2020-21,2021-04-15,regular,BOS,LAL
2020-21,2021-04-15,regular,GSW,CLE
2020-21,2021-04-15,regular,MIL,ATL
2020-21,2021-04-15,regular,SAC,PHX
2020-21,2021-04-16,regular,CHA,BKN
2020-21,2021-04-16,regular,DEN,HOU
2020-21,2021-04-16,regular,IND,UTA
2020-21,2021-04-16,regular,LAC,PHI
2020-21,2021-04-16,regular,MEM,CHI
2020-21,2021-04-16,regular,MIA,MIN
2020-21,2021-04-16,regular,NOP,WAS
2020-21,2021-04-16,regular,NYK,DAL
2020-21,2021-04-16,regular,OKC,DET
2020-21,2021-04-16,regular,ORL,TOR
2020-21,2021-04-16,regular,POR,SAS
2020-21,2021-04-17,regular,CLE,CHI
2020-21,2021-04-17,regular,DET,WAS
2020-21,2021-04-17,regular,GSW,BOS
2020-21,2021-04-17,regular,MEM,MIL
2020-21,2021-04-17,regular,SAS,PHX
2020-21,2021-04-17,regular,UTA,LAL
2020-21,2021-04-18,regular,BKN,MIA
2020-21,2021-04-18,regular,HOU,ORL
2020-21,2021-04-18,regular,IND,ATL
2020-21,2021-04-18,regular,MIN,LAC
2020-21,2021-04-18,regular,NOP,NYK
2020-21,2021-04-18,regular,OKC,TOR
2020-21,2021-04-18,regular,POR,CHA
2020-21,2021-04-18,regular,SAC,DAL
2020-21,2021-04-19,regular,CHI,BOS
2020-21,2021-04-19,regular,CLE,DET
2020-21,2021-04-19,regular,GSW,PHI
2020-21,2021-04-19,regular,HOU,MIA
2020-21,2021-04-19,regular,MEM,DEN
2020-21,2021-04-19,regular,OKC,WAS
2020-21,2021-04-19,regular,PHX,MIL
2020-21,2021-04-19,regular,SAS,IND
2020-21,2021-04-19,regular,UTA,LAL
2020-21,2021-04-20,regular,BKN,NOP
2020-21,2021-04-20,regular,CHA,NYK
2020-21,2021-04-20,regular,LAC,POR
2020-21,2021-04-20,regular,MIN,SAC
2020-21,2021-04-20,regular,ORL,ATL
2020-21,2021-04-21,regular,ATL,NYK
2020-21,2021-04-21,regular,BKN,TOR
2020-21,2021-04-21,regular,CHI,CLE
2020-21,2021-04-21,regular,DEN,POR
2020-21,2021-04-21,regular,DET,DAL
2020-21,2021-04-21,regular,GSW,WAS
2020-21,2021-04-21,regular,MEM,LAC
2020-21,2021-04-21,regular,MIA,SAS
2020-21,2021-04-21,regular,MIN,SAC
2020-21,2021-04-21,regular,OKC,IND
2020-21,2021-04-21,regular,PHX,PHI
2020-21,2021-04-21,regular,UTA,HOU
2020-21,2021-04-22,regular,CHA,CHI
2020-21,2021-04-22,regular,DET,SAS
2020-21,2021-04-22,regular,LAL,DAL
2020-21,2021-04-22,regular,NOP,ORL
2020-21,2021-04-22,regular,PHI,MIL
2020-21,2021-04-22,regular,PHX,BOS
2020-21,2021-04-23,regular,BOS,BKN
2020-21,2021-04-23,regular,CLE,CHA
2020-21,2021-04-23,regular,DEN,GSW
2020-21,2021-04-23,regular,LAC,HOU
2020-21,2021-04-23,regular,MEM,POR
2020-21,2021-04-23,regular,MIA,ATL
2020-21,2021-04-23,regular,WAS,OKC
2020-21,2021-04-24,regular,CHI,MIA
2020-21,2021-04-24,regular,DET,IND
2020-21,2021-04-24,regular,HOU,DEN
2020-21,2021-04-24,regular,LAL,DAL
2020-21,2021-04-24,regular,MIN,UTA
2020-21,2021-04-24,regular,PHI,MIL
2020-21,2021-04-24,regular,SAS,NOP
2020-21,2021-04-24,regular,TOR,NYK
2020-21,2021-04-25,regular,BOS,CHA
2020-21,2021-04-25,regular,CLE,WAS
2020-21,2021-04-25,regular,IND,ORL
2020-21,2021-04-25,regular,MEM,POR
2020-21,2021-04-25,regular,MIL,ATL
2020-21,2021-04-25,regular,PHX,BKN
2020-21,2021-04-25,regular,SAC,GSW
2020-21,2021-04-26,regular,ATL,DET
2020-21,2021-04-26,regular,CHI,MIA
2020-21,2021-04-26,regular,CLE,TOR
2020-21,2021-04-26,regular,DAL,SAC
2020-21,2021-04-26,regular,LAC,NOP
2020-21,2021-04-26,regular,LAL,ORL
2020-21,2021-04-26,regular,MEM,DEN
2020-21,2021-04-26,regular,OKC,PHI
2020-21,2021-04-26,regular,PHX,NYK
2020-21,2021-04-26,regular,SAS,WAS
2020-21,2021-04-26,regular,UTA,MIN
2020-21,2021-04-27,regular,BKN,TOR
2020-21,2021-04-27,regular,DAL,GSW
2020-21,2021-04-27,regular,MIL,CHA
2020-21,2021-04-27,regular,MIN,HOU
2020-21,2021-04-27,regular,OKC,BOS
2020-21,2021-04-27,regular,POR,IND
2020-21,2021-04-28,regular,ATL,PHI
2020-21,2021-04-28,regular,CHA,BOS
2020-21,2021-04-28,regular,CHI,NYK
2020-21,2021-04-28,regular,LAC,PHX
2020-21,2021-04-28,regular,LAL,WAS
2020-21,2021-04-28,regular,NOP,DEN
2020-21,2021-04-28,regular,ORL,CLE
2020-21,2021-04-28,regular,POR,MEM
2020-21,2021-04-28,regular,SAS,MIA
2020-21,2021-04-28,regular,UTA,SAC
2020-21,2021-04-29,regular,BKN,IND
2020-21,2021-04-29,regular,DAL,DET
2020-21,2021-04-29,regular,GSW,MIN
2020-21,2021-04-29,regular,MIL,HOU
2020-21,2021-04-29,regular,NOP,OKC
2020-21,2021-04-29,regular,TOR,DEN
2020-21,2021-04-30,regular,ATL,PHI
2020-21,2021-04-30,regular,MIL,CHI
2020-21,2021-04-30,regular,ORL,MEM
2020-21,2021-04-30,regular,POR,BKN
2020-21,2021-04-30,regular,SAC,LAL
2020-21,2021-04-30,regular,SAS,BOS
2020-21,2021-04-30,regular,UTA,PHX
2020-21,2021-04-30,regular,WAS,CLE
2020-21,2021-05-01,regular,CHI,ATL
2020-21,2021-05-01,regular,DEN,LAC
2020-21,2021-05-01,regular,DET,CHA
2020-21,2021-05-01,regular,GSW,HOU
2020-21,2021-05-01,regular,IND,OKC
2020-21,2021-05-01,regular,MEM,ORL
2020-21,2021-05-01,regular,MIA,CLE
2020-21,2021-05-01,regular,NOP,MIN
2020-21,2021-05-01,regular,TOR,UTA
2020-21,2021-05-01,regular,WAS,DAL
2020-21,2021-05-02,regular,BKN,MIL
2020-21,2021-05-02,regular,MIA,CHA
2020-21,2021-05-02,regular,NYK,HOU
2020-21,2021-05-02,regular,PHI,SAS
2020-21,2021-05-02,regular,PHX,OKC
2020-21,2021-05-02,regular,POR,BOS
2020-21,2021-05-02,regular,SAC,DAL
2020-21,2021-05-02,regular,TOR,LAL
2020-21,2021-05-03,regular,DEN,LAL
2020-21,2021-05-03,regular,GSW,NOP
2020-21,2021-05-03,regular,IND,WAS
2020-21,2021-05-03,regular,NYK,MEM
2020-21,2021-05-03,regular,ORL,DET
2020-21,2021-05-03,regular,PHI,CHI
2020-21,2021-05-03,regular,POR,ATL
2020-21,2021-05-03,regular,SAS,UTA
2020-21,2021-05-04,regular,BKN,MIL
2020-21,2021-05-04,regular,CHA,DET
2020-21,2021-05-04,regular,DAL,MIA
2020-21,2021-05-04,regular,GSW,NOP
2020-21,2021-05-04,regular,PHX,CLE
2020-21,2021-05-04,regular,SAC,OKC
2020-21,2021-05-04,regular,TOR,LAC
2020-21,2021-05-05,regular,BOS,ORL
2020-21,2021-05-05,regular,MEM,MIN
2020-21,2021-05-05,regular,NYK,DEN
2020-21,2021-05-05,regular,PHI,HOU
2020-21,2021-05-05,regular,PHX,ATL
2020-21,2021-05-05,regular,POR,CLE
2020-21,2021-05-05,regular,SAC,IND
2020-21,2021-05-05,regular,SAS,UTA
2020-21,2021-05-05,regular,WAS,MIL
2020-21,2021-05-06,regular,ATL,IND
2020-21,2021-05-06,regular,BKN,DAL
2020-21,2021-05-06,regular,CHI,CHA
2020-21,2021-05-06,regular,LAL,LAC
2020-21,2021-05-06,regular,MEM,DET
2020-21,2021-05-06,regular,OKC,GSW
2020-21,2021-05-06,regular,WAS,TOR
2020-21,2021-05-07,regular,BOS,CHI
2020-21,2021-05-07,regular,CLE,DAL
2020-21,2021-05-07,regular,DEN,UTA
2020-21,2021-05-07,regular,HOU,MIL
2020-21,2021-05-07,regular,LAL,POR
2020-21,2021-05-07,regular,MIN,MIA
2020-21,2021-05-07,regular,NOP,PHI
2020-21,2021-05-07,regular,NYK,PHX
2020-21,2021-05-07,regular,ORL,CHA
2020-21,2021-05-07,regular,SAS,SAC
2020-21,2021-05-08,regular,BKN,DEN
2020-21,2021-05-08,regular,DET,PHI
2020-21,2021-05-08,regular,HOU,UTA
2020-21,2021-05-08,regular,MEM,TOR
2020-21,2021-05-08,regular,OKC,GSW
2020-21,2021-05-08,regular,SAS,POR
2020-21,2021-05-08,regular,WAS,IND
2020-21,2021-05-09,regular,CHI,DET
2020-21,2021-05-09,regular,DAL,CLE
2020-21,2021-05-09,regular,MIA,BOS
2020-21,2021-05-09,regular,MIN,ORL
2020-21,2021-05-09,regular,NOP,CHA
2020-21,2021-05-09,regular,NYK,LAC
2020-21,2021-05-09,regular,OKC,SAC
2020-21,2021-05-09,regular,PHX,LAL
2020-21,2021-05-10,regular,HOU,POR
2020-21,2021-05-10,regular,IND,CLE
2020-21,2021-05-10,regular,MIL,SAS
2020-21,2021-05-10,regular,NOP,MEM
2020-21,2021-05-10,regular,UTA,GSW
2020-21,2021-05-10,regular,WAS,ATL
2020-21,2021-05-11,regular,BKN,CHI
2020-21,2021-05-11,regular,DAL,MEM
2020-21,2021-05-11,regular,DEN,CHA
2020-21,2021-05-11,regular,LAC,TOR
2020-21,2021-05-11,regular,MIA,BOS
2020-21,2021-05-11,regular,MIN,DET
2020-21,2021-05-11,regular,NYK,LAL
2020-21,2021-05-11,regular,OKC,SAC
2020-21,2021-05-11,regular,ORL,MIL
2020-21,2021-05-11,regular,PHI,IND
2020-21,2021-05-11,regular,PHX,GSW
2020-21,2021-05-12,regular,BOS,CLE
2020-21,2021-05-12,regular,HOU,LAL
2020-21,2021-05-12,regular,NOP,DAL
2020-21,2021-05-12,regular,POR,UTA
2020-21,2021-05-12,regular,SAS,BKN
2020-21,2021-05-12,regular,WAS,ATL
2020-21,2021-05-13,regular,DEN,MIN
2020-21,2021-05-13,regular,LAC,CHA
2020-21,2021-05-13,regular,MIL,IND
2020-21,2021-05-13,regular,ORL,ATL
2020-21,2021-05-13,regular,PHI,MIA
2020-21,2021-05-13,regular,POR,PHX
2020-21,2021-05-13,regular,SAC,MEM
2020-21,2021-05-13,regular,SAS,NYK
2020-21,2021-05-13,regular,TOR,CHI
2020-21,2021-05-14,regular,CLE,WAS
2020-21,2021-05-14,regular,DEN,DET
2020-21,2021-05-14,regular,LAC,HOU
2020-21,2021-05-14,regular,NOP,GSW
2020-21,2021-05-14,regular,ORL,PHI
2020-21,2021-05-14,regular,SAC,MEM
2020-21,2021-05-14,regular,TOR,DAL
2020-21,2021-05-14,regular,UTA,OKC
2020-21,2021-05-15,regular,BOS,MIN
2020-21,2021-05-15,regular,CHA,NYK
2020-21,2021-05-15,regular,CHI,BKN
2020-21,2021-05-15,regular,LAL,IND
2020-21,2021-05-15,regular,MIA,MIL
2020-21,2021-05-15,regular,PHX,SAS
2020-21,2021-05-16,regular,BOS,NYK
2020-21,2021-05-16,regular,CHA,WAS
2020-21,2021-05-16,regular,CLE,BKN
2020-21,2021-05-16,regular,DAL,MIN
2020-21,2021-05-16,regular,DEN,POR
2020-21,2021-05-16,regular,HOU,ATL
2020-21,2021-05-16,regular,IND,TOR
2020-21,2021-05-16,regular,LAC,OKC
2020-21,2021-05-16,regular,LAL,NOP
2020-21,2021-05-16,regular,MEM,GSW
2020-21,2021-05-16,regular,MIA,DET
2020-21,2021-05-16,regular,MIL,CHI
2020-21,2021-05-16,regular,ORL,PHI
2020-21,2021-05-16,regular,PHX,SAS
2020-21,2021-05-16,regular,UTA,SAC
2020-21,2021-05-18,play_in,CHA,IND
2020-21,2021-05-18,play_in,WAS,BOS
2020-21,2021-05-19,play_in,GSW,LAL
2020-21,2021-05-19,play_in,SAS,MEM
2020-21,2021-05-20,play_in,IND,WAS
2020-21,2021-05-21,play_in,MEM,GSW
2020-21,2021-05-22,playoffs,BOS,BKN
2020-21,2021-05-22,playoffs,DAL,LAC
2020-21,2021-05-22,playoffs,MIA,MIL
2020-21,2021-05-22,playoffs,POR,DEN
2020-21,2021-05-23,playoffs,ATL,NYK
2020-21,2021-05-23,playoffs,LAL,PHX
2020-21,2021-05-23,playoffs,MEM,UTA
2020-21,2021-05-23,playoffs,WAS,PHI
2020-21,2021-05-24,playoffs,MIA,MIL
2020-21,2021-05-24,playoffs,POR,DEN
2020-21,2021-05-25,playoffs,BOS,BKN
2020-21,2021-05-25,playoffs,DAL,LAC
2020-21,2021-05-25,playoffs,LAL,PHX
2020-21,2021-05-26,playoffs,ATL,NYK
2020-21,2021-05-26,playoffs,MEM,UTA
2020-21,2021-05-26,playoffs,WAS,PHI
2020-21,2021-05-27,playoffs,DEN,POR
2020-21,2021-05-27,playoffs,MIL,MIA
2020-21,2021-05-27,playoffs,PHX,LAL
2020-21,2021-05-28,playoffs,BKN,BOS
2020-21,2021-05-28,playoffs,LAC,DAL
2020-21,2021-05-28,playoffs,NYK,ATL
2020-21,2021-05-29,playoffs,DEN,POR
2020-21,2021-05-29,playoffs,MIL,MIA
2020-21,2021-05-29,playoffs,PHI,WAS
2020-21,2021-05-29,playoffs,UTA,MEM
2020-21,2021-05-30,playoffs,BKN,BOS
2020-21,2021-05-30,playoffs,LAC,DAL
2020-21,2021-05-30,playoffs,NYK,ATL
2020-21,2021-05-30,playoffs,PHX,LAL
2020-21,2021-05-31,playoffs,PHI,WAS
2020-21,2021-05-31,playoffs,UTA,MEM
2020-21,2021-06-01,playoffs,BOS,BKN
2020-21,2021-06-01,playoffs,LAL,PHX
2020-21,2021-06-01,playoffs,POR,DEN
2020-21,2021-06-02,playoffs,ATL,NYK
2020-21,2021-06-02,playoffs,DAL,LAC
2020-21,2021-06-02,playoffs,MEM,UTA
2020-21,2021-06-02,playoffs,WAS,PHI
2020-21,2021-06-03,playoffs,DEN,POR
2020-21,2021-06-03,playoffs,PHX,LAL
2020-21,2021-06-04,playoffs,LAC,DAL
2020-21,2021-06-05,playoffs,MIL,BKN
2020-21,2021-06-06,playoffs,ATL,PHI
2020-21,2021-06-06,playoffs,DAL,LAC
2020-21,2021-06-07,playoffs,DEN,PHX
2020-21,2021-06-07,playoffs,MIL,BKN
2020-21,2021-06-08,playoffs,ATL,PHI
2020-21,2021-06-08,playoffs,LAC,UTA
2020-21,2021-06-09,playoffs,DEN,PHX
2020-21,2021-06-10,playoffs,BKN,MIL
2020-21,2021-06-10,playoffs,LAC,UTA
2020-21,2021-06-11,playoffs,PHI,ATL
2020-21,2021-06-11,playoffs,PHX,DEN
2020-21,2021-06-12,playoffs,UTA,LAC
2020-21,2021-06-13,playoffs,BKN,MIL
2020-21,2021-06-13,playoffs,PHX,DEN
2020-21,2021-06-14,playoffs,PHI,ATL
2020-21,2021-06-14,playoffs,UTA,LAC
2020-21,2021-06-15,playoffs,MIL,BKN
2020-21,2021-06-16,playoffs,ATL,PHI
2020-21,2021-06-16,playoffs,LAC,UTA
2020-21,2021-06-17,playoffs,BKN,MIL
2020-21,2021-06-18,playoffs,PHI,ATL
2020-21,2021-06-18,playoffs,UTA,LAC
2020-21,2021-06-19,playoffs,MIL,BKN
2020-21,2021-06-20,playoffs,ATL,PHI
2020-21,2021-06-20,playoffs,LAC,PHX
2020-21,2021-06-22,playoffs,LAC,PHX
2020-21,2021-06-23,playoffs,ATL,MIL
2020-21,2021-06-24,playoffs,PHX,LAC
2020-21,2021-06-25,playoffs,ATL,MIL
2020-21,2021-06-26,playoffs,PHX,LAC
2020-21,2021-06-27,playoffs,MIL,ATL
2020-21,2021-06-28,playoffs,LAC,PHX
2020-21,2021-06-29,playoffs,MIL,ATL
2020-21,2021-06-30,playoffs,PHX,LAC
2020-21,2021-07-01,playoffs,ATL,MIL
2020-21,2021-07-03,playoffs,MIL,ATL
2020-21,2021-07-06,playoffs,MIL,PHX
2020-21,2021-07-08,playoffs,MIL,PHX
2020-21,2021-07-11,playoffs,PHX,MIL
2020-21,2021-07-14,playoffs,PHX,MIL
2020-21,2021-07-17,playoffs,MIL,PHX
2020-21,2021-07-20,playoffs,PHX,MIL
2021-22,2021-10-03,preseason,BKN,LAL
2021-22,2021-10-04,preseason,ATL,MIA
2021-22,2021-10-04,preseason,CHA,OKC
2021-22,2021-10-04,preseason,DEN,LAC
2021-22,2021-10-04,preseason,GSW,POR
2021-22,2021-10-04,preseason,NOP,MIN
2021-22,2021-10-04,preseason,ORL,BOS
2021-22,2021-10-04,preseason,PHI,TOR
2021-22,2021-10-04,preseason,PHX,SAC
2021-22,2021-10-04,preseason,UTA,SAS
2021-22,2021-10-05,preseason,CLE,CHI
2021-22,2021-10-05,preseason,IND,NYK
2021-22,2021-10-05,preseason,MIL,MEM
2021-22,2021-10-05,preseason,WAS,HOU
2021-22,2021-10-06,preseason,CLE,ATL
2021-22,2021-10-06,preseason,DEN,GSW
2021-22,2021-10-06,preseason,LAL,PHX
2021-22,2021-10-06,preseason,ORL,NOP
2021-22,2021-10-06,preseason,SAC,LAC
2021-22,2021-10-06,preseason,SAS,DET
2021-22,2021-10-06,preseason,UTA,DAL
2021-22,2021-10-07,preseason,MEM,CHA
2021-22,2021-10-07,preseason,MIA,HOU
2021-22,2021-10-07,preseason,TOR,PHI
2021-22,2021-10-08,preseason,IND,CLE
2021-22,2021-10-08,preseason,LAC,DAL
2021-22,2021-10-08,preseason,LAL,GSW
2021-22,2021-10-08,preseason,MIA,SAS
2021-22,2021-10-08,preseason,MIL,BKN
2021-22,2021-10-08,preseason,MIN,DEN
2021-22,2021-10-08,preseason,NOP,CHI
2021-22,2021-10-09,preseason,ATL,MEM
2021-22,2021-10-09,preseason,NYK,WAS
2021-22,2021-10-09,preseason,TOR,BOS
2021-22,2021-10-10,preseason,CHI,CLE
2021-22,2021-10-10,preseason,OKC,MIL
2021-22,2021-10-10,preseason,PHX,LAL
2021-22,2021-10-10,preseason,SAS,ORL
2021-22,2021-10-11,preseason,BKN,PHI
2021-22,2021-10-11,preseason,CHA,MIA
2021-22,2021-10-11,preseason,DET,MEM
2021-22,2021-10-11,preseason,HOU,TOR
2021-22,2021-10-11,preseason,MIN,LAC
2021-22,2021-10-11,preseason,NOP,UTA
2021-22,2021-10-11,preseason,SAC,POR
2021-22,2021-10-12,preseason,GSW,LAL
2021-22,2021-10-12,preseason,TOR,WAS
2021-22,2021-10-13,preseason,BOS,ORL
2021-22,2021-10-13,preseason,DAL,CHA
2021-22,2021-10-13,preseason,DEN,OKC
2021-22,2021-10-13,preseason,DET,NYK
2021-22,2021-10-13,preseason,MEM,IND
2021-22,2021-10-13,preseason,MIL,UTA
2021-22,2021-10-13,preseason,POR,PHX
2021-22,2021-10-14,preseason,DEN,OKC
2021-22,2021-10-14,preseason,LAL,SAC
2021-22,2021-10-14,preseason,MIA,ATL
2021-22,2021-10-14,preseason,MIN,BKN
2021-22,2021-10-15,preseason,BOS,MIA
2021-22,2021-10-15,preseason,CLE,IND
2021-22,2021-10-15,preseason,DAL,MIL
2021-22,2021-10-15,preseason,HOU,SAS
2021-22,2021-10-15,preseason,MEM,CHI
2021-22,2021-10-15,preseason,PHI,DET
2021-22,2021-10-15,preseason,POR,GSW
2021-22,2021-10-15,preseason,WAS,NYK
2021-22,2021-10-19,regular,BKN,MIL
2021-22,2021-10-19,regular,GSW,LAL
2021-22,2021-10-20,regular,BOS,NYK
2021-22,2021-10-20,regular,CHI,DET
2021-22,2021-10-20,regular,CLE,MEM
2021-22,2021-10-20,regular,DEN,PHX
2021-22,2021-10-20,regular,HOU,MIN
2021-22,2021-10-20,regular,IND,CHA
2021-22,2021-10-20,regular,OKC,UTA
2021-22,2021-10-20,regular,ORL,SAS
2021-22,2021-10-20,regular,PHI,NOP
2021-22,2021-10-20,regular,SAC,POR
2021-22,2021-10-20,regular,WAS,TOR
2021-22,2021-10-21,regular,DAL,ATL
2021-22,2021-10-21,regular,LAC,GSW
2021-22,2021-10-21,regular,MIL,MIA
2021-22,2021-10-22,regular,BKN,PHI
2021-22,2021-10-22,regular,CHA,CLE
2021-22,2021-10-22,regular,IND,WAS
2021-22,2021-10-22,regular,NOP,CHI
2021-22,2021-10-22,regular,NYK,ORL
2021-22,2021-10-22,regular,OKC,HOU
2021-22,2021-10-22,regular,PHX,LAL
2021-22,2021-10-22,regular,SAS,DEN
2021-22,2021-10-22,regular,TOR,BOS
2021-22,2021-10-22,regular,UTA,SAC
2021-22,2021-10-23,regular,ATL,CLE
2021-22,2021-10-23,regular,DAL,TOR
2021-22,2021-10-23,regular,DET,CHI
2021-22,2021-10-23,regular,MEM,LAC
2021-22,2021-10-23,regular,MIA,IND
2021-22,2021-10-23,regular,MIL,SAS
2021-22,2021-10-23,regular,NOP,MIN
2021-22,2021-10-23,regular,PHX,POR
2021-22,2021-10-24,regular,BOS,HOU
2021-22,2021-10-24,regular,CHA,BKN
2021-22,2021-10-24,regular,GSW,SAC
2021-22,2021-10-24,regular,MEM,LAL
2021-22,2021-10-24,regular,ORL,NYK
2021-22,2021-10-24,regular,PHI,OKC
2021-22,2021-10-25,regular,BOS,CHA
2021-22,2021-10-25,regular,CHI,TOR
2021-22,2021-10-25,regular,CLE,DEN
2021-22,2021-10-25,regular,DET,ATL
2021-22,2021-10-25,regular,MIL,IND
2021-22,2021-10-25,regular,NOP,MIN
2021-22,2021-10-25,regular,ORL,MIA
2021-22,2021-10-25,regular,POR,LAC
2021-22,2021-10-25,regular,WAS,BKN
2021-22,2021-10-26,regular,DEN,UTA
2021-22,2021-10-26,regular,GSW,OKC
2021-22,2021-10-26,regular,HOU,DAL
2021-22,2021-10-26,regular,LAL,SAS
2021-22,2021-10-26,regular,PHI,NYK
2021-22,2021-10-27,regular,ATL,NOP
2021-22,2021-10-27,regular,CHA,ORL
2021-22,2021-10-27,regular,CLE,LAC
2021-22,2021-10-27,regular,IND,TOR
2021-22,2021-10-27,regular,LAL,OKC
2021-22,2021-10-27,regular,MEM,POR
2021-22,2021-10-27,regular,MIA,BKN
2021-22,2021-10-27,regular,MIN,MIL
2021-22,2021-10-27,regular,SAC,PHX
2021-22,2021-10-27,regular,WAS,BOS
2021-22,2021-10-28,regular,ATL,WAS
2021-22,2021-10-28,regular,DET,PHI
2021-22,2021-10-28,regular,MEM,GSW
2021-22,2021-10-28,regular,NYK,CHI
2021-22,2021-10-28,regular,SAS,DAL
2021-22,2021-10-28,regular,UTA,HOU
2021-22,2021-10-29,regular,CHA,MIA
2021-22,2021-10-29,regular,CLE,LAL
2021-22,2021-10-29,regular,DAL,DEN
2021-22,2021-10-29,regular,IND,BKN
2021-22,2021-10-29,regular,LAC,POR
2021-22,2021-10-29,regular,ORL,TOR
2021-22,2021-10-29,regular,SAC,NOP
2021-22,2021-10-30,regular,ATL,PHI
2021-22,2021-10-30,regular,BOS,WAS
2021-22,2021-10-30,regular,CLE,PHX
2021-22,2021-10-30,regular,DEN,MIN
2021-22,2021-10-30,regular,MIA,MEM
2021-22,2021-10-30,regular,NYK,NOP
2021-22,2021-10-30,regular,OKC,GSW
2021-22,2021-10-30,regular,ORL,DET
2021-22,2021-10-30,regular,SAS,MIL
2021-22,2021-10-30,regular,TOR,IND
2021-22,2021-10-30,regular,UTA,CHI
2021-22,2021-10-31,regular,DET,BKN
2021-22,2021-10-31,regular,HOU,LAL
2021-22,2021-10-31,regular,POR,CHA
2021-22,2021-10-31,regular,SAC,DAL
2021-22,2021-10-31,regular,UTA,MIL
2021-22,2021-11-01,regular,CHI,BOS
2021-22,2021-11-01,regular,CLE,CHA
2021-22,2021-11-01,regular,DEN,MEM
2021-22,2021-11-01,regular,OKC,LAC
2021-22,2021-11-01,regular,ORL,MIN
2021-22,2021-11-01,regular,POR,PHI
2021-22,2021-11-01,regular,SAS,IND
2021-22,2021-11-01,regular,TOR,NYK
2021-22,2021-11-01,regular,WAS,ATL
2021-22,2021-11-02,regular,HOU,LAL
2021-22,2021-11-02,regular,MIA,DAL
2021-22,2021-11-02,regular,MIL,DET
2021-22,2021-11-02,regular,NOP,PHX
2021-22,2021-11-02,regular,SAC,UTA
2021-22,2021-11-03,regular,ATL,BKN
2021-22,2021-11-03,regular,BOS,ORL
2021-22,2021-11-03,regular,CHA,GSW
2021-22,2021-11-03,regular,CHI,PHI
2021-22,2021-11-03,regular,DAL,SAS
2021-22,2021-11-03,regular,DEN,MEM
2021-22,2021-11-03,regular,LAC,MIN
2021-22,2021-11-03,regular,NOP,SAC
2021-22,2021-11-03,regular,NYK,IND
2021-22,2021-11-03,regular,POR,CLE
2021-22,2021-11-03,regular,TOR,WAS
2021-22,2021-11-04,regular,BOS,MIA
2021-22,2021-11-04,regular,HOU,PHX
2021-22,2021-11-04,regular,OKC,LAL
2021-22,2021-11-04,regular,PHI,DET
2021-22,2021-11-04,regular,UTA,ATL
2021-22,2021-11-05,regular,BKN,DET
2021-22,2021-11-05,regular,CHA,SAC
2021-22,2021-11-05,regular,CLE,TOR
2021-22,2021-11-05,regular,IND,POR
2021-22,2021-11-05,regular,LAC,MIN
2021-22,2021-11-05,regular,MEM,WAS
2021-22,2021-11-05,regular,NOP,GSW
2021-22,2021-11-05,regular,NYK,MIL
2021-22,2021-11-05,regular,SAS,ORL
2021-22,2021-11-06,regular,ATL,PHX
2021-22,2021-11-06,regular,BOS,DAL
2021-22,2021-11-06,regular,HOU,DEN
2021-22,2021-11-06,regular,LAL,POR
2021-22,2021-11-06,regular,PHI,CHI
2021-22,2021-11-06,regular,UTA,MIA
2021-22,2021-11-07,regular,BKN,TOR
2021-22,2021-11-07,regular,CHA,LAC
2021-22,2021-11-07,regular,CLE,NYK
2021-22,2021-11-07,regular,HOU,GSW
2021-22,2021-11-07,regular,IND,SAC
2021-22,2021-11-07,regular,MIL,WAS
2021-22,2021-11-07,regular,SAS,OKC
2021-22,2021-11-07,regular,UTA,ORL
2021-22,2021-11-08,regular,ATL,GSW
2021-22,2021-11-08,regular,BKN,CHI
2021-22,2021-11-08,regular,CHA,LAL
2021-22,2021-11-08,regular,MIA,DEN
2021-22,2021-11-08,regular,MIN,MEM
2021-22,2021-11-08,regular,NOP,DAL
2021-22,2021-11-08,regular,NYK,PHI
2021-22,2021-11-08,regular,PHX,SAC
2021-22,2021-11-09,regular,ATL,UTA
2021-22,2021-11-09,regular,MIL,PHI
2021-22,2021-11-09,regular,POR,LAC
2021-22,2021-11-10,regular,BKN,ORL
2021-22,2021-11-10,regular,CHA,MEM
2021-22,2021-11-10,regular,DAL,CHI
2021-22,2021-11-10,regular,DET,HOU
2021-22,2021-11-10,regular,IND,DEN
2021-22,2021-11-10,regular,MIA,LAL
2021-22,2021-11-10,regular,MIL,NYK
2021-22,2021-11-10,regular,MIN,GSW
2021-22,2021-11-10,regular,OKC,NOP
2021-22,2021-11-10,regular,POR,PHX
2021-22,2021-11-10,regular,SAC,SAS
2021-22,2021-11-10,regular,TOR,BOS
2021-22,2021-11-10,regular,WAS,CLE
2021-22,2021-11-11,regular,IND,UTA
2021-22,2021-11-11,regular,MIA,LAC
2021-22,2021-11-11,regular,TOR,PHI
2021-22,2021-11-12,regular,ATL,DEN
2021-22,2021-11-12,regular,BKN,NOP
2021-22,2021-11-12,regular,CHI,GSW
2021-22,2021-11-12,regular,DAL,SAS
2021-22,2021-11-12,regular,DET,CLE
2021-22,2021-11-12,regular,MIL,BOS
2021-22,2021-11-12,regular,MIN,LAL
2021-22,2021-11-12,regular,NYK,CHA
2021-22,2021-11-12,regular,PHX,MEM
2021-22,2021-11-12,regular,POR,HOU
2021-22,2021-11-12,regular,SAC,OKC
2021-22,2021-11-13,regular,BOS,CLE
2021-22,2021-11-13,regular,DET,TOR
2021-22,2021-11-13,regular,MEM,NOP
2021-22,2021-11-13,regular,MIA,UTA
2021-22,2021-11-13,regular,MIN,LAC
2021-22,2021-11-13,regular,PHI,IND
2021-22,2021-11-13,regular,WAS,ORL
2021-22,2021-11-14,regular,BKN,OKC
2021-22,2021-11-14,regular,CHI,LAC
2021-22,2021-11-14,regular,GSW,CHA
2021-22,2021-11-14,regular,MIL,ATL
2021-22,2021-11-14,regular,PHX,HOU
2021-22,2021-11-14,regular,POR,DEN
2021-22,2021-11-14,regular,SAS,LAL
2021-22,2021-11-15,regular,BOS,CLE
2021-22,2021-11-15,regular,CHI,LAL
2021-22,2021-11-15,regular,DEN,DAL
2021-22,2021-11-15,regular,HOU,MEM
2021-22,2021-11-15,regular,IND,NYK
2021-22,2021-11-15,regular,MIA,OKC
2021-22,2021-11-15,regular,NOP,WAS
2021-22,2021-11-15,regular,ORL,ATL
2021-22,2021-11-15,regular,PHX,MIN
2021-22,2021-11-15,regular,SAC,DET
2021-22,2021-11-15,regular,TOR,POR
2021-22,2021-11-16,regular,GSW,BKN
2021-22,2021-11-16,regular,PHI,UTA
2021-22,2021-11-16,regular,SAS,LAC
2021-22,2021-11-17,regular,BOS,ATL
2021-22,2021-11-17,regular,CHI,POR
2021-22,2021-11-17,regular,CLE,BKN
2021-22,2021-11-17,regular,DAL,PHX
2021-22,2021-11-17,regular,HOU,OKC
2021-22,2021-11-17,regular,IND,DET
2021-22,2021-11-17,regular,LAL,MIL
2021-22,2021-11-17,regular,NOP,MIA
2021-22,2021-11-17,regular,ORL,NYK
2021-22,2021-11-17,regular,SAC,MIN
2021-22,2021-11-17,regular,WAS,CHA
2021-22,2021-11-18,regular,GSW,CLE
2021-22,2021-11-18,regular,LAC,MEM
2021-22,2021-11-18,regular,PHI,DEN
2021-22,2021-11-18,regular,SAS,MIN
2021-22,2021-11-18,regular,TOR,UTA
2021-22,2021-11-18,regular,WAS,MIA
2021-22,2021-11-19,regular,CHI,DEN
2021-22,2021-11-19,regular,DAL,PHX
2021-22,2021-11-19,regular,GSW,DET
2021-22,2021-11-19,regular,IND,CHA
2021-22,2021-11-19,regular,LAC,NOP
2021-22,2021-11-19,regular,LAL,BOS
2021-22,2021-11-19,regular,OKC,MIL
2021-22,2021-11-19,regular,ORL,BKN
2021-22,2021-11-19,regular,TOR,SAC
2021-22,2021-11-20,regular,CHA,ATL
2021-22,2021-11-20,regular,HOU,NYK
2021-22,2021-11-20,regular,MEM,MIN
2021-22,2021-11-20,regular,MIA,WAS
2021-22,2021-11-20,regular,NOP,IND
2021-22,2021-11-20,regular,OKC,BOS
2021-22,2021-11-20,regular,ORL,MIL
2021-22,2021-11-20,regular,PHI,POR
2021-22,2021-11-20,regular,UTA,SAC
2021-22,2021-11-21,regular,DAL,LAC
2021-22,2021-11-21,regular,DEN,PHX
2021-22,2021-11-21,regular,LAL,DET
2021-22,2021-11-21,regular,NYK,CHI
2021-22,2021-11-21,regular,TOR,GSW
2021-22,2021-11-22,regular,BKN,CLE
2021-22,2021-11-22,regular,CHA,WAS
2021-22,2021-11-22,regular,HOU,BOS
2021-22,2021-11-22,regular,IND,CHI
2021-22,2021-11-22,regular,MEM,UTA
2021-22,2021-11-22,regular,MIN,NOP
2021-22,2021-11-22,regular,OKC,ATL
2021-22,2021-11-22,regular,ORL,MIL
2021-22,2021-11-22,regular,PHI,SAC
2021-22,2021-11-22,regular,PHX,SAS
2021-22,2021-11-23,regular,DAL,LAC
2021-22,2021-11-23,regular,DEN,POR
2021-22,2021-11-23,regular,LAL,NYK
2021-22,2021-11-23,regular,MIA,DET
2021-22,2021-11-24,regular,ATL,SAS
2021-22,2021-11-24,regular,BKN,BOS
2021-22,2021-11-24,regular,CHA,ORL
2021-22,2021-11-24,regular,CHI,HOU
2021-22,2021-11-24,regular,DET,MIL
2021-22,2021-11-24,regular,LAL,IND
2021-22,2021-11-24,regular,MIA,MIN
2021-22,2021-11-24,regular,PHI,GSW
2021-22,2021-11-24,regular,PHX,CLE
2021-22,2021-11-24,regular,POR,SAC
2021-22,2021-11-24,regular,TOR,MEM
2021-22,2021-11-24,regular,UTA,OKC
2021-22,2021-11-24,regular,WAS,NOP
2021-22,2021-11-26,regular,ATL,MEM
2021-22,2021-11-26,regular,BOS,SAS
2021-22,2021-11-26,regular,CHI,ORL
2021-22,2021-11-26,regular,DET,LAC
2021-22,2021-11-26,regular,MIL,DEN
2021-22,2021-11-26,regular,MIN,CHA
2021-22,2021-11-26,regular,NOP,UTA
2021-22,2021-11-26,regular,PHX,NYK
2021-22,2021-11-26,regular,POR,GSW
2021-22,2021-11-26,regular,SAC,LAL
2021-22,2021-11-26,regular,TOR,IND
2021-22,2021-11-26,regular,WAS,OKC
2021-22,2021-11-27,regular,CHA,HOU
2021-22,2021-11-27,regular,MIA,CHI
2021-22,2021-11-27,regular,MIN,PHI
2021-22,2021-11-27,regular,NOP,UTA
2021-22,2021-11-27,regular,NYK,ATL
2021-22,2021-11-27,regular,ORL,CLE
2021-22,2021-11-27,regular,PHX,BKN
2021-22,2021-11-27,regular,WAS,DAL
2021-22,2021-11-28,regular,BOS,TOR
2021-22,2021-11-28,regular,DET,LAL
2021-22,2021-11-28,regular,GSW,LAC
2021-22,2021-11-28,regular,MIL,IND
2021-22,2021-11-28,regular,SAC,MEM
2021-22,2021-11-29,regular,CHA,CHI
2021-22,2021-11-29,regular,CLE,DAL
2021-22,2021-11-29,regular,DEN,MIA
2021-22,2021-11-29,regular,IND,MIN
2021-22,2021-11-29,regular,NOP,LAC
2021-22,2021-11-29,regular,OKC,HOU
2021-22,2021-11-29,regular,ORL,PHI
2021-22,2021-11-29,regular,POR,UTA
2021-22,2021-11-29,regular,WAS,SAS
2021-22,2021-11-30,regular,DET,POR
2021-22,2021-11-30,regular,GSW,PHX
2021-22,2021-11-30,regular,LAL,SAC
2021-22,2021-11-30,regular,MEM,TOR
2021-22,2021-11-30,regular,NYK,BKN
2021-22,2021-12-01,regular,ATL,IND
2021-22,2021-12-01,regular,CHA,MIL
2021-22,2021-12-01,regular,CLE,MIA
2021-22,2021-12-01,regular,DAL,NOP
2021-22,2021-12-01,regular,DEN,ORL
2021-22,2021-12-01,regular,HOU,OKC
2021-22,2021-12-01,regular,MIN,WAS
2021-22,2021-12-01,regular,PHI,BOS
2021-22,2021-12-01,regular,SAC,LAC
2021-22,2021-12-02,regular,CHI,NYK
2021-22,2021-12-02,regular,DET,PHX
2021-22,2021-12-02,regular,MIL,TOR
2021-22,2021-12-02,regular,OKC,MEM
2021-22,2021-12-02,regular,SAS,POR
2021-22,2021-12-03,regular,BOS,UTA
2021-22,2021-12-03,regular,CLE,WAS
2021-22,2021-12-03,regular,LAC,LAL
2021-22,2021-12-03,regular,MIA,IND
2021-22,2021-12-03,regular,MIN,BKN
2021-22,2021-12-03,regular,NOP,DAL
2021-22,2021-12-03,regular,ORL,HOU
2021-22,2021-12-03,regular,PHI,ATL
2021-22,2021-12-03,regular,PHX,GSW
2021-22,2021-12-04,regular,BOS,POR
2021-22,2021-12-04,regular,CHI,BKN
2021-22,2021-12-04,regular,DEN,NYK
2021-22,2021-12-04,regular,LAC,SAC
2021-22,2021-12-04,regular,MEM,DAL
2021-22,2021-12-04,regular,MIA,MIL
2021-22,2021-12-04,regular,SAS,GSW
2021-22,2021-12-05,regular,CHA,ATL
2021-22,2021-12-05,regular,NOP,HOU
2021-22,2021-12-05,regular,UTA,CLE
2021-22,2021-12-05,regular,WAS,TOR
2021-22,2021-12-06,regular,ATL,MIN
2021-22,2021-12-06,regular,CLE,MIL
2021-22,2021-12-06,regular,DEN,CHI
2021-22,2021-12-06,regular,LAC,POR
2021-22,2021-12-06,regular,MEM,MIA
2021-22,2021-12-06,regular,OKC,DET
2021-22,2021-12-06,regular,ORL,GSW
2021-22,2021-12-06,regular,PHI,CHA
2021-22,2021-12-06,regular,SAS,PHX
2021-22,2021-12-06,regular,WAS,IND
2021-22,2021-12-07,regular,BKN,DAL
2021-22,2021-12-07,regular,BOS,LAL
2021-22,2021-12-07,regular,NYK,SAS
2021-22,2021-12-08,regular,BKN,HOU
2021-22,2021-12-08,regular,BOS,LAC
2021-22,2021-12-08,regular,CHI,CLE
2021-22,2021-12-08,regular,DAL,MEM
2021-22,2021-12-08,regular,DEN,NOP
2021-22,2021-12-08,regular,MIL,MIA
2021-22,2021-12-08,regular,NYK,IND
2021-22,2021-12-08,regular,OKC,TOR
2021-22,2021-12-08,regular,ORL,SAC
2021-22,2021-12-08,regular,PHI,CHA
2021-22,2021-12-08,regular,POR,GSW
2021-22,2021-12-08,regular,UTA,MIN
2021-22,2021-12-08,regular,WAS,DET
2021-22,2021-12-09,regular,DEN,SAS
2021-22,2021-12-09,regular,LAL,MEM
2021-22,2021-12-09,regular,UTA,PHI
2021-22,2021-12-10,regular,BKN,ATL
2021-22,2021-12-10,regular,BOS,PHX
2021-22,2021-12-10,regular,CLE,MIN
2021-22,2021-12-10,regular,DAL,IND
2021-22,2021-12-10,regular,DET,NOP
2021-22,2021-12-10,regular,LAL,OKC
2021-22,2021-12-10,regular,MIL,HOU
2021-22,2021-12-10,regular,NYK,TOR
2021-22,2021-12-10,regular,SAC,CHA
2021-22,2021-12-11,regular,CHI,MIA
2021-22,2021-12-11,regular,DEN,SAS
2021-22,2021-12-11,regular,GSW,PHI
2021-22,2021-12-11,regular,HOU,MEM
2021-22,2021-12-11,regular,ORL,LAC
2021-22,2021-12-11,regular,SAC,CLE
2021-22,2021-12-11,regular,UTA,WAS
2021-22,2021-12-12,regular,BKN,DET
2021-22,2021-12-12,regular,DAL,OKC
2021-22,2021-12-12,regular,MIL,NYK
2021-22,2021-12-12,regular,MIN,POR
2021-22,2021-12-12,regular,NOP,SAS
2021-22,2021-12-12,regular,ORL,LAL
2021-22,2021-12-13,regular,CHA,DAL
2021-22,2021-12-13,regular,GSW,IND
2021-22,2021-12-13,regular,HOU,ATL
2021-22,2021-12-13,regular,MIA,CLE
2021-22,2021-12-13,regular,MIL,BOS
2021-22,2021-12-13,regular,PHI,MEM
2021-22,2021-12-13,regular,PHX,LAC
2021-22,2021-12-13,regular,SAC,TOR
2021-22,2021-12-13,regular,WAS,DEN
2021-22,2021-12-14,regular,GSW,NYK
2021-22,2021-12-14,regular,PHX,POR
2021-22,2021-12-14,regular,TOR,BKN
2021-22,2021-12-15,regular,ATL,ORL
2021-22,2021-12-15,regular,CHA,SAS
2021-22,2021-12-15,regular,HOU,CLE
2021-22,2021-12-15,regular,IND,MIL
2021-22,2021-12-15,regular,LAC,UTA
2021-22,2021-12-15,regular,LAL,DAL
2021-22,2021-12-15,regular,MEM,POR
2021-22,2021-12-15,regular,MIA,PHI
2021-22,2021-12-15,regular,MIN,DEN
2021-22,2021-12-15,regular,NOP,OKC
2021-22,2021-12-15,regular,WAS,SAC
2021-22,2021-12-16,regular,DET,IND
2021-22,2021-12-16,regular,NYK,HOU
2021-22,2021-12-16,regular,PHI,BKN
2021-22,2021-12-16,regular,WAS,PHX
2021-22,2021-12-17,regular,CHA,POR
2021-22,2021-12-17,regular,DEN,ATL
2021-22,2021-12-17,regular,GSW,BOS
2021-22,2021-12-17,regular,LAL,MIN
2021-22,2021-12-17,regular,MEM,SAC
2021-22,2021-12-17,regular,MIA,ORL
2021-22,2021-12-17,regular,MIL,NOP
2021-22,2021-12-17,regular,SAS,UTA
2021-22,2021-12-18,regular,CLE,MIL
2021-22,2021-12-18,regular,GSW,TOR
2021-22,2021-12-18,regular,HOU,DET
2021-22,2021-12-18,regular,LAC,OKC
2021-22,2021-12-18,regular,NYK,BOS
2021-22,2021-12-18,regular,ORL,BKN
2021-22,2021-12-18,regular,WAS,UTA
2021-22,2021-12-19,regular,CHA,PHX
2021-22,2021-12-19,regular,DAL,MIN
2021-22,2021-12-19,regular,LAL,CHI
2021-22,2021-12-19,regular,MIA,DET
2021-22,2021-12-19,regular,POR,MEM
2021-22,2021-12-19,regular,SAS,SAC
2021-22,2021-12-20,regular,CHA,UTA
2021-22,2021-12-20,regular,HOU,CHI
2021-22,2021-12-20,regular,OKC,MEM
2021-22,2021-12-20,regular,PHI,BOS
2021-22,2021-12-20,regular,SAC,GSW
2021-22,2021-12-20,regular,SAS,LAC
2021-22,2021-12-21,regular,DET,NYK
2021-22,2021-12-21,regular,IND,MIA
2021-22,2021-12-21,regular,MIN,DAL
2021-22,2021-12-21,regular,PHX,LAL
2021-22,2021-12-21,regular,POR,NOP
2021-22,2021-12-22,regular,CLE,BOS
2021-22,2021-12-22,regular,DEN,OKC
2021-22,2021-12-22,regular,HOU,MIL
2021-22,2021-12-22,regular,LAC,SAC
2021-22,2021-12-22,regular,ORL,ATL
2021-22,2021-12-23,regular,ATL,PHI
2021-22,2021-12-23,regular,CHA,DEN
2021-22,2021-12-23,regular,DET,MIA
2021-22,2021-12-23,regular,HOU,IND
2021-22,2021-12-23,regular,MEM,GSW
2021-22,2021-12-23,regular,MIL,DAL
2021-22,2021-12-23,regular,MIN,UTA
2021-22,2021-12-23,regular,NOP,ORL
2021-22,2021-12-23,regular,OKC,PHX
2021-22,2021-12-23,regular,SAS,LAL
2021-22,2021-12-23,regular,WAS,NYK
2021-22,2021-12-25,regular,ATL,NYK
2021-22,2021-12-25,regular,BKN,LAL
2021-22,2021-12-25,regular,BOS,MIL
2021-22,2021-12-25,regular,DAL,UTA
2021-22,2021-12-25,regular,GSW,PHX
2021-22,2021-12-26,regular,DEN,LAC
2021-22,2021-12-26,regular,DET,SAS
2021-22,2021-12-26,regular,IND,CHI
2021-22,2021-12-26,regular,MEM,SAC
2021-22,2021-12-26,regular,NOP,OKC
2021-22,2021-12-26,regular,ORL,MIA
2021-22,2021-12-26,regular,PHI,WAS
2021-22,2021-12-26,regular,TOR,CLE
2021-22,2021-12-27,regular,BKN,LAC
2021-22,2021-12-27,regular,BOS,MIN
2021-22,2021-12-27,regular,CHI,ATL
2021-22,2021-12-27,regular,DAL,POR
2021-22,2021-12-27,regular,HOU,CHA
2021-22,2021-12-27,regular,MEM,PHX
2021-22,2021-12-27,regular,UTA,SAS
2021-22,2021-12-28,regular,CLE,NOP
2021-22,2021-12-28,regular,DEN,GSW
2021-22,2021-12-28,regular,LAL,HOU
2021-22,2021-12-28,regular,MIL,ORL
2021-22,2021-12-28,regular,NYK,MIN
2021-22,2021-12-28,regular,OKC,SAC
2021-22,2021-12-28,regular,PHI,TOR
2021-22,2021-12-28,regular,WAS,MIA
2021-22,2021-12-29,regular,ATL,CHI
2021-22,2021-12-29,regular,CHA,IND
2021-22,2021-12-29,regular,DAL,SAC
2021-22,2021-12-29,regular,LAC,BOS
2021-22,2021-12-29,regular,LAL,MEM
2021-22,2021-12-29,regular,NYK,DET
2021-22,2021-12-29,regular,OKC,PHX
2021-22,2021-12-29,regular,UTA,POR
2021-22,2021-12-30,regular,CLE,WAS
2021-22,2021-12-30,regular,MIL,ORL
2021-22,2021-12-30,regular,PHI,BKN
2021-22,2021-12-31,regular,ATL,CLE
2021-22,2021-12-31,regular,CHI,IND
2021-22,2021-12-31,regular,DAL,SAC
2021-22,2021-12-31,regular,LAC,TOR
2021-22,2021-12-31,regular,MIA,HOU
2021-22,2021-12-31,regular,MIN,UTA
2021-22,2021-12-31,regular,NYK,OKC
2021-22,2021-12-31,regular,PHX,BOS
2021-22,2021-12-31,regular,POR,LAL
2021-22,2021-12-31,regular,SAS,MEM
2021-22,2022-01-01,regular,CHI,WAS
2021-22,2022-01-01,regular,DEN,HOU
2021-22,2022-01-01,regular,GSW,UTA
2021-22,2022-01-01,regular,LAC,BKN
2021-22,2022-01-01,regular,NOP,MIL
2021-22,2022-01-01,regular,SAS,DET
2021-22,2022-01-02,regular,DAL,OKC
2021-22,2022-01-02,regular,IND,CLE
2021-22,2022-01-02,regular,MIA,SAC
2021-22,2022-01-02,regular,MIN,LAL
2021-22,2022-01-02,regular,NYK,TOR
2021-22,2022-01-02,regular,ORL,BOS
2021-22,2022-01-02,regular,PHX,CHA
2021-22,2022-01-03,regular,ATL,POR
2021-22,2022-01-03,regular,CHA,WAS
2021-22,2022-01-03,regular,DEN,DAL
2021-22,2022-01-03,regular,DET,MIL
2021-22,2022-01-03,regular,HOU,PHI
2021-22,2022-01-03,regular,MEM,BKN
2021-22,2022-01-03,regular,MIA,GSW
2021-22,2022-01-03,regular,MIN,LAC
2021-22,2022-01-03,regular,ORL,CHI
2021-22,2022-01-03,regular,UTA,NOP
2021-22,2022-01-04,regular,IND,NYK
2021-22,2022-01-04,regular,MEM,CLE
2021-22,2022-01-04,regular,PHX,NOP
2021-22,2022-01-04,regular,SAC,LAL
2021-22,2022-01-04,regular,SAS,TOR
2021-22,2022-01-05,regular,ATL,SAC
2021-22,2022-01-05,regular,BKN,IND
2021-22,2022-01-05,regular,DET,CHA
2021-22,2022-01-05,regular,GSW,DAL
2021-22,2022-01-05,regular,HOU,WAS
2021-22,2022-01-05,regular,MIA,POR
2021-22,2022-01-05,regular,OKC,MIN
2021-22,2022-01-05,regular,PHI,ORL
2021-22,2022-01-05,regular,SAS,BOS
2021-22,2022-01-05,regular,TOR,MIL
2021-22,2022-01-05,regular,UTA,DEN
2021-22,2022-01-06,regular,BOS,NYK
2021-22,2022-01-06,regular,DET,MEM
2021-22,2022-01-06,regular,GSW,NOP
2021-22,2022-01-06,regular,LAC,PHX
2021-22,2022-01-07,regular,ATL,LAL
2021-22,2022-01-07,regular,CLE,POR
2021-22,2022-01-07,regular,DAL,HOU
2021-22,2022-01-07,regular,MIL,BKN
2021-22,2022-01-07,regular,MIN,OKC
2021-22,2022-01-07,regular,SAC,DEN
2021-22,2022-01-07,regular,SAS,PHI
2021-22,2022-01-07,regular,UTA,TOR
2021-22,2022-01-07,regular,WAS,CHI
2021-22,2022-01-08,regular,MEM,LAC
2021-22,2022-01-08,regular,MIA,PHX
2021-22,2022-01-08,regular,MIL,CHA
2021-22,2022-01-08,regular,NYK,BOS
2021-22,2022-01-08,regular,ORL,DET
2021-22,2022-01-08,regular,UTA,IND
2021-22,2022-01-09,regular,ATL,LAC
2021-22,2022-01-09,regular,CHI,DAL
2021-22,2022-01-09,regular,CLE,GSW
2021-22,2022-01-09,regular,DEN,OKC
2021-22,2022-01-09,regular,MEM,LAL
2021-22,2022-01-09,regular,MIN,HOU
2021-22,2022-01-09,regular,NOP,TOR
2021-22,2022-01-09,regular,SAC,POR
2021-22,2022-01-09,regular,SAS,BKN
2021-22,2022-01-09,regular,WAS,ORL
2021-22,2022-01-10,regular,BKN,POR
2021-22,2022-01-10,regular,CLE,SAC
2021-22,2022-01-10,regular,IND,BOS
2021-22,2022-01-10,regular,MIL,CHA
2021-22,2022-01-10,regular,PHI,HOU
2021-22,2022-01-10,regular,SAS,NYK
2021-22,2022-01-10,regular,UTA,DET
2021-22,2022-01-11,regular,DEN,LAC
2021-22,2022-01-11,regular,DET,CHI
2021-22,2022-01-11,regular,GSW,MEM
2021-22,2022-01-11,regular,MIN,NOP
2021-22,2022-01-11,regular,OKC,WAS
2021-22,2022-01-11,regular,PHX,TOR
2021-22,2022-01-12,regular,BKN,CHI
2021-22,2022-01-12,regular,BOS,IND
2021-22,2022-01-12,regular,CHA,PHI
2021-22,2022-01-12,regular,CLE,UTA
2021-22,2022-01-12,regular,DAL,NYK
2021-22,2022-01-12,regular,HOU,SAS
2021-22,2022-01-12,regular,LAL,SAC
2021-22,2022-01-12,regular,MIA,ATL
2021-22,2022-01-12,regular,ORL,WAS
2021-22,2022-01-13,regular,GSW,MIL
2021-22,2022-01-13,regular,LAC,NOP
2021-22,2022-01-13,regular,MIN,MEM
2021-22,2022-01-13,regular,OKC,BKN
2021-22,2022-01-13,regular,POR,DEN
2021-22,2022-01-14,regular,ATL,MIA
2021-22,2022-01-14,regular,BOS,PHI
2021-22,2022-01-14,regular,CLE,SAS
2021-22,2022-01-14,regular,DAL,MEM
2021-22,2022-01-14,regular,GSW,CHI
2021-22,2022-01-14,regular,HOU,SAC
2021-22,2022-01-14,regular,ORL,CHA
2021-22,2022-01-14,regular,PHX,IND
2021-22,2022-01-14,regular,TOR,DET
2021-22,2022-01-15,regular,CHI,BOS
2021-22,2022-01-15,regular,CLE,OKC
2021-22,2022-01-15,regular,LAC,SAS
2021-22,2022-01-15,regular,LAL,DEN
2021-22,2022-01-15,regular,NOP,BKN
2021-22,2022-01-15,regular,NYK,ATL
2021-22,2022-01-15,regular,ORL,DAL
2021-22,2022-01-15,regular,PHI,MIA
2021-22,2022-01-15,regular,POR,WAS
2021-22,2022-01-15,regular,TOR,MIL
2021-22,2022-01-16,regular,GSW,MIN
2021-22,2022-01-16,regular,HOU,SAC
2021-22,2022-01-16,regular,PHX,DET
2021-22,2022-01-16,regular,UTA,DEN
2021-22,2022-01-17,regular,BKN,CLE
2021-22,2022-01-17,regular,CHA,NYK
2021-22,2022-01-17,regular,CHI,MEM
2021-22,2022-01-17,regular,IND,LAC
2021-22,2022-01-17,regular,MIL,ATL
2021-22,2022-01-17,regular,NOP,BOS
2021-22,2022-01-17,regular,OKC,DAL
2021-22,2022-01-17,regular,PHI,WAS
2021-22,2022-01-17,regular,PHX,SAS
2021-22,2022-01-17,regular,POR,ORL
2021-22,2022-01-17,regular,TOR,MIA
2021-22,2022-01-17,regular,UTA,LAL
2021-22,2022-01-18,regular,DET,GSW
2021-22,2022-01-18,regular,MIN,NYK
2021-22,2022-01-19,regular,BKN,WAS
2021-22,2022-01-19,regular,CHA,BOS
2021-22,2022-01-19,regular,CLE,CHI
2021-22,2022-01-19,regular,DET,SAC
2021-22,2022-01-19,regular,HOU,UTA
2021-22,2022-01-19,regular,IND,LAL
2021-22,2022-01-19,regular,LAC,DEN
2021-22,2022-01-19,regular,MEM,MIL
2021-22,2022-01-19,regular,MIN,ATL
2021-22,2022-01-19,regular,OKC,SAS
2021-22,2022-01-19,regular,ORL,PHI
2021-22,2022-01-19,regular,POR,MIA
2021-22,2022-01-19,regular,TOR,DAL
2021-22,2022-01-20,regular,IND,GSW
2021-22,2022-01-20,regular,NOP,NYK
2021-22,2022-01-20,regular,PHX,DAL
2021-22,2022-01-21,regular,BKN,SAS
2021-22,2022-01-21,regular,CHI,MIL
2021-22,2022-01-21,regular,DET,UTA
2021-22,2022-01-21,regular,HOU,GSW
2021-22,2022-01-21,regular,LAC,PHI
2021-22,2022-01-21,regular,LAL,ORL
2021-22,2022-01-21,regular,MEM,DEN
2021-22,2022-01-21,regular,MIA,ATL
2021-22,2022-01-21,regular,OKC,CHA
2021-22,2022-01-21,regular,POR,BOS
2021-22,2022-01-21,regular,TOR,WAS
2021-22,2022-01-22,regular,IND,PHX
2021-22,2022-01-22,regular,OKC,CLE
2021-22,2022-01-22,regular,SAC,MIL
2021-22,2022-01-23,regular,ATL,CHA
2021-22,2022-01-23,regular,BKN,MIN
2021-22,2022-01-23,regular,BOS,WAS
2021-22,2022-01-23,regular,CHI,ORL
2021-22,2022-01-23,regular,DET,DEN
2021-22,2022-01-23,regular,LAC,NYK
2021-22,2022-01-23,regular,LAL,MIA
2021-22,2022-01-23,regular,MEM,DAL
2021-22,2022-01-23,regular,PHI,SAS
2021-22,2022-01-23,regular,POR,TOR
2021-22,2022-01-23,regular,UTA,GSW
2021-22,2022-01-24,regular,CHI,OKC
2021-22,2022-01-24,regular,IND,NOP
2021-22,2022-01-24,regular,NYK,CLE
2021-22,2022-01-24,regular,UTA,PHX
2021-22,2022-01-25,regular,CHA,TOR
2021-22,2022-01-25,regular,DAL,GSW
2021-22,2022-01-25,regular,DEN,DET
2021-22,2022-01-25,regular,LAC,WAS
2021-22,2022-01-25,regular,LAL,BKN
2021-22,2022-01-25,regular,MIN,POR
2021-22,2022-01-25,regular,NOP,PHI
2021-22,2022-01-25,regular,SAC,BOS
2021-22,2022-01-25,regular,SAS,HOU
2021-22,2022-01-26,regular,CHA,IND
2021-22,2022-01-26,regular,DAL,POR
2021-22,2022-01-26,regular,DEN,BKN
2021-22,2022-01-26,regular,LAC,ORL
2021-22,2022-01-26,regular,MEM,SAS
2021-22,2022-01-26,regular,MIL,CLE
2021-22,2022-01-26,regular,NYK,MIA
2021-22,2022-01-26,regular,PHX,UTA
2021-22,2022-01-26,regular,SAC,ATL
2021-22,2022-01-26,regular,TOR,CHI
2021-22,2022-01-27,regular,LAL,PHI
2021-22,2022-01-27,regular,MIN,GSW
2021-22,2022-01-28,regular,BOS,ATL
2021-22,2022-01-28,regular,CHI,SAS
2021-22,2022-01-28,regular,DEN,NOP
2021-22,2022-01-28,regular,DET,ORL
2021-22,2022-01-28,regular,IND,OKC
2021-22,2022-01-28,regular,LAC,MIA
2021-22,2022-01-28,regular,LAL,CHA
2021-22,2022-01-28,regular,MIN,PHX
2021-22,2022-01-28,regular,NYK,MIL
2021-22,2022-01-28,regular,POR,HOU
2021-22,2022-01-28,regular,UTA,MEM
2021-22,2022-01-29,regular,BKN,GSW
2021-22,2022-01-29,regular,BOS,NOP
2021-22,2022-01-29,regular,IND,DAL
2021-22,2022-01-29,regular,SAC,PHI
2021-22,2022-01-29,regular,TOR,MIA
2021-22,2022-01-29,regular,WAS,MEM
2021-22,2022-01-30,regular,CLE,DET
2021-22,2022-01-30,regular,DAL,ORL
2021-22,2022-01-30,regular,DEN,MIL
2021-22,2022-01-30,regular,LAC,CHA
2021-22,2022-01-30,regular,LAL,ATL
2021-22,2022-01-30,regular,POR,CHI
2021-22,2022-01-30,regular,SAS,PHX
2021-22,2022-01-30,regular,UTA,MIN
2021-22,2022-01-31,regular,GSW,HOU
2021-22,2022-01-31,regular,LAC,IND
2021-22,2022-01-31,regular,MEM,PHI
2021-22,2022-01-31,regular,MIA,BOS
2021-22,2022-01-31,regular,NOP,CLE
2021-22,2022-01-31,regular,POR,OKC
2021-22,2022-01-31,regular,SAC,NYK
2021-22,2022-01-31,regular,TOR,ATL
2021-22,2022-02-01,regular,BKN,PHX
2021-22,2022-02-01,regular,DEN,MIN
2021-22,2022-02-01,regular,GSW,SAS
2021-22,2022-02-01,regular,MIA,TOR
2021-22,2022-02-01,regular,NOP,DET
2021-22,2022-02-01,regular,ORL,CHI
2021-22,2022-02-01,regular,WAS,MIL
2021-22,2022-02-02,regular,BKN,SAC
2021-22,2022-02-02,regular,CHA,BOS
2021-22,2022-02-02,regular,CLE,HOU
2021-22,2022-02-02,regular,DEN,UTA
2021-22,2022-02-02,regular,MEM,NYK
2021-22,2022-02-02,regular,OKC,DAL
2021-22,2022-02-02,regular,ORL,IND
2021-22,2022-02-02,regular,POR,LAL
2021-22,2022-02-02,regular,WAS,PHI
2021-22,2022-02-03,regular,CHI,TOR
2021-22,2022-02-03,regular,LAL,LAC
2021-22,2022-02-03,regular,MIA,SAS
2021-22,2022-02-03,regular,MIN,DET
2021-22,2022-02-03,regular,PHX,ATL
2021-22,2022-02-03,regular,SAC,GSW
2021-22,2022-02-04,regular,ATL,TOR
2021-22,2022-02-04,regular,BKN,UTA
2021-22,2022-02-04,regular,BOS,DET
2021-22,2022-02-04,regular,CHI,IND
2021-22,2022-02-04,regular,CLE,CHA
2021-22,2022-02-04,regular,HOU,SAS
2021-22,2022-02-04,regular,NOP,DEN
2021-22,2022-02-04,regular,OKC,POR
2021-22,2022-02-04,regular,PHI,DAL
2021-22,2022-02-05,regular,MEM,ORL
2021-22,2022-02-05,regular,MIA,CHA
2021-22,2022-02-05,regular,MIL,POR
2021-22,2022-02-05,regular,NYK,LAL
2021-22,2022-02-05,regular,OKC,SAC
2021-22,2022-02-05,regular,PHX,WAS
2021-22,2022-02-06,regular,ATL,DAL
2021-22,2022-02-06,regular,BKN,DEN
2021-22,2022-02-06,regular,BOS,ORL
2021-22,2022-02-06,regular,DET,MIN
2021-22,2022-02-06,regular,IND,CLE
2021-22,2022-02-06,regular,MIL,LAC
2021-22,2022-02-06,regular,NOP,HOU
2021-22,2022-02-06,regular,PHI,CHI
2021-22,2022-02-07,regular,GSW,OKC
2021-22,2022-02-07,regular,MIA,WAS
2021-22,2022-02-07,regular,NYK,UTA
2021-22,2022-02-07,regular,PHX,CHI
2021-22,2022-02-07,regular,TOR,CHA
2021-22,2022-02-08,regular,BOS,BKN
2021-22,2022-02-08,regular,DET,DAL
2021-22,2022-02-08,regular,HOU,NOP
2021-22,2022-02-08,regular,IND,ATL
2021-22,2022-02-08,regular,LAC,MEM
2021-22,2022-02-08,regular,MIL,LAL
2021-22,2022-02-08,regular,MIN,SAC
2021-22,2022-02-08,regular,NYK,DEN
2021-22,2022-02-08,regular,ORL,POR
2021-22,2022-02-08,regular,PHX,PHI
2021-22,2022-02-09,regular,CHI,CHA
2021-22,2022-02-09,regular,GSW,UTA
2021-22,2022-02-09,regular,LAL,POR
2021-22,2022-02-09,regular,MIN,SAC
2021-22,2022-02-09,regular,SAS,CLE
2021-22,2022-02-09,regular,TOR,OKC
2021-22,2022-02-10,regular,BKN,WAS
2021-22,2022-02-10,regular,LAC,DAL
2021-22,2022-02-10,regular,MEM,DET
2021-22,2022-02-10,regular,MIA,NOP
2021-22,2022-02-10,regular,MIL,PHX
2021-22,2022-02-10,regular,NYK,GSW
2021-22,2022-02-10,regular,TOR,HOU
2021-22,2022-02-11,regular,CHA,DET
2021-22,2022-02-11,regular,CLE,IND
2021-22,2022-02-11,regular,DEN,BOS
2021-22,2022-02-11,regular,MIN,CHI
2021-22,2022-02-11,regular,OKC,PHI
2021-22,2022-02-11,regular,ORL,UTA
2021-22,2022-02-11,regular,SAS,ATL
2021-22,2022-02-12,regular,BKN,MIA
2021-22,2022-02-12,regular,CLE,PHI
2021-22,2022-02-12,regular,DEN,TOR
2021-22,2022-02-12,regular,LAC,DAL
2021-22,2022-02-12,regular,LAL,GSW
2021-22,2022-02-12,regular,MEM,CHA
2021-22,2022-02-12,regular,NYK,POR
2021-22,2022-02-12,regular,OKC,CHI
2021-22,2022-02-12,regular,ORL,PHX
2021-22,2022-02-12,regular,SAC,WAS
2021-22,2022-02-12,regular,SAS,NOP
2021-22,2022-02-13,regular,ATL,BOS
2021-22,2022-02-13,regular,MIN,IND
2021-22,2022-02-14,regular,DET,WAS
2021-22,2022-02-14,regular,GSW,LAC
2021-22,2022-02-14,regular,HOU,UTA
2021-22,2022-02-14,regular,OKC,NYK
2021-22,2022-02-14,regular,ORL,DEN
2021-22,2022-02-14,regular,POR,MIL
2021-22,2022-02-14,regular,SAC,BKN
2021-22,2022-02-14,regular,SAS,CHI
2021-22,2022-02-14,regular,TOR,NOP
2021-22,2022-02-15,regular,BOS,PHI
2021-22,2022-02-15,regular,CHA,MIN
2021-22,2022-02-15,regular,CLE,ATL
2021-22,2022-02-15,regular,DAL,MIA
2021-22,2022-02-15,regular,IND,MIL
2021-22,2022-02-15,regular,LAC,PHX
2021-22,2022-02-15,regular,MEM,NOP
2021-22,2022-02-16,regular,ATL,ORL
2021-22,2022-02-16,regular,BKN,NYK
2021-22,2022-02-16,regular,DEN,GSW
2021-22,2022-02-16,regular,DET,BOS
2021-22,2022-02-16,regular,HOU,PHX
2021-22,2022-02-16,regular,POR,MEM
2021-22,2022-02-16,regular,SAC,CHI
2021-22,2022-02-16,regular,SAS,OKC
2021-22,2022-02-16,regular,TOR,MIN
2021-22,2022-02-16,regular,UTA,LAL
2021-22,2022-02-16,regular,WAS,IND
2021-22,2022-02-17,regular,DAL,NOP
2021-22,2022-02-17,regular,HOU,LAC
2021-22,2022-02-17,regular,MIA,CHA
2021-22,2022-02-17,regular,PHI,MIL
2021-22,2022-02-17,regular,WAS,BKN
2021-22,2022-02-24,regular,ATL,CHI
2021-22,2022-02-24,regular,BOS,BKN
2021-22,2022-02-24,regular,CLE,DET
2021-22,2022-02-24,regular,DEN,SAC
2021-22,2022-02-24,regular,GSW,POR
2021-22,2022-02-24,regular,MEM,MIN
2021-22,2022-02-24,regular,PHX,OKC
2021-22,2022-02-25,regular,DAL,UTA
2021-22,2022-02-25,regular,HOU,ORL
2021-22,2022-02-25,regular,LAC,LAL
2021-22,2022-02-25,regular,MIA,NYK
2021-22,2022-02-25,regular,NOP,PHX
2021-22,2022-02-25,regular,OKC,IND
2021-22,2022-02-25,regular,PHI,MIN
2021-22,2022-02-25,regular,SAS,WAS
2021-22,2022-02-25,regular,TOR,CHA
2021-22,2022-02-26,regular,BKN,MIL
2021-22,2022-02-26,regular,BOS,DET
2021-22,2022-02-26,regular,MEM,CHI
2021-22,2022-02-26,regular,SAC,DEN
2021-22,2022-02-26,regular,SAS,MIA
2021-22,2022-02-26,regular,TOR,ATL
2021-22,2022-02-26,regular,WAS,CLE
2021-22,2022-02-27,regular,BOS,IND
2021-22,2022-02-27,regular,DAL,GSW
2021-22,2022-02-27,regular,DEN,POR
2021-22,2022-02-27,regular,DET,CHA
2021-22,2022-02-27,regular,LAC,HOU
2021-22,2022-02-27,regular,NOP,LAL
2021-22,2022-02-27,regular,PHI,NYK
2021-22,2022-02-27,regular,UTA,PHX
2021-22,2022-02-28,regular,CHA,MIL
2021-22,2022-02-28,regular,CHI,MIA
2021-22,2022-02-28,regular,IND,ORL
2021-22,2022-02-28,regular,MIN,CLE
2021-22,2022-02-28,regular,SAC,OKC
2021-22,2022-02-28,regular,SAS,MEM
2021-22,2022-02-28,regular,TOR,BKN
2021-22,2022-03-01,regular,ATL,BOS
2021-22,2022-03-01,regular,BKN,TOR
2021-22,2022-03-01,regular,DAL,LAL
2021-22,2022-03-01,regular,DET,WAS
2021-22,2022-03-01,regular,GSW,MIN
2021-22,2022-03-01,regular,LAC,HOU
2021-22,2022-03-02,regular,CHA,CLE
2021-22,2022-03-02,regular,IND,ORL
2021-22,2022-03-02,regular,MIA,MIL
2021-22,2022-03-02,regular,NYK,PHI
2021-22,2022-03-02,regular,OKC,DEN
2021-22,2022-03-02,regular,POR,PHX
2021-22,2022-03-02,regular,SAC,NOP
2021-22,2022-03-02,regular,UTA,HOU
2021-22,2022-03-03,regular,CHI,ATL
2021-22,2022-03-03,regular,DET,TOR
2021-22,2022-03-03,regular,GSW,DAL
2021-22,2022-03-03,regular,LAL,LAC
2021-22,2022-03-03,regular,MEM,BOS
2021-22,2022-03-03,regular,MIA,BKN
2021-22,2022-03-03,regular,SAC,SAS
2021-22,2022-03-04,regular,ATL,WAS
2021-22,2022-03-04,regular,CLE,PHI
2021-22,2022-03-04,regular,HOU,DEN
2021-22,2022-03-04,regular,IND,DET
2021-22,2022-03-04,regular,MIL,CHI
2021-22,2022-03-04,regular,MIN,OKC
2021-22,2022-03-04,regular,NYK,PHX
2021-22,2022-03-04,regular,ORL,TOR
2021-22,2022-03-04,regular,UTA,NOP
2021-22,2022-03-05,regular,GSW,LAL
2021-22,2022-03-05,regular,ORL,MEM
2021-22,2022-03-05,regular,PHI,MIA
2021-22,2022-03-05,regular,POR,MIN
2021-22,2022-03-05,regular,SAC,DAL
2021-22,2022-03-05,regular,SAS,CHA
2021-22,2022-03-06,regular,BKN,BOS
2021-22,2022-03-06,regular,IND,WAS
2021-22,2022-03-06,regular,MEM,HOU
2021-22,2022-03-06,regular,NOP,DEN
2021-22,2022-03-06,regular,NYK,LAC
2021-22,2022-03-06,regular,PHX,MIL
2021-22,2022-03-06,regular,TOR,CLE
2021-22,2022-03-06,regular,UTA,OKC
2021-22,2022-03-07,regular,ATL,DET
2021-22,2022-03-07,regular,CHI,PHI
2021-22,2022-03-07,regular,GSW,DEN
2021-22,2022-03-07,regular,HOU,MIA
2021-22,2022-03-07,regular,LAL,SAS
2021-22,2022-03-07,regular,NYK,SAC
2021-22,2022-03-07,regular,POR,MIN
2021-22,2022-03-07,regular,UTA,DAL
2021-22,2022-03-08,regular,BKN,CHA
2021-22,2022-03-08,regular,CLE,IND
2021-22,2022-03-08,regular,LAC,GSW
2021-22,2022-03-08,regular,MIL,OKC
2021-22,2022-03-08,regular,NOP,MEM
2021-22,2022-03-08,regular,PHX,ORL
2021-22,2022-03-09,regular,ATL,MIL
2021-22,2022-03-09,regular,BOS,CHA
2021-22,2022-03-09,regular,CHI,DET
2021-22,2022-03-09,regular,DEN,SAC
2021-22,2022-03-09,regular,LAL,HOU
2021-22,2022-03-09,regular,NYK,DAL
2021-22,2022-03-09,regular,OKC,MIN
2021-22,2022-03-09,regular,ORL,NOP
2021-22,2022-03-09,regular,PHX,MIA
2021-22,2022-03-09,regular,POR,UTA
2021-22,2022-03-09,regular,TOR,SAS
2021-22,2022-03-09,regular,WAS,LAC
2021-22,2022-03-10,regular,BKN,PHI
2021-22,2022-03-10,regular,GSW,DEN
2021-22,2022-03-11,regular,CHA,NOP
2021-22,2022-03-11,regular,CLE,MIA
2021-22,2022-03-11,regular,DAL,HOU
2021-22,2022-03-11,regular,DET,BOS
2021-22,2022-03-11,regular,LAC,ATL
2021-22,2022-03-11,regular,MIN,ORL
2021-22,2022-03-11,regular,NYK,MEM
2021-22,2022-03-11,regular,TOR,PHX
2021-22,2022-03-11,regular,UTA,SAS
2021-22,2022-03-11,regular,WAS,LAL
2021-22,2022-03-12,regular,CLE,CHI
2021-22,2022-03-12,regular,IND,SAS
2021-22,2022-03-12,regular,MIL,GSW
2021-22,2022-03-12,regular,MIN,MIA
2021-22,2022-03-12,regular,SAC,UTA
2021-22,2022-03-12,regular,TOR,DEN
2021-22,2022-03-12,regular,WAS,POR
2021-22,2022-03-13,regular,DAL,BOS
2021-22,2022-03-13,regular,HOU,NOP
2021-22,2022-03-13,regular,IND,ATL
2021-22,2022-03-13,regular,LAC,DET
2021-22,2022-03-13,regular,LAL,PHX
2021-22,2022-03-13,regular,MEM,OKC
2021-22,2022-03-13,regular,NYK,BKN
2021-22,2022-03-13,regular,PHI,ORL
2021-22,2022-03-14,regular,CHA,OKC
2021-22,2022-03-14,regular,CHI,SAC
2021-22,2022-03-14,regular,DEN,PHI
2021-22,2022-03-14,regular,LAC,CLE
2021-22,2022-03-14,regular,MIL,UTA
2021-22,2022-03-14,regular,MIN,SAS
2021-22,2022-03-14,regular,POR,ATL
2021-22,2022-03-14,regular,TOR,LAL
2021-22,2022-03-14,regular,WAS,GSW
2021-22,2022-03-15,regular,BKN,ORL
2021-22,2022-03-15,regular,DET,MIA
2021-22,2022-03-15,regular,MEM,IND
2021-22,2022-03-15,regular,PHX,NOP
2021-22,2022-03-16,regular,ATL,CHA
2021-22,2022-03-16,regular,BOS,GSW
2021-22,2022-03-16,regular,CHI,UTA
2021-22,2022-03-16,regular,DAL,BKN
2021-22,2022-03-16,regular,DEN,WAS
2021-22,2022-03-16,regular,LAL,MIN
2021-22,2022-03-16,regular,MIL,SAC
2021-22,2022-03-16,regular,OKC,SAS
2021-22,2022-03-16,regular,PHI,CLE
2021-22,2022-03-16,regular,PHX,HOU
2021-22,2022-03-16,regular,POR,NYK
2021-22,2022-03-16,regular,TOR,LAC
2021-22,2022-03-17,regular,DET,ORL
2021-22,2022-03-18,regular,BOS,SAC
2021-22,2022-03-18,regular,CHI,PHX
2021-22,2022-03-18,regular,DAL,PHI
2021-22,2022-03-18,regular,DEN,CLE
2021-22,2022-03-18,regular,IND,HOU
2021-22,2022-03-18,regular,LAC,UTA
2021-22,2022-03-18,regular,LAL,TOR
2021-22,2022-03-18,regular,MEM,ATL
2021-22,2022-03-18,regular,NOP,SAS
2021-22,2022-03-18,regular,OKC,MIA
2021-22,2022-03-18,regular,POR,BKN
2021-22,2022-03-18,regular,WAS,NYK
2021-22,2022-03-19,regular,DAL,CHA
2021-22,2022-03-19,regular,DET,CLE
2021-22,2022-03-19,regular,LAL,WAS
2021-22,2022-03-19,regular,MIL,MIN
2021-22,2022-03-20,regular,BOS,DEN
2021-22,2022-03-20,regular,MEM,HOU
2021-22,2022-03-20,regular,NOP,ATL
2021-22,2022-03-20,regular,OKC,ORL
2021-22,2022-03-20,regular,PHX,SAC
2021-22,2022-03-20,regular,POR,IND
2021-22,2022-03-20,regular,SAS,GSW
2021-22,2022-03-20,regular,TOR,PHI
2021-22,2022-03-20,regular,UTA,NYK
2021-22,2022-03-21,regular,BOS,OKC
2021-22,2022-03-21,regular,LAL,CLE
2021-22,2022-03-21,regular,MIA,PHI
2021-22,2022-03-21,regular,MIN,DAL
2021-22,2022-03-21,regular,NOP,CHA
2021-22,2022-03-21,regular,POR,DET
2021-22,2022-03-21,regular,TOR,CHI
2021-22,2022-03-21,regular,UTA,BKN
2021-22,2022-03-21,regular,WAS,HOU
2021-22,2022-03-22,regular,ATL,NYK
2021-22,2022-03-22,regular,CHI,MIL
2021-22,2022-03-22,regular,GSW,ORL
2021-22,2022-03-22,regular,LAC,DEN
2021-22,2022-03-23,regular,ATL,DET
2021-22,2022-03-23,regular,BKN,MEM
2021-22,2022-03-23,regular,GSW,MIA
2021-22,2022-03-23,regular,HOU,DAL
2021-22,2022-03-23,regular,NYK,CHA
2021-22,2022-03-23,regular,ORL,OKC
2021-22,2022-03-23,regular,PHI,LAL
2021-22,2022-03-23,regular,PHX,MIN
2021-22,2022-03-23,regular,SAC,IND
2021-22,2022-03-23,regular,SAS,POR
2021-22,2022-03-23,regular,UTA,BOS
2021-22,2022-03-24,regular,CHI,NOP
2021-22,2022-03-24,regular,CLE,TOR
2021-22,2022-03-24,regular,IND,MEM
2021-22,2022-03-24,regular,PHX,DEN
2021-22,2022-03-24,regular,WAS,MIL
2021-22,2022-03-25,regular,DAL,MIN
2021-22,2022-03-25,regular,GSW,ATL
2021-22,2022-03-25,regular,HOU,POR
2021-22,2022-03-25,regular,NYK,MIA
2021-22,2022-03-25,regular,PHI,LAC
2021-22,2022-03-25,regular,UTA,CHA
2021-22,2022-03-25,regular,WAS,DET
2021-22,2022-03-26,regular,BKN,MIA
2021-22,2022-03-26,regular,CHI,CLE
2021-22,2022-03-26,regular,HOU,POR
2021-22,2022-03-26,regular,IND,TOR
2021-22,2022-03-26,regular,MIL,MEM
2021-22,2022-03-26,regular,OKC,DEN
2021-22,2022-03-26,regular,SAC,ORL
2021-22,2022-03-26,regular,SAS,NOP
2021-22,2022-03-27,regular,CHA,BKN
2021-22,2022-03-27,regular,GSW,WAS
2021-22,2022-03-27,regular,LAL,NOP
2021-22,2022-03-27,regular,MIN,BOS
2021-22,2022-03-27,regular,NYK,DET
2021-22,2022-03-27,regular,PHI,PHX
2021-22,2022-03-27,regular,UTA,DAL
2021-22,2022-03-28,regular,ATL,IND
2021-22,2022-03-28,regular,BOS,TOR
2021-22,2022-03-28,regular,CHI,NYK
2021-22,2022-03-28,regular,DEN,CHA
2021-22,2022-03-28,regular,GSW,MEM
2021-22,2022-03-28,regular,OKC,POR
2021-22,2022-03-28,regular,ORL,CLE
2021-22,2022-03-28,regular,SAC,MIA
2021-22,2022-03-28,regular,SAS,HOU
2021-22,2022-03-29,regular,CHI,WAS
2021-22,2022-03-29,regular,DET,BKN
2021-22,2022-03-29,regular,LAL,DAL
2021-22,2022-03-29,regular,MIL,PHI
2021-22,2022-03-29,regular,UTA,LAC
2021-22,2022-03-30,regular,ATL,OKC
2021-22,2022-03-30,regular,CHA,NYK
2021-22,2022-03-30,regular,DAL,CLE
2021-22,2022-03-30,regular,DEN,IND
2021-22,2022-03-30,regular,MEM,SAS
2021-22,2022-03-30,regular,MIA,BOS
2021-22,2022-03-30,regular,MIN,TOR
2021-22,2022-03-30,regular,NOP,POR
2021-22,2022-03-30,regular,ORL,WAS
2021-22,2022-03-30,regular,PHX,GSW
2021-22,2022-03-30,regular,SAC,HOU
2021-22,2022-03-31,regular,CLE,ATL
2021-22,2022-03-31,regular,LAC,CHI
2021-22,2022-03-31,regular,LAL,UTA
2021-22,2022-03-31,regular,MIL,BKN
2021-22,2022-03-31,regular,PHI,DET
2021-22,2022-04-01,regular,DAL,WAS
2021-22,2022-04-01,regular,DET,OKC
2021-22,2022-04-01,regular,IND,BOS
2021-22,2022-04-01,regular,LAC,MIL
2021-22,2022-04-01,regular,MIN,DEN
2021-22,2022-04-01,regular,NOP,LAL
2021-22,2022-04-01,regular,PHX,MEM
2021-22,2022-04-01,regular,POR,SAS
2021-22,2022-04-01,regular,SAC,HOU
2021-22,2022-04-01,regular,TOR,ORL
2021-22,2022-04-02,regular,BKN,ATL
2021-22,2022-04-02,regular,CHA,PHI
2021-22,2022-04-02,regular,CLE,NYK
2021-22,2022-04-02,regular,MIA,CHI
2021-22,2022-04-02,regular,UTA,GSW
2021-22,2022-04-03,regular,DAL,MIL
2021-22,2022-04-03,regular,DEN,LAL
2021-22,2022-04-03,regular,DET,IND
2021-22,2022-04-03,regular,GSW,SAC
2021-22,2022-04-03,regular,MIA,TOR
2021-22,2022-04-03,regular,MIN,HOU
2021-22,2022-04-03,regular,NOP,LAC
2021-22,2022-04-03,regular,NYK,ORL
2021-22,2022-04-03,regular,PHI,CLE
2021-22,2022-04-03,regular,PHX,OKC
2021-22,2022-04-03,regular,POR,SAS
2021-22,2022-04-03,regular,WAS,BOS
2021-22,2022-04-05,regular,ATL,TOR
2021-22,2022-04-05,regular,CHA,MIA
2021-22,2022-04-05,regular,CLE,ORL
2021-22,2022-04-05,regular,HOU,BKN
2021-22,2022-04-05,regular,LAL,PHX
2021-22,2022-04-05,regular,MEM,UTA
2021-22,2022-04-05,regular,MIL,CHI
2021-22,2022-04-05,regular,NOP,SAC
2021-22,2022-04-05,regular,PHI,IND
2021-22,2022-04-05,regular,POR,OKC
2021-22,2022-04-05,regular,SAS,DEN
2021-22,2022-04-05,regular,WAS,MIN
2021-22,2022-04-06,regular,BKN,NYK
2021-22,2022-04-06,regular,BOS,CHI
2021-22,2022-04-06,regular,DAL,DET
2021-22,2022-04-06,regular,OKC,UTA
2021-22,2022-04-06,regular,PHX,LAC
2021-22,2022-04-06,regular,WAS,ATL
2021-22,2022-04-07,regular,BOS,MIL
2021-22,2022-04-07,regular,LAL,GSW
2021-22,2022-04-07,regular,MEM,DEN
2021-22,2022-04-07,regular,ORL,CHA
2021-22,2022-04-07,regular,PHI,TOR
2021-22,2022-04-07,regular,POR,NOP
2021-22,2022-04-07,regular,SAS,MIN
2021-22,2022-04-08,regular,ATL,MIA
2021-22,2022-04-08,regular,CHA,CHI
2021-22,2022-04-08,regular,CLE,BKN
2021-22,2022-04-08,regular,HOU,TOR
2021-22,2022-04-08,regular,MIL,DET
2021-22,2022-04-08,regular,NYK,WAS
2021-22,2022-04-08,regular,OKC,LAL
2021-22,2022-04-08,regular,PHX,UTA
2021-22,2022-04-08,regular,POR,DAL
2021-22,2022-04-09,regular,GSW,SAS
2021-22,2022-04-09,regular,IND,PHI
2021-22,2022-04-09,regular,NOP,MEM
2021-22,2022-04-09,regular,SAC,LAC
2021-22,2022-04-10,regular,ATL,HOU
2021-22,2022-04-10,regular,BOS,MEM
2021-22,2022-04-10,regular,CHI,MIN
2021-22,2022-04-10,regular,DET,PHI
2021-22,2022-04-10,regular,GSW,NOP
2021-22,2022-04-10,regular,IND,BKN
2021-22,2022-04-10,regular,LAL,DEN
2021-22,2022-04-10,regular,MIA,ORL
2021-22,2022-04-10,regular,MIL,CLE
2021-22,2022-04-10,regular,OKC,LAC
2021-22,2022-04-10,regular,SAC,PHX
2021-22,2022-04-10,regular,SAS,DAL
2021-22,2022-04-10,regular,TOR,NYK
2021-22,2022-04-10,regular,UTA,POR
2021-22,2022-04-10,regular,WAS,CHA
2021-22,2022-04-12,play_in,CLE,BKN
2021-22,2022-04-12,play_in,LAC,MIN
2021-22,2022-04-13,play_in,CHA,ATL
2021-22,2022-04-13,play_in,SAS,NOP
2021-22,2022-04-15,play_in,ATL,CLE
2021-22,2022-04-15,play_in,NOP,LAC
2021-22,2022-04-16,playoffs,DEN,GSW
2021-22,2022-04-16,playoffs,MIN,MEM
2021-22,2022-04-16,playoffs,TOR,PHI
2021-22,2022-04-16,playoffs,UTA,DAL
2021-22,2022-04-17,playoffs,ATL,MIA
2021-22,2022-04-17,playoffs,BKN,BOS
2021-22,2022-04-17,playoffs,CHI,MIL
2021-22,2022-04-17,playoffs,NOP,PHX
2021-22,2022-04-18,playoffs,DEN,GSW
2021-22,2022-04-18,playoffs,TOR,PHI
2021-22,2022-04-18,playoffs,UTA,DAL
2021-22,2022-04-19,playoffs,ATL,MIA
2021-22,2022-04-19,playoffs,MIN,MEM
2021-22,2022-04-19,playoffs,NOP,PHX
2021-22,2022-04-20,playoffs,BKN,BOS
2021-22,2022-04-20,playoffs,CHI,MIL
2021-22,2022-04-20,playoffs,PHI,TOR
2021-22,2022-04-21,playoffs,DAL,UTA
2021-22,2022-04-21,playoffs,GSW,DEN
2021-22,2022-04-21,playoffs,MEM,MIN
2021-22,2022-04-22,playoffs,MIA,ATL
2021-22,2022-04-22,playoffs,MIL,CHI
2021-22,2022-04-22,playoffs,PHX,NOP
2021-22,2022-04-23,playoffs,BOS,BKN
2021-22,2022-04-23,playoffs,DAL,UTA
2021-22,2022-04-23,playoffs,MEM,MIN
2021-22,2022-04-23,playoffs,PHI,TOR
2021-22,2022-04-24,playoffs,GSW,DEN
2021-22,2022-04-24,playoffs,MIA,ATL
2021-22,2022-04-24,playoffs,MIL,CHI
2021-22,2022-04-24,playoffs,PHX,NOP
2021-22,2022-04-25,playoffs,BOS,BKN
2021-22,2022-04-25,playoffs,TOR,PHI
2021-22,2022-04-25,playoffs,UTA,DAL
2021-22,2022-04-26,playoffs,ATL,MIA
2021-22,2022-04-26,playoffs,MIN,MEM
2021-22,2022-04-26,playoffs,NOP,PHX
2021-22,2022-04-27,playoffs,CHI,MIL
2021-22,2022-04-27,playoffs,DEN,GSW
2021-22,2022-04-28,playoffs,DAL,UTA
2021-22,2022-04-28,playoffs,PHI,TOR
2021-22,2022-04-28,playoffs,PHX,NOP
2021-22,2022-04-29,playoffs,MEM,MIN
2021-22,2022-05-01,playoffs,GSW,MEM
2021-22,2022-05-01,playoffs,MIL,BOS
2021-22,2022-05-02,playoffs,DAL,PHX
2021-22,2022-05-02,playoffs,PHI,MIA
2021-22,2022-05-03,playoffs,GSW,MEM
2021-22,2022-05-03,playoffs,MIL,BOS
2021-22,2022-05-04,playoffs,DAL,PHX
2021-22,2022-05-04,playoffs,PHI,MIA
2021-22,2022-05-06,playoffs,MIA,PHI
2021-22,2022-05-06,playoffs,PHX,DAL
2021-22,2022-05-07,playoffs,BOS,MIL
2021-22,2022-05-07,playoffs,MEM,GSW
2021-22,2022-05-08,playoffs,MIA,PHI
2021-22,2022-05-08,playoffs,PHX,DAL
2021-22,2022-05-09,playoffs,BOS,MIL
2021-22,2022-05-09,playoffs,MEM,GSW
2021-22,2022-05-10,playoffs,DAL,PHX
2021-22,2022-05-10,playoffs,PHI,MIA
2021-22,2022-05-11,playoffs,GSW,MEM
2021-22,2022-05-11,playoffs,MIL,BOS
2021-22,2022-05-12,playoffs,MIA,PHI
2021-22,2022-05-12,playoffs,PHX,DAL
2021-22,2022-05-13,playoffs,BOS,MIL
2021-22,2022-05-13,playoffs,MEM,GSW
2021-22,2022-05-15,playoffs,DAL,PHX
2021-22,2022-05-15,playoffs,MIL,BOS
2021-22,2022-05-17,playoffs,BOS,MIA
2021-22,2022-05-18,playoffs,DAL,GSW
2021-22,2022-05-19,playoffs,BOS,MIA
2021-22,2022-05-20,playoffs,DAL,GSW
2021-22,2022-05-21,playoffs,MIA,BOS
2021-22,2022-05-22,playoffs,GSW,DAL
2021-22,2022-05-23,playoffs,MIA,BOS
2021-22,2022-05-24,playoffs,GSW,DAL
2021-22,2022-05-25,playoffs,BOS,MIA
2021-22,2022-05-26,playoffs,DAL,GSW
2021-22,2022-05-27,playoffs,MIA,BOS
2021-22,2022-05-29,playoffs,BOS,MIA
2021-22,2022-06-02,playoffs,BOS,GSW
2021-22,2022-06-05,playoffs,BOS,GSW
2021-22,2022-06-08,playoffs,GSW,BOS
2021-22,2022-06-10,playoffs,GSW,BOS
2021-22,2022-06-13,playoffs,BOS,GSW
2021-22,2022-06-16,playoffs,GSW,BOS
2022-23,2022-09-30,preseason,GSW,WAS
2022-23,2022-10-01,preseason,MEM,MIL
2022-23,2022-10-02,preseason,CHA,BOS
2022-23,2022-10-02,preseason,SAS,HOU
2022-23,2022-10-02,preseason,UTA,TOR
2022-23,2022-10-02,preseason,WAS,GSW
2022-23,2022-10-03,preseason,OKC,DEN
2022-23,2022-10-03,preseason,ORL,MEM
2022-23,2022-10-03,preseason,PHI,BKN
2022-23,2022-10-03,preseason,POR,LAC
2022-23,2022-10-03,preseason,SAC,LAL
2022-23,2022-10-04,preseason,DET,NYK
2022-23,2022-10-04,preseason,MIN,MIA
2022-23,2022-10-04,preseason,NOP,CHI
2022-23,2022-10-04,preseason,UTA,POR
2022-23,2022-10-05,preseason,CLE,PHI
2022-23,2022-10-05,preseason,DAL,OKC
2022-23,2022-10-05,preseason,IND,CHA
2022-23,2022-10-05,preseason,PHX,LAL
2022-23,2022-10-05,preseason,TOR,BOS
2022-23,2022-10-06,preseason,MIA,BKN
2022-23,2022-10-06,preseason,MIL,ATL
2022-23,2022-10-06,preseason,MIN,LAL
2022-23,2022-10-06,preseason,ORL,SAS
2022-23,2022-10-07,preseason,BOS,CHA
2022-23,2022-10-07,preseason,DEN,CHI
2022-23,2022-10-07,preseason,DET,NOP
2022-23,2022-10-07,preseason,IND,NYK
2022-23,2022-10-07,preseason,MIA,MEM
2022-23,2022-10-07,preseason,ORL,DAL
2022-23,2022-10-07,preseason,TOR,HOU
2022-23,2022-10-08,preseason,ATL,MIL
2022-23,2022-10-09,preseason,CHI,TOR
2022-23,2022-10-09,preseason,LAL,GSW
2022-23,2022-10-09,preseason,MIN,LAC
2022-23,2022-10-09,preseason,NOP,SAS
2022-23,2022-10-09,preseason,POR,SAC
2022-23,2022-10-10,preseason,HOU,MIA
2022-23,2022-10-10,preseason,PHI,CLE
2022-23,2022-10-10,preseason,PHX,DEN
2022-23,2022-10-10,preseason,WAS,CHA
2022-23,2022-10-11,preseason,MEM,ORL
2022-23,2022-10-11,preseason,MIL,CHI
2022-23,2022-10-11,preseason,OKC,DET
2022-23,2022-10-11,preseason,POR,GSW
2022-23,2022-10-11,preseason,SAS,UTA
2022-23,2022-10-12,preseason,ATL,CLE
2022-23,2022-10-12,preseason,BKN,MIL
2022-23,2022-10-12,preseason,CHA,PHI
2022-23,2022-10-12,preseason,DEN,LAC
2022-23,2022-10-12,preseason,MIN,LAL
2022-23,2022-10-12,preseason,NOP,MIA
2022-23,2022-10-12,preseason,NYK,IND
2022-23,2022-10-12,preseason,SAC,PHX
2022-23,2022-10-13,preseason,MEM,DET
2022-23,2022-10-13,preseason,OKC,SAS
2022-23,2022-10-14,preseason,ATL,NOP
2022-23,2022-10-14,preseason,BKN,MIN
2022-23,2022-10-14,preseason,BOS,TOR
2022-23,2022-10-14,preseason,CLE,ORL
2022-23,2022-10-14,preseason,DAL,UTA
2022-23,2022-10-14,preseason,DEN,GSW
2022-23,2022-10-14,preseason,HOU,IND
2022-23,2022-10-14,preseason,LAL,SAC
2022-23,2022-10-14,preseason,WAS,NYK
2022-23,2022-10-18,regular,LAL,GSW
2022-23,2022-10-18,regular,PHI,BOS
2022-23,2022-10-19,regular,CHA,SAS
2022-23,2022-10-19,regular,CHI,MIA
2022-23,2022-10-19,regular,CLE,TOR
2022-23,2022-10-19,regular,DAL,PHX
2022-23,2022-10-19,regular,DEN,UTA
2022-23,2022-10-19,regular,HOU,ATL
2022-23,2022-10-19,regular,NOP,BKN
2022-23,2022-10-19,regular,NYK,MEM
2022-23,2022-10-19,regular,OKC,MIN
2022-23,2022-10-19,regular,ORL,DET
2022-23,2022-10-19,regular,POR,SAC
2022-23,2022-10-19,regular,WAS,IND
2022-23,2022-10-20,regular,LAC,LAL
2022-23,2022-10-20,regular,MIL,PHI
2022-23,2022-10-21,regular,BOS,MIA
2022-23,2022-10-21,regular,CHI,WAS
2022-23,2022-10-21,regular,DEN,GSW
2022-23,2022-10-21,regular,DET,NYK
2022-23,2022-10-21,regular,MEM,HOU
2022-23,2022-10-21,regular,NOP,CHA
2022-23,2022-10-21,regular,ORL,ATL
2022-23,2022-10-21,regular,PHX,POR
2022-23,2022-10-21,regular,SAS,IND
2022-23,2022-10-21,regular,TOR,BKN
2022-23,2022-10-21,regular,UTA,MIN
2022-23,2022-10-22,regular,BOS,ORL
2022-23,2022-10-22,regular,CLE,CHI
2022-23,2022-10-22,regular,DET,IND
2022-23,2022-10-22,regular,HOU,MIL
2022-23,2022-10-22,regular,LAC,SAC
2022-23,2022-10-22,regular,MEM,DAL
2022-23,2022-10-22,regular,OKC,DEN
2022-23,2022-10-22,regular,SAS,PHI
2022-23,2022-10-22,regular,TOR,MIA
2022-23,2022-10-23,regular,CHA,ATL
2022-23,2022-10-23,regular,MIN,OKC
2022-23,2022-10-23,regular,PHX,LAC
2022-23,2022-10-23,regular,POR,LAL
2022-23,2022-10-23,regular,SAC,GSW
2022-23,2022-10-23,regular,UTA,NOP
2022-23,2022-10-23,regular,WAS,CLE
2022-23,2022-10-24,regular,BKN,MEM
2022-23,2022-10-24,regular,BOS,CHI
2022-23,2022-10-24,regular,DEN,POR
2022-23,2022-10-24,regular,IND,PHI
2022-23,2022-10-24,regular,ORL,NYK
2022-23,2022-10-24,regular,SAS,MIN
2022-23,2022-10-24,regular,TOR,MIA
2022-23,2022-10-24,regular,UTA,HOU
2022-23,2022-10-25,regular,DAL,NOP
2022-23,2022-10-25,regular,DET,WAS
2022-23,2022-10-25,regular,GSW,PHX
2022-23,2022-10-25,regular,LAC,OKC
2022-23,2022-10-26,regular,ATL,DET
2022-23,2022-10-26,regular,BKN,MIL
2022-23,2022-10-26,regular,CHA,NYK
2022-23,2022-10-26,regular,HOU,UTA
2022-23,2022-10-26,regular,IND,CHI
2022-23,2022-10-26,regular,LAL,DEN
2022-23,2022-10-26,regular,MIA,POR
2022-23,2022-10-26,regular,ORL,CLE
2022-23,2022-10-26,regular,PHI,TOR
2022-23,2022-10-26,regular,SAS,MIN
2022-23,2022-10-27,regular,DAL,BKN
2022-23,2022-10-27,regular,LAC,OKC
2022-23,2022-10-27,regular,MEM,SAC
2022-23,2022-10-27,regular,MIA,GSW
2022-23,2022-10-28,regular,ATL,DET
2022-23,2022-10-28,regular,CHA,ORL
2022-23,2022-10-28,regular,CHI,SAS
2022-23,2022-10-28,regular,CLE,BOS
2022-23,2022-10-28,regular,HOU,POR
2022-23,2022-10-28,regular,IND,WAS
2022-23,2022-10-28,regular,LAL,MIN
2022-23,2022-10-28,regular,NOP,PHX
2022-23,2022-10-28,regular,NYK,MIL
2022-23,2022-10-28,regular,PHI,TOR
2022-23,2022-10-28,regular,UTA,DEN
2022-23,2022-10-29,regular,ATL,MIL
2022-23,2022-10-29,regular,GSW,CHA
2022-23,2022-10-29,regular,IND,BKN
2022-23,2022-10-29,regular,MEM,UTA
2022-23,2022-10-29,regular,MIA,SAC
2022-23,2022-10-29,regular,OKC,DAL
2022-23,2022-10-29,regular,PHI,CHI
2022-23,2022-10-30,regular,DEN,LAL
2022-23,2022-10-30,regular,GSW,DET
2022-23,2022-10-30,regular,HOU,PHX
2022-23,2022-10-30,regular,MIN,SAS
2022-23,2022-10-30,regular,NOP,LAC
2022-23,2022-10-30,regular,NYK,CLE
2022-23,2022-10-30,regular,ORL,DAL
2022-23,2022-10-30,regular,WAS,BOS
2022-23,2022-10-31,regular,ATL,TOR
2022-23,2022-10-31,regular,DET,MIL
2022-23,2022-10-31,regular,HOU,LAC
2022-23,2022-10-31,regular,IND,BKN
2022-23,2022-10-31,regular,MEM,UTA
2022-23,2022-10-31,regular,PHI,WAS
2022-23,2022-10-31,regular,SAC,CHA
2022-23,2022-11-01,regular,CHI,BKN
2022-23,2022-11-01,regular,GSW,MIA
2022-23,2022-11-01,regular,MIN,PHX
2022-23,2022-11-01,regular,ORL,OKC
2022-23,2022-11-02,regular,ATL,NYK
2022-23,2022-11-02,regular,BOS,CLE
2022-23,2022-11-02,regular,CHA,CHI
2022-23,2022-11-02,regular,DET,MIL
2022-23,2022-11-02,regular,LAC,HOU
2022-23,2022-11-02,regular,MEM,POR
2022-23,2022-11-02,regular,NOP,LAL
2022-23,2022-11-02,regular,SAC,MIA
2022-23,2022-11-02,regular,TOR,SAS
2022-23,2022-11-02,regular,UTA,DAL
2022-23,2022-11-02,regular,WAS,PHI
2022-23,2022-11-03,regular,DEN,OKC
2022-23,2022-11-03,regular,GSW,ORL
2022-23,2022-11-04,regular,BKN,WAS
2022-23,2022-11-04,regular,CHA,MEM
2022-23,2022-11-04,regular,CHI,BOS
2022-23,2022-11-04,regular,CLE,DET
2022-23,2022-11-04,regular,GSW,NOP
2022-23,2022-11-04,regular,LAC,SAS
2022-23,2022-11-04,regular,MIA,IND
2022-23,2022-11-04,regular,MIL,MIN
2022-23,2022-11-04,regular,NYK,PHI
2022-23,2022-11-04,regular,POR,PHX
2022-23,2022-11-04,regular,TOR,DAL
2022-23,2022-11-04,regular,UTA,LAL
2022-23,2022-11-05,regular,BKN,CHA
2022-23,2022-11-05,regular,BOS,NYK
2022-23,2022-11-05,regular,HOU,MIN
2022-23,2022-11-05,regular,NOP,ATL
2022-23,2022-11-05,regular,OKC,MIL
2022-23,2022-11-05,regular,POR,PHX
2022-23,2022-11-05,regular,SAC,ORL
2022-23,2022-11-05,regular,SAS,DEN
2022-23,2022-11-06,regular,CHI,TOR
2022-23,2022-11-06,regular,CLE,LAL
2022-23,2022-11-06,regular,UTA,LAC
2022-23,2022-11-06,regular,WAS,MEM
2022-23,2022-11-07,regular,BKN,DAL
2022-23,2022-11-07,regular,BOS,MEM
2022-23,2022-11-07,regular,CLE,LAC
2022-23,2022-11-07,regular,DEN,SAS
2022-23,2022-11-07,regular,HOU,ORL
2022-23,2022-11-07,regular,LAL,UTA
2022-23,2022-11-07,regular,MIL,ATL
2022-23,2022-11-07,regular,NOP,IND
2022-23,2022-11-07,regular,NYK,MIN
2022-23,2022-11-07,regular,OKC,DET
2022-23,2022-11-07,regular,PHX,PHI
2022-23,2022-11-07,regular,POR,MIA
2022-23,2022-11-07,regular,SAC,GSW
2022-23,2022-11-07,regular,TOR,CHI
2022-23,2022-11-07,regular,WAS,CHA
2022-23,2022-11-09,regular,CLE,SAC
2022-23,2022-11-09,regular,DAL,ORL
2022-23,2022-11-09,regular,DEN,IND
2022-23,2022-11-09,regular,DET,BOS
2022-23,2022-11-09,regular,HOU,TOR
2022-23,2022-11-09,regular,LAL,LAC
2022-23,2022-11-09,regular,MEM,SAS
2022-23,2022-11-09,regular,MIL,OKC
2022-23,2022-11-09,regular,NOP,CHI
2022-23,2022-11-09,regular,NYK,BKN
2022-23,2022-11-09,regular,PHX,MIN
2022-23,2022-11-09,regular,POR,CHA
2022-23,2022-11-09,regular,UTA,ATL
2022-23,2022-11-10,regular,CHA,MIA
2022-23,2022-11-10,regular,DAL,WAS
2022-23,2022-11-10,regular,PHI,ATL
2022-23,2022-11-10,regular,POR,NOP
2022-23,2022-11-11,regular,CLE,GSW
2022-23,2022-11-11,regular,DEN,BOS
2022-23,2022-11-11,regular,DET,NYK
2022-23,2022-11-11,regular,MIL,SAS
2022-23,2022-11-11,regular,MIN,MEM
2022-23,2022-11-11,regular,PHX,ORL
2022-23,2022-11-11,regular,SAC,LAL
2022-23,2022-11-11,regular,TOR,OKC
2022-23,2022-11-12,regular,ATL,PHI
2022-23,2022-11-12,regular,BKN,LAC
2022-23,2022-11-12,regular,BOS,DET
2022-23,2022-11-12,regular,CHA,MIA
2022-23,2022-11-12,regular,HOU,NOP
2022-23,2022-11-12,regular,POR,DAL
2022-23,2022-11-12,regular,TOR,IND
2022-23,2022-11-12,regular,UTA,WAS
2022-23,2022-11-13,regular,BKN,LAL
2022-23,2022-11-13,regular,DEN,CHI
2022-23,2022-11-13,regular,GSW,SAC
2022-23,2022-11-13,regular,MEM,WAS
2022-23,2022-11-13,regular,MIN,CLE
2022-23,2022-11-13,regular,OKC,NYK
2022-23,2022-11-13,regular,UTA,PHI
2022-23,2022-11-14,regular,ATL,MIL
2022-23,2022-11-14,regular,CHA,ORL
2022-23,2022-11-14,regular,LAC,HOU
2022-23,2022-11-14,regular,OKC,BOS
2022-23,2022-11-14,regular,PHX,MIA
2022-23,2022-11-14,regular,SAS,GSW
2022-23,2022-11-14,regular,TOR,DET
2022-23,2022-11-15,regular,BKN,SAC
2022-23,2022-11-15,regular,LAC,DAL
2022-23,2022-11-15,regular,MEM,NOP
2022-23,2022-11-15,regular,NYK,UTA
2022-23,2022-11-15,regular,SAS,POR
2022-23,2022-11-16,regular,BOS,ATL
2022-23,2022-11-16,regular,CHI,NOP
2022-23,2022-11-16,regular,CLE,MIL
2022-23,2022-11-16,regular,GSW,PHX
2022-23,2022-11-16,regular,HOU,DAL
2022-23,2022-11-16,regular,IND,CHA
2022-23,2022-11-16,regular,MIA,TOR
2022-23,2022-11-16,regular,MIN,ORL
2022-23,2022-11-16,regular,NYK,DEN
2022-23,2022-11-16,regular,OKC,WAS
2022-23,2022-11-17,regular,BKN,POR
2022-23,2022-11-17,regular,DET,LAC
2022-23,2022-11-17,regular,SAS,SAC
2022-23,2022-11-18,regular,BOS,NOP
2022-23,2022-11-18,regular,CHA,CLE
2022-23,2022-11-18,regular,DEN,DAL
2022-23,2022-11-18,regular,DET,LAL
2022-23,2022-11-18,regular,IND,HOU
2022-23,2022-11-18,regular,MIA,WAS
2022-23,2022-11-18,regular,MIL,PHI
2022-23,2022-11-18,regular,NYK,GSW
2022-23,2022-11-18,regular,OKC,MEM
2022-23,2022-11-18,regular,ORL,CHI
2022-23,2022-11-18,regular,PHX,UTA
2022-23,2022-11-19,regular,MIN,PHI
2022-23,2022-11-19,regular,ORL,IND
2022-23,2022-11-19,regular,SAS,LAC
2022-23,2022-11-19,regular,TOR,ATL
2022-23,2022-11-19,regular,UTA,POR
2022-23,2022-11-20,regular,CHA,WAS
2022-23,2022-11-20,regular,DEN,DAL
2022-23,2022-11-20,regular,DET,SAC
2022-23,2022-11-20,regular,GSW,HOU
2022-23,2022-11-20,regular,MEM,BKN
2022-23,2022-11-20,regular,MIA,CLE
2022-23,2022-11-20,regular,NYK,PHX
2022-23,2022-11-20,regular,SAS,LAL
2022-23,2022-11-21,regular,ATL,CLE
2022-23,2022-11-21,regular,BOS,CHI
2022-23,2022-11-21,regular,GSW,NOP
2022-23,2022-11-21,regular,MIA,MIN
2022-23,2022-11-21,regular,NYK,OKC
2022-23,2022-11-21,regular,ORL,IND
2022-23,2022-11-21,regular,POR,MIL
2022-23,2022-11-21,regular,UTA,LAC
2022-23,2022-11-22,regular,BKN,PHI
2022-23,2022-11-22,regular,DET,DEN
2022-23,2022-11-22,regular,LAL,PHX
2022-23,2022-11-22,regular,SAC,MEM
2022-23,2022-11-23,regular,BKN,TOR
2022-23,2022-11-23,regular,CHI,MIL
2022-23,2022-11-23,regular,DAL,BOS
2022-23,2022-11-23,regular,DEN,OKC
2022-23,2022-11-23,regular,DET,UTA
2022-23,2022-11-23,regular,LAC,GSW
2022-23,2022-11-23,regular,MIN,IND
2022-23,2022-11-23,regular,NOP,SAS
2022-23,2022-11-23,regular,PHI,CHA
2022-23,2022-11-23,regular,POR,CLE
2022-23,2022-11-23,regular,SAC,ATL
2022-23,2022-11-23,regular,WAS,MIA
2022-23,2022-11-25,regular,ATL,HOU
2022-23,2022-11-25,regular,BKN,IND
2022-23,2022-11-25,regular,CHI,OKC
2022-23,2022-11-25,regular,CLE,MIL
2022-23,2022-11-25,regular,DEN,LAC
2022-23,2022-11-25,regular,DET,PHX
2022-23,2022-11-25,regular,LAL,SAS
2022-23,2022-11-25,regular,MIN,CHA
2022-23,2022-11-25,regular,NOP,MEM
2022-23,2022-11-25,regular,PHI,ORL
2022-23,2022-11-25,regular,POR,NYK
2022-23,2022-11-25,regular,SAC,BOS
2022-23,2022-11-25,regular,UTA,GSW
2022-23,2022-11-25,regular,WAS,MIA
2022-23,2022-11-26,regular,DAL,TOR
2022-23,2022-11-26,regular,LAL,SAS
2022-23,2022-11-26,regular,OKC,HOU
2022-23,2022-11-26,regular,UTA,PHX
2022-23,2022-11-27,regular,CLE,DET
2022-23,2022-11-27,regular,DAL,MIL
2022-23,2022-11-27,regular,GSW,MIN
2022-23,2022-11-27,regular,IND,LAC
2022-23,2022-11-27,regular,MEM,NYK
2022-23,2022-11-27,regular,MIA,ATL
2022-23,2022-11-27,regular,PHI,ORL
2022-23,2022-11-27,regular,POR,BKN
2022-23,2022-11-27,regular,WAS,BOS
2022-23,2022-11-28,regular,ATL,PHI
2022-23,2022-11-28,regular,CHA,BOS
2022-23,2022-11-28,regular,CHI,UTA
2022-23,2022-11-28,regular,CLE,TOR
2022-23,2022-11-28,regular,HOU,DEN
2022-23,2022-11-28,regular,IND,LAL
2022-23,2022-11-28,regular,MIN,WAS
2022-23,2022-11-28,regular,OKC,NOP
2022-23,2022-11-28,regular,ORL,BKN
2022-23,2022-11-28,regular,PHX,SAC
2022-23,2022-11-29,regular,GSW,DAL
2022-23,2022-11-29,regular,LAC,POR
2022-23,2022-11-29,regular,NYK,DET
2022-23,2022-11-30,regular,ATL,ORL
2022-23,2022-11-30,regular,CHI,PHX
2022-23,2022-11-30,regular,HOU,DEN
2022-23,2022-11-30,regular,IND,SAC
2022-23,2022-11-30,regular,LAC,UTA
2022-23,2022-11-30,regular,MEM,MIN
2022-23,2022-11-30,regular,MIA,BOS
2022-23,2022-11-30,regular,MIL,NYK
2022-23,2022-11-30,regular,PHI,CLE
2022-23,2022-11-30,regular,POR,LAL
2022-23,2022-11-30,regular,SAS,OKC
2022-23,2022-11-30,regular,TOR,NOP
2022-23,2022-11-30,regular,WAS,BKN
2022-23,2022-12-01,regular,DAL,DET
2022-23,2022-12-02,regular,CHI,GSW
2022-23,2022-12-02,regular,DEN,ATL
2022-23,2022-12-02,regular,HOU,PHX
2022-23,2022-12-02,regular,IND,UTA
2022-23,2022-12-02,regular,LAL,MIL
2022-23,2022-12-02,regular,MIA,BOS
2022-23,2022-12-02,regular,NOP,SAS
2022-23,2022-12-02,regular,ORL,CLE
2022-23,2022-12-02,regular,PHI,MEM
2022-23,2022-12-02,regular,TOR,BKN
2022-23,2022-12-02,regular,WAS,CHA
2022-23,2022-12-03,regular,DAL,NYK
2022-23,2022-12-03,regular,HOU,GSW
2022-23,2022-12-03,regular,MIL,CHA
2022-23,2022-12-03,regular,OKC,MIN
2022-23,2022-12-03,regular,ORL,TOR
2022-23,2022-12-03,regular,POR,UTA
2022-23,2022-12-03,regular,SAC,LAC
2022-23,2022-12-04,regular,BOS,BKN
2022-23,2022-12-04,regular,CHI,SAC
2022-23,2022-12-04,regular,CLE,NYK
2022-23,2022-12-04,regular,DEN,NOP
2022-23,2022-12-04,regular,IND,POR
2022-23,2022-12-04,regular,LAL,WAS
2022-23,2022-12-04,regular,MEM,DET
2022-23,2022-12-04,regular,PHX,SAS
2022-23,2022-12-05,regular,BOS,TOR
2022-23,2022-12-05,regular,IND,GSW
2022-23,2022-12-05,regular,LAC,CHA
2022-23,2022-12-05,regular,MIA,MEM
2022-23,2022-12-05,regular,MIL,ORL
2022-23,2022-12-05,regular,OKC,ATL
2022-23,2022-12-05,regular,PHI,HOU
2022-23,2022-12-05,regular,PHX,DAL
2022-23,2022-12-06,regular,DAL,DEN
2022-23,2022-12-06,regular,DET,MIA
2022-23,2022-12-06,regular,LAL,CLE
2022-23,2022-12-07,regular,ATL,NYK
2022-23,2022-12-07,regular,BOS,PHX
2022-23,2022-12-07,regular,CHA,BKN
2022-23,2022-12-07,regular,DET,NOP
2022-23,2022-12-07,regular,GSW,UTA
2022-23,2022-12-07,regular,IND,MIN
2022-23,2022-12-07,regular,LAC,ORL
2022-23,2022-12-07,regular,LAL,TOR
2022-23,2022-12-07,regular,OKC,MEM
2022-23,2022-12-07,regular,SAC,MIL
2022-23,2022-12-07,regular,WAS,CHI
2022-23,2022-12-08,regular,DEN,POR
2022-23,2022-12-08,regular,HOU,SAS
2022-23,2022-12-08,regular,LAC,MIA
2022-23,2022-12-09,regular,ATL,BKN
2022-23,2022-12-09,regular,DET,MEM
2022-23,2022-12-09,regular,LAL,PHI
2022-23,2022-12-09,regular,MIL,DAL
2022-23,2022-12-09,regular,MIN,UTA
2022-23,2022-12-09,regular,NYK,CHA
2022-23,2022-12-09,regular,PHX,NOP
2022-23,2022-12-09,regular,SAC,CLE
2022-23,2022-12-09,regular,TOR,ORL
2022-23,2022-12-09,regular,WAS,IND
2022-23,2022-12-10,regular,BKN,IND
2022-23,2022-12-10,regular,BOS,GSW
2022-23,2022-12-10,regular,DAL,CHI
2022-23,2022-12-10,regular,LAC,WAS
2022-23,2022-12-10,regular,MIN,POR
2022-23,2022-12-10,regular,OKC,CLE
2022-23,2022-12-10,regular,SAS,MIA
2022-23,2022-12-10,regular,UTA,DEN
2022-23,2022-12-11,regular,CHA,PHI
2022-23,2022-12-11,regular,CHI,ATL
2022-23,2022-12-11,regular,LAL,DET
2022-23,2022-12-11,regular,MIL,HOU
2022-23,2022-12-11,regular,PHX,NOP
2022-23,2022-12-11,regular,SAC,NYK
2022-23,2022-12-11,regular,TOR,ORL
2022-23,2022-12-12,regular,ATL,MEM
2022-23,2022-12-12,regular,BKN,WAS
2022-23,2022-12-12,regular,BOS,LAC
2022-23,2022-12-12,regular,CLE,SAS
2022-23,2022-12-12,regular,MIA,IND
2022-23,2022-12-12,regular,MIN,POR
2022-23,2022-12-12,regular,OKC,DAL
2022-23,2022-12-13,regular,BOS,LAL
2022-23,2022-12-13,regular,GSW,MIL
2022-23,2022-12-13,regular,NOP,UTA
2022-23,2022-12-13,regular,PHX,HOU
2022-23,2022-12-13,regular,SAC,PHI
2022-23,2022-12-14,regular,ATL,ORL
2022-23,2022-12-14,regular,CLE,DAL
2022-23,2022-12-14,regular,DET,CHA
2022-23,2022-12-14,regular,GSW,IND
2022-23,2022-12-14,regular,MIA,OKC
2022-23,2022-12-14,regular,MIN,LAC
2022-23,2022-12-14,regular,NYK,CHI
2022-23,2022-12-14,regular,POR,SAS
2022-23,2022-12-14,regular,SAC,TOR
2022-23,2022-12-14,regular,WAS,DEN
2022-23,2022-12-15,regular,MIA,HOU
2022-23,2022-12-15,regular,MIL,MEM
2022-23,2022-12-15,regular,NOP,UTA
2022-23,2022-12-15,regular,PHX,LAC
2022-23,2022-12-16,regular,ATL,CHA
2022-23,2022-12-16,regular,BKN,TOR
2022-23,2022-12-16,regular,DEN,LAL
2022-23,2022-12-16,regular,GSW,PHI
2022-23,2022-12-16,regular,IND,CLE
2022-23,2022-12-16,regular,MIN,OKC
2022-23,2022-12-16,regular,NYK,CHI
2022-23,2022-12-16,regular,ORL,BOS
2022-23,2022-12-16,regular,POR,DAL
2022-23,2022-12-16,regular,SAC,DET
2022-23,2022-12-17,regular,DAL,CLE
2022-23,2022-12-17,regular,MEM,OKC
2022-23,2022-12-17,regular,MIA,SAS
2022-23,2022-12-17,regular,NOP,PHX
2022-23,2022-12-17,regular,POR,HOU
2022-23,2022-12-17,regular,UTA,MIL
2022-23,2022-12-17,regular,WAS,LAC
2022-23,2022-12-18,regular,BKN,DET
2022-23,2022-12-18,regular,CHA,DEN
2022-23,2022-12-18,regular,CHI,MIN
2022-23,2022-12-18,regular,GSW,TOR
2022-23,2022-12-18,regular,NYK,IND
2022-23,2022-12-18,regular,ORL,BOS
2022-23,2022-12-18,regular,WAS,LAL
2022-23,2022-12-19,regular,CHA,SAC
2022-23,2022-12-19,regular,DAL,MIN
2022-23,2022-12-19,regular,LAL,PHX
2022-23,2022-12-19,regular,MIL,NOP
2022-23,2022-12-19,regular,ORL,ATL
2022-23,2022-12-19,regular,POR,OKC
2022-23,2022-12-19,regular,SAS,HOU
2022-23,2022-12-19,regular,TOR,PHI
2022-23,2022-12-19,regular,UTA,CLE
2022-23,2022-12-20,regular,CHI,MIA
2022-23,2022-12-20,regular,GSW,NYK
2022-23,2022-12-20,regular,MEM,DEN
2022-23,2022-12-20,regular,UTA,DET
2022-23,2022-12-20,regular,WAS,PHX
2022-23,2022-12-21,regular,CHA,LAC
2022-23,2022-12-21,regular,CHI,ATL
2022-23,2022-12-21,regular,DAL,MIN
2022-23,2022-12-21,regular,DET,PHI
2022-23,2022-12-21,regular,GSW,BKN
2022-23,2022-12-21,regular,IND,BOS
2022-23,2022-12-21,regular,LAL,SAC
2022-23,2022-12-21,regular,MIL,CLE
2022-23,2022-12-21,regular,ORL,HOU
2022-23,2022-12-21,regular,POR,OKC
2022-23,2022-12-21,regular,TOR,NYK
2022-23,2022-12-22,regular,SAS,NOP
2022-23,2022-12-22,regular,WAS,UTA
2022-23,2022-12-23,regular,CHA,LAL
2022-23,2022-12-23,regular,CHI,NYK
2022-23,2022-12-23,regular,DAL,HOU
2022-23,2022-12-23,regular,DET,ATL
2022-23,2022-12-23,regular,IND,MIA
2022-23,2022-12-23,regular,LAC,PHI
2022-23,2022-12-23,regular,MEM,PHX
2022-23,2022-12-23,regular,MIL,BKN
2022-23,2022-12-23,regular,MIN,BOS
2022-23,2022-12-23,regular,NOP,OKC
2022-23,2022-12-23,regular,POR,DEN
2022-23,2022-12-23,regular,SAS,ORL
2022-23,2022-12-23,regular,TOR,CLE
2022-23,2022-12-23,regular,WAS,SAC
2022-23,2022-12-25,regular,LAL,DAL
2022-23,2022-12-25,regular,MEM,GSW
2022-23,2022-12-25,regular,MIL,BOS
2022-23,2022-12-25,regular,PHI,NYK
2022-23,2022-12-25,regular,PHX,DEN
2022-23,2022-12-26,regular,BKN,CLE
2022-23,2022-12-26,regular,CHA,POR
2022-23,2022-12-26,regular,HOU,CHI
2022-23,2022-12-26,regular,IND,NOP
2022-23,2022-12-26,regular,LAC,DET
2022-23,2022-12-26,regular,MIN,MIA
2022-23,2022-12-26,regular,UTA,SAS
2022-23,2022-12-27,regular,ATL,IND
2022-23,2022-12-27,regular,CHA,GSW
2022-23,2022-12-27,regular,DEN,SAC
2022-23,2022-12-27,regular,HOU,BOS
2022-23,2022-12-27,regular,LAC,TOR
2022-23,2022-12-27,regular,LAL,ORL
2022-23,2022-12-27,regular,NYK,DAL
2022-23,2022-12-27,regular,PHI,WAS
2022-23,2022-12-27,regular,PHX,MEM
2022-23,2022-12-27,regular,SAS,OKC
2022-23,2022-12-28,regular,BKN,ATL
2022-23,2022-12-28,regular,DEN,SAC
2022-23,2022-12-28,regular,LAL,MIA
2022-23,2022-12-28,regular,MIL,CHI
2022-23,2022-12-28,regular,MIN,NOP
2022-23,2022-12-28,regular,ORL,DET
2022-23,2022-12-28,regular,PHX,WAS
2022-23,2022-12-28,regular,UTA,GSW
2022-23,2022-12-29,regular,CLE,IND
2022-23,2022-12-29,regular,HOU,DAL
2022-23,2022-12-29,regular,LAC,BOS
2022-23,2022-12-29,regular,MEM,TOR
2022-23,2022-12-29,regular,NYK,SAS
2022-23,2022-12-29,regular,OKC,CHA
2022-23,2022-12-30,regular,DET,CHI
2022-23,2022-12-30,regular,LAL,ATL
2022-23,2022-12-30,regular,MIA,DEN
2022-23,2022-12-30,regular,MIN,MIL
2022-23,2022-12-30,regular,PHI,NOP
2022-23,2022-12-30,regular,PHX,TOR
2022-23,2022-12-30,regular,POR,GSW
2022-23,2022-12-30,regular,UTA,SAC
2022-23,2022-12-30,regular,WAS,ORL
2022-23,2022-12-31,regular,BKN,CHA
2022-23,2022-12-31,regular,CLE,CHI
2022-23,2022-12-31,regular,DAL,SAS
2022-23,2022-12-31,regular,DET,MIN
2022-23,2022-12-31,regular,LAC,IND
2022-23,2022-12-31,regular,MIA,UTA
2022-23,2022-12-31,regular,NOP,MEM
2022-23,2022-12-31,regular,NYK,HOU
2022-23,2022-12-31,regular,PHI,OKC
2022-23,2023-01-01,regular,BOS,DEN
2022-23,2023-01-01,regular,SAC,MEM
2022-23,2023-01-01,regular,WAS,MIL
2022-23,2023-01-02,regular,ATL,GSW
2022-23,2023-01-02,regular,CHI,CLE
2022-23,2023-01-02,regular,DAL,HOU
2022-23,2023-01-02,regular,DEN,MIN
2022-23,2023-01-02,regular,DET,POR
2022-23,2023-01-02,regular,LAL,CHA
2022-23,2023-01-02,regular,MIA,LAC
2022-23,2023-01-02,regular,NOP,PHI
2022-23,2023-01-02,regular,PHX,NYK
2022-23,2023-01-02,regular,SAS,BKN
2022-23,2023-01-02,regular,TOR,IND
2022-23,2023-01-03,regular,BOS,OKC
2022-23,2023-01-03,regular,SAC,UTA
2022-23,2023-01-03,regular,WAS,MIL
2022-23,2023-01-04,regular,ATL,SAC
2022-23,2023-01-04,regular,BKN,CHI
2022-23,2023-01-04,regular,DET,GSW
2022-23,2023-01-04,regular,HOU,NOP
2022-23,2023-01-04,regular,IND,PHI
2022-23,2023-01-04,regular,MEM,CHA
2022-23,2023-01-04,regular,MIA,LAL
2022-23,2023-01-04,regular,MIL,TOR
2022-23,2023-01-04,regular,OKC,ORL
2022-23,2023-01-04,regular,PHX,CLE
2022-23,2023-01-04,regular,POR,MIN
2022-23,2023-01-04,regular,SAS,NYK
2022-23,2023-01-05,regular,BOS,DAL
2022-23,2023-01-05,regular,LAC,DEN
2022-23,2023-01-05,regular,MEM,ORL
2022-23,2023-01-05,regular,UTA,HOU
2022-23,2023-01-06,regular,ATL,LAL
2022-23,2023-01-06,regular,BKN,NOP
2022-23,2023-01-06,regular,CHA,MIL
2022-23,2023-01-06,regular,CHI,PHI
2022-23,2023-01-06,regular,CLE,DEN
2022-23,2023-01-06,regular,DET,SAS
2022-23,2023-01-06,regular,LAC,MIN
2022-23,2023-01-06,regular,MIA,PHX
2022-23,2023-01-06,regular,NYK,TOR
2022-23,2023-01-06,regular,POR,IND
2022-23,2023-01-06,regular,WAS,OKC
2022-23,2023-01-07,regular,BOS,SAS
2022-23,2023-01-07,regular,LAL,SAC
2022-23,2023-01-07,regular,NOP,DAL
2022-23,2023-01-07,regular,ORL,GSW
2022-23,2023-01-07,regular,UTA,CHI
2022-23,2023-01-08,regular,ATL,LAC
2022-23,2023-01-08,regular,BKN,MIA
2022-23,2023-01-08,regular,CHA,IND
2022-23,2023-01-08,regular,CLE,PHX
2022-23,2023-01-08,regular,DAL,OKC
2022-23,2023-01-08,regular,MIN,HOU
2022-23,2023-01-08,regular,PHI,DET
2022-23,2023-01-08,regular,POR,TOR
2022-23,2023-01-08,regular,UTA,MEM
2022-23,2023-01-09,regular,CHI,BOS
2022-23,2023-01-09,regular,LAL,DEN
2022-23,2023-01-09,regular,MIL,NYK
2022-23,2023-01-09,regular,NOP,WAS
2022-23,2023-01-09,regular,ORL,SAC
2022-23,2023-01-09,regular,SAS,MEM
2022-23,2023-01-10,regular,CHA,TOR
2022-23,2023-01-10,regular,CLE,UTA
2022-23,2023-01-10,regular,DAL,LAC
2022-23,2023-01-10,regular,DET,PHI
2022-23,2023-01-10,regular,OKC,MIA
2022-23,2023-01-10,regular,ORL,POR
2022-23,2023-01-10,regular,PHX,GSW
2022-23,2023-01-11,regular,CHI,WAS
2022-23,2023-01-11,regular,HOU,SAC
2022-23,2023-01-11,regular,IND,NYK
2022-23,2023-01-11,regular,MIL,ATL
2022-23,2023-01-11,regular,MIN,DET
2022-23,2023-01-11,regular,NOP,BOS
2022-23,2023-01-11,regular,PHX,DEN
2022-23,2023-01-11,regular,SAS,MEM
2022-23,2023-01-12,regular,BOS,BKN
2022-23,2023-01-12,regular,CHA,TOR
2022-23,2023-01-12,regular,CLE,POR
2022-23,2023-01-12,regular,DAL,LAL
2022-23,2023-01-12,regular,MIL,MIA
2022-23,2023-01-12,regular,OKC,PHI
2022-23,2023-01-13,regular,ATL,IND
2022-23,2023-01-13,regular,DEN,LAC
2022-23,2023-01-13,regular,GSW,SAS
2022-23,2023-01-13,regular,HOU,SAC
2022-23,2023-01-13,regular,NOP,DET
2022-23,2023-01-13,regular,NYK,WAS
2022-23,2023-01-13,regular,OKC,CHI
2022-23,2023-01-13,regular,ORL,UTA
2022-23,2023-01-13,regular,PHX,MIN
2022-23,2023-01-14,regular,ATL,TOR
2022-23,2023-01-14,regular,BOS,CHA
2022-23,2023-01-14,regular,CLE,MIN
2022-23,2023-01-14,regular,DAL,POR
2022-23,2023-01-14,regular,MEM,IND
2022-23,2023-01-14,regular,MIL,MIA
2022-23,2023-01-14,regular,PHI,UTA
2022-23,2023-01-15,regular,DAL,POR
2022-23,2023-01-15,regular,GSW,CHI
2022-23,2023-01-15,regular,HOU,LAC
2022-23,2023-01-15,regular,NYK,DET
2022-23,2023-01-15,regular,OKC,BKN
2022-23,2023-01-15,regular,ORL,DEN
2022-23,2023-01-15,regular,PHI,LAL
2022-23,2023-01-15,regular,SAC,SAS
2022-23,2023-01-16,regular,BOS,CHA
2022-23,2023-01-16,regular,GSW,WAS
2022-23,2023-01-16,regular,HOU,LAL
2022-23,2023-01-16,regular,IND,MIL
2022-23,2023-01-16,regular,MIA,ATL
2022-23,2023-01-16,regular,NOP,CLE
2022-23,2023-01-16,regular,PHX,MEM
2022-23,2023-01-16,regular,TOR,NYK
2022-23,2023-01-16,regular,UTA,MIN
2022-23,2023-01-17,regular,BKN,SAS
2022-23,2023-01-17,regular,PHI,LAC
2022-23,2023-01-17,regular,POR,DEN
2022-23,2023-01-17,regular,TOR,MIL
2022-23,2023-01-18,regular,ATL,DAL
2022-23,2023-01-18,regular,CHA,HOU
2022-23,2023-01-18,regular,CLE,MEM
2022-23,2023-01-18,regular,IND,OKC
2022-23,2023-01-18,regular,LAC,UTA
2022-23,2023-01-18,regular,MIA,NOP
2022-23,2023-01-18,regular,MIN,DEN
2022-23,2023-01-18,regular,SAC,LAL
2022-23,2023-01-18,regular,WAS,NYK
2022-23,2023-01-19,regular,BKN,PHX
2022-23,2023-01-19,regular,CHI,DET
2022-23,2023-01-19,regular,GSW,BOS
2022-23,2023-01-19,regular,PHI,POR
2022-23,2023-01-19,regular,TOR,MIN
2022-23,2023-01-20,regular,BKN,UTA
2022-23,2023-01-20,regular,GSW,CLE
2022-23,2023-01-20,regular,IND,DEN
2022-23,2023-01-20,regular,LAC,SAS
2022-23,2023-01-20,regular,MEM,LAL
2022-23,2023-01-20,regular,MIA,DAL
2022-23,2023-01-20,regular,NOP,ORL
2022-23,2023-01-20,regular,NYK,ATL
2022-23,2023-01-20,regular,OKC,SAC
2022-23,2023-01-21,regular,BOS,TOR
2022-23,2023-01-21,regular,CHA,ATL
2022-23,2023-01-21,regular,HOU,MIN
2022-23,2023-01-21,regular,IND,PHX
2022-23,2023-01-21,regular,MIL,CLE
2022-23,2023-01-21,regular,ORL,WAS
2022-23,2023-01-21,regular,PHI,SAC
2022-23,2023-01-22,regular,BKN,GSW
2022-23,2023-01-22,regular,LAC,DAL
2022-23,2023-01-22,regular,LAL,POR
2022-23,2023-01-22,regular,MEM,PHX
2022-23,2023-01-22,regular,NOP,MIA
2022-23,2023-01-22,regular,NYK,TOR
2022-23,2023-01-22,regular,OKC,DEN
2022-23,2023-01-23,regular,ATL,CHI
2022-23,2023-01-23,regular,BOS,ORL
2022-23,2023-01-23,regular,CHA,UTA
2022-23,2023-01-23,regular,MEM,SAC
2022-23,2023-01-23,regular,MIL,DET
2022-23,2023-01-23,regular,MIN,HOU
2022-23,2023-01-23,regular,SAS,POR
2022-23,2023-01-24,regular,BOS,MIA
2022-23,2023-01-24,regular,CHA,PHX
2022-23,2023-01-24,regular,CHI,IND
2022-23,2023-01-24,regular,CLE,NYK
2022-23,2023-01-24,regular,DEN,NOP
2022-23,2023-01-24,regular,LAC,LAL
2022-23,2023-01-24,regular,WAS,DAL
2022-23,2023-01-25,regular,ATL,OKC
2022-23,2023-01-25,regular,BKN,PHI
2022-23,2023-01-25,regular,DEN,MIL
2022-23,2023-01-25,regular,IND,ORL
2022-23,2023-01-25,regular,MEM,GSW
2022-23,2023-01-25,regular,MIN,NOP
2022-23,2023-01-25,regular,SAS,LAL
2022-23,2023-01-25,regular,TOR,SAC
2022-23,2023-01-25,regular,UTA,POR
2022-23,2023-01-25,regular,WAS,HOU
2022-23,2023-01-26,regular,CHI,CHA
2022-23,2023-01-26,regular,CLE,HOU
2022-23,2023-01-26,regular,DAL,PHX
2022-23,2023-01-26,regular,DET,BKN
2022-23,2023-01-26,regular,NYK,BOS
2022-23,2023-01-26,regular,SAS,LAC
2022-23,2023-01-27,regular,CLE,OKC
2022-23,2023-01-27,regular,MEM,MIN
2022-23,2023-01-27,regular,MIL,IND
2022-23,2023-01-27,regular,ORL,MIA
2022-23,2023-01-27,regular,TOR,GSW
2022-23,2023-01-28,regular,CHI,ORL
2022-23,2023-01-28,regular,DAL,UTA
2022-23,2023-01-28,regular,DEN,PHI
2022-23,2023-01-28,regular,HOU,DET
2022-23,2023-01-28,regular,LAC,ATL
2022-23,2023-01-28,regular,LAL,BOS
2022-23,2023-01-28,regular,NYK,BKN
2022-23,2023-01-28,regular,PHX,SAS
2022-23,2023-01-28,regular,SAC,MIN
2022-23,2023-01-28,regular,TOR,POR
2022-23,2023-01-28,regular,WAS,NOP
2022-23,2023-01-29,regular,IND,MEM
2022-23,2023-01-29,regular,LAC,CLE
2022-23,2023-01-29,regular,MIA,CHA
2022-23,2023-01-29,regular,NOP,MIL
2022-23,2023-01-30,regular,ATL,POR
2022-23,2023-01-30,regular,DET,DAL
2022-23,2023-01-30,regular,GSW,OKC
2022-23,2023-01-30,regular,LAL,BKN
2022-23,2023-01-30,regular,ORL,PHI
2022-23,2023-01-30,regular,SAC,MIN
2022-23,2023-01-30,regular,TOR,PHX
2022-23,2023-01-30,regular,WAS,SAS
2022-23,2023-01-31,regular,CHA,MIL
2022-23,2023-01-31,regular,LAC,CHI
2022-23,2023-01-31,regular,LAL,NYK
2022-23,2023-01-31,regular,MIA,CLE
2022-23,2023-01-31,regular,NOP,DEN
2022-23,2023-02-01,regular,ATL,PHX
2022-23,2023-02-01,regular,BKN,BOS
2022-23,2023-02-01,regular,GSW,MIN
2022-23,2023-02-01,regular,OKC,HOU
2022-23,2023-02-01,regular,ORL,PHI
2022-23,2023-02-01,regular,POR,MEM
2022-23,2023-02-01,regular,SAC,SAS
2022-23,2023-02-01,regular,TOR,UTA
2022-23,2023-02-02,regular,CHA,CHI
2022-23,2023-02-02,regular,GSW,DEN
2022-23,2023-02-02,regular,LAC,MIL
2022-23,2023-02-02,regular,LAL,IND
2022-23,2023-02-02,regular,MEM,CLE
2022-23,2023-02-02,regular,MIA,NYK
2022-23,2023-02-02,regular,NOP,DAL
2022-23,2023-02-03,regular,ATL,UTA
2022-23,2023-02-03,regular,CHA,DET
2022-23,2023-02-03,regular,ORL,MIN
2022-23,2023-02-03,regular,PHI,SAS
2022-23,2023-02-03,regular,PHX,BOS
2022-23,2023-02-03,regular,POR,WAS
2022-23,2023-02-03,regular,SAC,IND
2022-23,2023-02-03,regular,TOR,HOU
2022-23,2023-02-04,regular,ATL,DEN
2022-23,2023-02-04,regular,DAL,GSW
2022-23,2023-02-04,regular,HOU,OKC
2022-23,2023-02-04,regular,LAC,NYK
2022-23,2023-02-04,regular,LAL,NOP
2022-23,2023-02-04,regular,MIA,MIL
2022-23,2023-02-04,regular,PHX,DET
2022-23,2023-02-04,regular,POR,CHI
2022-23,2023-02-04,regular,WAS,BKN
2022-23,2023-02-05,regular,CLE,IND
2022-23,2023-02-05,regular,DEN,MIN
2022-23,2023-02-05,regular,ORL,CHA
2022-23,2023-02-05,regular,PHI,NYK
2022-23,2023-02-05,regular,SAC,NOP
2022-23,2023-02-05,regular,TOR,MEM
2022-23,2023-02-06,regular,BOS,DET
2022-23,2023-02-06,regular,CLE,WAS
2022-23,2023-02-06,regular,DAL,UTA
2022-23,2023-02-06,regular,LAC,BKN
2022-23,2023-02-06,regular,MIL,POR
2022-23,2023-02-06,regular,OKC,GSW
2022-23,2023-02-06,regular,SAC,HOU
2022-23,2023-02-06,regular,SAS,CHI
2022-23,2023-02-07,regular,ATL,NOP
2022-23,2023-02-07,regular,CHI,MEM
2022-23,2023-02-07,regular,MIN,DEN
2022-23,2023-02-07,regular,NYK,ORL
2022-23,2023-02-07,regular,OKC,LAL
2022-23,2023-02-07,regular,PHX,BKN
2022-23,2023-02-08,regular,CHA,WAS
2022-23,2023-02-08,regular,DAL,LAC
2022-23,2023-02-08,regular,DET,CLE
2022-23,2023-02-08,regular,GSW,POR
2022-23,2023-02-08,regular,IND,MIA
2022-23,2023-02-08,regular,MIN,UTA
2022-23,2023-02-08,regular,PHI,BOS
2022-23,2023-02-08,regular,SAC,HOU
2022-23,2023-02-08,regular,SAS,TOR
2022-23,2023-02-09,regular,CHI,BKN
2022-23,2023-02-09,regular,DEN,ORL
2022-23,2023-02-09,regular,MIL,LAL
2022-23,2023-02-09,regular,PHX,ATL
2022-23,2023-02-10,regular,CHA,BOS
2022-23,2023-02-10,regular,CLE,NOP
2022-23,2023-02-10,regular,DAL,SAC
2022-23,2023-02-10,regular,HOU,MIA
2022-23,2023-02-10,regular,MIL,LAC
2022-23,2023-02-10,regular,MIN,MEM
2022-23,2023-02-10,regular,NYK,PHI
2022-23,2023-02-10,regular,OKC,POR
2022-23,2023-02-10,regular,PHX,IND
2022-23,2023-02-10,regular,SAS,DET
2022-23,2023-02-10,regular,UTA,TOR
2022-23,2023-02-11,regular,CHI,CLE
2022-23,2023-02-11,regular,DAL,SAC
2022-23,2023-02-11,regular,DEN,CHA
2022-23,2023-02-11,regular,IND,WAS
2022-23,2023-02-11,regular,LAL,GSW
2022-23,2023-02-11,regular,MIA,ORL
2022-23,2023-02-11,regular,PHI,BKN
2022-23,2023-02-11,regular,SAS,ATL
2022-23,2023-02-11,regular,UTA,NYK
2022-23,2023-02-12,regular,DET,TOR
2022-23,2023-02-12,regular,MEM,BOS
2022-23,2023-02-13,regular,ATL,CHA
2022-23,2023-02-13,regular,BKN,NYK
2022-23,2023-02-13,regular,DEN,MIA
2022-23,2023-02-13,regular,HOU,PHI
2022-23,2023-02-13,regular,LAL,POR
2022-23,2023-02-13,regular,MIN,DAL
2022-23,2023-02-13,regular,NOP,OKC
2022-23,2023-02-13,regular,ORL,CHI
2022-23,2023-02-13,regular,SAS,CLE
2022-23,2023-02-13,regular,UTA,IND
2022-23,2023-02-13,regular,WAS,GSW
2022-23,2023-02-14,regular,BOS,MIL
2022-23,2023-02-14,regular,GSW,LAC
2022-23,2023-02-14,regular,ORL,TOR
2022-23,2023-02-14,regular,SAC,PHX
2022-23,2023-02-14,regular,WAS,POR
2022-23,2023-02-15,regular,CHI,IND
2022-23,2023-02-15,regular,CLE,PHI
2022-23,2023-02-15,regular,DAL,DEN
2022-23,2023-02-15,regular,DET,BOS
2022-23,2023-02-15,regular,HOU,OKC
2022-23,2023-02-15,regular,MIA,BKN
2022-23,2023-02-15,regular,NOP,LAL
2022-23,2023-02-15,regular,NYK,ATL
2022-23,2023-02-15,regular,SAS,CHA
2022-23,2023-02-15,regular,UTA,MEM
2022-23,2023-02-16,regular,LAC,PHX
2022-23,2023-02-16,regular,MIL,CHI
2022-23,2023-02-16,regular,WAS,MIN
2022-23,2023-02-23,regular,BOS,IND
2022-23,2023-02-23,regular,DEN,CLE
2022-23,2023-02-23,regular,DET,ORL
2022-23,2023-02-23,regular,GSW,LAL
2022-23,2023-02-23,regular,MEM,PHI
2022-23,2023-02-23,regular,NOP,TOR
2022-23,2023-02-23,regular,OKC,UTA
2022-23,2023-02-23,regular,POR,SAC
2022-23,2023-02-23,regular,SAS,DAL
2022-23,2023-02-24,regular,BKN,CHI
2022-23,2023-02-24,regular,CHA,MIN
2022-23,2023-02-24,regular,CLE,ATL
2022-23,2023-02-24,regular,HOU,GSW
2022-23,2023-02-24,regular,MIA,MIL
2022-23,2023-02-24,regular,NYK,WAS
2022-23,2023-02-24,regular,OKC,PHX
2022-23,2023-02-24,regular,SAC,LAC
2022-23,2023-02-25,regular,BOS,PHI
2022-23,2023-02-25,regular,DEN,MEM
2022-23,2023-02-25,regular,IND,ORL
2022-23,2023-02-25,regular,MIA,CHA
2022-23,2023-02-25,regular,NOP,NYK
2022-23,2023-02-25,regular,SAS,UTA
2022-23,2023-02-25,regular,TOR,DET
2022-23,2023-02-26,regular,BKN,ATL
2022-23,2023-02-26,regular,HOU,POR
2022-23,2023-02-26,regular,LAC,DEN
2022-23,2023-02-26,regular,LAL,DAL
2022-23,2023-02-26,regular,MIN,GSW
2022-23,2023-02-26,regular,PHX,MIL
2022-23,2023-02-26,regular,SAC,OKC
2022-23,2023-02-26,regular,TOR,CLE
2022-23,2023-02-26,regular,WAS,CHI
2022-23,2023-02-27,regular,BOS,NYK
2022-23,2023-02-27,regular,DET,CHA
2022-23,2023-02-27,regular,MIA,PHI
2022-23,2023-02-27,regular,ORL,NOP
2022-23,2023-02-28,regular,CHI,TOR
2022-23,2023-02-28,regular,DEN,HOU
2022-23,2023-02-28,regular,IND,DAL
2022-23,2023-02-28,regular,LAL,MEM
2022-23,2023-02-28,regular,MIL,BKN
2022-23,2023-02-28,regular,MIN,LAC
2022-23,2023-02-28,regular,POR,GSW
2022-23,2023-02-28,regular,SAC,OKC
2022-23,2023-02-28,regular,SAS,UTA
2022-23,2023-02-28,regular,WAS,ATL
2022-23,2023-03-01,regular,BKN,NYK
2022-23,2023-03-01,regular,CHI,DET
2022-23,2023-03-01,regular,CLE,BOS
2022-23,2023-03-01,regular,LAL,OKC
2022-23,2023-03-01,regular,MEM,HOU
2022-23,2023-03-01,regular,NOP,POR
2022-23,2023-03-01,regular,ORL,MIL
2022-23,2023-03-01,regular,PHI,MIA
2022-23,2023-03-01,regular,PHX,CHA
2022-23,2023-03-02,regular,IND,SAS
2022-23,2023-03-02,regular,LAC,GSW
2022-23,2023-03-02,regular,PHI,DAL
2022-23,2023-03-02,regular,TOR,WAS
2022-23,2023-03-03,regular,BKN,BOS
2022-23,2023-03-03,regular,LAC,SAC
2022-23,2023-03-03,regular,MEM,DEN
2022-23,2023-03-03,regular,MIN,LAL
2022-23,2023-03-03,regular,NOP,GSW
2022-23,2023-03-03,regular,NYK,MIA
2022-23,2023-03-03,regular,ORL,CHA
2022-23,2023-03-03,regular,PHX,CHI
2022-23,2023-03-03,regular,POR,ATL
2022-23,2023-03-03,regular,UTA,OKC
2022-23,2023-03-04,regular,ATL,MIA
2022-23,2023-03-04,regular,DET,CLE
2022-23,2023-03-04,regular,HOU,SAS
2022-23,2023-03-04,regular,MIN,SAC
2022-23,2023-03-04,regular,PHI,MIL
2022-23,2023-03-04,regular,TOR,WAS
2022-23,2023-03-05,regular,CHA,BKN
2022-23,2023-03-05,regular,GSW,LAL
2022-23,2023-03-05,regular,IND,CHI
2022-23,2023-03-05,regular,MEM,LAC
2022-23,2023-03-05,regular,MIL,WAS
2022-23,2023-03-05,regular,NYK,BOS
2022-23,2023-03-05,regular,PHX,DAL
2022-23,2023-03-05,regular,POR,ORL
2022-23,2023-03-05,regular,SAS,HOU
2022-23,2023-03-05,regular,UTA,OKC
2022-23,2023-03-06,regular,ATL,MIA
2022-23,2023-03-06,regular,BOS,CLE
2022-23,2023-03-06,regular,NOP,SAC
2022-23,2023-03-06,regular,PHI,IND
2022-23,2023-03-06,regular,POR,DET
2022-23,2023-03-06,regular,TOR,DEN
2022-23,2023-03-07,regular,BKN,HOU
2022-23,2023-03-07,regular,CHA,NYK
2022-23,2023-03-07,regular,GSW,OKC
2022-23,2023-03-07,regular,MEM,LAL
2022-23,2023-03-07,regular,MIL,ORL
2022-23,2023-03-07,regular,PHI,MIN
2022-23,2023-03-07,regular,UTA,DAL
2022-23,2023-03-07,regular,WAS,DET
2022-23,2023-03-08,regular,ATL,WAS
2022-23,2023-03-08,regular,CHI,DEN
2022-23,2023-03-08,regular,CLE,MIA
2022-23,2023-03-08,regular,DAL,NOP
2022-23,2023-03-08,regular,OKC,PHX
2022-23,2023-03-08,regular,POR,BOS
2022-23,2023-03-08,regular,TOR,LAC
2022-23,2023-03-09,regular,BKN,MIL
2022-23,2023-03-09,regular,CHA,DET
2022-23,2023-03-09,regular,GSW,MEM
2022-23,2023-03-09,regular,HOU,IND
2022-23,2023-03-09,regular,NYK,SAC
2022-23,2023-03-09,regular,UTA,ORL
2022-23,2023-03-10,regular,ATL,WAS
2022-23,2023-03-10,regular,BKN,MIN
2022-23,2023-03-10,regular,CLE,MIA
2022-23,2023-03-10,regular,DEN,SAS
2022-23,2023-03-10,regular,POR,PHI
2022-23,2023-03-10,regular,TOR,LAL
2022-23,2023-03-11,regular,BOS,ATL
2022-23,2023-03-11,regular,CHI,HOU
2022-23,2023-03-11,regular,DAL,MEM
2022-23,2023-03-11,regular,IND,DET
2022-23,2023-03-11,regular,MIA,ORL
2022-23,2023-03-11,regular,MIL,GSW
2022-23,2023-03-11,regular,NYK,LAC
2022-23,2023-03-11,regular,OKC,NOP
2022-23,2023-03-11,regular,SAC,PHX
2022-23,2023-03-11,regular,UTA,CHA
2022-23,2023-03-12,regular,BKN,DEN
2022-23,2023-03-12,regular,CLE,CHA
2022-23,2023-03-12,regular,NYK,LAL
2022-23,2023-03-12,regular,OKC,SAS
2022-23,2023-03-12,regular,POR,NOP
2022-23,2023-03-12,regular,WAS,PHI
2022-23,2023-03-13,regular,BOS,HOU
2022-23,2023-03-13,regular,IND,DET
2022-23,2023-03-13,regular,MEM,DAL
2022-23,2023-03-13,regular,MIL,SAC
2022-23,2023-03-13,regular,MIN,ATL
2022-23,2023-03-13,regular,PHX,GSW
2022-23,2023-03-13,regular,UTA,MIA
2022-23,2023-03-14,regular,BKN,OKC
2022-23,2023-03-14,regular,CLE,CHA
2022-23,2023-03-14,regular,DEN,TOR
2022-23,2023-03-14,regular,DET,WAS
2022-23,2023-03-14,regular,LAL,NOP
2022-23,2023-03-14,regular,MIL,PHX
2022-23,2023-03-14,regular,NYK,POR
2022-23,2023-03-14,regular,ORL,SAS
2022-23,2023-03-15,regular,BOS,MIN
2022-23,2023-03-15,regular,DAL,SAS
2022-23,2023-03-15,regular,GSW,LAC
2022-23,2023-03-15,regular,LAL,HOU
2022-23,2023-03-15,regular,MEM,MIA
2022-23,2023-03-15,regular,PHI,CLE
2022-23,2023-03-15,regular,SAC,CHI
2022-23,2023-03-16,regular,DEN,DET
2022-23,2023-03-16,regular,IND,MIL
2022-23,2023-03-16,regular,OKC,TOR
2022-23,2023-03-16,regular,ORL,PHX
2022-23,2023-03-16,regular,SAC,BKN
2022-23,2023-03-17,regular,BOS,POR
2022-23,2023-03-17,regular,DAL,LAL
2022-23,2023-03-17,regular,GSW,ATL
2022-23,2023-03-17,regular,MEM,SAS
2022-23,2023-03-17,regular,MIN,CHI
2022-23,2023-03-17,regular,NOP,HOU
2022-23,2023-03-17,regular,PHI,CHA
2022-23,2023-03-17,regular,WAS,CLE
2022-23,2023-03-18,regular,BOS,UTA
2022-23,2023-03-18,regular,DEN,NYK
2022-23,2023-03-18,regular,GSW,MEM
2022-23,2023-03-18,regular,MIA,CHI
2022-23,2023-03-18,regular,MIN,TOR
2022-23,2023-03-18,regular,ORL,LAC
2022-23,2023-03-18,regular,PHI,IND
2022-23,2023-03-18,regular,SAC,WAS
2022-23,2023-03-19,regular,ATL,SAS
2022-23,2023-03-19,regular,DEN,BKN
2022-23,2023-03-19,regular,LAC,POR
2022-23,2023-03-19,regular,MIA,DET
2022-23,2023-03-19,regular,NOP,HOU
2022-23,2023-03-19,regular,ORL,LAL
2022-23,2023-03-19,regular,PHX,OKC
2022-23,2023-03-19,regular,TOR,MIL
2022-23,2023-03-20,regular,CHI,PHI
2022-23,2023-03-20,regular,DAL,MEM
2022-23,2023-03-20,regular,GSW,HOU
2022-23,2023-03-20,regular,IND,CHA
2022-23,2023-03-20,regular,MIN,NYK
2022-23,2023-03-20,regular,SAC,UTA
2022-23,2023-03-21,regular,BOS,SAC
2022-23,2023-03-21,regular,CLE,BKN
2022-23,2023-03-21,regular,DET,ATL
2022-23,2023-03-21,regular,OKC,LAC
2022-23,2023-03-21,regular,SAS,NOP
2022-23,2023-03-21,regular,WAS,ORL
2022-23,2023-03-22,regular,ATL,MIN
2022-23,2023-03-22,regular,DEN,WAS
2022-23,2023-03-22,regular,GSW,DAL
2022-23,2023-03-22,regular,HOU,MEM
2022-23,2023-03-22,regular,IND,TOR
2022-23,2023-03-22,regular,NYK,MIA
2022-23,2023-03-22,regular,PHI,CHI
2022-23,2023-03-22,regular,PHX,LAL
2022-23,2023-03-22,regular,POR,UTA
2022-23,2023-03-22,regular,SAS,MIL
2022-23,2023-03-23,regular,CHA,NOP
2022-23,2023-03-23,regular,CLE,BKN
2022-23,2023-03-23,regular,NYK,ORL
2022-23,2023-03-23,regular,OKC,LAC
2022-23,2023-03-24,regular,CHA,DAL
2022-23,2023-03-24,regular,CHI,POR
2022-23,2023-03-24,regular,DET,TOR
2022-23,2023-03-24,regular,HOU,MEM
2022-23,2023-03-24,regular,IND,BOS
2022-23,2023-03-24,regular,MIL,UTA
2022-23,2023-03-24,regular,OKC,LAL
2022-23,2023-03-24,regular,PHI,GSW
2022-23,2023-03-24,regular,PHX,SAC
2022-23,2023-03-24,regular,SAS,WAS
2022-23,2023-03-25,regular,BKN,MIA
2022-23,2023-03-25,regular,IND,ATL
2022-23,2023-03-25,regular,MIL,DEN
2022-23,2023-03-25,regular,NOP,LAC
2022-23,2023-03-25,regular,PHI,PHX
2022-23,2023-03-25,regular,UTA,SAC
2022-23,2023-03-26,regular,BKN,ORL
2022-23,2023-03-26,regular,CHI,LAL
2022-23,2023-03-26,regular,DAL,CHA
2022-23,2023-03-26,regular,HOU,CLE
2022-23,2023-03-26,regular,MEM,ATL
2022-23,2023-03-26,regular,MIN,GSW
2022-23,2023-03-26,regular,OKC,POR
2022-23,2023-03-26,regular,SAS,BOS
2022-23,2023-03-26,regular,WAS,TOR
2022-23,2023-03-27,regular,CHI,LAC
2022-23,2023-03-27,regular,DAL,IND
2022-23,2023-03-27,regular,HOU,NYK
2022-23,2023-03-27,regular,MIL,DET
2022-23,2023-03-27,regular,MIN,SAC
2022-23,2023-03-27,regular,NOP,POR
2022-23,2023-03-27,regular,PHI,DEN
2022-23,2023-03-27,regular,PHX,UTA
2022-23,2023-03-28,regular,BOS,WAS
2022-23,2023-03-28,regular,CHA,OKC
2022-23,2023-03-28,regular,CLE,ATL
2022-23,2023-03-28,regular,MIA,TOR
2022-23,2023-03-28,regular,NOP,GSW
2022-23,2023-03-28,regular,ORL,MEM
2022-23,2023-03-29,regular,DAL,PHI
2022-23,2023-03-29,regular,DET,OKC
2022-23,2023-03-29,regular,HOU,BKN
2022-23,2023-03-29,regular,LAC,MEM
2022-23,2023-03-29,regular,LAL,CHI
2022-23,2023-03-29,regular,MIA,NYK
2022-23,2023-03-29,regular,MIL,IND
2022-23,2023-03-29,regular,MIN,PHX
2022-23,2023-03-29,regular,SAC,POR
2022-23,2023-03-29,regular,UTA,SAS
2022-23,2023-03-30,regular,BOS,MIL
2022-23,2023-03-30,regular,NOP,DEN
2022-23,2023-03-31,regular,ATL,BKN
2022-23,2023-03-31,regular,CHI,CHA
2022-23,2023-03-31,regular,DEN,PHX
2022-23,2023-03-31,regular,DET,HOU
2022-23,2023-03-31,regular,LAC,MEM
2022-23,2023-03-31,regular,LAL,MIN
2022-23,2023-03-31,regular,NYK,CLE
2022-23,2023-03-31,regular,OKC,IND
2022-23,2023-03-31,regular,ORL,WAS
2022-23,2023-03-31,regular,SAC,POR
2022-23,2023-03-31,regular,SAS,GSW
2022-23,2023-03-31,regular,TOR,PHI
2022-23,2023-03-31,regular,UTA,BOS
2022-23,2023-04-01,regular,DAL,MIA
2022-23,2023-04-01,regular,LAC,NOP
2022-23,2023-04-02,regular,DAL,ATL
2022-23,2023-04-02,regular,DET,ORL
2022-23,2023-04-02,regular,GSW,DEN
2022-23,2023-04-02,regular,IND,CLE
2022-23,2023-04-02,regular,LAL,HOU
2022-23,2023-04-02,regular,MEM,CHI
2022-23,2023-04-02,regular,PHI,MIL
2022-23,2023-04-02,regular,PHX,OKC
2022-23,2023-04-02,regular,POR,MIN
2022-23,2023-04-02,regular,SAS,SAC
2022-23,2023-04-02,regular,TOR,CHA
2022-23,2023-04-02,regular,UTA,BKN
2022-23,2023-04-02,regular,WAS,NYK
2022-23,2023-04-04,regular,ATL,CHI
2022-23,2023-04-04,regular,BOS,PHI
2022-23,2023-04-04,regular,CLE,ORL
2022-23,2023-04-04,regular,DEN,HOU
2022-23,2023-04-04,regular,LAL,UTA
2022-23,2023-04-04,regular,MIA,DET
2022-23,2023-04-04,regular,MIL,WAS
2022-23,2023-04-04,regular,MIN,BKN
2022-23,2023-04-04,regular,OKC,GSW
2022-23,2023-04-04,regular,POR,MEM
2022-23,2023-04-04,regular,SAC,NOP
2022-23,2023-04-04,regular,SAS,PHX
2022-23,2023-04-04,regular,TOR,CHA
2022-23,2023-04-05,regular,BKN,DET
2022-23,2023-04-05,regular,CHI,MIL
2022-23,2023-04-05,regular,LAL,LAC
2022-23,2023-04-05,regular,MEM,NOP
2022-23,2023-04-05,regular,NYK,IND
2022-23,2023-04-05,regular,SAC,DAL
2022-23,2023-04-05,regular,TOR,BOS
2022-23,2023-04-05,regular,WAS,ATL
2022-23,2023-04-06,regular,CLE,ORL
2022-23,2023-04-06,regular,DEN,PHX
2022-23,2023-04-06,regular,MIA,PHI
2022-23,2023-04-06,regular,OKC,UTA
2022-23,2023-04-06,regular,POR,SAS
2022-23,2023-04-07,regular,CHI,DAL
2022-23,2023-04-07,regular,DET,IND
2022-23,2023-04-07,regular,GSW,SAC
2022-23,2023-04-07,regular,HOU,CHA
2022-23,2023-04-07,regular,MEM,MIL
2022-23,2023-04-07,regular,MIA,WAS
2022-23,2023-04-07,regular,NYK,NOP
2022-23,2023-04-07,regular,ORL,BKN
2022-23,2023-04-07,regular,PHI,ATL
2022-23,2023-04-07,regular,PHX,LAL
2022-23,2023-04-07,regular,TOR,BOS
2022-23,2023-04-08,regular,DEN,UTA
2022-23,2023-04-08,regular,MIN,SAS
2022-23,2023-04-08,regular,POR,LAC
2022-23,2023-04-09,regular,ATL,BOS
2022-23,2023-04-09,regular,CHA,CLE
2022-23,2023-04-09,regular,DET,CHI
2022-23,2023-04-09,regular,GSW,POR
2022-23,2023-04-09,regular,HOU,WAS
2022-23,2023-04-09,regular,IND,NYK
2022-23,2023-04-09,regular,LAC,PHX
2022-23,2023-04-09,regular,MEM,OKC
2022-23,2023-04-09,regular,MIL,TOR
2022-23,2023-04-09,regular,NOP,MIN
2022-23,2023-04-09,regular,ORL,MIA
2022-23,2023-04-09,regular,PHI,BKN
2022-23,2023-04-09,regular,SAC,DEN
2022-23,2023-04-09,regular,SAS,DAL
2022-23,2023-04-09,regular,UTA,LAL
2022-23,2023-04-11,play_in,ATL,MIA
2022-23,2023-04-11,play_in,MIN,LAL
2022-23,2023-04-12,play_in,CHI,TOR
2022-23,2023-04-12,play_in,OKC,NOP
2022-23,2023-04-14,play_in,CHI,MIA
2022-23,2023-04-14,play_in,OKC,MIN
2022-23,2023-04-15,playoffs,ATL,BOS
2022-23,2023-04-15,playoffs,BKN,PHI
2022-23,2023-04-15,playoffs,GSW,SAC
2022-23,2023-04-15,playoffs,NYK,CLE
2022-23,2023-04-16,playoffs,LAC,PHX
2022-23,2023-04-16,playoffs,LAL,MEM
2022-23,2023-04-16,playoffs,MIA,MIL
2022-23,2023-04-16,playoffs,MIN,DEN
2022-23,2023-04-17,playoffs,BKN,PHI
2022-23,2023-04-17,playoffs,GSW,SAC
2022-23,2023-04-18,playoffs,ATL,BOS
2022-23,2023-04-18,playoffs,LAC,PHX
2022-23,2023-04-18,playoffs,NYK,CLE
2022-23,2023-04-19,playoffs,LAL,MEM
2022-23,2023-04-19,playoffs,MIA,MIL
2022-23,2023-04-19,playoffs,MIN,DEN
2022-23,2023-04-20,playoffs,PHI,BKN
2022-23,2023-04-20,playoffs,PHX,LAC
2022-23,2023-04-20,playoffs,SAC,GSW
2022-23,2023-04-21,playoffs,BOS,ATL
2022-23,2023-04-21,playoffs,CLE,NYK
2022-23,2023-04-21,playoffs,DEN,MIN
2022-23,2023-04-22,playoffs,MEM,LAL
2022-23,2023-04-22,playoffs,MIL,MIA
2022-23,2023-04-22,playoffs,PHI,BKN
2022-23,2023-04-22,playoffs,PHX,LAC
2022-23,2023-04-23,playoffs,BOS,ATL
2022-23,2023-04-23,playoffs,CLE,NYK
2022-23,2023-04-23,playoffs,DEN,MIN
2022-23,2023-04-23,playoffs,SAC,GSW
2022-23,2023-04-24,playoffs,MEM,LAL
2022-23,2023-04-24,playoffs,MIL,MIA
2022-23,2023-04-25,playoffs,ATL,BOS
2022-23,2023-04-25,playoffs,LAC,PHX
2022-23,2023-04-25,playoffs,MIN,DEN
2022-23,2023-04-26,playoffs,GSW,SAC
2022-23,2023-04-26,playoffs,LAL,MEM
2022-23,2023-04-26,playoffs,MIA,MIL
2022-23,2023-04-26,playoffs,NYK,CLE
2022-23,2023-04-27,playoffs,BOS,ATL
2022-23,2023-04-28,playoffs,MEM,LAL
2022-23,2023-04-28,playoffs,SAC,GSW
2022-23,2023-04-29,playoffs,PHX,DEN
2022-23,2023-04-30,playoffs,GSW,SAC
2022-23,2023-04-30,playoffs,MIA,NYK
2022-23,2023-05-01,playoffs,PHI,BOS
2022-23,2023-05-01,playoffs,PHX,DEN
2022-23,2023-05-02,playoffs,LAL,GSW
2022-23,2023-05-02,playoffs,MIA,NYK
2022-23,2023-05-03,playoffs,PHI,BOS
2022-23,2023-05-04,playoffs,LAL,GSW
2022-23,2023-05-05,playoffs,BOS,PHI
2022-23,2023-05-05,playoffs,DEN,PHX
2022-23,2023-05-06,playoffs,GSW,LAL
2022-23,2023-05-06,playoffs,NYK,MIA
2022-23,2023-05-07,playoffs,BOS,PHI
2022-23,2023-05-07,playoffs,DEN,PHX
2022-23,2023-05-08,playoffs,GSW,LAL
2022-23,2023-05-08,playoffs,NYK,MIA
2022-23,2023-05-09,playoffs,PHI,BOS
2022-23,2023-05-09,playoffs,PHX,DEN
2022-23,2023-05-10,playoffs,LAL,GSW
2022-23,2023-05-10,playoffs,MIA,NYK
2022-23,2023-05-11,playoffs,BOS,PHI
2022-23,2023-05-11,playoffs,DEN,PHX
2022-23,2023-05-12,playoffs,GSW,LAL
2022-23,2023-05-12,playoffs,NYK,MIA
2022-23,2023-05-14,playoffs,PHI,BOS
2022-23,2023-05-16,playoffs,LAL,DEN
2022-23,2023-05-17,playoffs,MIA,BOS
2022-23,2023-05-18,playoffs,LAL,DEN
2022-23,2023-05-19,playoffs,MIA,BOS
2022-23,2023-05-20,playoffs,DEN,LAL
2022-23,2023-05-21,playoffs,BOS,MIA
2022-23,2023-05-22,playoffs,DEN,LAL
2022-23,2023-05-23,playoffs,BOS,MIA
2022-23,2023-05-25,playoffs,MIA,BOS
2022-23,2023-05-27,playoffs,BOS,MIA
2022-23,2023-05-29,playoffs,MIA,BOS
2022-23,2023-06-01,playoffs,MIA,DEN
2022-23,2023-06-04,playoffs,MIA,DEN
2022-23,2023-06-07,playoffs,DEN,MIA
2022-23,2023-06-09,playoffs,DEN,MIA
2022-23,2023-06-12,playoffs,MIA,DEN
2023-24,2023-10-05,preseason,DAL,MIN
2023-24,2023-10-07,preseason,LAL,GSW
2023-24,2023-10-07,preseason,MIN,DAL
2023-24,2023-10-08,preseason,CHI,MIL
2023-24,2023-10-08,preseason,IND,MEM
2023-24,2023-10-08,preseason,PHI,BOS
2023-24,2023-10-08,preseason,PHX,DET
2023-24,2023-10-08,preseason,SAC,TOR
2023-24,2023-10-08,preseason,UTA,LAC
2023-24,2023-10-09,preseason,BKN,LAL
2023-24,2023-10-09,preseason,BOS,NYK
2023-24,2023-10-09,preseason,SAS,OKC
2023-24,2023-10-10,preseason,CHA,MIA
2023-24,2023-10-10,preseason,CLE,ATL
2023-24,2023-10-10,preseason,DEN,PHX
2023-24,2023-10-10,preseason,IND,HOU
2023-24,2023-10-10,preseason,MIL,MEM
2023-24,2023-10-10,preseason,ORL,NOP
2023-24,2023-10-10,preseason,UTA,LAC
2023-24,2023-10-11,preseason,BOS,PHI
2023-24,2023-10-11,preseason,SAC,LAL
2023-24,2023-10-12,preseason,CHA,WAS
2023-24,2023-10-12,preseason,DEN,CHI
2023-24,2023-10-12,preseason,DET,OKC
2023-24,2023-10-12,preseason,HOU,NOP
2023-24,2023-10-12,preseason,MEM,ATL
2023-24,2023-10-12,preseason,ORL,CLE
2023-24,2023-10-12,preseason,PHX,POR
2023-24,2023-10-13,preseason,GSW,LAL
2023-24,2023-10-13,preseason,MIA,SAS
2023-24,2023-10-14,preseason,MIN,NYK
2023-24,2023-10-14,preseason,NOP,ATL
2023-24,2023-10-14,preseason,POR,UTA
2023-24,2023-10-15,preseason,CHI,DEN
2023-24,2023-10-15,preseason,GSW,SAC
2023-24,2023-10-15,preseason,MEM,MIA
2023-24,2023-10-15,preseason,MIL,LAL
2023-24,2023-10-15,preseason,OKC,CHA
2023-24,2023-10-16,preseason,ATL,IND
2023-24,2023-10-16,preseason,HOU,SAS
2023-24,2023-10-16,preseason,PHI,BKN
2023-24,2023-10-16,preseason,POR,PHX
2023-24,2023-10-17,preseason,DEN,LAC
2023-24,2023-10-17,preseason,MIL,OKC
2023-24,2023-10-17,preseason,NOP,ORL
2023-24,2023-10-17,preseason,NYK,BOS
2023-24,2023-10-17,preseason,TOR,CHI
2023-24,2023-10-18,preseason,BKN,MIA
2023-24,2023-10-18,preseason,HOU,SAS
2023-24,2023-10-18,preseason,SAC,GSW
2023-24,2023-10-18,preseason,WAS,NYK
2023-24,2023-10-19,preseason,BOS,CHA
2023-24,2023-10-19,preseason,DEN,LAC
2023-24,2023-10-19,preseason,DET,OKC
2023-24,2023-10-19,preseason,MIN,CHI
2023-24,2023-10-19,preseason,PHX,LAL
2023-24,2023-10-19,preseason,UTA,SAC
2023-24,2023-10-20,preseason,ATL,PHI
2023-24,2023-10-20,preseason,CLE,IND
2023-24,2023-10-20,preseason,DET,DAL
2023-24,2023-10-20,preseason,MEM,MIL
2023-24,2023-10-20,preseason,MIA,HOU
2023-24,2023-10-20,preseason,SAS,GSW
2023-24,2023-10-20,preseason,WAS,TOR
2023-24,2023-10-24,regular,LAL,DEN
2023-24,2023-10-24,regular,PHX,GSW
2023-24,2023-10-25,regular,ATL,CHA
2023-24,2023-10-25,regular,BOS,NYK
2023-24,2023-10-25,regular,CLE,BKN
2023-24,2023-10-25,regular,DAL,SAS
2023-24,2023-10-25,regular,DET,MIA
2023-24,2023-10-25,regular,HOU,ORL
2023-24,2023-10-25,regular,MIN,TOR
2023-24,2023-10-25,regular,NOP,MEM
2023-24,2023-10-25,regular,OKC,CHI
2023-24,2023-10-25,regular,POR,LAC
2023-24,2023-10-25,regular,SAC,UTA
2023-24,2023-10-25,regular,WAS,IND
2023-24,2023-10-26,regular,PHI,MIL
2023-24,2023-10-26,regular,PHX,LAL
2023-24,2023-10-27,regular,BKN,DAL
2023-24,2023-10-27,regular,DEN,MEM
2023-24,2023-10-27,regular,DET,CHA
2023-24,2023-10-27,regular,GSW,SAC
2023-24,2023-10-27,regular,HOU,SAS
2023-24,2023-10-27,regular,LAC,UTA
2023-24,2023-10-27,regular,MIA,BOS
2023-24,2023-10-27,regular,NYK,ATL
2023-24,2023-10-27,regular,OKC,CLE
2023-24,2023-10-27,regular,ORL,POR
2023-24,2023-10-27,regular,TOR,CHI
2023-24,2023-10-28,regular,CHI,DET
2023-24,2023-10-28,regular,IND,CLE
2023-24,2023-10-28,regular,MEM,WAS
2023-24,2023-10-28,regular,MIA,MIN
2023-24,2023-10-28,regular,NYK,NOP
2023-24,2023-10-28,regular,PHI,TOR
2023-24,2023-10-28,regular,UTA,PHX
2023-24,2023-10-29,regular,ATL,MIL
2023-24,2023-10-29,regular,DEN,OKC
2023-24,2023-10-29,regular,GSW,HOU
2023-24,2023-10-29,regular,LAL,SAC
2023-24,2023-10-29,regular,POR,PHI
2023-24,2023-10-29,regular,SAS,LAC
2023-24,2023-10-30,regular,BKN,CHA
2023-24,2023-10-30,regular,BOS,WAS
2023-24,2023-10-30,regular,CHI,IND
2023-24,2023-10-30,regular,DAL,MEM
2023-24,2023-10-30,regular,DET,OKC
2023-24,2023-10-30,regular,GSW,NOP
2023-24,2023-10-30,regular,MIA,MIL
2023-24,2023-10-30,regular,MIN,ATL
2023-24,2023-10-30,regular,ORL,LAL
2023-24,2023-10-30,regular,POR,TOR
2023-24,2023-10-30,regular,UTA,DEN
2023-24,2023-10-31,regular,NYK,CLE
2023-24,2023-10-31,regular,ORL,LAC
2023-24,2023-10-31,regular,SAS,PHX
2023-24,2023-11-01,regular,BKN,MIA
2023-24,2023-11-01,regular,CHA,HOU
2023-24,2023-11-01,regular,CHI,DAL
2023-24,2023-11-01,regular,CLE,NYK
2023-24,2023-11-01,regular,DEN,MIN
2023-24,2023-11-01,regular,IND,BOS
2023-24,2023-11-01,regular,LAC,LAL
2023-24,2023-11-01,regular,MEM,UTA
2023-24,2023-11-01,regular,MIL,TOR
2023-24,2023-11-01,regular,NOP,OKC
2023-24,2023-11-01,regular,POR,DET
2023-24,2023-11-01,regular,SAC,GSW
2023-24,2023-11-01,regular,WAS,ATL
2023-24,2023-11-02,regular,DET,NOP
2023-24,2023-11-02,regular,ORL,UTA
2023-24,2023-11-02,regular,SAS,PHX
2023-24,2023-11-02,regular,TOR,PHI
2023-24,2023-11-03,regular,BKN,CHI
2023-24,2023-11-03,regular,CLE,IND
2023-24,2023-11-03,regular,DAL,DEN
2023-24,2023-11-03,regular,GSW,OKC
2023-24,2023-11-03,regular,MEM,POR
2023-24,2023-11-03,regular,NYK,MIL
2023-24,2023-11-03,regular,WAS,MIA
2023-24,2023-11-04,regular,ATL,NOP
2023-24,2023-11-04,regular,BOS,BKN
2023-24,2023-11-04,regular,CHA,IND
2023-24,2023-11-04,regular,CHI,DEN
2023-24,2023-11-04,regular,LAL,ORL
2023-24,2023-11-04,regular,PHX,PHI
2023-24,2023-11-04,regular,SAC,HOU
2023-24,2023-11-04,regular,UTA,MIN
2023-24,2023-11-05,regular,CHA,DAL
2023-24,2023-11-05,regular,GSW,CLE
2023-24,2023-11-05,regular,MEM,POR
2023-24,2023-11-05,regular,PHX,DET
2023-24,2023-11-05,regular,TOR,SAS
2023-24,2023-11-06,regular,ATL,OKC
2023-24,2023-11-06,regular,BOS,MIN
2023-24,2023-11-06,regular,DAL,ORL
2023-24,2023-11-06,regular,GSW,DET
2023-24,2023-11-06,regular,LAC,NYK
2023-24,2023-11-06,regular,LAL,MIA
2023-24,2023-11-06,regular,MIL,BKN
2023-24,2023-11-06,regular,NOP,DEN
2023-24,2023-11-06,regular,SAC,HOU
2023-24,2023-11-06,regular,SAS,IND
2023-24,2023-11-06,regular,UTA,CHI
2023-24,2023-11-06,regular,WAS,PHI
2023-24,2023-11-08,regular,BOS,PHI
2023-24,2023-11-08,regular,CLE,OKC
2023-24,2023-11-08,regular,DET,MIL
2023-24,2023-11-08,regular,GSW,DEN
2023-24,2023-11-08,regular,LAC,BKN
2023-24,2023-11-08,regular,LAL,HOU
2023-24,2023-11-08,regular,MIA,MEM
2023-24,2023-11-08,regular,NOP,MIN
2023-24,2023-11-08,regular,PHX,CHI
2023-24,2023-11-08,regular,POR,SAC
2023-24,2023-11-08,regular,SAS,NYK
2023-24,2023-11-08,regular,TOR,DAL
2023-24,2023-11-08,regular,UTA,IND
2023-24,2023-11-08,regular,WAS,CHA
2023-24,2023-11-09,regular,ATL,ORL
2023-24,2023-11-09,regular,MIL,IND
2023-24,2023-11-10,regular,BKN,BOS
2023-24,2023-11-10,regular,CHA,WAS
2023-24,2023-11-10,regular,LAC,DAL
2023-24,2023-11-10,regular,LAL,PHX
2023-24,2023-11-10,regular,MIN,SAS
2023-24,2023-11-10,regular,NOP,HOU
2023-24,2023-11-10,regular,OKC,SAC
2023-24,2023-11-10,regular,PHI,DET
2023-24,2023-11-10,regular,UTA,MEM
2023-24,2023-11-11,regular,CLE,GSW
2023-24,2023-11-11,regular,MIA,ATL
2023-24,2023-11-11,regular,MIL,ORL
2023-24,2023-11-11,regular,TOR,BOS
2023-24,2023-11-12,regular,CHA,NYK
2023-24,2023-11-12,regular,DAL,NOP
2023-24,2023-11-12,regular,DEN,HOU
2023-24,2023-11-12,regular,DET,CHI
2023-24,2023-11-12,regular,IND,PHI
2023-24,2023-11-12,regular,MEM,LAC
2023-24,2023-11-12,regular,MIA,SAS
2023-24,2023-11-12,regular,MIN,GSW
2023-24,2023-11-12,regular,OKC,PHX
2023-24,2023-11-12,regular,POR,LAL
2023-24,2023-11-12,regular,WAS,BKN
2023-24,2023-11-13,regular,CHI,MIL
2023-24,2023-11-13,regular,CLE,SAC
2023-24,2023-11-13,regular,NYK,BOS
2023-24,2023-11-13,regular,WAS,TOR
2023-24,2023-11-14,regular,ATL,DET
2023-24,2023-11-14,regular,DAL,NOP
2023-24,2023-11-14,regular,IND,PHI
2023-24,2023-11-14,regular,LAC,DEN
2023-24,2023-11-14,regular,MEM,LAL
2023-24,2023-11-14,regular,MIA,CHA
2023-24,2023-11-14,regular,MIN,GSW
2023-24,2023-11-14,regular,ORL,BKN
2023-24,2023-11-14,regular,POR,UTA
2023-24,2023-11-14,regular,SAS,OKC
2023-24,2023-11-15,regular,BOS,PHI
2023-24,2023-11-15,regular,CLE,POR
2023-24,2023-11-15,regular,DAL,WAS
2023-24,2023-11-15,regular,MIL,TOR
2023-24,2023-11-15,regular,MIN,PHX
2023-24,2023-11-15,regular,NYK,ATL
2023-24,2023-11-15,regular,ORL,CHI
2023-24,2023-11-15,regular,SAC,LAL
2023-24,2023-11-16,regular,BKN,MIA
2023-24,2023-11-16,regular,OKC,GSW
2023-24,2023-11-17,regular,BOS,TOR
2023-24,2023-11-17,regular,DEN,NOP
2023-24,2023-11-17,regular,DET,CLE
2023-24,2023-11-17,regular,HOU,LAC
2023-24,2023-11-17,regular,LAL,POR
2023-24,2023-11-17,regular,MIL,CHA
2023-24,2023-11-17,regular,NYK,WAS
2023-24,2023-11-17,regular,ORL,CHI
2023-24,2023-11-17,regular,PHI,ATL
2023-24,2023-11-17,regular,PHX,UTA
2023-24,2023-11-17,regular,SAC,SAS
2023-24,2023-11-18,regular,DAL,MIL
2023-24,2023-11-18,regular,MEM,SAS
2023-24,2023-11-18,regular,MIA,CHI
2023-24,2023-11-18,regular,MIN,NOP
2023-24,2023-11-18,regular,NYK,CHA
2023-24,2023-11-18,regular,OKC,GSW
2023-24,2023-11-19,regular,BOS,MEM
2023-24,2023-11-19,regular,DEN,CLE
2023-24,2023-11-19,regular,DET,TOR
2023-24,2023-11-19,regular,HOU,LAL
2023-24,2023-11-19,regular,OKC,POR
2023-24,2023-11-19,regular,ORL,IND
2023-24,2023-11-19,regular,PHI,BKN
2023-24,2023-11-19,regular,PHX,UTA
2023-24,2023-11-19,regular,SAC,DAL
2023-24,2023-11-20,regular,BOS,CHA
2023-24,2023-11-20,regular,DEN,DET
2023-24,2023-11-20,regular,HOU,GSW
2023-24,2023-11-20,regular,LAC,SAS
2023-24,2023-11-20,regular,MIA,CHI
2023-24,2023-11-20,regular,MIL,WAS
2023-24,2023-11-20,regular,NYK,MIN
2023-24,2023-11-20,regular,SAC,NOP
2023-24,2023-11-21,regular,CLE,PHI
2023-24,2023-11-21,regular,IND,ATL
2023-24,2023-11-21,regular,POR,PHX
2023-24,2023-11-21,regular,TOR,ORL
2023-24,2023-11-21,regular,UTA,LAL
2023-24,2023-11-22,regular,BKN,ATL
2023-24,2023-11-22,regular,CHI,OKC
2023-24,2023-11-22,regular,DAL,LAL
2023-24,2023-11-22,regular,DEN,ORL
2023-24,2023-11-22,regular,GSW,PHX
2023-24,2023-11-22,regular,LAC,SAS
2023-24,2023-11-22,regular,MEM,HOU
2023-24,2023-11-22,regular,MIA,CLE
2023-24,2023-11-22,regular,MIL,BOS
2023-24,2023-11-22,regular,PHI,MIN
2023-24,2023-11-22,regular,SAC,NOP
2023-24,2023-11-22,regular,TOR,IND
2023-24,2023-11-22,regular,UTA,POR
2023-24,2023-11-22,regular,WAS,CHA
2023-24,2023-11-24,regular,BOS,ORL
2023-24,2023-11-24,regular,CHI,TOR
2023-24,2023-11-24,regular,DEN,HOU
2023-24,2023-11-24,regular,DET,IND
2023-24,2023-11-24,regular,MIA,NYK
2023-24,2023-11-24,regular,NOP,LAC
2023-24,2023-11-24,regular,PHX,MEM
2023-24,2023-11-24,regular,SAC,MIN
2023-24,2023-11-24,regular,SAS,GSW
2023-24,2023-11-24,regular,WAS,MIL
2023-24,2023-11-25,regular,ATL,WAS
2023-24,2023-11-25,regular,DAL,LAC
2023-24,2023-11-25,regular,LAL,CLE
2023-24,2023-11-25,regular,MIA,BKN
2023-24,2023-11-25,regular,NOP,UTA
2023-24,2023-11-25,regular,PHI,OKC
2023-24,2023-11-26,regular,ATL,BOS
2023-24,2023-11-26,regular,CHA,ORL
2023-24,2023-11-26,regular,CHI,BKN
2023-24,2023-11-26,regular,MIN,MEM
2023-24,2023-11-26,regular,PHX,NYK
2023-24,2023-11-26,regular,POR,MIL
2023-24,2023-11-26,regular,SAS,DEN
2023-24,2023-11-26,regular,TOR,CLE
2023-24,2023-11-27,regular,DEN,LAC
2023-24,2023-11-27,regular,LAL,PHI
2023-24,2023-11-27,regular,NOP,UTA
2023-24,2023-11-27,regular,POR,IND
2023-24,2023-11-27,regular,WAS,DET
2023-24,2023-11-28,regular,ATL,CLE
2023-24,2023-11-28,regular,CHA,NYK
2023-24,2023-11-28,regular,CHI,BOS
2023-24,2023-11-28,regular,GSW,SAC
2023-24,2023-11-28,regular,HOU,DAL
2023-24,2023-11-28,regular,MIL,MIA
2023-24,2023-11-28,regular,OKC,MIN
2023-24,2023-11-28,regular,TOR,BKN
2023-24,2023-11-29,regular,HOU,DEN
2023-24,2023-11-29,regular,LAC,SAC
2023-24,2023-11-29,regular,LAL,DET
2023-24,2023-11-29,regular,PHI,NOP
2023-24,2023-11-29,regular,PHX,TOR
2023-24,2023-11-29,regular,UTA,MEM
2023-24,2023-11-29,regular,WAS,ORL
2023-24,2023-11-30,regular,ATL,SAS
2023-24,2023-11-30,regular,CHA,BKN
2023-24,2023-11-30,regular,DET,NYK
2023-24,2023-11-30,regular,IND,MIA
2023-24,2023-11-30,regular,LAC,GSW
2023-24,2023-11-30,regular,LAL,OKC
2023-24,2023-11-30,regular,MIL,CHI
2023-24,2023-11-30,regular,POR,CLE
2023-24,2023-11-30,regular,UTA,MIN
2023-24,2023-12-01,regular,DEN,PHX
2023-24,2023-12-01,regular,MEM,DAL
2023-24,2023-12-01,regular,NYK,TOR
2023-24,2023-12-01,regular,PHI,BOS
2023-24,2023-12-01,regular,SAS,NOP
2023-24,2023-12-01,regular,WAS,ORL
2023-24,2023-12-02,regular,ATL,MIL
2023-24,2023-12-02,regular,CLE,DET
2023-24,2023-12-02,regular,DEN,SAC
2023-24,2023-12-02,regular,GSW,LAC
2023-24,2023-12-02,regular,HOU,LAL
2023-24,2023-12-02,regular,IND,MIA
2023-24,2023-12-02,regular,MEM,PHX
2023-24,2023-12-02,regular,MIN,CHA
2023-24,2023-12-02,regular,NOP,CHI
2023-24,2023-12-02,regular,OKC,DAL
2023-24,2023-12-02,regular,ORL,BKN
2023-24,2023-12-02,regular,POR,UTA
2023-24,2023-12-04,regular,BOS,IND
2023-24,2023-12-04,regular,NOP,SAC
2023-24,2023-12-05,regular,NYK,MIL
2023-24,2023-12-05,regular,PHX,LAL
2023-24,2023-12-06,regular,BKN,ATL
2023-24,2023-12-06,regular,CHA,CHI
2023-24,2023-12-06,regular,DEN,LAC
2023-24,2023-12-06,regular,MEM,DET
2023-24,2023-12-06,regular,MIA,TOR
2023-24,2023-12-06,regular,OKC,HOU
2023-24,2023-12-06,regular,ORL,CLE
2023-24,2023-12-06,regular,PHI,WAS
2023-24,2023-12-06,regular,POR,GSW
2023-24,2023-12-06,regular,SAS,MIN
2023-24,2023-12-06,regular,UTA,DAL
2023-24,2023-12-07,regular,IND,MIL
2023-24,2023-12-07,regular,NOP,LAL
2023-24,2023-12-08,regular,ATL,PHI
2023-24,2023-12-08,regular,CHI,SAS
2023-24,2023-12-08,regular,CLE,MIA
2023-24,2023-12-08,regular,DAL,POR
2023-24,2023-12-08,regular,DET,ORL
2023-24,2023-12-08,regular,GSW,OKC
2023-24,2023-12-08,regular,HOU,DEN
2023-24,2023-12-08,regular,LAC,UTA
2023-24,2023-12-08,regular,MIN,MEM
2023-24,2023-12-08,regular,NYK,BOS
2023-24,2023-12-08,regular,SAC,PHX
2023-24,2023-12-08,regular,TOR,CHA
2023-24,2023-12-08,regular,WAS,BKN
2023-24,2023-12-11,regular,BKN,SAC
2023-24,2023-12-11,regular,CHI,MIL
2023-24,2023-12-11,regular,CLE,ORL
2023-24,2023-12-11,regular,DAL,MEM
2023-24,2023-12-11,regular,DEN,ATL
2023-24,2023-12-11,regular,IND,DET
2023-24,2023-12-11,regular,MIA,CHA
2023-24,2023-12-11,regular,MIN,NOP
2023-24,2023-12-11,regular,POR,LAC
2023-24,2023-12-11,regular,SAS,HOU
2023-24,2023-12-11,regular,TOR,NYK
2023-24,2023-12-11,regular,UTA,OKC
2023-24,2023-12-11,regular,WAS,PHI
2023-24,2023-12-12,regular,CLE,BOS
2023-24,2023-12-12,regular,DEN,CHI
2023-24,2023-12-12,regular,GSW,PHX
2023-24,2023-12-12,regular,LAL,DAL
2023-24,2023-12-12,regular,SAC,LAC
2023-24,2023-12-13,regular,ATL,TOR
2023-24,2023-12-13,regular,BKN,PHX
2023-24,2023-12-13,regular,CHA,MIA
2023-24,2023-12-13,regular,IND,MIL
2023-24,2023-12-13,regular,LAL,SAS
2023-24,2023-12-13,regular,MEM,HOU
2023-24,2023-12-13,regular,NOP,WAS
2023-24,2023-12-13,regular,NYK,UTA
2023-24,2023-12-13,regular,PHI,DET
2023-24,2023-12-14,regular,BKN,DEN
2023-24,2023-12-14,regular,CHI,MIA
2023-24,2023-12-14,regular,CLE,BOS
2023-24,2023-12-14,regular,GSW,LAC
2023-24,2023-12-14,regular,MIN,DAL
2023-24,2023-12-14,regular,OKC,SAC
2023-24,2023-12-14,regular,UTA,POR
2023-24,2023-12-15,regular,ATL,TOR
2023-24,2023-12-15,regular,DET,PHI
2023-24,2023-12-15,regular,HOU,MEM
2023-24,2023-12-15,regular,IND,WAS
2023-24,2023-12-15,regular,LAL,SAS
2023-24,2023-12-15,regular,NOP,CHA
2023-24,2023-12-15,regular,NYK,PHX
2023-24,2023-12-15,regular,ORL,BOS
2023-24,2023-12-16,regular,ATL,CLE
2023-24,2023-12-16,regular,BKN,GSW
2023-24,2023-12-16,regular,CHI,MIA
2023-24,2023-12-16,regular,DAL,POR
2023-24,2023-12-16,regular,DET,MIL
2023-24,2023-12-16,regular,IND,MIN
2023-24,2023-12-16,regular,NYK,LAC
2023-24,2023-12-16,regular,OKC,DEN
2023-24,2023-12-16,regular,PHI,CHA
2023-24,2023-12-16,regular,UTA,SAC
2023-24,2023-12-17,regular,GSW,POR
2023-24,2023-12-17,regular,HOU,MIL
2023-24,2023-12-17,regular,NOP,SAS
2023-24,2023-12-17,regular,ORL,BOS
2023-24,2023-12-17,regular,WAS,PHX
2023-24,2023-12-18,regular,BKN,UTA
2023-24,2023-12-18,regular,CHA,TOR
2023-24,2023-12-18,regular,CHI,PHI
2023-24,2023-12-18,regular,DAL,DEN
2023-24,2023-12-18,regular,DET,ATL
2023-24,2023-12-18,regular,HOU,CLE
2023-24,2023-12-18,regular,LAC,IND
2023-24,2023-12-18,regular,MEM,OKC
2023-24,2023-12-18,regular,MIN,MIA
2023-24,2023-12-18,regular,NYK,LAL
2023-24,2023-12-18,regular,WAS,SAC
2023-24,2023-12-19,regular,BOS,GSW
2023-24,2023-12-19,regular,MEM,NOP
2023-24,2023-12-19,regular,PHX,POR
2023-24,2023-12-19,regular,SAS,MIL
2023-24,2023-12-20,regular,ATL,HOU
2023-24,2023-12-20,regular,BOS,SAC
2023-24,2023-12-20,regular,CHA,IND
2023-24,2023-12-20,regular,DEN,TOR
2023-24,2023-12-20,regular,LAC,DAL
2023-24,2023-12-20,regular,LAL,CHI
2023-24,2023-12-20,regular,MIA,ORL
2023-24,2023-12-20,regular,MIN,PHI
2023-24,2023-12-20,regular,NYK,BKN
2023-24,2023-12-20,regular,UTA,CLE
2023-24,2023-12-21,regular,IND,MEM
2023-24,2023-12-21,regular,LAC,OKC
2023-24,2023-12-21,regular,LAL,MIN
2023-24,2023-12-21,regular,NOP,CLE
2023-24,2023-12-21,regular,ORL,MIL
2023-24,2023-12-21,regular,SAS,CHI
2023-24,2023-12-21,regular,UTA,DET
2023-24,2023-12-21,regular,WAS,POR
2023-24,2023-12-22,regular,ATL,MIA
2023-24,2023-12-22,regular,DAL,HOU
2023-24,2023-12-22,regular,DEN,BKN
2023-24,2023-12-22,regular,PHX,SAC
2023-24,2023-12-22,regular,TOR,PHI
2023-24,2023-12-22,regular,WAS,GSW
2023-24,2023-12-23,regular,BOS,LAC
2023-24,2023-12-23,regular,CLE,CHI
2023-24,2023-12-23,regular,DEN,CHA
2023-24,2023-12-23,regular,DET,BKN
2023-24,2023-12-23,regular,HOU,NOP
2023-24,2023-12-23,regular,LAL,OKC
2023-24,2023-12-23,regular,MEM,ATL
2023-24,2023-12-23,regular,MIL,NYK
2023-24,2023-12-23,regular,MIN,SAC
2023-24,2023-12-23,regular,ORL,IND
2023-24,2023-12-23,regular,POR,GSW
2023-24,2023-12-23,regular,SAS,DAL
2023-24,2023-12-23,regular,UTA,TOR
2023-24,2023-12-25,regular,BOS,LAL
2023-24,2023-12-25,regular,DAL,PHX
2023-24,2023-12-25,regular,GSW,DEN
2023-24,2023-12-25,regular,MIL,NYK
2023-24,2023-12-25,regular,PHI,MIA
2023-24,2023-12-26,regular,ATL,CHI
2023-24,2023-12-26,regular,BKN,DET
2023-24,2023-12-26,regular,CHA,LAC
2023-24,2023-12-26,regular,IND,HOU
2023-24,2023-12-26,regular,MEM,NOP
2023-24,2023-12-26,regular,MIN,OKC
2023-24,2023-12-26,regular,ORL,WAS
2023-24,2023-12-26,regular,SAC,POR
2023-24,2023-12-26,regular,UTA,SAS
2023-24,2023-12-27,regular,CLE,DAL
2023-24,2023-12-27,regular,MIL,BKN
2023-24,2023-12-27,regular,NYK,OKC
2023-24,2023-12-27,regular,PHI,ORL
2023-24,2023-12-27,regular,PHX,HOU
2023-24,2023-12-27,regular,TOR,WAS
2023-24,2023-12-28,regular,CHA,LAL
2023-24,2023-12-28,regular,DAL,MIN
2023-24,2023-12-28,regular,DET,BOS
2023-24,2023-12-28,regular,IND,CHI
2023-24,2023-12-28,regular,MEM,DEN
2023-24,2023-12-28,regular,MIA,GSW
2023-24,2023-12-28,regular,SAS,POR
2023-24,2023-12-28,regular,UTA,NOP
2023-24,2023-12-29,regular,BKN,WAS
2023-24,2023-12-29,regular,CHA,PHX
2023-24,2023-12-29,regular,MEM,LAC
2023-24,2023-12-29,regular,MIL,CLE
2023-24,2023-12-29,regular,NYK,ORL
2023-24,2023-12-29,regular,OKC,DEN
2023-24,2023-12-29,regular,PHI,HOU
2023-24,2023-12-29,regular,SAC,ATL
2023-24,2023-12-29,regular,SAS,POR
2023-24,2023-12-29,regular,TOR,BOS
2023-24,2023-12-30,regular,DAL,GSW
2023-24,2023-12-30,regular,LAL,MIN
2023-24,2023-12-30,regular,MIA,UTA
2023-24,2023-12-30,regular,NYK,IND
2023-24,2023-12-30,regular,PHI,CHI
2023-24,2023-12-30,regular,TOR,DET
2023-24,2023-12-31,regular,ATL,WAS
2023-24,2023-12-31,regular,BKN,OKC
2023-24,2023-12-31,regular,BOS,SAS
2023-24,2023-12-31,regular,LAL,NOP
2023-24,2023-12-31,regular,ORL,PHX
2023-24,2023-12-31,regular,SAC,MEM
2023-24,2024-01-01,regular,CHA,DEN
2023-24,2024-01-01,regular,CLE,TOR
2023-24,2024-01-01,regular,DAL,UTA
2023-24,2024-01-01,regular,DET,HOU
2023-24,2024-01-01,regular,IND,MIL
2023-24,2024-01-01,regular,MIA,LAC
2023-24,2024-01-01,regular,MIN,NYK
2023-24,2024-01-01,regular,POR,PHX
2023-24,2024-01-02,regular,BKN,NOP
2023-24,2024-01-02,regular,BOS,OKC
2023-24,2024-01-02,regular,CHA,SAC
2023-24,2024-01-02,regular,CHI,PHI
2023-24,2024-01-02,regular,ORL,GSW
2023-24,2024-01-02,regular,SAS,MEM
2023-24,2024-01-03,regular,BKN,HOU
2023-24,2024-01-03,regular,CHI,NYK
2023-24,2024-01-03,regular,DET,UTA
2023-24,2024-01-03,regular,LAC,PHX
2023-24,2024-01-03,regular,MIA,LAL
2023-24,2024-01-03,regular,MIL,IND
2023-24,2024-01-03,regular,NOP,MIN
2023-24,2024-01-03,regular,OKC,ATL
2023-24,2024-01-03,regular,ORL,SAC
2023-24,2024-01-03,regular,POR,DAL
2023-24,2024-01-03,regular,TOR,MEM
2023-24,2024-01-03,regular,WAS,CLE
2023-24,2024-01-04,regular,DEN,GSW
2023-24,2024-01-04,regular,MIL,SAS
2023-24,2024-01-05,regular,ATL,IND
2023-24,2024-01-05,regular,CHA,CHI
2023-24,2024-01-05,regular,DET,GSW
2023-24,2024-01-05,regular,LAC,NOP
2023-24,2024-01-05,regular,MEM,LAL
2023-24,2024-01-05,regular,MIA,PHX
2023-24,2024-01-05,regular,MIN,HOU
2023-24,2024-01-05,regular,NYK,PHI
2023-24,2024-01-05,regular,OKC,BKN
2023-24,2024-01-05,regular,ORL,DEN
2023-24,2024-01-05,regular,POR,DAL
2023-24,2024-01-05,regular,TOR,SAC
2023-24,2024-01-05,regular,UTA,BOS
2023-24,2024-01-05,regular,WAS,CLE
2023-24,2024-01-06,regular,BOS,IND
2023-24,2024-01-06,regular,MIL,HOU
2023-24,2024-01-06,regular,NYK,WAS
2023-24,2024-01-06,regular,UTA,PHI
2023-24,2024-01-07,regular,ATL,ORL
2023-24,2024-01-07,regular,DET,DEN
2023-24,2024-01-07,regular,LAC,LAL
2023-24,2024-01-07,regular,MEM,PHX
2023-24,2024-01-07,regular,MIN,DAL
2023-24,2024-01-07,regular,NOP,SAC
2023-24,2024-01-07,regular,POR,BKN
2023-24,2024-01-07,regular,SAS,CLE
2023-24,2024-01-07,regular,TOR,GSW
2023-24,2024-01-08,regular,BOS,IND
2023-24,2024-01-08,regular,CHI,CHA
2023-24,2024-01-08,regular,HOU,MIA
2023-24,2024-01-08,regular,OKC,WAS
2023-24,2024-01-08,regular,PHX,LAC
2023-24,2024-01-08,regular,UTA,MIL
2023-24,2024-01-09,regular,MEM,DAL
2023-24,2024-01-09,regular,MIN,ORL
2023-24,2024-01-09,regular,POR,NYK
2023-24,2024-01-09,regular,SAC,DET
2023-24,2024-01-09,regular,TOR,LAL
2023-24,2024-01-10,regular,DEN,UTA
2023-24,2024-01-10,regular,HOU,CHI
2023-24,2024-01-10,regular,MIN,BOS
2023-24,2024-01-10,regular,NOP,GSW
2023-24,2024-01-10,regular,OKC,MIA
2023-24,2024-01-10,regular,PHI,ATL
2023-24,2024-01-10,regular,SAC,CHA
2023-24,2024-01-10,regular,SAS,DET
2023-24,2024-01-10,regular,TOR,LAC
2023-24,2024-01-10,regular,WAS,IND
2023-24,2024-01-11,regular,BKN,CLE
2023-24,2024-01-11,regular,BOS,MIL
2023-24,2024-01-11,regular,NYK,DAL
2023-24,2024-01-11,regular,PHX,LAL
2023-24,2024-01-11,regular,POR,OKC
2023-24,2024-01-12,regular,CHA,SAS
2023-24,2024-01-12,regular,GSW,CHI
2023-24,2024-01-12,regular,HOU,DET
2023-24,2024-01-12,regular,IND,ATL
2023-24,2024-01-12,regular,LAC,MEM
2023-24,2024-01-12,regular,NOP,DEN
2023-24,2024-01-12,regular,ORL,MIA
2023-24,2024-01-12,regular,POR,MIN
2023-24,2024-01-12,regular,SAC,PHI
2023-24,2024-01-12,regular,TOR,UTA
2023-24,2024-01-13,regular,CHI,SAS
2023-24,2024-01-13,regular,GSW,MIL
2023-24,2024-01-13,regular,HOU,BOS
2023-24,2024-01-13,regular,LAL,UTA
2023-24,2024-01-13,regular,NOP,DAL
2023-24,2024-01-13,regular,NYK,MEM
2023-24,2024-01-13,regular,ORL,OKC
2023-24,2024-01-13,regular,WAS,ATL
2023-24,2024-01-14,regular,CHA,MIA
2023-24,2024-01-14,regular,IND,DEN
2023-24,2024-01-14,regular,LAC,MIN
2023-24,2024-01-14,regular,PHX,POR
2023-24,2024-01-14,regular,SAC,MIL
2023-24,2024-01-15,regular,BOS,TOR
2023-24,2024-01-15,regular,CHI,CLE
2023-24,2024-01-15,regular,DET,WAS
2023-24,2024-01-15,regular,GSW,MEM
2023-24,2024-01-15,regular,HOU,PHI
2023-24,2024-01-15,regular,IND,UTA
2023-24,2024-01-15,regular,MIA,BKN
2023-24,2024-01-15,regular,NOP,DAL
2023-24,2024-01-15,regular,OKC,LAL
2023-24,2024-01-15,regular,ORL,NYK
2023-24,2024-01-15,regular,SAS,ATL
2023-24,2024-01-16,regular,DEN,PHI
2023-24,2024-01-16,regular,OKC,LAC
2023-24,2024-01-16,regular,SAC,PHX
2023-24,2024-01-17,regular,BKN,POR
2023-24,2024-01-17,regular,CHA,NOP
2023-24,2024-01-17,regular,DAL,LAL
2023-24,2024-01-17,regular,HOU,NYK
2023-24,2024-01-17,regular,MIA,TOR
2023-24,2024-01-17,regular,MIL,CLE
2023-24,2024-01-17,regular,MIN,DET
2023-24,2024-01-17,regular,ORL,ATL
2023-24,2024-01-17,regular,SAS,BOS
2023-24,2024-01-18,regular,CHI,TOR
2023-24,2024-01-18,regular,IND,SAC
2023-24,2024-01-18,regular,MEM,MIN
2023-24,2024-01-18,regular,OKC,UTA
2023-24,2024-01-18,regular,WAS,NYK
2023-24,2024-01-19,regular,ATL,MIA
2023-24,2024-01-19,regular,BKN,LAL
2023-24,2024-01-19,regular,DEN,BOS
2023-24,2024-01-19,regular,IND,POR
2023-24,2024-01-19,regular,PHI,ORL
2023-24,2024-01-19,regular,PHX,NOP
2023-24,2024-01-19,regular,SAS,CHA
2023-24,2024-01-20,regular,CLE,ATL
2023-24,2024-01-20,regular,MEM,CHI
2023-24,2024-01-20,regular,MIL,DET
2023-24,2024-01-20,regular,OKC,MIN
2023-24,2024-01-20,regular,PHI,CHA
2023-24,2024-01-20,regular,SAS,WAS
2023-24,2024-01-20,regular,TOR,NYK
2023-24,2024-01-20,regular,UTA,HOU
2023-24,2024-01-21,regular,BKN,LAC
2023-24,2024-01-21,regular,BOS,HOU
2023-24,2024-01-21,regular,DEN,WAS
2023-24,2024-01-21,regular,IND,PHX
2023-24,2024-01-21,regular,MIA,ORL
2023-24,2024-01-21,regular,POR,LAL
2023-24,2024-01-22,regular,ATL,SAC
2023-24,2024-01-22,regular,BOS,DAL
2023-24,2024-01-22,regular,CHA,MIN
2023-24,2024-01-22,regular,CHI,PHX
2023-24,2024-01-22,regular,CLE,ORL
2023-24,2024-01-22,regular,MEM,TOR
2023-24,2024-01-22,regular,MIL,DET
2023-24,2024-01-22,regular,SAS,PHI
2023-24,2024-01-23,regular,DEN,IND
2023-24,2024-01-23,regular,LAL,LAC
2023-24,2024-01-23,regular,NYK,BKN
2023-24,2024-01-23,regular,POR,OKC
2023-24,2024-01-23,regular,UTA,NOP
2023-24,2024-01-24,regular,ATL,GSW
2023-24,2024-01-24,regular,CHA,DET
2023-24,2024-01-24,regular,CLE,MIL
2023-24,2024-01-24,regular,MEM,MIA
2023-24,2024-01-24,regular,MIN,WAS
2023-24,2024-01-24,regular,OKC,SAS
2023-24,2024-01-24,regular,PHX,DAL
2023-24,2024-01-24,regular,POR,HOU
2023-24,2024-01-25,regular,BOS,MIA
2023-24,2024-01-25,regular,CHI,LAL
2023-24,2024-01-25,regular,DEN,NYK
2023-24,2024-01-25,regular,MIN,BKN
2023-24,2024-01-25,regular,PHI,IND
2023-24,2024-01-25,regular,SAC,GSW
2023-24,2024-01-25,regular,UTA,WAS
2023-24,2024-01-26,regular,CLE,MIL
2023-24,2024-01-26,regular,DAL,ATL
2023-24,2024-01-26,regular,HOU,CHA
2023-24,2024-01-26,regular,LAC,TOR
2023-24,2024-01-26,regular,OKC,NOP
2023-24,2024-01-26,regular,ORL,MEM
2023-24,2024-01-26,regular,PHX,IND
2023-24,2024-01-26,regular,POR,SAS
2023-24,2024-01-27,regular,HOU,BKN
2023-24,2024-01-27,regular,LAC,BOS
2023-24,2024-01-27,regular,LAL,GSW
2023-24,2024-01-27,regular,MIA,NYK
2023-24,2024-01-27,regular,MIN,SAS
2023-24,2024-01-27,regular,NOP,MIL
2023-24,2024-01-27,regular,PHI,DEN
2023-24,2024-01-27,regular,SAC,DAL
2023-24,2024-01-27,regular,UTA,CHA
2023-24,2024-01-27,regular,WAS,DET
2023-24,2024-01-28,regular,CHI,POR
2023-24,2024-01-28,regular,MEM,IND
2023-24,2024-01-28,regular,OKC,DET
2023-24,2024-01-28,regular,PHX,ORL
2023-24,2024-01-28,regular,TOR,ATL
2023-24,2024-01-29,regular,LAC,CLE
2023-24,2024-01-29,regular,LAL,HOU
2023-24,2024-01-29,regular,MIL,DEN
2023-24,2024-01-29,regular,MIN,OKC
2023-24,2024-01-29,regular,NOP,BOS
2023-24,2024-01-29,regular,NYK,CHA
2023-24,2024-01-29,regular,ORL,DAL
2023-24,2024-01-29,regular,PHI,POR
2023-24,2024-01-29,regular,PHX,MIA
2023-24,2024-01-29,regular,SAC,MEM
2023-24,2024-01-29,regular,UTA,BKN
2023-24,2024-01-29,regular,WAS,SAS
2023-24,2024-01-30,regular,IND,BOS
2023-24,2024-01-30,regular,LAL,ATL
2023-24,2024-01-30,regular,PHI,GSW
2023-24,2024-01-30,regular,TOR,CHI
2023-24,2024-01-30,regular,UTA,NYK
2023-24,2024-01-31,regular,CHI,CHA
2023-24,2024-01-31,regular,DAL,MIN
2023-24,2024-01-31,regular,DEN,OKC
2023-24,2024-01-31,regular,DET,CLE
2023-24,2024-01-31,regular,LAC,WAS
2023-24,2024-01-31,regular,MIL,POR
2023-24,2024-01-31,regular,NOP,HOU
2023-24,2024-01-31,regular,ORL,SAS
2023-24,2024-01-31,regular,PHX,BKN
2023-24,2024-01-31,regular,SAC,MIA
2023-24,2024-02-01,regular,CLE,MEM
2023-24,2024-02-01,regular,IND,NYK
2023-24,2024-02-01,regular,LAL,BOS
2023-24,2024-02-01,regular,PHI,UTA
2023-24,2024-02-02,regular,CHA,OKC
2023-24,2024-02-02,regular,GSW,MEM
2023-24,2024-02-02,regular,LAC,DET
2023-24,2024-02-02,regular,MIA,WAS
2023-24,2024-02-02,regular,NOP,SAS
2023-24,2024-02-02,regular,ORL,MIN
2023-24,2024-02-02,regular,PHX,ATL
2023-24,2024-02-02,regular,POR,DEN
2023-24,2024-02-02,regular,SAC,IND
2023-24,2024-02-02,regular,TOR,HOU
2023-24,2024-02-03,regular,BKN,PHI
2023-24,2024-02-03,regular,CLE,SAS
2023-24,2024-02-03,regular,GSW,ATL
2023-24,2024-02-03,regular,LAL,NYK
2023-24,2024-02-03,regular,MIL,DAL
2023-24,2024-02-03,regular,SAC,CHI
2023-24,2024-02-04,regular,HOU,MIN
2023-24,2024-02-04,regular,IND,CHA
2023-24,2024-02-04,regular,LAC,MIA
2023-24,2024-02-04,regular,MEM,BOS
2023-24,2024-02-04,regular,MIL,UTA
2023-24,2024-02-04,regular,ORL,DET
2023-24,2024-02-04,regular,PHX,WAS
2023-24,2024-02-04,regular,POR,DEN
2023-24,2024-02-04,regular,TOR,OKC
2023-24,2024-02-05,regular,DAL,PHI
2023-24,2024-02-05,regular,GSW,BKN
2023-24,2024-02-05,regular,LAC,ATL
2023-24,2024-02-05,regular,LAL,CHA
2023-24,2024-02-05,regular,SAC,CLE
2023-24,2024-02-05,regular,TOR,NOP
2023-24,2024-02-06,regular,DAL,BKN
2023-24,2024-02-06,regular,HOU,IND
2023-24,2024-02-06,regular,MEM,NYK
2023-24,2024-02-06,regular,MIL,PHX
2023-24,2024-02-06,regular,MIN,CHI
2023-24,2024-02-06,regular,OKC,UTA
2023-24,2024-02-06,regular,ORL,MIA
2023-24,2024-02-07,regular,ATL,BOS
2023-24,2024-02-07,regular,CLE,WAS
2023-24,2024-02-07,regular,DET,SAC
2023-24,2024-02-07,regular,GSW,PHI
2023-24,2024-02-07,regular,NOP,LAC
2023-24,2024-02-07,regular,SAS,MIA
2023-24,2024-02-07,regular,TOR,CHA
2023-24,2024-02-08,regular,CHI,MEM
2023-24,2024-02-08,regular,CLE,BKN
2023-24,2024-02-08,regular,DAL,NYK
2023-24,2024-02-08,regular,DEN,LAL
2023-24,2024-02-08,regular,DET,POR
2023-24,2024-02-08,regular,GSW,IND
2023-24,2024-02-08,regular,MIN,MIL
2023-24,2024-02-08,regular,SAS,ORL
2023-24,2024-02-08,regular,UTA,PHX
2023-24,2024-02-09,regular,ATL,PHI
2023-24,2024-02-09,regular,CHA,MIL
2023-24,2024-02-09,regular,DEN,SAC
2023-24,2024-02-09,regular,HOU,TOR
2023-24,2024-02-09,regular,NOP,LAL
2023-24,2024-02-09,regular,WAS,BOS
2023-24,2024-02-10,regular,CHI,ORL
2023-24,2024-02-10,regular,CLE,TOR
2023-24,2024-02-10,regular,DET,LAC
2023-24,2024-02-10,regular,HOU,ATL
2023-24,2024-02-10,regular,IND,NYK
2023-24,2024-02-10,regular,MEM,CHA
2023-24,2024-02-10,regular,NOP,POR
2023-24,2024-02-10,regular,OKC,DAL
2023-24,2024-02-10,regular,PHI,WAS
2023-24,2024-02-10,regular,PHX,GSW
2023-24,2024-02-10,regular,SAS,BKN
2023-24,2024-02-11,regular,BOS,MIA
2023-24,2024-02-11,regular,SAC,OKC
2023-24,2024-02-12,regular,CHI,ATL
2023-24,2024-02-12,regular,DEN,MIL
2023-24,2024-02-12,regular,GSW,UTA
2023-24,2024-02-12,regular,IND,CHA
2023-24,2024-02-12,regular,MIN,LAC
2023-24,2024-02-12,regular,NOP,MEM
2023-24,2024-02-12,regular,NYK,HOU
2023-24,2024-02-12,regular,PHI,CLE
2023-24,2024-02-12,regular,SAS,TOR
2023-24,2024-02-12,regular,WAS,DAL
2023-24,2024-02-13,regular,BOS,BKN
2023-24,2024-02-13,regular,DET,LAL
2023-24,2024-02-13,regular,MIA,MIL
2023-24,2024-02-13,regular,MIN,POR
2023-24,2024-02-13,regular,OKC,ORL
2023-24,2024-02-13,regular,SAC,PHX
2023-24,2024-02-14,regular,ATL,CHA
2023-24,2024-02-14,regular,BKN,BOS
2023-24,2024-02-14,regular,CHI,CLE
2023-24,2024-02-14,regular,DET,PHX
2023-24,2024-02-14,regular,HOU,MEM
2023-24,2024-02-14,regular,IND,TOR
2023-24,2024-02-14,regular,LAC,GSW
2023-24,2024-02-14,regular,LAL,UTA
2023-24,2024-02-14,regular,MIA,PHI
2023-24,2024-02-14,regular,NYK,ORL
2023-24,2024-02-14,regular,SAC,DEN
2023-24,2024-02-14,regular,SAS,DAL
2023-24,2024-02-14,regular,WAS,NOP
2023-24,2024-02-15,regular,GSW,UTA
2023-24,2024-02-15,regular,MIL,MEM
2023-24,2024-02-15,regular,MIN,POR
2023-24,2024-02-22,regular,BKN,TOR
2023-24,2024-02-22,regular,BOS,CHI
2023-24,2024-02-22,regular,CHA,UTA
2023-24,2024-02-22,regular,DET,IND
2023-24,2024-02-22,regular,HOU,NOP
2023-24,2024-02-22,regular,LAC,OKC
2023-24,2024-02-22,regular,LAL,GSW
2023-24,2024-02-22,regular,NYK,PHI
2023-24,2024-02-22,regular,ORL,CLE
2023-24,2024-02-22,regular,PHX,DAL
2023-24,2024-02-22,regular,SAS,SAC
2023-24,2024-02-22,regular,WAS,DEN
2023-24,2024-02-23,regular,CHA,GSW
2023-24,2024-02-23,regular,CLE,PHI
2023-24,2024-02-23,regular,DEN,POR
2023-24,2024-02-23,regular,LAC,MEM
2023-24,2024-02-23,regular,MIA,NOP
2023-24,2024-02-23,regular,MIL,MIN
2023-24,2024-02-23,regular,PHX,HOU
2023-24,2024-02-23,regular,SAS,LAL
2023-24,2024-02-23,regular,TOR,ATL
2023-24,2024-02-23,regular,WAS,OKC
2023-24,2024-02-24,regular,BKN,MIN
2023-24,2024-02-24,regular,BOS,NYK
2023-24,2024-02-24,regular,ORL,DET
2023-24,2024-02-25,regular,CHA,POR
2023-24,2024-02-25,regular,CHI,NOP
2023-24,2024-02-25,regular,CLE,WAS
2023-24,2024-02-25,regular,DAL,IND
2023-24,2024-02-25,regular,DEN,GSW
2023-24,2024-02-25,regular,LAL,PHX
2023-24,2024-02-25,regular,MIL,PHI
2023-24,2024-02-25,regular,OKC,HOU
2023-24,2024-02-25,regular,ORL,ATL
2023-24,2024-02-25,regular,SAC,LAC
2023-24,2024-02-25,regular,SAS,UTA
2023-24,2024-02-26,regular,BKN,MEM
2023-24,2024-02-26,regular,DET,NYK
2023-24,2024-02-26,regular,MIA,SAC
2023-24,2024-02-26,regular,TOR,IND
2023-24,2024-02-27,regular,BKN,ORL
2023-24,2024-02-27,regular,CHA,MIL
2023-24,2024-02-27,regular,DAL,CLE
2023-24,2024-02-27,regular,DET,CHI
2023-24,2024-02-27,regular,GSW,WAS
2023-24,2024-02-27,regular,HOU,OKC
2023-24,2024-02-27,regular,MIA,POR
2023-24,2024-02-27,regular,NOP,NYK
2023-24,2024-02-27,regular,PHI,BOS
2023-24,2024-02-27,regular,SAS,MIN
2023-24,2024-02-27,regular,UTA,ATL
2023-24,2024-02-28,regular,CLE,CHI
2023-24,2024-02-28,regular,DAL,TOR
2023-24,2024-02-28,regular,LAL,LAC
2023-24,2024-02-28,regular,MEM,MIN
2023-24,2024-02-28,regular,NOP,IND
2023-24,2024-02-28,regular,SAC,DEN
2023-24,2024-02-29,regular,ATL,BKN
2023-24,2024-02-29,regular,GSW,NYK
2023-24,2024-02-29,regular,HOU,PHX
2023-24,2024-02-29,regular,MIA,DEN
2023-24,2024-02-29,regular,MIL,CHA
2023-24,2024-02-29,regular,OKC,SAS
2023-24,2024-02-29,regular,UTA,ORL
2023-24,2024-02-29,regular,WAS,LAL
2023-24,2024-03-01,regular,CHA,PHI
2023-24,2024-03-01,regular,CLE,DET
2023-24,2024-03-01,regular,DAL,BOS
2023-24,2024-03-01,regular,GSW,TOR
2023-24,2024-03-01,regular,IND,NOP
2023-24,2024-03-01,regular,MIL,CHI
2023-24,2024-03-01,regular,POR,MEM
2023-24,2024-03-01,regular,SAC,MIN
2023-24,2024-03-01,regular,WAS,LAC
2023-24,2024-03-02,regular,ATL,BKN
2023-24,2024-03-02,regular,DEN,LAL
2023-24,2024-03-02,regular,HOU,PHX
2023-24,2024-03-02,regular,POR,MEM
2023-24,2024-03-02,regular,UTA,MIA
2023-24,2024-03-03,regular,CHA,TOR
2023-24,2024-03-03,regular,DET,ORL
2023-24,2024-03-03,regular,GSW,BOS
2023-24,2024-03-03,regular,IND,SAS
2023-24,2024-03-03,regular,LAC,MIN
2023-24,2024-03-03,regular,NYK,CLE
2023-24,2024-03-03,regular,OKC,PHX
2023-24,2024-03-03,regular,PHI,DAL
2023-24,2024-03-04,regular,CHI,SAC
2023-24,2024-03-04,regular,LAC,MIL
2023-24,2024-03-04,regular,MEM,BKN
2023-24,2024-03-04,regular,OKC,LAL
2023-24,2024-03-04,regular,POR,MIN
2023-24,2024-03-04,regular,WAS,UTA
2023-24,2024-03-05,regular,ATL,NYK
2023-24,2024-03-05,regular,BOS,CLE
2023-24,2024-03-05,regular,DET,MIA
2023-24,2024-03-05,regular,IND,DAL
2023-24,2024-03-05,regular,NOP,TOR
2023-24,2024-03-05,regular,ORL,CHA
2023-24,2024-03-05,regular,PHI,BKN
2023-24,2024-03-05,regular,PHX,DEN
2023-24,2024-03-05,regular,SAS,HOU
2023-24,2024-03-06,regular,CHI,UTA
2023-24,2024-03-06,regular,CLE,ATL
2023-24,2024-03-06,regular,LAC,HOU
2023-24,2024-03-06,regular,MEM,PHI
2023-24,2024-03-06,regular,MIL,GSW
2023-24,2024-03-06,regular,OKC,POR
2023-24,2024-03-06,regular,ORL,WAS
2023-24,2024-03-06,regular,SAC,LAL
2023-24,2024-03-07,regular,BKN,DET
2023-24,2024-03-07,regular,BOS,DEN
2023-24,2024-03-07,regular,CHI,GSW
2023-24,2024-03-07,regular,MIA,DAL
2023-24,2024-03-07,regular,MIN,IND
2023-24,2024-03-07,regular,SAS,SAC
2023-24,2024-03-07,regular,TOR,PHX
2023-24,2024-03-08,regular,ATL,MEM
2023-24,2024-03-08,regular,CHA,WAS
2023-24,2024-03-08,regular,HOU,POR
2023-24,2024-03-08,regular,MIA,OKC
2023-24,2024-03-08,regular,MIL,LAL
2023-24,2024-03-08,regular,MIN,CLE
2023-24,2024-03-08,regular,NOP,PHI
2023-24,2024-03-08,regular,ORL,NYK
2023-24,2024-03-09,regular,BKN,CHA
2023-24,2024-03-09,regular,BOS,PHX
2023-24,2024-03-09,regular,CHI,LAC
2023-24,2024-03-09,regular,DAL,DET
2023-24,2024-03-09,regular,SAS,GSW
2023-24,2024-03-09,regular,TOR,POR
2023-24,2024-03-09,regular,UTA,DEN
2023-24,2024-03-10,regular,BKN,CLE
2023-24,2024-03-10,regular,HOU,SAC
2023-24,2024-03-10,regular,IND,ORL
2023-24,2024-03-10,regular,MEM,OKC
2023-24,2024-03-10,regular,MIL,LAC
2023-24,2024-03-10,regular,MIN,LAL
2023-24,2024-03-10,regular,NOP,ATL
2023-24,2024-03-10,regular,PHI,NYK
2023-24,2024-03-10,regular,WAS,MIA
2023-24,2024-03-11,regular,BOS,POR
2023-24,2024-03-11,regular,CHA,DET
2023-24,2024-03-11,regular,DAL,CHI
2023-24,2024-03-11,regular,GSW,SAS
2023-24,2024-03-11,regular,PHX,CLE
2023-24,2024-03-11,regular,TOR,DEN
2023-24,2024-03-12,regular,BOS,UTA
2023-24,2024-03-12,regular,HOU,SAS
2023-24,2024-03-12,regular,IND,OKC
2023-24,2024-03-12,regular,MIL,SAC
2023-24,2024-03-12,regular,MIN,LAC
2023-24,2024-03-12,regular,PHI,NYK
2023-24,2024-03-12,regular,WAS,MEM
2023-24,2024-03-13,regular,ATL,POR
2023-24,2024-03-13,regular,BKN,ORL
2023-24,2024-03-13,regular,CHA,MEM
2023-24,2024-03-13,regular,CHI,IND
2023-24,2024-03-13,regular,CLE,NOP
2023-24,2024-03-13,regular,DEN,MIA
2023-24,2024-03-13,regular,GSW,DAL
2023-24,2024-03-13,regular,LAL,SAC
2023-24,2024-03-13,regular,TOR,DET
2023-24,2024-03-14,regular,DAL,OKC
2023-24,2024-03-14,regular,LAC,CHI
2023-24,2024-03-14,regular,NYK,POR
2023-24,2024-03-14,regular,PHI,MIL
2023-24,2024-03-14,regular,PHX,BOS
2023-24,2024-03-14,regular,WAS,HOU
2023-24,2024-03-15,regular,ATL,UTA
2023-24,2024-03-15,regular,DEN,SAS
2023-24,2024-03-15,regular,LAC,NOP
2023-24,2024-03-15,regular,MIA,DET
2023-24,2024-03-15,regular,ORL,TOR
2023-24,2024-03-15,regular,PHX,CHA
2023-24,2024-03-16,regular,BKN,IND
2023-24,2024-03-16,regular,CHA,PHI
2023-24,2024-03-16,regular,CLE,HOU
2023-24,2024-03-16,regular,GSW,LAL
2023-24,2024-03-16,regular,MIN,UTA
2023-24,2024-03-16,regular,NYK,SAC
2023-24,2024-03-16,regular,OKC,MEM
2023-24,2024-03-16,regular,POR,NOP
2023-24,2024-03-16,regular,WAS,CHI
2023-24,2024-03-17,regular,ATL,LAC
2023-24,2024-03-17,regular,BKN,SAS
2023-24,2024-03-17,regular,BOS,WAS
2023-24,2024-03-17,regular,DEN,DAL
2023-24,2024-03-17,regular,MIA,DET
2023-24,2024-03-17,regular,PHX,MIL
2023-24,2024-03-17,regular,TOR,ORL
2023-24,2024-03-18,regular,ATL,LAL
2023-24,2024-03-18,regular,CLE,IND
2023-24,2024-03-18,regular,DET,BOS
2023-24,2024-03-18,regular,MEM,SAC
2023-24,2024-03-18,regular,MIA,PHI
2023-24,2024-03-18,regular,MIN,UTA
2023-24,2024-03-18,regular,NYK,GSW
2023-24,2024-03-18,regular,POR,CHI
2023-24,2024-03-19,regular,CHA,ORL
2023-24,2024-03-19,regular,DAL,SAS
2023-24,2024-03-19,regular,DEN,MIN
2023-24,2024-03-19,regular,HOU,WAS
2023-24,2024-03-19,regular,NOP,BKN
2023-24,2024-03-20,regular,IND,DET
2023-24,2024-03-20,regular,LAC,POR
2023-24,2024-03-20,regular,MEM,GSW
2023-24,2024-03-20,regular,MIA,CLE
2023-24,2024-03-20,regular,MIL,BOS
2023-24,2024-03-20,regular,PHI,PHX
2023-24,2024-03-20,regular,SAC,TOR
2023-24,2024-03-20,regular,UTA,OKC
2023-24,2024-03-21,regular,ATL,PHX
2023-24,2024-03-21,regular,BKN,MIL
2023-24,2024-03-21,regular,CHI,HOU
2023-24,2024-03-21,regular,NOP,ORL
2023-24,2024-03-21,regular,NYK,DEN
2023-24,2024-03-21,regular,SAC,WAS
2023-24,2024-03-21,regular,UTA,DAL
2023-24,2024-03-22,regular,BOS,DET
2023-24,2024-03-22,regular,CLE,MIN
2023-24,2024-03-22,regular,IND,GSW
2023-24,2024-03-22,regular,LAC,POR
2023-24,2024-03-22,regular,MEM,SAS
2023-24,2024-03-22,regular,NOP,MIA
2023-24,2024-03-22,regular,OKC,TOR
2023-24,2024-03-22,regular,PHI,LAL
2023-24,2024-03-23,regular,BKN,NYK
2023-24,2024-03-23,regular,BOS,CHI
2023-24,2024-03-23,regular,CHA,ATL
2023-24,2024-03-23,regular,DEN,POR
2023-24,2024-03-23,regular,PHX,SAS
2023-24,2024-03-23,regular,SAC,ORL
2023-24,2024-03-23,regular,TOR,WAS
2023-24,2024-03-23,regular,UTA,HOU
2023-24,2024-03-24,regular,CLE,MIA
2023-24,2024-03-24,regular,GSW,MIN
2023-24,2024-03-24,regular,IND,LAL
2023-24,2024-03-24,regular,NOP,DET
2023-24,2024-03-24,regular,OKC,MIL
2023-24,2024-03-24,regular,PHI,LAC
2023-24,2024-03-25,regular,BKN,TOR
2023-24,2024-03-25,regular,BOS,ATL
2023-24,2024-03-25,regular,CHA,CLE
2023-24,2024-03-25,regular,DAL,UTA
2023-24,2024-03-25,regular,DET,NYK
2023-24,2024-03-25,regular,IND,LAC
2023-24,2024-03-25,regular,MEM,DEN
2023-24,2024-03-25,regular,PHI,SAC
2023-24,2024-03-25,regular,PHX,SAS
2023-24,2024-03-25,regular,POR,HOU
2023-24,2024-03-25,regular,WAS,CHI
2023-24,2024-03-26,regular,DAL,SAC
2023-24,2024-03-26,regular,GSW,MIA
2023-24,2024-03-26,regular,LAL,MIL
2023-24,2024-03-26,regular,OKC,NOP
2023-24,2024-03-27,regular,BKN,WAS
2023-24,2024-03-27,regular,CLE,CHA
2023-24,2024-03-27,regular,DET,MIN
2023-24,2024-03-27,regular,GSW,ORL
2023-24,2024-03-27,regular,HOU,OKC
2023-24,2024-03-27,regular,IND,CHI
2023-24,2024-03-27,regular,LAC,PHI
2023-24,2024-03-27,regular,LAL,MEM
2023-24,2024-03-27,regular,NYK,TOR
2023-24,2024-03-27,regular,PHX,DEN
2023-24,2024-03-27,regular,POR,ATL
2023-24,2024-03-27,regular,SAS,UTA
2023-24,2024-03-28,regular,BOS,ATL
2023-24,2024-03-28,regular,MIL,NOP
2023-24,2024-03-29,regular,CHI,BKN
2023-24,2024-03-29,regular,DAL,SAC
2023-24,2024-03-29,regular,DET,WAS
2023-24,2024-03-29,regular,GSW,CHA
2023-24,2024-03-29,regular,HOU,UTA
2023-24,2024-03-29,regular,LAC,ORL
2023-24,2024-03-29,regular,LAL,IND
2023-24,2024-03-29,regular,MIN,DEN
2023-24,2024-03-29,regular,NYK,SAS
2023-24,2024-03-29,regular,PHI,CLE
2023-24,2024-03-29,regular,PHX,OKC
2023-24,2024-03-29,regular,POR,MIA
2023-24,2024-03-30,regular,BOS,NOP
2023-24,2024-03-30,regular,MEM,ORL
2023-24,2024-03-30,regular,MIL,ATL
2023-24,2024-03-31,regular,CHI,MIN
2023-24,2024-03-31,regular,CLE,DEN
2023-24,2024-03-31,regular,DAL,HOU
2023-24,2024-03-31,regular,GSW,SAS
2023-24,2024-03-31,regular,LAC,CHA
2023-24,2024-03-31,regular,LAL,BKN
2023-24,2024-03-31,regular,MIA,WAS
2023-24,2024-03-31,regular,OKC,NYK
2023-24,2024-03-31,regular,PHI,TOR
2023-24,2024-03-31,regular,UTA,SAC
2023-24,2024-04-01,regular,ATL,CHI
2023-24,2024-04-01,regular,BKN,IND
2023-24,2024-04-01,regular,BOS,CHA
2023-24,2024-04-01,regular,MEM,DET
2023-24,2024-04-01,regular,PHX,NOP
2023-24,2024-04-01,regular,POR,ORL
2023-24,2024-04-02,regular,CLE,UTA
2023-24,2024-04-02,regular,DAL,GSW
2023-24,2024-04-02,regular,HOU,MIN
2023-24,2024-04-02,regular,LAC,SAC
2023-24,2024-04-02,regular,LAL,TOR
2023-24,2024-04-02,regular,MIL,WAS
2023-24,2024-04-02,regular,NYK,MIA
2023-24,2024-04-02,regular,OKC,PHI
2023-24,2024-04-02,regular,SAS,DEN
2023-24,2024-04-03,regular,CLE,PHX
2023-24,2024-04-03,regular,DET,ATL
2023-24,2024-04-03,regular,IND,BKN
2023-24,2024-04-03,regular,LAL,WAS
2023-24,2024-04-03,regular,MEM,MIL
2023-24,2024-04-03,regular,OKC,BOS
2023-24,2024-04-03,regular,ORL,NOP
2023-24,2024-04-03,regular,POR,CHA
2023-24,2024-04-03,regular,TOR,MIN
2023-24,2024-04-04,regular,ATL,DAL
2023-24,2024-04-04,regular,DEN,LAC
2023-24,2024-04-04,regular,GSW,HOU
2023-24,2024-04-04,regular,PHI,MIA
2023-24,2024-04-04,regular,SAC,NYK
2023-24,2024-04-05,regular,DET,MEM
2023-24,2024-04-05,regular,GSW,DAL
2023-24,2024-04-05,regular,MIA,HOU
2023-24,2024-04-05,regular,MIN,PHX
2023-24,2024-04-05,regular,NYK,CHI
2023-24,2024-04-05,regular,OKC,IND
2023-24,2024-04-05,regular,ORL,CHA
2023-24,2024-04-05,regular,POR,WAS
2023-24,2024-04-05,regular,SAC,BOS
2023-24,2024-04-05,regular,SAS,NOP
2023-24,2024-04-05,regular,TOR,MIL
2023-24,2024-04-05,regular,UTA,LAC
2023-24,2024-04-06,regular,ATL,DEN
2023-24,2024-04-06,regular,CLE,LAL
2023-24,2024-04-06,regular,DET,BKN
2023-24,2024-04-06,regular,PHI,MEM
2023-24,2024-04-07,regular,CHI,ORL
2023-24,2024-04-07,regular,CLE,LAC
2023-24,2024-04-07,regular,HOU,DAL
2023-24,2024-04-07,regular,MIA,IND
2023-24,2024-04-07,regular,MIN,LAL
2023-24,2024-04-07,regular,NOP,PHX
2023-24,2024-04-07,regular,NYK,MIL
2023-24,2024-04-07,regular,OKC,CHA
2023-24,2024-04-07,regular,PHI,SAS
2023-24,2024-04-07,regular,POR,BOS
2023-24,2024-04-07,regular,SAC,BKN
2023-24,2024-04-07,regular,UTA,GSW
2023-24,2024-04-07,regular,WAS,TOR
2023-24,2024-04-09,regular,BOS,MIL
2023-24,2024-04-09,regular,DAL,CHA
2023-24,2024-04-09,regular,DEN,UTA
2023-24,2024-04-09,regular,DET,PHI
2023-24,2024-04-09,regular,GSW,LAL
2023-24,2024-04-09,regular,IND,TOR
2023-24,2024-04-09,regular,LAC,PHX
2023-24,2024-04-09,regular,MIA,ATL
2023-24,2024-04-09,regular,NOP,POR
2023-24,2024-04-09,regular,NYK,CHI
2023-24,2024-04-09,regular,ORL,HOU
2023-24,2024-04-09,regular,SAC,OKC
2023-24,2024-04-09,regular,SAS,MEM
2023-24,2024-04-09,regular,WAS,MIN
2023-24,2024-04-10,regular,CHA,ATL
2023-24,2024-04-10,regular,DAL,MIA
2023-24,2024-04-10,regular,MEM,CLE
2023-24,2024-04-10,regular,MIN,DEN
2023-24,2024-04-10,regular,ORL,MIL
2023-24,2024-04-10,regular,PHX,LAC
2023-24,2024-04-10,regular,SAS,OKC
2023-24,2024-04-10,regular,TOR,BKN
2023-24,2024-04-11,regular,CHI,DET
2023-24,2024-04-11,regular,GSW,POR
2023-24,2024-04-11,regular,HOU,UTA
2023-24,2024-04-11,regular,NOP,SAC
2023-24,2024-04-11,regular,NYK,BOS
2023-24,2024-04-12,regular,ATL,MIN
2023-24,2024-04-12,regular,BKN,NYK
2023-24,2024-04-12,regular,CHA,BOS
2023-24,2024-04-12,regular,CHI,WAS
2023-24,2024-04-12,regular,DEN,SAS
2023-24,2024-04-12,regular,DET,DAL
2023-24,2024-04-12,regular,HOU,POR
2023-24,2024-04-12,regular,IND,CLE
2023-24,2024-04-12,regular,LAL,MEM
2023-24,2024-04-12,regular,MIL,OKC
2023-24,2024-04-12,regular,NOP,GSW
2023-24,2024-04-12,regular,ORL,PHI
2023-24,2024-04-12,regular,PHX,SAC
2023-24,2024-04-12,regular,TOR,MIA
2023-24,2024-04-12,regular,UTA,LAC
2023-24,2024-04-14,regular,ATL,IND
2023-24,2024-04-14,regular,BKN,PHI
2023-24,2024-04-14,regular,CHA,CLE
2023-24,2024-04-14,regular,CHI,NYK
2023-24,2024-04-14,regular,DAL,OKC
2023-24,2024-04-14,regular,DEN,MEM
2023-24,2024-04-14,regular,DET,SAS
2023-24,2024-04-14,regular,HOU,LAC
2023-24,2024-04-14,regular,LAL,NOP
2023-24,2024-04-14,regular,MIL,ORL
2023-24,2024-04-14,regular,PHX,MIN
2023-24,2024-04-14,regular,POR,SAC
2023-24,2024-04-14,regular,TOR,MIA
2023-24,2024-04-14,regular,UTA,GSW
2023-24,2024-04-14,regular,WAS,BOS
2023-24,2024-04-16,play_in,GSW,SAC
2023-24,2024-04-16,play_in,LAL,NOP
2023-24,2024-04-17,play_in,ATL,CHI
2023-24,2024-04-17,play_in,MIA,PHI
2023-24,2024-04-19,play_in,CHI,MIA
2023-24,2024-04-19,play_in,SAC,NOP
2023-24,2024-04-20,playoffs,LAL,DEN
2023-24,2024-04-20,playoffs,ORL,CLE
2023-24,2024-04-20,playoffs,PHI,NYK
2023-24,2024-04-20,playoffs,PHX,MIN
2023-24,2024-04-21,playoffs,DAL,LAC
2023-24,2024-04-21,playoffs,IND,MIL
2023-24,2024-04-21,playoffs,MIA,BOS
2023-24,2024-04-21,playoffs,NOP,OKC
2023-24,2024-04-22,playoffs,LAL,DEN
2023-24,2024-04-22,playoffs,ORL,CLE
2023-24,2024-04-22,playoffs,PHI,NYK
2023-24,2024-04-23,playoffs,DAL,LAC
2023-24,2024-04-23,playoffs,IND,MIL
2023-24,2024-04-23,playoffs,PHX,MIN
2023-24,2024-04-24,playoffs,MIA,BOS
2023-24,2024-04-24,playoffs,NOP,OKC
2023-24,2024-04-25,playoffs,CLE,ORL
2023-24,2024-04-25,playoffs,DEN,LAL
2023-24,2024-04-25,playoffs,NYK,PHI
2023-24,2024-04-26,playoffs,LAC,DAL
2023-24,2024-04-26,playoffs,MIL,IND
2023-24,2024-04-26,playoffs,MIN,PHX
2023-24,2024-04-27,playoffs,BOS,MIA
2023-24,2024-04-27,playoffs,CLE,ORL
2023-24,2024-04-27,playoffs,DEN,LAL
2023-24,2024-04-27,playoffs,OKC,NOP
2023-24,2024-04-28,playoffs,LAC,DAL
2023-24,2024-04-28,playoffs,MIL,IND
2023-24,2024-04-28,playoffs,MIN,PHX
2023-24,2024-04-28,playoffs,NYK,PHI
2023-24,2024-04-29,playoffs,BOS,MIA
2023-24,2024-04-29,playoffs,LAL,DEN
2023-24,2024-04-29,playoffs,OKC,NOP
2023-24,2024-04-30,playoffs,IND,MIL
2023-24,2024-04-30,playoffs,ORL,CLE
2023-24,2024-04-30,playoffs,PHI,NYK
2023-24,2024-05-01,playoffs,DAL,LAC
2023-24,2024-05-01,playoffs,MIA,BOS
2023-24,2024-05-02,playoffs,MIL,IND
2023-24,2024-05-02,playoffs,NYK,PHI
2023-24,2024-05-03,playoffs,CLE,ORL
2023-24,2024-05-03,playoffs,LAC,DAL
2023-24,2024-05-04,playoffs,MIN,DEN
2023-24,2024-05-05,playoffs,ORL,CLE
2023-24,2024-05-06,playoffs,IND,NYK
2023-24,2024-05-06,playoffs,MIN,DEN
2023-24,2024-05-07,playoffs,CLE,BOS
2023-24,2024-05-07,playoffs,DAL,OKC
2023-24,2024-05-08,playoffs,IND,NYK
2023-24,2024-05-09,playoffs,CLE,BOS
2023-24,2024-05-09,playoffs,DAL,OKC
2023-24,2024-05-10,playoffs,DEN,MIN
2023-24,2024-05-10,playoffs,NYK,IND
2023-24,2024-05-11,playoffs,BOS,CLE
2023-24,2024-05-11,playoffs,OKC,DAL
2023-24,2024-05-12,playoffs,DEN,MIN
2023-24,2024-05-12,playoffs,NYK,IND
2023-24,2024-05-13,playoffs,BOS,CLE
2023-24,2024-05-13,playoffs,OKC,DAL
2023-24,2024-05-14,playoffs,IND,NYK
2023-24,2024-05-14,playoffs,MIN,DEN
2023-24,2024-05-15,playoffs,CLE,BOS
2023-24,2024-05-15,playoffs,DAL,OKC
2023-24,2024-05-16,playoffs,DEN,MIN
2023-24,2024-05-17,playoffs,NYK,IND
2023-24,2024-05-18,playoffs,OKC,DAL
2023-24,2024-05-19,playoffs,IND,NYK
2023-24,2024-05-19,playoffs,MIN,DEN
2023-24,2024-05-21,playoffs,IND,BOS
2023-24,2024-05-22,playoffs,DAL,MIN
2023-24,2024-05-23,playoffs,IND,BOS
2023-24,2024-05-24,playoffs,DAL,MIN
2023-24,2024-05-25,playoffs,BOS,IND
2023-24,2024-05-26,playoffs,MIN,DAL
2023-24,2024-05-27,playoffs,BOS,IND
2023-24,2024-05-28,playoffs,MIN,DAL
2023-24,2024-05-30,playoffs,DAL,MIN
2023-24,2024-06-06,playoffs,DAL,BOS
2023-24,2024-06-09,playoffs,DAL,BOS
2023-24,2024-06-12,playoffs,BOS,DAL
2023-24,2024-06-14,playoffs,BOS,DAL
2023-24,2024-06-17,playoffs,DAL,BOS
2024-25,2024-10-04,preseason,BOS,DEN
2024-25,2024-10-04,preseason,MIN,LAL
2024-25,2024-10-05,preseason,GSW,LAC
2024-25,2024-10-06,preseason,BOS,DEN
2024-25,2024-10-06,preseason,MIL,DET
2024-25,2024-10-06,preseason,NYK,CHA
2024-25,2024-10-06,preseason,PHX,LAL
2024-25,2024-10-06,preseason,TOR,WAS
2024-25,2024-10-07,preseason,HOU,UTA
2024-25,2024-10-07,preseason,MEM,DAL
2024-25,2024-10-07,preseason,OKC,SAS
2024-25,2024-10-07,preseason,ORL,NOP
2024-25,2024-10-08,preseason,BKN,LAC
2024-25,2024-10-08,preseason,CHI,CLE
2024-25,2024-10-08,preseason,IND,ATL
2024-25,2024-10-08,preseason,MIA,CHA
2024-25,2024-10-08,preseason,PHX,DET
2024-25,2024-10-09,preseason,GSW,SAC
2024-25,2024-10-09,preseason,HOU,OKC
2024-25,2024-10-09,preseason,ORL,SAS
2024-25,2024-10-09,preseason,WAS,NYK
2024-25,2024-10-10,preseason,CHA,MEM
2024-25,2024-10-10,preseason,IND,CLE
2024-25,2024-10-10,preseason,LAL,MIL
2024-25,2024-10-10,preseason,UTA,DAL
2024-25,2024-10-11,preseason,DET,PHX
2024-25,2024-10-11,preseason,PHI,MIN
2024-25,2024-10-11,preseason,POR,LAC
2024-25,2024-10-11,preseason,SAC,GSW
2024-25,2024-10-11,preseason,TOR,WAS
2024-25,2024-10-12,preseason,MEM,CHI
2024-25,2024-10-12,preseason,PHI,BOS
2024-25,2024-10-12,preseason,UTA,SAS
2024-25,2024-10-13,preseason,DET,GSW
2024-25,2024-10-13,preseason,MIN,NYK
2024-25,2024-10-13,preseason,NOP,MIA
2024-25,2024-10-13,preseason,PHX,DEN
2024-25,2024-10-13,preseason,POR,SAC
2024-25,2024-10-13,preseason,TOR,BOS
2024-25,2024-10-14,preseason,CHI,MIL
2024-25,2024-10-14,preseason,DAL,LAC
2024-25,2024-10-14,preseason,MEM,IND
2024-25,2024-10-14,preseason,PHI,ATL
2024-25,2024-10-14,preseason,WAS,BKN
2024-25,2024-10-15,preseason,BOS,TOR
2024-25,2024-10-15,preseason,CHA,NYK
2024-25,2024-10-15,preseason,GSW,LAL
2024-25,2024-10-15,preseason,NOP,HOU
2024-25,2024-10-15,preseason,OKC,DEN
2024-25,2024-10-15,preseason,SAC,UTA
2024-25,2024-10-15,preseason,SAS,MIA
2024-25,2024-10-16,preseason,ATL,MIA
2024-25,2024-10-16,preseason,BKN,PHI
2024-25,2024-10-16,preseason,CLE,DET
2024-25,2024-10-16,preseason,MIN,CHI
2024-25,2024-10-17,preseason,ATL,OKC
2024-25,2024-10-17,preseason,CHA,IND
2024-25,2024-10-17,preseason,DEN,MIN
2024-25,2024-10-17,preseason,LAL,PHX
2024-25,2024-10-17,preseason,MIL,DAL
2024-25,2024-10-17,preseason,SAC,LAC
2024-25,2024-10-17,preseason,SAS,HOU
2024-25,2024-10-18,preseason,CLE,CHI
2024-25,2024-10-18,preseason,LAL,GSW
2024-25,2024-10-18,preseason,MIA,MEM
2024-25,2024-10-18,preseason,NYK,WAS
2024-25,2024-10-18,preseason,PHI,ORL
2024-25,2024-10-18,preseason,TOR,BKN
2024-25,2024-10-18,preseason,UTA,POR
2024-25,2024-10-22,regular,MIN,LAL
2024-25,2024-10-22,regular,NYK,BOS
2024-25,2024-10-23,regular,BKN,ATL
2024-25,2024-10-23,regular,CHA,HOU
2024-25,2024-10-23,regular,CHI,NOP
2024-25,2024-10-23,regular,CLE,TOR
2024-25,2024-10-23,regular,GSW,POR
2024-25,2024-10-23,regular,IND,DET
2024-25,2024-10-23,regular,MEM,UTA
2024-25,2024-10-23,regular,MIL,PHI
2024-25,2024-10-23,regular,ORL,MIA
2024-25,2024-10-23,regular,PHX,LAC
2024-25,2024-10-24,regular,BOS,WAS
2024-25,2024-10-24,regular,MIN,SAC
2024-25,2024-10-24,regular,OKC,DEN
2024-25,2024-10-24,regular,SAS,DAL
2024-25,2024-10-25,regular,BKN,ORL
2024-25,2024-10-25,regular,CHA,ATL
2024-25,2024-10-25,regular,CHI,MIL
2024-25,2024-10-25,regular,DET,CLE
2024-25,2024-10-25,regular,GSW,UTA
2024-25,2024-10-25,regular,IND,NYK
2024-25,2024-10-25,regular,MEM,HOU
2024-25,2024-10-25,regular,NOP,POR
2024-25,2024-10-25,regular,PHI,TOR
2024-25,2024-10-25,regular,PHX,LAL
2024-25,2024-10-26,regular,BOS,DET
2024-25,2024-10-26,regular,CLE,WAS
2024-25,2024-10-26,regular,DAL,PHX
2024-25,2024-10-26,regular,HOU,SAS
2024-25,2024-10-26,regular,LAC,DEN
2024-25,2024-10-26,regular,MIA,CHA
2024-25,2024-10-26,regular,OKC,CHI
2024-25,2024-10-26,regular,ORL,MEM
2024-25,2024-10-26,regular,SAC,LAL
2024-25,2024-10-26,regular,TOR,MIN
2024-25,2024-10-27,regular,ATL,OKC
2024-25,2024-10-27,regular,LAC,GSW
2024-25,2024-10-27,regular,MIL,BKN
2024-25,2024-10-27,regular,NOP,POR
2024-25,2024-10-27,regular,PHI,IND
2024-25,2024-10-28,regular,CHI,MEM
2024-25,2024-10-28,regular,CLE,NYK
2024-25,2024-10-28,regular,DEN,TOR
2024-25,2024-10-28,regular,DET,MIA
2024-25,2024-10-28,regular,HOU,SAS
2024-25,2024-10-28,regular,IND,ORL
2024-25,2024-10-28,regular,LAL,PHX
2024-25,2024-10-28,regular,MIL,BOS
2024-25,2024-10-28,regular,POR,SAC
2024-25,2024-10-28,regular,UTA,DAL
2024-25,2024-10-28,regular,WAS,ATL
2024-25,2024-10-29,regular,DAL,MIN
2024-25,2024-10-29,regular,DEN,BKN
2024-25,2024-10-29,regular,NOP,GSW
2024-25,2024-10-29,regular,SAC,UTA
2024-25,2024-10-30,regular,ATL,WAS
2024-25,2024-10-30,regular,BKN,MEM
2024-25,2024-10-30,regular,BOS,IND
2024-25,2024-10-30,regular,DET,PHI
2024-25,2024-10-30,regular,LAL,CLE
2024-25,2024-10-30,regular,NOP,GSW
2024-25,2024-10-30,regular,NYK,MIA
2024-25,2024-10-30,regular,ORL,CHI
2024-25,2024-10-30,regular,POR,LAC
2024-25,2024-10-30,regular,SAS,OKC
2024-25,2024-10-30,regular,TOR,CHA
2024-25,2024-10-31,regular,HOU,DAL
2024-25,2024-10-31,regular,MIL,MEM
2024-25,2024-10-31,regular,PHX,LAC
2024-25,2024-10-31,regular,SAS,UTA
2024-25,2024-11-01,regular,BOS,CHA
2024-25,2024-11-01,regular,CHI,BKN
2024-25,2024-11-01,regular,DEN,MIN
2024-25,2024-11-01,regular,IND,NOP
2024-25,2024-11-01,regular,LAL,TOR
2024-25,2024-11-01,regular,NYK,DET
2024-25,2024-11-01,regular,OKC,POR
2024-25,2024-11-01,regular,ORL,CLE
2024-25,2024-11-01,regular,SAC,ATL
2024-25,2024-11-02,regular,BOS,CHA
2024-25,2024-11-02,regular,CLE,MIL
2024-25,2024-11-02,regular,GSW,HOU
2024-25,2024-11-02,regular,MEM,PHI
2024-25,2024-11-02,regular,MIA,WAS
2024-25,2024-11-02,regular,MIN,SAS
2024-25,2024-11-02,regular,OKC,LAC
2024-25,2024-11-02,regular,POR,PHX
2024-25,2024-11-02,regular,SAC,TOR
2024-25,2024-11-02,regular,UTA,DEN
2024-25,2024-11-03,regular,ATL,NOP
2024-25,2024-11-03,regular,DET,BKN
2024-25,2024-11-03,regular,ORL,DAL
2024-25,2024-11-04,regular,BOS,ATL
2024-25,2024-11-04,regular,CHA,MIN
2024-25,2024-11-04,regular,GSW,WAS
2024-25,2024-11-04,regular,IND,DAL
2024-25,2024-11-04,regular,LAL,DET
2024-25,2024-11-04,regular,MEM,BKN
2024-25,2024-11-04,regular,MIL,CLE
2024-25,2024-11-04,regular,NYK,HOU
2024-25,2024-11-04,regular,ORL,OKC
2024-25,2024-11-04,regular,PHI,PHX
2024-25,2024-11-04,regular,POR,NOP
2024-25,2024-11-04,regular,SAC,MIA
2024-25,2024-11-04,regular,SAS,LAC
2024-25,2024-11-04,regular,TOR,DEN
2024-25,2024-11-04,regular,UTA,CHI
2024-25,2024-11-06,regular,CHI,DAL
2024-25,2024-11-06,regular,CLE,NOP
2024-25,2024-11-06,regular,DET,CHA
2024-25,2024-11-06,regular,GSW,BOS
2024-25,2024-11-06,regular,LAL,MEM
2024-25,2024-11-06,regular,MIA,PHX
2024-25,2024-11-06,regular,NYK,ATL
2024-25,2024-11-06,regular,OKC,DEN
2024-25,2024-11-06,regular,ORL,IND
2024-25,2024-11-06,regular,PHI,LAC
2024-25,2024-11-06,regular,SAS,HOU
2024-25,2024-11-06,regular,TOR,SAC
2024-25,2024-11-07,regular,MIN,CHI
2024-25,2024-11-07,regular,POR,SAS
2024-25,2024-11-07,regular,UTA,MIL
2024-25,2024-11-08,regular,ATL,DET
2024-25,2024-11-08,regular,BKN,BOS
2024-25,2024-11-08,regular,GSW,CLE
2024-25,2024-11-08,regular,HOU,OKC
2024-25,2024-11-08,regular,IND,CHA
2024-25,2024-11-08,regular,LAC,SAC
2024-25,2024-11-08,regular,MIA,DEN
2024-25,2024-11-08,regular,MIL,NYK
2024-25,2024-11-08,regular,NOP,ORL
2024-25,2024-11-08,regular,PHI,LAL
2024-25,2024-11-08,regular,PHX,DAL
2024-25,2024-11-08,regular,POR,MIN
2024-25,2024-11-08,regular,WAS,MEM
2024-25,2024-11-09,regular,BKN,CLE
2024-25,2024-11-09,regular,CHI,ATL
2024-25,2024-11-09,regular,TOR,LAC
2024-25,2024-11-09,regular,UTA,SAS
2024-25,2024-11-10,regular,BOS,MIL
2024-25,2024-11-10,regular,CHA,PHI
2024-25,2024-11-10,regular,DAL,DEN
2024-25,2024-11-10,regular,GSW,OKC
2024-25,2024-11-10,regular,HOU,DET
2024-25,2024-11-10,regular,MEM,POR
2024-25,2024-11-10,regular,MIA,MIN
2024-25,2024-11-10,regular,NYK,IND
2024-25,2024-11-10,regular,SAC,PHX
2024-25,2024-11-10,regular,TOR,LAL
2024-25,2024-11-10,regular,WAS,ORL
2024-25,2024-11-11,regular,BKN,NOP
2024-25,2024-11-11,regular,CLE,CHI
2024-25,2024-11-11,regular,LAC,OKC
2024-25,2024-11-11,regular,SAC,SAS
2024-25,2024-11-11,regular,WAS,HOU
2024-25,2024-11-12,regular,ATL,BOS
2024-25,2024-11-12,regular,CHA,ORL
2024-25,2024-11-12,regular,DAL,GSW
2024-25,2024-11-12,regular,MIA,DET
2024-25,2024-11-12,regular,MIN,POR
2024-25,2024-11-12,regular,NYK,PHI
2024-25,2024-11-12,regular,PHX,UTA
2024-25,2024-11-12,regular,TOR,MIL
2024-25,2024-11-13,regular,BOS,BKN
2024-25,2024-11-13,regular,CHI,NYK
2024-25,2024-11-13,regular,CLE,PHI
2024-25,2024-11-13,regular,DET,MIL
2024-25,2024-11-13,regular,IND,ORL
2024-25,2024-11-13,regular,LAC,HOU
2024-25,2024-11-13,regular,MEM,LAL
2024-25,2024-11-13,regular,MIN,POR
2024-25,2024-11-13,regular,NOP,OKC
2024-25,2024-11-13,regular,PHX,SAC
2024-25,2024-11-13,regular,WAS,SAS
2024-25,2024-11-14,regular,DAL,UTA
2024-25,2024-11-15,regular,BKN,NYK
2024-25,2024-11-15,regular,CHI,CLE
2024-25,2024-11-15,regular,DEN,NOP
2024-25,2024-11-15,regular,DET,TOR
2024-25,2024-11-15,regular,LAC,HOU
2024-25,2024-11-15,regular,LAL,SAS
2024-25,2024-11-15,regular,MEM,GSW
2024-25,2024-11-15,regular,MIA,IND
2024-25,2024-11-15,regular,MIN,SAC
2024-25,2024-11-15,regular,PHI,ORL
2024-25,2024-11-15,regular,PHX,OKC
2024-25,2024-11-15,regular,WAS,ATL
2024-25,2024-11-16,regular,LAL,NOP
2024-25,2024-11-16,regular,MIL,CHA
2024-25,2024-11-16,regular,SAS,DAL
2024-25,2024-11-16,regular,TOR,BOS
2024-25,2024-11-16,regular,UTA,SAC
2024-25,2024-11-17,regular,ATL,POR
2024-25,2024-11-17,regular,BKN,NYK
2024-25,2024-11-17,regular,CHA,CLE
2024-25,2024-11-17,regular,DAL,OKC
2024-25,2024-11-17,regular,DEN,MEM
2024-25,2024-11-17,regular,DET,WAS
2024-25,2024-11-17,regular,HOU,CHI
2024-25,2024-11-17,regular,MIA,IND
2024-25,2024-11-17,regular,PHX,MIN
2024-25,2024-11-17,regular,UTA,LAC
2024-25,2024-11-18,regular,ATL,SAC
2024-25,2024-11-18,regular,CHI,DET
2024-25,2024-11-18,regular,GSW,LAC
2024-25,2024-11-18,regular,HOU,MIL
2024-25,2024-11-18,regular,IND,TOR
2024-25,2024-11-18,regular,ORL,PHX
2024-25,2024-11-18,regular,PHI,MIA
2024-25,2024-11-18,regular,WAS,NYK
2024-25,2024-11-19,regular,CHA,BKN
2024-25,2024-11-19,regular,CLE,BOS
2024-25,2024-11-19,regular,DEN,MEM
2024-25,2024-11-19,regular,NOP,DAL
2024-25,2024-11-19,regular,OKC,SAS
2024-25,2024-11-19,regular,UTA,LAL
2024-25,2024-11-20,regular,ATL,GSW
2024-25,2024-11-20,regular,CHI,MIL
2024-25,2024-11-20,regular,IND,HOU
2024-25,2024-11-20,regular,NOP,CLE
2024-25,2024-11-20,regular,NYK,PHX
2024-25,2024-11-20,regular,ORL,LAC
2024-25,2024-11-20,regular,PHI,MEM
2024-25,2024-11-20,regular,POR,OKC
2024-25,2024-11-21,regular,DET,CHA
2024-25,2024-11-21,regular,MIN,TOR
2024-25,2024-11-21,regular,ORL,LAL
2024-25,2024-11-21,regular,UTA,SAS
2024-25,2024-11-22,regular,ATL,CHI
2024-25,2024-11-22,regular,BKN,PHI
2024-25,2024-11-22,regular,BOS,WAS
2024-25,2024-11-22,regular,DAL,DEN
2024-25,2024-11-22,regular,GSW,NOP
2024-25,2024-11-22,regular,IND,MIL
2024-25,2024-11-22,regular,POR,HOU
2024-25,2024-11-22,regular,SAC,LAC
2024-25,2024-11-23,regular,CHA,MIL
2024-25,2024-11-23,regular,DEN,LAL
2024-25,2024-11-23,regular,DET,ORL
2024-25,2024-11-23,regular,GSW,SAS
2024-25,2024-11-23,regular,MEM,CHI
2024-25,2024-11-23,regular,NYK,UTA
2024-25,2024-11-23,regular,POR,HOU
2024-25,2024-11-24,regular,BKN,SAC
2024-25,2024-11-24,regular,DAL,MIA
2024-25,2024-11-24,regular,LAC,PHI
2024-25,2024-11-24,regular,MIN,BOS
2024-25,2024-11-24,regular,TOR,CLE
2024-25,2024-11-24,regular,WAS,IND
2024-25,2024-11-25,regular,BKN,GSW
2024-25,2024-11-25,regular,DAL,ATL
2024-25,2024-11-25,regular,LAC,BOS
2024-25,2024-11-25,regular,NOP,IND
2024-25,2024-11-25,regular,NYK,DEN
2024-25,2024-11-25,regular,OKC,SAC
2024-25,2024-11-25,regular,ORL,CHA
2024-25,2024-11-25,regular,POR,MEM
2024-25,2024-11-25,regular,TOR,DET
2024-25,2024-11-26,regular,CHI,WAS
2024-25,2024-11-26,regular,HOU,MIN
2024-25,2024-11-26,regular,LAL,PHX
2024-25,2024-11-26,regular,MIL,MIA
2024-25,2024-11-26,regular,SAS,UTA
2024-25,2024-11-27,regular,ATL,CLE
2024-25,2024-11-27,regular,BKN,PHX
2024-25,2024-11-27,regular,CHI,ORL
2024-25,2024-11-27,regular,DEN,UTA
2024-25,2024-11-27,regular,DET,MEM
2024-25,2024-11-27,regular,HOU,PHI
2024-25,2024-11-27,regular,LAC,WAS
2024-25,2024-11-27,regular,LAL,SAS
2024-25,2024-11-27,regular,MIA,CHA
2024-25,2024-11-27,regular,NYK,DAL
2024-25,2024-11-27,regular,OKC,GSW
2024-25,2024-11-27,regular,POR,IND
2024-25,2024-11-27,regular,SAC,MIN
2024-25,2024-11-27,regular,TOR,NOP
2024-25,2024-11-29,regular,BOS,CHI
2024-25,2024-11-29,regular,CLE,ATL
2024-25,2024-11-29,regular,DET,IND
2024-25,2024-11-29,regular,LAC,MIN
2024-25,2024-11-29,regular,NOP,MEM
2024-25,2024-11-29,regular,NYK,CHA
2024-25,2024-11-29,regular,OKC,LAL
2024-25,2024-11-29,regular,ORL,BKN
2024-25,2024-11-29,regular,SAC,POR
2024-25,2024-11-29,regular,TOR,MIA
2024-25,2024-11-30,regular,ATL,CHA
2024-25,2024-11-30,regular,DAL,UTA
2024-25,2024-11-30,regular,GSW,PHX
2024-25,2024-11-30,regular,PHI,DET
2024-25,2024-11-30,regular,WAS,MIL
2024-25,2024-12-01,regular,BOS,CLE
2024-25,2024-12-01,regular,DAL,POR
2024-25,2024-12-01,regular,DEN,LAC
2024-25,2024-12-01,regular,IND,MEM
2024-25,2024-12-01,regular,LAL,UTA
2024-25,2024-12-01,regular,MIA,TOR
2024-25,2024-12-01,regular,NOP,NYK
2024-25,2024-12-01,regular,OKC,HOU
2024-25,2024-12-01,regular,ORL,BKN
2024-25,2024-12-01,regular,SAS,SAC
2024-25,2024-12-02,regular,BKN,CHI
2024-25,2024-12-02,regular,LAL,MIN
2024-25,2024-12-02,regular,MIA,BOS
2024-25,2024-12-02,regular,NOP,ATL
2024-25,2024-12-03,regular,GSW,DEN
2024-25,2024-12-03,regular,HOU,SAC
2024-25,2024-12-03,regular,IND,TOR
2024-25,2024-12-03,regular,MEM,DAL
2024-25,2024-12-03,regular,MIL,DET
2024-25,2024-12-03,regular,ORL,NYK
2024-25,2024-12-03,regular,PHI,CHA
2024-25,2024-12-03,regular,POR,LAC
2024-25,2024-12-03,regular,SAS,PHX
2024-25,2024-12-03,regular,UTA,OKC
2024-25,2024-12-03,regular,WAS,CLE
2024-25,2024-12-04,regular,ATL,MIL
2024-25,2024-12-04,regular,DET,BOS
2024-25,2024-12-04,regular,IND,BKN
2024-25,2024-12-04,regular,LAL,MIA
2024-25,2024-12-04,regular,MIN,LAC
2024-25,2024-12-04,regular,ORL,PHI
2024-25,2024-12-05,regular,CHA,NYK
2024-25,2024-12-05,regular,CHI,SAS
2024-25,2024-12-05,regular,DAL,WAS
2024-25,2024-12-05,regular,DEN,CLE
2024-25,2024-12-05,regular,HOU,GSW
2024-25,2024-12-05,regular,OKC,TOR
2024-25,2024-12-05,regular,PHX,NOP
2024-25,2024-12-05,regular,SAC,MEM
2024-25,2024-12-06,regular,IND,CHI
2024-25,2024-12-06,regular,LAL,ATL
2024-25,2024-12-06,regular,MIL,BOS
2024-25,2024-12-06,regular,MIN,GSW
2024-25,2024-12-06,regular,ORL,PHI
2024-25,2024-12-06,regular,SAC,SAS
2024-25,2024-12-06,regular,UTA,POR
2024-25,2024-12-07,regular,CLE,CHA
2024-25,2024-12-07,regular,DAL,TOR
2024-25,2024-12-07,regular,DEN,WAS
2024-25,2024-12-07,regular,DET,NYK
2024-25,2024-12-07,regular,MEM,BOS
2024-25,2024-12-07,regular,OKC,NOP
2024-25,2024-12-07,regular,PHX,MIA
2024-25,2024-12-08,regular,CHA,IND
2024-25,2024-12-08,regular,CLE,MIA
2024-25,2024-12-08,regular,DEN,ATL
2024-25,2024-12-08,regular,HOU,LAC
2024-25,2024-12-08,regular,MEM,WAS
2024-25,2024-12-08,regular,MIL,BKN
2024-25,2024-12-08,regular,MIN,GSW
2024-25,2024-12-08,regular,NOP,SAS
2024-25,2024-12-08,regular,PHI,CHI
2024-25,2024-12-08,regular,PHX,ORL
2024-25,2024-12-08,regular,POR,LAL
2024-25,2024-12-08,regular,UTA,SAC
2024-25,2024-12-09,regular,NYK,TOR
2024-25,2024-12-10,regular,DAL,OKC
2024-25,2024-12-10,regular,ORL,MIL
2024-25,2024-12-11,regular,ATL,NYK
2024-25,2024-12-11,regular,GSW,HOU
2024-25,2024-12-12,regular,DET,BOS
2024-25,2024-12-12,regular,SAC,NOP
2024-25,2024-12-12,regular,TOR,MIA
2024-25,2024-12-13,regular,BKN,MEM
2024-25,2024-12-13,regular,CHA,CHI
2024-25,2024-12-13,regular,IND,PHI
2024-25,2024-12-13,regular,LAC,DEN
2024-25,2024-12-13,regular,LAL,MIN
2024-25,2024-12-13,regular,PHX,UTA
2024-25,2024-12-13,regular,SAS,POR
2024-25,2024-12-13,regular,WAS,CLE
2024-25,2024-12-14,regular,ATL,MIL
2024-25,2024-12-14,regular,HOU,OKC
2024-25,2024-12-15,regular,BOS,WAS
2024-25,2024-12-15,regular,DAL,GSW
2024-25,2024-12-15,regular,MEM,LAL
2024-25,2024-12-15,regular,MIN,SAS
2024-25,2024-12-15,regular,NOP,IND
2024-25,2024-12-15,regular,NYK,ORL
2024-25,2024-12-15,regular,POR,PHX
2024-25,2024-12-16,regular,CHI,TOR
2024-25,2024-12-16,regular,CLE,BKN
2024-25,2024-12-16,regular,DEN,SAC
2024-25,2024-12-16,regular,MIA,DET
2024-25,2024-12-16,regular,PHI,CHA
2024-25,2024-12-16,regular,UTA,LAC
2024-25,2024-12-19,regular,ATL,SAS
2024-25,2024-12-19,regular,BKN,TOR
2024-25,2024-12-19,regular,CHA,WAS
2024-25,2024-12-19,regular,CHI,BOS
2024-25,2024-12-19,regular,DEN,POR
2024-25,2024-12-19,regular,GSW,MEM
2024-25,2024-12-19,regular,IND,PHX
2024-25,2024-12-19,regular,LAC,DAL
2024-25,2024-12-19,regular,LAL,SAC
2024-25,2024-12-19,regular,NOP,HOU
2024-25,2024-12-19,regular,NYK,MIN
2024-25,2024-12-19,regular,OKC,ORL
2024-25,2024-12-19,regular,UTA,DET
2024-25,2024-12-20,regular,CHA,PHI
2024-25,2024-12-20,regular,MIL,CLE
2024-25,2024-12-20,regular,OKC,MIA
2024-25,2024-12-21,regular,BOS,CHI
2024-25,2024-12-21,regular,DET,PHX
2024-25,2024-12-21,regular,GSW,MIN
2024-25,2024-12-21,regular,LAC,DAL
2024-25,2024-12-21,regular,LAL,SAC
2024-25,2024-12-21,regular,MEM,ATL
2024-25,2024-12-21,regular,MIA,ORL
2024-25,2024-12-21,regular,NYK,NOP
2024-25,2024-12-21,regular,PHI,CLE
2024-25,2024-12-21,regular,POR,SAS
2024-25,2024-12-21,regular,UTA,BKN
2024-25,2024-12-21,regular,WAS,MIL
2024-25,2024-12-22,regular,DEN,NOP
2024-25,2024-12-22,regular,HOU,TOR
2024-25,2024-12-22,regular,IND,SAC
2024-25,2024-12-23,regular,BKN,MIA
2024-25,2024-12-23,regular,BOS,ORL
2024-25,2024-12-23,regular,DET,LAL
2024-25,2024-12-23,regular,HOU,CHA
2024-25,2024-12-23,regular,IND,GSW
2024-25,2024-12-23,regular,LAC,MEM
2024-25,2024-12-23,regular,MIL,CHI
2024-25,2024-12-23,regular,MIN,ATL
2024-25,2024-12-23,regular,PHX,DEN
2024-25,2024-12-23,regular,POR,DAL
2024-25,2024-12-23,regular,SAS,PHI
2024-25,2024-12-23,regular,TOR,NYK
2024-25,2024-12-23,regular,UTA,CLE
2024-25,2024-12-23,regular,WAS,OKC
2024-25,2024-12-25,regular,DEN,PHX
2024-25,2024-12-25,regular,LAL,GSW
2024-25,2024-12-25,regular,MIN,DAL
2024-25,2024-12-25,regular,PHI,BOS
2024-25,2024-12-25,regular,SAS,NYK
2024-25,2024-12-26,regular,BKN,MIL
2024-25,2024-12-26,regular,CHA,WAS
2024-25,2024-12-26,regular,CHI,ATL
2024-25,2024-12-26,regular,DET,SAC
2024-25,2024-12-26,regular,HOU,NOP
2024-25,2024-12-26,regular,MIA,ORL
2024-25,2024-12-26,regular,OKC,IND
2024-25,2024-12-26,regular,TOR,MEM
2024-25,2024-12-26,regular,UTA,POR
2024-25,2024-12-27,regular,CLE,DEN
2024-25,2024-12-27,regular,DAL,PHX
2024-25,2024-12-27,regular,GSW,LAC
2024-25,2024-12-27,regular,IND,BOS
2024-25,2024-12-27,regular,MEM,NOP
2024-25,2024-12-27,regular,MIN,HOU
2024-25,2024-12-27,regular,NYK,ORL
2024-25,2024-12-27,regular,SAS,BKN
2024-25,2024-12-28,regular,DAL,POR
2024-25,2024-12-28,regular,DET,DEN
2024-25,2024-12-28,regular,MIA,ATL
2024-25,2024-12-28,regular,MIL,CHI
2024-25,2024-12-28,regular,NYK,WAS
2024-25,2024-12-28,regular,OKC,CHA
2024-25,2024-12-28,regular,PHI,UTA
2024-25,2024-12-28,regular,PHX,GSW
2024-25,2024-12-28,regular,SAC,LAL
2024-25,2024-12-29,regular,ATL,TOR
2024-25,2024-12-29,regular,BKN,ORL
2024-25,2024-12-29,regular,IND,BOS
2024-25,2024-12-29,regular,MEM,OKC
2024-25,2024-12-29,regular,MIA,HOU
2024-25,2024-12-29,regular,SAS,MIN
2024-25,2024-12-30,regular,CHI,CHA
2024-25,2024-12-30,regular,CLE,GSW
2024-25,2024-12-30,regular,DAL,SAC
2024-25,2024-12-30,regular,DEN,UTA
2024-25,2024-12-30,regular,LAC,NOP
2024-25,2024-12-30,regular,NYK,WAS
2024-25,2024-12-30,regular,PHI,POR
2024-25,2024-12-31,regular,CLE,LAL
2024-25,2024-12-31,regular,LAC,SAS
2024-25,2024-12-31,regular,MEM,PHX
2024-25,2024-12-31,regular,MIL,IND
2024-25,2024-12-31,regular,MIN,OKC
2024-25,2024-12-31,regular,TOR,BOS
2024-25,2025-01-01,regular,ATL,DEN
2024-25,2025-01-01,regular,BKN,TOR
2024-25,2025-01-01,regular,CHI,WAS
2024-25,2025-01-01,regular,DAL,HOU
2024-25,2025-01-01,regular,NOP,MIA
2024-25,2025-01-01,regular,ORL,DET
2024-25,2025-01-01,regular,PHI,SAC
2024-25,2025-01-01,regular,UTA,NYK
2024-25,2025-01-02,regular,BKN,MIL
2024-25,2025-01-02,regular,BOS,MIN
2024-25,2025-01-02,regular,IND,MIA
2024-25,2025-01-02,regular,LAC,OKC
2024-25,2025-01-02,regular,PHI,GSW
2024-25,2025-01-02,regular,POR,LAL
2024-25,2025-01-03,regular,ATL,LAL
2024-25,2025-01-03,regular,BOS,HOU
2024-25,2025-01-03,regular,CHA,DET
2024-25,2025-01-03,regular,CLE,DAL
2024-25,2025-01-03,regular,MEM,SAC
2024-25,2025-01-03,regular,NYK,OKC
2024-25,2025-01-03,regular,ORL,TOR
2024-25,2025-01-03,regular,SAS,DEN
2024-25,2025-01-03,regular,WAS,NOP
2024-25,2025-01-04,regular,ATL,LAC
2024-25,2025-01-04,regular,DEN,SAS
2024-25,2025-01-04,regular,MEM,GSW
2024-25,2025-01-04,regular,MIN,DET
2024-25,2025-01-04,regular,NYK,CHI
2024-25,2025-01-04,regular,PHI,BKN
2024-25,2025-01-04,regular,PHX,IND
2024-25,2025-01-04,regular,POR,MIL
2024-25,2025-01-04,regular,UTA,MIA
2024-25,2025-01-05,regular,BOS,OKC
2024-25,2025-01-05,regular,CHA,CLE
2024-25,2025-01-05,regular,LAL,HOU
2024-25,2025-01-05,regular,NOP,WAS
2024-25,2025-01-05,regular,SAC,GSW
2024-25,2025-01-05,regular,UTA,ORL
2024-25,2025-01-06,regular,DAL,MEM
2024-25,2025-01-06,regular,IND,BKN
2024-25,2025-01-06,regular,LAC,MIN
2024-25,2025-01-06,regular,MIA,SAC
2024-25,2025-01-06,regular,MIL,TOR
2024-25,2025-01-06,regular,ORL,NYK
2024-25,2025-01-06,regular,PHX,PHI
2024-25,2025-01-06,regular,POR,DET
2024-25,2025-01-06,regular,SAS,CHI
2024-25,2025-01-07,regular,ATL,UTA
2024-25,2025-01-07,regular,BOS,DEN
2024-25,2025-01-07,regular,HOU,WAS
2024-25,2025-01-07,regular,LAL,DAL
2024-25,2025-01-07,regular,MIA,GSW
2024-25,2025-01-07,regular,MIN,NOP
2024-25,2025-01-07,regular,PHX,CHA
2024-25,2025-01-08,regular,CHI,IND
2024-25,2025-01-08,regular,DET,BKN
2024-25,2025-01-08,regular,LAC,DEN
2024-25,2025-01-08,regular,OKC,CLE
2024-25,2025-01-08,regular,POR,NOP
2024-25,2025-01-08,regular,SAS,MIL
2024-25,2025-01-08,regular,TOR,NYK
2024-25,2025-01-08,regular,WAS,PHI
2024-25,2025-01-09,regular,ATL,PHX
2024-25,2025-01-09,regular,GSW,DET
2024-25,2025-01-09,regular,HOU,MEM
2024-25,2025-01-09,regular,MIA,UTA
2024-25,2025-01-09,regular,MIN,ORL
2024-25,2025-01-09,regular,POR,DAL
2024-25,2025-01-09,regular,TOR,CLE
2024-25,2025-01-10,regular,BKN,DEN
2024-25,2025-01-10,regular,GSW,IND
2024-25,2025-01-10,regular,MIL,ORL
2024-25,2025-01-10,regular,NOP,PHI
2024-25,2025-01-10,regular,OKC,NYK
2024-25,2025-01-10,regular,SAC,BOS
2024-25,2025-01-10,regular,WAS,CHI
2024-25,2025-01-11,regular,MEM,MIN
2024-25,2025-01-11,regular,MIA,POR
2024-25,2025-01-11,regular,TOR,DET
2024-25,2025-01-11,regular,UTA,PHX
2024-25,2025-01-12,regular,BKN,UTA
2024-25,2025-01-12,regular,CHA,PHX
2024-25,2025-01-12,regular,DEN,DAL
2024-25,2025-01-12,regular,IND,CLE
2024-25,2025-01-12,regular,MIL,NYK
2024-25,2025-01-12,regular,NOP,BOS
2024-25,2025-01-12,regular,OKC,WAS
2024-25,2025-01-12,regular,PHI,ORL
2024-25,2025-01-12,regular,SAC,CHI
2024-25,2025-01-13,regular,DET,NYK
2024-25,2025-01-13,regular,GSW,TOR
2024-25,2025-01-13,regular,MEM,HOU
2024-25,2025-01-13,regular,MIA,LAC
2024-25,2025-01-13,regular,MIN,WAS
2024-25,2025-01-13,regular,SAS,LAL
2024-25,2025-01-14,regular,BKN,POR
2024-25,2025-01-14,regular,CLE,IND
2024-25,2025-01-14,regular,DEN,DAL
2024-25,2025-01-14,regular,NOP,CHI
2024-25,2025-01-14,regular,OKC,PHI
2024-25,2025-01-14,regular,PHX,ATL
2024-25,2025-01-14,regular,SAC,MIL
2024-25,2025-01-15,regular,ATL,CHI
2024-25,2025-01-15,regular,BKN,LAC
2024-25,2025-01-15,regular,BOS,TOR
2024-25,2025-01-15,regular,CHA,UTA
2024-25,2025-01-15,regular,DAL,NOP
2024-25,2025-01-15,regular,GSW,MIN
2024-25,2025-01-15,regular,HOU,DEN
2024-25,2025-01-15,regular,MEM,SAS
2024-25,2025-01-15,regular,MIA,LAL
2024-25,2025-01-15,regular,NYK,PHI
2024-25,2025-01-15,regular,ORL,MIL
2024-25,2025-01-16,regular,CLE,OKC
2024-25,2025-01-16,regular,HOU,SAC
2024-25,2025-01-16,regular,IND,DET
2024-25,2025-01-16,regular,LAC,POR
2024-25,2025-01-16,regular,PHX,WAS
2024-25,2025-01-17,regular,BKN,LAL
2024-25,2025-01-17,regular,CHA,CHI
2024-25,2025-01-17,regular,DEN,MIA
2024-25,2025-01-17,regular,MEM,SAS
2024-25,2025-01-17,regular,MIN,NYK
2024-25,2025-01-17,regular,OKC,DAL
2024-25,2025-01-17,regular,ORL,BOS
2024-25,2025-01-17,regular,TOR,MIL
2024-25,2025-01-17,regular,UTA,NOP
2024-25,2025-01-18,regular,ATL,BOS
2024-25,2025-01-18,regular,CLE,MIN
2024-25,2025-01-18,regular,HOU,POR
2024-25,2025-01-18,regular,PHI,IND
2024-25,2025-01-18,regular,PHX,DET
2024-25,2025-01-18,regular,WAS,GSW
2024-25,2025-01-19,regular,BKN,OKC
2024-25,2025-01-19,regular,CHI,POR
2024-25,2025-01-19,regular,DEN,ORL
2024-25,2025-01-19,regular,LAL,LAC
2024-25,2025-01-19,regular,PHI,MIL
2024-25,2025-01-19,regular,SAS,MIA
2024-25,2025-01-19,regular,WAS,SAC
2024-25,2025-01-20,regular,ATL,NYK
2024-25,2025-01-20,regular,BOS,GSW
2024-25,2025-01-20,regular,CHI,LAC
2024-25,2025-01-20,regular,DAL,CHA
2024-25,2025-01-20,regular,DET,HOU
2024-25,2025-01-20,regular,MIN,MEM
2024-25,2025-01-20,regular,PHX,CLE
2024-25,2025-01-20,regular,UTA,NOP
2024-25,2025-01-21,regular,NYK,BKN
2024-25,2025-01-21,regular,ORL,TOR
2024-25,2025-01-21,regular,PHI,DEN
2024-25,2025-01-21,regular,POR,MIA
2024-25,2025-01-21,regular,WAS,LAL
2024-25,2025-01-22,regular,BOS,LAC
2024-25,2025-01-22,regular,CHA,MEM
2024-25,2025-01-22,regular,CLE,HOU
2024-25,2025-01-22,regular,DET,ATL
2024-25,2025-01-22,regular,GSW,SAC
2024-25,2025-01-22,regular,MIN,DAL
2024-25,2025-01-22,regular,PHX,BKN
2024-25,2025-01-22,regular,UTA,OKC
2024-25,2025-01-23,regular,BOS,LAL
2024-25,2025-01-23,regular,CHI,GSW
2024-25,2025-01-23,regular,DAL,OKC
2024-25,2025-01-23,regular,MIA,MIL
2024-25,2025-01-23,regular,POR,ORL
2024-25,2025-01-23,regular,SAC,DEN
2024-25,2025-01-23,regular,SAS,IND
2024-25,2025-01-23,regular,TOR,ATL
2024-25,2025-01-23,regular,WAS,LAC
2024-25,2025-01-24,regular,CLE,PHI
2024-25,2025-01-24,regular,NOP,MEM
2024-25,2025-01-24,regular,POR,CHA
2024-25,2025-01-25,regular,BOS,DAL
2024-25,2025-01-25,regular,DEN,MIN
2024-25,2025-01-25,regular,DET,ORL
2024-25,2025-01-25,regular,HOU,CLE
2024-25,2025-01-25,regular,IND,SAS
2024-25,2025-01-25,regular,LAL,GSW
2024-25,2025-01-25,regular,MIA,BKN
2024-25,2025-01-25,regular,MIL,LAC
2024-25,2025-01-25,regular,NOP,CHA
2024-25,2025-01-25,regular,PHI,CHI
2024-25,2025-01-25,regular,SAC,NYK
2024-25,2025-01-25,regular,TOR,ATL
2024-25,2025-01-25,regular,UTA,MEM
2024-25,2025-01-25,regular,WAS,PHX
2024-25,2025-01-26,regular,OKC,POR
2024-25,2025-01-27,regular,ATL,MIN
2024-25,2025-01-27,regular,DEN,CHI
2024-25,2025-01-27,regular,DET,CLE
2024-25,2025-01-27,regular,HOU,BOS
2024-25,2025-01-27,regular,LAC,PHX
2024-25,2025-01-27,regular,LAL,CHA
2024-25,2025-01-27,regular,MEM,NYK
2024-25,2025-01-27,regular,MIL,UTA
2024-25,2025-01-27,regular,NOP,TOR
2024-25,2025-01-27,regular,ORL,MIA
2024-25,2025-01-27,regular,SAC,BKN
2024-25,2025-01-27,regular,WAS,DAL
2024-25,2025-01-28,regular,HOU,ATL
2024-25,2025-01-28,regular,LAL,PHI
2024-25,2025-01-28,regular,MIL,POR
2024-25,2025-01-28,regular,UTA,GSW
2024-25,2025-01-29,regular,BKN,CHA
2024-25,2025-01-29,regular,CHI,BOS
2024-25,2025-01-29,regular,CLE,MIA
2024-25,2025-01-29,regular,DAL,NOP
2024-25,2025-01-29,regular,DEN,NYK
2024-25,2025-01-29,regular,DET,IND
2024-25,2025-01-29,regular,LAC,SAS
2024-25,2025-01-29,regular,MIN,PHX
2024-25,2025-01-29,regular,OKC,GSW
2024-25,2025-01-29,regular,SAC,PHI
2024-25,2025-01-29,regular,TOR,WAS
2024-25,2025-01-30,regular,ATL,CLE
2024-25,2025-01-30,regular,HOU,MEM
2024-25,2025-01-30,regular,LAL,WAS
2024-25,2025-01-30,regular,MIN,UTA
2024-25,2025-01-30,regular,ORL,POR
2024-25,2025-01-31,regular,BOS,NOP
2024-25,2025-01-31,regular,CHI,TOR
2024-25,2025-01-31,regular,DAL,DET
2024-25,2025-01-31,regular,DEN,PHI
2024-25,2025-01-31,regular,LAC,CHA
2024-25,2025-01-31,regular,MIL,SAS
2024-25,2025-01-31,regular,PHX,GSW
2024-25,2025-02-01,regular,ATL,IND
2024-25,2025-02-01,regular,BKN,HOU
2024-25,2025-02-01,regular,DEN,CHA
2024-25,2025-02-01,regular,LAL,NYK
2024-25,2025-02-01,regular,MIA,SAS
2024-25,2025-02-01,regular,ORL,UTA
2024-25,2025-02-01,regular,PHX,POR
2024-25,2025-02-01,regular,SAC,OKC
2024-25,2025-02-01,regular,WAS,MIN
2024-25,2025-02-02,regular,BOS,PHI
2024-25,2025-02-02,regular,CHI,DET
2024-25,2025-02-02,regular,DAL,CLE
2024-25,2025-02-02,regular,LAC,TOR
2024-25,2025-02-02,regular,MEM,MIL
2024-25,2025-02-03,regular,ATL,DET
2024-25,2025-02-03,regular,HOU,NYK
2024-25,2025-02-03,regular,IND,UTA
2024-25,2025-02-03,regular,MIL,OKC
2024-25,2025-02-03,regular,NOP,DEN
2024-25,2025-02-03,regular,ORL,GSW
2024-25,2025-02-03,regular,PHX,POR
2024-25,2025-02-03,regular,SAC,MIN
2024-25,2025-02-03,regular,SAS,MEM
2024-25,2025-02-03,regular,WAS,CHA
2024-25,2025-02-04,regular,BOS,CLE
2024-25,2025-02-04,regular,DAL,PHI
2024-25,2025-02-04,regular,HOU,BKN
2024-25,2025-02-04,regular,IND,POR
2024-25,2025-02-04,regular,LAL,LAC
2024-25,2025-02-04,regular,MIA,CHI
2024-25,2025-02-04,regular,NYK,TOR
2024-25,2025-02-05,regular,CHI,MIN
2024-25,2025-02-05,regular,CLE,DET
2024-25,2025-02-05,regular,GSW,UTA
2024-25,2025-02-05,regular,MEM,TOR
2024-25,2025-02-05,regular,MIA,PHI
2024-25,2025-02-05,regular,MIL,CHA
2024-25,2025-02-05,regular,NOP,DEN
2024-25,2025-02-05,regular,ORL,SAC
2024-25,2025-02-05,regular,PHX,OKC
2024-25,2025-02-05,regular,SAS,ATL
2024-25,2025-02-05,regular,WAS,BKN
2024-25,2025-02-06,regular,DAL,BOS
2024-25,2025-02-06,regular,GSW,LAL
2024-25,2025-02-06,regular,HOU,MIN
2024-25,2025-02-06,regular,IND,LAC
2024-25,2025-02-06,regular,ORL,DEN
2024-25,2025-02-06,regular,SAC,POR
2024-25,2025-02-07,regular,CLE,WAS
2024-25,2025-02-07,regular,MIA,BKN
2024-25,2025-02-07,regular,MIL,ATL
2024-25,2025-02-07,regular,PHI,DET
2024-25,2025-02-07,regular,SAS,CHA
2024-25,2025-02-07,regular,TOR,OKC
2024-25,2025-02-07,regular,UTA,PHX
2024-25,2025-02-08,regular,ATL,WAS
2024-25,2025-02-08,regular,BOS,NYK
2024-25,2025-02-08,regular,DEN,PHX
2024-25,2025-02-08,regular,GSW,CHI
2024-25,2025-02-08,regular,HOU,DAL
2024-25,2025-02-08,regular,IND,LAL
2024-25,2025-02-08,regular,NOP,SAC
2024-25,2025-02-08,regular,OKC,MEM
2024-25,2025-02-08,regular,POR,MIN
2024-25,2025-02-08,regular,SAS,ORL
2024-25,2025-02-08,regular,UTA,LAC
2024-25,2025-02-09,regular,CHA,DET
2024-25,2025-02-09,regular,PHI,MIL
2024-25,2025-02-09,regular,TOR,HOU
2024-25,2025-02-10,regular,ATL,ORL
2024-25,2025-02-10,regular,BOS,MIA
2024-25,2025-02-10,regular,CHA,BKN
2024-25,2025-02-10,regular,GSW,MIL
2024-25,2025-02-10,regular,MIN,CLE
2024-25,2025-02-10,regular,NOP,OKC
2024-25,2025-02-10,regular,POR,DEN
2024-25,2025-02-10,regular,SAC,DAL
2024-25,2025-02-10,regular,SAS,WAS
2024-25,2025-02-10,regular,UTA,LAL
2024-25,2025-02-11,regular,DET,CHI
2024-25,2025-02-11,regular,MEM,PHX
2024-25,2025-02-11,regular,NYK,IND
2024-25,2025-02-11,regular,TOR,PHI
2024-25,2025-02-12,regular,ATL,NYK
2024-25,2025-02-12,regular,CHA,ORL
2024-25,2025-02-12,regular,CLE,TOR
2024-25,2025-02-12,regular,DET,CHI
2024-25,2025-02-12,regular,GSW,DAL
2024-25,2025-02-12,regular,IND,WAS
2024-25,2025-02-12,regular,LAL,UTA
2024-25,2025-02-12,regular,MEM,LAC
2024-25,2025-02-12,regular,MIA,OKC
2024-25,2025-02-12,regular,MIL,MIN
2024-25,2025-02-12,regular,PHI,BKN
2024-25,2025-02-12,regular,PHX,HOU
2024-25,2025-02-12,regular,POR,DEN
2024-25,2025-02-12,regular,SAC,NOP
2024-25,2025-02-12,regular,SAS,BOS
2024-25,2025-02-13,regular,GSW,HOU
2024-25,2025-02-13,regular,LAC,UTA
2024-25,2025-02-13,regular,MIA,DAL
2024-25,2025-02-13,regular,OKC,MIN
2024-25,2025-02-13,regular,SAC,NOP
2024-25,2025-02-19,regular,CHA,LAL
2024-25,2025-02-20,regular,BOS,PHI
2024-25,2025-02-20,regular,CHA,DEN
2024-25,2025-02-20,regular,CHI,NYK
2024-25,2025-02-20,regular,CLE,BKN
2024-25,2025-02-20,regular,LAC,MIL
2024-25,2025-02-20,regular,LAL,POR
2024-25,2025-02-20,regular,MEM,IND
2024-25,2025-02-20,regular,ORL,ATL
2024-25,2025-02-20,regular,PHX,SAS
2024-25,2025-02-21,regular,DET,SAS
2024-25,2025-02-21,regular,GSW,SAC
2024-25,2025-02-21,regular,MEM,ORL
2024-25,2025-02-21,regular,MIA,TOR
2024-25,2025-02-21,regular,MIL,WAS
2024-25,2025-02-21,regular,MIN,HOU
2024-25,2025-02-21,regular,NOP,DAL
2024-25,2025-02-21,regular,NYK,CLE
2024-25,2025-02-21,regular,OKC,UTA
2024-25,2025-02-22,regular,BKN,PHI
2024-25,2025-02-22,regular,CHA,POR
2024-25,2025-02-22,regular,HOU,UTA
2024-25,2025-02-22,regular,LAL,DEN
2024-25,2025-02-22,regular,PHX,CHI
2024-25,2025-02-23,regular,DAL,GSW
2024-25,2025-02-23,regular,DET,ATL
2024-25,2025-02-23,regular,LAC,IND
2024-25,2025-02-23,regular,MEM,CLE
2024-25,2025-02-23,regular,MIA,MIL
2024-25,2025-02-23,regular,NYK,BOS
2024-25,2025-02-23,regular,OKC,MIN
2024-25,2025-02-23,regular,PHX,TOR
2024-25,2025-02-23,regular,SAS,NOP
2024-25,2025-02-23,regular,WAS,ORL
2024-25,2025-02-24,regular,BKN,WAS
2024-25,2025-02-24,regular,CHA,SAC
2024-25,2025-02-24,regular,CHI,PHI
2024-25,2025-02-24,regular,DEN,IND
2024-25,2025-02-24,regular,LAC,DET
2024-25,2025-02-24,regular,MIA,ATL
2024-25,2025-02-24,regular,MIN,OKC
2024-25,2025-02-24,regular,POR,UTA
2024-25,2025-02-25,regular,BOS,TOR
2024-25,2025-02-25,regular,CHA,GSW
2024-25,2025-02-25,regular,CLE,ORL
2024-25,2025-02-25,regular,DAL,LAL
2024-25,2025-02-25,regular,MIL,HOU
2024-25,2025-02-25,regular,PHX,MEM
2024-25,2025-02-25,regular,SAS,NOP
2024-25,2025-02-26,regular,ATL,MIA
2024-25,2025-02-26,regular,BOS,DET
2024-25,2025-02-26,regular,LAC,CHI
2024-25,2025-02-26,regular,OKC,BKN
2024-25,2025-02-26,regular,PHI,NYK
2024-25,2025-02-26,regular,POR,WAS
2024-25,2025-02-26,regular,SAC,UTA
2024-25,2025-02-26,regular,SAS,HOU
2024-25,2025-02-26,regular,TOR,IND
2024-25,2025-02-27,regular,CHA,DAL
2024-25,2025-02-27,regular,DEN,MIL
2024-25,2025-02-27,regular,GSW,ORL
2024-25,2025-02-27,regular,MIN,LAL
2024-25,2025-02-27,regular,NOP,PHX
2024-25,2025-02-28,regular,CLE,BOS
2024-25,2025-02-28,regular,DEN,DET
2024-25,2025-02-28,regular,IND,MIA
2024-25,2025-02-28,regular,LAC,LAL
2024-25,2025-02-28,regular,MIN,UTA
2024-25,2025-02-28,regular,NOP,PHX
2024-25,2025-02-28,regular,NYK,MEM
2024-25,2025-02-28,regular,OKC,ATL
2024-25,2025-02-28,regular,POR,BKN
2024-25,2025-02-28,regular,TOR,CHI
2024-25,2025-03-01,regular,BKN,DET
2024-25,2025-03-01,regular,GSW,PHI
2024-25,2025-03-01,regular,MIL,DAL
2024-25,2025-03-01,regular,SAC,HOU
2024-25,2025-03-01,regular,SAS,MEM
2024-25,2025-03-01,regular,WAS,CHA
2024-25,2025-03-02,regular,CHI,IND
2024-25,2025-03-02,regular,DEN,BOS
2024-25,2025-03-02,regular,LAC,LAL
2024-25,2025-03-02,regular,MIN,PHX
2024-25,2025-03-02,regular,NOP,UTA
2024-25,2025-03-02,regular,NYK,MIA
2024-25,2025-03-02,regular,OKC,SAS
2024-25,2025-03-02,regular,POR,CLE
2024-25,2025-03-02,regular,TOR,ORL
2024-25,2025-03-03,regular,ATL,MEM
2024-25,2025-03-03,regular,DET,UTA
2024-25,2025-03-03,regular,GSW,CHA
2024-25,2025-03-03,regular,HOU,OKC
2024-25,2025-03-03,regular,POR,PHI
2024-25,2025-03-03,regular,SAC,DAL
2024-25,2025-03-03,regular,WAS,MIA
2024-25,2025-03-04,regular,BKN,SAS
2024-25,2025-03-04,regular,CLE,CHI
2024-25,2025-03-04,regular,GSW,NYK
2024-25,2025-03-04,regular,HOU,IND
2024-25,2025-03-04,regular,LAC,PHX
2024-25,2025-03-04,regular,MIL,ATL
2024-25,2025-03-04,regular,NOP,LAL
2024-25,2025-03-04,regular,PHI,MIN
2024-25,2025-03-04,regular,TOR,ORL
2024-25,2025-03-05,regular,DAL,MIL
2024-25,2025-03-05,regular,DET,LAC
2024-25,2025-03-05,regular,MIA,CLE
2024-25,2025-03-05,regular,MIN,CHA
2024-25,2025-03-05,regular,OKC,MEM
2024-25,2025-03-05,regular,POR,BOS
2024-25,2025-03-05,regular,SAC,DEN
2024-25,2025-03-05,regular,UTA,WAS
2024-25,2025-03-06,regular,CHI,ORL
2024-25,2025-03-06,regular,GSW,BKN
2024-25,2025-03-06,regular,HOU,NOP
2024-25,2025-03-06,regular,IND,ATL
2024-25,2025-03-06,regular,NYK,LAL
2024-25,2025-03-06,regular,PHI,BOS
2024-25,2025-03-07,regular,CLE,CHA
2024-25,2025-03-07,regular,MEM,DAL
2024-25,2025-03-07,regular,MIN,MIA
2024-25,2025-03-07,regular,NYK,LAC
2024-25,2025-03-07,regular,PHX,DEN
2024-25,2025-03-07,regular,POR,OKC
2024-25,2025-03-07,regular,SAS,SAC
2024-25,2025-03-07,regular,UTA,TOR
2024-25,2025-03-08,regular,BKN,CHA
2024-25,2025-03-08,regular,CHI,MIA
2024-25,2025-03-08,regular,DET,GSW
2024-25,2025-03-08,regular,IND,ATL
2024-25,2025-03-08,regular,LAL,BOS
2024-25,2025-03-08,regular,NOP,HOU
2024-25,2025-03-08,regular,ORL,MIL
2024-25,2025-03-08,regular,WAS,TOR
2024-25,2025-03-09,regular,CLE,MIL
2024-25,2025-03-09,regular,DEN,OKC
2024-25,2025-03-09,regular,DET,POR
2024-25,2025-03-09,regular,MEM,NOP
2024-25,2025-03-09,regular,PHX,DAL
2024-25,2025-03-09,regular,SAC,LAC
2024-25,2025-03-09,regular,SAS,MIN
2024-25,2025-03-09,regular,UTA,PHI
2024-25,2025-03-10,regular,CHA,MIA
2024-25,2025-03-10,regular,DAL,SAS
2024-25,2025-03-10,regular,DEN,OKC
2024-25,2025-03-10,regular,IND,CHI
2024-25,2025-03-10,regular,LAL,BKN
2024-25,2025-03-10,regular,NYK,SAC
2024-25,2025-03-10,regular,ORL,HOU
2024-25,2025-03-10,regular,PHI,ATL
2024-25,2025-03-10,regular,PHX,MEM
2024-25,2025-03-10,regular,POR,GSW
2024-25,2025-03-10,regular,UTA,BOS
2024-25,2025-03-10,regular,WAS,TOR
2024-25,2025-03-11,regular,BKN,CLE
2024-25,2025-03-11,regular,LAC,NOP
2024-25,2025-03-11,regular,MIL,IND
2024-25,2025-03-11,regular,WAS,DET
2024-25,2025-03-12,regular,CHA,ATL
2024-25,2025-03-12,regular,DAL,SAS
2024-25,2025-03-12,regular,LAC,MIA
2024-25,2025-03-12,regular,MIN,DEN
2024-25,2025-03-12,regular,NYK,POR
2024-25,2025-03-12,regular,OKC,BOS
2024-25,2025-03-12,regular,PHI,TOR
2024-25,2025-03-12,regular,PHX,HOU
2024-25,2025-03-12,regular,UTA,MEM
2024-25,2025-03-13,regular,BKN,CHI
2024-25,2025-03-13,regular,LAL,MIL
2024-25,2025-03-13,regular,ORL,NOP
2024-25,2025-03-13,regular,SAC,GSW
2024-25,2025-03-13,regular,WAS,DET
2024-25,2025-03-14,regular,BOS,MIA
2024-25,2025-03-14,regular,CHA,SAS
2024-25,2025-03-14,regular,CLE,MEM
2024-25,2025-03-14,regular,DAL,HOU
2024-25,2025-03-14,regular,IND,PHI
2024-25,2025-03-14,regular,LAC,ATL
2024-25,2025-03-14,regular,LAL,DEN
2024-25,2025-03-14,regular,ORL,MIN
2024-25,2025-03-14,regular,SAC,PHX
2024-25,2025-03-14,regular,TOR,UTA
2024-25,2025-03-15,regular,BOS,BKN
2024-25,2025-03-15,regular,CHI,HOU
2024-25,2025-03-15,regular,IND,MIL
2024-25,2025-03-15,regular,MIA,MEM
2024-25,2025-03-15,regular,NOP,SAS
2024-25,2025-03-15,regular,NYK,GSW
2024-25,2025-03-15,regular,OKC,DET
2024-25,2025-03-15,regular,WAS,DEN
2024-25,2025-03-16,regular,ATL,BKN
2024-25,2025-03-16,regular,CHA,LAC
2024-25,2025-03-16,regular,OKC,MIL
2024-25,2025-03-16,regular,ORL,CLE
2024-25,2025-03-16,regular,PHI,DAL
2024-25,2025-03-16,regular,PHX,LAL
2024-25,2025-03-16,regular,TOR,POR
2024-25,2025-03-16,regular,UTA,MIN
2024-25,2025-03-17,regular,CHI,UTA
2024-25,2025-03-17,regular,DEN,GSW
2024-25,2025-03-17,regular,DET,NOP
2024-25,2025-03-17,regular,IND,MIN
2024-25,2025-03-17,regular,MEM,SAC
2024-25,2025-03-17,regular,MIA,NYK
2024-25,2025-03-17,regular,PHI,HOU
2024-25,2025-03-17,regular,SAS,LAL
2024-25,2025-03-17,regular,TOR,PHX
2024-25,2025-03-17,regular,WAS,POR
2024-25,2025-03-18,regular,ATL,CHA
2024-25,2025-03-18,regular,BKN,BOS
2024-25,2025-03-18,regular,CLE,LAC
2024-25,2025-03-18,regular,MIL,GSW
2024-25,2025-03-19,regular,CHI,PHX
2024-25,2025-03-19,regular,CLE,SAC
2024-25,2025-03-19,regular,DAL,IND
2024-25,2025-03-19,regular,DEN,LAL
2024-25,2025-03-19,regular,DET,MIA
2024-25,2025-03-19,regular,HOU,ORL
2024-25,2025-03-19,regular,MEM,POR
2024-25,2025-03-19,regular,NOP,MIN
2024-25,2025-03-19,regular,NYK,SAS
2024-25,2025-03-19,regular,PHI,OKC
2024-25,2025-03-19,regular,WAS,UTA
2024-25,2025-03-20,regular,BKN,IND
2024-25,2025-03-20,regular,CHI,SAC
2024-25,2025-03-20,regular,MIL,LAL
2024-25,2025-03-20,regular,NYK,CHA
2024-25,2025-03-20,regular,TOR,GSW
2024-25,2025-03-21,regular,BOS,UTA
2024-25,2025-03-21,regular,CHA,OKC
2024-25,2025-03-21,regular,CLE,PHX
2024-25,2025-03-21,regular,DEN,POR
2024-25,2025-03-21,regular,DET,DAL
2024-25,2025-03-21,regular,HOU,MIA
2024-25,2025-03-21,regular,MEM,LAC
2024-25,2025-03-21,regular,NOP,MIN
2024-25,2025-03-21,regular,ORL,WAS
2024-25,2025-03-21,regular,PHI,SAS
2024-25,2025-03-22,regular,BKN,IND
2024-25,2025-03-22,regular,CHI,LAL
2024-25,2025-03-22,regular,GSW,ATL
2024-25,2025-03-22,regular,MIL,SAC
2024-25,2025-03-22,regular,WAS,NYK
2024-25,2025-03-23,regular,BOS,POR
2024-25,2025-03-23,regular,CHA,MIA
2024-25,2025-03-23,regular,CLE,UTA
2024-25,2025-03-23,regular,DEN,HOU
2024-25,2025-03-23,regular,NOP,DET
2024-25,2025-03-23,regular,OKC,LAC
2024-25,2025-03-23,regular,PHI,ATL
2024-25,2025-03-23,regular,SAS,TOR
2024-25,2025-03-24,regular,BOS,SAC
2024-25,2025-03-24,regular,CHI,DEN
2024-25,2025-03-24,regular,DAL,BKN
2024-25,2025-03-24,regular,LAL,ORL
2024-25,2025-03-24,regular,MIL,PHX
2024-25,2025-03-24,regular,MIN,IND
2024-25,2025-03-24,regular,PHI,NOP
2024-25,2025-03-24,regular,TOR,WAS
2024-25,2025-03-25,regular,ATL,HOU
2024-25,2025-03-25,regular,CLE,POR
2024-25,2025-03-25,regular,DAL,NYK
2024-25,2025-03-25,regular,GSW,MIA
2024-25,2025-03-25,regular,MEM,UTA
2024-25,2025-03-25,regular,OKC,SAC
2024-25,2025-03-25,regular,ORL,CHA
2024-25,2025-03-25,regular,SAS,DET
2024-25,2025-03-26,regular,BOS,PHX
2024-25,2025-03-26,regular,LAC,NYK
2024-25,2025-03-26,regular,LAL,IND
2024-25,2025-03-26,regular,MIL,DEN
2024-25,2025-03-26,regular,TOR,BKN
2024-25,2025-03-26,regular,WAS,PHI
2024-25,2025-03-27,regular,ATL,MIA
2024-25,2025-03-27,regular,DAL,ORL
2024-25,2025-03-27,regular,HOU,UTA
2024-25,2025-03-27,regular,IND,WAS
2024-25,2025-03-27,regular,LAL,CHI
2024-25,2025-03-27,regular,MEM,OKC
2024-25,2025-03-27,regular,POR,SAC
2024-25,2025-03-27,regular,SAS,CLE
2024-25,2025-03-28,regular,CHA,TOR
2024-25,2025-03-28,regular,CLE,DET
2024-25,2025-03-28,regular,GSW,NOP
2024-25,2025-03-28,regular,LAC,BKN
2024-25,2025-03-28,regular,NYK,MIL
2024-25,2025-03-28,regular,PHX,MIN
2024-25,2025-03-28,regular,UTA,DEN
2024-25,2025-03-29,regular,BKN,WAS
2024-25,2025-03-29,regular,BOS,SAS
2024-25,2025-03-29,regular,DAL,CHI
2024-25,2025-03-29,regular,IND,OKC
2024-25,2025-03-29,regular,LAL,MEM
2024-25,2025-03-29,regular,MIA,PHI
2024-25,2025-03-29,regular,SAC,ORL
2024-25,2025-03-30,regular,ATL,MIL
2024-25,2025-03-30,regular,CHA,NOP
2024-25,2025-03-30,regular,DET,MIN
2024-25,2025-03-30,regular,GSW,SAS
2024-25,2025-03-30,regular,HOU,PHX
2024-25,2025-03-30,regular,LAC,CLE
2024-25,2025-03-30,regular,POR,NYK
2024-25,2025-03-30,regular,TOR,PHI
2024-25,2025-03-31,regular,BKN,DAL
2024-25,2025-03-31,regular,BOS,MEM
2024-25,2025-03-31,regular,CHI,OKC
2024-25,2025-03-31,regular,HOU,LAL
2024-25,2025-03-31,regular,LAC,ORL
2024-25,2025-03-31,regular,MIA,WAS
2024-25,2025-03-31,regular,SAC,IND
2024-25,2025-03-31,regular,UTA,CHA
2024-25,2025-04-01,regular,GSW,MEM
2024-25,2025-04-01,regular,MIN,DEN
2024-25,2025-04-01,regular,ORL,SAS
2024-25,2025-04-01,regular,PHI,NYK
2024-25,2025-04-01,regular,PHX,MIL
2024-25,2025-04-01,regular,POR,ATL
2024-25,2025-04-01,regular,TOR,CHI
2024-25,2025-04-02,regular,ATL,DAL
2024-25,2025-04-02,regular,CHA,IND
2024-25,2025-04-02,regular,DET,OKC
2024-25,2025-04-02,regular,MIA,BOS
2024-25,2025-04-02,regular,NOP,LAC
2024-25,2025-04-02,regular,NYK,CLE
2024-25,2025-04-02,regular,SAC,WAS
2024-25,2025-04-02,regular,SAS,DEN
2024-25,2025-04-02,regular,UTA,HOU
2024-25,2025-04-03,regular,GSW,LAL
2024-25,2025-04-03,regular,MEM,MIA
2024-25,2025-04-03,regular,MIL,PHI
2024-25,2025-04-03,regular,MIN,BKN
2024-25,2025-04-03,regular,ORL,WAS
2024-25,2025-04-03,regular,POR,TOR
2024-25,2025-04-04,regular,CLE,SAS
2024-25,2025-04-04,regular,DAL,LAC
2024-25,2025-04-04,regular,DEN,GSW
2024-25,2025-04-04,regular,DET,TOR
2024-25,2025-04-04,regular,NOP,LAL
2024-25,2025-04-04,regular,OKC,HOU
2024-25,2025-04-04,regular,PHX,BOS
2024-25,2025-04-04,regular,POR,CHI
2024-25,2025-04-04,regular,SAC,CHA
2024-25,2025-04-04,regular,UTA,IND
2024-25,2025-04-05,regular,DAL,LAC
2024-25,2025-04-05,regular,MEM,DET
2024-25,2025-04-05,regular,MIL,MIA
2024-25,2025-04-05,regular,MIN,PHI
2024-25,2025-04-05,regular,NYK,ATL
2024-25,2025-04-06,regular,CHI,CHA
2024-25,2025-04-06,regular,HOU,GSW
2024-25,2025-04-06,regular,IND,DEN
2024-25,2025-04-06,regular,LAL,OKC
2024-25,2025-04-06,regular,MIL,NOP
2024-25,2025-04-06,regular,PHX,NYK
2024-25,2025-04-06,regular,SAC,CLE
2024-25,2025-04-06,regular,SAS,POR
2024-25,2025-04-06,regular,TOR,BKN
2024-25,2025-04-06,regular,UTA,ATL
2024-25,2025-04-06,regular,WAS,BOS
2024-25,2025-04-07,regular,PHI,MIA
2024-25,2025-04-07,regular,SAC,DET
2024-25,2025-04-08,regular,ATL,ORL
2024-25,2025-04-08,regular,BOS,NYK
2024-25,2025-04-08,regular,CHI,CLE
2024-25,2025-04-08,regular,GSW,PHX
2024-25,2025-04-08,regular,LAL,OKC
2024-25,2025-04-08,regular,MEM,CHA
2024-25,2025-04-08,regular,MIN,MIL
2024-25,2025-04-08,regular,NOP,BKN
2024-25,2025-04-08,regular,SAS,LAC
2024-25,2025-04-08,regular,WAS,IND
2024-25,2025-04-09,regular,BOS,ORL
2024-25,2025-04-09,regular,CHA,TOR
2024-25,2025-04-09,regular,DEN,SAC
2024-25,2025-04-09,regular,HOU,LAC
2024-25,2025-04-09,regular,LAL,DAL
2024-25,2025-04-09,regular,MIA,CHI
2024-25,2025-04-09,regular,OKC,PHX
2024-25,2025-04-09,regular,PHI,WAS
2024-25,2025-04-09,regular,POR,UTA
2024-25,2025-04-09,regular,SAS,GSW
2024-25,2025-04-10,regular,ATL,BKN
2024-25,2025-04-10,regular,CLE,IND
2024-25,2025-04-10,regular,MIN,MEM
2024-25,2025-04-10,regular,NOP,MIL
2024-25,2025-04-10,regular,NYK,DET
2024-25,2025-04-11,regular,ATL,PHI
2024-25,2025-04-11,regular,BKN,MIN
2024-25,2025-04-11,regular,CHA,BOS
2024-25,2025-04-11,regular,CLE,NYK
2024-25,2025-04-11,regular,GSW,POR
2024-25,2025-04-11,regular,HOU,LAL
2024-25,2025-04-11,regular,LAC,SAC
2024-25,2025-04-11,regular,MEM,DEN
2024-25,2025-04-11,regular,MIA,NOP
2024-25,2025-04-11,regular,MIL,DET
2024-25,2025-04-11,regular,OKC,UTA
2024-25,2025-04-11,regular,ORL,IND
2024-25,2025-04-11,regular,SAS,PHX
2024-25,2025-04-11,regular,TOR,DAL
2024-25,2025-04-11,regular,WAS,CHI
2024-25,2025-04-13,regular,CHA,BOS
2024-25,2025-04-13,regular,CHI,PHI
2024-25,2025-04-13,regular,DAL,MEM
2024-25,2025-04-13,regular,DEN,HOU
2024-25,2025-04-13,regular,DET,MIL
2024-25,2025-04-13,regular,IND,CLE
2024-25,2025-04-13,regular,LAC,GSW
2024-25,2025-04-13,regular,LAL,POR
2024-25,2025-04-13,regular,NYK,BKN
2024-25,2025-04-13,regular,OKC,NOP
2024-25,2025-04-13,regular,ORL,ATL
2024-25,2025-04-13,regular,PHX,SAC
2024-25,2025-04-13,regular,TOR,SAS
2024-25,2025-04-13,regular,UTA,MIN
2024-25,2025-04-13,regular,WAS,MIA
2024-25,2025-04-15,play_in,ATL,ORL
2024-25,2025-04-15,play_in,MEM,GSW
2024-25,2025-04-16,play_in,DAL,SAC
2024-25,2025-04-16,play_in,MIA,CHI
2024-25,2025-04-18,play_in,DAL,MEM
2024-25,2025-04-18,play_in,MIA,ATL
2024-25,2025-04-19,playoffs,DET,NYK
2024-25,2025-04-19,playoffs,LAC,DEN
2024-25,2025-04-19,playoffs,MIL,IND
2024-25,2025-04-19,playoffs,MIN,LAL
2024-25,2025-04-20,playoffs,GSW,HOU
2024-25,2025-04-20,playoffs,MEM,OKC
2024-25,2025-04-20,playoffs,MIA,CLE
2024-25,2025-04-20,playoffs,ORL,BOS
2024-25,2025-04-21,playoffs,DET,NYK
2024-25,2025-04-21,playoffs,LAC,DEN
2024-25,2025-04-22,playoffs,MEM,OKC
2024-25,2025-04-22,playoffs,MIL,IND
2024-25,2025-04-22,playoffs,MIN,LAL
2024-25,2025-04-23,playoffs,GSW,HOU
2024-25,2025-04-23,playoffs,MIA,CLE
2024-25,2025-04-23,playoffs,ORL,BOS
2024-25,2025-04-24,playoffs,DEN,LAC
2024-25,2025-04-24,playoffs,NYK,DET
2024-25,2025-04-24,playoffs,OKC,MEM
2024-25,2025-04-25,playoffs,BOS,ORL
2024-25,2025-04-25,playoffs,IND,MIL
2024-25,2025-04-25,playoffs,LAL,MIN
2024-25,2025-04-26,playoffs,CLE,MIA
2024-25,2025-04-26,playoffs,DEN,LAC
2024-25,2025-04-26,playoffs,HOU,GSW
2024-25,2025-04-26,playoffs,OKC,MEM
2024-25,2025-04-27,playoffs,BOS,ORL
2024-25,2025-04-27,playoffs,IND,MIL
2024-25,2025-04-27,playoffs,LAL,MIN
2024-25,2025-04-27,playoffs,NYK,DET
2024-25,2025-04-28,playoffs,CLE,MIA
2024-25,2025-04-28,playoffs,HOU,GSW
2024-25,2025-04-29,playoffs,DET,NYK
2024-25,2025-04-29,playoffs,LAC,DEN
2024-25,2025-04-29,playoffs,MIL,IND
2024-25,2025-04-29,playoffs,ORL,BOS
2024-25,2025-04-30,playoffs,GSW,HOU
2024-25,2025-04-30,playoffs,MIN,LAL
2024-25,2025-05-01,playoffs,DEN,LAC
2024-25,2025-05-01,playoffs,NYK,DET
2024-25,2025-05-02,playoffs,HOU,GSW
2024-25,2025-05-03,playoffs,LAC,DEN
2024-25,2025-05-04,playoffs,GSW,HOU
2024-25,2025-05-04,playoffs,IND,CLE
2024-25,2025-05-05,playoffs,DEN,OKC
2024-25,2025-05-05,playoffs,NYK,BOS
2024-25,2025-05-06,playoffs,GSW,MIN
2024-25,2025-05-06,playoffs,IND,CLE
2024-25,2025-05-07,playoffs,DEN,OKC
2024-25,2025-05-07,playoffs,NYK,BOS
2024-25,2025-05-08,playoffs,GSW,MIN
2024-25,2025-05-09,playoffs,CLE,IND
2024-25,2025-05-09,playoffs,OKC,DEN
2024-25,2025-05-10,playoffs,BOS,NYK
2024-25,2025-05-10,playoffs,MIN,GSW
2024-25,2025-05-11,playoffs,CLE,IND
2024-25,2025-05-11,playoffs,OKC,DEN
2024-25,2025-05-12,playoffs,BOS,NYK
2024-25,2025-05-12,playoffs,MIN,GSW
2024-25,2025-05-13,playoffs,DEN,OKC
2024-25,2025-05-13,playoffs,IND,CLE
2024-25,2025-05-14,playoffs,GSW,MIN
2024-25,2025-05-14,playoffs,NYK,BOS
2024-25,2025-05-15,playoffs,OKC,DEN
2024-25,2025-05-16,playoffs,BOS,NYK
2024-25,2025-05-18,playoffs,DEN,OKC
2024-25,2025-05-20,playoffs,MIN,OKC
2024-25,2025-05-21,playoffs,IND,NYK
2024-25,2025-05-22,playoffs,MIN,OKC
2024-25,2025-05-23,playoffs,IND,NYK
2024-25,2025-05-24,playoffs,OKC,MIN
2024-25,2025-05-25,playoffs,NYK,IND
2024-25,2025-05-26,playoffs,OKC,MIN
2024-25,2025-05-27,playoffs,NYK,IND
2024-25,2025-05-28,playoffs,MIN,OKC
2024-25,2025-05-29,playoffs,IND,NYK
2024-25,2025-05-31,playoffs,NYK,IND
2024-25,2025-06-05,playoffs,IND,OKC
2024-25,2025-06-08,playoffs,IND,OKC
2024-25,2025-06-11,playoffs,OKC,IND
2024-25,2025-06-13,playoffs,OKC,IND
2024-25,2025-06-16,playoffs,IND,OKC
2024-25,2025-06-19,playoffs,OKC,IND
2024-25,2025-06-22,playoffs,IND,OKC
2025-26,2025-10-02,preseason,NYK,PHI
2025-26,2025-10-03,preseason,PHX,LAL
2025-26,2025-10-04,preseason,MIN,DEN
2025-26,2025-10-04,preseason,NYK,PHI
2025-26,2025-10-04,preseason,ORL,MIA
2025-26,2025-10-05,preseason,LAL,GSW
2025-26,2025-10-05,preseason,OKC,CHA
2025-26,2025-10-06,preseason,ATL,HOU
2025-26,2025-10-06,preseason,DEN,TOR
2025-26,2025-10-06,preseason,DET,MEM
2025-26,2025-10-06,preseason,MIL,MIA
2025-26,2025-10-06,preseason,OKC,DAL
2025-26,2025-10-07,preseason,CHI,CLE
2025-26,2025-10-07,preseason,IND,MIN
2025-26,2025-10-08,preseason,BOS,MEM
2025-26,2025-10-08,preseason,POR,GSW
2025-26,2025-10-08,preseason,SAS,MIA
2025-26,2025-10-08,preseason,TOR,SAC
2025-26,2025-10-08,preseason,UTA,HOU
2025-26,2025-10-09,preseason,CHA,OKC
2025-26,2025-10-09,preseason,CLE,CHI
2025-26,2025-10-09,preseason,DET,MIL
2025-26,2025-10-09,preseason,MIN,NYK
2025-26,2025-10-10,preseason,BKN,PHX
2025-26,2025-10-10,preseason,BOS,TOR
2025-26,2025-10-10,preseason,ORL,PHI
2025-26,2025-10-10,preseason,SAC,POR
2025-26,2025-10-10,preseason,UTA,SAS
2025-26,2025-10-11,preseason,ATL,MEM
2025-26,2025-10-11,preseason,CHA,DAL
2025-26,2025-10-11,preseason,OKC,IND
2025-26,2025-10-12,preseason,BKN,PHX
2025-26,2025-10-12,preseason,CLE,BOS
2025-26,2025-10-12,preseason,DEN,LAC
2025-26,2025-10-12,preseason,GSW,LAL
2025-26,2025-10-12,preseason,MIA,ORL
2025-26,2025-10-12,preseason,MIL,CHI
2025-26,2025-10-12,preseason,TOR,WAS
2025-26,2025-10-13,preseason,DAL,UTA
2025-26,2025-10-13,preseason,MIA,ATL
2025-26,2025-10-13,preseason,SAS,IND
2025-26,2025-10-13,preseason,WAS,NYK
2025-26,2025-10-14,preseason,CHI,DEN
2025-26,2025-10-14,preseason,DET,CLE
2025-26,2025-10-14,preseason,GSW,POR
2025-26,2025-10-14,preseason,HOU,NOP
2025-26,2025-10-14,preseason,LAL,PHX
2025-26,2025-10-14,preseason,OKC,MIL
2025-26,2025-10-15,preseason,DAL,LAL
2025-26,2025-10-15,preseason,LAC,SAC
2025-26,2025-10-15,preseason,MEM,CHA
2025-26,2025-10-15,preseason,TOR,BOS
2025-26,2025-10-16,preseason,HOU,ATL
2025-26,2025-10-16,preseason,MIN,CHI
2025-26,2025-10-16,preseason,NOP,ORL
2025-26,2025-10-16,preseason,POR,UTA
2025-26,2025-10-16,preseason,WAS,DET
2025-26,2025-10-17,preseason,BKN,TOR
2025-26,2025-10-17,preseason,CHA,NYK
2025-26,2025-10-17,preseason,DEN,OKC
2025-26,2025-10-17,preseason,IND,SAS
2025-26,2025-10-17,preseason,LAC,GSW
2025-26,2025-10-17,preseason,MEM,MIA
2025-26,2025-10-17,preseason,MIN,PHI
2025-26,2025-10-17,preseason,SAC,LAL
2025-26,2025-10-21,regular,GSW,LAL
2025-26,2025-10-21,regular,HOU,OKC
2025-26,2025-10-22,regular,BKN,CHA
2025-26,2025-10-22,regular,CLE,NYK
2025-26,2025-10-22,regular,DET,CHI
2025-26,2025-10-22,regular,LAC,UTA
2025-26,2025-10-22,regular,MIA,ORL
2025-26,2025-10-22,regular,MIN,POR
2025-26,2025-10-22,regular,NOP,MEM
2025-26,2025-10-22,regular,PHI,BOS
2025-26,2025-10-22,regular,SAC,PHX
2025-26,2025-10-22,regular,SAS,DAL
2025-26,2025-10-22,regular,TOR,ATL
2025-26,2025-10-22,regular,WAS,MIL
2025-26,2025-10-23,regular,DEN,GSW
2025-26,2025-10-23,regular,OKC,IND
2025-26,2025-10-24,regular,ATL,ORL
2025-26,2025-10-24,regular,BOS,NYK
2025-26,2025-10-24,regular,CLE,BKN
2025-26,2025-10-24,regular,DET,HOU
2025-26,2025-10-24,regular,GSW,POR
2025-26,2025-10-24,regular,MIA,MEM
2025-26,2025-10-24,regular,MIL,TOR
2025-26,2025-10-24,regular,MIN,LAL
2025-26,2025-10-24,regular,PHX,LAC
2025-26,2025-10-24,regular,SAS,NOP
2025-26,2025-10-24,regular,UTA,SAC
2025-26,2025-10-24,regular,WAS,DAL
2025-26,2025-10-25,regular,CHA,PHI
2025-26,2025-10-25,regular,CHI,ORL
2025-26,2025-10-25,regular,IND,MEM
2025-26,2025-10-25,regular,OKC,ATL
2025-26,2025-10-25,regular,PHX,DEN
2025-26,2025-10-26,regular,BKN,SAS
2025-26,2025-10-26,regular,BOS,DET
2025-26,2025-10-26,regular,CHA,WAS
2025-26,2025-10-26,regular,IND,MIN
2025-26,2025-10-26,regular,LAL,SAC
2025-26,2025-10-26,regular,MIL,CLE
2025-26,2025-10-26,regular,NYK,MIA
2025-26,2025-10-26,regular,POR,LAC
2025-26,2025-10-26,regular,TOR,DAL
2025-26,2025-10-27,regular,ATL,CHI
2025-26,2025-10-27,regular,BKN,HOU
2025-26,2025-10-27,regular,BOS,NOP
2025-26,2025-10-27,regular,CLE,DET
2025-26,2025-10-27,regular,DEN,MIN
2025-26,2025-10-27,regular,MEM,GSW
2025-26,2025-10-27,regular,OKC,DAL
2025-26,2025-10-27,regular,ORL,PHI
2025-26,2025-10-27,regular,PHX,UTA
2025-26,2025-10-27,regular,POR,LAL
2025-26,2025-10-27,regular,TOR,SAS
2025-26,2025-10-28,regular,CHA,MIA
2025-26,2025-10-28,regular,LAC,GSW
2025-26,2025-10-28,regular,NYK,MIL
2025-26,2025-10-28,regular,PHI,WAS
2025-26,2025-10-28,regular,SAC,OKC
2025-26,2025-10-29,regular,ATL,BKN
2025-26,2025-10-29,regular,CLE,BOS
2025-26,2025-10-29,regular,HOU,TOR
2025-26,2025-10-29,regular,IND,DAL
2025-26,2025-10-29,regular,LAL,MIN
2025-26,2025-10-29,regular,MEM,PHX
2025-26,2025-10-29,regular,NOP,DEN
2025-26,2025-10-29,regular,ORL,DET
2025-26,2025-10-29,regular,POR,UTA
2025-26,2025-10-29,regular,SAC,CHI
2025-26,2025-10-30,regular,GSW,MIL
2025-26,2025-10-30,regular,MIA,SAS
2025-26,2025-10-30,regular,ORL,CHA
2025-26,2025-10-30,regular,WAS,OKC
2025-26,2025-10-31,regular,ATL,IND
2025-26,2025-10-31,regular,BOS,PHI
2025-26,2025-10-31,regular,DEN,POR
2025-26,2025-10-31,regular,LAL,MEM
2025-26,2025-10-31,regular,NOP,LAC
2025-26,2025-10-31,regular,NYK,CHI
2025-26,2025-10-31,regular,TOR,CLE
2025-26,2025-10-31,regular,UTA,PHX
2025-26,2025-11-01,regular,DAL,DET
2025-26,2025-11-01,regular,GSW,IND
2025-26,2025-11-01,regular,HOU,BOS
2025-26,2025-11-01,regular,MIN,CHA
2025-26,2025-11-01,regular,ORL,WAS
2025-26,2025-11-01,regular,SAC,MIL
2025-26,2025-11-02,regular,ATL,CLE
2025-26,2025-11-02,regular,CHI,NYK
2025-26,2025-11-02,regular,MEM,TOR
2025-26,2025-11-02,regular,MIA,LAL
2025-26,2025-11-02,regular,NOP,OKC
2025-26,2025-11-02,regular,PHI,BKN
2025-26,2025-11-02,regular,SAS,PHX
2025-26,2025-11-02,regular,UTA,CHA
2025-26,2025-11-03,regular,DAL,HOU
2025-26,2025-11-03,regular,DET,MEM
2025-26,2025-11-03,regular,LAL,POR
2025-26,2025-11-03,regular,MIA,LAC
2025-26,2025-11-03,regular,MIL,IND
2025-26,2025-11-03,regular,MIN,BKN
2025-26,2025-11-03,regular,SAC,DEN
2025-26,2025-11-03,regular,UTA,BOS
2025-26,2025-11-03,regular,WAS,NYK
2025-26,2025-11-04,regular,CHA,NOP
2025-26,2025-11-04,regular,MIL,TOR
2025-26,2025-11-04,regular,OKC,LAC
2025-26,2025-11-04,regular,ORL,ATL
2025-26,2025-11-04,regular,PHI,CHI
2025-26,2025-11-04,regular,PHX,GSW
2025-26,2025-11-05,regular,BKN,IND
2025-26,2025-11-05,regular,GSW,SAC
2025-26,2025-11-05,regular,HOU,MEM
2025-26,2025-11-05,regular,MIA,DEN
2025-26,2025-11-05,regular,MIN,NYK
2025-26,2025-11-05,regular,NOP,DAL
2025-26,2025-11-05,regular,OKC,POR
2025-26,2025-11-05,regular,PHI,CLE
2025-26,2025-11-05,regular,SAS,LAL
2025-26,2025-11-05,regular,UTA,DET
2025-26,2025-11-05,regular,WAS,BOS
2025-26,2025-11-06,regular,LAC,PHX
2025-26,2025-11-07,regular,BOS,ORL
2025-26,2025-11-07,regular,CHA,MIA
2025-26,2025-11-07,regular,CHI,MIL
2025-26,2025-11-07,regular,CLE,WAS
2025-26,2025-11-07,regular,DAL,MEM
2025-26,2025-11-07,regular,DET,BKN
2025-26,2025-11-07,regular,GSW,DEN
2025-26,2025-11-07,regular,HOU,SAS
2025-26,2025-11-07,regular,OKC,SAC
2025-26,2025-11-07,regular,TOR,ATL
2025-26,2025-11-07,regular,UTA,MIN
2025-26,2025-11-08,regular,CHI,CLE
2025-26,2025-11-08,regular,DAL,WAS
2025-26,2025-11-08,regular,IND,DEN
2025-26,2025-11-08,regular,LAL,ATL
2025-26,2025-11-08,regular,NOP,SAS
2025-26,2025-11-08,regular,PHX,LAC
2025-26,2025-11-08,regular,POR,MIA
2025-26,2025-11-08,regular,TOR,PHI
2025-26,2025-11-09,regular,BKN,NYK
2025-26,2025-11-09,regular,BOS,ORL
2025-26,2025-11-09,regular,DET,PHI
2025-26,2025-11-09,regular,HOU,MIL
2025-26,2025-11-09,regular,IND,GSW
2025-26,2025-11-09,regular,MIN,SAC
2025-26,2025-11-09,regular,OKC,MEM
2025-26,2025-11-10,regular,ATL,LAC
2025-26,2025-11-10,regular,CLE,MIA
2025-26,2025-11-10,regular,LAL,CHA
2025-26,2025-11-10,regular,MIL,DAL
2025-26,2025-11-10,regular,MIN,UTA
2025-26,2025-11-10,regular,NOP,PHX
2025-26,2025-11-10,regular,POR,ORL
2025-26,2025-11-10,regular,SAS,CHI
2025-26,2025-11-10,regular,WAS,DET
2025-26,2025-11-11,regular,BOS,PHI
2025-26,2025-11-11,regular,DEN,SAC
2025-26,2025-11-11,regular,GSW,OKC
2025-26,2025-11-11,regular,IND,UTA
2025-26,2025-11-11,regular,MEM,NYK
2025-26,2025-11-11,regular,TOR,BKN
2025-26,2025-11-12,regular,ATL,SAC
2025-26,2025-11-12,regular,CHI,DET
2025-26,2025-11-12,regular,CLE,MIA
2025-26,2025-11-12,regular,DEN,LAC
2025-26,2025-11-12,regular,GSW,SAS
2025-26,2025-11-12,regular,LAL,OKC
2025-26,2025-11-12,regular,MEM,BOS
2025-26,2025-11-12,regular,MIL,CHA
2025-26,2025-11-12,regular,ORL,NYK
2025-26,2025-11-12,regular,PHX,DAL
2025-26,2025-11-12,regular,POR,NOP
2025-26,2025-11-12,regular,WAS,HOU
2025-26,2025-11-13,regular,ATL,UTA
2025-26,2025-11-13,regular,IND,PHX
2025-26,2025-11-13,regular,TOR,CLE
2025-26,2025-11-14,regular,BKN,ORL
2025-26,2025-11-14,regular,CHA,MIL
2025-26,2025-11-14,regular,GSW,SAS
2025-26,2025-11-14,regular,LAC,DAL
2025-26,2025-11-14,regular,LAL,NOP
2025-26,2025-11-14,regular,MIA,NYK
2025-26,2025-11-14,regular,PHI,DET
2025-26,2025-11-14,regular,POR,HOU
2025-26,2025-11-14,regular,SAC,MIN
2025-26,2025-11-15,regular,DEN,MIN
2025-26,2025-11-15,regular,LAL,MIL
2025-26,2025-11-15,regular,MEM,CLE
2025-26,2025-11-15,regular,OKC,CHA
2025-26,2025-11-15,regular,TOR,IND
2025-26,2025-11-16,regular,ATL,PHX
2025-26,2025-11-16,regular,BKN,WAS
2025-26,2025-11-16,regular,CHI,UTA
2025-26,2025-11-16,regular,GSW,NOP
2025-26,2025-11-16,regular,LAC,BOS
2025-26,2025-11-16,regular,ORL,HOU
2025-26,2025-11-16,regular,POR,DAL
2025-26,2025-11-16,regular,SAC,SAS
2025-26,2025-11-17,regular,CHA,TOR
2025-26,2025-11-17,regular,CHI,DEN
2025-26,2025-11-17,regular,DAL,MIN
2025-26,2025-11-17,regular,IND,DET
2025-26,2025-11-17,regular,LAC,PHI
2025-26,2025-11-17,regular,MIL,CLE
2025-26,2025-11-17,regular,NYK,MIA
2025-26,2025-11-17,regular,OKC,NOP
2025-26,2025-11-18,regular,BOS,BKN
2025-26,2025-11-18,regular,DET,ATL
2025-26,2025-11-18,regular,GSW,ORL
2025-26,2025-11-18,regular,MEM,SAS
2025-26,2025-11-18,regular,PHX,POR
2025-26,2025-11-18,regular,UTA,LAL
2025-26,2025-11-19,regular,CHA,IND
2025-26,2025-11-19,regular,CHI,POR
2025-26,2025-11-19,regular,DEN,NOP
2025-26,2025-11-19,regular,GSW,MIA
2025-26,2025-11-19,regular,HOU,CLE
2025-26,2025-11-19,regular,NYK,DAL
2025-26,2025-11-19,regular,SAC,OKC
2025-26,2025-11-19,regular,TOR,PHI
2025-26,2025-11-19,regular,WAS,MIN
2025-26,2025-11-20,regular,ATL,SAS
2025-26,2025-11-20,regular,LAC,ORL
2025-26,2025-11-20,regular,PHI,MIL
2025-26,2025-11-20,regular,SAC,MEM
2025-26,2025-11-21,regular,BKN,BOS
2025-26,2025-11-21,regular,DEN,HOU
2025-26,2025-11-21,regular,IND,CLE
2025-26,2025-11-21,regular,MIA,CHI
2025-26,2025-11-21,regular,MIN,PHX
2025-26,2025-11-21,regular,NOP,DAL
2025-26,2025-11-21,regular,OKC,UTA
2025-26,2025-11-21,regular,POR,GSW
2025-26,2025-11-21,regular,WAS,TOR
2025-26,2025-11-22,regular,ATL,NOP
2025-26,2025-11-22,regular,DET,MIL
2025-26,2025-11-22,regular,LAC,CHA
2025-26,2025-11-22,regular,MEM,DAL
2025-26,2025-11-22,regular,NYK,ORL
2025-26,2025-11-22,regular,SAC,DEN
2025-26,2025-11-22,regular,WAS,CHI
2025-26,2025-11-23,regular,BKN,TOR
2025-26,2025-11-23,regular,CHA,ATL
2025-26,2025-11-23,regular,LAC,CLE
2025-26,2025-11-23,regular,LAL,UTA
2025-26,2025-11-23,regular,MIA,PHI
2025-26,2025-11-23,regular,ORL,BOS
2025-26,2025-11-23,regular,POR,OKC
2025-26,2025-11-23,regular,SAS,PHX
2025-26,2025-11-24,regular,CHI,NOP
2025-26,2025-11-24,regular,CLE,TOR
2025-26,2025-11-24,regular,DAL,MIA
2025-26,2025-11-24,regular,DEN,MEM
2025-26,2025-11-24,regular,DET,IND
2025-26,2025-11-24,regular,HOU,PHX
2025-26,2025-11-24,regular,MIN,SAC
2025-26,2025-11-24,regular,NYK,BKN
2025-26,2025-11-24,regular,POR,MIL
2025-26,2025-11-24,regular,UTA,GSW
2025-26,2025-11-25,regular,ATL,WAS
2025-26,2025-11-25,regular,LAC,LAL
2025-26,2025-11-25,regular,ORL,PHI
2025-26,2025-11-26,regular,DET,BOS
2025-26,2025-11-26,regular,HOU,GSW
2025-26,2025-11-26,regular,IND,TOR
2025-26,2025-11-26,regular,MEM,NOP
2025-26,2025-11-26,regular,MIL,MIA
2025-26,2025-11-26,regular,MIN,OKC
2025-26,2025-11-26,regular,NYK,CHA
2025-26,2025-11-26,regular,PHX,SAC
2025-26,2025-11-26,regular,SAS,POR
2025-26,2025-11-28,regular,CHI,CHA
2025-26,2025-11-28,regular,CLE,ATL
2025-26,2025-11-28,regular,DAL,LAL
2025-26,2025-11-28,regular,MEM,LAC
2025-26,2025-11-28,regular,MIL,NYK
2025-26,2025-11-28,regular,ORL,DET
2025-26,2025-11-28,regular,PHI,BKN
2025-26,2025-11-28,regular,PHX,OKC
2025-26,2025-11-28,regular,SAC,UTA
2025-26,2025-11-28,regular,SAS,DEN
2025-26,2025-11-28,regular,WAS,IND
2025-26,2025-11-29,regular,BKN,MIL
2025-26,2025-11-29,regular,BOS,MIN
2025-26,2025-11-29,regular,CHI,IND
2025-26,2025-11-29,regular,DAL,LAC
2025-26,2025-11-29,regular,DEN,PHX
2025-26,2025-11-29,regular,DET,MIA
2025-26,2025-11-29,regular,NOP,GSW
2025-26,2025-11-29,regular,TOR,CHA
2025-26,2025-11-30,regular,ATL,PHI
2025-26,2025-11-30,regular,BOS,CLE
2025-26,2025-11-30,regular,HOU,UTA
2025-26,2025-11-30,regular,MEM,SAC
2025-26,2025-11-30,regular,NOP,LAL
2025-26,2025-11-30,regular,OKC,POR
2025-26,2025-11-30,regular,SAS,MIN
2025-26,2025-11-30,regular,TOR,NYK
2025-26,2025-12-01,regular,ATL,DET
2025-26,2025-12-01,regular,CHA,BKN
2025-26,2025-12-01,regular,CHI,ORL
2025-26,2025-12-01,regular,CLE,IND
2025-26,2025-12-01,regular,DAL,DEN
2025-26,2025-12-01,regular,HOU,UTA
2025-26,2025-12-01,regular,LAC,MIA
2025-26,2025-12-01,regular,MIL,WAS
2025-26,2025-12-01,regular,PHX,LAL
2025-26,2025-12-02,regular,MEM,SAS
2025-26,2025-12-02,regular,MIN,NOP
2025-26,2025-12-02,regular,NYK,BOS
2025-26,2025-12-02,regular,OKC,GSW
2025-26,2025-12-02,regular,POR,TOR
2025-26,2025-12-02,regular,WAS,PHI
2025-26,2025-12-03,regular,BKN,CHI
2025-26,2025-12-03,regular,CHA,NYK
2025-26,2025-12-03,regular,DEN,IND
2025-26,2025-12-03,regular,DET,MIL
2025-26,2025-12-03,regular,LAC,ATL
2025-26,2025-12-03,regular,MIA,DAL
2025-26,2025-12-03,regular,POR,CLE
2025-26,2025-12-03,regular,SAC,HOU
2025-26,2025-12-03,regular,SAS,ORL
2025-26,2025-12-04,regular,BOS,WAS
2025-26,2025-12-04,regular,GSW,PHI
2025-26,2025-12-04,regular,LAL,TOR
2025-26,2025-12-04,regular,MIN,NOP
2025-26,2025-12-04,regular,UTA,BKN
2025-26,2025-12-05,regular,CHA,TOR
2025-26,2025-12-05,regular,DAL,OKC
2025-26,2025-12-05,regular,DEN,ATL
2025-26,2025-12-05,regular,IND,CHI
2025-26,2025-12-05,regular,LAC,MEM
2025-26,2025-12-05,regular,LAL,BOS
2025-26,2025-12-05,regular,MIA,ORL
2025-26,2025-12-05,regular,PHI,MIL
2025-26,2025-12-05,regular,PHX,HOU
2025-26,2025-12-05,regular,POR,DET
2025-26,2025-12-05,regular,SAS,CLE
2025-26,2025-12-05,regular,UTA,NYK
2025-26,2025-12-06,regular,ATL,WAS
2025-26,2025-12-06,regular,GSW,CLE
2025-26,2025-12-06,regular,HOU,DAL
2025-26,2025-12-06,regular,LAC,MIN
2025-26,2025-12-06,regular,MIL,DET
2025-26,2025-12-06,regular,NOP,BKN
2025-26,2025-12-06,regular,SAC,MIA
2025-26,2025-12-07,regular,BOS,TOR
2025-26,2025-12-07,regular,DEN,CHA
2025-26,2025-12-07,regular,GSW,CHI
2025-26,2025-12-07,regular,LAL,PHI
2025-26,2025-12-07,regular,OKC,UTA
2025-26,2025-12-07,regular,ORL,NYK
2025-26,2025-12-07,regular,POR,MEM
2025-26,2025-12-08,regular,PHX,MIN
2025-26,2025-12-08,regular,SAC,IND
2025-26,2025-12-08,regular,SAS,NOP
2025-26,2025-12-09,regular,MIA,ORL
2025-26,2025-12-09,regular,NYK,TOR
2025-26,2025-12-10,regular,PHX,OKC
2025-26,2025-12-10,regular,SAS,LAL
2025-26,2025-12-11,regular,BOS,MIL
2025-26,2025-12-11,regular,DEN,SAC
2025-26,2025-12-11,regular,LAC,HOU
2025-26,2025-12-11,regular,POR,NOP
2025-26,2025-12-12,regular,ATL,DET
2025-26,2025-12-12,regular,BKN,DAL
2025-26,2025-12-12,regular,CHI,CHA
2025-26,2025-12-12,regular,CLE,WAS
2025-26,2025-12-12,regular,IND,PHI
2025-26,2025-12-12,regular,MIN,GSW
2025-26,2025-12-12,regular,UTA,MEM
2025-26,2025-12-13,regular,NYK,ORL
2025-26,2025-12-13,regular,SAS,OKC
2025-26,2025-12-14,regular,CHA,CLE
2025-26,2025-12-14,regular,GSW,POR
2025-26,2025-12-14,regular,LAL,PHX
2025-26,2025-12-14,regular,MIL,BKN
2025-26,2025-12-14,regular,NOP,CHI
2025-26,2025-12-14,regular,PHI,ATL
2025-26,2025-12-14,regular,SAC,MIN
2025-26,2025-12-14,regular,WAS,IND
2025-26,2025-12-15,regular,DAL,UTA
2025-26,2025-12-15,regular,DET,BOS
2025-26,2025-12-15,regular,HOU,DEN
2025-26,2025-12-15,regular,MEM,LAC
2025-26,2025-12-15,regular,TOR,MIA
2025-26,2025-12-17,regular,CLE,CHI
2025-26,2025-12-17,regular,MEM,MIN
2025-26,2025-12-18,regular,ATL,CHA
2025-26,2025-12-18,regular,DET,DAL
2025-26,2025-12-18,regular,GSW,PHX
2025-26,2025-12-18,regular,HOU,NOP
2025-26,2025-12-18,regular,LAC,OKC
2025-26,2025-12-18,regular,LAL,UTA
2025-26,2025-12-18,regular,MIA,BKN
2025-26,2025-12-18,regular,NYK,IND
2025-26,2025-12-18,regular,ORL,DEN
2025-26,2025-12-18,regular,SAC,POR
2025-26,2025-12-18,regular,TOR,MIL
2025-26,2025-12-18,regular,WAS,SAS
2025-26,2025-12-19,regular,CHI,CLE
2025-26,2025-12-19,regular,MIA,BOS
2025-26,2025-12-19,regular,OKC,MIN
2025-26,2025-12-19,regular,PHI,NYK
2025-26,2025-12-19,regular,SAS,ATL
2025-26,2025-12-20,regular,BOS,TOR
2025-26,2025-12-20,regular,CHA,DET
2025-26,2025-12-20,regular,DAL,PHI
2025-26,2025-12-20,regular,HOU,DEN
2025-26,2025-12-20,regular,IND,NOP
2025-26,2025-12-20,regular,LAL,LAC
2025-26,2025-12-20,regular,ORL,UTA
2025-26,2025-12-20,regular,PHX,GSW
2025-26,2025-12-20,regular,POR,SAC
2025-26,2025-12-20,regular,WAS,MEM
2025-26,2025-12-21,regular,CHI,ATL
2025-26,2025-12-21,regular,HOU,SAC
2025-26,2025-12-21,regular,MIA,NYK
2025-26,2025-12-21,regular,MIL,MIN
2025-26,2025-12-21,regular,SAS,WAS
2025-26,2025-12-21,regular,TOR,BKN
2025-26,2025-12-22,regular,CHA,CLE
2025-26,2025-12-22,regular,DAL,NOP
2025-26,2025-12-22,regular,DET,POR
2025-26,2025-12-22,regular,IND,BOS
2025-26,2025-12-22,regular,MEM,OKC
2025-26,2025-12-22,regular,ORL,GSW
2025-26,2025-12-22,regular,UTA,DEN
2025-26,2025-12-23,regular,BKN,PHI
2025-26,2025-12-23,regular,CHI,ATL
2025-26,2025-12-23,regular,DEN,DAL
2025-26,2025-12-23,regular,DET,SAC
2025-26,2025-12-23,regular,HOU,LAC
2025-26,2025-12-23,regular,LAL,PHX
2025-26,2025-12-23,regular,MEM,UTA
2025-26,2025-12-23,regular,MIL,IND
2025-26,2025-12-23,regular,NOP,CLE
2025-26,2025-12-23,regular,NYK,MIN
2025-26,2025-12-23,regular,OKC,SAS
2025-26,2025-12-23,regular,ORL,POR
2025-26,2025-12-23,regular,TOR,MIA
2025-26,2025-12-23,regular,WAS,CHA
2025-26,2025-12-25,regular,CLE,NYK
2025-26,2025-12-25,regular,DAL,GSW
2025-26,2025-12-25,regular,HOU,LAL
2025-26,2025-12-25,regular,MIN,DEN
2025-26,2025-12-25,regular,SAS,OKC
2025-26,2025-12-26,regular,BOS,IND
2025-26,2025-12-26,regular,CHA,ORL
2025-26,2025-12-26,regular,DET,UTA
2025-26,2025-12-26,regular,LAC,POR
2025-26,2025-12-26,regular,MIA,ATL
2025-26,2025-12-26,regular,MIL,MEM
2025-26,2025-12-26,regular,PHI,CHI
2025-26,2025-12-26,regular,PHX,NOP
2025-26,2025-12-26,regular,TOR,WAS
2025-26,2025-12-27,regular,BKN,MIN
2025-26,2025-12-27,regular,CLE,HOU
2025-26,2025-12-27,regular,DAL,SAC
2025-26,2025-12-27,regular,DEN,ORL
2025-26,2025-12-27,regular,IND,MIA
2025-26,2025-12-27,regular,MIL,CHI
2025-26,2025-12-27,regular,NYK,ATL
2025-26,2025-12-27,regular,PHX,NOP
2025-26,2025-12-27,regular,UTA,SAS
2025-26,2025-12-28,regular,BOS,POR
2025-26,2025-12-28,regular,DET,LAC
2025-26,2025-12-28,regular,GSW,TOR
2025-26,2025-12-28,regular,MEM,WAS
2025-26,2025-12-28,regular,PHI,OKC
2025-26,2025-12-28,regular,SAC,LAL
2025-26,2025-12-29,regular,ATL,OKC
2025-26,2025-12-29,regular,CLE,SAS
2025-26,2025-12-29,regular,DAL,POR
2025-26,2025-12-29,regular,DEN,MIA
2025-26,2025-12-29,regular,GSW,BKN
2025-26,2025-12-29,regular,IND,HOU
2025-26,2025-12-29,regular,MIL,CHA
2025-26,2025-12-29,regular,MIN,CHI
2025-26,2025-12-29,regular,NYK,NOP
2025-26,2025-12-29,regular,ORL,TOR
2025-26,2025-12-29,regular,PHX,WAS
2025-26,2025-12-30,regular,BOS,UTA
2025-26,2025-12-30,regular,DET,LAL
2025-26,2025-12-30,regular,PHI,MEM
2025-26,2025-12-30,regular,SAC,LAC
2025-26,2025-12-31,regular,DEN,TOR
2025-26,2025-12-31,regular,GSW,CHA
2025-26,2025-12-31,regular,MIN,ATL
2025-26,2025-12-31,regular,NOP,CHI
2025-26,2025-12-31,regular,NYK,SAS
2025-26,2025-12-31,regular,ORL,IND
2025-26,2025-12-31,regular,PHX,CLE
2025-26,2025-12-31,regular,POR,OKC
2025-26,2025-12-31,regular,WAS,MIL
2025-26,2026-01-01,regular,BOS,SAC
2025-26,2026-01-01,regular,HOU,BKN
2025-26,2026-01-01,regular,MIA,DET
2025-26,2026-01-01,regular,PHI,DAL
2025-26,2026-01-01,regular,UTA,LAC
2025-26,2026-01-02,regular,ATL,NYK
2025-26,2026-01-02,regular,BKN,WAS
2025-26,2026-01-02,regular,CHA,MIL
2025-26,2026-01-02,regular,DEN,CLE
2025-26,2026-01-02,regular,MEM,LAL
2025-26,2026-01-02,regular,OKC,GSW
2025-26,2026-01-02,regular,ORL,CHI
2025-26,2026-01-02,regular,POR,NOP
2025-26,2026-01-02,regular,SAC,PHX
2025-26,2026-01-02,regular,SAS,IND
2025-26,2026-01-03,regular,ATL,TOR
2025-26,2026-01-03,regular,BOS,LAC
2025-26,2026-01-03,regular,CHA,CHI
2025-26,2026-01-03,regular,HOU,DAL
2025-26,2026-01-03,regular,MIN,MIA
2025-26,2026-01-03,regular,PHI,NYK
2025-26,2026-01-03,regular,POR,SAS
2025-26,2026-01-03,regular,UTA,GSW
2025-26,2026-01-04,regular,DEN,BKN
2025-26,2026-01-04,regular,DET,CLE
2025-26,2026-01-04,regular,IND,ORL
2025-26,2026-01-04,regular,MEM,LAL
2025-26,2026-01-04,regular,MIL,SAC
2025-26,2026-01-04,regular,MIN,WAS
2025-26,2026-01-04,regular,NOP,MIA
2025-26,2026-01-04,regular,OKC,PHX
2025-26,2026-01-05,regular,ATL,TOR
2025-26,2026-01-05,regular,CHA,OKC
2025-26,2026-01-05,regular,CHI,BOS
2025-26,2026-01-05,regular,DEN,PHI
2025-26,2026-01-05,regular,GSW,LAC
2025-26,2026-01-05,regular,NYK,DET
2025-26,2026-01-05,regular,PHX,HOU
2025-26,2026-01-05,regular,UTA,POR
2025-26,2026-01-06,regular,CLE,IND
2025-26,2026-01-06,regular,DAL,SAC
2025-26,2026-01-06,regular,LAL,NOP
2025-26,2026-01-06,regular,MIA,MIN
2025-26,2026-01-06,regular,ORL,WAS
2025-26,2026-01-06,regular,SAS,MEM
2025-26,2026-01-07,regular,CHI,DET
2025-26,2026-01-07,regular,DEN,BOS
2025-26,2026-01-07,regular,HOU,POR
2025-26,2026-01-07,regular,LAC,NYK
2025-26,2026-01-07,regular,LAL,SAS
2025-26,2026-01-07,regular,MIL,GSW
2025-26,2026-01-07,regular,NOP,ATL
2025-26,2026-01-07,regular,ORL,BKN
2025-26,2026-01-07,regular,PHX,MEM
2025-26,2026-01-07,regular,TOR,CHA
2025-26,2026-01-07,regular,UTA,OKC
2025-26,2026-01-07,regular,WAS,PHI
2025-26,2026-01-08,regular,CLE,MIN
2025-26,2026-01-08,regular,DAL,UTA
2025-26,2026-01-08,regular,IND,CHA
2025-26,2026-01-09,regular,ATL,DEN
2025-26,2026-01-09,regular,HOU,POR
2025-26,2026-01-09,regular,LAC,BKN
2025-26,2026-01-09,regular,MIL,LAL
2025-26,2026-01-09,regular,NOP,WAS
2025-26,2026-01-09,regular,NYK,PHX
2025-26,2026-01-09,regular,OKC,MEM
2025-26,2026-01-09,regular,PHI,ORL
2025-26,2026-01-09,regular,SAC,GSW
2025-26,2026-01-09,regular,TOR,BOS
2025-26,2026-01-10,regular,CHA,UTA
2025-26,2026-01-10,regular,DAL,CHI
2025-26,2026-01-10,regular,LAC,DET
2025-26,2026-01-10,regular,MIA,IND
2025-26,2026-01-10,regular,MIN,CLE
2025-26,2026-01-10,regular,SAS,BOS
2025-26,2026-01-11,regular,ATL,GSW
2025-26,2026-01-11,regular,BKN,MEM
2025-26,2026-01-11,regular,HOU,SAC
2025-26,2026-01-11,regular,MIA,OKC
2025-26,2026-01-11,regular,MIL,DEN
2025-26,2026-01-11,regular,NOP,ORL
2025-26,2026-01-11,regular,NYK,POR
2025-26,2026-01-11,regular,PHI,TOR
2025-26,2026-01-11,regular,SAS,MIN
2025-26,2026-01-11,regular,WAS,PHX
2025-26,2026-01-12,regular,BKN,DAL
2025-26,2026-01-12,regular,BOS,IND
2025-26,2026-01-12,regular,CHA,LAC
2025-26,2026-01-12,regular,LAL,SAC
2025-26,2026-01-12,regular,PHI,TOR
2025-26,2026-01-12,regular,UTA,CLE
2025-26,2026-01-13,regular,ATL,LAL
2025-26,2026-01-13,regular,CHI,HOU
2025-26,2026-01-13,regular,DEN,NOP
2025-26,2026-01-13,regular,MIN,MIL
2025-26,2026-01-13,regular,PHX,MIA
2025-26,2026-01-13,regular,POR,GSW
2025-26,2026-01-13,regular,SAS,OKC
2025-26,2026-01-14,regular,BKN,NOP
2025-26,2026-01-14,regular,CLE,PHI
2025-26,2026-01-14,regular,DEN,DAL
2025-26,2026-01-14,regular,NYK,SAC
2025-26,2026-01-14,regular,TOR,IND
2025-26,2026-01-14,regular,UTA,CHI
2025-26,2026-01-14,regular,WAS,LAC
2025-26,2026-01-15,regular,ATL,POR
2025-26,2026-01-15,regular,BOS,MIA
2025-26,2026-01-15,regular,CHA,LAL
2025-26,2026-01-15,regular,MIL,SAS
2025-26,2026-01-15,regular,NYK,GSW
2025-26,2026-01-15,regular,OKC,HOU
2025-26,2026-01-15,regular,ORL,MEM
2025-26,2026-01-15,regular,PHX,DET
2025-26,2026-01-15,regular,UTA,DAL
2025-26,2026-01-16,regular,CHI,BKN
2025-26,2026-01-16,regular,CLE,PHI
2025-26,2026-01-16,regular,LAC,TOR
2025-26,2026-01-16,regular,MIN,HOU
2025-26,2026-01-16,regular,NOP,IND
2025-26,2026-01-16,regular,WAS,SAC
2025-26,2026-01-17,regular,BOS,ATL
2025-26,2026-01-17,regular,CHA,GSW
2025-26,2026-01-17,regular,IND,DET
2025-26,2026-01-17,regular,LAL,POR
2025-26,2026-01-17,regular,MIN,SAS
2025-26,2026-01-17,regular,OKC,MIA
2025-26,2026-01-17,regular,PHX,NYK
2025-26,2026-01-17,regular,UTA,DAL
2025-26,2026-01-17,regular,WAS,DEN
2025-26,2026-01-18,regular,BKN,CHI
2025-26,2026-01-18,regular,CHA,DEN
2025-26,2026-01-18,regular,NOP,HOU
2025-26,2026-01-18,regular,ORL,MEM
2025-26,2026-01-18,regular,POR,SAC
2025-26,2026-01-18,regular,TOR,LAL
2025-26,2026-01-19,regular,BOS,DET
2025-26,2026-01-19,regular,DAL,NYK
2025-26,2026-01-19,regular,IND,PHI
2025-26,2026-01-19,regular,LAC,WAS
2025-26,2026-01-19,regular,MIA,GSW
2025-26,2026-01-19,regular,MIL,ATL
2025-26,2026-01-19,regular,OKC,CLE
2025-26,2026-01-19,regular,PHX,BKN
2025-26,2026-01-19,regular,UTA,SAS
2025-26,2026-01-20,regular,LAC,CHI
2025-26,2026-01-20,regular,LAL,DEN
2025-26,2026-01-20,regular,MIA,SAC
2025-26,2026-01-20,regular,MIN,UTA
2025-26,2026-01-20,regular,PHX,PHI
2025-26,2026-01-20,regular,SAS,HOU
2025-26,2026-01-20,regular,TOR,GSW
2025-26,2026-01-21,regular,ATL,MEM
2025-26,2026-01-21,regular,BKN,NYK
2025-26,2026-01-21,regular,CLE,CHA
2025-26,2026-01-21,regular,DET,NOP
2025-26,2026-01-21,regular,IND,BOS
2025-26,2026-01-21,regular,OKC,MIL
2025-26,2026-01-21,regular,TOR,SAC
2025-26,2026-01-22,regular,CHA,ORL
2025-26,2026-01-22,regular,CHI,MIN
2025-26,2026-01-22,regular,DEN,WAS
2025-26,2026-01-22,regular,GSW,DAL
2025-26,2026-01-22,regular,HOU,PHI
2025-26,2026-01-22,regular,LAL,LAC
2025-26,2026-01-22,regular,MIA,POR
2025-26,2026-01-22,regular,SAS,UTA
2025-26,2026-01-23,regular,BOS,BKN
2025-26,2026-01-23,regular,DEN,MIL
2025-26,2026-01-23,regular,HOU,DET
2025-26,2026-01-23,regular,IND,OKC
2025-26,2026-01-23,regular,NOP,MEM
2025-26,2026-01-23,regular,PHX,ATL
2025-26,2026-01-23,regular,SAC,CLE
2025-26,2026-01-23,regular,TOR,POR
2025-26,2026-01-24,regular,BOS,CHI
2025-26,2026-01-24,regular,CLE,ORL
2025-26,2026-01-24,regular,LAL,DAL
2025-26,2026-01-24,regular,MIA,UTA
2025-26,2026-01-24,regular,NYK,PHI
2025-26,2026-01-24,regular,WAS,CHA
2025-26,2026-01-25,regular,BKN,LAC
2025-26,2026-01-25,regular,GSW,MIN
2025-26,2026-01-25,regular,MIA,PHX
2025-26,2026-01-25,regular,NOP,SAS
2025-26,2026-01-25,regular,SAC,DET
2025-26,2026-01-25,regular,TOR,OKC
2025-26,2026-01-26,regular,GSW,MIN
2025-26,2026-01-26,regular,IND,ATL
2025-26,2026-01-26,regular,LAL,CHI
2025-26,2026-01-26,regular,MEM,HOU
2025-26,2026-01-26,regular,ORL,CLE
2025-26,2026-01-26,regular,PHI,CHA
2025-26,2026-01-26,regular,POR,BOS
2025-26,2026-01-27,regular,BKN,PHX
2025-26,2026-01-27,regular,DET,DEN
2025-26,2026-01-27,regular,LAC,UTA
2025-26,2026-01-27,regular,MIL,PHI
2025-26,2026-01-27,regular,NOP,OKC
2025-26,2026-01-27,regular,POR,WAS
2025-26,2026-01-27,regular,SAC,NYK
2025-26,2026-01-28,regular,ATL,BOS
2025-26,2026-01-28,regular,CHA,MEM
2025-26,2026-01-28,regular,CHI,IND
2025-26,2026-01-28,regular,GSW,UTA
2025-26,2026-01-28,regular,LAL,CLE
2025-26,2026-01-28,regular,MIN,DAL
2025-26,2026-01-28,regular,NYK,TOR
2025-26,2026-01-28,regular,ORL,MIA
2025-26,2026-01-28,regular,SAS,HOU
2025-26,2026-01-29,regular,BKN,DEN
2025-26,2026-01-29,regular,CHA,DAL
2025-26,2026-01-29,regular,DET,PHX
2025-26,2026-01-29,regular,HOU,ATL
2025-26,2026-01-29,regular,MIA,CHI
2025-26,2026-01-29,regular,MIL,WAS
2025-26,2026-01-29,regular,OKC,MIN
2025-26,2026-01-29,regular,SAC,PHI
2025-26,2026-01-30,regular,BKN,UTA
2025-26,2026-01-30,regular,CLE,PHX
2025-26,2026-01-30,regular,DET,GSW
2025-26,2026-01-30,regular,LAC,DEN
2025-26,2026-01-30,regular,LAL,WAS
2025-26,2026-01-30,regular,MEM,NOP
2025-26,2026-01-30,regular,POR,NYK
2025-26,2026-01-30,regular,SAC,BOS
2025-26,2026-01-30,regular,TOR,ORL
2025-26,2026-01-31,regular,ATL,IND
2025-26,2026-01-31,regular,CHI,MIA
2025-26,2026-01-31,regular,DAL,HOU
2025-26,2026-01-31,regular,MIN,MEM
2025-26,2026-01-31,regular,NOP,PHI
2025-26,2026-01-31,regular,SAS,CHA
2025-26,2026-02-01,regular,BKN,DET
2025-26,2026-02-01,regular,CHI,MIA
2025-26,2026-02-01,regular,CLE,POR
2025-26,2026-02-01,regular,LAC,PHX
2025-26,2026-02-01,regular,LAL,NYK
2025-26,2026-02-01,regular,MIL,BOS
2025-26,2026-02-01,regular,OKC,DEN
2025-26,2026-02-01,regular,ORL,SAS
2025-26,2026-02-01,regular,SAC,WAS
2025-26,2026-02-01,regular,UTA,TOR
2025-26,2026-02-02,regular,HOU,IND
2025-26,2026-02-02,regular,MIN,MEM
2025-26,2026-02-02,regular,NOP,CHA
2025-26,2026-02-02,regular,PHI,LAC
2025-26,2026-02-03,regular,ATL,MIA
2025-26,2026-02-03,regular,BOS,DAL
2025-26,2026-02-03,regular,CHI,MIL
2025-26,2026-02-03,regular,DEN,DET
2025-26,2026-02-03,regular,LAL,BKN
2025-26,2026-02-03,regular,NYK,WAS
2025-26,2026-02-03,regular,ORL,OKC
2025-26,2026-02-03,regular,PHI,GSW
2025-26,2026-02-03,regular,PHX,POR
2025-26,2026-02-03,regular,UTA,IND
2025-26,2026-02-04,regular,BOS,HOU
2025-26,2026-02-04,regular,CLE,LAC
2025-26,2026-02-04,regular,DEN,NYK
2025-26,2026-02-04,regular,MEM,SAC
2025-26,2026-02-04,regular,MIN,TOR
2025-26,2026-02-04,regular,NOP,MIL
2025-26,2026-02-04,regular,OKC,SAS
2025-26,2026-02-05,regular,BKN,ORL
2025-26,2026-02-05,regular,CHA,HOU
2025-26,2026-02-05,regular,CHI,TOR
2025-26,2026-02-05,regular,GSW,PHX
2025-26,2026-02-05,regular,PHI,LAL
2025-26,2026-02-05,regular,SAS,DAL
2025-26,2026-02-05,regular,UTA,ATL
2025-26,2026-02-05,regular,WAS,DET
2025-26,2026-02-06,regular,IND,MIL
2025-26,2026-02-06,regular,LAC,SAC
2025-26,2026-02-06,regular,MEM,POR
2025-26,2026-02-06,regular,MIA,BOS
2025-26,2026-02-06,regular,NOP,MIN
2025-26,2026-02-06,regular,NYK,DET
2025-26,2026-02-07,regular,CHA,ATL
2025-26,2026-02-07,regular,CLE,SAC
2025-26,2026-02-07,regular,DAL,SAS
2025-26,2026-02-07,regular,DEN,CHI
2025-26,2026-02-07,regular,GSW,LAL
2025-26,2026-02-07,regular,HOU,OKC
2025-26,2026-02-07,regular,MEM,POR
2025-26,2026-02-07,regular,PHI,PHX
2025-26,2026-02-07,regular,UTA,ORL
2025-26,2026-02-07,regular,WAS,BKN
2025-26,2026-02-08,regular,IND,TOR
2025-26,2026-02-08,regular,LAC,MIN
2025-26,2026-02-08,regular,MIA,WAS
2025-26,2026-02-08,regular,NYK,BOS
2025-26,2026-02-09,regular,ATL,MIN
2025-26,2026-02-09,regular,CHI,BKN
2025-26,2026-02-09,regular,CLE,DEN
2025-26,2026-02-09,regular,DET,CHA
2025-26,2026-02-09,regular,MEM,GSW
2025-26,2026-02-09,regular,MIL,ORL
2025-26,2026-02-09,regular,OKC,LAL
2025-26,2026-02-09,regular,PHI,POR
2025-26,2026-02-09,regular,SAC,NOP
2025-26,2026-02-09,regular,UTA,MIA
2025-26,2026-02-10,regular,DAL,PHX
2025-26,2026-02-10,regular,IND,NYK
2025-26,2026-02-10,regular,LAC,HOU
2025-26,2026-02-10,regular,SAS,LAL
2025-26,2026-02-11,regular,ATL,CHA
2025-26,2026-02-11,regular,CHI,BOS
2025-26,2026-02-11,regular,DET,TOR
2025-26,2026-02-11,regular,IND,BKN
2025-26,2026-02-11,regular,LAC,HOU
2025-26,2026-02-11,regular,MEM,DEN
2025-26,2026-02-11,regular,MIA,NOP
2025-26,2026-02-11,regular,MIL,ORL
2025-26,2026-02-11,regular,NYK,PHI
2025-26,2026-02-11,regular,OKC,PHX
2025-26,2026-02-11,regular,POR,MIN
2025-26,2026-02-11,regular,SAC,UTA
2025-26,2026-02-11,regular,SAS,GSW
2025-26,2026-02-11,regular,WAS,CLE
2025-26,2026-02-12,regular,DAL,LAL
2025-26,2026-02-12,regular,MIL,OKC
2025-26,2026-02-12,regular,POR,UTA
2025-26,2026-02-19,regular,ATL,PHI
2025-26,2026-02-19,regular,BKN,CLE
2025-26,2026-02-19,regular,BOS,GSW
2025-26,2026-02-19,regular,DEN,LAC
2025-26,2026-02-19,regular,DET,NYK
2025-26,2026-02-19,regular,HOU,CHA
2025-26,2026-02-19,regular,IND,WAS
2025-26,2026-02-19,regular,ORL,SAC
2025-26,2026-02-19,regular,PHX,SAS
2025-26,2026-02-19,regular,TOR,CHI
2025-26,2026-02-20,regular,BKN,OKC
2025-26,2026-02-20,regular,CLE,CHA
2025-26,2026-02-20,regular,DAL,MIN
2025-26,2026-02-20,regular,DEN,POR
2025-26,2026-02-20,regular,IND,WAS
2025-26,2026-02-20,regular,LAC,LAL
2025-26,2026-02-20,regular,MIA,ATL
2025-26,2026-02-20,regular,MIL,NOP
2025-26,2026-02-20,regular,UTA,MEM
2025-26,2026-02-21,regular,DET,CHI
2025-26,2026-02-21,regular,HOU,NYK
2025-26,2026-02-21,regular,MEM,MIA
2025-26,2026-02-21,regular,ORL,PHX
2025-26,2026-02-21,regular,PHI,NOP
2025-26,2026-02-21,regular,SAC,SAS
2025-26,2026-02-22,regular,BKN,ATL
2025-26,2026-02-22,regular,BOS,LAL
2025-26,2026-02-22,regular,CHA,WAS
2025-26,2026-02-22,regular,CLE,OKC
2025-26,2026-02-22,regular,DAL,IND
2025-26,2026-02-22,regular,DEN,GSW
2025-26,2026-02-22,regular,NYK,CHI
2025-26,2026-02-22,regular,ORL,LAC
2025-26,2026-02-22,regular,PHI,MIN
2025-26,2026-02-22,regular,POR,PHX
2025-26,2026-02-22,regular,TOR,MIL
2025-26,2026-02-23,regular,SAC,MEM
2025-26,2026-02-23,regular,SAS,DET
2025-26,2026-02-23,regular,UTA,HOU
2025-26,2026-02-24,regular,BOS,PHX
2025-26,2026-02-24,regular,CHA,CHI
2025-26,2026-02-24,regular,DAL,BKN
2025-26,2026-02-24,regular,GSW,NOP
2025-26,2026-02-24,regular,MIA,MIL
2025-26,2026-02-24,regular,MIN,POR
2025-26,2026-02-24,regular,NYK,CLE
2025-26,2026-02-24,regular,OKC,TOR
2025-26,2026-02-24,regular,ORL,LAL
2025-26,2026-02-24,regular,PHI,IND
2025-26,2026-02-24,regular,WAS,ATL
2025-26,2026-02-25,regular,BOS,DEN
2025-26,2026-02-25,regular,CLE,MIL
2025-26,2026-02-25,regular,GSW,MEM
2025-26,2026-02-25,regular,OKC,DET
2025-26,2026-02-25,regular,SAC,HOU
2025-26,2026-02-25,regular,SAS,TOR
2025-26,2026-02-26,regular,CHA,IND
2025-26,2026-02-26,regular,HOU,ORL
2025-26,2026-02-26,regular,LAL,PHX
2025-26,2026-02-26,regular,MIA,PHI
2025-26,2026-02-26,regular,MIN,LAC
2025-26,2026-02-26,regular,NOP,UTA
2025-26,2026-02-26,regular,POR,CHI
2025-26,2026-02-26,regular,SAC,DAL
2025-26,2026-02-26,regular,SAS,BKN
2025-26,2026-02-26,regular,WAS,ATL
2025-26,2026-02-27,regular,BKN,BOS
2025-26,2026-02-27,regular,CLE,DET
2025-26,2026-02-27,regular,DEN,OKC
2025-26,2026-02-27,regular,MEM,DAL
2025-26,2026-02-27,regular,NYK,MIL
2025-26,2026-02-28,regular,HOU,MIA
2025-26,2026-02-28,regular,LAL,GSW
2025-26,2026-02-28,regular,NOP,UTA
2025-26,2026-02-28,regular,POR,CHA
2025-26,2026-02-28,regular,TOR,WAS
2025-26,2026-03-01,regular,CLE,BKN
2025-26,2026-03-01,regular,DET,ORL
2025-26,2026-03-01,regular,MEM,IND
2025-26,2026-03-01,regular,MIL,CHI
2025-26,2026-03-01,regular,MIN,DEN
2025-26,2026-03-01,regular,NOP,LAC
2025-26,2026-03-01,regular,OKC,DAL
2025-26,2026-03-01,regular,PHI,BOS
2025-26,2026-03-01,regular,POR,ATL
2025-26,2026-03-01,regular,SAC,LAL
2025-26,2026-03-01,regular,SAS,NYK
2025-26,2026-03-02,regular,BOS,MIL
2025-26,2026-03-02,regular,DEN,UTA
2025-26,2026-03-02,regular,HOU,WAS
2025-26,2026-03-02,regular,LAC,GSW
2025-26,2026-03-03,regular,BKN,MIA
2025-26,2026-03-03,regular,DAL,CHA
2025-26,2026-03-03,regular,DET,CLE
2025-26,2026-03-03,regular,MEM,MIN
2025-26,2026-03-03,regular,NOP,LAL
2025-26,2026-03-03,regular,NYK,TOR
2025-26,2026-03-03,regular,OKC,CHI
2025-26,2026-03-03,regular,PHX,SAC
2025-26,2026-03-03,regular,SAS,PHI
2025-26,2026-03-03,regular,WAS,ORL
2025-26,2026-03-04,regular,ATL,MIL
2025-26,2026-03-04,regular,CHA,BOS
2025-26,2026-03-04,regular,IND,LAC
2025-26,2026-03-04,regular,OKC,NYK
2025-26,2026-03-04,regular,POR,MEM
2025-26,2026-03-04,regular,UTA,PHI
2025-26,2026-03-05,regular,BKN,MIA
2025-26,2026-03-05,regular,CHI,PHX
2025-26,2026-03-05,regular,DAL,ORL
2025-26,2026-03-05,regular,DET,SAS
2025-26,2026-03-05,regular,GSW,HOU
2025-26,2026-03-05,regular,LAL,DEN
2025-26,2026-03-05,regular,NOP,SAC
2025-26,2026-03-05,regular,TOR,MIN
2025-26,2026-03-05,regular,UTA,WAS
2025-26,2026-03-06,regular,DAL,BOS
2025-26,2026-03-06,regular,IND,LAL
2025-26,2026-03-06,regular,LAC,SAS
2025-26,2026-03-06,regular,MIA,CHA
2025-26,2026-03-06,regular,NOP,PHX
2025-26,2026-03-06,regular,NYK,DEN
2025-26,2026-03-06,regular,POR,HOU
2025-26,2026-03-07,regular,BKN,DET
2025-26,2026-03-07,regular,GSW,OKC
2025-26,2026-03-07,regular,LAC,MEM
2025-26,2026-03-07,regular,ORL,MIN
2025-26,2026-03-07,regular,PHI,ATL
2025-26,2026-03-07,regular,UTA,MIL
2025-26,2026-03-08,regular,BOS,CLE
2025-26,2026-03-08,regular,CHA,PHX
2025-26,2026-03-08,regular,CHI,SAC
2025-26,2026-03-08,regular,DAL,TOR
2025-26,2026-03-08,regular,DET,MIA
2025-26,2026-03-08,regular,HOU,SAS
2025-26,2026-03-08,regular,IND,POR
2025-26,2026-03-08,regular,NYK,LAL
2025-26,2026-03-08,regular,ORL,MIL
2025-26,2026-03-08,regular,WAS,NOP
2025-26,2026-03-09,regular,DEN,OKC
2025-26,2026-03-09,regular,GSW,UTA
2025-26,2026-03-09,regular,MEM,BKN
2025-26,2026-03-09,regular,NYK,LAC
2025-26,2026-03-09,regular,PHI,CLE
2025-26,2026-03-10,regular,BOS,SAS
2025-26,2026-03-10,regular,CHA,POR
2025-26,2026-03-10,regular,CHI,GSW
2025-26,2026-03-10,regular,DAL,ATL
2025-26,2026-03-10,regular,DET,BKN
2025-26,2026-03-10,regular,IND,SAC
2025-26,2026-03-10,regular,MEM,PHI
2025-26,2026-03-10,regular,MIN,LAL
2025-26,2026-03-10,regular,PHX,MIL
2025-26,2026-03-10,regular,TOR,HOU
2025-26,2026-03-10,regular,WAS,MIA
2025-26,2026-03-11,regular,CHA,SAC
2025-26,2026-03-11,regular,CLE,ORL
2025-26,2026-03-11,regular,HOU,DEN
2025-26,2026-03-11,regular,MIN,LAC
2025-26,2026-03-11,regular,NYK,UTA
2025-26,2026-03-11,regular,TOR,NOP
2025-26,2026-03-12,regular,BKN,ATL
2025-26,2026-03-12,regular,BOS,OKC
2025-26,2026-03-12,regular,CHI,LAL
2025-26,2026-03-12,regular,DAL,MEM
2025-26,2026-03-12,regular,DEN,SAS
2025-26,2026-03-12,regular,MIL,MIA
2025-26,2026-03-12,regular,PHI,DET
2025-26,2026-03-12,regular,PHX,IND
2025-26,2026-03-12,regular,WAS,ORL
2025-26,2026-03-13,regular,CHI,LAC
2025-26,2026-03-13,regular,CLE,DAL
2025-26,2026-03-13,regular,MEM,DET
2025-26,2026-03-13,regular,MIN,GSW
2025-26,2026-03-13,regular,NOP,HOU
2025-26,2026-03-13,regular,NYK,IND
2025-26,2026-03-13,regular,PHX,TOR
2025-26,2026-03-13,regular,UTA,POR
2025-26,2026-03-14,regular,BKN,PHI
2025-26,2026-03-14,regular,CHA,SAS
2025-26,2026-03-14,regular,DEN,LAL
2025-26,2026-03-14,regular,MIL,ATL
2025-26,2026-03-14,regular,ORL,MIA
2025-26,2026-03-14,regular,SAC,LAC
2025-26,2026-03-14,regular,WAS,BOS
2025-26,2026-03-15,regular,DAL,CLE
2025-26,2026-03-15,regular,DET,TOR
2025-26,2026-03-15,regular,GSW,NYK
2025-26,2026-03-15,regular,IND,MIL
2025-26,2026-03-15,regular,MIN,OKC
2025-26,2026-03-15,regular,POR,PHI
2025-26,2026-03-15,regular,UTA,SAC
2025-26,2026-03-16,regular,DAL,NOP
2025-26,2026-03-16,regular,GSW,WAS
2025-26,2026-03-16,regular,LAL,HOU
2025-26,2026-03-16,regular,MEM,CHI
2025-26,2026-03-16,regular,ORL,ATL
2025-26,2026-03-16,regular,PHX,BOS
2025-26,2026-03-16,regular,POR,BKN
2025-26,2026-03-16,regular,SAS,LAC
2025-26,2026-03-17,regular,CLE,MIL
2025-26,2026-03-17,regular,DET,WAS
2025-26,2026-03-17,regular,IND,NYK
2025-26,2026-03-17,regular,MIA,CHA
2025-26,2026-03-17,regular,OKC,ORL
2025-26,2026-03-17,regular,PHI,DEN
2025-26,2026-03-17,regular,PHX,MIN
2025-26,2026-03-17,regular,SAS,SAC
2025-26,2026-03-18,regular,ATL,DAL
2025-26,2026-03-18,regular,DEN,MEM
2025-26,2026-03-18,regular,GSW,BOS
2025-26,2026-03-18,regular,LAC,NOP
2025-26,2026-03-18,regular,LAL,HOU
2025-26,2026-03-18,regular,OKC,BKN
2025-26,2026-03-18,regular,POR,IND
2025-26,2026-03-18,regular,TOR,CHI
2025-26,2026-03-18,regular,UTA,MIN
2025-26,2026-03-19,regular,CLE,CHI
2025-26,2026-03-19,regular,DET,WAS
2025-26,2026-03-19,regular,LAC,NOP
2025-26,2026-03-19,regular,LAL,MIA
2025-26,2026-03-19,regular,MIL,UTA
2025-26,2026-03-19,regular,ORL,CHA
2025-26,2026-03-19,regular,PHI,SAC
2025-26,2026-03-19,regular,PHX,SAS
2025-26,2026-03-20,regular,ATL,HOU
2025-26,2026-03-20,regular,BOS,MEM
2025-26,2026-03-20,regular,GSW,DET
2025-26,2026-03-20,regular,NYK,BKN
2025-26,2026-03-20,regular,POR,MIN
2025-26,2026-03-20,regular,TOR,DEN
2025-26,2026-03-21,regular,CLE,NOP
2025-26,2026-03-21,regular,GSW,ATL
2025-26,2026-03-21,regular,IND,SAS
2025-26,2026-03-21,regular,LAC,DAL
2025-26,2026-03-21,regular,LAL,ORL
2025-26,2026-03-21,regular,MEM,CHA
2025-26,2026-03-21,regular,MIA,HOU
2025-26,2026-03-21,regular,MIL,PHX
2025-26,2026-03-21,regular,OKC,WAS
2025-26,2026-03-21,regular,PHI,UTA
2025-26,2026-03-22,regular,BKN,SAC
2025-26,2026-03-22,regular,MIN,BOS
2025-26,2026-03-22,regular,POR,DEN
2025-26,2026-03-22,regular,TOR,PHX
2025-26,2026-03-22,regular,WAS,NYK
2025-26,2026-03-23,regular,BKN,POR
2025-26,2026-03-23,regular,GSW,DAL
2025-26,2026-03-23,regular,HOU,CHI
2025-26,2026-03-23,regular,IND,ORL
2025-26,2026-03-23,regular,LAL,DET
2025-26,2026-03-23,regular,MEM,ATL
2025-26,2026-03-23,regular,MIL,LAC
2025-26,2026-03-23,regular,OKC,PHI
2025-26,2026-03-23,regular,SAS,MIA
2025-26,2026-03-23,regular,TOR,UTA
2025-26,2026-03-24,regular,DEN,PHX
2025-26,2026-03-24,regular,NOP,NYK
2025-26,2026-03-24,regular,ORL,CLE
2025-26,2026-03-24,regular,SAC,CHA
2025-26,2026-03-25,regular,ATL,DET
2025-26,2026-03-25,regular,BKN,GSW
2025-26,2026-03-25,regular,CHI,PHI
2025-26,2026-03-25,regular,DAL,DEN
2025-26,2026-03-25,regular,HOU,MIN
2025-26,2026-03-25,regular,LAL,IND
2025-26,2026-03-25,regular,MIA,CLE
2025-26,2026-03-25,regular,MIL,POR
2025-26,2026-03-25,regular,OKC,BOS
2025-26,2026-03-25,regular,SAS,MEM
2025-26,2026-03-25,regular,TOR,LAC
2025-26,2026-03-25,regular,WAS,UTA
2025-26,2026-03-26,regular,NOP,DET
2025-26,2026-03-26,regular,NYK,CHA
2025-26,2026-03-26,regular,SAC,ORL
2025-26,2026-03-27,regular,ATL,BOS
2025-26,2026-03-27,regular,BKN,LAL
2025-26,2026-03-27,regular,CHI,OKC
2025-26,2026-03-27,regular,DAL,POR
2025-26,2026-03-27,regular,HOU,MEM
2025-26,2026-03-27,regular,LAC,IND
2025-26,2026-03-27,regular,MIA,CLE
2025-26,2026-03-27,regular,NOP,TOR
2025-26,2026-03-27,regular,UTA,DEN
2025-26,2026-03-27,regular,WAS,GSW
2025-26,2026-03-28,regular,CHI,MEM
2025-26,2026-03-28,regular,DET,MIN
2025-26,2026-03-28,regular,PHI,CHA
2025-26,2026-03-28,regular,SAC,ATL
2025-26,2026-03-28,regular,SAS,MIL
2025-26,2026-03-28,regular,UTA,PHX
2025-26,2026-03-29,regular,BOS,CHA
2025-26,2026-03-29,regular,GSW,DEN
2025-26,2026-03-29,regular,HOU,NOP
2025-26,2026-03-29,regular,LAC,MIL
2025-26,2026-03-29,regular,MIA,IND
2025-26,2026-03-29,regular,NYK,OKC
2025-26,2026-03-29,regular,ORL,TOR
2025-26,2026-03-29,regular,SAC,BKN
2025-26,2026-03-29,regular,WAS,POR
2025-26,2026-03-30,regular,BOS,ATL
2025-26,2026-03-30,regular,CHI,SAS
2025-26,2026-03-30,regular,CLE,UTA
2025-26,2026-03-30,regular,DET,OKC
2025-26,2026-03-30,regular,MIN,DAL
2025-26,2026-03-30,regular,PHI,MIA
2025-26,2026-03-30,regular,PHX,MEM
2025-26,2026-03-30,regular,WAS,LAL
2025-26,2026-03-31,regular,CHA,BKN
2025-26,2026-03-31,regular,CLE,LAL
2025-26,2026-03-31,regular,DAL,MIL
2025-26,2026-03-31,regular,NYK,HOU
2025-26,2026-03-31,regular,PHX,ORL
2025-26,2026-03-31,regular,POR,LAC
2025-26,2026-03-31,regular,TOR,DET
2025-26,2026-04-01,regular,ATL,ORL
2025-26,2026-04-01,regular,BOS,MIA
2025-26,2026-04-01,regular,DEN,UTA
2025-26,2026-04-01,regular,IND,CHI
2025-26,2026-04-01,regular,MIL,HOU
2025-26,2026-04-01,regular,NYK,MEM
2025-26,2026-04-01,regular,PHI,WAS
2025-26,2026-04-01,regular,SAC,TOR
2025-26,2026-04-01,regular,SAS,GSW
2025-26,2026-04-02,regular,CLE,GSW
2025-26,2026-04-02,regular,LAL,OKC
2025-26,2026-04-02,regular,MIN,DET
2025-26,2026-04-02,regular,NOP,POR
2025-26,2026-04-02,regular,PHX,CHA
2025-26,2026-04-02,regular,SAS,LAC
2025-26,2026-04-03,regular,ATL,BKN
2025-26,2026-04-03,regular,BOS,MIL
2025-26,2026-04-03,regular,CHI,NYK
2025-26,2026-04-03,regular,IND,CHA
2025-26,2026-04-03,regular,MIN,PHI
2025-26,2026-04-03,regular,NOP,SAC
2025-26,2026-04-03,regular,ORL,DAL
2025-26,2026-04-03,regular,TOR,MEM
2025-26,2026-04-03,regular,UTA,HOU
2025-26,2026-04-04,regular,DET,PHI
2025-26,2026-04-04,regular,SAS,DEN
2025-26,2026-04-04,regular,WAS,MIA
2025-26,2026-04-05,regular,CHA,MIN
2025-26,2026-04-05,regular,HOU,GSW
2025-26,2026-04-05,regular,IND,CLE
2025-26,2026-04-05,regular,LAC,SAC
2025-26,2026-04-05,regular,LAL,DAL
2025-26,2026-04-05,regular,MEM,MIL
2025-26,2026-04-05,regular,ORL,NOP
2025-26,2026-04-05,regular,PHX,CHI
2025-26,2026-04-05,regular,TOR,BOS
2025-26,2026-04-05,regular,UTA,OKC
2025-26,2026-04-05,regular,WAS,BKN
2025-26,2026-04-06,regular,CLE,MEM
2025-26,2026-04-06,regular,DET,ORL
2025-26,2026-04-06,regular,NYK,ATL
2025-26,2026-04-06,regular,PHI,SAS
2025-26,2026-04-06,regular,POR,DEN
2025-26,2026-04-07,regular,CHA,BOS
2025-26,2026-04-07,regular,CHI,WAS
2025-26,2026-04-07,regular,DAL,LAC
2025-26,2026-04-07,regular,HOU,PHX
2025-26,2026-04-07,regular,MIA,TOR
2025-26,2026-04-07,regular,MIL,BKN
2025-26,2026-04-07,regular,MIN,IND
2025-26,2026-04-07,regular,OKC,LAL
2025-26,2026-04-07,regular,SAC,GSW
2025-26,2026-04-07,regular,UTA,NOP
2025-26,2026-04-08,regular,ATL,CLE
2025-26,2026-04-08,regular,DAL,PHX
2025-26,2026-04-08,regular,MEM,DEN
2025-26,2026-04-08,regular,MIL,DET
2025-26,2026-04-08,regular,MIN,ORL
2025-26,2026-04-08,regular,OKC,LAC
2025-26,2026-04-08,regular,POR,SAS
2025-26,2026-04-09,regular,BOS,NYK
2025-26,2026-04-09,regular,CHI,WAS
2025-26,2026-04-09,regular,IND,BKN
2025-26,2026-04-09,regular,LAL,GSW
2025-26,2026-04-09,regular,MIA,TOR
2025-26,2026-04-09,regular,PHI,HOU
2025-26,2026-04-10,regular,BKN,MIL
2025-26,2026-04-10,regular,CLE,ATL
2025-26,2026-04-10,regular,DAL,SAS
2025-26,2026-04-10,regular,DET,CHA
2025-26,2026-04-10,regular,GSW,SAC
2025-26,2026-04-10,regular,LAC,POR
2025-26,2026-04-10,regular,MEM,UTA
2025-26,2026-04-10,regular,MIA,WAS
2025-26,2026-04-10,regular,MIN,HOU
2025-26,2026-04-10,regular,NOP,BOS
2025-26,2026-04-10,regular,OKC,DEN
2025-26,2026-04-10,regular,ORL,CHI
2025-26,2026-04-10,regular,PHI,IND
2025-26,2026-04-10,regular,PHX,LAL
2025-26,2026-04-10,regular,TOR,NYK
2025-26,2026-04-12,regular,ATL,MIA
2025-26,2026-04-12,regular,BKN,TOR
2025-26,2026-04-12,regular,CHA,NYK
2025-26,2026-04-12,regular,CHI,DAL
2025-26,2026-04-12,regular,DEN,SAS
2025-26,2026-04-12,regular,DET,IND
2025-26,2026-04-12,regular,GSW,LAC
2025-26,2026-04-12,regular,MEM,HOU
2025-26,2026-04-12,regular,MIL,PHI
2025-26,2026-04-12,regular,NOP,MIN
2025-26,2026-04-12,regular,ORL,BOS
2025-26,2026-04-12,regular,PHX,OKC
2025-26,2026-04-12,regular,SAC,POR
2025-26,2026-04-12,regular,UTA,LAL
2025-26,2026-04-12,regular,WAS,CLE
2025-26,2026-04-14,play_in,MIA,CHA
2025-26,2026-04-14,play_in,POR,PHX
2025-26,2026-04-15,play_in,GSW,LAC
2025-26,2026-04-15,play_in,ORL,PHI
2025-26,2026-04-17,play_in,CHA,ORL
2025-26,2026-04-17,play_in,GSW,PHX
2025-26,2026-04-18,playoffs,ATL,NYK
2025-26,2026-04-18,playoffs,HOU,LAL
2025-26,2026-04-18,playoffs,MIN,DEN
2025-26,2026-04-18,playoffs,TOR,CLE
2025-26,2026-04-19,playoffs,ORL,DET
2025-26,2026-04-19,playoffs,PHI,BOS
2025-26,2026-04-19,playoffs,PHX,OKC
2025-26,2026-04-19,playoffs,POR,SAS
2025-26,2026-04-20,playoffs,ATL,NYK
2025-26,2026-04-20,playoffs,MIN,DEN
2025-26,2026-04-20,playoffs,TOR,CLE
2025-26,2026-04-21,playoffs,HOU,LAL
2025-26,2026-04-21,playoffs,PHI,BOS
2025-26,2026-04-21,playoffs,POR,SAS
2025-26,2026-04-22,playoffs,ORL,DET
2025-26,2026-04-22,playoffs,PHX,OKC
2025-26,2026-04-23,playoffs,CLE,TOR
2025-26,2026-04-23,playoffs,DEN,MIN
2025-26,2026-04-23,playoffs,NYK,ATL
2025-26,2026-04-24,playoffs,BOS,PHI
2025-26,2026-04-24,playoffs,LAL,HOU
2025-26,2026-04-24,playoffs,SAS,POR
2025-26,2026-04-25,playoffs,DEN,MIN
2025-26,2026-04-25,playoffs,DET,ORL
2025-26,2026-04-25,playoffs,NYK,ATL
2025-26,2026-04-25,playoffs,OKC,PHX
2025-26,2026-04-26,playoffs,BOS,PHI
2025-26,2026-04-26,playoffs,CLE,TOR
2025-26,2026-04-26,playoffs,LAL,HOU
2025-26,2026-04-26,playoffs,SAS,POR
2025-26,2026-04-27,playoffs,DET,ORL
2025-26,2026-04-27,playoffs,MIN,DEN
2025-26,2026-04-27,playoffs,OKC,PHX
2025-26,2026-04-28,playoffs,ATL,NYK
2025-26,2026-04-28,playoffs,PHI,BOS
2025-26,2026-04-28,playoffs,POR,SAS
2025-26,2026-04-29,playoffs,HOU,LAL
2025-26,2026-04-29,playoffs,ORL,DET
2025-26,2026-04-29,playoffs,TOR,CLE
2025-26,2026-04-30,playoffs,BOS,PHI
2025-26,2026-04-30,playoffs,DEN,MIN
2025-26,2026-04-30,playoffs,NYK,ATL
2025-26,2026-05-01,playoffs,CLE,TOR
2025-26,2026-05-01,playoffs,DET,ORL
2025-26,2026-05-01,playoffs,LAL,HOU
2025-26,2026-05-02,playoffs,PHI,BOS
2025-26,2026-05-03,playoffs,ORL,DET
2025-26,2026-05-03,playoffs,TOR,CLE
2025-26,2026-05-04,playoffs,MIN,SAS
2025-26,2026-05-04,playoffs,PHI,NYK
2025-26,2026-05-05,playoffs,CLE,DET
2025-26,2026-05-05,playoffs,LAL,OKC
2025-26,2026-05-06,playoffs,MIN,SAS
2025-26,2026-05-06,playoffs,PHI,NYK
2025-26,2026-05-07,playoffs,CLE,DET
2025-26,2026-05-07,playoffs,LAL,OKC
2025-26,2026-05-08,playoffs,NYK,PHI
2025-26,2026-05-08,playoffs,SAS,MIN
2025-26,2026-05-09,playoffs,DET,CLE
2025-26,2026-05-09,playoffs,OKC,LAL
2025-26,2026-05-10,playoffs,NYK,PHI
2025-26,2026-05-10,playoffs,SAS,MIN
2025-26,2026-05-11,playoffs,DET,CLE
2025-26,2026-05-11,playoffs,OKC,LAL
2025-26,2026-05-12,playoffs,MIN,SAS
2025-26,2026-05-13,playoffs,CLE,DET
2025-26,2026-05-15,playoffs,DET,CLE
2025-26,2026-05-15,playoffs,SAS,MIN
2025-26,2026-05-17,playoffs,CLE,DET
2025-26,2026-05-18,playoffs,SAS,OKC
2025-26,2026-05-19,playoffs,CLE,NYK
2025-26,2026-05-20,playoffs,SAS,OKC
2025-26,2026-05-21,playoffs,CLE,NYK
2025-26,2026-05-22,playoffs,OKC,SAS
2025-26,2026-05-23,playoffs,NYK,CLE
2025-26,2026-05-24,playoffs,OKC,SAS
2025-26,2026-05-25,playoffs,NYK,CLE
2025-26,2026-05-26,playoffs,SAS,OKC
2025-26,2026-05-28,playoffs,OKC,SAS
2025-26,2026-05-30,playoffs,SAS,OKC
2025-26,2026-06-03,playoffs,NYK,SAS
2025-26,2026-06-05,playoffs,NYK,SAS
2025-26,2026-06-08,playoffs,SAS,NYK
2025-26,2026-06-10,playoffs,SAS,NYK
2025-26,2026-06-13,playoffs,NYK,SAS
