SEASON_ID,TEAM_ABBREVIATION,TEAM_NAME,GAME_ID,GAME_DATE,MATCHUP,WL
22018,BOS,Boston Celtics,0021800001,2018-10-16,BOS vs. PHI,W
22018,PHI,Philadelphia 76ers,0021800001,2018-10-16,PHI @ BOS,L
22018,OKC,Oklahoma City Thunder,0021800002,2018-10-16,OKC @ GSW,L
22018,GSW,Golden State Warriors,0021800002,2018-10-16,GSW vs. OKC,W
22018,ORL,Orlando Magic,0021800006,2018-10-17,ORL vs. MIA,W
22018,CHA,Charlotte Hornets,0021800003,2018-10-17,CHA vs. MIL,L
22018,SAS,San Antonio Spurs,0021800010,2018-10-17,SAS vs. MIN,W
22018,DET,Detroit Pistons,0021800004,2018-10-17,DET vs. BKN,W
22018,ATL,Atlanta Hawks,0021800007,2018-10-17,ATL @ NYK,L
22018,MIA,Miami Heat,0021800006,2018-10-17,MIA @ ORL,L
22018,MEM,Memphis Grizzlies,0021800005,2018-10-17,MEM @ IND,L
22018,DAL,Dallas Mavericks,0021800013,2018-10-17,DAL @ PHX,L
22018,UTA,Utah Jazz,0021800011,2018-10-17,UTA @ SAC,W
22018,MIN,Minnesota Timberwolves,0021800010,2018-10-17,MIN @ SAS,L
22018,NYK,New York Knicks,0021800007,2018-10-17,NYK vs. ATL,W
22018,TOR,Toronto Raptors,0021800008,2018-10-17,TOR vs. CLE,W
22018,HOU,Houston Rockets,0021800009,2018-10-17,HOU vs. NOP,L
22018,PHX,Phoenix Suns,0021800013,2018-10-17,PHX vs. DAL,W
22018,LAC,LA Clippers,0021800012,2018-10-17,LAC vs. DEN,L
22018,NOP,New Orleans Pelicans,0021800009,2018-10-17,NOP @ HOU,W
22018,DEN,Denver Nuggets,0021800012,2018-10-17,DEN @ LAC,W
22018,CLE,Cleveland Cavaliers,0021800008,2018-10-17,CLE @ TOR,L
22018,SAC,Sacramento Kings,0021800011,2018-10-17,SAC vs. UTA,L
22018,IND,Indiana Pacers,0021800005,2018-10-17,IND vs. MEM,W
22018,BKN,Brooklyn Nets,0021800004,2018-10-17,BKN @ DET,L
22018,MIL,Milwaukee Bucks,0021800003,2018-10-17,MIL @ CHA,W
22018,POR,Portland Trail Blazers,0021800016,2018-10-18,POR vs. LAL,W
22018,WAS,Washington Wizards,0021800015,2018-10-18,WAS vs. MIA,L
22018,CHI,Chicago Bulls,0021800014,2018-10-18,CHI @ PHI,L
22018,LAL,Los Angeles Lakers,0021800016,2018-10-18,LAL @ POR,L
22018,PHI,Philadelphia 76ers,0021800014,2018-10-18,PHI vs. CHI,W
22018,MIA,Miami Heat,0021800015,2018-10-18,MIA @ WAS,W
22018,IND,Indiana Pacers,0021800023,2018-10-19,IND @ MIL,L
22018,CLE,Cleveland Cavaliers,0021800021,2018-10-19,CLE @ MIN,L
22018,NYK,New York Knicks,0021800018,2018-10-19,NYK @ BKN,L
22018,BKN,Brooklyn Nets,0021800018,2018-10-19,BKN vs. NYK,W
22018,CHA,Charlotte Hornets,0021800017,2018-10-19,CHA @ ORL,W
22018,MIL,Milwaukee Bucks,0021800023,2018-10-19,MIL vs. IND,W
22018,NOP,New Orleans Pelicans,0021800022,2018-10-19,NOP vs. SAC,W
22018,MEM,Memphis Grizzlies,0021800020,2018-10-19,MEM vs. ATL,W
22018,TOR,Toronto Raptors,0021800019,2018-10-19,TOR vs. BOS,W
22018,MIN,Minnesota Timberwolves,0021800021,2018-10-19,MIN vs. CLE,W
22018,SAC,Sacramento Kings,0021800022,2018-10-19,SAC @ NOP,L
22018,UTA,Utah Jazz,0021800024,2018-10-19,UTA vs. GSW,L
22018,OKC,Oklahoma City Thunder,0021800025,2018-10-19,OKC @ LAC,L
22018,LAC,LA Clippers,0021800025,2018-10-19,LAC vs. OKC,W
22018,BOS,Boston Celtics,0021800019,2018-10-19,BOS @ TOR,L
22018,GSW,Golden State Warriors,0021800024,2018-10-19,GSW @ UTA,W
22018,ATL,Atlanta Hawks,0021800020,2018-10-19,ATL @ MEM,L
22018,ORL,Orlando Magic,0021800017,2018-10-19,ORL vs. CHA,L
22018,HOU,Houston Rockets,0021800035,2018-10-20,HOU @ LAL,W
22018,CHA,Charlotte Hornets,0021800030,2018-10-20,CHA @ MIA,W
22018,DAL,Dallas Mavericks,0021800032,2018-10-20,DAL vs. MIN,W
22018,IND,Indiana Pacers,0021800026,2018-10-20,IND vs. BKN,W
22018,BOS,Boston Celtics,0021800028,2018-10-20,BOS @ NYK,W
22018,PHI,Philadelphia 76ers,0021800029,2018-10-20,PHI vs. ORL,W
22018,BKN,Brooklyn Nets,0021800026,2018-10-20,BKN @ IND,L
22018,ORL,Orlando Magic,0021800029,2018-10-20,ORL @ PHI,L
22018,DEN,Denver Nuggets,0021800033,2018-10-20,DEN vs. PHX,W
22018,SAS,San Antonio Spurs,0021800034,2018-10-20,SAS @ POR,L
22018,POR,Portland Trail Blazers,0021800034,2018-10-20,POR vs. SAS,W
22018,NYK,New York Knicks,0021800028,2018-10-20,NYK vs. BOS,L
22018,DET,Detroit Pistons,0021800031,2018-10-20,DET @ CHI,W
22018,MIN,Minnesota Timberwolves,0021800032,2018-10-20,MIN @ DAL,L
22018,PHX,Phoenix Suns,0021800033,2018-10-20,PHX @ DEN,L
22018,LAL,Los Angeles Lakers,0021800035,2018-10-20,LAL vs. HOU,L
22018,WAS,Washington Wizards,0021800027,2018-10-20,WAS vs. TOR,L
22018,TOR,Toronto Raptors,0021800027,2018-10-20,TOR @ WAS,W
22018,CHI,Chicago Bulls,0021800031,2018-10-20,CHI vs. DET,L
22018,MIA,Miami Heat,0021800030,2018-10-20,MIA vs. CHA,L
22018,OKC,Oklahoma City Thunder,0021800037,2018-10-21,OKC vs. SAC,L
22018,CLE,Cleveland Cavaliers,0021800036,2018-10-21,CLE vs. ATL,L
22018,ATL,Atlanta Hawks,0021800036,2018-10-21,ATL @ CLE,W
22018,GSW,Golden State Warriors,0021800038,2018-10-21,GSW @ DEN,L
22018,DEN,Denver Nuggets,0021800038,2018-10-21,DEN vs. GSW,W
22018,LAC,LA Clippers,0021800039,2018-10-21,LAC vs. HOU,W
22018,HOU,Houston Rockets,0021800039,2018-10-21,HOU @ LAC,L
22018,SAC,Sacramento Kings,0021800037,2018-10-21,SAC @ OKC,W
22018,SAS,San Antonio Spurs,0021800048,2018-10-22,SAS @ LAL,W
22018,NYK,New York Knicks,0021800042,2018-10-22,NYK @ MIL,L
22018,IND,Indiana Pacers,0021800043,2018-10-22,IND @ MIN,L
22018,MIL,Milwaukee Bucks,0021800042,2018-10-22,MIL vs. NYK,W
22018,BOS,Boston Celtics,0021800040,2018-10-22,BOS vs. ORL,L
22018,MIN,Minnesota Timberwolves,0021800043,2018-10-22,MIN vs. IND,W
22018,GSW,Golden State Warriors,0021800047,2018-10-22,GSW vs. PHX,W
22018,WAS,Washington Wizards,0021800046,2018-10-22,WAS @ POR,W
22018,LAL,Los Angeles Lakers,0021800048,2018-10-22,LAL vs. SAS,L
22018,ORL,Orlando Magic,0021800040,2018-10-22,ORL @ BOS,W
22018,DAL,Dallas Mavericks,0021800044,2018-10-22,DAL vs. CHI,W
22018,CHI,Chicago Bulls,0021800044,2018-10-22,CHI @ DAL,L
22018,PHX,Phoenix Suns,0021800047,2018-10-22,PHX @ GSW,L
22018,CHA,Charlotte Hornets,0021800041,2018-10-22,CHA @ TOR,L
22018,MEM,Memphis Grizzlies,0021800045,2018-10-22,MEM @ UTA,W
22018,UTA,Utah Jazz,0021800045,2018-10-22,UTA vs. MEM,L
22018,POR,Portland Trail Blazers,0021800046,2018-10-22,POR vs. WAS,L
22018,TOR,Toronto Raptors,0021800041,2018-10-22,TOR vs. CHA,W
22018,DET,Detroit Pistons,0021800049,2018-10-23,DET vs. PHI,W
22018,DEN,Denver Nuggets,0021800051,2018-10-23,DEN vs. SAC,W
22018,LAC,LA Clippers,0021800050,2018-10-23,LAC @ NOP,L
22018,SAC,Sacramento Kings,0021800051,2018-10-23,SAC @ DEN,L
22018,NOP,New Orleans Pelicans,0021800050,2018-10-23,NOP vs. LAC,W
22018,PHI,Philadelphia 76ers,0021800049,2018-10-23,PHI @ DET,L
22018,PHX,Phoenix Suns,0021800060,2018-10-24,PHX vs. LAL,L
22018,NYK,New York Knicks,0021800054,2018-10-24,NYK @ MIA,L
22018,PHI,Philadelphia 76ers,0021800059,2018-10-24,PHI @ MIL,L
22018,TOR,Toronto Raptors,0021800055,2018-10-24,TOR vs. MIN,W
22018,CLE,Cleveland Cavaliers,0021800053,2018-10-24,CLE vs. BKN,L
22018,MIA,Miami Heat,0021800054,2018-10-24,MIA vs. NYK,W
22018,SAS,San Antonio Spurs,0021800058,2018-10-24,SAS vs. IND,L
22018,MIL,Milwaukee Bucks,0021800059,2018-10-24,MIL vs. PHI,W
22018,LAL,Los Angeles Lakers,0021800060,2018-10-24,LAL @ PHX,W
22018,MEM,Memphis Grizzlies,0021800061,2018-10-24,MEM @ SAC,L
22018,IND,Indiana Pacers,0021800058,2018-10-24,IND @ SAS,W
22018,DAL,Dallas Mavericks,0021800052,2018-10-24,DAL @ ATL,L
22018,BKN,Brooklyn Nets,0021800053,2018-10-24,BKN @ CLE,W
22018,CHA,Charlotte Hornets,0021800056,2018-10-24,CHA @ CHI,L
22018,ATL,Atlanta Hawks,0021800052,2018-10-24,ATL vs. DAL,W
22018,WAS,Washington Wizards,0021800062,2018-10-24,WAS @ GSW,L
22018,UTA,Utah Jazz,0021800057,2018-10-24,UTA @ HOU,W
22018,MIN,Minnesota Timberwolves,0021800055,2018-10-24,MIN @ TOR,L
22018,HOU,Houston Rockets,0021800057,2018-10-24,HOU vs. UTA,L
22018,SAC,Sacramento Kings,0021800061,2018-10-24,SAC vs. MEM,W
22018,GSW,Golden State Warriors,0021800062,2018-10-24,GSW vs. WAS,W
22018,CHI,Chicago Bulls,0021800056,2018-10-24,CHI vs. CHA,W
22018,DEN,Denver Nuggets,0021800066,2018-10-25,DEN @ LAL,L
22018,POR,Portland Trail Blazers,0021800064,2018-10-25,POR @ ORL,W
22018,ORL,Orlando Magic,0021800064,2018-10-25,ORL vs. POR,L
22018,OKC,Oklahoma City Thunder,0021800065,2018-10-25,OKC vs. BOS,L
22018,DET,Detroit Pistons,0021800063,2018-10-25,DET vs. CLE,W
22018,LAL,Los Angeles Lakers,0021800066,2018-10-25,LAL vs. DEN,W
22018,BOS,Boston Celtics,0021800065,2018-10-25,BOS @ OKC,W
22018,CLE,Cleveland Cavaliers,0021800063,2018-10-25,CLE @ DET,L
22018,MIN,Minnesota Timberwolves,0021800071,2018-10-26,MIN vs. MIL,L
22018,MIL,Milwaukee Bucks,0021800071,2018-10-26,MIL @ MIN,W
22018,NOP,New Orleans Pelicans,0021800072,2018-10-26,NOP vs. BKN,W
22018,GSW,Golden State Warriors,0021800068,2018-10-26,GSW @ NYK,W
22018,WAS,Washington Wizards,0021800073,2018-10-26,WAS @ SAC,L
22018,BKN,Brooklyn Nets,0021800072,2018-10-26,BKN @ NOP,L
22018,CHA,Charlotte Hornets,0021800067,2018-10-26,CHA vs. CHI,W
22018,TOR,Toronto Raptors,0021800069,2018-10-26,TOR vs. DAL,W
22018,NYK,New York Knicks,0021800068,2018-10-26,NYK vs. GSW,L
22018,LAC,LA Clippers,0021800070,2018-10-26,LAC @ HOU,W
22018,HOU,Houston Rockets,0021800070,2018-10-26,HOU vs. LAC,L
22018,DAL,Dallas Mavericks,0021800069,2018-10-26,DAL @ TOR,L
22018,SAC,Sacramento Kings,0021800073,2018-10-26,SAC vs. WAS,W
22018,CHI,Chicago Bulls,0021800067,2018-10-26,CHI @ CHA,L
22018,SAS,San Antonio Spurs,0021800082,2018-10-27,SAS vs. LAL,W
22018,POR,Portland Trail Blazers,0021800079,2018-10-27,POR @ MIA,L
22018,ORL,Orlando Magic,0021800081,2018-10-27,ORL @ MIL,L
22018,MIL,Milwaukee Bucks,0021800081,2018-10-27,MIL vs. ORL,W
22018,CLE,Cleveland Cavaliers,0021800077,2018-10-27,CLE vs. IND,L
22018,CHA,Charlotte Hornets,0021800078,2018-10-27,CHA @ PHI,L
22018,MEM,Memphis Grizzlies,0021800080,2018-10-27,MEM vs. PHX,W
22018,MIA,Miami Heat,0021800079,2018-10-27,MIA vs. POR,W
22018,LAL,Los Angeles Lakers,0021800082,2018-10-27,LAL @ SAS,L
22018,CHI,Chicago Bulls,0021800076,2018-10-27,CHI @ ATL,W
22018,DET,Detroit Pistons,0021800074,2018-10-27,DET vs. BOS,L
22018,IND,Indiana Pacers,0021800077,2018-10-27,IND @ CLE,W
22018,UTA,Utah Jazz,0021800075,2018-10-27,UTA @ NOP,W
22018,ATL,Atlanta Hawks,0021800076,2018-10-27,ATL vs. CHI,L
22018,NOP,New Orleans Pelicans,0021800075,2018-10-27,NOP vs. UTA,L
22018,PHX,Phoenix Suns,0021800080,2018-10-27,PHX @ MEM,L
22018,BOS,Boston Celtics,0021800074,2018-10-27,BOS @ DET,W
22018,PHI,Philadelphia 76ers,0021800078,2018-10-27,PHI vs. CHA,W
22018,GSW,Golden State Warriors,0021800083,2018-10-28,GSW @ BKN,W
22018,OKC,Oklahoma City Thunder,0021800085,2018-10-28,OKC vs. PHX,W
22018,UTA,Utah Jazz,0021800084,2018-10-28,UTA @ DAL,W
22018,BKN,Brooklyn Nets,0021800083,2018-10-28,BKN vs. GSW,L
22018,WAS,Washington Wizards,0021800086,2018-10-28,WAS @ LAC,L
22018,PHX,Phoenix Suns,0021800085,2018-10-28,PHX @ OKC,L
22018,DAL,Dallas Mavericks,0021800084,2018-10-28,DAL vs. UTA,L
22018,LAC,LA Clippers,0021800086,2018-10-28,LAC vs. WAS,W
22018,MIN,Minnesota Timberwolves,0021800093,2018-10-29,MIN vs. LAL,W
22018,SAC,Sacramento Kings,0021800089,2018-10-29,SAC @ MIA,W
22018,TOR,Toronto Raptors,0021800092,2018-10-29,TOR @ MIL,L
22018,LAL,Los Angeles Lakers,0021800093,2018-10-29,LAL @ MIN,L
22018,NYK,New York Knicks,0021800090,2018-10-29,NYK vs. BKN,W
22018,BKN,Brooklyn Nets,0021800090,2018-10-29,BKN @ NYK,L
22018,POR,Portland Trail Blazers,0021800087,2018-10-29,POR @ IND,W
22018,ATL,Atlanta Hawks,0021800088,2018-10-29,ATL @ PHI,L
22018,IND,Indiana Pacers,0021800087,2018-10-29,IND vs. POR,L
22018,MIA,Miami Heat,0021800089,2018-10-29,MIA vs. SAC,L
22018,DAL,Dallas Mavericks,0021800094,2018-10-29,DAL @ SAS,L
22018,PHI,Philadelphia 76ers,0021800088,2018-10-29,PHI vs. ATL,W
22018,DEN,Denver Nuggets,0021800095,2018-10-29,DEN vs. NOP,W
22018,GSW,Golden State Warriors,0021800091,2018-10-29,GSW @ CHI,W
22018,SAS,San Antonio Spurs,0021800094,2018-10-29,SAS vs. DAL,W
22018,NOP,New Orleans Pelicans,0021800095,2018-10-29,NOP @ DEN,L
22018,CHI,Chicago Bulls,0021800091,2018-10-29,CHI vs. GSW,L
22018,MIL,Milwaukee Bucks,0021800092,2018-10-29,MIL vs. TOR,W
22018,CHA,Charlotte Hornets,0021800096,2018-10-30,CHA vs. MIA,W
22018,SAC,Sacramento Kings,0021800098,2018-10-30,SAC @ ORL,W
22018,TOR,Toronto Raptors,0021800100,2018-10-30,TOR vs. PHI,W
22018,HOU,Houston Rockets,0021800101,2018-10-30,HOU vs. POR,L
22018,ORL,Orlando Magic,0021800098,2018-10-30,ORL vs. SAC,L
22018,CLE,Cleveland Cavaliers,0021800097,2018-10-30,CLE vs. ATL,W
22018,DET,Detroit Pistons,0021800099,2018-10-30,DET @ BOS,L
22018,ATL,Atlanta Hawks,0021800097,2018-10-30,ATL @ CLE,L
22018,POR,Portland Trail Blazers,0021800101,2018-10-30,POR @ HOU,W
22018,OKC,Oklahoma City Thunder,0021800103,2018-10-30,OKC vs. LAC,W
22018,LAC,LA Clippers,0021800103,2018-10-30,LAC @ OKC,L
22018,PHI,Philadelphia 76ers,0021800100,2018-10-30,PHI @ TOR,L
22018,WAS,Washington Wizards,0021800102,2018-10-30,WAS @ MEM,L
22018,MEM,Memphis Grizzlies,0021800102,2018-10-30,MEM vs. WAS,W
22018,BOS,Boston Celtics,0021800099,2018-10-30,BOS vs. DET,W
22018,MIA,Miami Heat,0021800096,2018-10-30,MIA @ CHA,L
22018,DAL,Dallas Mavericks,0021800109,2018-10-31,DAL @ LAL,L
22018,UTA,Utah Jazz,0021800107,2018-10-31,UTA @ MIN,L
22018,DET,Detroit Pistons,0021800104,2018-10-31,DET @ BKN,L
22018,IND,Indiana Pacers,0021800105,2018-10-31,IND @ NYK,W
22018,NYK,New York Knicks,0021800105,2018-10-31,NYK vs. IND,L
22018,SAS,San Antonio Spurs,0021800110,2018-10-31,SAS @ PHX,W
22018,PHX,Phoenix Suns,0021800110,2018-10-31,PHX vs. SAS,L
22018,GSW,Golden State Warriors,0021800108,2018-10-31,GSW vs. NOP,W
22018,DEN,Denver Nuggets,0021800106,2018-10-31,DEN @ CHI,W
22018,LAL,Los Angeles Lakers,0021800109,2018-10-31,LAL vs. DAL,W
22018,CHI,Chicago Bulls,0021800106,2018-10-31,CHI vs. DEN,L
22018,NOP,New Orleans Pelicans,0021800108,2018-10-31,NOP @ GSW,L
22018,MIN,Minnesota Timberwolves,0021800107,2018-10-31,MIN vs. UTA,W
22018,BKN,Brooklyn Nets,0021800104,2018-10-31,BKN vs. DET,W
22018,BOS,Boston Celtics,0021800115,2018-11-01,BOS vs. MIL,W
22018,LAC,LA Clippers,0021800113,2018-11-01,LAC @ PHI,L
22018,NOP,New Orleans Pelicans,0021800116,2018-11-01,NOP @ POR,L
22018,ATL,Atlanta Hawks,0021800114,2018-11-01,ATL vs. SAC,L
22018,SAC,Sacramento Kings,0021800114,2018-11-01,SAC @ ATL,W
22018,MIL,Milwaukee Bucks,0021800115,2018-11-01,MIL @ BOS,L
22018,DEN,Denver Nuggets,0021800112,2018-11-01,DEN @ CLE,W
22018,POR,Portland Trail Blazers,0021800116,2018-11-01,POR vs. NOP,W
22018,CLE,Cleveland Cavaliers,0021800112,2018-11-01,CLE vs. DEN,L
22018,PHI,Philadelphia 76ers,0021800113,2018-11-01,PHI vs. LAC,W
22018,CHA,Charlotte Hornets,0021800111,2018-11-01,CHA vs. OKC,L
22018,OKC,Oklahoma City Thunder,0021800111,2018-11-01,OKC @ CHA,W
22018,GSW,Golden State Warriors,0021800124,2018-11-02,GSW vs. MIN,W
22018,HOU,Houston Rockets,0021800118,2018-11-02,HOU @ BKN,W
22018,DAL,Dallas Mavericks,0021800121,2018-11-02,DAL vs. NYK,L
22018,LAC,LA Clippers,0021800117,2018-11-02,LAC @ ORL,W
22018,CHI,Chicago Bulls,0021800120,2018-11-02,CHI vs. IND,L
22018,TOR,Toronto Raptors,0021800123,2018-11-02,TOR @ PHX,W
22018,IND,Indiana Pacers,0021800120,2018-11-02,IND @ CHI,W
22018,NYK,New York Knicks,0021800121,2018-11-02,NYK @ DAL,W
22018,MIN,Minnesota Timberwolves,0021800124,2018-11-02,MIN @ GSW,L
22018,BKN,Brooklyn Nets,0021800118,2018-11-02,BKN vs. HOU,L
22018,ORL,Orlando Magic,0021800117,2018-11-02,ORL vs. LAC,L
22018,WAS,Washington Wizards,0021800119,2018-11-02,WAS vs. OKC,L
22018,PHX,Phoenix Suns,0021800123,2018-11-02,PHX vs. TOR,L
22018,MEM,Memphis Grizzlies,0021800122,2018-11-02,MEM @ UTA,W
22018,UTA,Utah Jazz,0021800122,2018-11-02,UTA vs. MEM,L
22018,OKC,Oklahoma City Thunder,0021800119,2018-11-02,OKC @ WAS,W
22018,POR,Portland Trail Blazers,0021800132,2018-11-03,POR vs. LAL,L
22018,ATL,Atlanta Hawks,0021800128,2018-11-03,ATL vs. MIA,W
22018,BOS,Boston Celtics,0021800127,2018-11-03,BOS @ IND,L
22018,DET,Detroit Pistons,0021800125,2018-11-03,DET @ PHI,L
22018,LAL,Los Angeles Lakers,0021800132,2018-11-03,LAL @ POR,W
22018,NOP,New Orleans Pelicans,0021800130,2018-11-03,NOP @ SAS,L
22018,MIA,Miami Heat,0021800128,2018-11-03,MIA @ ATL,L
22018,IND,Indiana Pacers,0021800127,2018-11-03,IND vs. BOS,W
22018,CHA,Charlotte Hornets,0021800126,2018-11-03,CHA vs. CLE,W
22018,SAS,San Antonio Spurs,0021800130,2018-11-03,SAS vs. NOP,W
22018,HOU,Houston Rockets,0021800129,2018-11-03,HOU @ CHI,W
22018,UTA,Utah Jazz,0021800131,2018-11-03,UTA @ DEN,L
22018,CHI,Chicago Bulls,0021800129,2018-11-03,CHI vs. HOU,L
22018,DEN,Denver Nuggets,0021800131,2018-11-03,DEN vs. UTA,W
22018,PHI,Philadelphia 76ers,0021800125,2018-11-03,PHI vs. DET,W
22018,CLE,Cleveland Cavaliers,0021800126,2018-11-03,CLE @ CHA,L
22018,TOR,Toronto Raptors,0021800139,2018-11-04,TOR @ LAL,W
22018,SAC,Sacramento Kings,0021800133,2018-11-04,SAC @ MIL,L
22018,POR,Portland Trail Blazers,0021800138,2018-11-04,POR vs. MIN,W
22018,PHI,Philadelphia 76ers,0021800134,2018-11-04,PHI @ BKN,L
22018,WAS,Washington Wizards,0021800135,2018-11-04,WAS vs. NYK,W
22018,SAS,San Antonio Spurs,0021800137,2018-11-04,SAS vs. ORL,L
22018,BKN,Brooklyn Nets,0021800134,2018-11-04,BKN vs. PHI,W
22018,MEM,Memphis Grizzlies,0021800136,2018-11-04,MEM @ PHX,L
22018,MIN,Minnesota Timberwolves,0021800138,2018-11-04,MIN @ POR,L
22018,MIL,Milwaukee Bucks,0021800133,2018-11-04,MIL vs. SAC,W
22018,ORL,Orlando Magic,0021800137,2018-11-04,ORL @ SAS,W
22018,LAL,Los Angeles Lakers,0021800139,2018-11-04,LAL vs. TOR,L
22018,PHX,Phoenix Suns,0021800136,2018-11-04,PHX vs. MEM,W
22018,NYK,New York Knicks,0021800135,2018-11-04,NYK @ WAS,L
22018,DET,Detroit Pistons,0021800140,2018-11-05,DET vs. MIA,L
22018,LAC,LA Clippers,0021800148,2018-11-05,LAC vs. MIN,W
22018,CHI,Chicago Bulls,0021800143,2018-11-05,CHI @ NYK,W
22018,CLE,Cleveland Cavaliers,0021800142,2018-11-05,CLE @ ORL,L
22018,HOU,Houston Rockets,0021800141,2018-11-05,HOU @ IND,W
22018,DEN,Denver Nuggets,0021800145,2018-11-05,DEN vs. BOS,W
22018,ORL,Orlando Magic,0021800142,2018-11-05,ORL vs. CLE,W
22018,OKC,Oklahoma City Thunder,0021800144,2018-11-05,OKC vs. NOP,W
22018,NYK,New York Knicks,0021800143,2018-11-05,NYK vs. CHI,L
22018,BOS,Boston Celtics,0021800145,2018-11-05,BOS @ DEN,L
22018,MEM,Memphis Grizzlies,0021800147,2018-11-05,MEM @ GSW,L
22018,IND,Indiana Pacers,0021800141,2018-11-05,IND vs. HOU,L
22018,MIN,Minnesota Timberwolves,0021800148,2018-11-05,MIN @ LAC,L
22018,NOP,New Orleans Pelicans,0021800144,2018-11-05,NOP @ OKC,L
22018,UTA,Utah Jazz,0021800146,2018-11-05,UTA vs. TOR,L
22018,TOR,Toronto Raptors,0021800146,2018-11-05,TOR @ UTA,W
22018,GSW,Golden State Warriors,0021800147,2018-11-05,GSW vs. MEM,W
22018,MIA,Miami Heat,0021800140,2018-11-05,MIA @ DET,W
22018,POR,Portland Trail Blazers,0021800152,2018-11-06,POR vs. MIL,W
22018,PHX,Phoenix Suns,0021800151,2018-11-06,PHX vs. BKN,L
22018,BKN,Brooklyn Nets,0021800151,2018-11-06,BKN @ PHX,W
22018,MIL,Milwaukee Bucks,0021800152,2018-11-06,MIL @ POR,L
22018,CHA,Charlotte Hornets,0021800149,2018-11-06,CHA vs. ATL,W
22018,WAS,Washington Wizards,0021800150,2018-11-06,WAS @ DAL,L
22018,DAL,Dallas Mavericks,0021800150,2018-11-06,DAL vs. WAS,W
22018,ATL,Atlanta Hawks,0021800149,2018-11-06,ATL @ CHA,L
22018,MIN,Minnesota Timberwolves,0021800162,2018-11-07,MIN @ LAL,L
22018,SAS,San Antonio Spurs,0021800156,2018-11-07,SAS @ MIA,L
22018,LAL,Los Angeles Lakers,0021800162,2018-11-07,LAL vs. MIN,W
22018,ATL,Atlanta Hawks,0021800155,2018-11-07,ATL vs. NYK,L
22018,DET,Detroit Pistons,0021800154,2018-11-07,DET @ ORL,W
22018,PHI,Philadelphia 76ers,0021800157,2018-11-07,PHI @ IND,W
22018,IND,Indiana Pacers,0021800157,2018-11-07,IND vs. PHI,L
22018,TOR,Toronto Raptors,0021800161,2018-11-07,TOR @ SAC,W
22018,MIA,Miami Heat,0021800156,2018-11-07,MIA vs. SAS,W
22018,NYK,New York Knicks,0021800155,2018-11-07,NYK @ ATL,W
22018,OKC,Oklahoma City Thunder,0021800153,2018-11-07,OKC @ CLE,W
22018,CHI,Chicago Bulls,0021800159,2018-11-07,CHI @ NOP,L
22018,NOP,New Orleans Pelicans,0021800159,2018-11-07,NOP vs. CHI,W
22018,UTA,Utah Jazz,0021800160,2018-11-07,UTA vs. DAL,W
22018,MEM,Memphis Grizzlies,0021800158,2018-11-07,MEM vs. DEN,W
22018,CLE,Cleveland Cavaliers,0021800153,2018-11-07,CLE vs. OKC,L
22018,SAC,Sacramento Kings,0021800161,2018-11-07,SAC vs. TOR,L
22018,DAL,Dallas Mavericks,0021800160,2018-11-07,DAL @ UTA,L
22018,DEN,Denver Nuggets,0021800158,2018-11-07,DEN @ MEM,L
22018,ORL,Orlando Magic,0021800154,2018-11-07,ORL vs. DET,L
22018,GSW,Golden State Warriors,0021800166,2018-11-08,GSW vs. MIL,L
22018,BOS,Boston Celtics,0021800164,2018-11-08,BOS @ PHX,W
22018,LAC,LA Clippers,0021800165,2018-11-08,LAC @ POR,L
22018,PHX,Phoenix Suns,0021800164,2018-11-08,PHX vs. BOS,L
22018,MIL,Milwaukee Bucks,0021800166,2018-11-08,MIL @ GSW,W
22018,OKC,Oklahoma City Thunder,0021800163,2018-11-08,OKC vs. HOU,W
22018,POR,Portland Trail Blazers,0021800165,2018-11-08,POR vs. LAC,W
22018,HOU,Houston Rockets,0021800163,2018-11-08,HOU @ OKC,L
22018,IND,Indiana Pacers,0021800170,2018-11-09,IND @ MIA,W
22018,SAC,Sacramento Kings,0021800173,2018-11-09,SAC vs. MIN,W
22018,DEN,Denver Nuggets,0021800171,2018-11-09,DEN vs. BKN,L
22018,WAS,Washington Wizards,0021800167,2018-11-09,WAS @ ORL,L
22018,MIA,Miami Heat,0021800170,2018-11-09,MIA vs. IND,L
22018,CHA,Charlotte Hornets,0021800168,2018-11-09,CHA @ PHI,L
22018,MIN,Minnesota Timberwolves,0021800173,2018-11-09,MIN @ SAC,L
22018,DET,Detroit Pistons,0021800169,2018-11-09,DET @ ATL,W
22018,UTA,Utah Jazz,0021800172,2018-11-09,UTA vs. BOS,W
22018,BKN,Brooklyn Nets,0021800171,2018-11-09,BKN @ DEN,W
22018,BOS,Boston Celtics,0021800172,2018-11-09,BOS @ UTA,L
22018,ORL,Orlando Magic,0021800167,2018-11-09,ORL vs. WAS,W
22018,ATL,Atlanta Hawks,0021800169,2018-11-09,ATL vs. DET,L
22018,PHI,Philadelphia 76ers,0021800168,2018-11-09,PHI vs. CHA,W
22018,SAC,Sacramento Kings,0021800183,2018-11-10,SAC vs. LAL,L
22018,WAS,Washington Wizards,0021800177,2018-11-10,WAS @ MIA,W
22018,LAC,LA Clippers,0021800175,2018-11-10,LAC vs. MIL,W
22018,GSW,Golden State Warriors,0021800182,2018-11-10,GSW vs. BKN,W
22018,TOR,Toronto Raptors,0021800174,2018-11-10,TOR vs. NYK,W
22018,MEM,Memphis Grizzlies,0021800179,2018-11-10,MEM vs. PHI,W
22018,NOP,New Orleans Pelicans,0021800176,2018-11-10,NOP vs. PHX,W
22018,LAL,Los Angeles Lakers,0021800183,2018-11-10,LAL @ SAC,W
22018,HOU,Houston Rockets,0021800180,2018-11-10,HOU @ SAS,L
22018,CHI,Chicago Bulls,0021800178,2018-11-10,CHI vs. CLE,W
22018,PHX,Phoenix Suns,0021800176,2018-11-10,PHX @ NOP,L
22018,CLE,Cleveland Cavaliers,0021800178,2018-11-10,CLE @ CHI,L
22018,OKC,Oklahoma City Thunder,0021800181,2018-11-10,OKC @ DAL,L
22018,BKN,Brooklyn Nets,0021800182,2018-11-10,BKN @ GSW,L
22018,SAS,San Antonio Spurs,0021800180,2018-11-10,SAS vs. HOU,W
22018,MIL,Milwaukee Bucks,0021800175,2018-11-10,MIL @ LAC,L
22018,DAL,Dallas Mavericks,0021800181,2018-11-10,DAL vs. OKC,W
22018,NYK,New York Knicks,0021800174,2018-11-10,NYK @ TOR,L
22018,PHI,Philadelphia 76ers,0021800179,2018-11-10,PHI @ MEM,L
22018,MIA,Miami Heat,0021800177,2018-11-10,MIA vs. WAS,L
22018,ATL,Atlanta Hawks,0021800189,2018-11-11,ATL @ LAL,L
22018,DEN,Denver Nuggets,0021800187,2018-11-11,DEN vs. MIL,L
22018,ORL,Orlando Magic,0021800186,2018-11-11,ORL @ NYK,W
22018,NYK,New York Knicks,0021800186,2018-11-11,NYK vs. ORL,L
22018,HOU,Houston Rockets,0021800185,2018-11-11,HOU vs. IND,W
22018,BOS,Boston Celtics,0021800188,2018-11-11,BOS @ POR,L
22018,LAL,Los Angeles Lakers,0021800189,2018-11-11,LAL vs. ATL,W
22018,POR,Portland Trail Blazers,0021800188,2018-11-11,POR vs. BOS,W
22018,MIL,Milwaukee Bucks,0021800187,2018-11-11,MIL @ DEN,W
22018,IND,Indiana Pacers,0021800185,2018-11-11,IND @ HOU,L
22018,CHA,Charlotte Hornets,0021800184,2018-11-11,CHA @ DET,W
22018,DET,Detroit Pistons,0021800184,2018-11-11,DET vs. CHA,L
22018,PHI,Philadelphia 76ers,0021800191,2018-11-12,PHI @ MIA,W
22018,BKN,Brooklyn Nets,0021800195,2018-11-12,BKN @ MIN,L
22018,MIN,Minnesota Timberwolves,0021800195,2018-11-12,MIN vs. BKN,W
22018,WAS,Washington Wizards,0021800190,2018-11-12,WAS vs. ORL,W
22018,MIA,Miami Heat,0021800191,2018-11-12,MIA vs. PHI,L
22018,OKC,Oklahoma City Thunder,0021800196,2018-11-12,OKC vs. PHX,W
22018,SAS,San Antonio Spurs,0021800197,2018-11-12,SAS @ SAC,L
22018,SAC,Sacramento Kings,0021800197,2018-11-12,SAC vs. SAS,W
22018,TOR,Toronto Raptors,0021800192,2018-11-12,TOR vs. NOP,L
22018,DAL,Dallas Mavericks,0021800193,2018-11-12,DAL @ CHI,W
22018,CHI,Chicago Bulls,0021800193,2018-11-12,CHI vs. DAL,L
22018,LAC,LA Clippers,0021800198,2018-11-12,LAC vs. GSW,W
22018,GSW,Golden State Warriors,0021800198,2018-11-12,GSW @ LAC,L
22018,PHX,Phoenix Suns,0021800196,2018-11-12,PHX @ OKC,L
22018,NOP,New Orleans Pelicans,0021800192,2018-11-12,NOP @ TOR,W
22018,MEM,Memphis Grizzlies,0021800194,2018-11-12,MEM vs. UTA,L
22018,UTA,Utah Jazz,0021800194,2018-11-12,UTA @ MEM,W
22018,ORL,Orlando Magic,0021800190,2018-11-12,ORL @ WAS,L
22018,GSW,Golden State Warriors,0021800201,2018-11-13,GSW vs. ATL,W
22018,CHA,Charlotte Hornets,0021800199,2018-11-13,CHA @ CLE,L
22018,HOU,Houston Rockets,0021800200,2018-11-13,HOU @ DEN,W
22018,ATL,Atlanta Hawks,0021800201,2018-11-13,ATL @ GSW,L
22018,DEN,Denver Nuggets,0021800200,2018-11-13,DEN vs. HOU,L
22018,CLE,Cleveland Cavaliers,0021800199,2018-11-13,CLE vs. CHA,W
22018,POR,Portland Trail Blazers,0021800212,2018-11-14,POR @ LAL,L
22018,BKN,Brooklyn Nets,0021800205,2018-11-14,BKN vs. MIA,L
22018,MEM,Memphis Grizzlies,0021800207,2018-11-14,MEM @ MIL,W
22018,NOP,New Orleans Pelicans,0021800208,2018-11-14,NOP @ MIN,L
22018,MIA,Miami Heat,0021800205,2018-11-14,MIA @ BKN,W
22018,OKC,Oklahoma City Thunder,0021800209,2018-11-14,OKC vs. NYK,W
22018,PHI,Philadelphia 76ers,0021800202,2018-11-14,PHI @ ORL,L
22018,ORL,Orlando Magic,0021800202,2018-11-14,ORL vs. PHI,W
22018,SAS,San Antonio Spurs,0021800211,2018-11-14,SAS @ PHX,L
22018,LAL,Los Angeles Lakers,0021800212,2018-11-14,LAL vs. POR,W
22018,PHX,Phoenix Suns,0021800211,2018-11-14,PHX vs. SAS,W
22018,CHI,Chicago Bulls,0021800204,2018-11-14,CHI @ BOS,L
22018,WAS,Washington Wizards,0021800203,2018-11-14,WAS vs. CLE,W
22018,MIN,Minnesota Timberwolves,0021800208,2018-11-14,MIN vs. NOP,W
22018,BOS,Boston Celtics,0021800204,2018-11-14,BOS vs. CHI,W
22018,UTA,Utah Jazz,0021800210,2018-11-14,UTA @ DAL,L
22018,NYK,New York Knicks,0021800209,2018-11-14,NYK @ OKC,L
22018,DET,Detroit Pistons,0021800206,2018-11-14,DET @ TOR,W
22018,DAL,Dallas Mavericks,0021800210,2018-11-14,DAL vs. UTA,W
22018,MIL,Milwaukee Bucks,0021800207,2018-11-14,MIL vs. MEM,L
22018,CLE,Cleveland Cavaliers,0021800203,2018-11-14,CLE @ WAS,L
22018,TOR,Toronto Raptors,0021800206,2018-11-14,TOR vs. DET,L
22018,LAC,LA Clippers,0021800215,2018-11-15,LAC vs. SAS,W
22018,DEN,Denver Nuggets,0021800214,2018-11-15,DEN vs. ATL,W
22018,ATL,Atlanta Hawks,0021800214,2018-11-15,ATL @ DEN,L
22018,HOU,Houston Rockets,0021800213,2018-11-15,HOU vs. GSW,W
22018,GSW,Golden State Warriors,0021800213,2018-11-15,GSW @ HOU,L
22018,SAS,San Antonio Spurs,0021800215,2018-11-15,SAS @ LAC,L
22018,IND,Indiana Pacers,0021800217,2018-11-16,IND vs. MIA,W
22018,CHI,Chicago Bulls,0021800223,2018-11-16,CHI @ MIL,L
22018,POR,Portland Trail Blazers,0021800221,2018-11-16,POR @ MIN,L
22018,WAS,Washington Wizards,0021800219,2018-11-16,WAS vs. BKN,L
22018,NOP,New Orleans Pelicans,0021800222,2018-11-16,NOP vs. NYK,W
22018,MIA,Miami Heat,0021800217,2018-11-16,MIA @ IND,L
22018,UTA,Utah Jazz,0021800218,2018-11-16,UTA @ PHI,L
22018,MIN,Minnesota Timberwolves,0021800221,2018-11-16,MIN vs. POR,W
22018,MEM,Memphis Grizzlies,0021800220,2018-11-16,MEM vs. SAC,W
22018,TOR,Toronto Raptors,0021800216,2018-11-16,TOR @ BOS,L
22018,NYK,New York Knicks,0021800222,2018-11-16,NYK @ NOP,L
22018,MIL,Milwaukee Bucks,0021800223,2018-11-16,MIL vs. CHI,W
22018,BOS,Boston Celtics,0021800216,2018-11-16,BOS vs. TOR,W
22018,PHI,Philadelphia 76ers,0021800218,2018-11-16,PHI vs. UTA,W
22018,SAC,Sacramento Kings,0021800220,2018-11-16,SAC @ MEM,L
22018,BKN,Brooklyn Nets,0021800219,2018-11-16,BKN @ WAS,W
22018,ORL,Orlando Magic,0021800227,2018-11-17,ORL vs. LAL,W
22018,LAC,LA Clippers,0021800224,2018-11-17,LAC @ BKN,W
22018,LAL,Los Angeles Lakers,0021800227,2018-11-17,LAL @ ORL,L
22018,ATL,Atlanta Hawks,0021800226,2018-11-17,ATL @ IND,L
22018,CHA,Charlotte Hornets,0021800225,2018-11-17,CHA vs. PHI,L
22018,OKC,Oklahoma City Thunder,0021800233,2018-11-17,OKC @ PHX,W
22018,HOU,Houston Rockets,0021800231,2018-11-17,HOU vs. SAC,W
22018,IND,Indiana Pacers,0021800226,2018-11-17,IND vs. ATL,W
22018,UTA,Utah Jazz,0021800229,2018-11-17,UTA @ BOS,W
22018,DEN,Denver Nuggets,0021800228,2018-11-17,DEN @ NOP,L
22018,TOR,Toronto Raptors,0021800230,2018-11-17,TOR @ CHI,W
22018,GSW,Golden State Warriors,0021800232,2018-11-17,GSW @ DAL,L
22018,NOP,New Orleans Pelicans,0021800228,2018-11-17,NOP vs. DEN,W
22018,DAL,Dallas Mavericks,0021800232,2018-11-17,DAL vs. GSW,W
22018,SAC,Sacramento Kings,0021800231,2018-11-17,SAC @ HOU,L
22018,BKN,Brooklyn Nets,0021800224,2018-11-17,BKN vs. LAC,L
22018,PHX,Phoenix Suns,0021800233,2018-11-17,PHX vs. OKC,L
22018,CHI,Chicago Bulls,0021800230,2018-11-17,CHI vs. TOR,L
22018,BOS,Boston Celtics,0021800229,2018-11-17,BOS vs. UTA,L
22018,PHI,Philadelphia 76ers,0021800225,2018-11-17,PHI @ CHA,W
22018,MIA,Miami Heat,0021800235,2018-11-18,MIA vs. LAL,L
22018,LAL,Los Angeles Lakers,0021800235,2018-11-18,LAL @ MIA,W
22018,MEM,Memphis Grizzlies,0021800234,2018-11-18,MEM @ MIN,W
22018,ORL,Orlando Magic,0021800236,2018-11-18,ORL vs. NYK,W
22018,NYK,New York Knicks,0021800236,2018-11-18,NYK @ ORL,L
22018,WAS,Washington Wizards,0021800237,2018-11-18,WAS vs. POR,L
22018,GSW,Golden State Warriors,0021800238,2018-11-18,GSW @ SAS,L
22018,SAS,San Antonio Spurs,0021800238,2018-11-18,SAS vs. GSW,W
22018,MIN,Minnesota Timberwolves,0021800234,2018-11-18,MIN vs. MEM,L
22018,POR,Portland Trail Blazers,0021800237,2018-11-18,POR @ WAS,W
22018,DEN,Denver Nuggets,0021800245,2018-11-19,DEN @ MIL,L
22018,UTA,Utah Jazz,0021800241,2018-11-19,UTA @ IND,L
22018,PHX,Phoenix Suns,0021800242,2018-11-19,PHX @ PHI,L
22018,PHI,Philadelphia 76ers,0021800242,2018-11-19,PHI vs. PHX,W
22018,OKC,Oklahoma City Thunder,0021800247,2018-11-19,OKC @ SAC,L
22018,NOP,New Orleans Pelicans,0021800246,2018-11-19,NOP vs. SAS,W
22018,LAC,LA Clippers,0021800243,2018-11-19,LAC @ ATL,W
22018,CHA,Charlotte Hornets,0021800239,2018-11-19,CHA vs. BOS,W
22018,DET,Detroit Pistons,0021800240,2018-11-19,DET vs. CLE,W
22018,SAS,San Antonio Spurs,0021800246,2018-11-19,SAS @ NOP,L
22018,MEM,Memphis Grizzlies,0021800244,2018-11-19,MEM vs. DAL,W
22018,MIL,Milwaukee Bucks,0021800245,2018-11-19,MIL vs. DEN,W
22018,ATL,Atlanta Hawks,0021800243,2018-11-19,ATL vs. LAC,L
22018,SAC,Sacramento Kings,0021800247,2018-11-19,SAC vs. OKC,W
22018,IND,Indiana Pacers,0021800241,2018-11-19,IND vs. UTA,W
22018,DAL,Dallas Mavericks,0021800244,2018-11-19,DAL @ MEM,L
22018,CLE,Cleveland Cavaliers,0021800240,2018-11-19,CLE @ DET,L
22018,BOS,Boston Celtics,0021800239,2018-11-19,BOS @ CHA,L
22018,BKN,Brooklyn Nets,0021800250,2018-11-20,BKN @ MIA,W
22018,MIA,Miami Heat,0021800250,2018-11-20,MIA vs. BKN,L
22018,POR,Portland Trail Blazers,0021800251,2018-11-20,POR @ NYK,W
22018,TOR,Toronto Raptors,0021800248,2018-11-20,TOR @ ORL,W
22018,NYK,New York Knicks,0021800251,2018-11-20,NYK vs. POR,L
22018,WAS,Washington Wizards,0021800249,2018-11-20,WAS vs. LAC,W
22018,ORL,Orlando Magic,0021800248,2018-11-20,ORL vs. TOR,L
22018,LAC,LA Clippers,0021800249,2018-11-20,LAC @ WAS,L
22018,CLE,Cleveland Cavaliers,0021800256,2018-11-21,CLE vs. LAL,L
22018,POR,Portland Trail Blazers,0021800259,2018-11-21,POR @ MIL,L
22018,DEN,Denver Nuggets,0021800260,2018-11-21,DEN @ MIN,W
22018,DAL,Dallas Mavericks,0021800261,2018-11-21,DAL vs. BKN,W
22018,BOS,Boston Celtics,0021800255,2018-11-21,BOS vs. NYK,L
22018,CHA,Charlotte Hornets,0021800252,2018-11-21,CHA vs. IND,W
22018,NOP,New Orleans Pelicans,0021800253,2018-11-21,NOP @ PHI,L
22018,CHI,Chicago Bulls,0021800257,2018-11-21,CHI vs. PHX,W
22018,MIL,Milwaukee Bucks,0021800259,2018-11-21,MIL vs. POR,W
22018,UTA,Utah Jazz,0021800263,2018-11-21,UTA vs. SAC,L
22018,MEM,Memphis Grizzlies,0021800262,2018-11-21,MEM @ SAS,W
22018,TOR,Toronto Raptors,0021800254,2018-11-21,TOR @ ATL,W
22018,NYK,New York Knicks,0021800255,2018-11-21,NYK @ BOS,W
22018,LAL,Los Angeles Lakers,0021800256,2018-11-21,LAL @ CLE,W
22018,PHI,Philadelphia 76ers,0021800253,2018-11-21,PHI vs. NOP,W
22018,PHX,Phoenix Suns,0021800257,2018-11-21,PHX @ CHI,L
22018,BKN,Brooklyn Nets,0021800261,2018-11-21,BKN @ DAL,L
22018,MIN,Minnesota Timberwolves,0021800260,2018-11-21,MIN vs. DEN,L
22018,OKC,Oklahoma City Thunder,0021800264,2018-11-21,OKC @ GSW,W
22018,DET,Detroit Pistons,0021800258,2018-11-21,DET @ HOU,L
22018,GSW,Golden State Warriors,0021800264,2018-11-21,GSW vs. OKC,L
22018,ATL,Atlanta Hawks,0021800254,2018-11-21,ATL vs. TOR,L
22018,SAC,Sacramento Kings,0021800263,2018-11-21,SAC @ UTA,W
22018,SAS,San Antonio Spurs,0021800262,2018-11-21,SAS vs. MEM,L
22018,HOU,Houston Rockets,0021800258,2018-11-21,HOU vs. DET,W
22018,IND,Indiana Pacers,0021800252,2018-11-21,IND @ CHA,L
22018,UTA,Utah Jazz,0021800278,2018-11-23,UTA @ LAL,L
22018,CHI,Chicago Bulls,0021800273,2018-11-23,CHI vs. MIA,L
22018,PHX,Phoenix Suns,0021800275,2018-11-23,PHX @ MIL,W
22018,BKN,Brooklyn Nets,0021800265,2018-11-23,BKN vs. MIN,L
22018,MIN,Minnesota Timberwolves,0021800265,2018-11-23,MIN @ BKN,W
22018,NOP,New Orleans Pelicans,0021800269,2018-11-23,NOP @ NYK,L
22018,DEN,Denver Nuggets,0021800276,2018-11-23,DEN vs. ORL,W
22018,SAS,San Antonio Spurs,0021800272,2018-11-23,SAS @ IND,W
22018,CLE,Cleveland Cavaliers,0021800270,2018-11-23,CLE @ PHI,W
22018,MIL,Milwaukee Bucks,0021800275,2018-11-23,MIL vs. PHX,L
22018,GSW,Golden State Warriors,0021800277,2018-11-23,GSW vs. POR,W
22018,IND,Indiana Pacers,0021800272,2018-11-23,IND vs. SAS,L
22018,BOS,Boston Celtics,0021800268,2018-11-23,BOS @ ATL,W
22018,ATL,Atlanta Hawks,0021800268,2018-11-23,ATL vs. BOS,L
22018,PHI,Philadelphia 76ers,0021800270,2018-11-23,PHI vs. CLE,L
22018,NYK,New York Knicks,0021800269,2018-11-23,NYK vs. NOP,W
22018,MIA,Miami Heat,0021800273,2018-11-23,MIA @ CHI,W
22018,ORL,Orlando Magic,0021800276,2018-11-23,ORL @ DEN,L
22018,POR,Portland Trail Blazers,0021800277,2018-11-23,POR @ GSW,L
22018,DET,Detroit Pistons,0021800267,2018-11-23,DET vs. HOU,W
22018,MEM,Memphis Grizzlies,0021800266,2018-11-23,MEM @ LAC,L
22018,CHA,Charlotte Hornets,0021800274,2018-11-23,CHA @ OKC,L
22018,WAS,Washington Wizards,0021800271,2018-11-23,WAS @ TOR,L
22018,LAL,Los Angeles Lakers,0021800278,2018-11-23,LAL vs. UTA,W
22018,LAC,LA Clippers,0021800266,2018-11-23,LAC vs. MEM,W
22018,TOR,Toronto Raptors,0021800271,2018-11-23,TOR vs. WAS,W
22018,HOU,Houston Rockets,0021800267,2018-11-23,HOU @ DET,L
22018,OKC,Oklahoma City Thunder,0021800274,2018-11-23,OKC vs. CHA,W
22018,SAS,San Antonio Spurs,0021800284,2018-11-24,SAS @ MIL,L
22018,CHI,Chicago Bulls,0021800281,2018-11-24,CHI @ MIN,L
22018,GSW,Golden State Warriors,0021800285,2018-11-24,GSW vs. SAC,W
22018,MIL,Milwaukee Bucks,0021800284,2018-11-24,MIL vs. SAS,W
22018,DAL,Dallas Mavericks,0021800283,2018-11-24,DAL vs. BOS,W
22018,HOU,Houston Rockets,0021800279,2018-11-24,HOU @ CLE,L
22018,WAS,Washington Wizards,0021800280,2018-11-24,WAS vs. NOP,W
22018,MIN,Minnesota Timberwolves,0021800281,2018-11-24,MIN vs. CHI,W
22018,BOS,Boston Celtics,0021800283,2018-11-24,BOS @ DAL,L
22018,OKC,Oklahoma City Thunder,0021800282,2018-11-24,OKC vs. DEN,L
22018,SAC,Sacramento Kings,0021800285,2018-11-24,SAC @ GSW,L
22018,CLE,Cleveland Cavaliers,0021800279,2018-11-24,CLE vs. HOU,W
22018,DEN,Denver Nuggets,0021800282,2018-11-24,DEN @ OKC,W
22018,NOP,New Orleans Pelicans,0021800280,2018-11-24,NOP @ WAS,L
22018,ORL,Orlando Magic,0021800286,2018-11-25,ORL @ LAL,W
22018,TOR,Toronto Raptors,0021800290,2018-11-25,TOR vs. MIA,W
22018,PHI,Philadelphia 76ers,0021800289,2018-11-25,PHI @ BKN,W
22018,MEM,Memphis Grizzlies,0021800291,2018-11-25,MEM vs. NYK,L
22018,LAL,Los Angeles Lakers,0021800286,2018-11-25,LAL vs. ORL,L
22018,BKN,Brooklyn Nets,0021800289,2018-11-25,BKN vs. PHI,L
22018,DET,Detroit Pistons,0021800287,2018-11-25,DET vs. PHX,W
22018,LAC,LA Clippers,0021800293,2018-11-25,LAC @ POR,W
22018,UTA,Utah Jazz,0021800292,2018-11-25,UTA @ SAC,W
22018,CHA,Charlotte Hornets,0021800288,2018-11-25,CHA @ ATL,L
22018,POR,Portland Trail Blazers,0021800293,2018-11-25,POR vs. LAC,L
22018,MIA,Miami Heat,0021800290,2018-11-25,MIA @ TOR,L
22018,SAC,Sacramento Kings,0021800292,2018-11-25,SAC vs. UTA,L
22018,NYK,New York Knicks,0021800291,2018-11-25,NYK @ MEM,W
22018,PHX,Phoenix Suns,0021800287,2018-11-25,PHX @ DET,L
22018,ATL,Atlanta Hawks,0021800288,2018-11-25,ATL vs. CHA,W
22018,CHA,Charlotte Hornets,0021800294,2018-11-26,CHA vs. MIL,W
22018,CLE,Cleveland Cavaliers,0021800295,2018-11-26,CLE vs. MIN,L
22018,GSW,Golden State Warriors,0021800300,2018-11-26,GSW vs. ORL,W
22018,UTA,Utah Jazz,0021800299,2018-11-26,UTA vs. IND,L
22018,CHI,Chicago Bulls,0021800297,2018-11-26,CHI vs. SAS,L
22018,NOP,New Orleans Pelicans,0021800298,2018-11-26,NOP vs. BOS,L
22018,MIN,Minnesota Timberwolves,0021800295,2018-11-26,MIN @ CLE,W
22018,BOS,Boston Celtics,0021800298,2018-11-26,BOS @ NOP,W
22018,SAS,San Antonio Spurs,0021800297,2018-11-26,SAS @ CHI,W
22018,ORL,Orlando Magic,0021800300,2018-11-26,ORL @ GSW,L
22018,WAS,Washington Wizards,0021800296,2018-11-26,WAS vs. HOU,W
22018,IND,Indiana Pacers,0021800299,2018-11-26,IND @ UTA,W
22018,HOU,Houston Rockets,0021800296,2018-11-26,HOU @ WAS,L
22018,MIL,Milwaukee Bucks,0021800294,2018-11-26,MIL @ CHA,L
22018,DEN,Denver Nuggets,0021800304,2018-11-27,DEN vs. LAL,W
22018,ATL,Atlanta Hawks,0021800302,2018-11-27,ATL @ MIA,W
22018,DET,Detroit Pistons,0021800301,2018-11-27,DET vs. NYK,W
22018,PHX,Phoenix Suns,0021800305,2018-11-27,PHX vs. IND,L
22018,IND,Indiana Pacers,0021800305,2018-11-27,IND @ PHX,W
22018,MIA,Miami Heat,0021800302,2018-11-27,MIA vs. ATL,L
22018,LAL,Los Angeles Lakers,0021800304,2018-11-27,LAL @ DEN,L
22018,MEM,Memphis Grizzlies,0021800303,2018-11-27,MEM vs. TOR,L
22018,TOR,Toronto Raptors,0021800303,2018-11-27,TOR @ MEM,W
22018,NYK,New York Knicks,0021800301,2018-11-27,NYK @ DET,L
22018,CHI,Chicago Bulls,0021800310,2018-11-28,CHI @ MIL,L
22018,SAS,San Antonio Spurs,0021800311,2018-11-28,SAS @ MIN,L
22018,UTA,Utah Jazz,0021800308,2018-11-28,UTA @ BKN,W
22018,PHI,Philadelphia 76ers,0021800307,2018-11-28,PHI vs. NYK,W
22018,POR,Portland Trail Blazers,0021800314,2018-11-28,POR vs. ORL,W
22018,NYK,New York Knicks,0021800307,2018-11-28,NYK @ PHI,L
22018,LAC,LA Clippers,0021800315,2018-11-28,LAC vs. PHX,W
22018,ORL,Orlando Magic,0021800314,2018-11-28,ORL @ POR,L
22018,MIN,Minnesota Timberwolves,0021800311,2018-11-28,MIN vs. SAS,W
22018,CHA,Charlotte Hornets,0021800306,2018-11-28,CHA vs. ATL,W
22018,OKC,Oklahoma City Thunder,0021800313,2018-11-28,OKC vs. CLE,W
22018,WAS,Washington Wizards,0021800312,2018-11-28,WAS @ NOP,L
22018,MIL,Milwaukee Bucks,0021800310,2018-11-28,MIL vs. CHI,W
22018,HOU,Houston Rockets,0021800309,2018-11-28,HOU vs. DAL,L
22018,DAL,Dallas Mavericks,0021800309,2018-11-28,DAL @ HOU,W
22018,PHX,Phoenix Suns,0021800315,2018-11-28,PHX @ LAC,L
22018,CLE,Cleveland Cavaliers,0021800313,2018-11-28,CLE @ OKC,L
22018,BKN,Brooklyn Nets,0021800308,2018-11-28,BKN vs. UTA,L
22018,NOP,New Orleans Pelicans,0021800312,2018-11-28,NOP vs. WAS,W
22018,ATL,Atlanta Hawks,0021800306,2018-11-28,ATL @ CHA,L
22018,IND,Indiana Pacers,0021800317,2018-11-29,IND @ LAL,L
22018,LAL,Los Angeles Lakers,0021800317,2018-11-29,LAL vs. IND,W
22018,LAC,LA Clippers,0021800318,2018-11-29,LAC @ SAC,W
22018,TOR,Toronto Raptors,0021800316,2018-11-29,TOR vs. GSW,W
22018,SAC,Sacramento Kings,0021800318,2018-11-29,SAC vs. LAC,L
22018,GSW,Golden State Warriors,0021800316,2018-11-29,GSW @ TOR,L
22018,DAL,Dallas Mavericks,0021800328,2018-11-30,DAL @ LAL,L
22018,NOP,New Orleans Pelicans,0021800324,2018-11-30,NOP @ MIA,L
22018,MEM,Memphis Grizzlies,0021800323,2018-11-30,MEM @ BKN,W
22018,PHX,Phoenix Suns,0021800327,2018-11-30,PHX vs. ORL,L
22018,WAS,Washington Wizards,0021800322,2018-11-30,WAS @ PHI,L
22018,ORL,Orlando Magic,0021800327,2018-11-30,ORL @ PHX,W
22018,DEN,Denver Nuggets,0021800329,2018-11-30,DEN @ POR,W
22018,HOU,Houston Rockets,0021800326,2018-11-30,HOU @ SAS,W
22018,OKC,Oklahoma City Thunder,0021800325,2018-11-30,OKC vs. ATL,W
22018,CLE,Cleveland Cavaliers,0021800319,2018-11-30,CLE @ BOS,L
22018,BOS,Boston Celtics,0021800319,2018-11-30,BOS vs. CLE,W
22018,MIA,Miami Heat,0021800324,2018-11-30,MIA vs. NOP,W
22018,DET,Detroit Pistons,0021800321,2018-11-30,DET vs. CHI,W
22018,LAL,Los Angeles Lakers,0021800328,2018-11-30,LAL vs. DAL,W
22018,POR,Portland Trail Blazers,0021800329,2018-11-30,POR vs. DEN,L
22018,SAS,San Antonio Spurs,0021800326,2018-11-30,SAS vs. HOU,L
22018,ATL,Atlanta Hawks,0021800325,2018-11-30,ATL @ OKC,L
22018,CHA,Charlotte Hornets,0021800320,2018-11-30,CHA vs. UTA,L
22018,BKN,Brooklyn Nets,0021800323,2018-11-30,BKN vs. MEM,L
22018,PHI,Philadelphia 76ers,0021800322,2018-11-30,PHI vs. WAS,W
22018,CHI,Chicago Bulls,0021800321,2018-11-30,CHI @ DET,L
22018,UTA,Utah Jazz,0021800320,2018-11-30,UTA @ CHA,W
22018,NYK,New York Knicks,0021800330,2018-12-01,NYK vs. MIL,W
22018,BOS,Boston Celtics,0021800335,2018-12-01,BOS @ MIN,W
22018,WAS,Washington Wizards,0021800333,2018-12-01,WAS vs. BKN,W
22018,MIL,Milwaukee Bucks,0021800330,2018-12-01,MIL @ NYK,L
22018,SAC,Sacramento Kings,0021800336,2018-12-01,SAC vs. IND,W
22018,IND,Indiana Pacers,0021800336,2018-12-01,IND @ SAC,L
22018,MIN,Minnesota Timberwolves,0021800335,2018-12-01,MIN vs. BOS,L
22018,TOR,Toronto Raptors,0021800332,2018-12-01,TOR @ CLE,W
22018,HOU,Houston Rockets,0021800334,2018-12-01,HOU vs. CHI,W
22018,DET,Detroit Pistons,0021800331,2018-12-01,DET vs. GSW,W
22018,CHI,Chicago Bulls,0021800334,2018-12-01,CHI @ HOU,L
22018,CLE,Cleveland Cavaliers,0021800332,2018-12-01,CLE vs. TOR,L
22018,BKN,Brooklyn Nets,0021800333,2018-12-01,BKN @ WAS,L
22018,GSW,Golden State Warriors,0021800331,2018-12-01,GSW @ DET,L
22018,PHX,Phoenix Suns,0021800337,2018-12-02,PHX @ LAL,L
22018,UTA,Utah Jazz,0021800339,2018-12-02,UTA @ MIA,L
22018,MEM,Memphis Grizzlies,0021800340,2018-12-02,MEM @ PHI,L
22018,LAL,Los Angeles Lakers,0021800337,2018-12-02,LAL vs. PHX,W
22018,SAS,San Antonio Spurs,0021800342,2018-12-02,SAS vs. POR,W
22018,POR,Portland Trail Blazers,0021800342,2018-12-02,POR @ SAS,L
22018,CHA,Charlotte Hornets,0021800338,2018-12-02,CHA vs. NOP,L
22018,LAC,LA Clippers,0021800341,2018-12-02,LAC @ DAL,L
22018,DAL,Dallas Mavericks,0021800341,2018-12-02,DAL vs. LAC,W
22018,MIA,Miami Heat,0021800339,2018-12-02,MIA vs. UTA,W
22018,PHI,Philadelphia 76ers,0021800340,2018-12-02,PHI vs. MEM,W
22018,NOP,New Orleans Pelicans,0021800338,2018-12-02,NOP @ CHA,W
22018,HOU,Houston Rockets,0021800348,2018-12-03,HOU @ MIN,L
22018,CLE,Cleveland Cavaliers,0021800345,2018-12-03,CLE @ BKN,W
22018,WAS,Washington Wizards,0021800346,2018-12-03,WAS @ NYK,W
22018,GSW,Golden State Warriors,0021800344,2018-12-03,GSW @ ATL,W
22018,BKN,Brooklyn Nets,0021800345,2018-12-03,BKN vs. CLE,L
22018,LAC,LA Clippers,0021800349,2018-12-03,LAC @ NOP,W
22018,TOR,Toronto Raptors,0021800347,2018-12-03,TOR vs. DEN,L
22018,ATL,Atlanta Hawks,0021800344,2018-12-03,ATL vs. GSW,L
22018,MIN,Minnesota Timberwolves,0021800348,2018-12-03,MIN vs. HOU,W
22018,NOP,New Orleans Pelicans,0021800349,2018-12-03,NOP vs. LAC,L
22018,DET,Detroit Pistons,0021800343,2018-12-03,DET vs. OKC,L
22018,DEN,Denver Nuggets,0021800347,2018-12-03,DEN @ TOR,W
22018,NYK,New York Knicks,0021800346,2018-12-03,NYK vs. WAS,L
22018,OKC,Oklahoma City Thunder,0021800343,2018-12-03,OKC @ DET,W
22018,ORL,Orlando Magic,0021800351,2018-12-04,ORL @ MIA,W
22018,MIA,Miami Heat,0021800351,2018-12-04,MIA vs. ORL,L
22018,CHI,Chicago Bulls,0021800350,2018-12-04,CHI @ IND,L
22018,SAC,Sacramento Kings,0021800353,2018-12-04,SAC @ PHX,W
22018,DAL,Dallas Mavericks,0021800352,2018-12-04,DAL vs. POR,W
22018,PHX,Phoenix Suns,0021800353,2018-12-04,PHX vs. SAC,L
22018,UTA,Utah Jazz,0021800354,2018-12-04,UTA vs. SAS,W
22018,IND,Indiana Pacers,0021800350,2018-12-04,IND vs. CHI,W
22018,POR,Portland Trail Blazers,0021800352,2018-12-04,POR @ DAL,L
22018,SAS,San Antonio Spurs,0021800354,2018-12-04,SAS @ UTA,L
22018,SAS,San Antonio Spurs,0021800364,2018-12-05,SAS @ LAL,L
22018,DET,Detroit Pistons,0021800361,2018-12-05,DET @ MIL,L
22018,CHA,Charlotte Hornets,0021800362,2018-12-05,CHA @ MIN,L
22018,OKC,Oklahoma City Thunder,0021800358,2018-12-05,OKC @ BKN,W
22018,DEN,Denver Nuggets,0021800356,2018-12-05,DEN @ ORL,W
22018,TOR,Toronto Raptors,0021800359,2018-12-05,TOR vs. PHI,W
22018,LAL,Los Angeles Lakers,0021800364,2018-12-05,LAL vs. SAS,W
22018,WAS,Washington Wizards,0021800357,2018-12-05,WAS @ ATL,W
22018,GSW,Golden State Warriors,0021800355,2018-12-05,GSW @ CLE,W
22018,DAL,Dallas Mavericks,0021800363,2018-12-05,DAL @ NOP,L
22018,NOP,New Orleans Pelicans,0021800363,2018-12-05,NOP vs. DAL,W
22018,ORL,Orlando Magic,0021800356,2018-12-05,ORL vs. DEN,L
22018,CLE,Cleveland Cavaliers,0021800355,2018-12-05,CLE vs. GSW,L
22018,MEM,Memphis Grizzlies,0021800360,2018-12-05,MEM vs. LAC,W
22018,BKN,Brooklyn Nets,0021800358,2018-12-05,BKN vs. OKC,L
22018,PHI,Philadelphia 76ers,0021800359,2018-12-05,PHI @ TOR,L
22018,LAC,LA Clippers,0021800360,2018-12-05,LAC @ MEM,L
22018,ATL,Atlanta Hawks,0021800357,2018-12-05,ATL vs. WAS,L
22018,MIL,Milwaukee Bucks,0021800361,2018-12-05,MIL vs. DET,W
22018,MIN,Minnesota Timberwolves,0021800362,2018-12-05,MIN vs. CHA,W
22018,BOS,Boston Celtics,0021800365,2018-12-06,BOS vs. NYK,W
22018,POR,Portland Trail Blazers,0021800366,2018-12-06,POR vs. PHX,W
22018,PHX,Phoenix Suns,0021800366,2018-12-06,PHX @ POR,L
22018,NYK,New York Knicks,0021800365,2018-12-06,NYK @ BOS,L
22018,UTA,Utah Jazz,0021800367,2018-12-06,UTA vs. HOU,W
22018,HOU,Houston Rockets,0021800367,2018-12-06,HOU @ UTA,L
22018,SAS,San Antonio Spurs,0021800375,2018-12-07,SAS vs. LAL,W
22018,PHX,Phoenix Suns,0021800376,2018-12-07,PHX vs. MIA,L
22018,GSW,Golden State Warriors,0021800377,2018-12-07,GSW @ MIL,W
22018,TOR,Toronto Raptors,0021800371,2018-12-07,TOR @ BKN,L
22018,IND,Indiana Pacers,0021800370,2018-12-07,IND @ ORL,W
22018,ORL,Orlando Magic,0021800370,2018-12-07,ORL vs. IND,L
22018,DET,Detroit Pistons,0021800369,2018-12-07,DET vs. PHI,L
22018,MIA,Miami Heat,0021800376,2018-12-07,MIA @ PHX,W
22018,CLE,Cleveland Cavaliers,0021800372,2018-12-07,CLE vs. SAC,L
22018,LAL,Los Angeles Lakers,0021800375,2018-12-07,LAL @ SAS,L
22018,SAC,Sacramento Kings,0021800372,2018-12-07,SAC @ CLE,W
22018,MEM,Memphis Grizzlies,0021800374,2018-12-07,MEM @ NOP,W
22018,OKC,Oklahoma City Thunder,0021800373,2018-12-07,OKC @ CHI,L
22018,CHA,Charlotte Hornets,0021800368,2018-12-07,CHA vs. DEN,W
22018,MIL,Milwaukee Bucks,0021800377,2018-12-07,MIL vs. GSW,L
22018,CHI,Chicago Bulls,0021800373,2018-12-07,CHI vs. OKC,W
22018,BKN,Brooklyn Nets,0021800371,2018-12-07,BKN vs. TOR,W
22018,NOP,New Orleans Pelicans,0021800374,2018-12-07,NOP vs. MEM,L
22018,PHI,Philadelphia 76ers,0021800369,2018-12-07,PHI @ DET,W
22018,DEN,Denver Nuggets,0021800368,2018-12-07,DEN @ CHA,L
22018,MEM,Memphis Grizzlies,0021800384,2018-12-08,MEM vs. LAL,L
22018,LAC,LA Clippers,0021800386,2018-12-08,LAC vs. MIA,L
22018,POR,Portland Trail Blazers,0021800385,2018-12-08,POR vs. MIN,W
22018,NYK,New York Knicks,0021800382,2018-12-08,NYK vs. BKN,L
22018,BKN,Brooklyn Nets,0021800382,2018-12-08,BKN @ NYK,W
22018,SAC,Sacramento Kings,0021800379,2018-12-08,SAC @ IND,L
22018,MIN,Minnesota Timberwolves,0021800385,2018-12-08,MIN @ POR,L
22018,IND,Indiana Pacers,0021800379,2018-12-08,IND vs. SAC,W
22018,DEN,Denver Nuggets,0021800380,2018-12-08,DEN @ ATL,L
22018,CHI,Chicago Bulls,0021800383,2018-12-08,CHI vs. BOS,L
22018,WAS,Washington Wizards,0021800381,2018-12-08,WAS @ CLE,L
22018,BOS,Boston Celtics,0021800383,2018-12-08,BOS @ CHI,W
22018,HOU,Houston Rockets,0021800378,2018-12-08,HOU @ DAL,L
22018,ATL,Atlanta Hawks,0021800380,2018-12-08,ATL vs. DEN,W
22018,DAL,Dallas Mavericks,0021800378,2018-12-08,DAL vs. HOU,W
22018,MIA,Miami Heat,0021800386,2018-12-08,MIA @ LAC,W
22018,LAL,Los Angeles Lakers,0021800384,2018-12-08,LAL @ MEM,W
22018,CLE,Cleveland Cavaliers,0021800381,2018-12-08,CLE vs. WAS,W
22018,TOR,Toronto Raptors,0021800388,2018-12-09,TOR vs. MIL,L
22018,CHA,Charlotte Hornets,0021800389,2018-12-09,CHA @ NYK,W
22018,UTA,Utah Jazz,0021800390,2018-12-09,UTA @ SAS,L
22018,DET,Detroit Pistons,0021800387,2018-12-09,DET vs. NOP,L
22018,MIL,Milwaukee Bucks,0021800388,2018-12-09,MIL @ TOR,W
22018,SAS,San Antonio Spurs,0021800390,2018-12-09,SAS vs. UTA,W
22018,NOP,New Orleans Pelicans,0021800387,2018-12-09,NOP @ DET,W
22018,NYK,New York Knicks,0021800389,2018-12-09,NYK vs. CHA,L
22018,MIA,Miami Heat,0021800401,2018-12-10,MIA @ LAL,L
22018,LAL,Los Angeles Lakers,0021800401,2018-12-10,LAL vs. MIA,W
22018,CLE,Cleveland Cavaliers,0021800395,2018-12-10,CLE @ MIL,L
22018,GSW,Golden State Warriors,0021800400,2018-12-10,GSW vs. MIN,W
22018,DAL,Dallas Mavericks,0021800397,2018-12-10,DAL vs. ORL,W
22018,WAS,Washington Wizards,0021800391,2018-12-10,WAS @ IND,L
22018,DET,Detroit Pistons,0021800392,2018-12-10,DET @ PHI,L
22018,LAC,LA Clippers,0021800399,2018-12-10,LAC @ PHX,W
22018,CHI,Chicago Bulls,0021800394,2018-12-10,CHI vs. SAC,L
22018,NOP,New Orleans Pelicans,0021800393,2018-12-10,NOP @ BOS,L
22018,MIL,Milwaukee Bucks,0021800395,2018-12-10,MIL vs. CLE,W
22018,BOS,Boston Celtics,0021800393,2018-12-10,BOS vs. NOP,W
22018,SAC,Sacramento Kings,0021800394,2018-12-10,SAC @ CHI,W
22018,ORL,Orlando Magic,0021800397,2018-12-10,ORL @ DAL,L
22018,MEM,Memphis Grizzlies,0021800398,2018-12-10,MEM @ DEN,L
22018,MIN,Minnesota Timberwolves,0021800400,2018-12-10,MIN @ GSW,L
22018,PHX,Phoenix Suns,0021800399,2018-12-10,PHX vs. LAC,L
22018,UTA,Utah Jazz,0021800396,2018-12-10,UTA @ OKC,L
22018,OKC,Oklahoma City Thunder,0021800396,2018-12-10,OKC vs. UTA,W
22018,DEN,Denver Nuggets,0021800398,2018-12-10,DEN vs. MEM,W
22018,IND,Indiana Pacers,0021800391,2018-12-10,IND vs. WAS,W
22018,PHI,Philadelphia 76ers,0021800392,2018-12-10,PHI vs. DET,W
22018,SAS,San Antonio Spurs,0021800403,2018-12-11,SAS vs. PHX,W
22018,HOU,Houston Rockets,0021800402,2018-12-11,HOU vs. POR,W
22018,PHX,Phoenix Suns,0021800403,2018-12-11,PHX @ SAS,L
22018,POR,Portland Trail Blazers,0021800402,2018-12-11,POR @ HOU,L
22018,TOR,Toronto Raptors,0021800404,2018-12-11,TOR @ LAC,W
22018,LAC,LA Clippers,0021800404,2018-12-11,LAC vs. TOR,L
22018,UTA,Utah Jazz,0021800413,2018-12-12,UTA vs. MIA,W
22018,IND,Indiana Pacers,0021800407,2018-12-12,IND vs. MIL,W
22018,SAC,Sacramento Kings,0021800414,2018-12-12,SAC vs. MIN,W
22018,PHI,Philadelphia 76ers,0021800408,2018-12-12,PHI vs. BKN,L
22018,CLE,Cleveland Cavaliers,0021800406,2018-12-12,CLE vs. NYK,W
22018,MIL,Milwaukee Bucks,0021800407,2018-12-12,MIL @ IND,L
22018,BKN,Brooklyn Nets,0021800408,2018-12-12,BKN @ PHI,W
22018,MEM,Memphis Grizzlies,0021800410,2018-12-12,MEM vs. POR,W
22018,MIN,Minnesota Timberwolves,0021800414,2018-12-12,MIN @ SAC,L
22018,DAL,Dallas Mavericks,0021800412,2018-12-12,DAL vs. ATL,W
22018,WAS,Washington Wizards,0021800409,2018-12-12,WAS vs. BOS,L
22018,NYK,New York Knicks,0021800406,2018-12-12,NYK @ CLE,L
22018,OKC,Oklahoma City Thunder,0021800411,2018-12-12,OKC @ NOP,L
22018,ATL,Atlanta Hawks,0021800412,2018-12-12,ATL @ DAL,L
22018,TOR,Toronto Raptors,0021800415,2018-12-12,TOR @ GSW,W
22018,NOP,New Orleans Pelicans,0021800411,2018-12-12,NOP vs. OKC,W
22018,GSW,Golden State Warriors,0021800415,2018-12-12,GSW vs. TOR,L
22018,MIA,Miami Heat,0021800413,2018-12-12,MIA @ UTA,L
22018,POR,Portland Trail Blazers,0021800410,2018-12-12,POR @ MEM,L
22018,BOS,Boston Celtics,0021800409,2018-12-12,BOS @ WAS,W
22018,CHA,Charlotte Hornets,0021800405,2018-12-12,CHA vs. DET,W
22018,DET,Detroit Pistons,0021800405,2018-12-12,DET @ CHA,L
22018,HOU,Houston Rockets,0021800416,2018-12-13,HOU vs. LAL,W
22018,CHI,Chicago Bulls,0021800418,2018-12-13,CHI @ ORL,L
22018,DAL,Dallas Mavericks,0021800419,2018-12-13,DAL @ PHX,L
22018,LAC,LA Clippers,0021800417,2018-12-13,LAC @ SAS,L
22018,ORL,Orlando Magic,0021800418,2018-12-13,ORL vs. CHI,W
22018,PHX,Phoenix Suns,0021800419,2018-12-13,PHX vs. DAL,W
22018,LAL,Los Angeles Lakers,0021800416,2018-12-13,LAL @ HOU,L
22018,SAS,San Antonio Spurs,0021800417,2018-12-13,SAS vs. LAC,W
22018,MEM,Memphis Grizzlies,0021800425,2018-12-14,MEM vs. MIA,L
22018,CLE,Cleveland Cavaliers,0021800423,2018-12-14,CLE vs. MIL,L
22018,WAS,Washington Wizards,0021800422,2018-12-14,WAS @ BKN,L
22018,CHA,Charlotte Hornets,0021800421,2018-12-14,CHA vs. NYK,L
22018,PHI,Philadelphia 76ers,0021800424,2018-12-14,PHI vs. IND,L
22018,IND,Indiana Pacers,0021800424,2018-12-14,IND @ PHI,W
22018,TOR,Toronto Raptors,0021800427,2018-12-14,TOR @ POR,L
22018,GSW,Golden State Warriors,0021800428,2018-12-14,GSW @ SAC,W
22018,BOS,Boston Celtics,0021800420,2018-12-14,BOS vs. ATL,W
22018,ATL,Atlanta Hawks,0021800420,2018-12-14,ATL @ BOS,L
22018,MIL,Milwaukee Bucks,0021800423,2018-12-14,MIL @ CLE,W
22018,OKC,Oklahoma City Thunder,0021800426,2018-12-14,OKC @ DEN,L
22018,SAC,Sacramento Kings,0021800428,2018-12-14,SAC vs. GSW,L
22018,DEN,Denver Nuggets,0021800426,2018-12-14,DEN vs. OKC,W
22018,POR,Portland Trail Blazers,0021800427,2018-12-14,POR vs. TOR,W
22018,MIA,Miami Heat,0021800425,2018-12-14,MIA @ MEM,W
22018,BKN,Brooklyn Nets,0021800422,2018-12-14,BKN vs. WAS,W
22018,NYK,New York Knicks,0021800421,2018-12-14,NYK @ CHA,W
22018,CHA,Charlotte Hornets,0021800430,2018-12-15,CHA vs. LAL,L
22018,PHX,Phoenix Suns,0021800435,2018-12-15,PHX vs. MIN,W
22018,UTA,Utah Jazz,0021800429,2018-12-15,UTA @ ORL,L
22018,MIN,Minnesota Timberwolves,0021800435,2018-12-15,MIN @ PHX,L
22018,CHI,Chicago Bulls,0021800433,2018-12-15,CHI @ SAS,W
22018,DET,Detroit Pistons,0021800431,2018-12-15,DET vs. BOS,W
22018,SAS,San Antonio Spurs,0021800433,2018-12-15,SAS vs. CHI,L
22018,MEM,Memphis Grizzlies,0021800432,2018-12-15,MEM vs. HOU,L
22018,OKC,Oklahoma City Thunder,0021800434,2018-12-15,OKC vs. LAC,W
22018,LAC,LA Clippers,0021800434,2018-12-15,LAC @ OKC,L
22018,ORL,Orlando Magic,0021800429,2018-12-15,ORL vs. UTA,W
22018,HOU,Houston Rockets,0021800432,2018-12-15,HOU @ MEM,W
22018,BOS,Boston Celtics,0021800431,2018-12-15,BOS @ DET,L
22018,LAL,Los Angeles Lakers,0021800430,2018-12-15,LAL @ CHA,W
22018,WAS,Washington Wizards,0021800439,2018-12-16,WAS vs. LAL,W
22018,NOP,New Orleans Pelicans,0021800441,2018-12-16,NOP vs. MIA,L
22018,ATL,Atlanta Hawks,0021800436,2018-12-16,ATL @ BKN,L
22018,IND,Indiana Pacers,0021800438,2018-12-16,IND vs. NYK,W
22018,NYK,New York Knicks,0021800438,2018-12-16,NYK @ IND,L
22018,CLE,Cleveland Cavaliers,0021800437,2018-12-16,CLE vs. PHI,L
22018,DAL,Dallas Mavericks,0021800440,2018-12-16,DAL vs. SAC,L
22018,BKN,Brooklyn Nets,0021800436,2018-12-16,BKN vs. ATL,W
22018,PHI,Philadelphia 76ers,0021800437,2018-12-16,PHI @ CLE,W
22018,MIA,Miami Heat,0021800441,2018-12-16,MIA @ NOP,W
22018,SAC,Sacramento Kings,0021800440,2018-12-16,SAC @ DAL,W
22018,TOR,Toronto Raptors,0021800442,2018-12-16,TOR @ DEN,L
22018,DEN,Denver Nuggets,0021800442,2018-12-16,DEN vs. TOR,W
22018,LAL,Los Angeles Lakers,0021800439,2018-12-16,LAL @ WAS,L
22018,DET,Detroit Pistons,0021800443,2018-12-17,DET vs. MIL,L
22018,SAC,Sacramento Kings,0021800446,2018-12-17,SAC @ MIN,L
22018,PHX,Phoenix Suns,0021800444,2018-12-17,PHX @ NYK,W
22018,SAS,San Antonio Spurs,0021800448,2018-12-17,SAS vs. PHI,W
22018,NYK,New York Knicks,0021800444,2018-12-17,NYK vs. PHX,L
22018,LAC,LA Clippers,0021800450,2018-12-17,LAC vs. POR,L
22018,MIN,Minnesota Timberwolves,0021800446,2018-12-17,MIN vs. SAC,W
22018,PHI,Philadelphia 76ers,0021800448,2018-12-17,PHI @ SAS,L
22018,OKC,Oklahoma City Thunder,0021800447,2018-12-17,OKC vs. CHI,W
22018,MEM,Memphis Grizzlies,0021800449,2018-12-17,MEM @ GSW,L
22018,UTA,Utah Jazz,0021800445,2018-12-17,UTA @ HOU,L
22018,POR,Portland Trail Blazers,0021800450,2018-12-17,POR @ LAC,W
22018,CHI,Chicago Bulls,0021800447,2018-12-17,CHI @ OKC,L
22018,HOU,Houston Rockets,0021800445,2018-12-17,HOU vs. UTA,W
22018,GSW,Golden State Warriors,0021800449,2018-12-17,GSW vs. MEM,W
22018,MIL,Milwaukee Bucks,0021800443,2018-12-17,MIL @ DET,W
22018,BKN,Brooklyn Nets,0021800453,2018-12-18,BKN vs. LAL,W
22018,LAL,Los Angeles Lakers,0021800453,2018-12-18,LAL @ BKN,L
22018,CLE,Cleveland Cavaliers,0021800451,2018-12-18,CLE @ IND,W
22018,WAS,Washington Wizards,0021800452,2018-12-18,WAS @ ATL,L
22018,IND,Indiana Pacers,0021800451,2018-12-18,IND vs. CLE,L
22018,DEN,Denver Nuggets,0021800454,2018-12-18,DEN vs. DAL,W
22018,DAL,Dallas Mavericks,0021800454,2018-12-18,DAL @ DEN,L
22018,ATL,Atlanta Hawks,0021800452,2018-12-18,ATL vs. WAS,W
22018,NOP,New Orleans Pelicans,0021800462,2018-12-19,NOP @ MIL,L
22018,DET,Detroit Pistons,0021800463,2018-12-19,DET @ MIN,W
22018,CHI,Chicago Bulls,0021800460,2018-12-19,CHI vs. BKN,L
22018,PHI,Philadelphia 76ers,0021800457,2018-12-19,PHI vs. NYK,W
22018,SAS,San Antonio Spurs,0021800456,2018-12-19,SAS @ ORL,W
22018,TOR,Toronto Raptors,0021800459,2018-12-19,TOR vs. IND,W
22018,NYK,New York Knicks,0021800457,2018-12-19,NYK @ PHI,L
22018,BOS,Boston Celtics,0021800458,2018-12-19,BOS vs. PHX,L
22018,MEM,Memphis Grizzlies,0021800465,2018-12-19,MEM @ POR,L
22018,OKC,Oklahoma City Thunder,0021800466,2018-12-19,OKC @ SAC,W
22018,ORL,Orlando Magic,0021800456,2018-12-19,ORL vs. SAS,L
22018,PHX,Phoenix Suns,0021800458,2018-12-19,PHX @ BOS,W
22018,CHA,Charlotte Hornets,0021800455,2018-12-19,CHA vs. CLE,W
22018,MIL,Milwaukee Bucks,0021800462,2018-12-19,MIL vs. NOP,W
22018,BKN,Brooklyn Nets,0021800460,2018-12-19,BKN @ CHI,W
22018,UTA,Utah Jazz,0021800464,2018-12-19,UTA vs. GSW,W
22018,WAS,Washington Wizards,0021800461,2018-12-19,WAS @ HOU,L
22018,SAC,Sacramento Kings,0021800466,2018-12-19,SAC vs. OKC,L
22018,IND,Indiana Pacers,0021800459,2018-12-19,IND @ TOR,L
22018,GSW,Golden State Warriors,0021800464,2018-12-19,GSW @ UTA,L
22018,POR,Portland Trail Blazers,0021800465,2018-12-19,POR vs. MEM,W
22018,HOU,Houston Rockets,0021800461,2018-12-19,HOU vs. WAS,W
22018,MIN,Minnesota Timberwolves,0021800463,2018-12-19,MIN vs. DET,L
22018,CLE,Cleveland Cavaliers,0021800455,2018-12-19,CLE @ CHA,L
22018,HOU,Houston Rockets,0021800467,2018-12-20,HOU @ MIA,L
22018,LAC,LA Clippers,0021800468,2018-12-20,LAC vs. DAL,W
22018,MIA,Miami Heat,0021800467,2018-12-20,MIA vs. HOU,W
22018,DAL,Dallas Mavericks,0021800468,2018-12-20,DAL @ LAC,L
22018,NOP,New Orleans Pelicans,0021800478,2018-12-21,NOP @ LAL,L
22018,BOS,Boston Celtics,0021800473,2018-12-21,BOS vs. MIL,L
22018,SAS,San Antonio Spurs,0021800475,2018-12-21,SAS vs. MIN,W
22018,IND,Indiana Pacers,0021800471,2018-12-21,IND @ BKN,W
22018,ATL,Atlanta Hawks,0021800472,2018-12-21,ATL @ NYK,W
22018,CHI,Chicago Bulls,0021800474,2018-12-21,CHI vs. ORL,W
22018,BKN,Brooklyn Nets,0021800471,2018-12-21,BKN vs. IND,L
22018,UTA,Utah Jazz,0021800476,2018-12-21,UTA @ POR,W
22018,MEM,Memphis Grizzlies,0021800477,2018-12-21,MEM @ SAC,L
22018,MIN,Minnesota Timberwolves,0021800475,2018-12-21,MIN @ SAS,L
22018,NYK,New York Knicks,0021800472,2018-12-21,NYK vs. ATL,L
22018,MIL,Milwaukee Bucks,0021800473,2018-12-21,MIL @ BOS,W
22018,TOR,Toronto Raptors,0021800470,2018-12-21,TOR vs. CLE,W
22018,LAL,Los Angeles Lakers,0021800478,2018-12-21,LAL vs. NOP,W
22018,ORL,Orlando Magic,0021800474,2018-12-21,ORL @ CHI,L
22018,CLE,Cleveland Cavaliers,0021800470,2018-12-21,CLE @ TOR,L
22018,POR,Portland Trail Blazers,0021800476,2018-12-21,POR vs. UTA,L
22018,SAC,Sacramento Kings,0021800477,2018-12-21,SAC vs. MEM,W
22018,CHA,Charlotte Hornets,0021800469,2018-12-21,CHA vs. DET,W
22018,DET,Detroit Pistons,0021800469,2018-12-21,DET @ CHA,L
22018,MIL,Milwaukee Bucks,0021800482,2018-12-22,MIL @ MIA,L
22018,MIA,Miami Heat,0021800482,2018-12-22,MIA vs. MIL,W
22018,TOR,Toronto Raptors,0021800481,2018-12-22,TOR @ PHI,L
22018,WAS,Washington Wizards,0021800480,2018-12-22,WAS vs. PHX,W
22018,HOU,Houston Rockets,0021800483,2018-12-22,HOU vs. SAS,W
22018,GSW,Golden State Warriors,0021800484,2018-12-22,GSW vs. DAL,W
22018,LAC,LA Clippers,0021800479,2018-12-22,LAC vs. DEN,W
22018,DAL,Dallas Mavericks,0021800484,2018-12-22,DAL @ GSW,L
22018,SAS,San Antonio Spurs,0021800483,2018-12-22,SAS @ HOU,L
22018,DEN,Denver Nuggets,0021800479,2018-12-22,DEN @ LAC,L
22018,UTA,Utah Jazz,0021800485,2018-12-22,UTA vs. OKC,L
22018,PHI,Philadelphia 76ers,0021800481,2018-12-22,PHI vs. TOR,W
22018,OKC,Oklahoma City Thunder,0021800485,2018-12-22,OKC @ UTA,W
22018,PHX,Phoenix Suns,0021800480,2018-12-22,PHX @ WAS,L
22018,MEM,Memphis Grizzlies,0021800496,2018-12-23,MEM @ LAL,W
22018,ORL,Orlando Magic,0021800491,2018-12-23,ORL vs. MIA,L
22018,OKC,Oklahoma City Thunder,0021800493,2018-12-23,OKC vs. MIN,L
22018,PHX,Phoenix Suns,0021800489,2018-12-23,PHX @ BKN,L
22018,MIA,Miami Heat,0021800491,2018-12-23,MIA @ ORL,W
22018,WAS,Washington Wizards,0021800487,2018-12-23,WAS @ IND,L
22018,BKN,Brooklyn Nets,0021800489,2018-12-23,BKN vs. PHX,W
22018,DAL,Dallas Mavericks,0021800495,2018-12-23,DAL @ POR,L
22018,NOP,New Orleans Pelicans,0021800492,2018-12-23,NOP @ SAC,L
22018,DET,Detroit Pistons,0021800486,2018-12-23,DET vs. ATL,L
22018,CHA,Charlotte Hornets,0021800488,2018-12-23,CHA @ BOS,L
22018,CHI,Chicago Bulls,0021800490,2018-12-23,CHI @ CLE,W
22018,SAC,Sacramento Kings,0021800492,2018-12-23,SAC vs. NOP,W
22018,CLE,Cleveland Cavaliers,0021800490,2018-12-23,CLE vs. CHI,L
22018,POR,Portland Trail Blazers,0021800495,2018-12-23,POR vs. DAL,W
22018,LAC,LA Clippers,0021800494,2018-12-23,LAC @ GSW,L
22018,GSW,Golden State Warriors,0021800494,2018-12-23,GSW vs. LAC,W
22018,MIN,Minnesota Timberwolves,0021800493,2018-12-23,MIN @ OKC,W
22018,LAL,Los Angeles Lakers,0021800496,2018-12-23,LAL vs. MEM,L
22018,IND,Indiana Pacers,0021800487,2018-12-23,IND vs. WAS,W
22018,ATL,Atlanta Hawks,0021800486,2018-12-23,ATL @ DET,W
22018,BOS,Boston Celtics,0021800488,2018-12-23,BOS vs. CHA,W
22018,GSW,Golden State Warriors,0021800500,2018-12-25,GSW vs. LAL,L
22018,NYK,New York Knicks,0021800497,2018-12-25,NYK vs. MIL,L
22018,MIL,Milwaukee Bucks,0021800497,2018-12-25,MIL @ NYK,W
22018,BOS,Boston Celtics,0021800499,2018-12-25,BOS vs. PHI,W
22018,UTA,Utah Jazz,0021800501,2018-12-25,UTA vs. POR,W
22018,PHI,Philadelphia 76ers,0021800499,2018-12-25,PHI @ BOS,L
22018,LAL,Los Angeles Lakers,0021800500,2018-12-25,LAL @ GSW,W
22018,OKC,Oklahoma City Thunder,0021800498,2018-12-25,OKC @ HOU,L
22018,HOU,Houston Rockets,0021800498,2018-12-25,HOU vs. OKC,W
22018,POR,Portland Trail Blazers,0021800501,2018-12-25,POR @ UTA,L
22018,TOR,Toronto Raptors,0021800506,2018-12-26,TOR @ MIA,W
22018,CHI,Chicago Bulls,0021800507,2018-12-26,CHI vs. MIN,L
22018,CHA,Charlotte Hornets,0021800505,2018-12-26,CHA @ BKN,L
22018,PHX,Phoenix Suns,0021800503,2018-12-26,PHX @ ORL,W
22018,ATL,Atlanta Hawks,0021800504,2018-12-26,ATL vs. IND,L
22018,ORL,Orlando Magic,0021800503,2018-12-26,ORL vs. PHX,L
22018,LAC,LA Clippers,0021800511,2018-12-26,LAC vs. SAC,W
22018,DEN,Denver Nuggets,0021800510,2018-12-26,DEN @ SAS,L
22018,IND,Indiana Pacers,0021800504,2018-12-26,IND @ ATL,W
22018,MEM,Memphis Grizzlies,0021800508,2018-12-26,MEM vs. CLE,W
22018,DAL,Dallas Mavericks,0021800509,2018-12-26,DAL vs. NOP,W
22018,MIN,Minnesota Timberwolves,0021800507,2018-12-26,MIN @ CHI,W
22018,NOP,New Orleans Pelicans,0021800509,2018-12-26,NOP @ DAL,L
22018,SAS,San Antonio Spurs,0021800510,2018-12-26,SAS vs. DEN,W
22018,SAC,Sacramento Kings,0021800511,2018-12-26,SAC @ LAC,L
22018,MIA,Miami Heat,0021800506,2018-12-26,MIA vs. TOR,L
22018,CLE,Cleveland Cavaliers,0021800508,2018-12-26,CLE @ MEM,L
22018,DET,Detroit Pistons,0021800502,2018-12-26,DET vs. WAS,W
22018,WAS,Washington Wizards,0021800502,2018-12-26,WAS @ DET,L
22018,BKN,Brooklyn Nets,0021800505,2018-12-26,BKN vs. CHA,W
22018,SAC,Sacramento Kings,0021800514,2018-12-27,SAC vs. LAL,W
22018,NYK,New York Knicks,0021800513,2018-12-27,NYK @ MIL,L
22018,MIL,Milwaukee Bucks,0021800513,2018-12-27,MIL vs. NYK,W
22018,UTA,Utah Jazz,0021800515,2018-12-27,UTA vs. PHI,L
22018,GSW,Golden State Warriors,0021800516,2018-12-27,GSW vs. POR,L
22018,LAL,Los Angeles Lakers,0021800514,2018-12-27,LAL @ SAC,L
22018,HOU,Houston Rockets,0021800512,2018-12-27,HOU vs. BOS,W
22018,POR,Portland Trail Blazers,0021800516,2018-12-27,POR @ GSW,W
22018,BOS,Boston Celtics,0021800512,2018-12-27,BOS @ HOU,L
22018,PHI,Philadelphia 76ers,0021800515,2018-12-27,PHI @ UTA,W
22018,LAC,LA Clippers,0021800526,2018-12-28,LAC @ LAL,W
22018,CLE,Cleveland Cavaliers,0021800521,2018-12-28,CLE @ MIA,L
22018,ATL,Atlanta Hawks,0021800522,2018-12-28,ATL @ MIN,W
22018,CHA,Charlotte Hornets,0021800517,2018-12-28,CHA vs. BKN,W
22018,TOR,Toronto Raptors,0021800519,2018-12-28,TOR @ ORL,L
22018,DET,Detroit Pistons,0021800518,2018-12-28,DET @ IND,L
22018,OKC,Oklahoma City Thunder,0021800525,2018-12-28,OKC @ PHX,W
22018,DEN,Denver Nuggets,0021800524,2018-12-28,DEN vs. SAS,W
22018,MIN,Minnesota Timberwolves,0021800522,2018-12-28,MIN vs. ATL,L
22018,MIA,Miami Heat,0021800521,2018-12-28,MIA vs. CLE,W
22018,DAL,Dallas Mavericks,0021800523,2018-12-28,DAL @ NOP,L
22018,WAS,Washington Wizards,0021800520,2018-12-28,WAS vs. CHI,L
22018,NOP,New Orleans Pelicans,0021800523,2018-12-28,NOP vs. DAL,W
22018,SAS,San Antonio Spurs,0021800524,2018-12-28,SAS @ DEN,L
22018,LAL,Los Angeles Lakers,0021800526,2018-12-28,LAL vs. LAC,L
22018,PHX,Phoenix Suns,0021800525,2018-12-28,PHX vs. OKC,L
22018,ORL,Orlando Magic,0021800519,2018-12-28,ORL vs. TOR,W
22018,CHI,Chicago Bulls,0021800520,2018-12-28,CHI @ WAS,W
22018,IND,Indiana Pacers,0021800518,2018-12-28,IND vs. DET,W
22018,BKN,Brooklyn Nets,0021800517,2018-12-28,BKN @ CHA,L
22018,BKN,Brooklyn Nets,0021800527,2018-12-29,BKN @ MIL,L
22018,MIL,Milwaukee Bucks,0021800527,2018-12-29,MIL vs. BKN,W
22018,UTA,Utah Jazz,0021800532,2018-12-29,UTA vs. NYK,W
22018,DEN,Denver Nuggets,0021800533,2018-12-29,DEN @ PHX,W
22018,GSW,Golden State Warriors,0021800534,2018-12-29,GSW @ POR,W
22018,LAC,LA Clippers,0021800535,2018-12-29,LAC vs. SAS,L
22018,CLE,Cleveland Cavaliers,0021800529,2018-12-29,CLE @ ATL,L
22018,MEM,Memphis Grizzlies,0021800531,2018-12-29,MEM vs. BOS,L
22018,ATL,Atlanta Hawks,0021800529,2018-12-29,ATL vs. CLE,W
22018,HOU,Houston Rockets,0021800528,2018-12-29,HOU @ NOP,W
22018,PHX,Phoenix Suns,0021800533,2018-12-29,PHX vs. DEN,L
22018,POR,Portland Trail Blazers,0021800534,2018-12-29,POR vs. GSW,L
22018,NOP,New Orleans Pelicans,0021800528,2018-12-29,NOP vs. HOU,L
22018,SAS,San Antonio Spurs,0021800535,2018-12-29,SAS @ LAC,W
22018,NYK,New York Knicks,0021800532,2018-12-29,NYK @ UTA,L
22018,BOS,Boston Celtics,0021800531,2018-12-29,BOS @ MEM,W
22018,CHA,Charlotte Hornets,0021800530,2018-12-29,CHA @ WAS,L
22018,WAS,Washington Wizards,0021800530,2018-12-29,WAS vs. CHA,W
22018,SAC,Sacramento Kings,0021800541,2018-12-30,SAC @ LAL,L
22018,MIN,Minnesota Timberwolves,0021800537,2018-12-30,MIN @ MIA,W
22018,MIA,Miami Heat,0021800537,2018-12-30,MIA vs. MIN,L
22018,DET,Detroit Pistons,0021800536,2018-12-30,DET @ ORL,L
22018,POR,Portland Trail Blazers,0021800540,2018-12-30,POR vs. PHI,W
22018,PHI,Philadelphia 76ers,0021800540,2018-12-30,PHI @ POR,L
22018,LAL,Los Angeles Lakers,0021800541,2018-12-30,LAL vs. SAC,W
22018,TOR,Toronto Raptors,0021800538,2018-12-30,TOR vs. CHI,W
22018,OKC,Oklahoma City Thunder,0021800539,2018-12-30,OKC @ DAL,L
22018,DAL,Dallas Mavericks,0021800539,2018-12-30,DAL vs. OKC,W
22018,CHI,Chicago Bulls,0021800538,2018-12-30,CHI @ TOR,L
22018,ORL,Orlando Magic,0021800536,2018-12-30,ORL vs. DET,W
22018,NOP,New Orleans Pelicans,0021800546,2018-12-31,NOP vs. MIN,W
22018,CHA,Charlotte Hornets,0021800543,2018-12-31,CHA vs. ORL,W
22018,ATL,Atlanta Hawks,0021800542,2018-12-31,ATL @ IND,L
22018,GSW,Golden State Warriors,0021800548,2018-12-31,GSW @ PHX,W
22018,BOS,Boston Celtics,0021800545,2018-12-31,BOS @ SAS,L
22018,IND,Indiana Pacers,0021800542,2018-12-31,IND vs. ATL,W
22018,SAS,San Antonio Spurs,0021800545,2018-12-31,SAS vs. BOS,W
22018,MIN,Minnesota Timberwolves,0021800546,2018-12-31,MIN @ NOP,L
22018,OKC,Oklahoma City Thunder,0021800547,2018-12-31,OKC vs. DAL,W
22018,PHX,Phoenix Suns,0021800548,2018-12-31,PHX vs. GSW,L
22018,MEM,Memphis Grizzlies,0021800544,2018-12-31,MEM @ HOU,L
22018,DAL,Dallas Mavericks,0021800547,2018-12-31,DAL @ OKC,L
22018,HOU,Houston Rockets,0021800544,2018-12-31,HOU vs. MEM,W
22018,ORL,Orlando Magic,0021800543,2018-12-31,ORL @ CHA,L
22018,DET,Detroit Pistons,0021800550,2019-01-01,DET @ MIL,L
22018,DEN,Denver Nuggets,0021800551,2019-01-01,DEN vs. NYK,W
22018,LAC,LA Clippers,0021800553,2019-01-01,LAC vs. PHI,L
22018,SAC,Sacramento Kings,0021800552,2019-01-01,SAC vs. POR,L
22018,POR,Portland Trail Blazers,0021800552,2019-01-01,POR @ SAC,W
22018,NYK,New York Knicks,0021800551,2019-01-01,NYK @ DEN,L
22018,PHI,Philadelphia 76ers,0021800553,2019-01-01,PHI @ LAC,W
22018,UTA,Utah Jazz,0021800549,2019-01-01,UTA @ TOR,L
22018,TOR,Toronto Raptors,0021800549,2019-01-01,TOR vs. UTA,W
22018,MIL,Milwaukee Bucks,0021800550,2019-01-01,MIL vs. DET,W
22018,OKC,Oklahoma City Thunder,0021800562,2019-01-02,OKC @ LAL,W
22018,CLE,Cleveland Cavaliers,0021800555,2019-01-02,CLE vs. MIA,L
22018,BOS,Boston Celtics,0021800558,2019-01-02,BOS vs. MIN,W
22018,NOP,New Orleans Pelicans,0021800557,2019-01-02,NOP @ BKN,L
22018,CHI,Chicago Bulls,0021800559,2019-01-02,CHI vs. ORL,L
22018,PHX,Phoenix Suns,0021800561,2019-01-02,PHX vs. PHI,L
22018,PHI,Philadelphia 76ers,0021800561,2019-01-02,PHI @ PHX,W
22018,WAS,Washington Wizards,0021800556,2019-01-02,WAS vs. ATL,W
22018,MIN,Minnesota Timberwolves,0021800558,2019-01-02,MIN @ BOS,L
22018,MIA,Miami Heat,0021800555,2019-01-02,MIA @ CLE,W
22018,BKN,Brooklyn Nets,0021800557,2019-01-02,BKN vs. NOP,W
22018,ORL,Orlando Magic,0021800559,2019-01-02,ORL @ CHI,W
22018,CHA,Charlotte Hornets,0021800554,2019-01-02,CHA vs. DAL,L
22018,LAL,Los Angeles Lakers,0021800562,2019-01-02,LAL vs. OKC,L
22018,DET,Detroit Pistons,0021800560,2019-01-02,DET @ MEM,W
22018,ATL,Atlanta Hawks,0021800556,2019-01-02,ATL @ WAS,L
22018,MEM,Memphis Grizzlies,0021800560,2019-01-02,MEM vs. DET,L
22018,DAL,Dallas Mavericks,0021800554,2019-01-02,DAL @ CHA,W
22018,DEN,Denver Nuggets,0021800564,2019-01-03,DEN @ SAC,W
22018,TOR,Toronto Raptors,0021800563,2019-01-03,TOR @ SAS,L
22018,SAC,Sacramento Kings,0021800564,2019-01-03,SAC vs. DEN,L
22018,HOU,Houston Rockets,0021800565,2019-01-03,HOU @ GSW,W
22018,GSW,Golden State Warriors,0021800565,2019-01-03,GSW vs. HOU,L
22018,SAS,San Antonio Spurs,0021800563,2019-01-03,SAS vs. TOR,W
22018,NYK,New York Knicks,0021800574,2019-01-04,NYK @ LAL,W
22018,WAS,Washington Wizards,0021800568,2019-01-04,WAS @ MIA,L
22018,ATL,Atlanta Hawks,0021800572,2019-01-04,ATL @ MIL,L
22018,ORL,Orlando Magic,0021800571,2019-01-04,ORL @ MIN,L
22018,MEM,Memphis Grizzlies,0021800570,2019-01-04,MEM vs. BKN,L
22018,LAL,Los Angeles Lakers,0021800574,2019-01-04,LAL vs. NYK,L
22018,MIN,Minnesota Timberwolves,0021800571,2019-01-04,MIN vs. ORL,W
22018,CHI,Chicago Bulls,0021800569,2019-01-04,CHI vs. IND,L
22018,LAC,LA Clippers,0021800573,2019-01-04,LAC @ PHX,W
22018,OKC,Oklahoma City Thunder,0021800575,2019-01-04,OKC @ POR,W
22018,MIL,Milwaukee Bucks,0021800572,2019-01-04,MIL vs. ATL,W
22018,DAL,Dallas Mavericks,0021800566,2019-01-04,DAL @ BOS,L
22018,UTA,Utah Jazz,0021800567,2019-01-04,UTA @ CLE,W
22018,IND,Indiana Pacers,0021800569,2019-01-04,IND @ CHI,W
22018,BOS,Boston Celtics,0021800566,2019-01-04,BOS vs. DAL,W
22018,PHX,Phoenix Suns,0021800573,2019-01-04,PHX vs. LAC,L
22018,POR,Portland Trail Blazers,0021800575,2019-01-04,POR vs. OKC,L
22018,CLE,Cleveland Cavaliers,0021800567,2019-01-04,CLE vs. UTA,L
22018,BKN,Brooklyn Nets,0021800570,2019-01-04,BKN @ MEM,W
22018,MIA,Miami Heat,0021800568,2019-01-04,MIA vs. WAS,W
22018,TOR,Toronto Raptors,0021800580,2019-01-05,TOR @ MIL,W
22018,DAL,Dallas Mavericks,0021800578,2019-01-05,DAL @ PHI,L
22018,HOU,Houston Rockets,0021800582,2019-01-05,HOU @ POR,L
22018,GSW,Golden State Warriors,0021800583,2019-01-05,GSW @ SAC,W
22018,MEM,Memphis Grizzlies,0021800581,2019-01-05,MEM @ SAS,L
22018,NOP,New Orleans Pelicans,0021800579,2019-01-05,NOP @ CLE,W
22018,CLE,Cleveland Cavaliers,0021800579,2019-01-05,CLE vs. NOP,L
22018,PHI,Philadelphia 76ers,0021800578,2019-01-05,PHI vs. DAL,W
22018,CHA,Charlotte Hornets,0021800576,2019-01-05,CHA @ DEN,L
22018,SAC,Sacramento Kings,0021800583,2019-01-05,SAC vs. GSW,L
22018,POR,Portland Trail Blazers,0021800582,2019-01-05,POR vs. HOU,W
22018,MIL,Milwaukee Bucks,0021800580,2019-01-05,MIL vs. TOR,L
22018,DET,Detroit Pistons,0021800577,2019-01-05,DET vs. UTA,L
22018,SAS,San Antonio Spurs,0021800581,2019-01-05,SAS vs. MEM,W
22018,UTA,Utah Jazz,0021800577,2019-01-05,UTA @ DET,W
22018,DEN,Denver Nuggets,0021800576,2019-01-05,DEN vs. CHA,W
22018,MIN,Minnesota Timberwolves,0021800585,2019-01-06,MIN vs. LAL,W
22018,ATL,Atlanta Hawks,0021800587,2019-01-06,ATL vs. MIA,W
22018,LAL,Los Angeles Lakers,0021800585,2019-01-06,LAL @ MIN,L
22018,CHI,Chicago Bulls,0021800584,2019-01-06,CHI vs. BKN,L
22018,LAC,LA Clippers,0021800586,2019-01-06,LAC vs. ORL,W
22018,TOR,Toronto Raptors,0021800589,2019-01-06,TOR vs. IND,W
22018,CHA,Charlotte Hornets,0021800590,2019-01-06,CHA @ PHX,W
22018,MIA,Miami Heat,0021800587,2019-01-06,MIA @ ATL,L
22018,BKN,Brooklyn Nets,0021800584,2019-01-06,BKN @ CHI,W
22018,ORL,Orlando Magic,0021800586,2019-01-06,ORL @ LAC,L
22018,WAS,Washington Wizards,0021800588,2019-01-06,WAS @ OKC,W
22018,IND,Indiana Pacers,0021800589,2019-01-06,IND @ TOR,L
22018,OKC,Oklahoma City Thunder,0021800588,2019-01-06,OKC vs. WAS,L
22018,PHX,Phoenix Suns,0021800590,2019-01-06,PHX vs. CHA,L
22018,DAL,Dallas Mavericks,0021800596,2019-01-07,DAL vs. LAL,L
22018,UTA,Utah Jazz,0021800594,2019-01-07,UTA @ MIL,L
22018,BOS,Boston Celtics,0021800592,2019-01-07,BOS vs. BKN,W
22018,POR,Portland Trail Blazers,0021800597,2019-01-07,POR vs. NYK,W
22018,SAC,Sacramento Kings,0021800598,2019-01-07,SAC vs. ORL,W
22018,NYK,New York Knicks,0021800597,2019-01-07,NYK @ POR,L
22018,ORL,Orlando Magic,0021800598,2019-01-07,ORL @ SAC,L
22018,DET,Detroit Pistons,0021800591,2019-01-07,DET vs. SAS,L
22018,BKN,Brooklyn Nets,0021800592,2019-01-07,BKN @ BOS,L
22018,MEM,Memphis Grizzlies,0021800595,2019-01-07,MEM @ NOP,L
22018,LAL,Los Angeles Lakers,0021800596,2019-01-07,LAL @ DAL,W
22018,HOU,Houston Rockets,0021800593,2019-01-07,HOU vs. DEN,W
22018,DEN,Denver Nuggets,0021800593,2019-01-07,DEN @ HOU,L
22018,MIL,Milwaukee Bucks,0021800594,2019-01-07,MIL vs. UTA,W
22018,NOP,New Orleans Pelicans,0021800595,2019-01-07,NOP vs. MEM,W
22018,SAS,San Antonio Spurs,0021800591,2019-01-07,SAS @ DET,W
22018,DEN,Denver Nuggets,0021800601,2019-01-08,DEN @ MIA,W
22018,OKC,Oklahoma City Thunder,0021800603,2019-01-08,OKC vs. MIN,L
22018,GSW,Golden State Warriors,0021800605,2019-01-08,GSW vs. NYK,W
22018,CLE,Cleveland Cavaliers,0021800599,2019-01-08,CLE vs. IND,L
22018,WAS,Washington Wizards,0021800600,2019-01-08,WAS @ PHI,L
22018,SAC,Sacramento Kings,0021800604,2019-01-08,SAC @ PHX,L
22018,PHX,Phoenix Suns,0021800604,2019-01-08,PHX vs. SAC,W
22018,TOR,Toronto Raptors,0021800602,2019-01-08,TOR vs. ATL,W
22018,IND,Indiana Pacers,0021800599,2019-01-08,IND @ CLE,W
22018,MIA,Miami Heat,0021800601,2019-01-08,MIA vs. DEN,L
22018,NYK,New York Knicks,0021800605,2019-01-08,NYK @ GSW,L
22018,CHA,Charlotte Hornets,0021800606,2019-01-08,CHA @ LAC,L
22018,MIN,Minnesota Timberwolves,0021800603,2019-01-08,MIN @ OKC,W
22018,ATL,Atlanta Hawks,0021800602,2019-01-08,ATL @ TOR,L
22018,PHI,Philadelphia 76ers,0021800600,2019-01-08,PHI vs. WAS,W
22018,LAC,LA Clippers,0021800606,2019-01-08,LAC vs. CHA,W
22018,DET,Detroit Pistons,0021800616,2019-01-09,DET @ LAL,L
22018,HOU,Houston Rockets,0021800610,2019-01-09,HOU vs. MIL,L
22018,ATL,Atlanta Hawks,0021800609,2019-01-09,ATL @ BKN,L
22018,UTA,Utah Jazz,0021800614,2019-01-09,UTA vs. ORL,W
22018,BOS,Boston Celtics,0021800607,2019-01-09,BOS vs. IND,W
22018,WAS,Washington Wizards,0021800608,2019-01-09,WAS vs. PHI,W
22018,DAL,Dallas Mavericks,0021800613,2019-01-09,DAL vs. PHX,W
22018,CHI,Chicago Bulls,0021800615,2019-01-09,CHI @ POR,L
22018,MEM,Memphis Grizzlies,0021800611,2019-01-09,MEM vs. SAS,W
22018,BKN,Brooklyn Nets,0021800609,2019-01-09,BKN vs. ATL,W
22018,IND,Indiana Pacers,0021800607,2019-01-09,IND @ BOS,L
22018,NOP,New Orleans Pelicans,0021800612,2019-01-09,NOP vs. CLE,W
22018,CLE,Cleveland Cavaliers,0021800612,2019-01-09,CLE @ NOP,L
22018,POR,Portland Trail Blazers,0021800615,2019-01-09,POR vs. CHI,W
22018,PHX,Phoenix Suns,0021800613,2019-01-09,PHX @ DAL,L
22018,MIL,Milwaukee Bucks,0021800610,2019-01-09,MIL @ HOU,W
22018,ORL,Orlando Magic,0021800614,2019-01-09,ORL @ UTA,L
22018,SAS,San Antonio Spurs,0021800611,2019-01-09,SAS @ MEM,L
22018,PHI,Philadelphia 76ers,0021800608,2019-01-09,PHI @ WAS,L
22018,LAL,Los Angeles Lakers,0021800616,2019-01-09,LAL vs. DET,W
22018,BOS,Boston Celtics,0021800617,2019-01-10,BOS @ MIA,L
22018,DET,Detroit Pistons,0021800620,2019-01-10,DET @ SAC,L
22018,OKC,Oklahoma City Thunder,0021800619,2019-01-10,OKC @ SAS,L
22018,MIA,Miami Heat,0021800617,2019-01-10,MIA vs. BOS,W
22018,LAC,LA Clippers,0021800618,2019-01-10,LAC @ DEN,L
22018,DEN,Denver Nuggets,0021800618,2019-01-10,DEN vs. LAC,W
22018,SAS,San Antonio Spurs,0021800619,2019-01-10,SAS vs. OKC,W
22018,SAC,Sacramento Kings,0021800620,2019-01-10,SAC vs. DET,W
22018,UTA,Utah Jazz,0021800627,2019-01-11,UTA vs. LAL,W
22018,WAS,Washington Wizards,0021800622,2019-01-11,WAS vs. MIL,W
22018,DAL,Dallas Mavericks,0021800626,2019-01-11,DAL @ MIN,W
22018,TOR,Toronto Raptors,0021800624,2019-01-11,TOR vs. BKN,W
22018,IND,Indiana Pacers,0021800623,2019-01-11,IND @ NYK,W
22018,NYK,New York Knicks,0021800623,2019-01-11,NYK vs. IND,L
22018,ATL,Atlanta Hawks,0021800621,2019-01-11,ATL @ PHI,W
22018,CHA,Charlotte Hornets,0021800628,2019-01-11,CHA @ POR,L
22018,PHI,Philadelphia 76ers,0021800621,2019-01-11,PHI vs. ATL,L
22018,HOU,Houston Rockets,0021800625,2019-01-11,HOU vs. CLE,W
22018,GSW,Golden State Warriors,0021800629,2019-01-11,GSW vs. CHI,W
22018,MIN,Minnesota Timberwolves,0021800626,2019-01-11,MIN vs. DAL,L
22018,CHI,Chicago Bulls,0021800629,2019-01-11,CHI @ GSW,L
22018,CLE,Cleveland Cavaliers,0021800625,2019-01-11,CLE @ HOU,L
22018,BKN,Brooklyn Nets,0021800624,2019-01-11,BKN @ TOR,L
22018,LAL,Los Angeles Lakers,0021800627,2019-01-11,LAL @ UTA,L
22018,MIL,Milwaukee Bucks,0021800622,2019-01-11,MIL @ WAS,L
22018,POR,Portland Trail Blazers,0021800628,2019-01-11,POR vs. CHA,W
22018,MEM,Memphis Grizzlies,0021800631,2019-01-12,MEM @ MIA,L
22018,NOP,New Orleans Pelicans,0021800633,2019-01-12,NOP @ MIN,L
22018,BOS,Boston Celtics,0021800632,2019-01-12,BOS @ ORL,L
22018,DEN,Denver Nuggets,0021800635,2019-01-12,DEN @ PHX,L
22018,CHA,Charlotte Hornets,0021800636,2019-01-12,CHA @ SAC,L
22018,OKC,Oklahoma City Thunder,0021800634,2019-01-12,OKC vs. SAS,W
22018,ORL,Orlando Magic,0021800632,2019-01-12,ORL vs. BOS,W
22018,MIN,Minnesota Timberwolves,0021800633,2019-01-12,MIN vs. NOP,W
22018,UTA,Utah Jazz,0021800637,2019-01-12,UTA vs. CHI,W
22018,PHX,Phoenix Suns,0021800635,2019-01-12,PHX vs. DEN,W
22018,DET,Detroit Pistons,0021800630,2019-01-12,DET @ LAC,W
22018,SAS,San Antonio Spurs,0021800634,2019-01-12,SAS @ OKC,L
22018,CHI,Chicago Bulls,0021800637,2019-01-12,CHI @ UTA,L
22018,MIA,Miami Heat,0021800631,2019-01-12,MIA vs. MEM,W
22018,LAC,LA Clippers,0021800630,2019-01-12,LAC vs. DET,L
22018,SAC,Sacramento Kings,0021800636,2019-01-12,SAC vs. CHA,W
22018,CLE,Cleveland Cavaliers,0021800644,2019-01-13,CLE @ LAL,W
22018,ATL,Atlanta Hawks,0021800640,2019-01-13,ATL vs. MIL,L
22018,PHI,Philadelphia 76ers,0021800638,2019-01-13,PHI @ NYK,W
22018,HOU,Houston Rockets,0021800641,2019-01-13,HOU @ ORL,L
22018,NYK,New York Knicks,0021800638,2019-01-13,NYK vs. PHI,L
22018,DEN,Denver Nuggets,0021800643,2019-01-13,DEN vs. POR,W
22018,MIL,Milwaukee Bucks,0021800640,2019-01-13,MIL @ ATL,W
22018,LAL,Los Angeles Lakers,0021800644,2019-01-13,LAL vs. CLE,L
22018,GSW,Golden State Warriors,0021800642,2019-01-13,GSW @ DAL,W
22018,POR,Portland Trail Blazers,0021800643,2019-01-13,POR @ DEN,L
22018,DAL,Dallas Mavericks,0021800642,2019-01-13,DAL vs. GSW,L
22018,ORL,Orlando Magic,0021800641,2019-01-13,ORL vs. HOU,W
22018,WAS,Washington Wizards,0021800639,2019-01-13,WAS vs. TOR,L
22018,TOR,Toronto Raptors,0021800639,2019-01-13,TOR @ WAS,W
22018,BOS,Boston Celtics,0021800645,2019-01-14,BOS @ BKN,L
22018,SAC,Sacramento Kings,0021800649,2019-01-14,SAC vs. POR,W
22018,POR,Portland Trail Blazers,0021800649,2019-01-14,POR @ SAC,L
22018,CHA,Charlotte Hornets,0021800647,2019-01-14,CHA @ SAS,W
22018,BKN,Brooklyn Nets,0021800645,2019-01-14,BKN vs. BOS,W
22018,LAC,LA Clippers,0021800650,2019-01-14,LAC vs. NOP,L
22018,MEM,Memphis Grizzlies,0021800646,2019-01-14,MEM @ HOU,L
22018,NOP,New Orleans Pelicans,0021800650,2019-01-14,NOP @ LAC,W
22018,DET,Detroit Pistons,0021800648,2019-01-14,DET @ UTA,L
22018,HOU,Houston Rockets,0021800646,2019-01-14,HOU vs. MEM,W
22018,UTA,Utah Jazz,0021800648,2019-01-14,UTA vs. DET,W
22018,SAS,San Antonio Spurs,0021800647,2019-01-14,SAS vs. CHA,L
22018,CHI,Chicago Bulls,0021800656,2019-01-15,CHI @ LAL,L
22018,MIL,Milwaukee Bucks,0021800654,2019-01-15,MIL vs. MIA,W
22018,MIA,Miami Heat,0021800654,2019-01-15,MIA @ MIL,L
22018,PHI,Philadelphia 76ers,0021800652,2019-01-15,PHI vs. MIN,W
22018,PHX,Phoenix Suns,0021800651,2019-01-15,PHX @ IND,L
22018,MIN,Minnesota Timberwolves,0021800652,2019-01-15,MIN @ PHI,L
22018,IND,Indiana Pacers,0021800651,2019-01-15,IND vs. PHX,W
22018,OKC,Oklahoma City Thunder,0021800653,2019-01-15,OKC @ ATL,L
22018,LAL,Los Angeles Lakers,0021800656,2019-01-15,LAL vs. CHI,W
22018,GSW,Golden State Warriors,0021800655,2019-01-15,GSW @ DEN,W
22018,DEN,Denver Nuggets,0021800655,2019-01-15,DEN vs. GSW,L
22018,ATL,Atlanta Hawks,0021800653,2019-01-15,ATL vs. OKC,W
22018,MEM,Memphis Grizzlies,0021800660,2019-01-16,MEM vs. MIL,L
22018,HOU,Houston Rockets,0021800659,2019-01-16,HOU vs. BKN,L
22018,DET,Detroit Pistons,0021800657,2019-01-16,DET vs. ORL,W
22018,CLE,Cleveland Cavaliers,0021800662,2019-01-16,CLE @ POR,L
22018,DAL,Dallas Mavericks,0021800661,2019-01-16,DAL vs. SAS,L
22018,TOR,Toronto Raptors,0021800658,2019-01-16,TOR @ BOS,L
22018,POR,Portland Trail Blazers,0021800662,2019-01-16,POR vs. CLE,W
22018,GSW,Golden State Warriors,0021800663,2019-01-16,GSW vs. NOP,W
22018,SAS,San Antonio Spurs,0021800661,2019-01-16,SAS @ DAL,W
22018,NOP,New Orleans Pelicans,0021800663,2019-01-16,NOP @ GSW,L
22018,BKN,Brooklyn Nets,0021800659,2019-01-16,BKN @ HOU,W
22018,UTA,Utah Jazz,0021800664,2019-01-16,UTA @ LAC,W
22018,BOS,Boston Celtics,0021800658,2019-01-16,BOS vs. TOR,W
22018,LAC,LA Clippers,0021800664,2019-01-16,LAC vs. UTA,L
22018,MIL,Milwaukee Bucks,0021800660,2019-01-16,MIL @ MEM,W
22018,ORL,Orlando Magic,0021800657,2019-01-16,ORL @ DET,L
22018,OKC,Oklahoma City Thunder,0021800670,2019-01-17,OKC vs. LAL,L
22018,WAS,Washington Wizards,0021800665,2019-01-17,WAS vs. NYK,W
22018,PHI,Philadelphia 76ers,0021800667,2019-01-17,PHI @ IND,W
22018,IND,Indiana Pacers,0021800667,2019-01-17,IND vs. PHI,L
22018,TOR,Toronto Raptors,0021800668,2019-01-17,TOR vs. PHX,W
22018,CHA,Charlotte Hornets,0021800666,2019-01-17,CHA vs. SAC,W
22018,DEN,Denver Nuggets,0021800669,2019-01-17,DEN vs. CHI,W
22018,CHI,Chicago Bulls,0021800669,2019-01-17,CHI @ DEN,L
22018,LAL,Los Angeles Lakers,0021800670,2019-01-17,LAL @ OKC,W
22018,PHX,Phoenix Suns,0021800668,2019-01-17,PHX @ TOR,L
22018,NYK,New York Knicks,0021800665,2019-01-17,NYK @ WAS,L
22018,SAC,Sacramento Kings,0021800666,2019-01-17,SAC @ CHA,L
22018,DET,Detroit Pistons,0021800672,2019-01-18,DET vs. MIA,W
22018,SAS,San Antonio Spurs,0021800674,2019-01-18,SAS @ MIN,W
22018,ORL,Orlando Magic,0021800673,2019-01-18,ORL vs. BKN,L
22018,BKN,Brooklyn Nets,0021800673,2019-01-18,BKN @ ORL,W
22018,NOP,New Orleans Pelicans,0021800677,2019-01-18,NOP @ POR,L
22018,MIN,Minnesota Timberwolves,0021800674,2019-01-18,MIN vs. SAS,L
22018,MEM,Memphis Grizzlies,0021800671,2019-01-18,MEM @ BOS,L
22018,UTA,Utah Jazz,0021800675,2019-01-18,UTA vs. CLE,W
22018,POR,Portland Trail Blazers,0021800677,2019-01-18,POR vs. NOP,W
22018,LAC,LA Clippers,0021800676,2019-01-18,LAC vs. GSW,L
22018,GSW,Golden State Warriors,0021800676,2019-01-18,GSW @ LAC,W
22018,CLE,Cleveland Cavaliers,0021800675,2019-01-18,CLE @ UTA,L
22018,BOS,Boston Celtics,0021800671,2019-01-18,BOS vs. MEM,W
22018,MIA,Miami Heat,0021800672,2019-01-18,MIA @ DET,L
22018,HOU,Houston Rockets,0021800686,2019-01-19,HOU vs. LAL,W
22018,CHI,Chicago Bulls,0021800685,2019-01-19,CHI vs. MIA,L
22018,ORL,Orlando Magic,0021800682,2019-01-19,ORL vs. MIL,L
22018,MIL,Milwaukee Bucks,0021800682,2019-01-19,MIL @ ORL,W
22018,DAL,Dallas Mavericks,0021800681,2019-01-19,DAL @ IND,L
22018,OKC,Oklahoma City Thunder,0021800678,2019-01-19,OKC @ PHI,W
22018,CHA,Charlotte Hornets,0021800679,2019-01-19,CHA vs. PHX,W
22018,DET,Detroit Pistons,0021800680,2019-01-19,DET vs. SAC,L
22018,BOS,Boston Celtics,0021800683,2019-01-19,BOS @ ATL,W
22018,ATL,Atlanta Hawks,0021800683,2019-01-19,ATL vs. BOS,L
22018,DEN,Denver Nuggets,0021800687,2019-01-19,DEN vs. CLE,W
22018,MIA,Miami Heat,0021800685,2019-01-19,MIA @ CHI,W
22018,IND,Indiana Pacers,0021800681,2019-01-19,IND vs. DAL,W
22018,CLE,Cleveland Cavaliers,0021800687,2019-01-19,CLE @ DEN,L
22018,LAL,Los Angeles Lakers,0021800686,2019-01-19,LAL @ HOU,L
22018,PHI,Philadelphia 76ers,0021800678,2019-01-19,PHI vs. OKC,L
22018,MEM,Memphis Grizzlies,0021800684,2019-01-19,MEM @ TOR,L
22018,TOR,Toronto Raptors,0021800684,2019-01-19,TOR vs. MEM,W
22018,SAC,Sacramento Kings,0021800680,2019-01-19,SAC @ DET,W
22018,PHX,Phoenix Suns,0021800679,2019-01-19,PHX @ CHA,L
22018,PHX,Phoenix Suns,0021800689,2019-01-20,PHX @ MIN,L
22018,CHA,Charlotte Hornets,0021800688,2019-01-20,CHA @ IND,L
22018,MIN,Minnesota Timberwolves,0021800689,2019-01-20,MIN vs. PHX,W
22018,LAC,LA Clippers,0021800690,2019-01-20,LAC @ SAS,W
22018,SAS,San Antonio Spurs,0021800690,2019-01-20,SAS vs. LAC,L
22018,IND,Indiana Pacers,0021800688,2019-01-20,IND vs. CHA,W
22018,GSW,Golden State Warriors,0021800701,2019-01-21,GSW @ LAL,W
22018,BOS,Boston Celtics,0021800698,2019-01-21,BOS vs. MIA,W
22018,DAL,Dallas Mavericks,0021800694,2019-01-21,DAL @ MIL,L
22018,SAC,Sacramento Kings,0021800696,2019-01-21,SAC @ BKN,L
22018,OKC,Oklahoma City Thunder,0021800691,2019-01-21,OKC @ NYK,W
22018,ATL,Atlanta Hawks,0021800695,2019-01-21,ATL vs. ORL,L
22018,HOU,Houston Rockets,0021800699,2019-01-21,HOU @ PHI,L
22018,UTA,Utah Jazz,0021800700,2019-01-21,UTA vs. POR,L
22018,BKN,Brooklyn Nets,0021800696,2019-01-21,BKN vs. SAC,W
22018,ORL,Orlando Magic,0021800695,2019-01-21,ORL @ ATL,W
22018,MIA,Miami Heat,0021800698,2019-01-21,MIA @ BOS,L
22018,CHI,Chicago Bulls,0021800692,2019-01-21,CHI @ CLE,W
22018,MEM,Memphis Grizzlies,0021800697,2019-01-21,MEM vs. NOP,L
22018,CLE,Cleveland Cavaliers,0021800692,2019-01-21,CLE vs. CHI,L
22018,MIL,Milwaukee Bucks,0021800694,2019-01-21,MIL vs. DAL,W
22018,LAL,Los Angeles Lakers,0021800701,2019-01-21,LAL vs. GSW,L
22018,PHI,Philadelphia 76ers,0021800699,2019-01-21,PHI vs. HOU,W
22018,NYK,New York Knicks,0021800691,2019-01-21,NYK vs. OKC,L
22018,POR,Portland Trail Blazers,0021800700,2019-01-21,POR @ UTA,W
22018,NOP,New Orleans Pelicans,0021800697,2019-01-21,NOP @ MEM,W
22018,DET,Detroit Pistons,0021800693,2019-01-21,DET @ WAS,L
22018,WAS,Washington Wizards,0021800693,2019-01-21,WAS vs. DET,W
22018,PHX,Phoenix Suns,0021800705,2019-01-22,PHX vs. MIN,L
22018,MIN,Minnesota Timberwolves,0021800705,2019-01-22,MIN @ PHX,W
22018,OKC,Oklahoma City Thunder,0021800703,2019-01-22,OKC vs. POR,W
22018,TOR,Toronto Raptors,0021800702,2019-01-22,TOR vs. SAC,W
22018,LAC,LA Clippers,0021800704,2019-01-22,LAC @ DAL,L
22018,DAL,Dallas Mavericks,0021800704,2019-01-22,DAL vs. LAC,W
22018,POR,Portland Trail Blazers,0021800703,2019-01-22,POR @ OKC,L
22018,SAC,Sacramento Kings,0021800702,2019-01-22,SAC @ TOR,L
22018,LAC,LA Clippers,0021800709,2019-01-23,LAC @ MIA,W
22018,ORL,Orlando Magic,0021800708,2019-01-23,ORL @ BKN,L
22018,HOU,Houston Rockets,0021800710,2019-01-23,HOU @ NYK,W
22018,BKN,Brooklyn Nets,0021800708,2019-01-23,BKN vs. ORL,W
22018,TOR,Toronto Raptors,0021800706,2019-01-23,TOR @ IND,L
22018,SAS,San Antonio Spurs,0021800711,2019-01-23,SAS @ PHI,L
22018,PHI,Philadelphia 76ers,0021800711,2019-01-23,PHI vs. SAS,W
22018,CHI,Chicago Bulls,0021800712,2019-01-23,CHI vs. ATL,L
22018,CLE,Cleveland Cavaliers,0021800707,2019-01-23,CLE @ BOS,L
22018,BOS,Boston Celtics,0021800707,2019-01-23,BOS vs. CLE,W
22018,DET,Detroit Pistons,0021800714,2019-01-23,DET @ NOP,W
22018,ATL,Atlanta Hawks,0021800712,2019-01-23,ATL @ CHI,W
22018,UTA,Utah Jazz,0021800715,2019-01-23,UTA vs. DEN,W
22018,NYK,New York Knicks,0021800710,2019-01-23,NYK vs. HOU,L
22018,MIA,Miami Heat,0021800709,2019-01-23,MIA vs. LAC,L
22018,IND,Indiana Pacers,0021800706,2019-01-23,IND vs. TOR,W
22018,DEN,Denver Nuggets,0021800715,2019-01-23,DEN @ UTA,L
22018,CHA,Charlotte Hornets,0021800713,2019-01-23,CHA @ MEM,W
22018,NOP,New Orleans Pelicans,0021800714,2019-01-23,NOP vs. DET,L
22018,MEM,Memphis Grizzlies,0021800713,2019-01-23,MEM vs. CHA,L
22018,MIN,Minnesota Timberwolves,0021800719,2019-01-24,MIN @ LAL,W
22018,LAL,Los Angeles Lakers,0021800719,2019-01-24,LAL vs. MIN,L
22018,POR,Portland Trail Blazers,0021800718,2019-01-24,POR @ PHX,W
22018,PHX,Phoenix Suns,0021800718,2019-01-24,PHX vs. POR,L
22018,OKC,Oklahoma City Thunder,0021800717,2019-01-24,OKC vs. NOP,W
22018,WAS,Washington Wizards,0021800716,2019-01-24,WAS vs. GSW,L
22018,NOP,New Orleans Pelicans,0021800717,2019-01-24,NOP @ OKC,L
22018,GSW,Golden State Warriors,0021800716,2019-01-24,GSW @ WAS,W
22018,CLE,Cleveland Cavaliers,0021800722,2019-01-25,CLE vs. MIA,L
22018,CHA,Charlotte Hornets,0021800727,2019-01-25,CHA @ MIL,L
22018,UTA,Utah Jazz,0021800729,2019-01-25,UTA vs. MIN,W
22018,NYK,New York Knicks,0021800721,2019-01-25,NYK @ BKN,L
22018,BKN,Brooklyn Nets,0021800721,2019-01-25,BKN vs. NYK,W
22018,WAS,Washington Wizards,0021800720,2019-01-25,WAS @ ORL,W
22018,DEN,Denver Nuggets,0021800728,2019-01-25,DEN vs. PHX,W
22018,MEM,Memphis Grizzlies,0021800725,2019-01-25,MEM vs. SAC,L
22018,MIA,Miami Heat,0021800722,2019-01-25,MIA @ CLE,W
22018,LAC,LA Clippers,0021800723,2019-01-25,LAC @ CHI,W
22018,DET,Detroit Pistons,0021800726,2019-01-25,DET @ DAL,L
22018,PHX,Phoenix Suns,0021800728,2019-01-25,PHX @ DEN,L
22018,TOR,Toronto Raptors,0021800724,2019-01-25,TOR @ HOU,L
22018,CHI,Chicago Bulls,0021800723,2019-01-25,CHI vs. LAC,L
22018,HOU,Houston Rockets,0021800724,2019-01-25,HOU vs. TOR,W
22018,MIN,Minnesota Timberwolves,0021800729,2019-01-25,MIN @ UTA,L
22018,SAC,Sacramento Kings,0021800725,2019-01-25,SAC @ MEM,W
22018,ORL,Orlando Magic,0021800720,2019-01-25,ORL vs. WAS,L
22018,DAL,Dallas Mavericks,0021800726,2019-01-25,DAL vs. DET,W
22018,MIL,Milwaukee Bucks,0021800727,2019-01-25,MIL vs. CHA,W
22018,MEM,Memphis Grizzlies,0021800731,2019-01-26,MEM vs. IND,W
22018,DEN,Denver Nuggets,0021800733,2019-01-26,DEN vs. PHI,W
22018,ATL,Atlanta Hawks,0021800734,2019-01-26,ATL @ POR,L
22018,NOP,New Orleans Pelicans,0021800730,2019-01-26,NOP vs. SAS,L
22018,POR,Portland Trail Blazers,0021800734,2019-01-26,POR vs. ATL,W
22018,GSW,Golden State Warriors,0021800732,2019-01-26,GSW @ BOS,W
22018,SAS,San Antonio Spurs,0021800730,2019-01-26,SAS @ NOP,W
22018,PHI,Philadelphia 76ers,0021800733,2019-01-26,PHI @ DEN,L
22018,BOS,Boston Celtics,0021800732,2019-01-26,BOS vs. GSW,L
22018,IND,Indiana Pacers,0021800731,2019-01-26,IND @ MEM,L
22018,PHX,Phoenix Suns,0021800743,2019-01-27,PHX @ LAL,L
22018,NYK,New York Knicks,0021800741,2019-01-27,NYK vs. MIA,L
22018,OKC,Oklahoma City Thunder,0021800738,2019-01-27,OKC vs. MIL,W
22018,UTA,Utah Jazz,0021800740,2019-01-27,UTA @ MIN,W
22018,MIA,Miami Heat,0021800741,2019-01-27,MIA @ NYK,W
22018,HOU,Houston Rockets,0021800737,2019-01-27,HOU vs. ORL,W
22018,LAL,Los Angeles Lakers,0021800743,2019-01-27,LAL vs. PHX,W
22018,LAC,LA Clippers,0021800736,2019-01-27,LAC vs. SAC,W
22018,WAS,Washington Wizards,0021800742,2019-01-27,WAS @ SAS,L
22018,CHI,Chicago Bulls,0021800735,2019-01-27,CHI vs. CLE,L
22018,CLE,Cleveland Cavaliers,0021800735,2019-01-27,CLE @ CHI,W
22018,TOR,Toronto Raptors,0021800739,2019-01-27,TOR @ DAL,W
22018,ORL,Orlando Magic,0021800737,2019-01-27,ORL @ HOU,L
22018,SAC,Sacramento Kings,0021800736,2019-01-27,SAC @ LAC,L
22018,MIL,Milwaukee Bucks,0021800738,2019-01-27,MIL @ OKC,L
22018,DAL,Dallas Mavericks,0021800739,2019-01-27,DAL vs. TOR,L
22018,MIN,Minnesota Timberwolves,0021800740,2019-01-27,MIN vs. UTA,L
22018,SAS,San Antonio Spurs,0021800742,2019-01-27,SAS vs. WAS,W
22018,BOS,Boston Celtics,0021800746,2019-01-28,BOS vs. BKN,W
22018,CHA,Charlotte Hornets,0021800744,2019-01-28,CHA vs. NYK,W
22018,GSW,Golden State Warriors,0021800745,2019-01-28,GSW @ IND,W
22018,LAC,LA Clippers,0021800748,2019-01-28,LAC vs. ATL,L
22018,BKN,Brooklyn Nets,0021800746,2019-01-28,BKN @ BOS,L
22018,MEM,Memphis Grizzlies,0021800747,2019-01-28,MEM vs. DEN,L
22018,IND,Indiana Pacers,0021800745,2019-01-28,IND vs. GSW,L
22018,ATL,Atlanta Hawks,0021800748,2019-01-28,ATL @ LAC,W
22018,DEN,Denver Nuggets,0021800747,2019-01-28,DEN @ MEM,W
22018,NYK,New York Knicks,0021800744,2019-01-28,NYK @ CHA,L
22018,PHI,Philadelphia 76ers,0021800755,2019-01-29,PHI @ LAL,W
22018,DET,Detroit Pistons,0021800750,2019-01-29,DET vs. MIL,L
22018,CHI,Chicago Bulls,0021800752,2019-01-29,CHI @ BKN,L
22018,OKC,Oklahoma City Thunder,0021800751,2019-01-29,OKC @ ORL,W
22018,LAL,Los Angeles Lakers,0021800755,2019-01-29,LAL vs. PHI,L
22018,SAS,San Antonio Spurs,0021800754,2019-01-29,SAS vs. PHX,W
22018,PHX,Phoenix Suns,0021800754,2019-01-29,PHX @ SAS,L
22018,WAS,Washington Wizards,0021800749,2019-01-29,WAS @ CLE,L
22018,HOU,Houston Rockets,0021800753,2019-01-29,HOU vs. NOP,L
22018,BKN,Brooklyn Nets,0021800752,2019-01-29,BKN vs. CHI,W
22018,NOP,New Orleans Pelicans,0021800753,2019-01-29,NOP @ HOU,W
22018,ORL,Orlando Magic,0021800751,2019-01-29,ORL vs. OKC,L
22018,CLE,Cleveland Cavaliers,0021800749,2019-01-29,CLE vs. WAS,W
22018,MIL,Milwaukee Bucks,0021800750,2019-01-29,MIL @ DET,W
22018,CHI,Chicago Bulls,0021800757,2019-01-30,CHI @ MIA,W
22018,MEM,Memphis Grizzlies,0021800760,2019-01-30,MEM @ MIN,L
22018,DAL,Dallas Mavericks,0021800758,2019-01-30,DAL @ NYK,W
22018,WAS,Washington Wizards,0021800759,2019-01-30,WAS vs. IND,W
22018,UTA,Utah Jazz,0021800763,2019-01-30,UTA @ POR,L
22018,ATL,Atlanta Hawks,0021800762,2019-01-30,ATL @ SAC,L
22018,SAC,Sacramento Kings,0021800762,2019-01-30,SAC vs. ATL,W
22018,CHA,Charlotte Hornets,0021800756,2019-01-30,CHA @ BOS,L
22018,DEN,Denver Nuggets,0021800761,2019-01-30,DEN @ NOP,W
22018,MIA,Miami Heat,0021800757,2019-01-30,MIA vs. CHI,L
22018,NYK,New York Knicks,0021800758,2019-01-30,NYK vs. DAL,L
22018,NOP,New Orleans Pelicans,0021800761,2019-01-30,NOP vs. DEN,L
22018,POR,Portland Trail Blazers,0021800763,2019-01-30,POR vs. UTA,W
22018,MIN,Minnesota Timberwolves,0021800760,2019-01-30,MIN vs. MEM,W
22018,IND,Indiana Pacers,0021800759,2019-01-30,IND @ WAS,L
22018,BOS,Boston Celtics,0021800756,2019-01-30,BOS vs. CHA,W
22018,LAC,LA Clippers,0021800769,2019-01-31,LAC vs. LAL,L
22018,TOR,Toronto Raptors,0021800766,2019-01-31,TOR vs. MIL,L
22018,SAS,San Antonio Spurs,0021800767,2019-01-31,SAS vs. BKN,W
22018,IND,Indiana Pacers,0021800765,2019-01-31,IND @ ORL,L
22018,ORL,Orlando Magic,0021800765,2019-01-31,ORL vs. IND,W
22018,GSW,Golden State Warriors,0021800768,2019-01-31,GSW vs. PHI,L
22018,BKN,Brooklyn Nets,0021800767,2019-01-31,BKN @ SAS,L
22018,DET,Detroit Pistons,0021800764,2019-01-31,DET vs. DAL,W
22018,PHI,Philadelphia 76ers,0021800768,2019-01-31,PHI @ GSW,W
22018,LAL,Los Angeles Lakers,0021800769,2019-01-31,LAL @ LAC,W
22018,MIL,Milwaukee Bucks,0021800766,2019-01-31,MIL @ TOR,W
22018,DAL,Dallas Mavericks,0021800764,2019-01-31,DAL @ DET,L
22018,OKC,Oklahoma City Thunder,0021800772,2019-02-01,OKC @ MIA,W
22018,BOS,Boston Celtics,0021800771,2019-02-01,BOS @ NYK,W
22018,UTA,Utah Jazz,0021800773,2019-02-01,UTA vs. ATL,W
22018,NYK,New York Knicks,0021800771,2019-02-01,NYK vs. BOS,L
22018,HOU,Houston Rockets,0021800774,2019-02-01,HOU @ DEN,L
22018,DEN,Denver Nuggets,0021800774,2019-02-01,DEN vs. HOU,W
22018,MIA,Miami Heat,0021800772,2019-02-01,MIA vs. OKC,L
22018,ATL,Atlanta Hawks,0021800773,2019-02-01,ATL @ UTA,L
22018,CHA,Charlotte Hornets,0021800770,2019-02-01,CHA vs. MEM,W
22018,MEM,Memphis Grizzlies,0021800770,2019-02-01,MEM @ CHA,L
22018,GSW,Golden State Warriors,0021800782,2019-02-02,GSW vs. LAL,W
22018,IND,Indiana Pacers,0021800781,2019-02-02,IND @ MIA,W
22018,WAS,Washington Wizards,0021800778,2019-02-02,WAS vs. MIL,L
22018,DEN,Denver Nuggets,0021800783,2019-02-02,DEN @ MIN,W
22018,ORL,Orlando Magic,0021800777,2019-02-02,ORL vs. BKN,W
22018,BKN,Brooklyn Nets,0021800777,2019-02-02,BKN @ ORL,L
22018,MIA,Miami Heat,0021800781,2019-02-02,MIA vs. IND,L
22018,SAC,Sacramento Kings,0021800785,2019-02-02,SAC vs. PHI,W
22018,ATL,Atlanta Hawks,0021800784,2019-02-02,ATL @ PHX,W
22018,PHI,Philadelphia 76ers,0021800785,2019-02-02,PHI @ SAC,L
22018,NOP,New Orleans Pelicans,0021800779,2019-02-02,NOP @ SAS,L
22018,PHX,Phoenix Suns,0021800784,2019-02-02,PHX vs. ATL,L
22018,DAL,Dallas Mavericks,0021800780,2019-02-02,DAL @ CLE,W
22018,SAS,San Antonio Spurs,0021800779,2019-02-02,SAS vs. NOP,W
22018,CHA,Charlotte Hornets,0021800776,2019-02-02,CHA vs. CHI,W
22018,CLE,Cleveland Cavaliers,0021800780,2019-02-02,CLE vs. DAL,L
22018,MIN,Minnesota Timberwolves,0021800783,2019-02-02,MIN vs. DEN,L
22018,LAL,Los Angeles Lakers,0021800782,2019-02-02,LAL @ GSW,L
22018,UTA,Utah Jazz,0021800786,2019-02-02,UTA vs. HOU,L
22018,DET,Detroit Pistons,0021800775,2019-02-02,DET vs. LAC,L
22018,HOU,Houston Rockets,0021800786,2019-02-02,HOU @ UTA,W
22018,MIL,Milwaukee Bucks,0021800778,2019-02-02,MIL @ WAS,W
22018,LAC,LA Clippers,0021800775,2019-02-02,LAC @ DET,W
22018,CHI,Chicago Bulls,0021800776,2019-02-02,CHI @ CHA,L
22018,MEM,Memphis Grizzlies,0021800787,2019-02-03,MEM @ NYK,W
22018,OKC,Oklahoma City Thunder,0021800788,2019-02-03,OKC @ BOS,L
22018,TOR,Toronto Raptors,0021800789,2019-02-03,TOR vs. LAC,W
22018,BOS,Boston Celtics,0021800788,2019-02-03,BOS vs. OKC,W
22018,LAC,LA Clippers,0021800789,2019-02-03,LAC @ TOR,L
22018,NYK,New York Knicks,0021800787,2019-02-03,NYK vs. MEM,L
22018,BKN,Brooklyn Nets,0021800792,2019-02-04,BKN vs. MIL,L
22018,MIL,Milwaukee Bucks,0021800792,2019-02-04,MIL @ BKN,W
22018,NOP,New Orleans Pelicans,0021800793,2019-02-04,NOP vs. IND,L
22018,HOU,Houston Rockets,0021800794,2019-02-04,HOU @ PHX,W
22018,SAS,San Antonio Spurs,0021800795,2019-02-04,SAS @ SAC,L
22018,SAC,Sacramento Kings,0021800795,2019-02-04,SAC vs. SAS,W
22018,WAS,Washington Wizards,0021800791,2019-02-04,WAS vs. ATL,L
22018,IND,Indiana Pacers,0021800793,2019-02-04,IND @ NOP,W
22018,DET,Detroit Pistons,0021800790,2019-02-04,DET vs. DEN,W
22018,PHX,Phoenix Suns,0021800794,2019-02-04,PHX vs. HOU,L
22018,ATL,Atlanta Hawks,0021800791,2019-02-04,ATL @ WAS,W
22018,DEN,Denver Nuggets,0021800790,2019-02-04,DEN @ DET,L
22018,IND,Indiana Pacers,0021800798,2019-02-05,IND vs. LAL,W
22018,POR,Portland Trail Blazers,0021800803,2019-02-05,POR vs. MIA,L
22018,MEM,Memphis Grizzlies,0021800801,2019-02-05,MEM vs. MIN,W
22018,DET,Detroit Pistons,0021800799,2019-02-05,DET @ NYK,W
22018,OKC,Oklahoma City Thunder,0021800802,2019-02-05,OKC vs. ORL,W
22018,LAL,Los Angeles Lakers,0021800798,2019-02-05,LAL @ IND,L
22018,TOR,Toronto Raptors,0021800800,2019-02-05,TOR @ PHI,W
22018,MIA,Miami Heat,0021800803,2019-02-05,MIA @ POR,W
22018,CLE,Cleveland Cavaliers,0021800797,2019-02-05,CLE vs. BOS,L
22018,BOS,Boston Celtics,0021800797,2019-02-05,BOS @ CLE,W
22018,CHA,Charlotte Hornets,0021800796,2019-02-05,CHA vs. LAC,L
22018,ORL,Orlando Magic,0021800802,2019-02-05,ORL @ OKC,L
22018,PHI,Philadelphia 76ers,0021800800,2019-02-05,PHI vs. TOR,L
22018,MIN,Minnesota Timberwolves,0021800801,2019-02-05,MIN @ MEM,L
22018,NYK,New York Knicks,0021800799,2019-02-05,NYK vs. DET,L
22018,LAC,LA Clippers,0021800796,2019-02-05,LAC @ CHA,W
22018,WAS,Washington Wizards,0021800806,2019-02-06,WAS @ MIL,L
22018,DEN,Denver Nuggets,0021800804,2019-02-06,DEN @ BKN,L
22018,UTA,Utah Jazz,0021800808,2019-02-06,UTA vs. PHX,W
22018,HOU,Houston Rockets,0021800809,2019-02-06,HOU @ SAC,W
22018,GSW,Golden State Warriors,0021800810,2019-02-06,GSW vs. SAS,W
22018,CHI,Chicago Bulls,0021800805,2019-02-06,CHI vs. NOP,L
22018,NOP,New Orleans Pelicans,0021800805,2019-02-06,NOP @ CHI,W
22018,CHA,Charlotte Hornets,0021800807,2019-02-06,CHA @ DAL,L
22018,BKN,Brooklyn Nets,0021800804,2019-02-06,BKN vs. DEN,W
22018,SAS,San Antonio Spurs,0021800810,2019-02-06,SAS @ GSW,L
22018,SAC,Sacramento Kings,0021800809,2019-02-06,SAC vs. HOU,L
22018,PHX,Phoenix Suns,0021800808,2019-02-06,PHX @ UTA,L
22018,MIL,Milwaukee Bucks,0021800806,2019-02-06,MIL vs. WAS,W
22018,DAL,Dallas Mavericks,0021800807,2019-02-06,DAL vs. CHA,W
22018,BOS,Boston Celtics,0021800814,2019-02-07,BOS vs. LAL,L
22018,ORL,Orlando Magic,0021800812,2019-02-07,ORL vs. MIN,W
22018,MIN,Minnesota Timberwolves,0021800812,2019-02-07,MIN @ ORL,L
22018,LAC,LA Clippers,0021800811,2019-02-07,LAC @ IND,L
22018,SAS,San Antonio Spurs,0021800816,2019-02-07,SAS @ POR,L
22018,POR,Portland Trail Blazers,0021800816,2019-02-07,POR vs. SAS,W
22018,TOR,Toronto Raptors,0021800813,2019-02-07,TOR @ ATL,W
22018,LAL,Los Angeles Lakers,0021800814,2019-02-07,LAL @ BOS,W
22018,IND,Indiana Pacers,0021800811,2019-02-07,IND vs. LAC,W
22018,MEM,Memphis Grizzlies,0021800815,2019-02-07,MEM @ OKC,L
22018,ATL,Atlanta Hawks,0021800813,2019-02-07,ATL vs. TOR,L
22018,OKC,Oklahoma City Thunder,0021800815,2019-02-07,OKC vs. MEM,W
22018,SAC,Sacramento Kings,0021800824,2019-02-08,SAC vs. MIA,W
22018,DAL,Dallas Mavericks,0021800821,2019-02-08,DAL vs. MIL,L
22018,NOP,New Orleans Pelicans,0021800823,2019-02-08,NOP vs. MIN,W
22018,CHI,Chicago Bulls,0021800820,2019-02-08,CHI @ BKN,W
22018,DET,Detroit Pistons,0021800817,2019-02-08,DET vs. NYK,W
22018,DEN,Denver Nuggets,0021800818,2019-02-08,DEN @ PHI,L
22018,GSW,Golden State Warriors,0021800822,2019-02-08,GSW @ PHX,W
22018,MIA,Miami Heat,0021800824,2019-02-08,MIA @ SAC,L
22018,WAS,Washington Wizards,0021800819,2019-02-08,WAS vs. CLE,W
22018,MIN,Minnesota Timberwolves,0021800823,2019-02-08,MIN @ NOP,L
22018,BKN,Brooklyn Nets,0021800820,2019-02-08,BKN vs. CHI,L
22018,MIL,Milwaukee Bucks,0021800821,2019-02-08,MIL @ DAL,W
22018,PHI,Philadelphia 76ers,0021800818,2019-02-08,PHI vs. DEN,W
22018,PHX,Phoenix Suns,0021800822,2019-02-08,PHX vs. GSW,L
22018,CLE,Cleveland Cavaliers,0021800819,2019-02-08,CLE @ WAS,L
22018,NYK,New York Knicks,0021800817,2019-02-08,NYK @ DET,L
22018,ORL,Orlando Magic,0021800833,2019-02-09,ORL @ MIL,W
22018,TOR,Toronto Raptors,0021800828,2019-02-09,TOR @ NYK,W
22018,MIL,Milwaukee Bucks,0021800833,2019-02-09,MIL vs. ORL,L
22018,CLE,Cleveland Cavaliers,0021800826,2019-02-09,CLE @ IND,L
22018,UTA,Utah Jazz,0021800825,2019-02-09,UTA vs. SAS,W
22018,CHA,Charlotte Hornets,0021800827,2019-02-09,CHA @ ATL,W
22018,LAC,LA Clippers,0021800829,2019-02-09,LAC @ BOS,W
22018,IND,Indiana Pacers,0021800826,2019-02-09,IND vs. CLE,W
22018,MEM,Memphis Grizzlies,0021800831,2019-02-09,MEM vs. NOP,W
22018,WAS,Washington Wizards,0021800830,2019-02-09,WAS @ CHI,W
22018,OKC,Oklahoma City Thunder,0021800832,2019-02-09,OKC @ HOU,W
22018,BOS,Boston Celtics,0021800829,2019-02-09,BOS vs. LAC,L
22018,HOU,Houston Rockets,0021800832,2019-02-09,HOU vs. OKC,L
22018,NYK,New York Knicks,0021800828,2019-02-09,NYK vs. TOR,L
22018,SAS,San Antonio Spurs,0021800825,2019-02-09,SAS @ UTA,L
22018,NOP,New Orleans Pelicans,0021800831,2019-02-09,NOP @ MEM,L
22018,CHI,Chicago Bulls,0021800830,2019-02-09,CHI vs. WAS,L
22018,ATL,Atlanta Hawks,0021800827,2019-02-09,ATL vs. CHA,L
22018,PHI,Philadelphia 76ers,0021800835,2019-02-10,PHI vs. LAL,W
22018,GSW,Golden State Warriors,0021800838,2019-02-10,GSW vs. MIA,W
22018,ATL,Atlanta Hawks,0021800837,2019-02-10,ATL vs. ORL,L
22018,LAL,Los Angeles Lakers,0021800835,2019-02-10,LAL @ PHI,L
22018,SAC,Sacramento Kings,0021800836,2019-02-10,SAC vs. PHX,W
22018,DAL,Dallas Mavericks,0021800834,2019-02-10,DAL vs. POR,W
22018,PHX,Phoenix Suns,0021800836,2019-02-10,PHX @ SAC,L
22018,ORL,Orlando Magic,0021800837,2019-02-10,ORL @ ATL,W
22018,POR,Portland Trail Blazers,0021800834,2019-02-10,POR @ DAL,L
22018,MIA,Miami Heat,0021800838,2019-02-10,MIA @ GSW,L
22018,DEN,Denver Nuggets,0021800847,2019-02-11,DEN vs. MIA,W
22018,CHI,Chicago Bulls,0021800843,2019-02-11,CHI vs. MIL,L
22018,LAC,LA Clippers,0021800845,2019-02-11,LAC @ MIN,L
22018,TOR,Toronto Raptors,0021800842,2019-02-11,TOR vs. BKN,W
22018,CLE,Cleveland Cavaliers,0021800839,2019-02-11,CLE vs. NYK,W
22018,CHA,Charlotte Hornets,0021800841,2019-02-11,CHA @ IND,L
22018,OKC,Oklahoma City Thunder,0021800846,2019-02-11,OKC vs. POR,W
22018,NYK,New York Knicks,0021800839,2019-02-11,NYK @ CLE,L
22018,MIL,Milwaukee Bucks,0021800843,2019-02-11,MIL @ CHI,W
22018,HOU,Houston Rockets,0021800844,2019-02-11,HOU vs. DAL,W
22018,MIA,Miami Heat,0021800847,2019-02-11,MIA @ DEN,L
22018,DAL,Dallas Mavericks,0021800844,2019-02-11,DAL @ HOU,L
22018,MIN,Minnesota Timberwolves,0021800845,2019-02-11,MIN vs. LAC,W
22018,POR,Portland Trail Blazers,0021800846,2019-02-11,POR @ OKC,L
22018,BKN,Brooklyn Nets,0021800842,2019-02-11,BKN @ TOR,L
22018,DET,Detroit Pistons,0021800840,2019-02-11,DET vs. WAS,W
22018,WAS,Washington Wizards,0021800840,2019-02-11,WAS @ DET,L
22018,IND,Indiana Pacers,0021800841,2019-02-11,IND vs. CHA,W
22018,ATL,Atlanta Hawks,0021800848,2019-02-12,ATL vs. LAL,W
22018,NOP,New Orleans Pelicans,0021800851,2019-02-12,NOP vs. ORL,L
22018,BOS,Boston Celtics,0021800849,2019-02-12,BOS @ PHI,W
22018,MEM,Memphis Grizzlies,0021800850,2019-02-12,MEM vs. SAS,L
22018,LAL,Los Angeles Lakers,0021800848,2019-02-12,LAL @ ATL,L
22018,PHI,Philadelphia 76ers,0021800849,2019-02-12,PHI vs. BOS,L
22018,ORL,Orlando Magic,0021800851,2019-02-12,ORL @ NOP,W
22018,UTA,Utah Jazz,0021800852,2019-02-12,UTA @ GSW,L
22018,GSW,Golden State Warriors,0021800852,2019-02-12,GSW vs. UTA,W
22018,SAS,San Antonio Spurs,0021800850,2019-02-12,SAS @ MEM,W
22018,DAL,Dallas Mavericks,0021800859,2019-02-13,DAL vs. MIA,L
22018,IND,Indiana Pacers,0021800854,2019-02-13,IND vs. MIL,L
22018,HOU,Houston Rockets,0021800861,2019-02-13,HOU @ MIN,L
22018,CLE,Cleveland Cavaliers,0021800853,2019-02-13,CLE vs. BKN,L
22018,PHI,Philadelphia 76ers,0021800856,2019-02-13,PHI @ NYK,W
22018,MIL,Milwaukee Bucks,0021800854,2019-02-13,MIL @ IND,W
22018,NYK,New York Knicks,0021800856,2019-02-13,NYK vs. PHI,L
22018,LAC,LA Clippers,0021800863,2019-02-13,LAC vs. PHX,W
22018,GSW,Golden State Warriors,0021800862,2019-02-13,GSW @ POR,L
22018,DEN,Denver Nuggets,0021800860,2019-02-13,DEN vs. SAC,W
22018,DET,Detroit Pistons,0021800855,2019-02-13,DET @ BOS,L
22018,BKN,Brooklyn Nets,0021800853,2019-02-13,BKN @ CLE,W
22018,MEM,Memphis Grizzlies,0021800858,2019-02-13,MEM @ CHI,L
22018,MIA,Miami Heat,0021800859,2019-02-13,MIA @ DAL,W
22018,SAC,Sacramento Kings,0021800860,2019-02-13,SAC @ DEN,L
22018,POR,Portland Trail Blazers,0021800862,2019-02-13,POR vs. GSW,W
22018,MIN,Minnesota Timberwolves,0021800861,2019-02-13,MIN vs. HOU,W
22018,PHX,Phoenix Suns,0021800863,2019-02-13,PHX @ LAC,L
22018,WAS,Washington Wizards,0021800857,2019-02-13,WAS @ TOR,L
22018,CHI,Chicago Bulls,0021800858,2019-02-13,CHI vs. MEM,W
22018,TOR,Toronto Raptors,0021800857,2019-02-13,TOR vs. WAS,W
22018,BOS,Boston Celtics,0021800855,2019-02-13,BOS vs. DET,W
22018,ATL,Atlanta Hawks,0021800865,2019-02-14,ATL vs. NYK,L
22018,CHA,Charlotte Hornets,0021800864,2019-02-14,CHA @ ORL,L
22018,NYK,New York Knicks,0021800865,2019-02-14,NYK @ ATL,W
22018,OKC,Oklahoma City Thunder,0021800866,2019-02-14,OKC @ NOP,L
22018,NOP,New Orleans Pelicans,0021800866,2019-02-14,NOP vs. OKC,W
22018,ORL,Orlando Magic,0021800864,2019-02-14,ORL vs. CHA,W
22018,HOU,Houston Rockets,0021800872,2019-02-21,HOU @ LAL,L
22018,PHI,Philadelphia 76ers,0021800868,2019-02-21,PHI vs. MIA,W
22018,BOS,Boston Celtics,0021800870,2019-02-21,BOS @ MIL,L
22018,POR,Portland Trail Blazers,0021800869,2019-02-21,POR @ BKN,W
22018,MIA,Miami Heat,0021800868,2019-02-21,MIA @ PHI,L
22018,CLE,Cleveland Cavaliers,0021800867,2019-02-21,CLE vs. PHX,W
22018,BKN,Brooklyn Nets,0021800869,2019-02-21,BKN vs. POR,L
22018,GSW,Golden State Warriors,0021800871,2019-02-21,GSW vs. SAC,W
22018,MIL,Milwaukee Bucks,0021800870,2019-02-21,MIL vs. BOS,W
22018,PHX,Phoenix Suns,0021800867,2019-02-21,PHX @ CLE,L
22018,SAC,Sacramento Kings,0021800871,2019-02-21,SAC @ GSW,L
22018,LAL,Los Angeles Lakers,0021800872,2019-02-21,LAL vs. HOU,W
22018,NYK,New York Knicks,0021800878,2019-02-22,NYK vs. MIN,L
22018,MIN,Minnesota Timberwolves,0021800878,2019-02-22,MIN @ NYK,W
22018,CHI,Chicago Bulls,0021800875,2019-02-22,CHI @ ORL,W
22018,NOP,New Orleans Pelicans,0021800874,2019-02-22,NOP @ IND,L
22018,TOR,Toronto Raptors,0021800876,2019-02-22,TOR vs. SAS,W
22018,DET,Detroit Pistons,0021800877,2019-02-22,DET @ ATL,W
22018,IND,Indiana Pacers,0021800874,2019-02-22,IND vs. NOP,W
22018,ORL,Orlando Magic,0021800875,2019-02-22,ORL vs. CHI,L
22018,DEN,Denver Nuggets,0021800880,2019-02-22,DEN @ DAL,W
22018,DAL,Dallas Mavericks,0021800880,2019-02-22,DAL vs. DEN,L
22018,MEM,Memphis Grizzlies,0021800879,2019-02-22,MEM vs. LAC,L
22018,UTA,Utah Jazz,0021800881,2019-02-22,UTA @ OKC,L
22018,SAS,San Antonio Spurs,0021800876,2019-02-22,SAS @ TOR,L
22018,OKC,Oklahoma City Thunder,0021800881,2019-02-22,OKC vs. UTA,W
22018,LAC,LA Clippers,0021800879,2019-02-22,LAC @ MEM,W
22018,CHA,Charlotte Hornets,0021800873,2019-02-22,CHA vs. WAS,W
22018,ATL,Atlanta Hawks,0021800877,2019-02-22,ATL vs. DET,L
22018,WAS,Washington Wizards,0021800873,2019-02-22,WAS @ CHA,L
22018,NOP,New Orleans Pelicans,0021800887,2019-02-23,NOP vs. LAL,W
22018,DET,Detroit Pistons,0021800888,2019-02-23,DET @ MIA,W
22018,MIN,Minnesota Timberwolves,0021800891,2019-02-23,MIN @ MIL,L
22018,MIL,Milwaukee Bucks,0021800891,2019-02-23,MIL vs. MIN,W
22018,CHA,Charlotte Hornets,0021800884,2019-02-23,CHA vs. BKN,L
22018,WAS,Washington Wizards,0021800886,2019-02-23,WAS vs. IND,L
22018,POR,Portland Trail Blazers,0021800882,2019-02-23,POR @ PHI,W
22018,ATL,Atlanta Hawks,0021800883,2019-02-23,ATL vs. PHX,W
22018,PHI,Philadelphia 76ers,0021800882,2019-02-23,PHI vs. POR,L
22018,OKC,Oklahoma City Thunder,0021800890,2019-02-23,OKC vs. SAC,L
22018,PHX,Phoenix Suns,0021800883,2019-02-23,PHX @ ATL,L
22018,CHI,Chicago Bulls,0021800889,2019-02-23,CHI vs. BOS,W
22018,MEM,Memphis Grizzlies,0021800885,2019-02-23,MEM @ CLE,L
22018,LAL,Los Angeles Lakers,0021800887,2019-02-23,LAL @ NOP,L
22018,BOS,Boston Celtics,0021800889,2019-02-23,BOS @ CHI,L
22018,UTA,Utah Jazz,0021800893,2019-02-23,UTA vs. DAL,W
22018,HOU,Houston Rockets,0021800892,2019-02-23,HOU @ GSW,W
22018,GSW,Golden State Warriors,0021800892,2019-02-23,GSW vs. HOU,L
22018,SAC,Sacramento Kings,0021800890,2019-02-23,SAC @ OKC,W
22018,DAL,Dallas Mavericks,0021800893,2019-02-23,DAL @ UTA,L
22018,CLE,Cleveland Cavaliers,0021800885,2019-02-23,CLE vs. MEM,W
22018,IND,Indiana Pacers,0021800886,2019-02-23,IND @ WAS,W
22018,MIA,Miami Heat,0021800888,2019-02-23,MIA vs. DET,L
22018,BKN,Brooklyn Nets,0021800884,2019-02-23,BKN @ CHA,W
22018,SAS,San Antonio Spurs,0021800896,2019-02-24,SAS @ NYK,L
22018,TOR,Toronto Raptors,0021800894,2019-02-24,TOR vs. ORL,L
22018,NYK,New York Knicks,0021800896,2019-02-24,NYK vs. SAS,W
22018,LAC,LA Clippers,0021800895,2019-02-24,LAC @ DEN,L
22018,DEN,Denver Nuggets,0021800895,2019-02-24,DEN vs. LAC,W
22018,ORL,Orlando Magic,0021800894,2019-02-24,ORL @ TOR,W
22018,MEM,Memphis Grizzlies,0021800904,2019-02-25,MEM vs. LAL,W
22018,PHX,Phoenix Suns,0021800901,2019-02-25,PHX @ MIA,W
22018,CHI,Chicago Bulls,0021800902,2019-02-25,CHI vs. MIL,L
22018,SAC,Sacramento Kings,0021800905,2019-02-25,SAC @ MIN,L
22018,SAS,San Antonio Spurs,0021800900,2019-02-25,SAS @ BKN,L
22018,DET,Detroit Pistons,0021800899,2019-02-25,DET vs. IND,W
22018,NOP,New Orleans Pelicans,0021800906,2019-02-25,NOP vs. PHI,L
22018,MIA,Miami Heat,0021800901,2019-02-25,MIA vs. PHX,L
22018,CLE,Cleveland Cavaliers,0021800898,2019-02-25,CLE vs. POR,L
22018,MIN,Minnesota Timberwolves,0021800905,2019-02-25,MIN vs. SAC,W
22018,BKN,Brooklyn Nets,0021800900,2019-02-25,BKN vs. SAS,W
22018,HOU,Houston Rockets,0021800903,2019-02-25,HOU vs. ATL,W
22018,POR,Portland Trail Blazers,0021800898,2019-02-25,POR @ CLE,W
22018,PHI,Philadelphia 76ers,0021800906,2019-02-25,PHI @ NOP,W
22018,MIL,Milwaukee Bucks,0021800902,2019-02-25,MIL @ CHI,W
22018,LAC,LA Clippers,0021800907,2019-02-25,LAC vs. DAL,W
22018,CHA,Charlotte Hornets,0021800897,2019-02-25,CHA vs. GSW,L
22018,ATL,Atlanta Hawks,0021800903,2019-02-25,ATL @ HOU,L
22018,DAL,Dallas Mavericks,0021800907,2019-02-25,DAL @ LAC,L
22018,LAL,Los Angeles Lakers,0021800904,2019-02-25,LAL @ MEM,L
22018,IND,Indiana Pacers,0021800899,2019-02-25,IND @ DET,L
22018,GSW,Golden State Warriors,0021800897,2019-02-25,GSW @ CHA,W
22018,ORL,Orlando Magic,0021800908,2019-02-26,ORL @ NYK,L
22018,NYK,New York Knicks,0021800908,2019-02-26,NYK vs. ORL,W
22018,TOR,Toronto Raptors,0021800909,2019-02-26,TOR vs. BOS,W
22018,OKC,Oklahoma City Thunder,0021800910,2019-02-26,OKC @ DEN,L
22018,DEN,Denver Nuggets,0021800910,2019-02-26,DEN vs. OKC,W
22018,BOS,Boston Celtics,0021800909,2019-02-26,BOS @ TOR,L
22018,NOP,New Orleans Pelicans,0021800921,2019-02-27,NOP @ LAL,L
22018,GSW,Golden State Warriors,0021800915,2019-02-27,GSW @ MIA,L
22018,SAC,Sacramento Kings,0021800920,2019-02-27,SAC vs. MIL,L
22018,ATL,Atlanta Hawks,0021800912,2019-02-27,ATL vs. MIN,W
22018,WAS,Washington Wizards,0021800914,2019-02-27,WAS @ BKN,W
22018,DAL,Dallas Mavericks,0021800918,2019-02-27,DAL vs. IND,W
22018,BOS,Boston Celtics,0021800913,2019-02-27,BOS vs. POR,L
22018,MIL,Milwaukee Bucks,0021800920,2019-02-27,MIL @ SAC,W
22018,DET,Detroit Pistons,0021800917,2019-02-27,DET @ SAS,L
22018,MIN,Minnesota Timberwolves,0021800912,2019-02-27,MIN @ ATL,L
22018,POR,Portland Trail Blazers,0021800913,2019-02-27,POR @ BOS,W
22018,LAL,Los Angeles Lakers,0021800921,2019-02-27,LAL vs. NOP,W
22018,MEM,Memphis Grizzlies,0021800916,2019-02-27,MEM vs. CHI,L
22018,IND,Indiana Pacers,0021800918,2019-02-27,IND @ DAL,L
22018,MIA,Miami Heat,0021800915,2019-02-27,MIA vs. GSW,W
22018,CHA,Charlotte Hornets,0021800911,2019-02-27,CHA vs. HOU,L
22018,UTA,Utah Jazz,0021800919,2019-02-27,UTA vs. LAC,W
22018,LAC,LA Clippers,0021800919,2019-02-27,LAC @ UTA,L
22018,CHI,Chicago Bulls,0021800916,2019-02-27,CHI @ MEM,W
22018,BKN,Brooklyn Nets,0021800914,2019-02-27,BKN vs. WAS,L
22018,SAS,San Antonio Spurs,0021800917,2019-02-27,SAS vs. DET,W
22018,HOU,Houston Rockets,0021800911,2019-02-27,HOU @ CHA,W
22018,HOU,Houston Rockets,0021800925,2019-02-28,HOU vs. MIA,W
22018,IND,Indiana Pacers,0021800922,2019-02-28,IND vs. MIN,W
22018,CLE,Cleveland Cavaliers,0021800924,2019-02-28,CLE @ NYK,W
22018,GSW,Golden State Warriors,0021800923,2019-02-28,GSW @ ORL,L
22018,MIN,Minnesota Timberwolves,0021800922,2019-02-28,MIN @ IND,L
22018,OKC,Oklahoma City Thunder,0021800927,2019-02-28,OKC vs. PHI,L
22018,NYK,New York Knicks,0021800924,2019-02-28,NYK vs. CLE,L
22018,UTA,Utah Jazz,0021800926,2019-02-28,UTA @ DEN,W
22018,ORL,Orlando Magic,0021800923,2019-02-28,ORL vs. GSW,W
22018,MIA,Miami Heat,0021800925,2019-02-28,MIA @ HOU,L
22018,PHI,Philadelphia 76ers,0021800927,2019-02-28,PHI @ OKC,W
22018,DEN,Denver Nuggets,0021800926,2019-02-28,DEN vs. UTA,L
22018,MIL,Milwaukee Bucks,0021800934,2019-03-01,MIL @ LAL,W
22018,LAL,Los Angeles Lakers,0021800934,2019-03-01,LAL vs. MIL,L
22018,CHA,Charlotte Hornets,0021800929,2019-03-01,CHA @ BKN,W
22018,NOP,New Orleans Pelicans,0021800932,2019-03-01,NOP @ PHX,W
22018,TOR,Toronto Raptors,0021800930,2019-03-01,TOR vs. POR,W
22018,LAC,LA Clippers,0021800933,2019-03-01,LAC @ SAC,W
22018,CHI,Chicago Bulls,0021800928,2019-03-01,CHI @ ATL,W
22018,WAS,Washington Wizards,0021800931,2019-03-01,WAS @ BOS,L
22018,PHX,Phoenix Suns,0021800932,2019-03-01,PHX vs. NOP,L
22018,ATL,Atlanta Hawks,0021800928,2019-03-01,ATL vs. CHI,L
22018,SAC,Sacramento Kings,0021800933,2019-03-01,SAC vs. LAC,L
22018,POR,Portland Trail Blazers,0021800930,2019-03-01,POR @ TOR,L
22018,BOS,Boston Celtics,0021800931,2019-03-01,BOS vs. WAS,W
22018,BKN,Brooklyn Nets,0021800929,2019-03-01,BKN vs. CHA,L
22018,PHX,Phoenix Suns,0021800942,2019-03-02,PHX vs. LAL,W
22018,BKN,Brooklyn Nets,0021800937,2019-03-02,BKN @ MIA,L
22018,UTA,Utah Jazz,0021800943,2019-03-02,UTA vs. MIL,W
22018,MIA,Miami Heat,0021800937,2019-03-02,MIA vs. BKN,W
22018,IND,Indiana Pacers,0021800936,2019-03-02,IND vs. ORL,L
22018,ORL,Orlando Magic,0021800936,2019-03-02,ORL @ IND,W
22018,GSW,Golden State Warriors,0021800938,2019-03-02,GSW @ PHI,W
22018,LAL,Los Angeles Lakers,0021800942,2019-03-02,LAL @ PHX,L
22018,OKC,Oklahoma City Thunder,0021800940,2019-03-02,OKC @ SAS,L
22018,DET,Detroit Pistons,0021800935,2019-03-02,DET @ CLE,W
22018,DEN,Denver Nuggets,0021800941,2019-03-02,DEN vs. NOP,L
22018,MEM,Memphis Grizzlies,0021800939,2019-03-02,MEM @ DAL,W
22018,NOP,New Orleans Pelicans,0021800941,2019-03-02,NOP @ DEN,W
22018,PHI,Philadelphia 76ers,0021800938,2019-03-02,PHI vs. GSW,L
22018,SAS,San Antonio Spurs,0021800940,2019-03-02,SAS vs. OKC,W
22018,MIL,Milwaukee Bucks,0021800943,2019-03-02,MIL @ UTA,L
22018,DAL,Dallas Mavericks,0021800939,2019-03-02,DAL vs. MEM,L
22018,CLE,Cleveland Cavaliers,0021800935,2019-03-02,CLE vs. DET,L
22018,WAS,Washington Wizards,0021800950,2019-03-03,WAS vs. MIN,W
22018,LAC,LA Clippers,0021800947,2019-03-03,LAC vs. NYK,W
22018,CLE,Cleveland Cavaliers,0021800948,2019-03-03,CLE vs. ORL,W
22018,CHA,Charlotte Hornets,0021800944,2019-03-03,CHA vs. POR,L
22018,CHI,Chicago Bulls,0021800946,2019-03-03,CHI vs. ATL,L
22018,HOU,Houston Rockets,0021800945,2019-03-03,HOU @ BOS,W
22018,ORL,Orlando Magic,0021800948,2019-03-03,ORL @ CLE,L
22018,ATL,Atlanta Hawks,0021800946,2019-03-03,ATL @ CHI,W
22018,BOS,Boston Celtics,0021800945,2019-03-03,BOS vs. HOU,L
22018,NYK,New York Knicks,0021800947,2019-03-03,NYK @ LAC,L
22018,MEM,Memphis Grizzlies,0021800951,2019-03-03,MEM @ OKC,L
22018,DET,Detroit Pistons,0021800949,2019-03-03,DET vs. TOR,W
22018,OKC,Oklahoma City Thunder,0021800951,2019-03-03,OKC vs. MEM,W
22018,MIN,Minnesota Timberwolves,0021800950,2019-03-03,MIN @ WAS,L
22018,TOR,Toronto Raptors,0021800949,2019-03-03,TOR @ DET,L
22018,POR,Portland Trail Blazers,0021800944,2019-03-03,POR @ CHA,W
22018,LAC,LA Clippers,0021800958,2019-03-04,LAC @ LAL,W
22018,ATL,Atlanta Hawks,0021800953,2019-03-04,ATL @ MIA,L
22018,PHX,Phoenix Suns,0021800955,2019-03-04,PHX vs. MIL,W
22018,DAL,Dallas Mavericks,0021800952,2019-03-04,DAL @ BKN,L
22018,SAC,Sacramento Kings,0021800957,2019-03-04,SAC vs. NYK,W
22018,MIL,Milwaukee Bucks,0021800955,2019-03-04,MIL @ PHX,L
22018,NYK,New York Knicks,0021800957,2019-03-04,NYK @ SAC,L
22018,DEN,Denver Nuggets,0021800954,2019-03-04,DEN @ SAS,L
22018,MIA,Miami Heat,0021800953,2019-03-04,MIA vs. ATL,W
22018,UTA,Utah Jazz,0021800956,2019-03-04,UTA vs. NOP,L
22018,BKN,Brooklyn Nets,0021800952,2019-03-04,BKN vs. DAL,W
22018,SAS,San Antonio Spurs,0021800954,2019-03-04,SAS vs. DEN,W
22018,LAL,Los Angeles Lakers,0021800958,2019-03-04,LAL vs. LAC,L
22018,NOP,New Orleans Pelicans,0021800956,2019-03-04,NOP @ UTA,W
22018,OKC,Oklahoma City Thunder,0021800963,2019-03-05,OKC @ MIN,L
22018,PHI,Philadelphia 76ers,0021800960,2019-03-05,PHI vs. ORL,W
22018,CHI,Chicago Bulls,0021800959,2019-03-05,CHI @ IND,L
22018,ORL,Orlando Magic,0021800960,2019-03-05,ORL @ PHI,L
22018,MEM,Memphis Grizzlies,0021800962,2019-03-05,MEM vs. POR,W
22018,GSW,Golden State Warriors,0021800964,2019-03-05,GSW vs. BOS,L
22018,IND,Indiana Pacers,0021800959,2019-03-05,IND vs. CHI,W
22018,BOS,Boston Celtics,0021800964,2019-03-05,BOS @ GSW,W
22018,TOR,Toronto Raptors,0021800961,2019-03-05,TOR vs. HOU,L
22018,MIN,Minnesota Timberwolves,0021800963,2019-03-05,MIN vs. OKC,W
22018,HOU,Houston Rockets,0021800961,2019-03-05,HOU @ TOR,W
22018,POR,Portland Trail Blazers,0021800962,2019-03-05,POR @ MEM,L
22018,DEN,Denver Nuggets,0021800974,2019-03-06,DEN @ LAL,W
22018,CHA,Charlotte Hornets,0021800965,2019-03-06,CHA vs. MIA,L
22018,DET,Detroit Pistons,0021800966,2019-03-06,DET vs. MIN,W
22018,CLE,Cleveland Cavaliers,0021800969,2019-03-06,CLE @ BKN,L
22018,PHX,Phoenix Suns,0021800972,2019-03-06,PHX vs. NYK,W
22018,CHI,Chicago Bulls,0021800970,2019-03-06,CHI vs. PHI,W
22018,NYK,New York Knicks,0021800972,2019-03-06,NYK @ PHX,L
22018,BOS,Boston Celtics,0021800973,2019-03-06,BOS @ SAC,W
22018,ATL,Atlanta Hawks,0021800968,2019-03-06,ATL vs. SAS,L
22018,SAS,San Antonio Spurs,0021800968,2019-03-06,SAS @ ATL,W
22018,SAC,Sacramento Kings,0021800973,2019-03-06,SAC vs. BOS,L
22018,BKN,Brooklyn Nets,0021800969,2019-03-06,BKN vs. CLE,W
22018,UTA,Utah Jazz,0021800971,2019-03-06,UTA @ NOP,W
22018,PHI,Philadelphia 76ers,0021800970,2019-03-06,PHI @ CHI,L
22018,WAS,Washington Wizards,0021800967,2019-03-06,WAS vs. DAL,W
22018,LAL,Los Angeles Lakers,0021800974,2019-03-06,LAL vs. DEN,L
22018,NOP,New Orleans Pelicans,0021800971,2019-03-06,NOP vs. UTA,L
22018,DAL,Dallas Mavericks,0021800967,2019-03-06,DAL @ WAS,L
22018,MIN,Minnesota Timberwolves,0021800966,2019-03-06,MIN @ DET,L
22018,MIA,Miami Heat,0021800965,2019-03-06,MIA @ CHA,W
22018,IND,Indiana Pacers,0021800975,2019-03-07,IND @ MIL,L
22018,MIL,Milwaukee Bucks,0021800975,2019-03-07,MIL vs. IND,W
22018,OKC,Oklahoma City Thunder,0021800976,2019-03-07,OKC @ POR,W
22018,POR,Portland Trail Blazers,0021800976,2019-03-07,POR vs. OKC,L
22018,CLE,Cleveland Cavaliers,0021800979,2019-03-08,CLE @ MIA,L
22018,DAL,Dallas Mavericks,0021800978,2019-03-08,DAL @ ORL,L
22018,HOU,Houston Rockets,0021800981,2019-03-08,HOU vs. PHI,W
22018,MIA,Miami Heat,0021800979,2019-03-08,MIA vs. CLE,W
22018,TOR,Toronto Raptors,0021800983,2019-03-08,TOR @ NOP,W
22018,DET,Detroit Pistons,0021800980,2019-03-08,DET @ CHI,W
22018,ORL,Orlando Magic,0021800978,2019-03-08,ORL vs. DAL,W
22018,GSW,Golden State Warriors,0021800984,2019-03-08,GSW vs. DEN,W
22018,DEN,Denver Nuggets,0021800984,2019-03-08,DEN @ GSW,L
22018,PHI,Philadelphia 76ers,0021800981,2019-03-08,PHI @ HOU,L
22018,OKC,Oklahoma City Thunder,0021800985,2019-03-08,OKC @ LAC,L
22018,LAC,LA Clippers,0021800985,2019-03-08,LAC vs. OKC,W
22018,NOP,New Orleans Pelicans,0021800983,2019-03-08,NOP vs. TOR,L
22018,MEM,Memphis Grizzlies,0021800982,2019-03-08,MEM vs. UTA,W
22018,UTA,Utah Jazz,0021800982,2019-03-08,UTA @ MEM,L
22018,CHA,Charlotte Hornets,0021800977,2019-03-08,CHA vs. WAS,W
22018,CHI,Chicago Bulls,0021800980,2019-03-08,CHI vs. DET,L
22018,WAS,Washington Wizards,0021800977,2019-03-08,WAS @ CHA,L
22018,BOS,Boston Celtics,0021800989,2019-03-09,BOS @ LAL,W
22018,CHA,Charlotte Hornets,0021800990,2019-03-09,CHA @ MIL,L
22018,WAS,Washington Wizards,0021800988,2019-03-09,WAS @ MIN,L
22018,ATL,Atlanta Hawks,0021800987,2019-03-09,ATL vs. BKN,L
22018,SAC,Sacramento Kings,0021800986,2019-03-09,SAC @ NYK,W
22018,POR,Portland Trail Blazers,0021800991,2019-03-09,POR vs. PHX,W
22018,PHX,Phoenix Suns,0021800991,2019-03-09,PHX @ POR,L
22018,NYK,New York Knicks,0021800986,2019-03-09,NYK vs. SAC,L
22018,BKN,Brooklyn Nets,0021800987,2019-03-09,BKN @ ATL,W
22018,LAL,Los Angeles Lakers,0021800989,2019-03-09,LAL vs. BOS,L
22018,MIN,Minnesota Timberwolves,0021800988,2019-03-09,MIN vs. WAS,W
22018,MIL,Milwaukee Bucks,0021800990,2019-03-09,MIL vs. CHA,W
22018,TOR,Toronto Raptors,0021800993,2019-03-10,TOR @ MIA,W
22018,SAS,San Antonio Spurs,0021800999,2019-03-10,SAS vs. MIL,W
22018,NYK,New York Knicks,0021800998,2019-03-10,NYK @ MIN,L
22018,MIN,Minnesota Timberwolves,0021800998,2019-03-10,MIN vs. NYK,W
22018,MEM,Memphis Grizzlies,0021800996,2019-03-10,MEM vs. ORL,W
22018,PHI,Philadelphia 76ers,0021800994,2019-03-10,PHI vs. IND,W
22018,IND,Indiana Pacers,0021800994,2019-03-10,IND @ PHI,L
22018,GSW,Golden State Warriors,0021801000,2019-03-10,GSW vs. PHX,L
22018,MIL,Milwaukee Bucks,0021800999,2019-03-10,MIL @ SAS,L
22018,NOP,New Orleans Pelicans,0021800995,2019-03-10,NOP @ ATL,L
22018,ATL,Atlanta Hawks,0021800995,2019-03-10,ATL vs. NOP,W
22018,DET,Detroit Pistons,0021800992,2019-03-10,DET vs. CHI,W
22018,HOU,Houston Rockets,0021800997,2019-03-10,HOU @ DAL,W
22018,PHX,Phoenix Suns,0021801000,2019-03-10,PHX @ GSW,W
22018,DAL,Dallas Mavericks,0021800997,2019-03-10,DAL vs. HOU,L
22018,MIA,Miami Heat,0021800993,2019-03-10,MIA vs. TOR,L
22018,ORL,Orlando Magic,0021800996,2019-03-10,ORL @ MEM,L
22018,CHI,Chicago Bulls,0021800992,2019-03-10,CHI @ DET,L
22018,DET,Detroit Pistons,0021801003,2019-03-11,DET @ BKN,L
22018,WAS,Washington Wizards,0021801002,2019-03-11,WAS vs. SAC,W
22018,LAC,LA Clippers,0021801006,2019-03-11,LAC vs. BOS,W
22018,TOR,Toronto Raptors,0021801001,2019-03-11,TOR @ CLE,L
22018,CHA,Charlotte Hornets,0021801004,2019-03-11,CHA @ HOU,L
22018,BOS,Boston Celtics,0021801006,2019-03-11,BOS @ LAC,L
22018,UTA,Utah Jazz,0021801005,2019-03-11,UTA vs. OKC,L
22018,CLE,Cleveland Cavaliers,0021801001,2019-03-11,CLE vs. TOR,W
22018,OKC,Oklahoma City Thunder,0021801005,2019-03-11,OKC @ UTA,W
22018,SAC,Sacramento Kings,0021801002,2019-03-11,SAC @ WAS,L
22018,BKN,Brooklyn Nets,0021801003,2019-03-11,BKN vs. DET,W
22018,HOU,Houston Rockets,0021801004,2019-03-11,HOU vs. CHA,W
22018,CHI,Chicago Bulls,0021801009,2019-03-12,CHI vs. LAL,L
22018,NOP,New Orleans Pelicans,0021801010,2019-03-12,NOP vs. MIL,L
22018,DEN,Denver Nuggets,0021801012,2019-03-12,DEN vs. MIN,W
22018,IND,Indiana Pacers,0021801007,2019-03-12,IND vs. NYK,W
22018,NYK,New York Knicks,0021801007,2019-03-12,NYK @ IND,L
22018,CLE,Cleveland Cavaliers,0021801008,2019-03-12,CLE @ PHI,L
22018,LAC,LA Clippers,0021801013,2019-03-12,LAC vs. POR,L
22018,DAL,Dallas Mavericks,0021801011,2019-03-12,DAL vs. SAS,L
22018,PHI,Philadelphia 76ers,0021801008,2019-03-12,PHI vs. CLE,W
22018,MIL,Milwaukee Bucks,0021801010,2019-03-12,MIL @ NOP,W
22018,LAL,Los Angeles Lakers,0021801009,2019-03-12,LAL @ CHI,W
22018,SAS,San Antonio Spurs,0021801011,2019-03-12,SAS @ DAL,W
22018,MIN,Minnesota Timberwolves,0021801012,2019-03-12,MIN @ DEN,L
22018,POR,Portland Trail Blazers,0021801013,2019-03-12,POR @ LAC,W
22018,DET,Detroit Pistons,0021801014,2019-03-13,DET @ MIA,L
22018,OKC,Oklahoma City Thunder,0021801017,2019-03-13,OKC vs. BKN,W
22018,WAS,Washington Wizards,0021801015,2019-03-13,WAS vs. ORL,W
22018,UTA,Utah Jazz,0021801019,2019-03-13,UTA @ PHX,W
22018,MEM,Memphis Grizzlies,0021801016,2019-03-13,MEM @ ATL,L
22018,HOU,Houston Rockets,0021801018,2019-03-13,HOU vs. GSW,L
22018,GSW,Golden State Warriors,0021801018,2019-03-13,GSW @ HOU,W
22018,BKN,Brooklyn Nets,0021801017,2019-03-13,BKN @ OKC,L
22018,PHX,Phoenix Suns,0021801019,2019-03-13,PHX vs. UTA,L
22018,ATL,Atlanta Hawks,0021801016,2019-03-13,ATL vs. MEM,W
22018,ORL,Orlando Magic,0021801015,2019-03-13,ORL @ WAS,L
22018,MIA,Miami Heat,0021801014,2019-03-13,MIA vs. DET,W
22018,TOR,Toronto Raptors,0021801023,2019-03-14,TOR vs. LAL,W
22018,UTA,Utah Jazz,0021801024,2019-03-14,UTA vs. MIN,W
22018,CLE,Cleveland Cavaliers,0021801021,2019-03-14,CLE @ ORL,L
22018,OKC,Oklahoma City Thunder,0021801020,2019-03-14,OKC @ IND,L
22018,BOS,Boston Celtics,0021801022,2019-03-14,BOS vs. SAC,W
22018,SAC,Sacramento Kings,0021801022,2019-03-14,SAC @ BOS,L
22018,ORL,Orlando Magic,0021801021,2019-03-14,ORL vs. CLE,W
22018,DEN,Denver Nuggets,0021801025,2019-03-14,DEN vs. DAL,W
22018,DAL,Dallas Mavericks,0021801025,2019-03-14,DAL @ DEN,L
22018,IND,Indiana Pacers,0021801020,2019-03-14,IND vs. OKC,W
22018,LAL,Los Angeles Lakers,0021801023,2019-03-14,LAL @ TOR,L
22018,MIN,Minnesota Timberwolves,0021801024,2019-03-14,MIN @ UTA,L
22018,DET,Detroit Pistons,0021801026,2019-03-15,DET vs. LAL,W
22018,MIL,Milwaukee Bucks,0021801029,2019-03-15,MIL @ MIA,W
22018,MIA,Miami Heat,0021801029,2019-03-15,MIA vs. MIL,L
22018,SAS,San Antonio Spurs,0021801032,2019-03-15,SAS vs. NYK,W
22018,SAC,Sacramento Kings,0021801027,2019-03-15,SAC @ PHI,L
22018,HOU,Houston Rockets,0021801030,2019-03-15,HOU vs. PHX,W
22018,NOP,New Orleans Pelicans,0021801031,2019-03-15,NOP vs. POR,L
22018,PHI,Philadelphia 76ers,0021801027,2019-03-15,PHI vs. SAC,W
22018,NYK,New York Knicks,0021801032,2019-03-15,NYK @ SAS,L
22018,POR,Portland Trail Blazers,0021801031,2019-03-15,POR @ NOP,W
22018,LAC,LA Clippers,0021801033,2019-03-15,LAC vs. CHI,W
22018,PHX,Phoenix Suns,0021801030,2019-03-15,PHX @ HOU,L
22018,CHI,Chicago Bulls,0021801033,2019-03-15,CHI @ LAC,L
22018,CHA,Charlotte Hornets,0021801028,2019-03-15,CHA @ WAS,W
22018,LAL,Los Angeles Lakers,0021801026,2019-03-15,LAL @ DET,L
22018,WAS,Washington Wizards,0021801028,2019-03-15,WAS vs. CHA,L
22018,UTA,Utah Jazz,0021801041,2019-03-16,UTA vs. BKN,W
22018,DEN,Denver Nuggets,0021801040,2019-03-16,DEN vs. IND,W
22018,NOP,New Orleans Pelicans,0021801036,2019-03-16,NOP vs. PHX,L
22018,SAS,San Antonio Spurs,0021801039,2019-03-16,SAS vs. POR,W
22018,POR,Portland Trail Blazers,0021801039,2019-03-16,POR @ SAS,L
22018,BOS,Boston Celtics,0021801034,2019-03-16,BOS vs. ATL,W
22018,ATL,Atlanta Hawks,0021801034,2019-03-16,ATL @ BOS,L
22018,DAL,Dallas Mavericks,0021801037,2019-03-16,DAL vs. CLE,W
22018,PHX,Phoenix Suns,0021801036,2019-03-16,PHX @ NOP,W
22018,CLE,Cleveland Cavaliers,0021801037,2019-03-16,CLE @ DAL,L
22018,IND,Indiana Pacers,0021801040,2019-03-16,IND @ DEN,L
22018,OKC,Oklahoma City Thunder,0021801038,2019-03-16,OKC vs. GSW,L
22018,GSW,Golden State Warriors,0021801038,2019-03-16,GSW @ OKC,W
22018,BKN,Brooklyn Nets,0021801041,2019-03-16,BKN @ UTA,L
22018,WAS,Washington Wizards,0021801035,2019-03-16,WAS vs. MEM,W
22018,MEM,Memphis Grizzlies,0021801035,2019-03-16,MEM @ WAS,L
22018,NYK,New York Knicks,0021801042,2019-03-17,NYK vs. LAL,W
22018,CHA,Charlotte Hornets,0021801045,2019-03-17,CHA @ MIA,L
22018,PHI,Philadelphia 76ers,0021801043,2019-03-17,PHI @ MIL,W
22018,HOU,Houston Rockets,0021801048,2019-03-17,HOU vs. MIN,W
22018,LAC,LA Clippers,0021801049,2019-03-17,LAC vs. BKN,W
22018,LAL,Los Angeles Lakers,0021801042,2019-03-17,LAL @ NYK,L
22018,ATL,Atlanta Hawks,0021801046,2019-03-17,ATL @ ORL,L
22018,MIL,Milwaukee Bucks,0021801043,2019-03-17,MIL vs. PHI,L
22018,CHI,Chicago Bulls,0021801047,2019-03-17,CHI @ SAC,L
22018,ORL,Orlando Magic,0021801046,2019-03-17,ORL vs. ATL,W
22018,SAC,Sacramento Kings,0021801047,2019-03-17,SAC vs. CHI,W
22018,MIN,Minnesota Timberwolves,0021801048,2019-03-17,MIN @ HOU,L
22018,BKN,Brooklyn Nets,0021801049,2019-03-17,BKN @ LAC,L
22018,DET,Detroit Pistons,0021801044,2019-03-17,DET vs. TOR,W
22018,TOR,Toronto Raptors,0021801044,2019-03-17,TOR @ DET,L
22018,MIA,Miami Heat,0021801045,2019-03-17,MIA vs. CHA,W
22018,OKC,Oklahoma City Thunder,0021801054,2019-03-18,OKC vs. MIA,L
22018,TOR,Toronto Raptors,0021801053,2019-03-18,TOR vs. NYK,W
22018,POR,Portland Trail Blazers,0021801058,2019-03-18,POR vs. IND,W
22018,CHI,Chicago Bulls,0021801057,2019-03-18,CHI @ PHX,W
22018,IND,Indiana Pacers,0021801058,2019-03-18,IND @ POR,L
22018,GSW,Golden State Warriors,0021801055,2019-03-18,GSW @ SAS,L
22018,DEN,Denver Nuggets,0021801052,2019-03-18,DEN @ BOS,W
22018,DET,Detroit Pistons,0021801050,2019-03-18,DET @ CLE,L
22018,DAL,Dallas Mavericks,0021801056,2019-03-18,DAL vs. NOP,L
22018,PHX,Phoenix Suns,0021801057,2019-03-18,PHX vs. CHI,L
22018,NOP,New Orleans Pelicans,0021801056,2019-03-18,NOP @ DAL,W
22018,BOS,Boston Celtics,0021801052,2019-03-18,BOS vs. DEN,L
22018,SAS,San Antonio Spurs,0021801055,2019-03-18,SAS vs. GSW,W
22018,MIA,Miami Heat,0021801054,2019-03-18,MIA @ OKC,W
22018,NYK,New York Knicks,0021801053,2019-03-18,NYK @ TOR,L
22018,WAS,Washington Wizards,0021801051,2019-03-18,WAS vs. UTA,L
22018,UTA,Utah Jazz,0021801051,2019-03-18,UTA @ WAS,W
22018,CLE,Cleveland Cavaliers,0021801050,2019-03-18,CLE vs. DET,W
22018,MIL,Milwaukee Bucks,0021801061,2019-03-19,MIL vs. LAL,W
22018,LAL,Los Angeles Lakers,0021801061,2019-03-19,LAL @ MIL,L
22018,GSW,Golden State Warriors,0021801062,2019-03-19,GSW @ MIN,W
22018,SAC,Sacramento Kings,0021801063,2019-03-19,SAC vs. BKN,L
22018,LAC,LA Clippers,0021801064,2019-03-19,LAC vs. IND,W
22018,CHA,Charlotte Hornets,0021801059,2019-03-19,CHA vs. PHI,L
22018,BKN,Brooklyn Nets,0021801063,2019-03-19,BKN @ SAC,W
22018,HOU,Houston Rockets,0021801060,2019-03-19,HOU @ ATL,W
22018,MIN,Minnesota Timberwolves,0021801062,2019-03-19,MIN vs. GSW,L
22018,ATL,Atlanta Hawks,0021801060,2019-03-19,ATL vs. HOU,L
22018,IND,Indiana Pacers,0021801064,2019-03-19,IND @ LAC,L
22018,PHI,Philadelphia 76ers,0021801059,2019-03-19,PHI @ CHA,W
22018,SAS,San Antonio Spurs,0021801071,2019-03-20,SAS vs. MIA,L
22018,CLE,Cleveland Cavaliers,0021801065,2019-03-20,CLE vs. MIL,W
22018,UTA,Utah Jazz,0021801068,2019-03-20,UTA @ NYK,W
22018,NOP,New Orleans Pelicans,0021801066,2019-03-20,NOP @ ORL,L
22018,BOS,Boston Celtics,0021801067,2019-03-20,BOS @ PHI,L
22018,DAL,Dallas Mavericks,0021801073,2019-03-20,DAL @ POR,L
22018,MIA,Miami Heat,0021801071,2019-03-20,MIA @ SAS,W
22018,PHI,Philadelphia 76ers,0021801067,2019-03-20,PHI vs. BOS,W
22018,MIL,Milwaukee Bucks,0021801065,2019-03-20,MIL @ CLE,L
22018,ORL,Orlando Magic,0021801066,2019-03-20,ORL vs. NOP,W
22018,WAS,Washington Wizards,0021801069,2019-03-20,WAS @ CHI,L
22018,POR,Portland Trail Blazers,0021801073,2019-03-20,POR vs. DAL,W
22018,MEM,Memphis Grizzlies,0021801070,2019-03-20,MEM vs. HOU,W
22018,TOR,Toronto Raptors,0021801072,2019-03-20,TOR @ OKC,W
22018,OKC,Oklahoma City Thunder,0021801072,2019-03-20,OKC vs. TOR,L
22018,NYK,New York Knicks,0021801068,2019-03-20,NYK vs. UTA,L
22018,HOU,Houston Rockets,0021801070,2019-03-20,HOU @ MEM,L
22018,CHI,Chicago Bulls,0021801069,2019-03-20,CHI vs. WAS,W
22018,CHA,Charlotte Hornets,0021801074,2019-03-21,CHA vs. MIN,W
22018,GSW,Golden State Warriors,0021801079,2019-03-21,GSW vs. IND,W
22018,DET,Detroit Pistons,0021801077,2019-03-21,DET @ PHX,W
22018,DAL,Dallas Mavericks,0021801078,2019-03-21,DAL @ SAC,L
22018,UTA,Utah Jazz,0021801076,2019-03-21,UTA @ ATL,L
22018,SAC,Sacramento Kings,0021801078,2019-03-21,SAC vs. DAL,W
22018,WAS,Washington Wizards,0021801075,2019-03-21,WAS vs. DEN,L
22018,IND,Indiana Pacers,0021801079,2019-03-21,IND @ GSW,L
22018,ATL,Atlanta Hawks,0021801076,2019-03-21,ATL vs. UTA,W
22018,DEN,Denver Nuggets,0021801075,2019-03-21,DEN @ WAS,W
22018,PHX,Phoenix Suns,0021801077,2019-03-21,PHX vs. DET,L
22018,MIN,Minnesota Timberwolves,0021801074,2019-03-21,MIN @ CHA,L
22018,BKN,Brooklyn Nets,0021801086,2019-03-22,BKN @ LAL,W
22018,MIL,Milwaukee Bucks,0021801085,2019-03-22,MIL vs. MIA,W
22018,MIA,Miami Heat,0021801085,2019-03-22,MIA @ MIL,L
22018,LAL,Los Angeles Lakers,0021801086,2019-03-22,LAL vs. BKN,L
22018,DEN,Denver Nuggets,0021801082,2019-03-22,DEN @ NYK,W
22018,MEM,Memphis Grizzlies,0021801080,2019-03-22,MEM @ ORL,L
22018,HOU,Houston Rockets,0021801084,2019-03-22,HOU vs. SAS,W
22018,LAC,LA Clippers,0021801081,2019-03-22,LAC @ CLE,W
22018,NYK,New York Knicks,0021801082,2019-03-22,NYK vs. DEN,L
22018,SAS,San Antonio Spurs,0021801084,2019-03-22,SAS @ HOU,L
22018,CLE,Cleveland Cavaliers,0021801081,2019-03-22,CLE vs. LAC,L
22018,TOR,Toronto Raptors,0021801083,2019-03-22,TOR vs. OKC,L
22018,OKC,Oklahoma City Thunder,0021801083,2019-03-22,OKC @ TOR,W
22018,ORL,Orlando Magic,0021801080,2019-03-22,ORL vs. MEM,W
22018,WAS,Washington Wizards,0021801089,2019-03-23,WAS vs. MIA,L
22018,MEM,Memphis Grizzlies,0021801091,2019-03-23,MEM vs. MIN,L
22018,ATL,Atlanta Hawks,0021801088,2019-03-23,ATL vs. PHI,W
22018,SAC,Sacramento Kings,0021801094,2019-03-23,SAC vs. PHX,W
22018,DET,Detroit Pistons,0021801093,2019-03-23,DET @ POR,L
22018,PHX,Phoenix Suns,0021801094,2019-03-23,PHX @ SAC,L
22018,PHI,Philadelphia 76ers,0021801088,2019-03-23,PHI @ ATL,L
22018,CHA,Charlotte Hornets,0021801087,2019-03-23,CHA vs. BOS,W
22018,UTA,Utah Jazz,0021801090,2019-03-23,UTA @ CHI,W
22018,GSW,Golden State Warriors,0021801092,2019-03-23,GSW vs. DAL,L
22018,DAL,Dallas Mavericks,0021801092,2019-03-23,DAL @ GSW,W
22018,CHI,Chicago Bulls,0021801090,2019-03-23,CHI vs. UTA,L
22018,MIN,Minnesota Timberwolves,0021801091,2019-03-23,MIN @ MEM,W
22018,MIA,Miami Heat,0021801089,2019-03-23,MIA @ WAS,W
22018,POR,Portland Trail Blazers,0021801093,2019-03-23,POR vs. DET,W
22018,BOS,Boston Celtics,0021801087,2019-03-23,BOS @ CHA,L
22018,SAC,Sacramento Kings,0021801102,2019-03-24,SAC @ LAL,L
22018,CLE,Cleveland Cavaliers,0021801096,2019-03-24,CLE @ MIL,L
22018,LAC,LA Clippers,0021801095,2019-03-24,LAC @ NYK,W
22018,DEN,Denver Nuggets,0021801097,2019-03-24,DEN @ IND,L
22018,LAL,Los Angeles Lakers,0021801102,2019-03-24,LAL vs. SAC,W
22018,BOS,Boston Celtics,0021801100,2019-03-24,BOS vs. SAS,L
22018,SAS,San Antonio Spurs,0021801100,2019-03-24,SAS @ BOS,W
22018,MIL,Milwaukee Bucks,0021801096,2019-03-24,MIL vs. CLE,W
22018,HOU,Houston Rockets,0021801099,2019-03-24,HOU @ NOP,W
22018,IND,Indiana Pacers,0021801097,2019-03-24,IND vs. DEN,W
22018,DET,Detroit Pistons,0021801101,2019-03-24,DET @ GSW,L
22018,NOP,New Orleans Pelicans,0021801099,2019-03-24,NOP vs. HOU,L
22018,NYK,New York Knicks,0021801095,2019-03-24,NYK vs. LAC,L
22018,CHA,Charlotte Hornets,0021801098,2019-03-24,CHA @ TOR,W
22018,GSW,Golden State Warriors,0021801101,2019-03-24,GSW vs. DET,W
22018,TOR,Toronto Raptors,0021801098,2019-03-24,TOR vs. CHA,L
22018,POR,Portland Trail Blazers,0021801106,2019-03-25,POR vs. BKN,W
22018,PHI,Philadelphia 76ers,0021801103,2019-03-25,PHI @ ORL,L
22018,ORL,Orlando Magic,0021801103,2019-03-25,ORL vs. PHI,W
22018,UTA,Utah Jazz,0021801105,2019-03-25,UTA vs. PHX,W
22018,BKN,Brooklyn Nets,0021801106,2019-03-25,BKN @ POR,L
22018,MEM,Memphis Grizzlies,0021801104,2019-03-25,MEM vs. OKC,W
22018,PHX,Phoenix Suns,0021801105,2019-03-25,PHX @ UTA,L
22018,OKC,Oklahoma City Thunder,0021801104,2019-03-25,OKC @ MEM,L
22018,WAS,Washington Wizards,0021801116,2019-03-26,WAS @ LAL,L
22018,ORL,Orlando Magic,0021801109,2019-03-26,ORL @ MIA,W
22018,HOU,Houston Rockets,0021801111,2019-03-26,HOU @ MIL,L
22018,LAC,LA Clippers,0021801112,2019-03-26,LAC @ MIN,W
22018,MIA,Miami Heat,0021801109,2019-03-26,MIA vs. ORL,L
22018,DAL,Dallas Mavericks,0021801114,2019-03-26,DAL vs. SAC,L
22018,CHA,Charlotte Hornets,0021801107,2019-03-26,CHA vs. SAS,W
22018,NOP,New Orleans Pelicans,0021801113,2019-03-26,NOP vs. ATL,L
22018,CLE,Cleveland Cavaliers,0021801108,2019-03-26,CLE vs. BOS,L
22018,BOS,Boston Celtics,0021801108,2019-03-26,BOS @ CLE,W
22018,ATL,Atlanta Hawks,0021801113,2019-03-26,ATL @ NOP,W
22018,TOR,Toronto Raptors,0021801110,2019-03-26,TOR vs. CHI,W
22018,SAC,Sacramento Kings,0021801114,2019-03-26,SAC @ DAL,W
22018,DET,Detroit Pistons,0021801115,2019-03-26,DET @ DEN,L
22018,MIL,Milwaukee Bucks,0021801111,2019-03-26,MIL vs. HOU,W
22018,MIN,Minnesota Timberwolves,0021801112,2019-03-26,MIN vs. LAC,L
22018,CHI,Chicago Bulls,0021801110,2019-03-26,CHI @ TOR,L
22018,LAL,Los Angeles Lakers,0021801116,2019-03-26,LAL vs. WAS,W
22018,DEN,Denver Nuggets,0021801115,2019-03-26,DEN vs. DET,W
22018,SAS,San Antonio Spurs,0021801107,2019-03-26,SAS @ CHA,L
22018,UTA,Utah Jazz,0021801121,2019-03-27,UTA vs. LAL,W
22018,OKC,Oklahoma City Thunder,0021801119,2019-03-27,OKC vs. IND,W
22018,WAS,Washington Wizards,0021801120,2019-03-27,WAS @ PHX,W
22018,CHI,Chicago Bulls,0021801117,2019-03-27,CHI vs. POR,L
22018,POR,Portland Trail Blazers,0021801117,2019-03-27,POR @ CHI,W
22018,MEM,Memphis Grizzlies,0021801118,2019-03-27,MEM vs. GSW,L
22018,IND,Indiana Pacers,0021801119,2019-03-27,IND @ OKC,L
22018,LAL,Los Angeles Lakers,0021801121,2019-03-27,LAL @ UTA,L
22018,GSW,Golden State Warriors,0021801118,2019-03-27,GSW @ MEM,W
22018,PHX,Phoenix Suns,0021801120,2019-03-27,PHX vs. WAS,L
22018,DAL,Dallas Mavericks,0021801124,2019-03-28,DAL @ MIA,L
22018,LAC,LA Clippers,0021801127,2019-03-28,LAC @ MIL,L
22018,PHI,Philadelphia 76ers,0021801123,2019-03-28,PHI vs. BKN,W
22018,TOR,Toronto Raptors,0021801125,2019-03-28,TOR @ NYK,W
22018,DET,Detroit Pistons,0021801122,2019-03-28,DET vs. ORL,W
22018,BKN,Brooklyn Nets,0021801123,2019-03-28,BKN @ PHI,L
22018,NOP,New Orleans Pelicans,0021801128,2019-03-28,NOP vs. SAC,W
22018,CLE,Cleveland Cavaliers,0021801129,2019-03-28,CLE @ SAS,L
22018,SAS,San Antonio Spurs,0021801129,2019-03-28,SAS vs. CLE,W
22018,SAC,Sacramento Kings,0021801128,2019-03-28,SAC @ NOP,L
22018,MIA,Miami Heat,0021801124,2019-03-28,MIA vs. DAL,W
22018,HOU,Houston Rockets,0021801126,2019-03-28,HOU vs. DEN,W
22018,DEN,Denver Nuggets,0021801126,2019-03-28,DEN @ HOU,L
22018,MIL,Milwaukee Bucks,0021801127,2019-03-28,MIL vs. LAC,W
22018,NYK,New York Knicks,0021801125,2019-03-28,NYK vs. TOR,L
22018,ORL,Orlando Magic,0021801122,2019-03-28,ORL @ DET,L
22018,CHA,Charlotte Hornets,0021801135,2019-03-29,CHA @ LAL,L
22018,GSW,Golden State Warriors,0021801132,2019-03-29,GSW @ MIN,L
22018,BOS,Boston Celtics,0021801130,2019-03-29,BOS vs. IND,W
22018,ATL,Atlanta Hawks,0021801131,2019-03-29,ATL vs. POR,L
22018,POR,Portland Trail Blazers,0021801131,2019-03-29,POR @ ATL,W
22018,IND,Indiana Pacers,0021801130,2019-03-29,IND @ BOS,L
22018,OKC,Oklahoma City Thunder,0021801133,2019-03-29,OKC vs. DEN,L
22018,MIN,Minnesota Timberwolves,0021801132,2019-03-29,MIN vs. GSW,W
22018,DEN,Denver Nuggets,0021801133,2019-03-29,DEN @ OKC,W
22018,WAS,Washington Wizards,0021801134,2019-03-29,WAS @ UTA,L
22018,UTA,Utah Jazz,0021801134,2019-03-29,UTA vs. WAS,W
22018,LAL,Los Angeles Lakers,0021801135,2019-03-29,LAL vs. CHA,W
22018,NYK,New York Knicks,0021801141,2019-03-30,NYK vs. MIA,L
22018,PHI,Philadelphia 76ers,0021801143,2019-03-30,PHI @ MIN,W
22018,BOS,Boston Celtics,0021801137,2019-03-30,BOS @ BKN,L
22018,MIA,Miami Heat,0021801141,2019-03-30,MIA @ NYK,W
22018,IND,Indiana Pacers,0021801140,2019-03-30,IND vs. ORL,L
22018,ORL,Orlando Magic,0021801140,2019-03-30,ORL @ IND,W
22018,MIN,Minnesota Timberwolves,0021801143,2019-03-30,MIN vs. PHI,L
22018,MEM,Memphis Grizzlies,0021801144,2019-03-30,MEM @ PHX,W
22018,DET,Detroit Pistons,0021801139,2019-03-30,DET vs. POR,W
22018,HOU,Houston Rockets,0021801138,2019-03-30,HOU vs. SAC,W
22018,BKN,Brooklyn Nets,0021801137,2019-03-30,BKN vs. BOS,W
22018,LAC,LA Clippers,0021801136,2019-03-30,LAC vs. CLE,W
22018,TOR,Toronto Raptors,0021801142,2019-03-30,TOR @ CHI,W
22018,SAC,Sacramento Kings,0021801138,2019-03-30,SAC @ HOU,L
22018,CLE,Cleveland Cavaliers,0021801136,2019-03-30,CLE @ LAC,L
22018,CHI,Chicago Bulls,0021801142,2019-03-30,CHI vs. TOR,L
22018,PHX,Phoenix Suns,0021801144,2019-03-30,PHX vs. MEM,L
22018,POR,Portland Trail Blazers,0021801139,2019-03-30,POR @ DET,L
22018,NOP,New Orleans Pelicans,0021801147,2019-03-31,NOP vs. LAL,L
22018,ATL,Atlanta Hawks,0021801145,2019-03-31,ATL vs. MIL,W
22018,SAS,San Antonio Spurs,0021801149,2019-03-31,SAS vs. SAC,L
22018,SAC,Sacramento Kings,0021801149,2019-03-31,SAC @ SAS,W
22018,MIL,Milwaukee Bucks,0021801145,2019-03-31,MIL @ ATL,L
22018,LAL,Los Angeles Lakers,0021801147,2019-03-31,LAL @ NOP,W
22018,OKC,Oklahoma City Thunder,0021801146,2019-03-31,OKC vs. DAL,L
22018,WAS,Washington Wizards,0021801148,2019-03-31,WAS @ DEN,W
22018,CHA,Charlotte Hornets,0021801150,2019-03-31,CHA @ GSW,L
22018,MEM,Memphis Grizzlies,0021801151,2019-03-31,MEM @ LAC,L
22018,DAL,Dallas Mavericks,0021801146,2019-03-31,DAL @ OKC,W
22018,LAC,LA Clippers,0021801151,2019-03-31,LAC vs. MEM,W
22018,DEN,Denver Nuggets,0021801148,2019-03-31,DEN vs. WAS,L
22018,GSW,Golden State Warriors,0021801150,2019-03-31,GSW vs. CHA,W
22018,BOS,Boston Celtics,0021801153,2019-04-01,BOS vs. MIA,W
22018,BKN,Brooklyn Nets,0021801154,2019-04-01,BKN vs. MIL,L
22018,POR,Portland Trail Blazers,0021801157,2019-04-01,POR @ MIN,W
22018,MIL,Milwaukee Bucks,0021801154,2019-04-01,MIL @ BKN,W
22018,CHI,Chicago Bulls,0021801155,2019-04-01,CHI @ NYK,L
22018,TOR,Toronto Raptors,0021801156,2019-04-01,TOR vs. ORL,W
22018,DET,Detroit Pistons,0021801152,2019-04-01,DET @ IND,L
22018,DAL,Dallas Mavericks,0021801158,2019-04-01,DAL vs. PHI,W
22018,CLE,Cleveland Cavaliers,0021801160,2019-04-01,CLE @ PHX,L
22018,MIN,Minnesota Timberwolves,0021801157,2019-04-01,MIN vs. POR,L
22018,MIA,Miami Heat,0021801153,2019-04-01,MIA @ BOS,L
22018,PHX,Phoenix Suns,0021801160,2019-04-01,PHX vs. CLE,W
22018,NYK,New York Knicks,0021801155,2019-04-01,NYK vs. CHI,W
22018,PHI,Philadelphia 76ers,0021801158,2019-04-01,PHI @ DAL,L
22018,ORL,Orlando Magic,0021801156,2019-04-01,ORL @ TOR,L
22018,CHA,Charlotte Hornets,0021801159,2019-04-01,CHA @ UTA,L
22018,IND,Indiana Pacers,0021801152,2019-04-01,IND vs. DET,W
22018,UTA,Utah Jazz,0021801159,2019-04-01,UTA vs. CHA,W
22018,OKC,Oklahoma City Thunder,0021801161,2019-04-02,OKC vs. LAL,W
22018,HOU,Houston Rockets,0021801163,2019-04-02,HOU @ SAC,W
22018,ATL,Atlanta Hawks,0021801162,2019-04-02,ATL @ SAS,L
22018,SAS,San Antonio Spurs,0021801162,2019-04-02,SAS vs. ATL,W
22018,GSW,Golden State Warriors,0021801164,2019-04-02,GSW vs. DEN,W
22018,DEN,Denver Nuggets,0021801164,2019-04-02,DEN @ GSW,L
22018,SAC,Sacramento Kings,0021801163,2019-04-02,SAC vs. HOU,L
22018,LAL,Los Angeles Lakers,0021801161,2019-04-02,LAL @ OKC,L
22018,BOS,Boston Celtics,0021801170,2019-04-03,BOS @ MIA,W
22018,DAL,Dallas Mavericks,0021801172,2019-04-03,DAL vs. MIN,L
22018,TOR,Toronto Raptors,0021801169,2019-04-03,TOR @ BKN,W
22018,ORL,Orlando Magic,0021801166,2019-04-03,ORL vs. NYK,W
22018,NYK,New York Knicks,0021801166,2019-04-03,NYK @ ORL,L
22018,DET,Detroit Pistons,0021801165,2019-04-03,DET vs. IND,L
22018,ATL,Atlanta Hawks,0021801168,2019-04-03,ATL vs. PHI,W
22018,UTA,Utah Jazz,0021801174,2019-04-03,UTA @ PHX,W
22018,MEM,Memphis Grizzlies,0021801175,2019-04-03,MEM @ POR,L
22018,DEN,Denver Nuggets,0021801173,2019-04-03,DEN vs. SAS,W
22018,PHI,Philadelphia 76ers,0021801168,2019-04-03,PHI @ ATL,L
22018,MIA,Miami Heat,0021801170,2019-04-03,MIA vs. BOS,L
22018,CHA,Charlotte Hornets,0021801171,2019-04-03,CHA @ NOP,W
22018,WAS,Washington Wizards,0021801167,2019-04-03,WAS vs. CHI,L
22018,MIN,Minnesota Timberwolves,0021801172,2019-04-03,MIN @ DAL,W
22018,SAS,San Antonio Spurs,0021801173,2019-04-03,SAS @ DEN,L
22018,LAC,LA Clippers,0021801176,2019-04-03,LAC vs. HOU,L
22018,HOU,Houston Rockets,0021801176,2019-04-03,HOU @ LAC,W
22018,BKN,Brooklyn Nets,0021801169,2019-04-03,BKN vs. TOR,L
22018,PHX,Phoenix Suns,0021801174,2019-04-03,PHX vs. UTA,L
22018,POR,Portland Trail Blazers,0021801175,2019-04-03,POR vs. MEM,W
22018,CHI,Chicago Bulls,0021801167,2019-04-03,CHI @ WAS,W
22018,IND,Indiana Pacers,0021801165,2019-04-03,IND @ DET,W
22018,NOP,New Orleans Pelicans,0021801171,2019-04-03,NOP vs. CHA,L
22018,GSW,Golden State Warriors,0021801179,2019-04-04,GSW @ LAL,W
22018,PHI,Philadelphia 76ers,0021801177,2019-04-04,PHI vs. MIL,L
22018,MIL,Milwaukee Bucks,0021801177,2019-04-04,MIL @ PHI,W
22018,CLE,Cleveland Cavaliers,0021801178,2019-04-04,CLE @ SAC,L
22018,SAC,Sacramento Kings,0021801178,2019-04-04,SAC vs. CLE,W
22018,LAL,Los Angeles Lakers,0021801179,2019-04-04,LAL vs. GSW,L
22018,LAC,LA Clippers,0021801192,2019-04-05,LAC vs. LAL,L
22018,MIN,Minnesota Timberwolves,0021801185,2019-04-05,MIN vs. MIA,W
22018,MIA,Miami Heat,0021801185,2019-04-05,MIA @ MIN,L
22018,HOU,Houston Rockets,0021801184,2019-04-05,HOU vs. NYK,W
22018,ATL,Atlanta Hawks,0021801181,2019-04-05,ATL @ ORL,L
22018,BOS,Boston Celtics,0021801183,2019-04-05,BOS @ IND,W
22018,NOP,New Orleans Pelicans,0021801189,2019-04-05,NOP @ PHX,L
22018,DEN,Denver Nuggets,0021801190,2019-04-05,DEN vs. POR,W
22018,UTA,Utah Jazz,0021801188,2019-04-05,UTA vs. SAC,W
22018,WAS,Washington Wizards,0021801182,2019-04-05,WAS vs. SAS,L
22018,ORL,Orlando Magic,0021801181,2019-04-05,ORL vs. ATL,W
22018,IND,Indiana Pacers,0021801183,2019-04-05,IND vs. BOS,L
22018,GSW,Golden State Warriors,0021801191,2019-04-05,GSW vs. CLE,W
22018,PHX,Phoenix Suns,0021801189,2019-04-05,PHX vs. NOP,W
22018,MEM,Memphis Grizzlies,0021801187,2019-04-05,MEM @ DAL,W
22018,POR,Portland Trail Blazers,0021801190,2019-04-05,POR @ DEN,L
22018,CLE,Cleveland Cavaliers,0021801191,2019-04-05,CLE @ GSW,L
22018,NYK,New York Knicks,0021801184,2019-04-05,NYK @ HOU,L
22018,LAL,Los Angeles Lakers,0021801192,2019-04-05,LAL @ LAC,W
22018,DET,Detroit Pistons,0021801186,2019-04-05,DET @ OKC,L
22018,CHA,Charlotte Hornets,0021801180,2019-04-05,CHA vs. TOR,W
22018,SAC,Sacramento Kings,0021801188,2019-04-05,SAC @ UTA,L
22018,DAL,Dallas Mavericks,0021801187,2019-04-05,DAL vs. MEM,L
22018,SAS,San Antonio Spurs,0021801182,2019-04-05,SAS @ WAS,W
22018,OKC,Oklahoma City Thunder,0021801186,2019-04-05,OKC vs. DET,W
22018,TOR,Toronto Raptors,0021801180,2019-04-05,TOR @ CHA,L
22018,BKN,Brooklyn Nets,0021801193,2019-04-06,BKN @ MIL,W
22018,MIL,Milwaukee Bucks,0021801193,2019-04-06,MIL vs. BKN,L
22018,CHI,Chicago Bulls,0021801194,2019-04-06,CHI vs. PHI,L
22018,PHI,Philadelphia 76ers,0021801194,2019-04-06,PHI @ CHI,W
22018,UTA,Utah Jazz,0021801208,2019-04-07,UTA @ LAL,L
22018,TOR,Toronto Raptors,0021801195,2019-04-07,TOR vs. MIA,W
22018,ATL,Atlanta Hawks,0021801202,2019-04-07,ATL @ MIL,L
22018,OKC,Oklahoma City Thunder,0021801197,2019-04-07,OKC @ MIN,W
22018,IND,Indiana Pacers,0021801199,2019-04-07,IND vs. BKN,L
22018,WAS,Washington Wizards,0021801204,2019-04-07,WAS @ NYK,L
22018,BOS,Boston Celtics,0021801203,2019-04-07,BOS vs. ORL,L
22018,BKN,Brooklyn Nets,0021801199,2019-04-07,BKN @ IND,W
22018,HOU,Houston Rockets,0021801200,2019-04-07,HOU vs. PHX,W
22018,DEN,Denver Nuggets,0021801206,2019-04-07,DEN @ POR,L
22018,NOP,New Orleans Pelicans,0021801207,2019-04-07,NOP @ SAC,W
22018,CLE,Cleveland Cavaliers,0021801196,2019-04-07,CLE vs. SAS,L
22018,MIL,Milwaukee Bucks,0021801202,2019-04-07,MIL vs. ATL,W
22018,ORL,Orlando Magic,0021801203,2019-04-07,ORL @ BOS,W
22018,SAS,San Antonio Spurs,0021801196,2019-04-07,SAS @ CLE,W
22018,SAC,Sacramento Kings,0021801207,2019-04-07,SAC vs. NOP,L
22018,MEM,Memphis Grizzlies,0021801201,2019-04-07,MEM vs. DAL,L
22018,POR,Portland Trail Blazers,0021801206,2019-04-07,POR vs. DEN,W
22018,LAC,LA Clippers,0021801205,2019-04-07,LAC @ GSW,L
22018,PHX,Phoenix Suns,0021801200,2019-04-07,PHX @ HOU,L
22018,GSW,Golden State Warriors,0021801205,2019-04-07,GSW vs. LAC,W
22018,MIN,Minnesota Timberwolves,0021801197,2019-04-07,MIN vs. OKC,L
22018,MIA,Miami Heat,0021801195,2019-04-07,MIA @ TOR,L
22018,LAL,Los Angeles Lakers,0021801208,2019-04-07,LAL vs. UTA,W
22018,DAL,Dallas Mavericks,0021801201,2019-04-07,DAL @ MEM,W
22018,NYK,New York Knicks,0021801204,2019-04-07,NYK vs. WAS,W
22018,CHA,Charlotte Hornets,0021801198,2019-04-07,CHA @ DET,W
22018,DET,Detroit Pistons,0021801198,2019-04-07,DET vs. CHA,L
22018,POR,Portland Trail Blazers,0021801219,2019-04-09,POR @ LAL,W
22018,PHI,Philadelphia 76ers,0021801212,2019-04-09,PHI @ MIA,L
22018,TOR,Toronto Raptors,0021801214,2019-04-09,TOR @ MIN,W
22018,CHI,Chicago Bulls,0021801213,2019-04-09,CHI vs. NYK,L
22018,MIA,Miami Heat,0021801212,2019-04-09,MIA vs. PHI,W
22018,DAL,Dallas Mavericks,0021801216,2019-04-09,DAL vs. PHX,W
22018,LAL,Los Angeles Lakers,0021801219,2019-04-09,LAL vs. POR,L
22018,WAS,Washington Wizards,0021801211,2019-04-09,WAS vs. BOS,L
22018,CHA,Charlotte Hornets,0021801209,2019-04-09,CHA @ CLE,W
22018,GSW,Golden State Warriors,0021801215,2019-04-09,GSW @ NOP,W
22018,NYK,New York Knicks,0021801213,2019-04-09,NYK @ CHI,W
22018,PHX,Phoenix Suns,0021801216,2019-04-09,PHX @ DAL,L
22018,UTA,Utah Jazz,0021801217,2019-04-09,UTA vs. DEN,W
22018,NOP,New Orleans Pelicans,0021801215,2019-04-09,NOP vs. GSW,L
22018,OKC,Oklahoma City Thunder,0021801218,2019-04-09,OKC vs. HOU,W
22018,HOU,Houston Rockets,0021801218,2019-04-09,HOU @ OKC,L
22018,MIN,Minnesota Timberwolves,0021801214,2019-04-09,MIN vs. TOR,L
22018,DEN,Denver Nuggets,0021801217,2019-04-09,DEN @ UTA,L
22018,DET,Detroit Pistons,0021801210,2019-04-09,DET vs. MEM,W
22018,BOS,Boston Celtics,0021801211,2019-04-09,BOS @ WAS,W
22018,MEM,Memphis Grizzlies,0021801210,2019-04-09,MEM @ DET,L
22018,CLE,Cleveland Cavaliers,0021801209,2019-04-09,CLE vs. CHA,L
22018,BKN,Brooklyn Nets,0021801221,2019-04-10,BKN vs. MIA,W
22018,OKC,Oklahoma City Thunder,0021801226,2019-04-10,OKC @ MIL,W
22018,DEN,Denver Nuggets,0021801228,2019-04-10,DEN vs. MIN,W
22018,MIA,Miami Heat,0021801221,2019-04-10,MIA @ BKN,L
22018,DET,Detroit Pistons,0021801223,2019-04-10,DET @ NYK,W
22018,CHA,Charlotte Hornets,0021801222,2019-04-10,CHA vs. ORL,L
22018,ATL,Atlanta Hawks,0021801220,2019-04-10,ATL vs. IND,L
22018,CHI,Chicago Bulls,0021801224,2019-04-10,CHI @ PHI,L
22018,SAC,Sacramento Kings,0021801230,2019-04-10,SAC @ POR,L
22018,POR,Portland Trail Blazers,0021801230,2019-04-10,POR vs. SAC,W
22018,DAL,Dallas Mavericks,0021801227,2019-04-10,DAL @ SAS,L
22018,IND,Indiana Pacers,0021801220,2019-04-10,IND @ ATL,W
22018,PHI,Philadelphia 76ers,0021801224,2019-04-10,PHI vs. CHI,W
22018,SAS,San Antonio Spurs,0021801227,2019-04-10,SAS vs. DAL,W
22018,MIN,Minnesota Timberwolves,0021801228,2019-04-10,MIN @ DEN,L
22018,MEM,Memphis Grizzlies,0021801225,2019-04-10,MEM vs. GSW,W
22018,UTA,Utah Jazz,0021801229,2019-04-10,UTA @ LAC,L
22018,MIL,Milwaukee Bucks,0021801226,2019-04-10,MIL vs. OKC,L
22018,LAC,LA Clippers,0021801229,2019-04-10,LAC vs. UTA,W
22018,GSW,Golden State Warriors,0021801225,2019-04-10,GSW @ MEM,L
22018,NYK,New York Knicks,0021801223,2019-04-10,NYK vs. DET,L
22018,ORL,Orlando Magic,0021801222,2019-04-10,ORL @ CHA,W
