SEASON_ID,TEAM_ABBREVIATION,TEAM_NAME,GAME_ID,GAME_DATE,MATCHUP,WL
22019,LAC,LA Clippers,0021900002,2019-10-22,LAC vs. LAL,W
22019,TOR,Toronto Raptors,0021900001,2019-10-22,TOR vs. NOP,W
22019,LAL,Los Angeles Lakers,0021900002,2019-10-22,LAL @ LAC,L
22019,NOP,New Orleans Pelicans,0021900001,2019-10-22,NOP @ TOR,L
22019,MEM,Memphis Grizzlies,0021900007,2019-10-23,MEM @ MIA,L
22019,BKN,Brooklyn Nets,0021900006,2019-10-23,BKN vs. MIN,L
22019,MIN,Minnesota Timberwolves,0021900006,2019-10-23,MIN @ BKN,W
22019,SAS,San Antonio Spurs,0021900010,2019-10-23,SAS vs. NYK,W
22019,CLE,Cleveland Cavaliers,0021900005,2019-10-23,CLE @ ORL,L
22019,DET,Detroit Pistons,0021900004,2019-10-23,DET @ IND,W
22019,BOS,Boston Celtics,0021900008,2019-10-23,BOS @ PHI,L
22019,SAC,Sacramento Kings,0021900012,2019-10-23,SAC @ PHX,L
22019,DEN,Denver Nuggets,0021900013,2019-10-23,DEN @ POR,W
22019,PHX,Phoenix Suns,0021900012,2019-10-23,PHX vs. SAC,W
22019,NYK,New York Knicks,0021900010,2019-10-23,NYK @ SAS,L
22019,PHI,Philadelphia 76ers,0021900008,2019-10-23,PHI vs. BOS,W
22019,ORL,Orlando Magic,0021900005,2019-10-23,ORL vs. CLE,W
22019,CHA,Charlotte Hornets,0021900003,2019-10-23,CHA vs. CHI,W
22019,WAS,Washington Wizards,0021900009,2019-10-23,WAS @ DAL,L
22019,POR,Portland Trail Blazers,0021900013,2019-10-23,POR vs. DEN,L
22019,UTA,Utah Jazz,0021900011,2019-10-23,UTA vs. OKC,W
22019,OKC,Oklahoma City Thunder,0021900011,2019-10-23,OKC @ UTA,L
22019,MIA,Miami Heat,0021900007,2019-10-23,MIA vs. MEM,W
22019,DAL,Dallas Mavericks,0021900009,2019-10-23,DAL vs. WAS,W
22019,IND,Indiana Pacers,0021900004,2019-10-23,IND vs. DET,L
22019,CHI,Chicago Bulls,0021900003,2019-10-23,CHI @ CHA,L
22019,HOU,Houston Rockets,0021900015,2019-10-24,HOU vs. MIL,L
22019,DET,Detroit Pistons,0021900014,2019-10-24,DET vs. ATL,L
22019,LAC,LA Clippers,0021900016,2019-10-24,LAC @ GSW,W
22019,MIL,Milwaukee Bucks,0021900015,2019-10-24,MIL @ HOU,W
22019,GSW,Golden State Warriors,0021900016,2019-10-24,GSW vs. LAC,L
22019,ATL,Atlanta Hawks,0021900014,2019-10-24,ATL @ DET,W
22019,UTA,Utah Jazz,0021900025,2019-10-25,UTA @ LAL,L
22019,CHA,Charlotte Hornets,0021900018,2019-10-25,CHA vs. MIN,L
22019,NYK,New York Knicks,0021900019,2019-10-25,NYK @ BKN,L
22019,BKN,Brooklyn Nets,0021900019,2019-10-25,BKN vs. NYK,W
22019,DEN,Denver Nuggets,0021900023,2019-10-25,DEN vs. PHX,W
22019,SAC,Sacramento Kings,0021900024,2019-10-25,SAC vs. POR,L
22019,POR,Portland Trail Blazers,0021900024,2019-10-25,POR @ SAC,W
22019,TOR,Toronto Raptors,0021900017,2019-10-25,TOR @ BOS,L
22019,DAL,Dallas Mavericks,0021900021,2019-10-25,DAL @ NOP,W
22019,MEM,Memphis Grizzlies,0021900020,2019-10-25,MEM vs. CHI,L
22019,NOP,New Orleans Pelicans,0021900021,2019-10-25,NOP vs. DAL,L
22019,PHX,Phoenix Suns,0021900023,2019-10-25,PHX @ DEN,L
22019,WAS,Washington Wizards,0021900022,2019-10-25,WAS @ OKC,W
22019,BOS,Boston Celtics,0021900017,2019-10-25,BOS vs. TOR,W
22019,LAL,Los Angeles Lakers,0021900025,2019-10-25,LAL vs. UTA,W
22019,CHI,Chicago Bulls,0021900020,2019-10-25,CHI @ MEM,W
22019,OKC,Oklahoma City Thunder,0021900022,2019-10-25,OKC vs. WAS,L
22019,MIN,Minnesota Timberwolves,0021900018,2019-10-25,MIN @ CHA,W
22019,MIL,Milwaukee Bucks,0021900026,2019-10-26,MIL vs. MIA,L
22019,MIA,Miami Heat,0021900026,2019-10-26,MIA @ MIL,W
22019,BOS,Boston Celtics,0021900029,2019-10-26,BOS @ NYK,W
22019,ATL,Atlanta Hawks,0021900028,2019-10-26,ATL vs. ORL,W
22019,CLE,Cleveland Cavaliers,0021900030,2019-10-26,CLE vs. IND,W
22019,DET,Detroit Pistons,0021900027,2019-10-26,DET vs. PHI,L
22019,LAC,LA Clippers,0021900035,2019-10-26,LAC @ PHX,L
22019,UTA,Utah Jazz,0021900034,2019-10-26,UTA vs. SAC,W
22019,WAS,Washington Wizards,0021900033,2019-10-26,WAS @ SAS,L
22019,ORL,Orlando Magic,0021900028,2019-10-26,ORL @ ATL,L
22019,NYK,New York Knicks,0021900029,2019-10-26,NYK vs. BOS,L
22019,IND,Indiana Pacers,0021900030,2019-10-26,IND @ CLE,L
22019,HOU,Houston Rockets,0021900032,2019-10-26,HOU vs. NOP,W
22019,TOR,Toronto Raptors,0021900031,2019-10-26,TOR @ CHI,W
22019,NOP,New Orleans Pelicans,0021900032,2019-10-26,NOP @ HOU,L
22019,PHX,Phoenix Suns,0021900035,2019-10-26,PHX vs. LAC,W
22019,CHI,Chicago Bulls,0021900031,2019-10-26,CHI vs. TOR,L
22019,SAC,Sacramento Kings,0021900034,2019-10-26,SAC @ UTA,L
22019,SAS,San Antonio Spurs,0021900033,2019-10-26,SAS vs. WAS,W
22019,PHI,Philadelphia 76ers,0021900027,2019-10-26,PHI @ DET,W
22019,CHA,Charlotte Hornets,0021900040,2019-10-27,CHA @ LAL,L
22019,MIN,Minnesota Timberwolves,0021900039,2019-10-27,MIN vs. MIA,W
22019,MIA,Miami Heat,0021900039,2019-10-27,MIA @ MIN,L
22019,MEM,Memphis Grizzlies,0021900037,2019-10-27,MEM vs. BKN,W
22019,DAL,Dallas Mavericks,0021900038,2019-10-27,DAL vs. POR,L
22019,POR,Portland Trail Blazers,0021900038,2019-10-27,POR @ DAL,W
22019,OKC,Oklahoma City Thunder,0021900036,2019-10-27,OKC vs. GSW,W
22019,GSW,Golden State Warriors,0021900036,2019-10-27,GSW @ OKC,L
22019,BKN,Brooklyn Nets,0021900037,2019-10-27,BKN @ MEM,L
22019,LAL,Los Angeles Lakers,0021900040,2019-10-27,LAL vs. CHA,W
22019,CLE,Cleveland Cavaliers,0021900046,2019-10-28,CLE @ MIL,L
22019,CHI,Chicago Bulls,0021900042,2019-10-28,CHI @ NYK,L
22019,TOR,Toronto Raptors,0021900044,2019-10-28,TOR vs. ORL,W
22019,DET,Detroit Pistons,0021900041,2019-10-28,DET vs. IND,W
22019,ATL,Atlanta Hawks,0021900043,2019-10-28,ATL vs. PHI,L
22019,UTA,Utah Jazz,0021900049,2019-10-28,UTA @ PHX,W
22019,SAS,San Antonio Spurs,0021900048,2019-10-28,SAS vs. POR,W
22019,DEN,Denver Nuggets,0021900050,2019-10-28,DEN @ SAC,W
22019,POR,Portland Trail Blazers,0021900048,2019-10-28,POR @ SAS,L
22019,PHI,Philadelphia 76ers,0021900043,2019-10-28,PHI @ ATL,W
22019,MIL,Milwaukee Bucks,0021900046,2019-10-28,MIL vs. CLE,W
22019,GSW,Golden State Warriors,0021900047,2019-10-28,GSW @ NOP,W
22019,NYK,New York Knicks,0021900042,2019-10-28,NYK vs. CHI,W
22019,SAC,Sacramento Kings,0021900050,2019-10-28,SAC vs. DEN,L
22019,NOP,New Orleans Pelicans,0021900047,2019-10-28,NOP vs. GSW,L
22019,OKC,Oklahoma City Thunder,0021900045,2019-10-28,OKC @ HOU,L
22019,CHA,Charlotte Hornets,0021900051,2019-10-28,CHA @ LAC,L
22019,HOU,Houston Rockets,0021900045,2019-10-28,HOU vs. OKC,W
22019,ORL,Orlando Magic,0021900044,2019-10-28,ORL @ TOR,L
22019,PHX,Phoenix Suns,0021900049,2019-10-28,PHX vs. UTA,L
22019,IND,Indiana Pacers,0021900041,2019-10-28,IND @ DET,L
22019,LAC,LA Clippers,0021900051,2019-10-28,LAC vs. CHA,W
22019,MEM,Memphis Grizzlies,0021900054,2019-10-29,MEM @ LAL,L
22019,ATL,Atlanta Hawks,0021900052,2019-10-29,ATL @ MIA,L
22019,MIA,Miami Heat,0021900052,2019-10-29,MIA vs. ATL,W
22019,DEN,Denver Nuggets,0021900053,2019-10-29,DEN vs. DAL,L
22019,DAL,Dallas Mavericks,0021900053,2019-10-29,DAL @ DEN,W
22019,LAL,Los Angeles Lakers,0021900054,2019-10-29,LAL vs. MEM,W
22019,BOS,Boston Celtics,0021900058,2019-10-30,BOS vs. MIL,W
22019,PHI,Philadelphia 76ers,0021900057,2019-10-30,PHI vs. MIN,W
22019,IND,Indiana Pacers,0021900059,2019-10-30,IND @ BKN,W
22019,ORL,Orlando Magic,0021900056,2019-10-30,ORL vs. NYK,W
22019,NYK,New York Knicks,0021900056,2019-10-30,NYK @ ORL,L
22019,BKN,Brooklyn Nets,0021900059,2019-10-30,BKN vs. IND,L
22019,MIN,Minnesota Timberwolves,0021900057,2019-10-30,MIN @ PHI,L
22019,GSW,Golden State Warriors,0021900065,2019-10-30,GSW vs. PHX,L
22019,OKC,Oklahoma City Thunder,0021900062,2019-10-30,OKC vs. POR,L
22019,CHA,Charlotte Hornets,0021900064,2019-10-30,CHA @ SAC,W
22019,MIL,Milwaukee Bucks,0021900058,2019-10-30,MIL @ BOS,L
22019,CHI,Chicago Bulls,0021900055,2019-10-30,CHI @ CLE,L
22019,CLE,Cleveland Cavaliers,0021900055,2019-10-30,CLE vs. CHI,W
22019,PHX,Phoenix Suns,0021900065,2019-10-30,PHX @ GSW,W
22019,WAS,Washington Wizards,0021900061,2019-10-30,WAS vs. HOU,L
22019,UTA,Utah Jazz,0021900063,2019-10-30,UTA vs. LAC,W
22019,POR,Portland Trail Blazers,0021900062,2019-10-30,POR @ OKC,W
22019,DET,Detroit Pistons,0021900060,2019-10-30,DET @ TOR,L
22019,LAC,LA Clippers,0021900063,2019-10-30,LAC @ UTA,L
22019,HOU,Houston Rockets,0021900061,2019-10-30,HOU @ WAS,W
22019,TOR,Toronto Raptors,0021900060,2019-10-30,TOR vs. DET,W
22019,SAC,Sacramento Kings,0021900064,2019-10-30,SAC vs. CHA,L
22019,ATL,Atlanta Hawks,0021900066,2019-10-31,ATL vs. MIA,L
22019,LAC,LA Clippers,0021900068,2019-10-31,LAC vs. SAS,W
22019,MIA,Miami Heat,0021900066,2019-10-31,MIA @ ATL,W
22019,DEN,Denver Nuggets,0021900067,2019-10-31,DEN @ NOP,L
22019,NOP,New Orleans Pelicans,0021900067,2019-10-31,NOP vs. DEN,W
22019,SAS,San Antonio Spurs,0021900068,2019-10-31,SAS @ LAC,L
22019,DAL,Dallas Mavericks,0021900074,2019-11-01,DAL vs. LAL,L
22019,ORL,Orlando Magic,0021900071,2019-11-01,ORL vs. MIL,L
22019,HOU,Houston Rockets,0021900069,2019-11-01,HOU @ BKN,L
22019,BOS,Boston Celtics,0021900072,2019-11-01,BOS vs. NYK,W
22019,MIL,Milwaukee Bucks,0021900071,2019-11-01,MIL @ ORL,W
22019,CLE,Cleveland Cavaliers,0021900070,2019-11-01,CLE @ IND,L
22019,UTA,Utah Jazz,0021900075,2019-11-01,UTA @ SAC,L
22019,GSW,Golden State Warriors,0021900076,2019-11-01,GSW vs. SAS,L
22019,NYK,New York Knicks,0021900072,2019-11-01,NYK @ BOS,L
22019,IND,Indiana Pacers,0021900070,2019-11-01,IND vs. CLE,W
22019,DET,Detroit Pistons,0021900073,2019-11-01,DET @ CHI,L
22019,LAL,Los Angeles Lakers,0021900074,2019-11-01,LAL @ DAL,W
22019,SAS,San Antonio Spurs,0021900076,2019-11-01,SAS @ GSW,W
22019,BKN,Brooklyn Nets,0021900069,2019-11-01,BKN vs. HOU,W
22019,SAC,Sacramento Kings,0021900075,2019-11-01,SAC vs. UTA,W
22019,CHI,Chicago Bulls,0021900073,2019-11-01,CHI vs. DET,W
22019,TOR,Toronto Raptors,0021900082,2019-11-02,TOR @ MIL,L
22019,WAS,Washington Wizards,0021900080,2019-11-02,WAS vs. MIN,L
22019,DET,Detroit Pistons,0021900078,2019-11-02,DET vs. BKN,W
22019,DEN,Denver Nuggets,0021900079,2019-11-02,DEN @ ORL,W
22019,POR,Portland Trail Blazers,0021900084,2019-11-02,POR vs. PHI,L
22019,MEM,Memphis Grizzlies,0021900081,2019-11-02,MEM vs. PHX,L
22019,PHI,Philadelphia 76ers,0021900084,2019-11-02,PHI @ POR,W
22019,OKC,Oklahoma City Thunder,0021900077,2019-11-02,OKC vs. NOP,W
22019,ORL,Orlando Magic,0021900079,2019-11-02,ORL vs. DEN,L
22019,CHA,Charlotte Hornets,0021900083,2019-11-02,CHA @ GSW,W
22019,NOP,New Orleans Pelicans,0021900077,2019-11-02,NOP @ OKC,L
22019,MIL,Milwaukee Bucks,0021900082,2019-11-02,MIL vs. TOR,W
22019,PHX,Phoenix Suns,0021900081,2019-11-02,PHX @ MEM,W
22019,MIN,Minnesota Timberwolves,0021900080,2019-11-02,MIN @ WAS,W
22019,BKN,Brooklyn Nets,0021900078,2019-11-02,BKN @ DET,L
22019,GSW,Golden State Warriors,0021900083,2019-11-02,GSW vs. CHA,L
22019,SAS,San Antonio Spurs,0021900088,2019-11-03,SAS vs. LAL,L
22019,HOU,Houston Rockets,0021900086,2019-11-03,HOU @ MIA,L
22019,SAC,Sacramento Kings,0021900087,2019-11-03,SAC @ NYK,W
22019,CHI,Chicago Bulls,0021900085,2019-11-03,CHI @ IND,L
22019,NYK,New York Knicks,0021900087,2019-11-03,NYK vs. SAC,L
22019,LAL,Los Angeles Lakers,0021900088,2019-11-03,LAL @ SAS,W
22019,DAL,Dallas Mavericks,0021900089,2019-11-03,DAL @ CLE,W
22019,IND,Indiana Pacers,0021900085,2019-11-03,IND vs. CHI,W
22019,CLE,Cleveland Cavaliers,0021900089,2019-11-03,CLE vs. DAL,L
22019,MIA,Miami Heat,0021900086,2019-11-03,MIA vs. HOU,W
22019,UTA,Utah Jazz,0021900090,2019-11-03,UTA @ LAC,L
22019,LAC,LA Clippers,0021900090,2019-11-03,LAC vs. UTA,W
22019,MIN,Minnesota Timberwolves,0021900094,2019-11-04,MIN vs. MIL,L
22019,MIL,Milwaukee Bucks,0021900094,2019-11-04,MIL @ MIN,W
22019,NOP,New Orleans Pelicans,0021900092,2019-11-04,NOP @ BKN,L
22019,PHX,Phoenix Suns,0021900095,2019-11-04,PHX vs. PHI,W
22019,PHI,Philadelphia 76ers,0021900095,2019-11-04,PHI @ PHX,L
22019,GSW,Golden State Warriors,0021900096,2019-11-04,GSW vs. POR,W
22019,BKN,Brooklyn Nets,0021900092,2019-11-04,BKN vs. NOP,W
22019,POR,Portland Trail Blazers,0021900096,2019-11-04,POR @ GSW,L
22019,MEM,Memphis Grizzlies,0021900093,2019-11-04,MEM vs. HOU,L
22019,HOU,Houston Rockets,0021900093,2019-11-04,HOU @ MEM,W
22019,DET,Detroit Pistons,0021900091,2019-11-04,DET @ WAS,L
22019,WAS,Washington Wizards,0021900091,2019-11-04,WAS vs. DET,W
22019,CHI,Chicago Bulls,0021900100,2019-11-05,CHI vs. LAL,L
22019,DEN,Denver Nuggets,0021900102,2019-11-05,DEN vs. MIA,W
22019,OKC,Oklahoma City Thunder,0021900101,2019-11-05,OKC vs. ORL,W
22019,CHA,Charlotte Hornets,0021900097,2019-11-05,CHA vs. IND,W
22019,ATL,Atlanta Hawks,0021900099,2019-11-05,ATL vs. SAS,W
22019,SAS,San Antonio Spurs,0021900099,2019-11-05,SAS @ ATL,L
22019,CLE,Cleveland Cavaliers,0021900098,2019-11-05,CLE vs. BOS,L
22019,BOS,Boston Celtics,0021900098,2019-11-05,BOS @ CLE,W
22019,LAL,Los Angeles Lakers,0021900100,2019-11-05,LAL @ CHI,W
22019,MIA,Miami Heat,0021900102,2019-11-05,MIA @ DEN,L
22019,ORL,Orlando Magic,0021900101,2019-11-05,ORL @ OKC,L
22019,IND,Indiana Pacers,0021900097,2019-11-05,IND @ CHA,L
22019,LAC,LA Clippers,0021900111,2019-11-06,LAC vs. MIL,L
22019,MEM,Memphis Grizzlies,0021900108,2019-11-06,MEM vs. MIN,W
22019,DET,Detroit Pistons,0021900103,2019-11-06,DET vs. NYK,W
22019,DAL,Dallas Mavericks,0021900109,2019-11-06,DAL vs. ORL,W
22019,WAS,Washington Wizards,0021900104,2019-11-06,WAS @ IND,L
22019,UTA,Utah Jazz,0021900110,2019-11-06,UTA vs. PHI,W
22019,TOR,Toronto Raptors,0021900106,2019-11-06,TOR vs. SAC,W
22019,CHI,Chicago Bulls,0021900105,2019-11-06,CHI @ ATL,W
22019,ATL,Atlanta Hawks,0021900105,2019-11-06,ATL vs. CHI,L
22019,ORL,Orlando Magic,0021900109,2019-11-06,ORL @ DAL,L
22019,HOU,Houston Rockets,0021900107,2019-11-06,HOU vs. GSW,W
22019,GSW,Golden State Warriors,0021900107,2019-11-06,GSW @ HOU,L
22019,MIL,Milwaukee Bucks,0021900111,2019-11-06,MIL @ LAC,W
22019,SAC,Sacramento Kings,0021900106,2019-11-06,SAC @ TOR,L
22019,PHI,Philadelphia 76ers,0021900110,2019-11-06,PHI @ UTA,L
22019,MIN,Minnesota Timberwolves,0021900108,2019-11-06,MIN @ MEM,L
22019,IND,Indiana Pacers,0021900104,2019-11-06,IND vs. WAS,W
22019,NYK,New York Knicks,0021900103,2019-11-06,NYK @ DET,L
22019,PHX,Phoenix Suns,0021900114,2019-11-07,PHX vs. MIA,L
22019,MIA,Miami Heat,0021900114,2019-11-07,MIA @ PHX,W
22019,LAC,LA Clippers,0021900115,2019-11-07,LAC vs. POR,W
22019,OKC,Oklahoma City Thunder,0021900113,2019-11-07,OKC @ SAS,L
22019,CHA,Charlotte Hornets,0021900112,2019-11-07,CHA vs. BOS,L
22019,POR,Portland Trail Blazers,0021900115,2019-11-07,POR @ LAC,L
22019,SAS,San Antonio Spurs,0021900113,2019-11-07,SAS vs. OKC,W
22019,BOS,Boston Celtics,0021900112,2019-11-07,BOS @ CHA,W
22019,MIA,Miami Heat,0021900126,2019-11-08,MIA @ LAL,L
22019,LAL,Los Angeles Lakers,0021900126,2019-11-08,LAL vs. MIA,W
22019,UTA,Utah Jazz,0021900124,2019-11-08,UTA vs. MIL,W
22019,GSW,Golden State Warriors,0021900120,2019-11-08,GSW @ MIN,L
22019,POR,Portland Trail Blazers,0021900125,2019-11-08,POR vs. BKN,L
22019,DAL,Dallas Mavericks,0021900122,2019-11-08,DAL vs. NYK,L
22019,MEM,Memphis Grizzlies,0021900117,2019-11-08,MEM @ ORL,L
22019,DET,Detroit Pistons,0021900116,2019-11-08,DET @ IND,L
22019,DEN,Denver Nuggets,0021900123,2019-11-08,DEN vs. PHI,W
22019,BKN,Brooklyn Nets,0021900125,2019-11-08,BKN @ POR,W
22019,ATL,Atlanta Hawks,0021900119,2019-11-08,ATL vs. SAC,L
22019,SAC,Sacramento Kings,0021900119,2019-11-08,SAC @ ATL,W
22019,WAS,Washington Wizards,0021900118,2019-11-08,WAS vs. CLE,L
22019,TOR,Toronto Raptors,0021900121,2019-11-08,TOR @ NOP,W
22019,NYK,New York Knicks,0021900122,2019-11-08,NYK @ DAL,W
22019,PHI,Philadelphia 76ers,0021900123,2019-11-08,PHI @ DEN,L
22019,MIN,Minnesota Timberwolves,0021900120,2019-11-08,MIN vs. GSW,W
22019,NOP,New Orleans Pelicans,0021900121,2019-11-08,NOP vs. TOR,L
22019,MIL,Milwaukee Bucks,0021900124,2019-11-08,MIL @ UTA,L
22019,ORL,Orlando Magic,0021900117,2019-11-08,ORL vs. MEM,W
22019,CLE,Cleveland Cavaliers,0021900118,2019-11-08,CLE @ WAS,W
22019,IND,Indiana Pacers,0021900116,2019-11-08,IND vs. DET,W
22019,BOS,Boston Celtics,0021900127,2019-11-09,BOS @ SAS,W
22019,SAS,San Antonio Spurs,0021900127,2019-11-09,SAS vs. BOS,L
22019,CHA,Charlotte Hornets,0021900128,2019-11-09,CHA vs. NOP,L
22019,HOU,Houston Rockets,0021900129,2019-11-09,HOU @ CHI,W
22019,MEM,Memphis Grizzlies,0021900130,2019-11-09,MEM vs. DAL,L
22019,OKC,Oklahoma City Thunder,0021900131,2019-11-09,OKC vs. GSW,W
22019,CHI,Chicago Bulls,0021900129,2019-11-09,CHI vs. HOU,L
22019,GSW,Golden State Warriors,0021900131,2019-11-09,GSW @ OKC,L
22019,DAL,Dallas Mavericks,0021900130,2019-11-09,DAL @ MEM,W
22019,NOP,New Orleans Pelicans,0021900128,2019-11-09,NOP @ CHA,W
22019,TOR,Toronto Raptors,0021900139,2019-11-10,TOR @ LAL,W
22019,OKC,Oklahoma City Thunder,0021900135,2019-11-10,OKC vs. MIL,L
22019,DEN,Denver Nuggets,0021900132,2019-11-10,DEN @ MIN,W
22019,PHX,Phoenix Suns,0021900137,2019-11-10,PHX vs. BKN,W
22019,CLE,Cleveland Cavaliers,0021900136,2019-11-10,CLE @ NYK,W
22019,IND,Indiana Pacers,0021900133,2019-11-10,IND @ ORL,W
22019,ORL,Orlando Magic,0021900133,2019-11-10,ORL vs. IND,L
22019,CHA,Charlotte Hornets,0021900134,2019-11-10,CHA @ PHI,L
22019,BKN,Brooklyn Nets,0021900137,2019-11-10,BKN @ PHX,L
22019,ATL,Atlanta Hawks,0021900138,2019-11-10,ATL @ POR,L
22019,POR,Portland Trail Blazers,0021900138,2019-11-10,POR vs. ATL,W
22019,NYK,New York Knicks,0021900136,2019-11-10,NYK vs. CLE,L
22019,MIN,Minnesota Timberwolves,0021900132,2019-11-10,MIN vs. DEN,L
22019,MIL,Milwaukee Bucks,0021900135,2019-11-10,MIL @ OKC,W
22019,LAL,Los Angeles Lakers,0021900139,2019-11-10,LAL vs. TOR,L
22019,PHI,Philadelphia 76ers,0021900134,2019-11-10,PHI vs. CHA,W
22019,DET,Detroit Pistons,0021900140,2019-11-11,DET vs. MIN,L
22019,MEM,Memphis Grizzlies,0021900143,2019-11-11,MEM @ SAS,W
22019,DAL,Dallas Mavericks,0021900141,2019-11-11,DAL @ BOS,L
22019,HOU,Houston Rockets,0021900142,2019-11-11,HOU @ NOP,W
22019,BOS,Boston Celtics,0021900141,2019-11-11,BOS vs. DAL,W
22019,UTA,Utah Jazz,0021900144,2019-11-11,UTA @ GSW,W
22019,NOP,New Orleans Pelicans,0021900142,2019-11-11,NOP vs. HOU,L
22019,TOR,Toronto Raptors,0021900145,2019-11-11,TOR @ LAC,L
22019,LAC,LA Clippers,0021900145,2019-11-11,LAC vs. TOR,W
22019,GSW,Golden State Warriors,0021900144,2019-11-11,GSW vs. UTA,L
22019,SAS,San Antonio Spurs,0021900143,2019-11-11,SAS vs. MEM,L
22019,MIN,Minnesota Timberwolves,0021900140,2019-11-11,MIN @ DET,W
22019,PHX,Phoenix Suns,0021900151,2019-11-12,PHX vs. LAL,L
22019,DET,Detroit Pistons,0021900148,2019-11-12,DET @ MIA,L
22019,UTA,Utah Jazz,0021900152,2019-11-12,UTA vs. BKN,W
22019,CHI,Chicago Bulls,0021900149,2019-11-12,CHI vs. NYK,W
22019,OKC,Oklahoma City Thunder,0021900146,2019-11-12,OKC @ IND,L
22019,CLE,Cleveland Cavaliers,0021900147,2019-11-12,CLE @ PHI,L
22019,LAL,Los Angeles Lakers,0021900151,2019-11-12,LAL @ PHX,W
22019,SAC,Sacramento Kings,0021900153,2019-11-12,SAC vs. POR,W
22019,POR,Portland Trail Blazers,0021900153,2019-11-12,POR @ SAC,L
22019,DEN,Denver Nuggets,0021900150,2019-11-12,DEN vs. ATL,L
22019,PHI,Philadelphia 76ers,0021900147,2019-11-12,PHI vs. CLE,W
22019,NYK,New York Knicks,0021900149,2019-11-12,NYK @ CHI,L
22019,ATL,Atlanta Hawks,0021900150,2019-11-12,ATL @ DEN,W
22019,IND,Indiana Pacers,0021900146,2019-11-12,IND vs. OKC,W
22019,BKN,Brooklyn Nets,0021900152,2019-11-12,BKN @ UTA,L
22019,MIA,Miami Heat,0021900148,2019-11-12,MIA vs. DET,W
22019,GSW,Golden State Warriors,0021900159,2019-11-13,GSW @ LAL,L
22019,SAS,San Antonio Spurs,0021900158,2019-11-13,SAS @ MIN,L
22019,PHI,Philadelphia 76ers,0021900155,2019-11-13,PHI @ ORL,L
22019,ORL,Orlando Magic,0021900155,2019-11-13,ORL vs. PHI,W
22019,TOR,Toronto Raptors,0021900160,2019-11-13,TOR @ POR,W
22019,MIN,Minnesota Timberwolves,0021900158,2019-11-13,MIN vs. SAS,W
22019,WAS,Washington Wizards,0021900156,2019-11-13,WAS @ BOS,L
22019,LAL,Los Angeles Lakers,0021900159,2019-11-13,LAL vs. GSW,W
22019,LAC,LA Clippers,0021900157,2019-11-13,LAC @ HOU,L
22019,HOU,Houston Rockets,0021900157,2019-11-13,HOU vs. LAC,W
22019,POR,Portland Trail Blazers,0021900160,2019-11-13,POR vs. TOR,L
22019,CHA,Charlotte Hornets,0021900154,2019-11-13,CHA vs. MEM,L
22019,BOS,Boston Celtics,0021900156,2019-11-13,BOS vs. WAS,W
22019,MEM,Memphis Grizzlies,0021900154,2019-11-13,MEM @ CHA,W
22019,CLE,Cleveland Cavaliers,0021900161,2019-11-14,CLE vs. MIA,L
22019,CHI,Chicago Bulls,0021900163,2019-11-14,CHI @ MIL,L
22019,DEN,Denver Nuggets,0021900166,2019-11-14,DEN vs. BKN,W
22019,DAL,Dallas Mavericks,0021900162,2019-11-14,DAL @ NYK,L
22019,ATL,Atlanta Hawks,0021900165,2019-11-14,ATL @ PHX,L
22019,PHX,Phoenix Suns,0021900165,2019-11-14,PHX vs. ATL,W
22019,MIA,Miami Heat,0021900161,2019-11-14,MIA @ CLE,W
22019,LAC,LA Clippers,0021900164,2019-11-14,LAC @ NOP,L
22019,MIL,Milwaukee Bucks,0021900163,2019-11-14,MIL vs. CHI,W
22019,NYK,New York Knicks,0021900162,2019-11-14,NYK vs. DAL,W
22019,BKN,Brooklyn Nets,0021900166,2019-11-14,BKN @ DEN,L
22019,NOP,New Orleans Pelicans,0021900164,2019-11-14,NOP vs. LAC,W
22019,SAC,Sacramento Kings,0021900174,2019-11-15,SAC @ LAL,L
22019,WAS,Washington Wizards,0021900171,2019-11-15,WAS @ MIN,W
22019,SAS,San Antonio Spurs,0021900168,2019-11-15,SAS @ ORL,L
22019,HOU,Houston Rockets,0021900169,2019-11-15,HOU vs. IND,W
22019,OKC,Oklahoma City Thunder,0021900172,2019-11-15,OKC vs. PHI,W
22019,LAL,Los Angeles Lakers,0021900174,2019-11-15,LAL vs. SAC,W
22019,ORL,Orlando Magic,0021900168,2019-11-15,ORL vs. SAS,W
22019,GSW,Golden State Warriors,0021900173,2019-11-15,GSW vs. BOS,L
22019,BOS,Boston Celtics,0021900173,2019-11-15,BOS @ GSW,W
22019,IND,Indiana Pacers,0021900169,2019-11-15,IND @ HOU,L
22019,PHI,Philadelphia 76ers,0021900172,2019-11-15,PHI @ OKC,L
22019,MEM,Memphis Grizzlies,0021900170,2019-11-15,MEM vs. UTA,W
22019,UTA,Utah Jazz,0021900170,2019-11-15,UTA @ MEM,L
22019,MIN,Minnesota Timberwolves,0021900171,2019-11-15,MIN vs. WAS,L
22019,CHA,Charlotte Hornets,0021900167,2019-11-15,CHA vs. DET,W
22019,DET,Detroit Pistons,0021900167,2019-11-15,DET @ CHA,L
22019,NOP,New Orleans Pelicans,0021900178,2019-11-16,NOP @ MIA,L
22019,IND,Indiana Pacers,0021900176,2019-11-16,IND vs. MIL,L
22019,HOU,Houston Rockets,0021900179,2019-11-16,HOU @ MIN,W
22019,CHI,Chicago Bulls,0021900175,2019-11-16,CHI vs. BKN,L
22019,CHA,Charlotte Hornets,0021900177,2019-11-16,CHA @ NYK,W
22019,MIL,Milwaukee Bucks,0021900176,2019-11-16,MIL @ IND,W
22019,SAS,San Antonio Spurs,0021900181,2019-11-16,SAS vs. POR,L
22019,POR,Portland Trail Blazers,0021900181,2019-11-16,POR @ SAS,W
22019,LAC,LA Clippers,0021900182,2019-11-16,LAC vs. ATL,W
22019,MIA,Miami Heat,0021900178,2019-11-16,MIA vs. NOP,W
22019,BKN,Brooklyn Nets,0021900175,2019-11-16,BKN @ CHI,W
22019,TOR,Toronto Raptors,0021900180,2019-11-16,TOR @ DAL,L
22019,MIN,Minnesota Timberwolves,0021900179,2019-11-16,MIN vs. HOU,L
22019,ATL,Atlanta Hawks,0021900182,2019-11-16,ATL @ LAC,L
22019,DAL,Dallas Mavericks,0021900180,2019-11-16,DAL vs. TOR,W
22019,NYK,New York Knicks,0021900177,2019-11-16,NYK vs. CHA,L
22019,ATL,Atlanta Hawks,0021900188,2019-11-17,ATL @ LAL,L
22019,WAS,Washington Wizards,0021900185,2019-11-17,WAS @ ORL,L
22019,CLE,Cleveland Cavaliers,0021900183,2019-11-17,CLE vs. PHI,L
22019,BOS,Boston Celtics,0021900184,2019-11-17,BOS @ SAC,L
22019,LAL,Los Angeles Lakers,0021900188,2019-11-17,LAL vs. ATL,W
22019,SAC,Sacramento Kings,0021900184,2019-11-17,SAC vs. BOS,W
22019,PHI,Philadelphia 76ers,0021900183,2019-11-17,PHI @ CLE,W
22019,GSW,Golden State Warriors,0021900187,2019-11-17,GSW @ NOP,L
22019,MEM,Memphis Grizzlies,0021900186,2019-11-17,MEM vs. DEN,L
22019,NOP,New Orleans Pelicans,0021900187,2019-11-17,NOP vs. GSW,W
22019,DEN,Denver Nuggets,0021900186,2019-11-17,DEN @ MEM,W
22019,ORL,Orlando Magic,0021900185,2019-11-17,ORL vs. WAS,W
22019,CHI,Chicago Bulls,0021900192,2019-11-18,CHI vs. MIL,L
22019,UTA,Utah Jazz,0021900196,2019-11-18,UTA vs. MIN,L
22019,IND,Indiana Pacers,0021900190,2019-11-18,IND @ BKN,W
22019,CLE,Cleveland Cavaliers,0021900189,2019-11-18,CLE @ NYK,L
22019,BKN,Brooklyn Nets,0021900190,2019-11-18,BKN vs. IND,L
22019,BOS,Boston Celtics,0021900195,2019-11-18,BOS @ PHX,W
22019,HOU,Houston Rockets,0021900193,2019-11-18,HOU vs. POR,W
22019,DAL,Dallas Mavericks,0021900194,2019-11-18,DAL vs. SAS,W
22019,PHX,Phoenix Suns,0021900195,2019-11-18,PHX vs. BOS,L
22019,NYK,New York Knicks,0021900189,2019-11-18,NYK vs. CLE,W
22019,MIL,Milwaukee Bucks,0021900192,2019-11-18,MIL @ CHI,W
22019,SAS,San Antonio Spurs,0021900194,2019-11-18,SAS @ DAL,L
22019,POR,Portland Trail Blazers,0021900193,2019-11-18,POR @ HOU,L
22019,OKC,Oklahoma City Thunder,0021900197,2019-11-18,OKC @ LAC,L
22019,LAC,LA Clippers,0021900197,2019-11-18,LAC vs. OKC,W
22019,CHA,Charlotte Hornets,0021900191,2019-11-18,CHA @ TOR,L
22019,MIN,Minnesota Timberwolves,0021900196,2019-11-18,MIN @ UTA,W
22019,TOR,Toronto Raptors,0021900191,2019-11-18,TOR vs. CHA,W
22019,OKC,Oklahoma City Thunder,0021900201,2019-11-19,OKC @ LAL,L
22019,SAC,Sacramento Kings,0021900200,2019-11-19,SAC vs. PHX,W
22019,NOP,New Orleans Pelicans,0021900199,2019-11-19,NOP vs. POR,W
22019,PHX,Phoenix Suns,0021900200,2019-11-19,PHX @ SAC,L
22019,POR,Portland Trail Blazers,0021900199,2019-11-19,POR @ NOP,L
22019,MEM,Memphis Grizzlies,0021900198,2019-11-19,MEM vs. GSW,L
22019,LAL,Los Angeles Lakers,0021900201,2019-11-19,LAL vs. OKC,W
22019,GSW,Golden State Warriors,0021900198,2019-11-19,GSW @ MEM,W
22019,CLE,Cleveland Cavaliers,0021900206,2019-11-20,CLE @ MIA,L
22019,ATL,Atlanta Hawks,0021900204,2019-11-20,ATL vs. MIL,L
22019,UTA,Utah Jazz,0021900210,2019-11-20,UTA @ MIN,W
22019,CHA,Charlotte Hornets,0021900205,2019-11-20,CHA @ BKN,L
22019,PHI,Philadelphia 76ers,0021900202,2019-11-20,PHI vs. NYK,W
22019,TOR,Toronto Raptors,0021900207,2019-11-20,TOR vs. ORL,W
22019,NYK,New York Knicks,0021900202,2019-11-20,NYK @ PHI,L
22019,WAS,Washington Wizards,0021900203,2019-11-20,WAS vs. SAS,W
22019,MIL,Milwaukee Bucks,0021900204,2019-11-20,MIL @ ATL,W
22019,LAC,LA Clippers,0021900212,2019-11-20,LAC vs. BOS,W
22019,MIA,Miami Heat,0021900206,2019-11-20,MIA vs. CLE,W
22019,DET,Detroit Pistons,0021900209,2019-11-20,DET @ CHI,L
22019,GSW,Golden State Warriors,0021900208,2019-11-20,GSW @ DAL,L
22019,HOU,Houston Rockets,0021900211,2019-11-20,HOU @ DEN,L
22019,DAL,Dallas Mavericks,0021900208,2019-11-20,DAL vs. GSW,W
22019,DEN,Denver Nuggets,0021900211,2019-11-20,DEN vs. HOU,W
22019,BOS,Boston Celtics,0021900212,2019-11-20,BOS @ LAC,L
22019,ORL,Orlando Magic,0021900207,2019-11-20,ORL @ TOR,L
22019,MIN,Minnesota Timberwolves,0021900210,2019-11-20,MIN vs. UTA,L
22019,SAS,San Antonio Spurs,0021900203,2019-11-20,SAS @ WAS,L
22019,CHI,Chicago Bulls,0021900209,2019-11-20,CHI vs. DET,W
22019,BKN,Brooklyn Nets,0021900205,2019-11-20,BKN vs. CHA,W
22019,POR,Portland Trail Blazers,0021900213,2019-11-21,POR @ MIL,L
22019,NOP,New Orleans Pelicans,0021900214,2019-11-21,NOP @ PHX,W
22019,MIL,Milwaukee Bucks,0021900213,2019-11-21,MIL vs. POR,W
22019,PHX,Phoenix Suns,0021900214,2019-11-21,PHX vs. NOP,L
22019,OKC,Oklahoma City Thunder,0021900220,2019-11-22,OKC vs. LAL,L
22019,CHI,Chicago Bulls,0021900219,2019-11-22,CHI vs. MIA,L
22019,SAC,Sacramento Kings,0021900217,2019-11-22,SAC @ BKN,L
22019,SAS,San Antonio Spurs,0021900218,2019-11-22,SAS @ PHI,L
22019,BKN,Brooklyn Nets,0021900217,2019-11-22,BKN vs. SAC,W
22019,PHI,Philadelphia 76ers,0021900218,2019-11-22,PHI vs. SAS,W
22019,DET,Detroit Pistons,0021900215,2019-11-22,DET vs. ATL,W
22019,DEN,Denver Nuggets,0021900222,2019-11-22,DEN vs. BOS,W
22019,DAL,Dallas Mavericks,0021900221,2019-11-22,DAL vs. CLE,W
22019,MIA,Miami Heat,0021900219,2019-11-22,MIA @ CHI,W
22019,CLE,Cleveland Cavaliers,0021900221,2019-11-22,CLE @ DAL,L
22019,BOS,Boston Celtics,0021900222,2019-11-22,BOS @ DEN,L
22019,UTA,Utah Jazz,0021900223,2019-11-22,UTA vs. GSW,W
22019,LAC,LA Clippers,0021900224,2019-11-22,LAC vs. HOU,W
22019,HOU,Houston Rockets,0021900224,2019-11-22,HOU @ LAC,L
22019,LAL,Los Angeles Lakers,0021900220,2019-11-22,LAL @ OKC,W
22019,GSW,Golden State Warriors,0021900223,2019-11-22,GSW @ UTA,L
22019,CHA,Charlotte Hornets,0021900216,2019-11-22,CHA @ WAS,L
22019,ATL,Atlanta Hawks,0021900215,2019-11-22,ATL @ DET,L
22019,WAS,Washington Wizards,0021900216,2019-11-22,WAS vs. CHA,W
22019,MEM,Memphis Grizzlies,0021900232,2019-11-23,MEM vs. LAL,L
22019,PHI,Philadelphia 76ers,0021900230,2019-11-23,PHI vs. MIA,W
22019,DET,Detroit Pistons,0021900233,2019-11-23,DET @ MIL,L
22019,PHX,Phoenix Suns,0021900225,2019-11-23,PHX @ MIN,W
22019,SAS,San Antonio Spurs,0021900229,2019-11-23,SAS @ NYK,W
22019,IND,Indiana Pacers,0021900227,2019-11-23,IND vs. ORL,W
22019,ORL,Orlando Magic,0021900227,2019-11-23,ORL @ IND,L
22019,MIA,Miami Heat,0021900230,2019-11-23,MIA @ PHI,L
22019,MIN,Minnesota Timberwolves,0021900225,2019-11-23,MIN vs. PHX,L
22019,CLE,Cleveland Cavaliers,0021900231,2019-11-23,CLE vs. POR,W
22019,NYK,New York Knicks,0021900229,2019-11-23,NYK vs. SAS,L
22019,TOR,Toronto Raptors,0021900228,2019-11-23,TOR @ ATL,W
22019,POR,Portland Trail Blazers,0021900231,2019-11-23,POR @ CLE,L
22019,UTA,Utah Jazz,0021900234,2019-11-23,UTA vs. NOP,W
22019,CHA,Charlotte Hornets,0021900226,2019-11-23,CHA vs. CHI,L
22019,ATL,Atlanta Hawks,0021900228,2019-11-23,ATL vs. TOR,L
22019,NOP,New Orleans Pelicans,0021900234,2019-11-23,NOP @ UTA,L
22019,LAL,Los Angeles Lakers,0021900232,2019-11-23,LAL @ MEM,W
22019,MIL,Milwaukee Bucks,0021900233,2019-11-23,MIL vs. DET,W
22019,CHI,Chicago Bulls,0021900226,2019-11-23,CHI @ CHA,W
22019,NYK,New York Knicks,0021900236,2019-11-24,NYK vs. BKN,L
22019,BKN,Brooklyn Nets,0021900236,2019-11-24,BKN @ NYK,W
22019,DEN,Denver Nuggets,0021900238,2019-11-24,DEN vs. PHX,W
22019,WAS,Washington Wizards,0021900237,2019-11-24,WAS vs. SAC,L
22019,LAC,LA Clippers,0021900239,2019-11-24,LAC vs. NOP,W
22019,HOU,Houston Rockets,0021900235,2019-11-24,HOU vs. DAL,L
22019,PHX,Phoenix Suns,0021900238,2019-11-24,PHX @ DEN,L
22019,DAL,Dallas Mavericks,0021900235,2019-11-24,DAL @ HOU,W
22019,NOP,New Orleans Pelicans,0021900239,2019-11-24,NOP @ LAC,L
22019,SAC,Sacramento Kings,0021900237,2019-11-24,SAC @ WAS,W
22019,SAS,San Antonio Spurs,0021900249,2019-11-25,SAS vs. LAL,L
22019,CHA,Charlotte Hornets,0021900245,2019-11-25,CHA @ MIA,L
22019,UTA,Utah Jazz,0021900248,2019-11-25,UTA @ MIL,L
22019,ATL,Atlanta Hawks,0021900243,2019-11-25,ATL vs. MIN,L
22019,CLE,Cleveland Cavaliers,0021900240,2019-11-25,CLE vs. BKN,L
22019,DET,Detroit Pistons,0021900241,2019-11-25,DET vs. ORL,W
22019,MEM,Memphis Grizzlies,0021900242,2019-11-25,MEM @ IND,L
22019,TOR,Toronto Raptors,0021900246,2019-11-25,TOR vs. PHI,W
22019,CHI,Chicago Bulls,0021900247,2019-11-25,CHI vs. POR,L
22019,BOS,Boston Celtics,0021900244,2019-11-25,BOS vs. SAC,W
22019,LAL,Los Angeles Lakers,0021900249,2019-11-25,LAL @ SAS,W
22019,MIN,Minnesota Timberwolves,0021900243,2019-11-25,MIN @ ATL,W
22019,SAC,Sacramento Kings,0021900244,2019-11-25,SAC @ BOS,L
22019,BKN,Brooklyn Nets,0021900240,2019-11-25,BKN @ CLE,W
22019,POR,Portland Trail Blazers,0021900247,2019-11-25,POR @ CHI,W
22019,OKC,Oklahoma City Thunder,0021900250,2019-11-25,OKC @ GSW,W
22019,GSW,Golden State Warriors,0021900250,2019-11-25,GSW vs. OKC,L
22019,PHI,Philadelphia 76ers,0021900246,2019-11-25,PHI @ TOR,L
22019,MIL,Milwaukee Bucks,0021900248,2019-11-25,MIL vs. UTA,W
22019,IND,Indiana Pacers,0021900242,2019-11-25,IND vs. MEM,W
22019,ORL,Orlando Magic,0021900241,2019-11-25,ORL @ DET,L
22019,MIA,Miami Heat,0021900245,2019-11-25,MIA vs. CHA,W
22019,LAC,LA Clippers,0021900251,2019-11-26,LAC @ DAL,W
22019,WAS,Washington Wizards,0021900252,2019-11-26,WAS @ DEN,L
22019,DAL,Dallas Mavericks,0021900251,2019-11-26,DAL vs. LAC,L
22019,DEN,Denver Nuggets,0021900252,2019-11-26,DEN vs. WAS,W
22019,NOP,New Orleans Pelicans,0021900264,2019-11-27,NOP vs. LAL,L
22019,HOU,Houston Rockets,0021900259,2019-11-27,HOU vs. MIA,W
22019,ATL,Atlanta Hawks,0021900261,2019-11-27,ATL @ MIL,L
22019,SAS,San Antonio Spurs,0021900262,2019-11-27,SAS vs. MIN,L
22019,BOS,Boston Celtics,0021900253,2019-11-27,BOS vs. BKN,W
22019,TOR,Toronto Raptors,0021900258,2019-11-27,TOR vs. NYK,W
22019,CLE,Cleveland Cavaliers,0021900255,2019-11-27,CLE vs. ORL,L
22019,UTA,Utah Jazz,0021900256,2019-11-27,UTA @ IND,L
22019,SAC,Sacramento Kings,0021900257,2019-11-27,SAC @ PHI,L
22019,WAS,Washington Wizards,0021900263,2019-11-27,WAS @ PHX,W
22019,OKC,Oklahoma City Thunder,0021900265,2019-11-27,OKC @ POR,L
22019,PHI,Philadelphia 76ers,0021900257,2019-11-27,PHI vs. SAC,W
22019,MIN,Minnesota Timberwolves,0021900262,2019-11-27,MIN @ SAS,W
22019,MIL,Milwaukee Bucks,0021900261,2019-11-27,MIL vs. ATL,W
22019,BKN,Brooklyn Nets,0021900253,2019-11-27,BKN @ BOS,L
22019,ORL,Orlando Magic,0021900255,2019-11-27,ORL @ CLE,W
22019,LAL,Los Angeles Lakers,0021900264,2019-11-27,LAL @ NOP,W
22019,GSW,Golden State Warriors,0021900266,2019-11-27,GSW vs. CHI,W
22019,CHI,Chicago Bulls,0021900266,2019-11-27,CHI @ GSW,L
22019,MIA,Miami Heat,0021900259,2019-11-27,MIA @ HOU,L
22019,MEM,Memphis Grizzlies,0021900260,2019-11-27,MEM vs. LAC,L
22019,POR,Portland Trail Blazers,0021900265,2019-11-27,POR vs. OKC,W
22019,NYK,New York Knicks,0021900258,2019-11-27,NYK @ TOR,L
22019,IND,Indiana Pacers,0021900256,2019-11-27,IND vs. UTA,W
22019,LAC,LA Clippers,0021900260,2019-11-27,LAC @ MEM,W
22019,PHX,Phoenix Suns,0021900263,2019-11-27,PHX vs. WAS,L
22019,CHA,Charlotte Hornets,0021900254,2019-11-27,CHA vs. DET,W
22019,DET,Detroit Pistons,0021900254,2019-11-27,DET @ CHA,L
22019,WAS,Washington Wizards,0021900279,2019-11-29,WAS @ LAL,L
22019,GSW,Golden State Warriors,0021900273,2019-11-29,GSW @ MIA,L
22019,CLE,Cleveland Cavaliers,0021900270,2019-11-29,CLE vs. MIL,L
22019,BOS,Boston Celtics,0021900267,2019-11-29,BOS @ BKN,L
22019,PHI,Philadelphia 76ers,0021900271,2019-11-29,PHI @ NYK,W
22019,TOR,Toronto Raptors,0021900269,2019-11-29,TOR @ ORL,W
22019,ATL,Atlanta Hawks,0021900272,2019-11-29,ATL @ IND,L
22019,NYK,New York Knicks,0021900271,2019-11-29,NYK vs. PHI,L
22019,DAL,Dallas Mavericks,0021900277,2019-11-29,DAL @ PHX,W
22019,CHI,Chicago Bulls,0021900278,2019-11-29,CHI @ POR,L
22019,LAC,LA Clippers,0021900276,2019-11-29,LAC @ SAS,L
22019,IND,Indiana Pacers,0021900272,2019-11-29,IND vs. ATL,W
22019,BKN,Brooklyn Nets,0021900267,2019-11-29,BKN vs. BOS,W
22019,MIL,Milwaukee Bucks,0021900270,2019-11-29,MIL @ CLE,W
22019,OKC,Oklahoma City Thunder,0021900275,2019-11-29,OKC vs. NOP,W
22019,POR,Portland Trail Blazers,0021900278,2019-11-29,POR vs. CHI,W
22019,PHX,Phoenix Suns,0021900277,2019-11-29,PHX vs. DAL,L
22019,MIA,Miami Heat,0021900273,2019-11-29,MIA vs. GSW,W
22019,SAS,San Antonio Spurs,0021900276,2019-11-29,SAS vs. LAC,W
22019,NOP,New Orleans Pelicans,0021900275,2019-11-29,NOP @ OKC,L
22019,ORL,Orlando Magic,0021900269,2019-11-29,ORL vs. TOR,L
22019,MEM,Memphis Grizzlies,0021900274,2019-11-29,MEM vs. UTA,L
22019,UTA,Utah Jazz,0021900274,2019-11-29,UTA @ MEM,W
22019,LAL,Los Angeles Lakers,0021900279,2019-11-29,LAL vs. WAS,W
22019,CHA,Charlotte Hornets,0021900268,2019-11-29,CHA @ DET,W
22019,DET,Detroit Pistons,0021900268,2019-11-29,DET vs. CHA,L
22019,CHA,Charlotte Hornets,0021900283,2019-11-30,CHA @ MIL,L
22019,PHI,Philadelphia 76ers,0021900281,2019-11-30,PHI vs. IND,W
22019,IND,Indiana Pacers,0021900281,2019-11-30,IND @ PHI,L
22019,DEN,Denver Nuggets,0021900280,2019-11-30,DEN @ SAC,L
22019,HOU,Houston Rockets,0021900282,2019-11-30,HOU vs. ATL,W
22019,SAC,Sacramento Kings,0021900280,2019-11-30,SAC vs. DEN,W
22019,ATL,Atlanta Hawks,0021900282,2019-11-30,ATL @ HOU,L
22019,MIL,Milwaukee Bucks,0021900283,2019-11-30,MIL vs. CHA,W
22019,DAL,Dallas Mavericks,0021900287,2019-12-01,DAL @ LAL,W
22019,BKN,Brooklyn Nets,0021900284,2019-12-01,BKN vs. MIA,L
22019,MEM,Memphis Grizzlies,0021900286,2019-12-01,MEM @ MIN,W
22019,MIA,Miami Heat,0021900284,2019-12-01,MIA @ BKN,W
22019,BOS,Boston Celtics,0021900285,2019-12-01,BOS @ NYK,W
22019,GSW,Golden State Warriors,0021900290,2019-12-01,GSW @ ORL,L
22019,DET,Detroit Pistons,0021900288,2019-12-01,DET vs. SAS,W
22019,NYK,New York Knicks,0021900285,2019-12-01,NYK vs. BOS,L
22019,OKC,Oklahoma City Thunder,0021900289,2019-12-01,OKC @ NOP,W
22019,LAL,Los Angeles Lakers,0021900287,2019-12-01,LAL vs. DAL,L
22019,ORL,Orlando Magic,0021900290,2019-12-01,ORL vs. GSW,W
22019,WAS,Washington Wizards,0021900292,2019-12-01,WAS @ LAC,L
22019,NOP,New Orleans Pelicans,0021900289,2019-12-01,NOP vs. OKC,L
22019,UTA,Utah Jazz,0021900291,2019-12-01,UTA @ TOR,L
22019,TOR,Toronto Raptors,0021900291,2019-12-01,TOR vs. UTA,W
22019,MIN,Minnesota Timberwolves,0021900286,2019-12-01,MIN vs. MEM,L
22019,LAC,LA Clippers,0021900292,2019-12-01,LAC vs. WAS,W
22019,SAS,San Antonio Spurs,0021900288,2019-12-01,SAS @ DET,L
22019,NYK,New York Knicks,0021900297,2019-12-02,NYK @ MIL,L
22019,MIL,Milwaukee Bucks,0021900297,2019-12-02,MIL vs. NYK,W
22019,MEM,Memphis Grizzlies,0021900296,2019-12-02,MEM vs. IND,L
22019,UTA,Utah Jazz,0021900294,2019-12-02,UTA @ PHI,L
22019,CHA,Charlotte Hornets,0021900293,2019-12-02,CHA vs. PHX,L
22019,CHI,Chicago Bulls,0021900298,2019-12-02,CHI @ SAC,W
22019,GSW,Golden State Warriors,0021900295,2019-12-02,GSW @ ATL,L
22019,SAC,Sacramento Kings,0021900298,2019-12-02,SAC vs. CHI,L
22019,ATL,Atlanta Hawks,0021900295,2019-12-02,ATL vs. GSW,W
22019,PHI,Philadelphia 76ers,0021900294,2019-12-02,PHI vs. UTA,W
22019,IND,Indiana Pacers,0021900296,2019-12-02,IND @ MEM,W
22019,PHX,Phoenix Suns,0021900293,2019-12-02,PHX @ CHA,W
22019,DEN,Denver Nuggets,0021900304,2019-12-03,DEN vs. LAL,L
22019,TOR,Toronto Raptors,0021900301,2019-12-03,TOR vs. MIA,L
22019,WAS,Washington Wizards,0021900300,2019-12-03,WAS vs. ORL,L
22019,LAC,LA Clippers,0021900305,2019-12-03,LAC vs. POR,W
22019,HOU,Houston Rockets,0021900303,2019-12-03,HOU @ SAS,L
22019,DET,Detroit Pistons,0021900299,2019-12-03,DET @ CLE,W
22019,DAL,Dallas Mavericks,0021900302,2019-12-03,DAL @ NOP,W
22019,NOP,New Orleans Pelicans,0021900302,2019-12-03,NOP vs. DAL,L
22019,LAL,Los Angeles Lakers,0021900304,2019-12-03,LAL @ DEN,W
22019,SAS,San Antonio Spurs,0021900303,2019-12-03,SAS vs. HOU,W
22019,POR,Portland Trail Blazers,0021900305,2019-12-03,POR @ LAC,L
22019,MIA,Miami Heat,0021900301,2019-12-03,MIA @ TOR,W
22019,ORL,Orlando Magic,0021900300,2019-12-03,ORL @ WAS,W
22019,CLE,Cleveland Cavaliers,0021900299,2019-12-03,CLE vs. DET,L
22019,UTA,Utah Jazz,0021900314,2019-12-04,UTA vs. LAL,L
22019,BOS,Boston Celtics,0021900310,2019-12-04,BOS vs. MIA,W
22019,DET,Detroit Pistons,0021900307,2019-12-04,DET vs. MIL,L
22019,DAL,Dallas Mavericks,0021900313,2019-12-04,DAL vs. MIN,W
22019,ATL,Atlanta Hawks,0021900309,2019-12-04,ATL vs. BKN,L
22019,PHX,Phoenix Suns,0021900308,2019-12-04,PHX @ ORL,L
22019,OKC,Oklahoma City Thunder,0021900312,2019-12-04,OKC vs. IND,L
22019,ORL,Orlando Magic,0021900308,2019-12-04,ORL vs. PHX,W
22019,SAC,Sacramento Kings,0021900315,2019-12-04,SAC @ POR,L
22019,POR,Portland Trail Blazers,0021900315,2019-12-04,POR vs. SAC,W
22019,BKN,Brooklyn Nets,0021900309,2019-12-04,BKN @ ATL,W
22019,MIA,Miami Heat,0021900310,2019-12-04,MIA @ BOS,L
22019,MEM,Memphis Grizzlies,0021900311,2019-12-04,MEM @ CHI,L
22019,MIN,Minnesota Timberwolves,0021900313,2019-12-04,MIN @ DAL,L
22019,CHA,Charlotte Hornets,0021900306,2019-12-04,CHA vs. GSW,W
22019,IND,Indiana Pacers,0021900312,2019-12-04,IND @ OKC,W
22019,LAL,Los Angeles Lakers,0021900314,2019-12-04,LAL @ UTA,W
22019,CHI,Chicago Bulls,0021900311,2019-12-04,CHI vs. MEM,W
22019,MIL,Milwaukee Bucks,0021900307,2019-12-04,MIL @ DET,W
22019,GSW,Golden State Warriors,0021900306,2019-12-04,GSW @ CHA,L
22019,DEN,Denver Nuggets,0021900317,2019-12-05,DEN @ NYK,W
22019,WAS,Washington Wizards,0021900316,2019-12-05,WAS vs. PHI,W
22019,NOP,New Orleans Pelicans,0021900319,2019-12-05,NOP vs. PHX,L
22019,PHX,Phoenix Suns,0021900319,2019-12-05,PHX @ NOP,W
22019,NYK,New York Knicks,0021900317,2019-12-05,NYK vs. DEN,L
22019,TOR,Toronto Raptors,0021900318,2019-12-05,TOR vs. HOU,L
22019,HOU,Houston Rockets,0021900318,2019-12-05,HOU @ TOR,W
22019,PHI,Philadelphia 76ers,0021900316,2019-12-05,PHI @ WAS,L
22019,POR,Portland Trail Blazers,0021900329,2019-12-06,POR vs. LAL,L
22019,WAS,Washington Wizards,0021900324,2019-12-06,WAS @ MIA,L
22019,LAC,LA Clippers,0021900327,2019-12-06,LAC @ MIL,L
22019,OKC,Oklahoma City Thunder,0021900326,2019-12-06,OKC vs. MIN,W
22019,CHA,Charlotte Hornets,0021900320,2019-12-06,CHA vs. BKN,L
22019,CLE,Cleveland Cavaliers,0021900321,2019-12-06,CLE vs. ORL,L
22019,DET,Detroit Pistons,0021900322,2019-12-06,DET vs. IND,W
22019,LAL,Los Angeles Lakers,0021900329,2019-12-06,LAL @ POR,W
22019,SAS,San Antonio Spurs,0021900328,2019-12-06,SAS vs. SAC,W
22019,SAC,Sacramento Kings,0021900328,2019-12-06,SAC @ SAS,L
22019,DEN,Denver Nuggets,0021900323,2019-12-06,DEN @ BOS,L
22019,ORL,Orlando Magic,0021900321,2019-12-06,ORL @ CLE,W
22019,GSW,Golden State Warriors,0021900325,2019-12-06,GSW @ CHI,W
22019,BOS,Boston Celtics,0021900323,2019-12-06,BOS vs. DEN,W
22019,CHI,Chicago Bulls,0021900325,2019-12-06,CHI vs. GSW,L
22019,MIL,Milwaukee Bucks,0021900327,2019-12-06,MIL vs. LAC,W
22019,MIN,Minnesota Timberwolves,0021900326,2019-12-06,MIN @ OKC,L
22019,MIA,Miami Heat,0021900324,2019-12-06,MIA vs. WAS,W
22019,IND,Indiana Pacers,0021900322,2019-12-06,IND @ DET,L
22019,BKN,Brooklyn Nets,0021900320,2019-12-06,BKN @ CHA,W
22019,IND,Indiana Pacers,0021900331,2019-12-07,IND @ NYK,W
22019,NYK,New York Knicks,0021900331,2019-12-07,NYK vs. IND,L
22019,CLE,Cleveland Cavaliers,0021900332,2019-12-07,CLE @ PHI,L
22019,HOU,Houston Rockets,0021900333,2019-12-07,HOU vs. PHX,W
22019,PHI,Philadelphia 76ers,0021900332,2019-12-07,PHI vs. CLE,W
22019,DAL,Dallas Mavericks,0021900330,2019-12-07,DAL vs. NOP,W
22019,NOP,New Orleans Pelicans,0021900330,2019-12-07,NOP @ DAL,L
22019,PHX,Phoenix Suns,0021900333,2019-12-07,PHX @ HOU,L
22019,MEM,Memphis Grizzlies,0021900334,2019-12-07,MEM @ UTA,L
22019,UTA,Utah Jazz,0021900334,2019-12-07,UTA vs. MEM,W
22019,MIN,Minnesota Timberwolves,0021900342,2019-12-08,MIN @ LAL,L
22019,CHI,Chicago Bulls,0021900337,2019-12-08,CHI @ MIA,L
22019,LAL,Los Angeles Lakers,0021900342,2019-12-08,LAL vs. MIN,W
22019,DEN,Denver Nuggets,0021900335,2019-12-08,DEN @ BKN,L
22019,TOR,Toronto Raptors,0021900338,2019-12-08,TOR @ PHI,L
22019,OKC,Oklahoma City Thunder,0021900341,2019-12-08,OKC @ POR,W
22019,DAL,Dallas Mavericks,0021900340,2019-12-08,DAL vs. SAC,L
22019,CHA,Charlotte Hornets,0021900336,2019-12-08,CHA vs. ATL,L
22019,MIA,Miami Heat,0021900337,2019-12-08,MIA vs. CHI,W
22019,SAC,Sacramento Kings,0021900340,2019-12-08,SAC @ DAL,W
22019,BKN,Brooklyn Nets,0021900335,2019-12-08,BKN vs. DEN,W
22019,WAS,Washington Wizards,0021900339,2019-12-08,WAS vs. LAC,L
22019,POR,Portland Trail Blazers,0021900341,2019-12-08,POR vs. OKC,L
22019,PHI,Philadelphia 76ers,0021900338,2019-12-08,PHI vs. TOR,W
22019,LAC,LA Clippers,0021900339,2019-12-08,LAC @ WAS,W
22019,ATL,Atlanta Hawks,0021900336,2019-12-08,ATL @ CHA,W
22019,ORL,Orlando Magic,0021900347,2019-12-09,ORL @ MIL,L
22019,PHX,Phoenix Suns,0021900349,2019-12-09,PHX vs. MIN,W
22019,MIL,Milwaukee Bucks,0021900347,2019-12-09,MIL vs. ORL,W
22019,LAC,LA Clippers,0021900343,2019-12-09,LAC @ IND,W
22019,MIN,Minnesota Timberwolves,0021900349,2019-12-09,MIN @ PHX,L
22019,HOU,Houston Rockets,0021900346,2019-12-09,HOU vs. SAC,L
22019,CLE,Cleveland Cavaliers,0021900344,2019-12-09,CLE @ BOS,L
22019,BOS,Boston Celtics,0021900344,2019-12-09,BOS vs. CLE,W
22019,DET,Detroit Pistons,0021900348,2019-12-09,DET @ NOP,W
22019,TOR,Toronto Raptors,0021900345,2019-12-09,TOR @ CHI,W
22019,MEM,Memphis Grizzlies,0021900351,2019-12-09,MEM @ GSW,W
22019,SAC,Sacramento Kings,0021900346,2019-12-09,SAC @ HOU,W
22019,IND,Indiana Pacers,0021900343,2019-12-09,IND vs. LAC,L
22019,UTA,Utah Jazz,0021900350,2019-12-09,UTA vs. OKC,L
22019,CHI,Chicago Bulls,0021900345,2019-12-09,CHI vs. TOR,L
22019,OKC,Oklahoma City Thunder,0021900350,2019-12-09,OKC @ UTA,W
22019,GSW,Golden State Warriors,0021900351,2019-12-09,GSW vs. MEM,L
22019,NOP,New Orleans Pelicans,0021900348,2019-12-09,NOP vs. DET,L
22019,ATL,Atlanta Hawks,0021900354,2019-12-10,ATL @ MIA,L
22019,POR,Portland Trail Blazers,0021900355,2019-12-10,POR vs. NYK,W
22019,DEN,Denver Nuggets,0021900353,2019-12-10,DEN @ PHI,L
22019,NYK,New York Knicks,0021900355,2019-12-10,NYK @ POR,L
22019,MIA,Miami Heat,0021900354,2019-12-10,MIA vs. ATL,W
22019,PHI,Philadelphia 76ers,0021900353,2019-12-10,PHI vs. DEN,W
22019,CHA,Charlotte Hornets,0021900352,2019-12-10,CHA vs. WAS,W
22019,WAS,Washington Wizards,0021900352,2019-12-10,WAS @ CHA,L
22019,ORL,Orlando Magic,0021900358,2019-12-11,ORL vs. LAL,L
22019,NOP,New Orleans Pelicans,0021900364,2019-12-11,NOP @ MIL,L
22019,UTA,Utah Jazz,0021900362,2019-12-11,UTA @ MIN,W
22019,CHA,Charlotte Hornets,0021900360,2019-12-11,CHA @ BKN,W
22019,GSW,Golden State Warriors,0021900366,2019-12-11,GSW vs. NYK,L
22019,LAL,Los Angeles Lakers,0021900358,2019-12-11,LAL @ ORL,W
22019,BOS,Boston Celtics,0021900357,2019-12-11,BOS @ IND,L
22019,MEM,Memphis Grizzlies,0021900363,2019-12-11,MEM @ PHX,W
22019,OKC,Oklahoma City Thunder,0021900365,2019-12-11,OKC @ SAC,L
22019,CHI,Chicago Bulls,0021900361,2019-12-11,CHI vs. ATL,W
22019,IND,Indiana Pacers,0021900357,2019-12-11,IND vs. BOS,W
22019,HOU,Houston Rockets,0021900356,2019-12-11,HOU @ CLE,W
22019,MIL,Milwaukee Bucks,0021900364,2019-12-11,MIL vs. NOP,W
22019,ATL,Atlanta Hawks,0021900361,2019-12-11,ATL @ CHI,L
22019,NYK,New York Knicks,0021900366,2019-12-11,NYK @ GSW,W
22019,CLE,Cleveland Cavaliers,0021900356,2019-12-11,CLE vs. HOU,L
22019,TOR,Toronto Raptors,0021900359,2019-12-11,TOR vs. LAC,L
22019,SAC,Sacramento Kings,0021900365,2019-12-11,SAC vs. OKC,W
22019,LAC,LA Clippers,0021900359,2019-12-11,LAC @ TOR,W
22019,MIN,Minnesota Timberwolves,0021900362,2019-12-11,MIN vs. UTA,L
22019,PHX,Phoenix Suns,0021900363,2019-12-11,PHX vs. MEM,L
22019,BKN,Brooklyn Nets,0021900360,2019-12-11,BKN vs. CHA,L
22019,BOS,Boston Celtics,0021900367,2019-12-12,BOS vs. PHI,L
22019,DEN,Denver Nuggets,0021900370,2019-12-12,DEN vs. POR,W
22019,CLE,Cleveland Cavaliers,0021900368,2019-12-12,CLE @ SAS,W
22019,PHI,Philadelphia 76ers,0021900367,2019-12-12,PHI @ BOS,W
22019,SAS,San Antonio Spurs,0021900368,2019-12-12,SAS vs. CLE,L
22019,DET,Detroit Pistons,0021900369,2019-12-12,DET vs. DAL,L
22019,POR,Portland Trail Blazers,0021900370,2019-12-12,POR @ DEN,L
22019,DAL,Dallas Mavericks,0021900369,2019-12-12,DAL @ DET,W
22019,MIA,Miami Heat,0021900374,2019-12-13,MIA vs. LAL,L
22019,LAL,Los Angeles Lakers,0021900374,2019-12-13,LAL @ MIA,W
22019,MEM,Memphis Grizzlies,0021900376,2019-12-13,MEM vs. MIL,L
22019,LAC,LA Clippers,0021900377,2019-12-13,LAC @ MIN,W
22019,SAC,Sacramento Kings,0021900378,2019-12-13,SAC vs. NYK,L
22019,HOU,Houston Rockets,0021900371,2019-12-13,HOU @ ORL,W
22019,ATL,Atlanta Hawks,0021900373,2019-12-13,ATL vs. IND,L
22019,NOP,New Orleans Pelicans,0021900372,2019-12-13,NOP @ PHI,L
22019,NYK,New York Knicks,0021900378,2019-12-13,NYK @ SAC,W
22019,IND,Indiana Pacers,0021900373,2019-12-13,IND @ ATL,W
22019,PHI,Philadelphia 76ers,0021900372,2019-12-13,PHI vs. NOP,W
22019,CHA,Charlotte Hornets,0021900375,2019-12-13,CHA @ CHI,W
22019,UTA,Utah Jazz,0021900379,2019-12-13,UTA vs. GSW,W
22019,ORL,Orlando Magic,0021900371,2019-12-13,ORL vs. HOU,L
22019,MIN,Minnesota Timberwolves,0021900377,2019-12-13,MIN vs. LAC,L
22019,GSW,Golden State Warriors,0021900379,2019-12-13,GSW @ UTA,L
22019,MIL,Milwaukee Bucks,0021900376,2019-12-13,MIL @ MEM,W
22019,CHI,Chicago Bulls,0021900375,2019-12-13,CHI vs. CHA,L
22019,DAL,Dallas Mavericks,0021900384,2019-12-14,DAL vs. MIA,L
22019,CLE,Cleveland Cavaliers,0021900385,2019-12-14,CLE @ MIL,L
22019,TOR,Toronto Raptors,0021900381,2019-12-14,TOR vs. BKN,W
22019,SAS,San Antonio Spurs,0021900380,2019-12-14,SAS @ PHX,W
22019,PHX,Phoenix Suns,0021900380,2019-12-14,PHX vs. SAS,L
22019,MIL,Milwaukee Bucks,0021900385,2019-12-14,MIL vs. CLE,W
22019,LAC,LA Clippers,0021900382,2019-12-14,LAC @ CHI,L
22019,MIA,Miami Heat,0021900384,2019-12-14,MIA @ DAL,W
22019,OKC,Oklahoma City Thunder,0021900387,2019-12-14,OKC @ DEN,L
22019,DET,Detroit Pistons,0021900386,2019-12-14,DET @ HOU,W
22019,CHI,Chicago Bulls,0021900382,2019-12-14,CHI vs. LAC,W
22019,DEN,Denver Nuggets,0021900387,2019-12-14,DEN vs. OKC,W
22019,BKN,Brooklyn Nets,0021900381,2019-12-14,BKN @ TOR,L
22019,WAS,Washington Wizards,0021900383,2019-12-14,WAS @ MEM,L
22019,MEM,Memphis Grizzlies,0021900383,2019-12-14,MEM vs. WAS,W
22019,HOU,Houston Rockets,0021900386,2019-12-14,HOU vs. DET,L
22019,ATL,Atlanta Hawks,0021900390,2019-12-15,ATL vs. LAL,L
22019,PHI,Philadelphia 76ers,0021900391,2019-12-15,PHI @ BKN,L
22019,DEN,Denver Nuggets,0021900392,2019-12-15,DEN vs. NYK,W
22019,NOP,New Orleans Pelicans,0021900388,2019-12-15,NOP vs. ORL,L
22019,CHA,Charlotte Hornets,0021900389,2019-12-15,CHA @ IND,L
22019,BKN,Brooklyn Nets,0021900391,2019-12-15,BKN vs. PHI,W
22019,GSW,Golden State Warriors,0021900393,2019-12-15,GSW vs. SAC,L
22019,LAL,Los Angeles Lakers,0021900390,2019-12-15,LAL @ ATL,W
22019,ORL,Orlando Magic,0021900388,2019-12-15,ORL @ NOP,W
22019,NYK,New York Knicks,0021900392,2019-12-15,NYK @ DEN,L
22019,SAC,Sacramento Kings,0021900393,2019-12-15,SAC @ GSW,W
22019,IND,Indiana Pacers,0021900389,2019-12-15,IND vs. CHA,W
22019,MEM,Memphis Grizzlies,0021900397,2019-12-16,MEM vs. MIA,W
22019,DAL,Dallas Mavericks,0021900398,2019-12-16,DAL @ MIL,W
22019,POR,Portland Trail Blazers,0021900400,2019-12-16,POR @ PHX,W
22019,PHX,Phoenix Suns,0021900400,2019-12-16,PHX vs. POR,L
22019,HOU,Houston Rockets,0021900396,2019-12-16,HOU vs. SAS,W
22019,TOR,Toronto Raptors,0021900395,2019-12-16,TOR vs. CLE,W
22019,OKC,Oklahoma City Thunder,0021900399,2019-12-16,OKC vs. CHI,W
22019,MIL,Milwaukee Bucks,0021900398,2019-12-16,MIL vs. DAL,L
22019,SAS,San Antonio Spurs,0021900396,2019-12-16,SAS @ HOU,L
22019,CHI,Chicago Bulls,0021900399,2019-12-16,CHI @ OKC,L
22019,CLE,Cleveland Cavaliers,0021900395,2019-12-16,CLE @ TOR,L
22019,MIA,Miami Heat,0021900397,2019-12-16,MIA @ MEM,L
22019,DET,Detroit Pistons,0021900394,2019-12-16,DET vs. WAS,L
22019,WAS,Washington Wizards,0021900394,2019-12-16,WAS @ DET,W
22019,IND,Indiana Pacers,0021900402,2019-12-17,IND vs. LAL,W
22019,NOP,New Orleans Pelicans,0021900404,2019-12-17,NOP vs. BKN,L
22019,ATL,Atlanta Hawks,0021900403,2019-12-17,ATL @ NYK,L
22019,UTA,Utah Jazz,0021900405,2019-12-17,UTA vs. ORL,W
22019,LAL,Los Angeles Lakers,0021900402,2019-12-17,LAL @ IND,L
22019,LAC,LA Clippers,0021900406,2019-12-17,LAC vs. PHX,W
22019,CHA,Charlotte Hornets,0021900401,2019-12-17,CHA vs. SAC,W
22019,NYK,New York Knicks,0021900403,2019-12-17,NYK vs. ATL,W
22019,BKN,Brooklyn Nets,0021900404,2019-12-17,BKN @ NOP,W
22019,PHX,Phoenix Suns,0021900406,2019-12-17,PHX @ LAC,L
22019,ORL,Orlando Magic,0021900405,2019-12-17,ORL @ UTA,L
22019,SAC,Sacramento Kings,0021900401,2019-12-17,SAC @ CHA,L
22019,PHI,Philadelphia 76ers,0021900410,2019-12-18,PHI vs. MIA,L
22019,NOP,New Orleans Pelicans,0021900411,2019-12-18,NOP @ MIN,W
22019,DEN,Denver Nuggets,0021900414,2019-12-18,DEN vs. ORL,W
22019,MIA,Miami Heat,0021900410,2019-12-18,MIA @ PHI,W
22019,GSW,Golden State Warriors,0021900415,2019-12-18,GSW @ POR,L
22019,DAL,Dallas Mavericks,0021900413,2019-12-18,DAL vs. BOS,L
22019,CHA,Charlotte Hornets,0021900407,2019-12-18,CHA @ CLE,L
22019,MIN,Minnesota Timberwolves,0021900411,2019-12-18,MIN vs. NOP,L
22019,WAS,Washington Wizards,0021900409,2019-12-18,WAS vs. CHI,L
22019,BOS,Boston Celtics,0021900413,2019-12-18,BOS @ DAL,W
22019,ORL,Orlando Magic,0021900414,2019-12-18,ORL @ DEN,L
22019,POR,Portland Trail Blazers,0021900415,2019-12-18,POR vs. GSW,W
22019,MEM,Memphis Grizzlies,0021900412,2019-12-18,MEM @ OKC,L
22019,DET,Detroit Pistons,0021900408,2019-12-18,DET vs. TOR,L
22019,OKC,Oklahoma City Thunder,0021900412,2019-12-18,OKC vs. MEM,W
22019,CHI,Chicago Bulls,0021900409,2019-12-18,CHI @ WAS,W
22019,TOR,Toronto Raptors,0021900408,2019-12-18,TOR @ DET,W
22019,CLE,Cleveland Cavaliers,0021900407,2019-12-18,CLE vs. CHA,W
22019,MIL,Milwaukee Bucks,0021900417,2019-12-19,MIL vs. LAL,W
22019,LAL,Los Angeles Lakers,0021900417,2019-12-19,LAL @ MIL,L
22019,SAS,San Antonio Spurs,0021900418,2019-12-19,SAS vs. BKN,W
22019,BKN,Brooklyn Nets,0021900418,2019-12-19,BKN @ SAS,L
22019,UTA,Utah Jazz,0021900416,2019-12-19,UTA @ ATL,W
22019,LAC,LA Clippers,0021900419,2019-12-19,LAC vs. HOU,L
22019,HOU,Houston Rockets,0021900419,2019-12-19,HOU @ LAC,W
22019,ATL,Atlanta Hawks,0021900416,2019-12-19,ATL vs. UTA,L
22019,NYK,New York Knicks,0021900424,2019-12-20,NYK @ MIA,L
22019,DEN,Denver Nuggets,0021900427,2019-12-20,DEN vs. MIN,W
22019,MIA,Miami Heat,0021900424,2019-12-20,MIA vs. NYK,W
22019,POR,Portland Trail Blazers,0021900428,2019-12-20,POR vs. ORL,W
22019,SAC,Sacramento Kings,0021900421,2019-12-20,SAC @ IND,L
22019,DAL,Dallas Mavericks,0021900425,2019-12-20,DAL @ PHI,W
22019,OKC,Oklahoma City Thunder,0021900426,2019-12-20,OKC vs. PHX,W
22019,ORL,Orlando Magic,0021900428,2019-12-20,ORL @ POR,L
22019,IND,Indiana Pacers,0021900421,2019-12-20,IND vs. SAC,W
22019,DET,Detroit Pistons,0021900422,2019-12-20,DET @ BOS,L
22019,MEM,Memphis Grizzlies,0021900420,2019-12-20,MEM @ CLE,L
22019,GSW,Golden State Warriors,0021900429,2019-12-20,GSW vs. NOP,W
22019,PHI,Philadelphia 76ers,0021900425,2019-12-20,PHI vs. DAL,L
22019,MIN,Minnesota Timberwolves,0021900427,2019-12-20,MIN @ DEN,L
22019,NOP,New Orleans Pelicans,0021900429,2019-12-20,NOP @ GSW,L
22019,PHX,Phoenix Suns,0021900426,2019-12-20,PHX @ OKC,L
22019,WAS,Washington Wizards,0021900423,2019-12-20,WAS @ TOR,L
22019,CLE,Cleveland Cavaliers,0021900420,2019-12-20,CLE vs. MEM,W
22019,TOR,Toronto Raptors,0021900423,2019-12-20,TOR vs. WAS,W
22019,BOS,Boston Celtics,0021900422,2019-12-20,BOS vs. DET,W
22019,NYK,New York Knicks,0021900434,2019-12-21,NYK vs. MIL,L
22019,POR,Portland Trail Blazers,0021900438,2019-12-21,POR vs. MIN,W
22019,ATL,Atlanta Hawks,0021900431,2019-12-21,ATL @ BKN,L
22019,MIL,Milwaukee Bucks,0021900434,2019-12-21,MIL @ NYK,W
22019,WAS,Washington Wizards,0021900433,2019-12-21,WAS @ PHI,L
22019,HOU,Houston Rockets,0021900437,2019-12-21,HOU @ PHX,W
22019,MIN,Minnesota Timberwolves,0021900438,2019-12-21,MIN @ POR,L
22019,MEM,Memphis Grizzlies,0021900435,2019-12-21,MEM vs. SAC,W
22019,LAC,LA Clippers,0021900436,2019-12-21,LAC @ SAS,W
22019,BKN,Brooklyn Nets,0021900431,2019-12-21,BKN vs. ATL,W
22019,DET,Detroit Pistons,0021900432,2019-12-21,DET vs. CHI,L
22019,PHX,Phoenix Suns,0021900437,2019-12-21,PHX vs. HOU,L
22019,SAS,San Antonio Spurs,0021900436,2019-12-21,SAS vs. LAC,L
22019,CHA,Charlotte Hornets,0021900430,2019-12-21,CHA vs. UTA,L
22019,SAC,Sacramento Kings,0021900435,2019-12-21,SAC @ MEM,L
22019,PHI,Philadelphia 76ers,0021900433,2019-12-21,PHI vs. WAS,W
22019,CHI,Chicago Bulls,0021900432,2019-12-21,CHI @ DET,W
22019,UTA,Utah Jazz,0021900430,2019-12-21,UTA @ CHA,W
22019,DEN,Denver Nuggets,0021900443,2019-12-22,DEN @ LAL,W
22019,IND,Indiana Pacers,0021900441,2019-12-22,IND @ MIL,L
22019,MIL,Milwaukee Bucks,0021900441,2019-12-22,MIL vs. IND,W
22019,CHA,Charlotte Hornets,0021900440,2019-12-22,CHA @ BOS,L
22019,TOR,Toronto Raptors,0021900439,2019-12-22,TOR vs. DAL,W
22019,LAL,Los Angeles Lakers,0021900443,2019-12-22,LAL vs. DEN,L
22019,OKC,Oklahoma City Thunder,0021900442,2019-12-22,OKC vs. LAC,W
22019,LAC,LA Clippers,0021900442,2019-12-22,LAC @ OKC,L
22019,DAL,Dallas Mavericks,0021900439,2019-12-22,DAL @ TOR,L
22019,BOS,Boston Celtics,0021900440,2019-12-22,BOS vs. CHA,W
22019,UTA,Utah Jazz,0021900449,2019-12-23,UTA @ MIA,L
22019,GSW,Golden State Warriors,0021900454,2019-12-23,GSW vs. MIN,W
22019,WAS,Washington Wizards,0021900447,2019-12-23,WAS @ NYK,W
22019,CHI,Chicago Bulls,0021900448,2019-12-23,CHI @ ORL,L
22019,TOR,Toronto Raptors,0021900446,2019-12-23,TOR @ IND,L
22019,DET,Detroit Pistons,0021900445,2019-12-23,DET vs. PHI,L
22019,DEN,Denver Nuggets,0021900451,2019-12-23,DEN @ PHX,W
22019,NOP,New Orleans Pelicans,0021900452,2019-12-23,NOP @ POR,W
22019,HOU,Houston Rockets,0021900453,2019-12-23,HOU @ SAC,W
22019,MEM,Memphis Grizzlies,0021900450,2019-12-23,MEM vs. SAS,L
22019,CLE,Cleveland Cavaliers,0021900444,2019-12-23,CLE vs. ATL,W
22019,ATL,Atlanta Hawks,0021900444,2019-12-23,ATL @ CLE,L
22019,POR,Portland Trail Blazers,0021900452,2019-12-23,POR vs. NOP,L
22019,ORL,Orlando Magic,0021900448,2019-12-23,ORL vs. CHI,W
22019,PHX,Phoenix Suns,0021900451,2019-12-23,PHX vs. DEN,L
22019,MIN,Minnesota Timberwolves,0021900454,2019-12-23,MIN @ GSW,L
22019,SAC,Sacramento Kings,0021900453,2019-12-23,SAC vs. HOU,L
22019,IND,Indiana Pacers,0021900446,2019-12-23,IND vs. TOR,W
22019,MIA,Miami Heat,0021900449,2019-12-23,MIA vs. UTA,W
22019,SAS,San Antonio Spurs,0021900450,2019-12-23,SAS @ MEM,W
22019,NYK,New York Knicks,0021900447,2019-12-23,NYK vs. WAS,L
22019,PHI,Philadelphia 76ers,0021900445,2019-12-23,PHI @ DET,W
22019,LAC,LA Clippers,0021900458,2019-12-25,LAC @ LAL,W
22019,PHI,Philadelphia 76ers,0021900456,2019-12-25,PHI vs. MIL,W
22019,MIL,Milwaukee Bucks,0021900456,2019-12-25,MIL @ PHI,L
22019,TOR,Toronto Raptors,0021900455,2019-12-25,TOR vs. BOS,L
22019,DEN,Denver Nuggets,0021900459,2019-12-25,DEN vs. NOP,L
22019,NOP,New Orleans Pelicans,0021900459,2019-12-25,NOP @ DEN,W
22019,HOU,Houston Rockets,0021900457,2019-12-25,HOU @ GSW,L
22019,GSW,Golden State Warriors,0021900457,2019-12-25,GSW vs. HOU,W
22019,LAL,Los Angeles Lakers,0021900458,2019-12-25,LAL vs. LAC,L
22019,BOS,Boston Celtics,0021900455,2019-12-25,BOS @ TOR,W
22019,SAC,Sacramento Kings,0021900464,2019-12-26,SAC vs. MIN,L
22019,NYK,New York Knicks,0021900461,2019-12-26,NYK @ BKN,W
22019,BKN,Brooklyn Nets,0021900461,2019-12-26,BKN vs. NYK,L
22019,UTA,Utah Jazz,0021900465,2019-12-26,UTA vs. POR,W
22019,MIN,Minnesota Timberwolves,0021900464,2019-12-26,MIN @ SAC,W
22019,DAL,Dallas Mavericks,0021900463,2019-12-26,DAL vs. SAS,W
22019,SAS,San Antonio Spurs,0021900463,2019-12-26,SAS @ DAL,L
22019,MEM,Memphis Grizzlies,0021900462,2019-12-26,MEM @ OKC,W
22019,POR,Portland Trail Blazers,0021900465,2019-12-26,POR @ UTA,L
22019,OKC,Oklahoma City Thunder,0021900462,2019-12-26,OKC vs. MEM,L
22019,DET,Detroit Pistons,0021900460,2019-12-26,DET vs. WAS,W
22019,WAS,Washington Wizards,0021900460,2019-12-26,WAS @ DET,L
22019,IND,Indiana Pacers,0021900470,2019-12-27,IND @ MIA,L
22019,ATL,Atlanta Hawks,0021900469,2019-12-27,ATL vs. MIL,L
22019,PHI,Philadelphia 76ers,0021900468,2019-12-27,PHI @ ORL,L
22019,MIA,Miami Heat,0021900470,2019-12-27,MIA vs. IND,W
22019,ORL,Orlando Magic,0021900468,2019-12-27,ORL vs. PHI,W
22019,GSW,Golden State Warriors,0021900471,2019-12-27,GSW vs. PHX,W
22019,MIL,Milwaukee Bucks,0021900469,2019-12-27,MIL @ ATL,W
22019,CLE,Cleveland Cavaliers,0021900466,2019-12-27,CLE @ BOS,L
22019,BOS,Boston Celtics,0021900466,2019-12-27,BOS vs. CLE,W
22019,PHX,Phoenix Suns,0021900471,2019-12-27,PHX @ GSW,L
22019,CHA,Charlotte Hornets,0021900467,2019-12-27,CHA vs. OKC,L
22019,OKC,Oklahoma City Thunder,0021900467,2019-12-27,OKC @ CHA,W
22019,POR,Portland Trail Blazers,0021900484,2019-12-28,POR vs. LAL,L
22019,PHI,Philadelphia 76ers,0021900475,2019-12-28,PHI @ MIA,L
22019,ORL,Orlando Magic,0021900480,2019-12-28,ORL @ MIL,L
22019,CLE,Cleveland Cavaliers,0021900479,2019-12-28,CLE @ MIN,W
22019,HOU,Houston Rockets,0021900478,2019-12-28,HOU vs. BKN,W
22019,WAS,Washington Wizards,0021900476,2019-12-28,WAS vs. NYK,L
22019,MIL,Milwaukee Bucks,0021900480,2019-12-28,MIL vs. ORL,W
22019,NOP,New Orleans Pelicans,0021900474,2019-12-28,NOP vs. IND,W
22019,MIA,Miami Heat,0021900475,2019-12-28,MIA vs. PHI,W
22019,SAC,Sacramento Kings,0021900483,2019-12-28,SAC vs. PHX,L
22019,LAL,Los Angeles Lakers,0021900484,2019-12-28,LAL @ POR,W
22019,PHX,Phoenix Suns,0021900483,2019-12-28,PHX @ SAC,W
22019,DET,Detroit Pistons,0021900481,2019-12-28,DET @ SAS,L
22019,CHI,Chicago Bulls,0021900477,2019-12-28,CHI vs. ATL,W
22019,TOR,Toronto Raptors,0021900473,2019-12-28,TOR @ BOS,W
22019,MIN,Minnesota Timberwolves,0021900479,2019-12-28,MIN vs. CLE,L
22019,IND,Indiana Pacers,0021900474,2019-12-28,IND @ NOP,L
22019,ATL,Atlanta Hawks,0021900477,2019-12-28,ATL @ CHI,L
22019,GSW,Golden State Warriors,0021900482,2019-12-28,GSW vs. DAL,L
22019,MEM,Memphis Grizzlies,0021900472,2019-12-28,MEM @ DEN,L
22019,DAL,Dallas Mavericks,0021900482,2019-12-28,DAL @ GSW,W
22019,BKN,Brooklyn Nets,0021900478,2019-12-28,BKN @ HOU,L
22019,UTA,Utah Jazz,0021900485,2019-12-28,UTA @ LAC,W
22019,BOS,Boston Celtics,0021900473,2019-12-28,BOS vs. TOR,L
22019,LAC,LA Clippers,0021900485,2019-12-28,LAC vs. UTA,L
22019,DEN,Denver Nuggets,0021900472,2019-12-28,DEN vs. MEM,W
22019,NYK,New York Knicks,0021900476,2019-12-28,NYK @ WAS,W
22019,SAS,San Antonio Spurs,0021900481,2019-12-28,SAS vs. DET,W
22019,DAL,Dallas Mavericks,0021900490,2019-12-29,DAL @ LAL,L
22019,DEN,Denver Nuggets,0021900489,2019-12-29,DEN vs. SAC,W
22019,HOU,Houston Rockets,0021900488,2019-12-29,HOU @ NOP,L
22019,LAL,Los Angeles Lakers,0021900490,2019-12-29,LAL vs. DAL,W
22019,SAC,Sacramento Kings,0021900489,2019-12-29,SAC @ DEN,L
22019,NOP,New Orleans Pelicans,0021900488,2019-12-29,NOP vs. HOU,W
22019,TOR,Toronto Raptors,0021900486,2019-12-29,TOR vs. OKC,L
22019,OKC,Oklahoma City Thunder,0021900486,2019-12-29,OKC @ TOR,W
22019,CHA,Charlotte Hornets,0021900487,2019-12-29,CHA @ MEM,L
22019,MEM,Memphis Grizzlies,0021900487,2019-12-29,MEM vs. CHA,W
22019,WAS,Washington Wizards,0021900492,2019-12-30,WAS vs. MIA,W
22019,CHI,Chicago Bulls,0021900493,2019-12-30,CHI vs. MIL,L
22019,BKN,Brooklyn Nets,0021900494,2019-12-30,BKN @ MIN,L
22019,MIN,Minnesota Timberwolves,0021900494,2019-12-30,MIN vs. BKN,W
22019,ATL,Atlanta Hawks,0021900491,2019-12-30,ATL @ ORL,W
22019,POR,Portland Trail Blazers,0021900496,2019-12-30,POR vs. PHX,L
22019,PHX,Phoenix Suns,0021900496,2019-12-30,PHX @ POR,W
22019,ORL,Orlando Magic,0021900491,2019-12-30,ORL vs. ATL,L
22019,MIL,Milwaukee Bucks,0021900493,2019-12-30,MIL @ CHI,W
22019,DET,Detroit Pistons,0021900495,2019-12-30,DET @ UTA,L
22019,MIA,Miami Heat,0021900492,2019-12-30,MIA @ WAS,L
22019,UTA,Utah Jazz,0021900495,2019-12-30,UTA vs. DET,W
22019,PHI,Philadelphia 76ers,0021900498,2019-12-31,PHI @ IND,L
22019,IND,Indiana Pacers,0021900498,2019-12-31,IND vs. PHI,W
22019,LAC,LA Clippers,0021900499,2019-12-31,LAC @ SAC,W
22019,GSW,Golden State Warriors,0021900502,2019-12-31,GSW @ SAS,L
22019,CHA,Charlotte Hornets,0021900497,2019-12-31,CHA vs. BOS,L
22019,TOR,Toronto Raptors,0021900500,2019-12-31,TOR vs. CLE,W
22019,OKC,Oklahoma City Thunder,0021900503,2019-12-31,OKC vs. DAL,W
22019,HOU,Houston Rockets,0021900501,2019-12-31,HOU vs. DEN,W
22019,SAS,San Antonio Spurs,0021900502,2019-12-31,SAS vs. GSW,W
22019,DEN,Denver Nuggets,0021900501,2019-12-31,DEN @ HOU,L
22019,SAC,Sacramento Kings,0021900499,2019-12-31,SAC vs. LAC,L
22019,DAL,Dallas Mavericks,0021900503,2019-12-31,DAL @ OKC,L
22019,CLE,Cleveland Cavaliers,0021900500,2019-12-31,CLE @ TOR,L
22019,BOS,Boston Celtics,0021900497,2019-12-31,BOS @ CHA,W
22019,PHX,Phoenix Suns,0021900507,2020-01-01,PHX @ LAL,L
22019,MIN,Minnesota Timberwolves,0021900506,2020-01-01,MIN @ MIL,L
22019,MIL,Milwaukee Bucks,0021900506,2020-01-01,MIL vs. MIN,W
22019,POR,Portland Trail Blazers,0021900505,2020-01-01,POR @ NYK,L
22019,WAS,Washington Wizards,0021900504,2020-01-01,WAS vs. ORL,L
22019,LAL,Los Angeles Lakers,0021900507,2020-01-01,LAL vs. PHX,W
22019,NYK,New York Knicks,0021900505,2020-01-01,NYK vs. POR,W
22019,ORL,Orlando Magic,0021900504,2020-01-01,ORL @ WAS,W
22019,TOR,Toronto Raptors,0021900510,2020-01-02,TOR @ MIA,L
22019,GSW,Golden State Warriors,0021900512,2020-01-02,GSW @ MIN,L
22019,DAL,Dallas Mavericks,0021900513,2020-01-02,DAL vs. BKN,W
22019,DEN,Denver Nuggets,0021900509,2020-01-02,DEN @ IND,W
22019,MEM,Memphis Grizzlies,0021900515,2020-01-02,MEM @ SAC,L
22019,OKC,Oklahoma City Thunder,0021900514,2020-01-02,OKC @ SAS,W
22019,CHA,Charlotte Hornets,0021900508,2020-01-02,CHA @ CLE,W
22019,UTA,Utah Jazz,0021900511,2020-01-02,UTA @ CHI,W
22019,BKN,Brooklyn Nets,0021900513,2020-01-02,BKN @ DAL,L
22019,IND,Indiana Pacers,0021900509,2020-01-02,IND vs. DEN,L
22019,MIN,Minnesota Timberwolves,0021900512,2020-01-02,MIN vs. GSW,W
22019,DET,Detroit Pistons,0021900516,2020-01-02,DET @ LAC,L
22019,SAS,San Antonio Spurs,0021900514,2020-01-02,SAS vs. OKC,L
22019,MIA,Miami Heat,0021900510,2020-01-02,MIA vs. TOR,W
22019,CHI,Chicago Bulls,0021900511,2020-01-02,CHI vs. UTA,L
22019,SAC,Sacramento Kings,0021900515,2020-01-02,SAC vs. MEM,W
22019,LAC,LA Clippers,0021900516,2020-01-02,LAC vs. DET,W
22019,CLE,Cleveland Cavaliers,0021900508,2020-01-02,CLE vs. CHA,L
22019,NOP,New Orleans Pelicans,0021900522,2020-01-03,NOP @ LAL,L
22019,ORL,Orlando Magic,0021900518,2020-01-03,ORL vs. MIA,W
22019,PHX,Phoenix Suns,0021900521,2020-01-03,PHX vs. NYK,W
22019,MIA,Miami Heat,0021900518,2020-01-03,MIA @ ORL,L
22019,HOU,Houston Rockets,0021900520,2020-01-03,HOU vs. PHI,W
22019,NYK,New York Knicks,0021900521,2020-01-03,NYK @ PHX,L
22019,WAS,Washington Wizards,0021900519,2020-01-03,WAS vs. POR,L
22019,BOS,Boston Celtics,0021900517,2020-01-03,BOS vs. ATL,W
22019,ATL,Atlanta Hawks,0021900517,2020-01-03,ATL @ BOS,L
22019,LAL,Los Angeles Lakers,0021900522,2020-01-03,LAL vs. NOP,W
22019,PHI,Philadelphia 76ers,0021900520,2020-01-03,PHI @ HOU,L
22019,POR,Portland Trail Blazers,0021900519,2020-01-03,POR @ WAS,W
22019,SAS,San Antonio Spurs,0021900531,2020-01-04,SAS @ MIL,L
22019,TOR,Toronto Raptors,0021900524,2020-01-04,TOR @ BKN,W
22019,UTA,Utah Jazz,0021900525,2020-01-04,UTA @ ORL,W
22019,ATL,Atlanta Hawks,0021900526,2020-01-04,ATL vs. IND,W
22019,NOP,New Orleans Pelicans,0021900533,2020-01-04,NOP @ SAC,W
22019,MIL,Milwaukee Bucks,0021900531,2020-01-04,MIL vs. SAS,W
22019,IND,Indiana Pacers,0021900526,2020-01-04,IND @ ATL,L
22019,CHI,Chicago Bulls,0021900529,2020-01-04,CHI vs. BOS,L
22019,OKC,Oklahoma City Thunder,0021900527,2020-01-04,OKC @ CLE,W
22019,SAC,Sacramento Kings,0021900533,2020-01-04,SAC vs. NOP,L
22019,BOS,Boston Celtics,0021900529,2020-01-04,BOS @ CHI,W
22019,CHA,Charlotte Hornets,0021900530,2020-01-04,CHA @ DAL,W
22019,WAS,Washington Wizards,0021900528,2020-01-04,WAS vs. DEN,W
22019,DET,Detroit Pistons,0021900532,2020-01-04,DET @ GSW,W
22019,MEM,Memphis Grizzlies,0021900523,2020-01-04,MEM @ LAC,W
22019,CLE,Cleveland Cavaliers,0021900527,2020-01-04,CLE vs. OKC,L
22019,BKN,Brooklyn Nets,0021900524,2020-01-04,BKN vs. TOR,L
22019,ORL,Orlando Magic,0021900525,2020-01-04,ORL vs. UTA,L
22019,LAC,LA Clippers,0021900523,2020-01-04,LAC vs. MEM,L
22019,DEN,Denver Nuggets,0021900528,2020-01-04,DEN @ WAS,L
22019,GSW,Golden State Warriors,0021900532,2020-01-04,GSW vs. DET,L
22019,DAL,Dallas Mavericks,0021900530,2020-01-04,DAL vs. CHA,L
22019,DET,Detroit Pistons,0021900538,2020-01-05,DET @ LAL,L
22019,POR,Portland Trail Blazers,0021900535,2020-01-05,POR @ MIA,L
22019,CLE,Cleveland Cavaliers,0021900536,2020-01-05,CLE vs. MIN,L
22019,LAC,LA Clippers,0021900534,2020-01-05,LAC vs. NYK,W
22019,MEM,Memphis Grizzlies,0021900537,2020-01-05,MEM @ PHX,W
22019,MIA,Miami Heat,0021900535,2020-01-05,MIA vs. POR,W
22019,MIN,Minnesota Timberwolves,0021900536,2020-01-05,MIN @ CLE,W
22019,NYK,New York Knicks,0021900534,2020-01-05,NYK @ LAC,L
22019,PHX,Phoenix Suns,0021900537,2020-01-05,PHX vs. MEM,L
22019,LAL,Los Angeles Lakers,0021900538,2020-01-05,LAL vs. DET,W
22019,SAS,San Antonio Spurs,0021900546,2020-01-06,SAS vs. MIL,W
22019,ORL,Orlando Magic,0021900540,2020-01-06,ORL vs. BKN,W
22019,BKN,Brooklyn Nets,0021900540,2020-01-06,BKN @ ORL,L
22019,CHA,Charlotte Hornets,0021900539,2020-01-06,CHA vs. IND,L
22019,OKC,Oklahoma City Thunder,0021900541,2020-01-06,OKC @ PHI,L
22019,GSW,Golden State Warriors,0021900547,2020-01-06,GSW @ SAC,L
22019,MIL,Milwaukee Bucks,0021900546,2020-01-06,MIL @ SAS,L
22019,DEN,Denver Nuggets,0021900543,2020-01-06,DEN @ ATL,W
22019,WAS,Washington Wizards,0021900542,2020-01-06,WAS vs. BOS,W
22019,UTA,Utah Jazz,0021900544,2020-01-06,UTA @ NOP,W
22019,DAL,Dallas Mavericks,0021900545,2020-01-06,DAL vs. CHI,W
22019,CHI,Chicago Bulls,0021900545,2020-01-06,CHI @ DAL,L
22019,ATL,Atlanta Hawks,0021900543,2020-01-06,ATL vs. DEN,L
22019,SAC,Sacramento Kings,0021900547,2020-01-06,SAC vs. GSW,W
22019,PHI,Philadelphia 76ers,0021900541,2020-01-06,PHI vs. OKC,W
22019,NOP,New Orleans Pelicans,0021900544,2020-01-06,NOP vs. UTA,L
22019,BOS,Boston Celtics,0021900542,2020-01-06,BOS @ WAS,L
22019,IND,Indiana Pacers,0021900539,2020-01-06,IND @ CHA,W
22019,NYK,New York Knicks,0021900553,2020-01-07,NYK @ LAL,L
22019,MEM,Memphis Grizzlies,0021900551,2020-01-07,MEM vs. MIN,W
22019,OKC,Oklahoma City Thunder,0021900550,2020-01-07,OKC @ BKN,W
22019,LAL,Los Angeles Lakers,0021900553,2020-01-07,LAL vs. NYK,W
22019,SAC,Sacramento Kings,0021900552,2020-01-07,SAC @ PHX,W
22019,TOR,Toronto Raptors,0021900549,2020-01-07,TOR vs. POR,L
22019,PHX,Phoenix Suns,0021900552,2020-01-07,PHX vs. SAC,L
22019,DET,Detroit Pistons,0021900548,2020-01-07,DET @ CLE,W
22019,BKN,Brooklyn Nets,0021900550,2020-01-07,BKN vs. OKC,L
22019,POR,Portland Trail Blazers,0021900549,2020-01-07,POR @ TOR,W
22019,MIN,Minnesota Timberwolves,0021900551,2020-01-07,MIN @ MEM,L
22019,CLE,Cleveland Cavaliers,0021900548,2020-01-07,CLE vs. DET,L
22019,IND,Indiana Pacers,0021900556,2020-01-08,IND vs. MIA,L
22019,GSW,Golden State Warriors,0021900562,2020-01-08,GSW vs. MIL,L
22019,UTA,Utah Jazz,0021900561,2020-01-08,UTA vs. NYK,W
22019,WAS,Washington Wizards,0021900557,2020-01-08,WAS @ ORL,L
22019,MIA,Miami Heat,0021900556,2020-01-08,MIA @ IND,W
22019,BOS,Boston Celtics,0021900554,2020-01-08,BOS vs. SAS,L
22019,HOU,Houston Rockets,0021900558,2020-01-08,HOU @ ATL,W
22019,SAS,San Antonio Spurs,0021900554,2020-01-08,SAS @ BOS,W
22019,CHI,Chicago Bulls,0021900560,2020-01-08,CHI @ NOP,L
22019,NOP,New Orleans Pelicans,0021900560,2020-01-08,NOP vs. CHI,W
22019,DEN,Denver Nuggets,0021900559,2020-01-08,DEN @ DAL,W
22019,DAL,Dallas Mavericks,0021900559,2020-01-08,DAL vs. DEN,L
22019,MIL,Milwaukee Bucks,0021900562,2020-01-08,MIL @ GSW,W
22019,ATL,Atlanta Hawks,0021900558,2020-01-08,ATL vs. HOU,L
22019,CHA,Charlotte Hornets,0021900555,2020-01-08,CHA vs. TOR,L
22019,NYK,New York Knicks,0021900561,2020-01-08,NYK @ UTA,L
22019,ORL,Orlando Magic,0021900557,2020-01-08,ORL vs. WAS,W
22019,TOR,Toronto Raptors,0021900555,2020-01-08,TOR @ CHA,W
22019,POR,Portland Trail Blazers,0021900565,2020-01-09,POR @ MIN,L
22019,BOS,Boston Celtics,0021900564,2020-01-09,BOS @ PHI,L
22019,MIN,Minnesota Timberwolves,0021900565,2020-01-09,MIN vs. POR,W
22019,PHI,Philadelphia 76ers,0021900564,2020-01-09,PHI vs. BOS,W
22019,DET,Detroit Pistons,0021900563,2020-01-09,DET vs. CLE,L
22019,OKC,Oklahoma City Thunder,0021900566,2020-01-09,OKC vs. HOU,W
22019,HOU,Houston Rockets,0021900566,2020-01-09,HOU @ OKC,L
22019,CLE,Cleveland Cavaliers,0021900563,2020-01-09,CLE @ DET,W
22019,DAL,Dallas Mavericks,0021900572,2020-01-10,DAL vs. LAL,L
22019,BKN,Brooklyn Nets,0021900568,2020-01-10,BKN vs. MIA,W
22019,SAC,Sacramento Kings,0021900575,2020-01-10,SAC vs. MIL,L
22019,MIA,Miami Heat,0021900568,2020-01-10,MIA @ BKN,L
22019,NOP,New Orleans Pelicans,0021900569,2020-01-10,NOP @ NYK,W
22019,PHX,Phoenix Suns,0021900573,2020-01-10,PHX vs. ORL,W
22019,CHI,Chicago Bulls,0021900570,2020-01-10,CHI vs. IND,L
22019,ORL,Orlando Magic,0021900573,2020-01-10,ORL @ PHX,L
22019,MIL,Milwaukee Bucks,0021900575,2020-01-10,MIL @ SAC,W
22019,MEM,Memphis Grizzlies,0021900571,2020-01-10,MEM vs. SAS,W
22019,WAS,Washington Wizards,0021900567,2020-01-10,WAS vs. ATL,W
22019,NYK,New York Knicks,0021900569,2020-01-10,NYK vs. NOP,L
22019,IND,Indiana Pacers,0021900570,2020-01-10,IND @ CHI,W
22019,LAL,Los Angeles Lakers,0021900572,2020-01-10,LAL @ DAL,W
22019,LAC,LA Clippers,0021900576,2020-01-10,LAC vs. GSW,W
22019,GSW,Golden State Warriors,0021900576,2020-01-10,GSW @ LAC,L
22019,CHA,Charlotte Hornets,0021900574,2020-01-10,CHA @ UTA,L
22019,SAS,San Antonio Spurs,0021900571,2020-01-10,SAS @ MEM,L
22019,ATL,Atlanta Hawks,0021900567,2020-01-10,ATL @ WAS,L
22019,UTA,Utah Jazz,0021900574,2020-01-10,UTA vs. CHA,W
22019,OKC,Oklahoma City Thunder,0021900580,2020-01-11,OKC vs. LAL,L
22019,POR,Portland Trail Blazers,0021900583,2020-01-11,POR vs. MIL,L
22019,HOU,Houston Rockets,0021900577,2020-01-11,HOU vs. MIN,W
22019,DAL,Dallas Mavericks,0021900581,2020-01-11,DAL vs. PHI,W
22019,MIL,Milwaukee Bucks,0021900583,2020-01-11,MIL @ POR,W
22019,NOP,New Orleans Pelicans,0021900578,2020-01-11,NOP @ BOS,L
22019,DEN,Denver Nuggets,0021900582,2020-01-11,DEN vs. CLE,L
22019,BOS,Boston Celtics,0021900578,2020-01-11,BOS vs. NOP,W
22019,DET,Detroit Pistons,0021900579,2020-01-11,DET vs. CHI,L
22019,PHI,Philadelphia 76ers,0021900581,2020-01-11,PHI @ DAL,L
22019,CLE,Cleveland Cavaliers,0021900582,2020-01-11,CLE @ DEN,W
22019,MIN,Minnesota Timberwolves,0021900577,2020-01-11,MIN @ HOU,L
22019,LAL,Los Angeles Lakers,0021900580,2020-01-11,LAL @ OKC,W
22019,CHI,Chicago Bulls,0021900579,2020-01-11,CHI @ DET,W
22019,NYK,New York Knicks,0021900584,2020-01-12,NYK vs. MIA,W
22019,ATL,Atlanta Hawks,0021900586,2020-01-12,ATL @ BKN,L
22019,MIA,Miami Heat,0021900584,2020-01-12,MIA @ NYK,L
22019,CHA,Charlotte Hornets,0021900590,2020-01-12,CHA @ PHX,L
22019,TOR,Toronto Raptors,0021900587,2020-01-12,TOR vs. SAS,L
22019,BKN,Brooklyn Nets,0021900586,2020-01-12,BKN vs. ATL,W
22019,LAC,LA Clippers,0021900589,2020-01-12,LAC @ DEN,L
22019,MEM,Memphis Grizzlies,0021900588,2020-01-12,MEM vs. GSW,W
22019,DEN,Denver Nuggets,0021900589,2020-01-12,DEN vs. LAC,W
22019,SAS,San Antonio Spurs,0021900587,2020-01-12,SAS @ TOR,W
22019,WAS,Washington Wizards,0021900585,2020-01-12,WAS vs. UTA,L
22019,GSW,Golden State Warriors,0021900588,2020-01-12,GSW @ MEM,L
22019,UTA,Utah Jazz,0021900585,2020-01-12,UTA @ WAS,W
22019,PHX,Phoenix Suns,0021900590,2020-01-12,PHX vs. CHA,W
22019,CLE,Cleveland Cavaliers,0021900597,2020-01-13,CLE @ LAL,L
22019,OKC,Oklahoma City Thunder,0021900594,2020-01-13,OKC @ MIN,W
22019,SAC,Sacramento Kings,0021900596,2020-01-13,SAC vs. ORL,L
22019,PHI,Philadelphia 76ers,0021900592,2020-01-13,PHI @ IND,L
22019,IND,Indiana Pacers,0021900592,2020-01-13,IND vs. PHI,W
22019,CHA,Charlotte Hornets,0021900595,2020-01-13,CHA @ POR,L
22019,ORL,Orlando Magic,0021900596,2020-01-13,ORL @ SAC,W
22019,CHI,Chicago Bulls,0021900593,2020-01-13,CHI @ BOS,L
22019,LAL,Los Angeles Lakers,0021900597,2020-01-13,LAL vs. CLE,W
22019,DET,Detroit Pistons,0021900591,2020-01-13,DET vs. NOP,L
22019,BOS,Boston Celtics,0021900593,2020-01-13,BOS vs. CHI,W
22019,MIN,Minnesota Timberwolves,0021900594,2020-01-13,MIN vs. OKC,L
22019,NOP,New Orleans Pelicans,0021900591,2020-01-13,NOP @ DET,W
22019,POR,Portland Trail Blazers,0021900595,2020-01-13,POR vs. CHA,W
22019,NYK,New York Knicks,0021900601,2020-01-14,NYK @ MIL,L
22019,UTA,Utah Jazz,0021900599,2020-01-14,UTA @ BKN,W
22019,MIL,Milwaukee Bucks,0021900601,2020-01-14,MIL vs. NYK,W
22019,ATL,Atlanta Hawks,0021900598,2020-01-14,ATL vs. PHX,W
22019,PHX,Phoenix Suns,0021900598,2020-01-14,PHX @ ATL,L
22019,LAC,LA Clippers,0021900603,2020-01-14,LAC vs. CLE,W
22019,GSW,Golden State Warriors,0021900602,2020-01-14,GSW vs. DAL,L
22019,DAL,Dallas Mavericks,0021900602,2020-01-14,DAL @ GSW,W
22019,MEM,Memphis Grizzlies,0021900600,2020-01-14,MEM vs. HOU,W
22019,CLE,Cleveland Cavaliers,0021900603,2020-01-14,CLE @ LAC,L
22019,BKN,Brooklyn Nets,0021900599,2020-01-14,BKN vs. UTA,L
22019,HOU,Houston Rockets,0021900600,2020-01-14,HOU @ MEM,L
22019,ORL,Orlando Magic,0021900613,2020-01-15,ORL @ LAL,W
22019,SAS,San Antonio Spurs,0021900606,2020-01-15,SAS @ MIA,L
22019,IND,Indiana Pacers,0021900608,2020-01-15,IND @ MIN,W
22019,PHI,Philadelphia 76ers,0021900605,2020-01-15,PHI vs. BKN,W
22019,LAL,Los Angeles Lakers,0021900613,2020-01-15,LAL vs. ORL,L
22019,MIN,Minnesota Timberwolves,0021900608,2020-01-15,MIN vs. IND,L
22019,BKN,Brooklyn Nets,0021900605,2020-01-15,BKN @ PHI,L
22019,HOU,Houston Rockets,0021900611,2020-01-15,HOU vs. POR,L
22019,DAL,Dallas Mavericks,0021900612,2020-01-15,DAL @ SAC,W
22019,MIA,Miami Heat,0021900606,2020-01-15,MIA vs. SAS,W
22019,DET,Detroit Pistons,0021900604,2020-01-15,DET @ BOS,W
22019,WAS,Washington Wizards,0021900607,2020-01-15,WAS @ CHI,L
22019,SAC,Sacramento Kings,0021900612,2020-01-15,SAC vs. DAL,L
22019,CHA,Charlotte Hornets,0021900610,2020-01-15,CHA @ DEN,L
22019,POR,Portland Trail Blazers,0021900611,2020-01-15,POR @ HOU,W
22019,TOR,Toronto Raptors,0021900609,2020-01-15,TOR @ OKC,W
22019,OKC,Oklahoma City Thunder,0021900609,2020-01-15,OKC vs. TOR,L
22019,CHI,Chicago Bulls,0021900607,2020-01-15,CHI vs. WAS,W
22019,BOS,Boston Celtics,0021900604,2020-01-15,BOS vs. DET,L
22019,DEN,Denver Nuggets,0021900610,2020-01-15,DEN vs. CHA,W
22019,BOS,Boston Celtics,0021900615,2020-01-16,BOS @ MIL,L
22019,PHX,Phoenix Suns,0021900614,2020-01-16,PHX @ NYK,W
22019,LAC,LA Clippers,0021900618,2020-01-16,LAC vs. ORL,W
22019,NYK,New York Knicks,0021900614,2020-01-16,NYK vs. PHX,L
22019,MIL,Milwaukee Bucks,0021900615,2020-01-16,MIL vs. BOS,W
22019,UTA,Utah Jazz,0021900616,2020-01-16,UTA @ NOP,L
22019,GSW,Golden State Warriors,0021900617,2020-01-16,GSW vs. DEN,L
22019,DEN,Denver Nuggets,0021900617,2020-01-16,DEN @ GSW,W
22019,ORL,Orlando Magic,0021900618,2020-01-16,ORL @ LAC,L
22019,NOP,New Orleans Pelicans,0021900616,2020-01-16,NOP vs. UTA,W
22019,OKC,Oklahoma City Thunder,0021900623,2020-01-17,OKC vs. MIA,L
22019,IND,Indiana Pacers,0021900619,2020-01-17,IND vs. MIN,W
22019,MIN,Minnesota Timberwolves,0021900619,2020-01-17,MIN @ IND,L
22019,CHI,Chicago Bulls,0021900620,2020-01-17,CHI @ PHI,L
22019,DAL,Dallas Mavericks,0021900625,2020-01-17,DAL vs. POR,W
22019,ATL,Atlanta Hawks,0021900624,2020-01-17,ATL @ SAS,W
22019,SAS,San Antonio Spurs,0021900624,2020-01-17,SAS vs. ATL,L
22019,MEM,Memphis Grizzlies,0021900622,2020-01-17,MEM vs. CLE,W
22019,PHI,Philadelphia 76ers,0021900620,2020-01-17,PHI vs. CHI,W
22019,POR,Portland Trail Blazers,0021900625,2020-01-17,POR @ DAL,L
22019,MIA,Miami Heat,0021900623,2020-01-17,MIA @ OKC,W
22019,WAS,Washington Wizards,0021900621,2020-01-17,WAS @ TOR,L
22019,CLE,Cleveland Cavaliers,0021900622,2020-01-17,CLE @ MEM,L
22019,TOR,Toronto Raptors,0021900621,2020-01-17,TOR vs. WAS,W
22019,HOU,Houston Rockets,0021900633,2020-01-18,HOU vs. LAL,L
22019,BKN,Brooklyn Nets,0021900627,2020-01-18,BKN vs. MIL,L
22019,TOR,Toronto Raptors,0021900632,2020-01-18,TOR @ MIN,W
22019,MIL,Milwaukee Bucks,0021900627,2020-01-18,MIL @ BKN,W
22019,PHI,Philadelphia 76ers,0021900630,2020-01-18,PHI @ NYK,W
22019,GSW,Golden State Warriors,0021900634,2020-01-18,GSW vs. ORL,W
22019,NYK,New York Knicks,0021900630,2020-01-18,NYK vs. PHI,L
22019,BOS,Boston Celtics,0021900628,2020-01-18,BOS vs. PHX,L
22019,OKC,Oklahoma City Thunder,0021900635,2020-01-18,OKC vs. POR,W
22019,UTA,Utah Jazz,0021900636,2020-01-18,UTA vs. SAC,W
22019,DET,Detroit Pistons,0021900629,2020-01-18,DET @ ATL,W
22019,PHX,Phoenix Suns,0021900628,2020-01-18,PHX @ BOS,W
22019,CHI,Chicago Bulls,0021900631,2020-01-18,CHI vs. CLE,W
22019,LAC,LA Clippers,0021900626,2020-01-18,LAC @ NOP,W
22019,CLE,Cleveland Cavaliers,0021900631,2020-01-18,CLE @ CHI,L
22019,ORL,Orlando Magic,0021900634,2020-01-18,ORL @ GSW,L
22019,LAL,Los Angeles Lakers,0021900633,2020-01-18,LAL @ HOU,W
22019,NOP,New Orleans Pelicans,0021900626,2020-01-18,NOP vs. LAC,L
22019,POR,Portland Trail Blazers,0021900635,2020-01-18,POR @ OKC,L
22019,MIN,Minnesota Timberwolves,0021900632,2020-01-18,MIN vs. TOR,L
22019,SAC,Sacramento Kings,0021900636,2020-01-18,SAC @ UTA,L
22019,ATL,Atlanta Hawks,0021900629,2020-01-18,ATL vs. DET,L
22019,SAS,San Antonio Spurs,0021900637,2020-01-19,SAS vs. MIA,W
22019,DEN,Denver Nuggets,0021900638,2020-01-19,DEN vs. IND,L
22019,MIA,Miami Heat,0021900637,2020-01-19,MIA @ SAS,L
22019,IND,Indiana Pacers,0021900638,2020-01-19,IND @ DEN,W
22019,BOS,Boston Celtics,0021900648,2020-01-20,BOS vs. LAL,W
22019,SAC,Sacramento Kings,0021900644,2020-01-20,SAC @ MIA,L
22019,CHI,Chicago Bulls,0021900647,2020-01-20,CHI @ MIL,L
22019,DEN,Denver Nuggets,0021900649,2020-01-20,DEN @ MIN,W
22019,PHI,Philadelphia 76ers,0021900641,2020-01-20,PHI @ BKN,W
22019,CLE,Cleveland Cavaliers,0021900643,2020-01-20,CLE vs. NYK,L
22019,CHA,Charlotte Hornets,0021900642,2020-01-20,CHA vs. ORL,L
22019,UTA,Utah Jazz,0021900651,2020-01-20,UTA vs. IND,W
22019,BKN,Brooklyn Nets,0021900641,2020-01-20,BKN vs. PHI,L
22019,SAS,San Antonio Spurs,0021900650,2020-01-20,SAS @ PHX,W
22019,GSW,Golden State Warriors,0021900652,2020-01-20,GSW @ POR,L
22019,MIA,Miami Heat,0021900644,2020-01-20,MIA vs. SAC,W
22019,PHX,Phoenix Suns,0021900650,2020-01-20,PHX vs. SAS,L
22019,TOR,Toronto Raptors,0021900640,2020-01-20,TOR @ ATL,W
22019,LAL,Los Angeles Lakers,0021900648,2020-01-20,LAL @ BOS,L
22019,NYK,New York Knicks,0021900643,2020-01-20,NYK @ CLE,W
22019,MEM,Memphis Grizzlies,0021900646,2020-01-20,MEM vs. NOP,L
22019,MIL,Milwaukee Bucks,0021900647,2020-01-20,MIL vs. CHI,W
22019,MIN,Minnesota Timberwolves,0021900649,2020-01-20,MIN vs. DEN,L
22019,POR,Portland Trail Blazers,0021900652,2020-01-20,POR vs. GSW,W
22019,OKC,Oklahoma City Thunder,0021900645,2020-01-20,OKC @ HOU,W
22019,HOU,Houston Rockets,0021900645,2020-01-20,HOU vs. OKC,L
22019,ATL,Atlanta Hawks,0021900640,2020-01-20,ATL vs. TOR,L
22019,IND,Indiana Pacers,0021900651,2020-01-20,IND @ UTA,L
22019,NOP,New Orleans Pelicans,0021900646,2020-01-20,NOP @ MEM,W
22019,DET,Detroit Pistons,0021900639,2020-01-20,DET @ WAS,L
22019,WAS,Washington Wizards,0021900639,2020-01-20,WAS vs. DET,W
22019,ORL,Orlando Magic,0021900642,2020-01-20,ORL @ CHA,W
22019,LAC,LA Clippers,0021900653,2020-01-21,LAC @ DAL,W
22019,DAL,Dallas Mavericks,0021900653,2020-01-21,DAL vs. LAC,L
22019,NYK,New York Knicks,0021900659,2020-01-22,NYK vs. LAL,L
22019,WAS,Washington Wizards,0021900658,2020-01-22,WAS @ MIA,L
22019,CHI,Chicago Bulls,0021900661,2020-01-22,CHI vs. MIN,W
22019,LAL,Los Angeles Lakers,0021900659,2020-01-22,LAL @ NYK,W
22019,OKC,Oklahoma City Thunder,0021900655,2020-01-22,OKC @ ORL,W
22019,PHX,Phoenix Suns,0021900664,2020-01-22,PHX vs. IND,L
22019,TOR,Toronto Raptors,0021900660,2020-01-22,TOR vs. PHI,W
22019,IND,Indiana Pacers,0021900664,2020-01-22,IND @ PHX,W
22019,DET,Detroit Pistons,0021900654,2020-01-22,DET vs. SAC,W
22019,NOP,New Orleans Pelicans,0021900663,2020-01-22,NOP vs. SAS,L
22019,LAC,LA Clippers,0021900656,2020-01-22,LAC @ ATL,L
22019,MEM,Memphis Grizzlies,0021900657,2020-01-22,MEM @ BOS,L
22019,SAS,San Antonio Spurs,0021900663,2020-01-22,SAS @ NOP,W
22019,MIN,Minnesota Timberwolves,0021900661,2020-01-22,MIN @ CHI,L
22019,HOU,Houston Rockets,0021900662,2020-01-22,HOU vs. DEN,W
22019,UTA,Utah Jazz,0021900665,2020-01-22,UTA @ GSW,W
22019,DEN,Denver Nuggets,0021900662,2020-01-22,DEN @ HOU,L
22019,ATL,Atlanta Hawks,0021900656,2020-01-22,ATL vs. LAC,W
22019,ORL,Orlando Magic,0021900655,2020-01-22,ORL vs. OKC,L
22019,PHI,Philadelphia 76ers,0021900660,2020-01-22,PHI @ TOR,L
22019,GSW,Golden State Warriors,0021900665,2020-01-22,GSW vs. UTA,L
22019,BOS,Boston Celtics,0021900657,2020-01-22,BOS vs. MEM,W
22019,MIA,Miami Heat,0021900658,2020-01-22,MIA vs. WAS,W
22019,SAC,Sacramento Kings,0021900654,2020-01-22,SAC @ DET,L
22019,BKN,Brooklyn Nets,0021900667,2020-01-23,BKN vs. LAL,L
22019,LAL,Los Angeles Lakers,0021900667,2020-01-23,LAL @ BKN,W
22019,DAL,Dallas Mavericks,0021900668,2020-01-23,DAL @ POR,W
22019,WAS,Washington Wizards,0021900666,2020-01-23,WAS @ CLE,W
22019,POR,Portland Trail Blazers,0021900668,2020-01-23,POR vs. DAL,L
22019,CLE,Cleveland Cavaliers,0021900666,2020-01-23,CLE vs. WAS,L
22019,LAC,LA Clippers,0021900673,2020-01-24,LAC @ MIA,W
22019,CHA,Charlotte Hornets,0021900669,2020-01-24,CHA vs. MIL,L
22019,HOU,Houston Rockets,0021900675,2020-01-24,HOU @ MIN,W
22019,TOR,Toronto Raptors,0021900672,2020-01-24,TOR @ NYK,W
22019,BOS,Boston Celtics,0021900671,2020-01-24,BOS @ ORL,W
22019,GSW,Golden State Warriors,0021900679,2020-01-24,GSW vs. IND,L
22019,SAS,San Antonio Spurs,0021900678,2020-01-24,SAS vs. PHX,L
22019,CHI,Chicago Bulls,0021900674,2020-01-24,CHI vs. SAC,L
22019,PHX,Phoenix Suns,0021900678,2020-01-24,PHX @ SAS,W
22019,OKC,Oklahoma City Thunder,0021900677,2020-01-24,OKC vs. ATL,W
22019,ORL,Orlando Magic,0021900671,2020-01-24,ORL vs. BOS,L
22019,DEN,Denver Nuggets,0021900676,2020-01-24,DEN @ NOP,W
22019,SAC,Sacramento Kings,0021900674,2020-01-24,SAC @ CHI,W
22019,NOP,New Orleans Pelicans,0021900676,2020-01-24,NOP vs. DEN,L
22019,IND,Indiana Pacers,0021900679,2020-01-24,IND @ GSW,W
22019,MIN,Minnesota Timberwolves,0021900675,2020-01-24,MIN vs. HOU,L
22019,MIA,Miami Heat,0021900673,2020-01-24,MIA vs. LAC,L
22019,ATL,Atlanta Hawks,0021900677,2020-01-24,ATL @ OKC,L
22019,NYK,New York Knicks,0021900672,2020-01-24,NYK vs. TOR,L
22019,DET,Detroit Pistons,0021900670,2020-01-24,DET vs. MEM,L
22019,MEM,Memphis Grizzlies,0021900670,2020-01-24,MEM @ DET,W
22019,MIL,Milwaukee Bucks,0021900669,2020-01-24,MIL @ CHA,W
22019,PHI,Philadelphia 76ers,0021900684,2020-01-25,PHI vs. LAL,W
22019,OKC,Oklahoma City Thunder,0021900683,2020-01-25,OKC @ MIN,W
22019,DET,Detroit Pistons,0021900681,2020-01-25,DET vs. BKN,L
22019,LAL,Los Angeles Lakers,0021900684,2020-01-25,LAL @ PHI,L
22019,CHI,Chicago Bulls,0021900682,2020-01-25,CHI @ CLE,W
22019,CLE,Cleveland Cavaliers,0021900682,2020-01-25,CLE vs. CHI,L
22019,UTA,Utah Jazz,0021900680,2020-01-25,UTA vs. DAL,W
22019,MIN,Minnesota Timberwolves,0021900683,2020-01-25,MIN vs. OKC,L
22019,DAL,Dallas Mavericks,0021900680,2020-01-25,DAL @ UTA,L
22019,BKN,Brooklyn Nets,0021900681,2020-01-25,BKN @ DET,W
22019,NYK,New York Knicks,0021900688,2020-01-26,NYK vs. BKN,W
22019,BKN,Brooklyn Nets,0021900688,2020-01-26,BKN @ NYK,L
22019,LAC,LA Clippers,0021900689,2020-01-26,LAC @ ORL,W
22019,POR,Portland Trail Blazers,0021900692,2020-01-26,POR vs. IND,W
22019,MEM,Memphis Grizzlies,0021900690,2020-01-26,MEM vs. PHX,W
22019,IND,Indiana Pacers,0021900692,2020-01-26,IND @ POR,L
22019,TOR,Toronto Raptors,0021900686,2020-01-26,TOR @ SAS,W
22019,WAS,Washington Wizards,0021900687,2020-01-26,WAS @ ATL,L
22019,NOP,New Orleans Pelicans,0021900691,2020-01-26,NOP vs. BOS,W
22019,BOS,Boston Celtics,0021900691,2020-01-26,BOS @ NOP,L
22019,HOU,Houston Rockets,0021900685,2020-01-26,HOU @ DEN,L
22019,DEN,Denver Nuggets,0021900685,2020-01-26,DEN vs. HOU,W
22019,ORL,Orlando Magic,0021900689,2020-01-26,ORL vs. LAC,L
22019,SAS,San Antonio Spurs,0021900686,2020-01-26,SAS vs. TOR,L
22019,PHX,Phoenix Suns,0021900690,2020-01-26,PHX @ MEM,L
22019,ATL,Atlanta Hawks,0021900687,2020-01-26,ATL vs. WAS,W
22019,ORL,Orlando Magic,0021900694,2020-01-27,ORL @ MIA,L
22019,SAC,Sacramento Kings,0021900696,2020-01-27,SAC @ MIN,W
22019,MIA,Miami Heat,0021900694,2020-01-27,MIA vs. ORL,W
22019,MIN,Minnesota Timberwolves,0021900696,2020-01-27,MIN vs. SAC,L
22019,CHI,Chicago Bulls,0021900695,2020-01-27,CHI vs. SAS,W
22019,DET,Detroit Pistons,0021900693,2020-01-27,DET vs. CLE,L
22019,SAS,San Antonio Spurs,0021900695,2020-01-27,SAS @ CHI,L
22019,OKC,Oklahoma City Thunder,0021900697,2020-01-27,OKC vs. DAL,L
22019,UTA,Utah Jazz,0021900698,2020-01-27,UTA vs. HOU,L
22019,DAL,Dallas Mavericks,0021900697,2020-01-27,DAL @ OKC,W
22019,HOU,Houston Rockets,0021900698,2020-01-27,HOU @ UTA,W
22019,CLE,Cleveland Cavaliers,0021900693,2020-01-27,CLE @ DET,W
22019,BOS,Boston Celtics,0021900701,2020-01-28,BOS @ MIA,W
22019,WAS,Washington Wizards,0021900705,2020-01-28,WAS @ MIL,L
22019,CHA,Charlotte Hornets,0021900699,2020-01-28,CHA vs. NYK,W
22019,GSW,Golden State Warriors,0021900702,2020-01-28,GSW @ PHI,L
22019,DAL,Dallas Mavericks,0021900706,2020-01-28,DAL vs. PHX,L
22019,TOR,Toronto Raptors,0021900703,2020-01-28,TOR vs. ATL,W
22019,MIA,Miami Heat,0021900701,2020-01-28,MIA vs. BOS,L
22019,NOP,New Orleans Pelicans,0021900700,2020-01-28,NOP @ CLE,W
22019,CLE,Cleveland Cavaliers,0021900700,2020-01-28,CLE vs. NOP,L
22019,PHX,Phoenix Suns,0021900706,2020-01-28,PHX @ DAL,W
22019,MEM,Memphis Grizzlies,0021900704,2020-01-28,MEM vs. DEN,W
22019,PHI,Philadelphia 76ers,0021900702,2020-01-28,PHI vs. GSW,W
22019,ATL,Atlanta Hawks,0021900703,2020-01-28,ATL @ TOR,L
22019,DEN,Denver Nuggets,0021900704,2020-01-28,DEN @ MEM,L
22019,MIL,Milwaukee Bucks,0021900705,2020-01-28,MIL vs. WAS,W
22019,NYK,New York Knicks,0021900699,2020-01-28,NYK @ CHA,L
22019,DET,Detroit Pistons,0021900709,2020-01-29,DET @ BKN,L
22019,MEM,Memphis Grizzlies,0021900710,2020-01-29,MEM @ NYK,W
22019,CHI,Chicago Bulls,0021900708,2020-01-29,CHI @ IND,L
22019,HOU,Houston Rockets,0021900712,2020-01-29,HOU @ POR,L
22019,OKC,Oklahoma City Thunder,0021900713,2020-01-29,OKC @ SAC,W
22019,UTA,Utah Jazz,0021900711,2020-01-29,UTA @ SAS,L
22019,IND,Indiana Pacers,0021900708,2020-01-29,IND vs. CHI,W
22019,POR,Portland Trail Blazers,0021900712,2020-01-29,POR vs. HOU,W
22019,SAC,Sacramento Kings,0021900713,2020-01-29,SAC vs. OKC,L
22019,SAS,San Antonio Spurs,0021900711,2020-01-29,SAS vs. UTA,W
22019,NYK,New York Knicks,0021900710,2020-01-29,NYK vs. MEM,L
22019,BKN,Brooklyn Nets,0021900709,2020-01-29,BKN vs. DET,W
22019,ATL,Atlanta Hawks,0021900716,2020-01-30,ATL vs. PHI,W
22019,LAC,LA Clippers,0021900719,2020-01-30,LAC vs. SAC,L
22019,PHI,Philadelphia 76ers,0021900716,2020-01-30,PHI @ ATL,L
22019,GSW,Golden State Warriors,0021900717,2020-01-30,GSW @ BOS,L
22019,TOR,Toronto Raptors,0021900714,2020-01-30,TOR @ CLE,W
22019,UTA,Utah Jazz,0021900718,2020-01-30,UTA @ DEN,L
22019,BOS,Boston Celtics,0021900717,2020-01-30,BOS vs. GSW,W
22019,SAC,Sacramento Kings,0021900719,2020-01-30,SAC @ LAC,W
22019,CLE,Cleveland Cavaliers,0021900714,2020-01-30,CLE vs. TOR,L
22019,DEN,Denver Nuggets,0021900718,2020-01-30,DEN vs. UTA,W
22019,CHA,Charlotte Hornets,0021900715,2020-01-30,CHA @ WAS,L
22019,WAS,Washington Wizards,0021900715,2020-01-30,WAS vs. CHA,W
22019,POR,Portland Trail Blazers,0021900726,2020-01-31,POR @ LAL,W
22019,DEN,Denver Nuggets,0021900724,2020-01-31,DEN @ MIL,W
22019,CHI,Chicago Bulls,0021900721,2020-01-31,CHI @ BKN,L
22019,OKC,Oklahoma City Thunder,0021900725,2020-01-31,OKC @ PHX,W
22019,LAL,Los Angeles Lakers,0021900726,2020-01-31,LAL vs. POR,L
22019,MEM,Memphis Grizzlies,0021900723,2020-01-31,MEM @ NOP,L
22019,BKN,Brooklyn Nets,0021900721,2020-01-31,BKN vs. CHI,W
22019,HOU,Houston Rockets,0021900722,2020-01-31,HOU vs. DAL,W
22019,MIL,Milwaukee Bucks,0021900724,2020-01-31,MIL vs. DEN,L
22019,DAL,Dallas Mavericks,0021900722,2020-01-31,DAL @ HOU,L
22019,PHX,Phoenix Suns,0021900725,2020-01-31,PHX vs. OKC,L
22019,DET,Detroit Pistons,0021900720,2020-01-31,DET vs. TOR,L
22019,NOP,New Orleans Pelicans,0021900723,2020-01-31,NOP vs. MEM,W
22019,TOR,Toronto Raptors,0021900720,2020-01-31,TOR @ DET,W
22019,SAC,Sacramento Kings,0021900736,2020-02-01,SAC vs. LAL,L
22019,ORL,Orlando Magic,0021900729,2020-02-01,ORL vs. MIA,L
22019,LAC,LA Clippers,0021900727,2020-02-01,LAC vs. MIN,W
22019,WAS,Washington Wizards,0021900731,2020-02-01,WAS vs. BKN,W
22019,IND,Indiana Pacers,0021900728,2020-02-01,IND vs. NYK,L
22019,MIA,Miami Heat,0021900729,2020-02-01,MIA @ ORL,W
22019,NYK,New York Knicks,0021900728,2020-02-01,NYK @ IND,W
22019,BOS,Boston Celtics,0021900732,2020-02-01,BOS vs. PHI,W
22019,UTA,Utah Jazz,0021900735,2020-02-01,UTA @ POR,L
22019,LAL,Los Angeles Lakers,0021900736,2020-02-01,LAL @ SAC,W
22019,CHA,Charlotte Hornets,0021900734,2020-02-01,CHA @ SAS,L
22019,DAL,Dallas Mavericks,0021900733,2020-02-01,DAL vs. ATL,W
22019,PHI,Philadelphia 76ers,0021900732,2020-02-01,PHI @ BOS,L
22019,GSW,Golden State Warriors,0021900730,2020-02-01,GSW @ CLE,W
22019,ATL,Atlanta Hawks,0021900733,2020-02-01,ATL @ DAL,L
22019,CLE,Cleveland Cavaliers,0021900730,2020-02-01,CLE vs. GSW,L
22019,MIN,Minnesota Timberwolves,0021900727,2020-02-01,MIN @ LAC,L
22019,POR,Portland Trail Blazers,0021900735,2020-02-01,POR vs. UTA,W
22019,BKN,Brooklyn Nets,0021900731,2020-02-01,BKN @ WAS,L
22019,SAS,San Antonio Spurs,0021900734,2020-02-01,SAS vs. CHA,W
22019,PHX,Phoenix Suns,0021900739,2020-02-02,PHX @ MIL,L
22019,MIL,Milwaukee Bucks,0021900739,2020-02-02,MIL vs. PHX,W
22019,HOU,Houston Rockets,0021900738,2020-02-02,HOU vs. NOP,W
22019,TOR,Toronto Raptors,0021900740,2020-02-02,TOR vs. CHI,W
22019,DET,Detroit Pistons,0021900737,2020-02-02,DET vs. DEN,W
22019,NOP,New Orleans Pelicans,0021900738,2020-02-02,NOP @ HOU,L
22019,CHI,Chicago Bulls,0021900740,2020-02-02,CHI @ TOR,L
22019,DEN,Denver Nuggets,0021900737,2020-02-02,DEN @ DET,L
22019,PHI,Philadelphia 76ers,0021900747,2020-02-03,PHI @ MIA,L
22019,SAC,Sacramento Kings,0021900749,2020-02-03,SAC vs. MIN,W
22019,PHX,Phoenix Suns,0021900746,2020-02-03,PHX @ BKN,L
22019,CLE,Cleveland Cavaliers,0021900742,2020-02-03,CLE vs. NYK,L
22019,CHA,Charlotte Hornets,0021900741,2020-02-03,CHA vs. ORL,L
22019,DAL,Dallas Mavericks,0021900743,2020-02-03,DAL @ IND,W
22019,MIA,Miami Heat,0021900747,2020-02-03,MIA vs. PHI,W
22019,BKN,Brooklyn Nets,0021900746,2020-02-03,BKN vs. PHX,W
22019,MIN,Minnesota Timberwolves,0021900749,2020-02-03,MIN @ SAC,L
22019,LAC,LA Clippers,0021900750,2020-02-03,LAC vs. SAS,W
22019,BOS,Boston Celtics,0021900745,2020-02-03,BOS @ ATL,W
22019,ATL,Atlanta Hawks,0021900745,2020-02-03,ATL vs. BOS,L
22019,NYK,New York Knicks,0021900742,2020-02-03,NYK @ CLE,W
22019,IND,Indiana Pacers,0021900743,2020-02-03,IND vs. DAL,L
22019,WAS,Washington Wizards,0021900744,2020-02-03,WAS vs. GSW,L
22019,SAS,San Antonio Spurs,0021900750,2020-02-03,SAS @ LAC,L
22019,DET,Detroit Pistons,0021900748,2020-02-03,DET @ MEM,L
22019,GSW,Golden State Warriors,0021900744,2020-02-03,GSW @ WAS,W
22019,MEM,Memphis Grizzlies,0021900748,2020-02-03,MEM vs. DET,W
22019,ORL,Orlando Magic,0021900741,2020-02-03,ORL @ CHA,W
22019,SAS,San Antonio Spurs,0021900754,2020-02-04,SAS @ LAL,L
22019,NOP,New Orleans Pelicans,0021900751,2020-02-04,NOP vs. MIL,L
22019,DEN,Denver Nuggets,0021900753,2020-02-04,DEN vs. POR,W
22019,LAL,Los Angeles Lakers,0021900754,2020-02-04,LAL vs. SAS,W
22019,MIL,Milwaukee Bucks,0021900751,2020-02-04,MIL @ NOP,W
22019,POR,Portland Trail Blazers,0021900753,2020-02-04,POR @ DEN,L
22019,CHA,Charlotte Hornets,0021900752,2020-02-04,CHA @ HOU,L
22019,HOU,Houston Rockets,0021900752,2020-02-04,HOU vs. CHA,W
22019,LAC,LA Clippers,0021900763,2020-02-05,LAC vs. MIA,W
22019,ATL,Atlanta Hawks,0021900759,2020-02-05,ATL @ MIN,W
22019,GSW,Golden State Warriors,0021900757,2020-02-05,GSW @ BKN,L
22019,BOS,Boston Celtics,0021900756,2020-02-05,BOS vs. ORL,W
22019,TOR,Toronto Raptors,0021900758,2020-02-05,TOR vs. IND,W
22019,DET,Detroit Pistons,0021900755,2020-02-05,DET vs. PHX,W
22019,MIN,Minnesota Timberwolves,0021900759,2020-02-05,MIN vs. ATL,L
22019,ORL,Orlando Magic,0021900756,2020-02-05,ORL @ BOS,L
22019,OKC,Oklahoma City Thunder,0021900760,2020-02-05,OKC vs. CLE,W
22019,MEM,Memphis Grizzlies,0021900761,2020-02-05,MEM @ DAL,W
22019,UTA,Utah Jazz,0021900762,2020-02-05,UTA vs. DEN,L
22019,BKN,Brooklyn Nets,0021900757,2020-02-05,BKN vs. GSW,W
22019,MIA,Miami Heat,0021900763,2020-02-05,MIA @ LAC,L
22019,CLE,Cleveland Cavaliers,0021900760,2020-02-05,CLE @ OKC,L
22019,IND,Indiana Pacers,0021900758,2020-02-05,IND @ TOR,L
22019,DEN,Denver Nuggets,0021900762,2020-02-05,DEN @ UTA,W
22019,DAL,Dallas Mavericks,0021900761,2020-02-05,DAL vs. MEM,L
22019,PHX,Phoenix Suns,0021900755,2020-02-05,PHX @ DET,L
22019,HOU,Houston Rockets,0021900768,2020-02-06,HOU @ LAL,W
22019,PHI,Philadelphia 76ers,0021900766,2020-02-06,PHI @ MIL,L
22019,ORL,Orlando Magic,0021900764,2020-02-06,ORL @ NYK,L
22019,NYK,New York Knicks,0021900764,2020-02-06,NYK vs. ORL,W
22019,MIL,Milwaukee Bucks,0021900766,2020-02-06,MIL vs. PHI,W
22019,SAS,San Antonio Spurs,0021900767,2020-02-06,SAS @ POR,L
22019,POR,Portland Trail Blazers,0021900767,2020-02-06,POR vs. SAS,W
22019,CHI,Chicago Bulls,0021900765,2020-02-06,CHI vs. NOP,L
22019,NOP,New Orleans Pelicans,0021900765,2020-02-06,NOP @ CHI,W
22019,LAL,Los Angeles Lakers,0021900768,2020-02-06,LAL vs. HOU,L
22019,SAC,Sacramento Kings,0021900775,2020-02-07,SAC vs. MIA,W
22019,TOR,Toronto Raptors,0021900772,2020-02-07,TOR @ IND,W
22019,MEM,Memphis Grizzlies,0021900769,2020-02-07,MEM @ PHI,L
22019,HOU,Houston Rockets,0021900774,2020-02-07,HOU @ PHX,L
22019,UTA,Utah Jazz,0021900776,2020-02-07,UTA vs. POR,W
22019,MIA,Miami Heat,0021900775,2020-02-07,MIA @ SAC,L
22019,BOS,Boston Celtics,0021900771,2020-02-07,BOS vs. ATL,W
22019,ATL,Atlanta Hawks,0021900771,2020-02-07,ATL @ BOS,L
22019,WAS,Washington Wizards,0021900770,2020-02-07,WAS vs. DAL,W
22019,PHX,Phoenix Suns,0021900774,2020-02-07,PHX vs. HOU,W
22019,DET,Detroit Pistons,0021900773,2020-02-07,DET @ OKC,L
22019,IND,Indiana Pacers,0021900772,2020-02-07,IND vs. TOR,L
22019,POR,Portland Trail Blazers,0021900776,2020-02-07,POR @ UTA,L
22019,PHI,Philadelphia 76ers,0021900769,2020-02-07,PHI vs. MEM,W
22019,DAL,Dallas Mavericks,0021900770,2020-02-07,DAL @ WAS,L
22019,OKC,Oklahoma City Thunder,0021900773,2020-02-07,OKC vs. DET,W
22019,GSW,Golden State Warriors,0021900783,2020-02-08,GSW vs. LAL,L
22019,ORL,Orlando Magic,0021900777,2020-02-08,ORL vs. MIL,L
22019,LAC,LA Clippers,0021900782,2020-02-08,LAC @ MIN,L
22019,TOR,Toronto Raptors,0021900781,2020-02-08,TOR vs. BKN,W
22019,DET,Detroit Pistons,0021900779,2020-02-08,DET vs. NYK,L
22019,MIL,Milwaukee Bucks,0021900777,2020-02-08,MIL @ ORL,W
22019,NOP,New Orleans Pelicans,0021900780,2020-02-08,NOP @ IND,W
22019,DEN,Denver Nuggets,0021900784,2020-02-08,DEN @ PHX,W
22019,SAS,San Antonio Spurs,0021900785,2020-02-08,SAS @ SAC,L
22019,SAC,Sacramento Kings,0021900785,2020-02-08,SAC vs. SAS,W
22019,IND,Indiana Pacers,0021900780,2020-02-08,IND vs. NOP,L
22019,CHA,Charlotte Hornets,0021900778,2020-02-08,CHA vs. DAL,L
22019,PHX,Phoenix Suns,0021900784,2020-02-08,PHX vs. DEN,L
22019,LAL,Los Angeles Lakers,0021900783,2020-02-08,LAL @ GSW,W
22019,MIN,Minnesota Timberwolves,0021900782,2020-02-08,MIN vs. LAC,W
22019,BKN,Brooklyn Nets,0021900781,2020-02-08,BKN @ TOR,L
22019,NYK,New York Knicks,0021900779,2020-02-08,NYK @ DET,W
22019,DAL,Dallas Mavericks,0021900778,2020-02-08,DAL @ CHA,W
22019,POR,Portland Trail Blazers,0021900792,2020-02-09,POR vs. MIA,W
22019,ATL,Atlanta Hawks,0021900787,2020-02-09,ATL vs. NYK,W
22019,CHI,Chicago Bulls,0021900788,2020-02-09,CHI @ PHI,L
22019,MIA,Miami Heat,0021900792,2020-02-09,MIA @ POR,L
22019,NYK,New York Knicks,0021900787,2020-02-09,NYK @ ATL,L
22019,OKC,Oklahoma City Thunder,0021900786,2020-02-09,OKC vs. BOS,L
22019,LAC,LA Clippers,0021900791,2020-02-09,LAC @ CLE,W
22019,PHI,Philadelphia 76ers,0021900788,2020-02-09,PHI vs. CHI,W
22019,UTA,Utah Jazz,0021900790,2020-02-09,UTA @ HOU,W
22019,CLE,Cleveland Cavaliers,0021900791,2020-02-09,CLE vs. LAC,L
22019,BOS,Boston Celtics,0021900786,2020-02-09,BOS @ OKC,W
22019,HOU,Houston Rockets,0021900790,2020-02-09,HOU vs. UTA,L
22019,WAS,Washington Wizards,0021900789,2020-02-09,WAS vs. MEM,L
22019,MEM,Memphis Grizzlies,0021900789,2020-02-09,MEM @ WAS,W
22019,PHX,Phoenix Suns,0021900801,2020-02-10,PHX @ LAL,L
22019,GSW,Golden State Warriors,0021900800,2020-02-10,GSW vs. MIA,L
22019,SAC,Sacramento Kings,0021900797,2020-02-10,SAC @ MIL,L
22019,TOR,Toronto Raptors,0021900796,2020-02-10,TOR vs. MIN,W
22019,IND,Indiana Pacers,0021900794,2020-02-10,IND vs. BKN,L
22019,ATL,Atlanta Hawks,0021900795,2020-02-10,ATL @ ORL,L
22019,BKN,Brooklyn Nets,0021900794,2020-02-10,BKN @ IND,W
22019,LAL,Los Angeles Lakers,0021900801,2020-02-10,LAL vs. PHX,W
22019,MIL,Milwaukee Bucks,0021900797,2020-02-10,MIL vs. SAC,W
22019,DEN,Denver Nuggets,0021900799,2020-02-10,DEN vs. SAS,W
22019,ORL,Orlando Magic,0021900795,2020-02-10,ORL vs. ATL,W
22019,UTA,Utah Jazz,0021900798,2020-02-10,UTA @ DAL,W
22019,SAS,San Antonio Spurs,0021900799,2020-02-10,SAS @ DEN,L
22019,MIA,Miami Heat,0021900800,2020-02-10,MIA @ GSW,W
22019,MIN,Minnesota Timberwolves,0021900796,2020-02-10,MIN @ TOR,L
22019,DAL,Dallas Mavericks,0021900798,2020-02-10,DAL vs. UTA,L
22019,CHA,Charlotte Hornets,0021900793,2020-02-10,CHA @ DET,W
22019,DET,Detroit Pistons,0021900793,2020-02-10,DET vs. CHA,L
22019,LAC,LA Clippers,0021900802,2020-02-11,LAC @ PHI,L
22019,NOP,New Orleans Pelicans,0021900804,2020-02-11,NOP vs. POR,W
22019,OKC,Oklahoma City Thunder,0021900805,2020-02-11,OKC vs. SAS,L
22019,HOU,Houston Rockets,0021900806,2020-02-11,HOU vs. BOS,W
22019,POR,Portland Trail Blazers,0021900804,2020-02-11,POR @ NOP,L
22019,WAS,Washington Wizards,0021900803,2020-02-11,WAS vs. CHI,W
22019,BOS,Boston Celtics,0021900806,2020-02-11,BOS @ HOU,L
22019,PHI,Philadelphia 76ers,0021900802,2020-02-11,PHI vs. LAC,W
22019,SAS,San Antonio Spurs,0021900805,2020-02-11,SAS @ OKC,W
22019,CHI,Chicago Bulls,0021900803,2020-02-11,CHI @ WAS,L
22019,DEN,Denver Nuggets,0021900817,2020-02-12,DEN vs. LAL,L
22019,UTA,Utah Jazz,0021900816,2020-02-12,UTA vs. MIA,W
22019,IND,Indiana Pacers,0021900810,2020-02-12,IND vs. MIL,W
22019,CHA,Charlotte Hornets,0021900813,2020-02-12,CHA @ MIN,W
22019,TOR,Toronto Raptors,0021900809,2020-02-12,TOR @ BKN,L
22019,WAS,Washington Wizards,0021900811,2020-02-12,WAS @ NYK,W
22019,DET,Detroit Pistons,0021900808,2020-02-12,DET @ ORL,L
22019,MIL,Milwaukee Bucks,0021900810,2020-02-12,MIL @ IND,L
22019,GSW,Golden State Warriors,0021900815,2020-02-12,GSW @ PHX,L
22019,MEM,Memphis Grizzlies,0021900812,2020-02-12,MEM vs. POR,W
22019,DAL,Dallas Mavericks,0021900814,2020-02-12,DAL vs. SAC,W
22019,CLE,Cleveland Cavaliers,0021900807,2020-02-12,CLE vs. ATL,W
22019,ATL,Atlanta Hawks,0021900807,2020-02-12,ATL @ CLE,L
22019,SAC,Sacramento Kings,0021900814,2020-02-12,SAC @ DAL,L
22019,LAL,Los Angeles Lakers,0021900817,2020-02-12,LAL @ DEN,W
22019,PHX,Phoenix Suns,0021900815,2020-02-12,PHX vs. GSW,W
22019,BKN,Brooklyn Nets,0021900809,2020-02-12,BKN vs. TOR,W
22019,MIA,Miami Heat,0021900816,2020-02-12,MIA @ UTA,L
22019,POR,Portland Trail Blazers,0021900812,2020-02-12,POR @ MEM,L
22019,NYK,New York Knicks,0021900811,2020-02-12,NYK vs. WAS,L
22019,ORL,Orlando Magic,0021900808,2020-02-12,ORL vs. DET,W
22019,MIN,Minnesota Timberwolves,0021900813,2020-02-12,MIN vs. CHA,L
22019,LAC,LA Clippers,0021900818,2020-02-13,LAC @ BOS,L
22019,OKC,Oklahoma City Thunder,0021900819,2020-02-13,OKC @ NOP,W
22019,BOS,Boston Celtics,0021900818,2020-02-13,BOS vs. LAC,W
22019,NOP,New Orleans Pelicans,0021900819,2020-02-13,NOP vs. OKC,L
22019,ATL,Atlanta Hawks,0021900821,2020-02-20,ATL vs. MIA,W
22019,DET,Detroit Pistons,0021900820,2020-02-20,DET vs. MIL,L
22019,PHI,Philadelphia 76ers,0021900822,2020-02-20,PHI vs. BKN,W
22019,BKN,Brooklyn Nets,0021900822,2020-02-20,BKN @ PHI,L
22019,MEM,Memphis Grizzlies,0021900824,2020-02-20,MEM @ SAC,L
22019,MIA,Miami Heat,0021900821,2020-02-20,MIA @ ATL,L
22019,CHA,Charlotte Hornets,0021900823,2020-02-20,CHA @ CHI,W
22019,HOU,Houston Rockets,0021900825,2020-02-20,HOU @ GSW,W
22019,GSW,Golden State Warriors,0021900825,2020-02-20,GSW vs. HOU,L
22019,SAC,Sacramento Kings,0021900824,2020-02-20,SAC vs. MEM,W
22019,MIL,Milwaukee Bucks,0021900820,2020-02-20,MIL @ DET,W
22019,CHI,Chicago Bulls,0021900823,2020-02-20,CHI vs. CHA,L
22019,MEM,Memphis Grizzlies,0021900833,2020-02-21,MEM @ LAL,L
22019,BOS,Boston Celtics,0021900830,2020-02-21,BOS @ MIN,W
22019,IND,Indiana Pacers,0021900828,2020-02-21,IND @ NYK,W
22019,DAL,Dallas Mavericks,0021900826,2020-02-21,DAL @ ORL,W
22019,NYK,New York Knicks,0021900828,2020-02-21,NYK vs. IND,L
22019,TOR,Toronto Raptors,0021900829,2020-02-21,TOR vs. PHX,W
22019,NOP,New Orleans Pelicans,0021900834,2020-02-21,NOP @ POR,W
22019,UTA,Utah Jazz,0021900832,2020-02-21,UTA vs. SAS,L
22019,MIN,Minnesota Timberwolves,0021900830,2020-02-21,MIN vs. BOS,L
22019,WAS,Washington Wizards,0021900827,2020-02-21,WAS vs. CLE,L
22019,POR,Portland Trail Blazers,0021900834,2020-02-21,POR vs. NOP,L
22019,ORL,Orlando Magic,0021900826,2020-02-21,ORL vs. DAL,L
22019,OKC,Oklahoma City Thunder,0021900831,2020-02-21,OKC vs. DEN,W
22019,DEN,Denver Nuggets,0021900831,2020-02-21,DEN @ OKC,L
22019,PHX,Phoenix Suns,0021900829,2020-02-21,PHX @ TOR,L
22019,SAS,San Antonio Spurs,0021900832,2020-02-21,SAS @ UTA,W
22019,LAL,Los Angeles Lakers,0021900833,2020-02-21,LAL vs. MEM,W
22019,CLE,Cleveland Cavaliers,0021900827,2020-02-21,CLE @ WAS,W
22019,CLE,Cleveland Cavaliers,0021900838,2020-02-22,CLE @ MIA,L
22019,PHI,Philadelphia 76ers,0021900840,2020-02-22,PHI @ MIL,L
22019,CHA,Charlotte Hornets,0021900836,2020-02-22,CHA vs. BKN,L
22019,MIL,Milwaukee Bucks,0021900840,2020-02-22,MIL vs. PHI,W
22019,CHI,Chicago Bulls,0021900839,2020-02-22,CHI vs. PHX,L
22019,LAC,LA Clippers,0021900835,2020-02-22,LAC vs. SAC,L
22019,DAL,Dallas Mavericks,0021900837,2020-02-22,DAL @ ATL,L
22019,MIA,Miami Heat,0021900838,2020-02-22,MIA vs. CLE,W
22019,PHX,Phoenix Suns,0021900839,2020-02-22,PHX @ CHI,W
22019,ATL,Atlanta Hawks,0021900837,2020-02-22,ATL vs. DAL,W
22019,UTA,Utah Jazz,0021900841,2020-02-22,UTA vs. HOU,L
22019,SAC,Sacramento Kings,0021900835,2020-02-22,SAC @ LAC,W
22019,HOU,Houston Rockets,0021900841,2020-02-22,HOU @ UTA,W
22019,BKN,Brooklyn Nets,0021900836,2020-02-22,BKN @ CHA,W
22019,BOS,Boston Celtics,0021900842,2020-02-23,BOS @ LAL,L
22019,DEN,Denver Nuggets,0021900844,2020-02-23,DEN vs. MIN,W
22019,TOR,Toronto Raptors,0021900843,2020-02-23,TOR vs. IND,W
22019,DET,Detroit Pistons,0021900848,2020-02-23,DET @ POR,L
22019,OKC,Oklahoma City Thunder,0021900846,2020-02-23,OKC vs. SAS,W
22019,LAL,Los Angeles Lakers,0021900842,2020-02-23,LAL vs. BOS,W
22019,GSW,Golden State Warriors,0021900847,2020-02-23,GSW vs. NOP,L
22019,WAS,Washington Wizards,0021900845,2020-02-23,WAS @ CHI,L
22019,MIN,Minnesota Timberwolves,0021900844,2020-02-23,MIN @ DEN,L
22019,NOP,New Orleans Pelicans,0021900847,2020-02-23,NOP @ GSW,W
22019,SAS,San Antonio Spurs,0021900846,2020-02-23,SAS @ OKC,L
22019,IND,Indiana Pacers,0021900843,2020-02-23,IND @ TOR,L
22019,CHI,Chicago Bulls,0021900845,2020-02-23,CHI vs. WAS,W
22019,POR,Portland Trail Blazers,0021900848,2020-02-23,POR vs. DET,W
22019,CLE,Cleveland Cavaliers,0021900849,2020-02-24,CLE vs. MIA,W
22019,WAS,Washington Wizards,0021900851,2020-02-24,WAS vs. MIL,L
22019,DAL,Dallas Mavericks,0021900854,2020-02-24,DAL vs. MIN,W
22019,ORL,Orlando Magic,0021900852,2020-02-24,ORL @ BKN,W
22019,HOU,Houston Rockets,0021900853,2020-02-24,HOU vs. NYK,W
22019,BKN,Brooklyn Nets,0021900852,2020-02-24,BKN vs. ORL,L
22019,ATL,Atlanta Hawks,0021900850,2020-02-24,ATL @ PHI,L
22019,UTA,Utah Jazz,0021900855,2020-02-24,UTA vs. PHX,L
22019,PHI,Philadelphia 76ers,0021900850,2020-02-24,PHI vs. ATL,W
22019,MIA,Miami Heat,0021900849,2020-02-24,MIA @ CLE,L
22019,MIN,Minnesota Timberwolves,0021900854,2020-02-24,MIN @ DAL,L
22019,NYK,New York Knicks,0021900853,2020-02-24,NYK @ HOU,L
22019,MEM,Memphis Grizzlies,0021900856,2020-02-24,MEM @ LAC,L
22019,PHX,Phoenix Suns,0021900855,2020-02-24,PHX @ UTA,W
22019,LAC,LA Clippers,0021900856,2020-02-24,LAC vs. MEM,W
22019,MIL,Milwaukee Bucks,0021900851,2020-02-24,MIL @ WAS,W
22019,NOP,New Orleans Pelicans,0021900861,2020-02-25,NOP @ LAL,L
22019,TOR,Toronto Raptors,0021900858,2020-02-25,TOR vs. MIL,L
22019,CHA,Charlotte Hornets,0021900857,2020-02-25,CHA @ IND,L
22019,BOS,Boston Celtics,0021900862,2020-02-25,BOS @ POR,W
22019,GSW,Golden State Warriors,0021900863,2020-02-25,GSW vs. SAC,L
22019,POR,Portland Trail Blazers,0021900862,2020-02-25,POR vs. BOS,L
22019,LAL,Los Angeles Lakers,0021900861,2020-02-25,LAL vs. NOP,W
22019,OKC,Oklahoma City Thunder,0021900859,2020-02-25,OKC @ CHI,W
22019,DET,Detroit Pistons,0021900860,2020-02-25,DET @ DEN,L
22019,SAC,Sacramento Kings,0021900863,2020-02-25,SAC @ GSW,W
22019,CHI,Chicago Bulls,0021900859,2020-02-25,CHI vs. OKC,L
22019,MIL,Milwaukee Bucks,0021900858,2020-02-25,MIL @ TOR,W
22019,DEN,Denver Nuggets,0021900860,2020-02-25,DEN vs. DET,W
22019,IND,Indiana Pacers,0021900857,2020-02-25,IND vs. CHA,W
22019,MIN,Minnesota Timberwolves,0021900868,2020-02-26,MIN @ MIA,W
22019,MIA,Miami Heat,0021900868,2020-02-26,MIA vs. MIN,L
22019,WAS,Washington Wizards,0021900866,2020-02-26,WAS vs. BKN,W
22019,CHA,Charlotte Hornets,0021900864,2020-02-26,CHA vs. NYK,W
22019,ATL,Atlanta Hawks,0021900867,2020-02-26,ATL vs. ORL,L
22019,CLE,Cleveland Cavaliers,0021900865,2020-02-26,CLE vs. PHI,W
22019,LAC,LA Clippers,0021900871,2020-02-26,LAC @ PHX,W
22019,DAL,Dallas Mavericks,0021900869,2020-02-26,DAL @ SAS,W
22019,ORL,Orlando Magic,0021900867,2020-02-26,ORL @ ATL,W
22019,UTA,Utah Jazz,0021900872,2020-02-26,UTA vs. BOS,L
22019,PHI,Philadelphia 76ers,0021900865,2020-02-26,PHI @ CLE,L
22019,SAS,San Antonio Spurs,0021900869,2020-02-26,SAS vs. DAL,L
22019,MEM,Memphis Grizzlies,0021900870,2020-02-26,MEM @ HOU,L
22019,PHX,Phoenix Suns,0021900871,2020-02-26,PHX vs. LAC,L
22019,BOS,Boston Celtics,0021900872,2020-02-26,BOS @ UTA,W
22019,HOU,Houston Rockets,0021900870,2020-02-26,HOU vs. MEM,W
22019,BKN,Brooklyn Nets,0021900866,2020-02-26,BKN @ WAS,L
22019,NYK,New York Knicks,0021900864,2020-02-26,NYK @ CHA,L
22019,GSW,Golden State Warriors,0021900876,2020-02-27,GSW vs. LAL,L
22019,PHI,Philadelphia 76ers,0021900873,2020-02-27,PHI vs. NYK,W
22019,POR,Portland Trail Blazers,0021900874,2020-02-27,POR @ IND,L
22019,NYK,New York Knicks,0021900873,2020-02-27,NYK @ PHI,L
22019,IND,Indiana Pacers,0021900874,2020-02-27,IND vs. POR,W
22019,OKC,Oklahoma City Thunder,0021900875,2020-02-27,OKC vs. SAC,W
22019,LAL,Los Angeles Lakers,0021900876,2020-02-27,LAL @ GSW,W
22019,SAC,Sacramento Kings,0021900875,2020-02-27,SAC @ OKC,L
22019,DAL,Dallas Mavericks,0021900880,2020-02-28,DAL @ MIA,L
22019,OKC,Oklahoma City Thunder,0021900882,2020-02-28,OKC @ MIL,L
22019,ORL,Orlando Magic,0021900877,2020-02-28,ORL vs. MIN,W
22019,ATL,Atlanta Hawks,0021900878,2020-02-28,ATL vs. BKN,W
22019,MIN,Minnesota Timberwolves,0021900877,2020-02-28,MIN @ ORL,L
22019,DET,Detroit Pistons,0021900884,2020-02-28,DET @ PHX,W
22019,MEM,Memphis Grizzlies,0021900881,2020-02-28,MEM vs. SAC,L
22019,BKN,Brooklyn Nets,0021900878,2020-02-28,BKN @ ATL,L
22019,NOP,New Orleans Pelicans,0021900883,2020-02-28,NOP vs. CLE,W
22019,CLE,Cleveland Cavaliers,0021900883,2020-02-28,CLE @ NOP,L
22019,MIA,Miami Heat,0021900880,2020-02-28,MIA vs. DAL,W
22019,LAC,LA Clippers,0021900886,2020-02-28,LAC vs. DEN,W
22019,DEN,Denver Nuggets,0021900886,2020-02-28,DEN @ LAC,L
22019,MIL,Milwaukee Bucks,0021900882,2020-02-28,MIL vs. OKC,W
22019,CHA,Charlotte Hornets,0021900879,2020-02-28,CHA @ TOR,W
22019,WAS,Washington Wizards,0021900885,2020-02-28,WAS @ UTA,L
22019,SAC,Sacramento Kings,0021900881,2020-02-28,SAC @ MEM,W
22019,UTA,Utah Jazz,0021900885,2020-02-28,UTA vs. WAS,W
22019,PHX,Phoenix Suns,0021900884,2020-02-28,PHX vs. DET,L
22019,TOR,Toronto Raptors,0021900879,2020-02-28,TOR vs. CHA,L
22019,MEM,Memphis Grizzlies,0021900891,2020-02-29,MEM vs. LAL,W
22019,BKN,Brooklyn Nets,0021900889,2020-02-29,BKN @ MIA,L
22019,MIA,Miami Heat,0021900889,2020-02-29,MIA vs. BKN,W
22019,CHI,Chicago Bulls,0021900887,2020-02-29,CHI @ NYK,L
22019,SAS,San Antonio Spurs,0021900893,2020-02-29,SAS vs. ORL,W
22019,CLE,Cleveland Cavaliers,0021900890,2020-02-29,CLE vs. IND,L
22019,GSW,Golden State Warriors,0021900894,2020-02-29,GSW @ PHX,W
22019,ATL,Atlanta Hawks,0021900888,2020-02-29,ATL vs. POR,W
22019,ORL,Orlando Magic,0021900893,2020-02-29,ORL @ SAS,L
22019,POR,Portland Trail Blazers,0021900888,2020-02-29,POR @ ATL,L
22019,HOU,Houston Rockets,0021900892,2020-02-29,HOU @ BOS,W
22019,IND,Indiana Pacers,0021900890,2020-02-29,IND @ CLE,W
22019,NYK,New York Knicks,0021900887,2020-02-29,NYK vs. CHI,W
22019,PHX,Phoenix Suns,0021900894,2020-02-29,PHX vs. GSW,L
22019,BOS,Boston Celtics,0021900892,2020-02-29,BOS vs. HOU,L
22019,LAL,Los Angeles Lakers,0021900891,2020-02-29,LAL @ MEM,L
22019,NOP,New Orleans Pelicans,0021900900,2020-03-01,NOP vs. LAL,L
22019,CHA,Charlotte Hornets,0021900895,2020-03-01,CHA vs. MIL,L
22019,DAL,Dallas Mavericks,0021900896,2020-03-01,DAL @ MIN,W
22019,LAC,LA Clippers,0021900897,2020-03-01,LAC vs. PHI,W
22019,DET,Detroit Pistons,0021900899,2020-03-01,DET @ SAC,L
22019,LAL,Los Angeles Lakers,0021900900,2020-03-01,LAL @ NOP,W
22019,MIN,Minnesota Timberwolves,0021900896,2020-03-01,MIN vs. DAL,L
22019,TOR,Toronto Raptors,0021900898,2020-03-01,TOR @ DEN,L
22019,WAS,Washington Wizards,0021900901,2020-03-01,WAS @ GSW,W
22019,PHI,Philadelphia 76ers,0021900897,2020-03-01,PHI @ LAC,L
22019,DEN,Denver Nuggets,0021900898,2020-03-01,DEN vs. TOR,W
22019,GSW,Golden State Warriors,0021900901,2020-03-01,GSW vs. WAS,L
22019,SAC,Sacramento Kings,0021900899,2020-03-01,SAC vs. DET,W
22019,MIL,Milwaukee Bucks,0021900895,2020-03-01,MIL @ CHA,W
22019,MIL,Milwaukee Bucks,0021900906,2020-03-02,MIL @ MIA,L
22019,MIA,Miami Heat,0021900906,2020-03-02,MIA vs. MIL,W
22019,HOU,Houston Rockets,0021900903,2020-03-02,HOU @ NYK,L
22019,POR,Portland Trail Blazers,0021900904,2020-03-02,POR @ ORL,W
22019,SAS,San Antonio Spurs,0021900908,2020-03-02,SAS vs. IND,L
22019,ORL,Orlando Magic,0021900904,2020-03-02,ORL vs. POR,L
22019,IND,Indiana Pacers,0021900908,2020-03-02,IND @ SAS,W
22019,MEM,Memphis Grizzlies,0021900905,2020-03-02,MEM @ ATL,W
22019,UTA,Utah Jazz,0021900902,2020-03-02,UTA @ CLE,W
22019,DAL,Dallas Mavericks,0021900907,2020-03-02,DAL @ CHI,L
22019,CHI,Chicago Bulls,0021900907,2020-03-02,CHI vs. DAL,W
22019,NYK,New York Knicks,0021900903,2020-03-02,NYK vs. HOU,W
22019,CLE,Cleveland Cavaliers,0021900902,2020-03-02,CLE vs. UTA,L
22019,ATL,Atlanta Hawks,0021900905,2020-03-02,ATL vs. MEM,L
22019,PHI,Philadelphia 76ers,0021900915,2020-03-03,PHI @ LAL,L
22019,NOP,New Orleans Pelicans,0021900911,2020-03-03,NOP vs. MIN,L
22019,BOS,Boston Celtics,0021900910,2020-03-03,BOS vs. BKN,L
22019,LAL,Los Angeles Lakers,0021900915,2020-03-03,LAL vs. PHI,W
22019,TOR,Toronto Raptors,0021900914,2020-03-03,TOR @ PHX,W
22019,WAS,Washington Wizards,0021900916,2020-03-03,WAS @ SAC,L
22019,CHA,Charlotte Hornets,0021900909,2020-03-03,CHA vs. SAS,L
22019,BKN,Brooklyn Nets,0021900910,2020-03-03,BKN @ BOS,W
22019,MIN,Minnesota Timberwolves,0021900911,2020-03-03,MIN @ NOP,W
22019,GSW,Golden State Warriors,0021900913,2020-03-03,GSW @ DEN,W
22019,DEN,Denver Nuggets,0021900913,2020-03-03,DEN vs. GSW,L
22019,OKC,Oklahoma City Thunder,0021900912,2020-03-03,OKC vs. LAC,L
22019,LAC,LA Clippers,0021900912,2020-03-03,LAC @ OKC,W
22019,PHX,Phoenix Suns,0021900914,2020-03-03,PHX vs. TOR,L
22019,SAC,Sacramento Kings,0021900916,2020-03-03,SAC vs. WAS,W
22019,SAS,San Antonio Spurs,0021900909,2020-03-03,SAS @ CHA,W
22019,ORL,Orlando Magic,0021900919,2020-03-04,ORL @ MIA,L
22019,IND,Indiana Pacers,0021900924,2020-03-04,IND @ MIL,L
22019,CHI,Chicago Bulls,0021900922,2020-03-04,CHI @ MIN,L
22019,MEM,Memphis Grizzlies,0021900920,2020-03-04,MEM @ BKN,W
22019,UTA,Utah Jazz,0021900921,2020-03-04,UTA @ NYK,W
22019,MIA,Miami Heat,0021900919,2020-03-04,MIA vs. ORL,W
22019,MIL,Milwaukee Bucks,0021900924,2020-03-04,MIL vs. IND,W
22019,WAS,Washington Wizards,0021900925,2020-03-04,WAS @ POR,L
22019,CLE,Cleveland Cavaliers,0021900917,2020-03-04,CLE vs. BOS,L
22019,BOS,Boston Celtics,0021900917,2020-03-04,BOS @ CLE,W
22019,DAL,Dallas Mavericks,0021900923,2020-03-04,DAL vs. NOP,W
22019,MIN,Minnesota Timberwolves,0021900922,2020-03-04,MIN vs. CHI,W
22019,NOP,New Orleans Pelicans,0021900923,2020-03-04,NOP @ DAL,L
22019,DET,Detroit Pistons,0021900918,2020-03-04,DET vs. OKC,L
22019,NYK,New York Knicks,0021900921,2020-03-04,NYK vs. UTA,L
22019,BKN,Brooklyn Nets,0021900920,2020-03-04,BKN vs. MEM,L
22019,POR,Portland Trail Blazers,0021900925,2020-03-04,POR vs. WAS,W
22019,OKC,Oklahoma City Thunder,0021900918,2020-03-04,OKC @ DET,W
22019,SAC,Sacramento Kings,0021900928,2020-03-05,SAC vs. PHI,L
22019,PHI,Philadelphia 76ers,0021900928,2020-03-05,PHI @ SAC,W
22019,CHA,Charlotte Hornets,0021900926,2020-03-05,CHA vs. DEN,L
22019,TOR,Toronto Raptors,0021900929,2020-03-05,TOR @ GSW,W
22019,LAC,LA Clippers,0021900927,2020-03-05,LAC @ HOU,W
22019,HOU,Houston Rockets,0021900927,2020-03-05,HOU vs. LAC,L
22019,GSW,Golden State Warriors,0021900929,2020-03-05,GSW vs. TOR,L
22019,DEN,Denver Nuggets,0021900926,2020-03-05,DEN @ CHA,W
22019,MIL,Milwaukee Bucks,0021900939,2020-03-06,MIL @ LAL,L
22019,NOP,New Orleans Pelicans,0021900936,2020-03-06,NOP vs. MIA,W
22019,LAL,Los Angeles Lakers,0021900939,2020-03-06,LAL vs. MIL,W
22019,ORL,Orlando Magic,0021900935,2020-03-06,ORL @ MIN,W
22019,SAS,San Antonio Spurs,0021900931,2020-03-06,SAS @ BKN,L
22019,OKC,Oklahoma City Thunder,0021900932,2020-03-06,OKC @ NYK,W
22019,MIN,Minnesota Timberwolves,0021900935,2020-03-06,MIN vs. ORL,L
22019,CHI,Chicago Bulls,0021900934,2020-03-06,CHI vs. IND,L
22019,POR,Portland Trail Blazers,0021900938,2020-03-06,POR @ PHX,L
22019,PHX,Phoenix Suns,0021900938,2020-03-06,PHX vs. POR,W
22019,BKN,Brooklyn Nets,0021900931,2020-03-06,BKN vs. SAS,W
22019,WAS,Washington Wizards,0021900930,2020-03-06,WAS vs. ATL,W
22019,UTA,Utah Jazz,0021900933,2020-03-06,UTA @ BOS,W
22019,MIA,Miami Heat,0021900936,2020-03-06,MIA @ NOP,L
22019,IND,Indiana Pacers,0021900934,2020-03-06,IND @ CHI,W
22019,MEM,Memphis Grizzlies,0021900937,2020-03-06,MEM @ DAL,L
22019,NYK,New York Knicks,0021900932,2020-03-06,NYK vs. OKC,L
22019,BOS,Boston Celtics,0021900933,2020-03-06,BOS vs. UTA,L
22019,DAL,Dallas Mavericks,0021900937,2020-03-06,DAL vs. MEM,W
22019,ATL,Atlanta Hawks,0021900930,2020-03-06,ATL @ WAS,L
22019,GSW,Golden State Warriors,0021900944,2020-03-07,GSW vs. PHI,W
22019,SAC,Sacramento Kings,0021900945,2020-03-07,SAC @ POR,W
22019,POR,Portland Trail Blazers,0021900945,2020-03-07,POR vs. SAC,L
22019,MEM,Memphis Grizzlies,0021900943,2020-03-07,MEM vs. ATL,W
22019,DEN,Denver Nuggets,0021900942,2020-03-07,DEN @ CLE,L
22019,CLE,Cleveland Cavaliers,0021900942,2020-03-07,CLE vs. DEN,W
22019,PHI,Philadelphia 76ers,0021900944,2020-03-07,PHI @ GSW,L
22019,CHA,Charlotte Hornets,0021900940,2020-03-07,CHA vs. HOU,W
22019,DET,Detroit Pistons,0021900941,2020-03-07,DET vs. UTA,L
22019,ATL,Atlanta Hawks,0021900943,2020-03-07,ATL @ MEM,L
22019,UTA,Utah Jazz,0021900941,2020-03-07,UTA @ DET,W
22019,HOU,Houston Rockets,0021900940,2020-03-07,HOU @ CHA,L
22019,LAC,LA Clippers,0021900948,2020-03-08,LAC vs. LAL,L
22019,WAS,Washington Wizards,0021900951,2020-03-08,WAS vs. MIA,L
22019,PHX,Phoenix Suns,0021900950,2020-03-08,PHX vs. MIL,W
22019,NOP,New Orleans Pelicans,0021900947,2020-03-08,NOP @ MIN,W
22019,CHI,Chicago Bulls,0021900946,2020-03-08,CHI @ BKN,L
22019,DET,Detroit Pistons,0021900955,2020-03-08,DET @ NYK,L
22019,HOU,Houston Rockets,0021900953,2020-03-08,HOU vs. ORL,L
22019,DAL,Dallas Mavericks,0021900952,2020-03-08,DAL vs. IND,L
22019,MIL,Milwaukee Bucks,0021900950,2020-03-08,MIL @ PHX,L
22019,TOR,Toronto Raptors,0021900956,2020-03-08,TOR @ SAC,W
22019,CLE,Cleveland Cavaliers,0021900954,2020-03-08,CLE vs. SAS,W
22019,OKC,Oklahoma City Thunder,0021900949,2020-03-08,OKC @ BOS,W
22019,SAS,San Antonio Spurs,0021900954,2020-03-08,SAS @ CLE,L
22019,MIN,Minnesota Timberwolves,0021900947,2020-03-08,MIN vs. NOP,L
22019,BKN,Brooklyn Nets,0021900946,2020-03-08,BKN vs. CHI,W
22019,IND,Indiana Pacers,0021900952,2020-03-08,IND @ DAL,W
22019,ORL,Orlando Magic,0021900953,2020-03-08,ORL @ HOU,W
22019,LAL,Los Angeles Lakers,0021900948,2020-03-08,LAL @ LAC,W
22019,BOS,Boston Celtics,0021900949,2020-03-08,BOS vs. OKC,L
22019,SAC,Sacramento Kings,0021900956,2020-03-08,SAC vs. TOR,L
22019,MIA,Miami Heat,0021900951,2020-03-08,MIA @ WAS,W
22019,NYK,New York Knicks,0021900955,2020-03-08,NYK vs. DET,W
22019,DEN,Denver Nuggets,0021900958,2020-03-09,DEN vs. MIL,W
22019,CHA,Charlotte Hornets,0021900957,2020-03-09,CHA @ ATL,L
22019,MIL,Milwaukee Bucks,0021900958,2020-03-09,MIL @ DEN,L
22019,UTA,Utah Jazz,0021900959,2020-03-09,UTA vs. TOR,L
22019,TOR,Toronto Raptors,0021900959,2020-03-09,TOR @ UTA,W
22019,ATL,Atlanta Hawks,0021900957,2020-03-09,ATL vs. CHA,W
22019,BKN,Brooklyn Nets,0021900968,2020-03-10,BKN @ LAL,W
22019,HOU,Houston Rockets,0021900963,2020-03-10,HOU vs. MIN,W
22019,LAL,Los Angeles Lakers,0021900968,2020-03-10,LAL vs. BKN,L
22019,WAS,Washington Wizards,0021900961,2020-03-10,WAS vs. NYK,W
22019,MEM,Memphis Grizzlies,0021900964,2020-03-10,MEM vs. ORL,L
22019,BOS,Boston Celtics,0021900960,2020-03-10,BOS @ IND,W
22019,POR,Portland Trail Blazers,0021900966,2020-03-10,POR vs. PHX,W
22019,PHX,Phoenix Suns,0021900966,2020-03-10,PHX @ POR,L
22019,DAL,Dallas Mavericks,0021900965,2020-03-10,DAL @ SAS,L
22019,IND,Indiana Pacers,0021900960,2020-03-10,IND vs. BOS,L
22019,CHI,Chicago Bulls,0021900962,2020-03-10,CHI vs. CLE,W
22019,CLE,Cleveland Cavaliers,0021900962,2020-03-10,CLE @ CHI,L
22019,SAS,San Antonio Spurs,0021900965,2020-03-10,SAS vs. DAL,W
22019,LAC,LA Clippers,0021900967,2020-03-10,LAC @ GSW,W
22019,MIN,Minnesota Timberwolves,0021900963,2020-03-10,MIN @ HOU,L
22019,GSW,Golden State Warriors,0021900967,2020-03-10,GSW vs. LAC,L
22019,ORL,Orlando Magic,0021900964,2020-03-10,ORL @ MEM,W
22019,NYK,New York Knicks,0021900961,2020-03-10,NYK @ WAS,L
22019,CHA,Charlotte Hornets,0021900970,2020-03-11,CHA @ MIA,W
22019,ATL,Atlanta Hawks,0021900969,2020-03-11,ATL vs. NYK,L
22019,DET,Detroit Pistons,0021900971,2020-03-11,DET @ PHI,L
22019,NYK,New York Knicks,0021900969,2020-03-11,NYK @ ATL,W
22019,DEN,Denver Nuggets,0021900973,2020-03-11,DEN @ DAL,L
22019,DAL,Dallas Mavericks,0021900973,2020-03-11,DAL vs. DEN,W
22019,PHI,Philadelphia 76ers,0021900971,2020-03-11,PHI vs. DET,W
22019,MIA,Miami Heat,0021900970,2020-03-11,MIA vs. CHA,L
22019,LAC,LA Clippers,0021901232,2020-07-30,LAC @ LAL,L
22019,UTA,Utah Jazz,0021901231,2020-07-30,UTA @ NOP,W
22019,LAL,Los Angeles Lakers,0021901232,2020-07-30,LAL vs. LAC,W
22019,NOP,New Orleans Pelicans,0021901231,2020-07-30,NOP vs. UTA,L
22019,BOS,Boston Celtics,0021901236,2020-07-31,BOS @ MIL,L
22019,ORL,Orlando Magic,0021901233,2020-07-31,ORL @ BKN,W
22019,BKN,Brooklyn Nets,0021901233,2020-07-31,BKN vs. ORL,L
22019,WAS,Washington Wizards,0021901235,2020-07-31,WAS vs. PHX,L
22019,MEM,Memphis Grizzlies,0021901234,2020-07-31,MEM @ POR,L
22019,SAS,San Antonio Spurs,0021901237,2020-07-31,SAS vs. SAC,W
22019,SAC,Sacramento Kings,0021901237,2020-07-31,SAC @ SAS,L
22019,MIL,Milwaukee Bucks,0021901236,2020-07-31,MIL vs. BOS,W
22019,HOU,Houston Rockets,0021901238,2020-07-31,HOU @ DAL,W
22019,DAL,Dallas Mavericks,0021901238,2020-07-31,DAL vs. HOU,L
22019,POR,Portland Trail Blazers,0021901234,2020-07-31,POR vs. MEM,W
22019,PHX,Phoenix Suns,0021901235,2020-07-31,PHX @ WAS,W
22019,TOR,Toronto Raptors,0021901243,2020-08-01,TOR vs. LAL,W
22019,DEN,Denver Nuggets,0021901239,2020-08-01,DEN vs. MIA,L
22019,PHI,Philadelphia 76ers,0021901242,2020-08-01,PHI @ IND,L
22019,IND,Indiana Pacers,0021901242,2020-08-01,IND vs. PHI,W
22019,LAC,LA Clippers,0021901241,2020-08-01,LAC vs. NOP,W
22019,MIA,Miami Heat,0021901239,2020-08-01,MIA @ DEN,W
22019,NOP,New Orleans Pelicans,0021901241,2020-08-01,NOP @ LAC,L
22019,UTA,Utah Jazz,0021901240,2020-08-01,UTA @ OKC,L
22019,LAL,Los Angeles Lakers,0021901243,2020-08-01,LAL @ TOR,L
22019,OKC,Oklahoma City Thunder,0021901240,2020-08-01,OKC vs. UTA,W
22019,HOU,Houston Rockets,0021901248,2020-08-02,HOU vs. MIL,W
22019,WAS,Washington Wizards,0021901244,2020-08-02,WAS @ BKN,L
22019,SAC,Sacramento Kings,0021901247,2020-08-02,SAC @ ORL,L
22019,DAL,Dallas Mavericks,0021901249,2020-08-02,DAL @ PHX,L
22019,BOS,Boston Celtics,0021901245,2020-08-02,BOS vs. POR,W
22019,ORL,Orlando Magic,0021901247,2020-08-02,ORL vs. SAC,W
22019,MEM,Memphis Grizzlies,0021901246,2020-08-02,MEM vs. SAS,L
22019,POR,Portland Trail Blazers,0021901245,2020-08-02,POR @ BOS,L
22019,PHX,Phoenix Suns,0021901249,2020-08-02,PHX vs. DAL,W
22019,MIL,Milwaukee Bucks,0021901248,2020-08-02,MIL @ HOU,L
22019,SAS,San Antonio Spurs,0021901246,2020-08-02,SAS @ MEM,W
22019,BKN,Brooklyn Nets,0021901244,2020-08-02,BKN vs. WAS,W
22019,UTA,Utah Jazz,0021901255,2020-08-03,UTA vs. LAL,L
22019,TOR,Toronto Raptors,0021901250,2020-08-03,TOR @ MIA,W
22019,WAS,Washington Wizards,0021901252,2020-08-03,WAS vs. IND,L
22019,SAS,San Antonio Spurs,0021901254,2020-08-03,SAS @ PHI,L
22019,PHI,Philadelphia 76ers,0021901254,2020-08-03,PHI vs. SAS,W
22019,MEM,Memphis Grizzlies,0021901253,2020-08-03,MEM @ NOP,L
22019,OKC,Oklahoma City Thunder,0021901251,2020-08-03,OKC vs. DEN,L
22019,DEN,Denver Nuggets,0021901251,2020-08-03,DEN @ OKC,W
22019,MIA,Miami Heat,0021901250,2020-08-03,MIA vs. TOR,L
22019,LAL,Los Angeles Lakers,0021901255,2020-08-03,LAL @ UTA,W
22019,NOP,New Orleans Pelicans,0021901253,2020-08-03,NOP vs. MEM,W
22019,IND,Indiana Pacers,0021901252,2020-08-03,IND @ WAS,W
22019,BOS,Boston Celtics,0021901260,2020-08-04,BOS @ MIA,L
22019,BKN,Brooklyn Nets,0021901256,2020-08-04,BKN @ MIL,W
22019,MIL,Milwaukee Bucks,0021901256,2020-08-04,MIL vs. BKN,L
22019,IND,Indiana Pacers,0021901259,2020-08-04,IND vs. ORL,W
22019,ORL,Orlando Magic,0021901259,2020-08-04,ORL @ IND,L
22019,LAC,LA Clippers,0021901258,2020-08-04,LAC vs. PHX,L
22019,HOU,Houston Rockets,0021901261,2020-08-04,HOU @ POR,L
22019,DAL,Dallas Mavericks,0021901257,2020-08-04,DAL @ SAC,W
22019,MIA,Miami Heat,0021901260,2020-08-04,MIA vs. BOS,W
22019,SAC,Sacramento Kings,0021901257,2020-08-04,SAC vs. DAL,L
22019,POR,Portland Trail Blazers,0021901261,2020-08-04,POR vs. HOU,W
22019,PHX,Phoenix Suns,0021901258,2020-08-04,PHX @ LAC,W
22019,OKC,Oklahoma City Thunder,0021901265,2020-08-05,OKC @ LAL,W
22019,BOS,Boston Celtics,0021901267,2020-08-05,BOS vs. BKN,W
22019,TOR,Toronto Raptors,0021901266,2020-08-05,TOR @ ORL,W
22019,WAS,Washington Wizards,0021901263,2020-08-05,WAS vs. PHI,L
22019,DEN,Denver Nuggets,0021901264,2020-08-05,DEN @ SAS,W
22019,BKN,Brooklyn Nets,0021901267,2020-08-05,BKN @ BOS,L
22019,SAS,San Antonio Spurs,0021901264,2020-08-05,SAS vs. DEN,L
22019,LAL,Los Angeles Lakers,0021901265,2020-08-05,LAL vs. OKC,L
22019,ORL,Orlando Magic,0021901266,2020-08-05,ORL vs. TOR,L
22019,MEM,Memphis Grizzlies,0021901262,2020-08-05,MEM @ UTA,L
22019,UTA,Utah Jazz,0021901262,2020-08-05,UTA vs. MEM,W
22019,PHI,Philadelphia 76ers,0021901263,2020-08-05,PHI @ WAS,W
22019,HOU,Houston Rockets,0021901273,2020-08-06,HOU vs. LAL,W
22019,MIL,Milwaukee Bucks,0021901269,2020-08-06,MIL vs. MIA,W
22019,MIA,Miami Heat,0021901269,2020-08-06,MIA @ MIL,L
22019,PHX,Phoenix Suns,0021901270,2020-08-06,PHX vs. IND,W
22019,IND,Indiana Pacers,0021901270,2020-08-06,IND @ PHX,L
22019,DEN,Denver Nuggets,0021901272,2020-08-06,DEN vs. POR,L
22019,NOP,New Orleans Pelicans,0021901268,2020-08-06,NOP @ SAC,L
22019,SAC,Sacramento Kings,0021901268,2020-08-06,SAC vs. NOP,W
22019,LAC,LA Clippers,0021901271,2020-08-06,LAC @ DAL,W
22019,POR,Portland Trail Blazers,0021901272,2020-08-06,POR @ DEN,W
22019,LAL,Los Angeles Lakers,0021901273,2020-08-06,LAL @ HOU,L
22019,DAL,Dallas Mavericks,0021901271,2020-08-06,DAL vs. LAC,L
22019,SAC,Sacramento Kings,0021901276,2020-08-07,SAC @ BKN,L
22019,PHI,Philadelphia 76ers,0021901277,2020-08-07,PHI vs. ORL,W
22019,ORL,Orlando Magic,0021901277,2020-08-07,ORL @ PHI,L
22019,BKN,Brooklyn Nets,0021901276,2020-08-07,BKN vs. SAC,W
22019,UTA,Utah Jazz,0021901274,2020-08-07,UTA @ SAS,L
22019,TOR,Toronto Raptors,0021901279,2020-08-07,TOR vs. BOS,L
22019,WAS,Washington Wizards,0021901278,2020-08-07,WAS @ NOP,L
22019,MEM,Memphis Grizzlies,0021901275,2020-08-07,MEM vs. OKC,W
22019,BOS,Boston Celtics,0021901279,2020-08-07,BOS @ TOR,W
22019,SAS,San Antonio Spurs,0021901274,2020-08-07,SAS vs. UTA,W
22019,OKC,Oklahoma City Thunder,0021901275,2020-08-07,OKC @ MEM,L
22019,NOP,New Orleans Pelicans,0021901278,2020-08-07,NOP vs. WAS,W
22019,IND,Indiana Pacers,0021901282,2020-08-08,IND vs. LAL,W
22019,PHX,Phoenix Suns,0021901283,2020-08-08,PHX @ MIA,W
22019,DAL,Dallas Mavericks,0021901284,2020-08-08,DAL vs. MIL,W
22019,LAL,Los Angeles Lakers,0021901282,2020-08-08,LAL @ IND,L
22019,MIA,Miami Heat,0021901283,2020-08-08,MIA vs. PHX,L
22019,LAC,LA Clippers,0021901280,2020-08-08,LAC @ POR,W
22019,MIL,Milwaukee Bucks,0021901284,2020-08-08,MIL @ DAL,L
22019,UTA,Utah Jazz,0021901281,2020-08-08,UTA @ DEN,L
22019,POR,Portland Trail Blazers,0021901280,2020-08-08,POR vs. LAC,L
22019,DEN,Denver Nuggets,0021901281,2020-08-08,DEN vs. UTA,W
22019,LAC,LA Clippers,0021901291,2020-08-09,LAC vs. BKN,L
22019,BOS,Boston Celtics,0021901288,2020-08-09,BOS vs. ORL,W
22019,POR,Portland Trail Blazers,0021901289,2020-08-09,POR vs. PHI,W
22019,PHI,Philadelphia 76ers,0021901289,2020-08-09,PHI @ POR,L
22019,HOU,Houston Rockets,0021901290,2020-08-09,HOU @ SAC,W
22019,NOP,New Orleans Pelicans,0021901287,2020-08-09,NOP vs. SAS,L
22019,ORL,Orlando Magic,0021901288,2020-08-09,ORL @ BOS,L
22019,SAS,San Antonio Spurs,0021901287,2020-08-09,SAS @ NOP,W
22019,SAC,Sacramento Kings,0021901290,2020-08-09,SAC vs. HOU,L
22019,BKN,Brooklyn Nets,0021901291,2020-08-09,BKN @ LAC,W
22019,WAS,Washington Wizards,0021901285,2020-08-09,WAS @ OKC,L
22019,MEM,Memphis Grizzlies,0021901286,2020-08-09,MEM @ TOR,L
22019,TOR,Toronto Raptors,0021901286,2020-08-09,TOR vs. MEM,W
22019,OKC,Oklahoma City Thunder,0021901285,2020-08-09,OKC vs. WAS,W
22019,DEN,Denver Nuggets,0021901296,2020-08-10,DEN @ LAL,L
22019,IND,Indiana Pacers,0021901295,2020-08-10,IND @ MIA,L
22019,TOR,Toronto Raptors,0021901294,2020-08-10,TOR @ MIL,W
22019,MIA,Miami Heat,0021901295,2020-08-10,MIA vs. IND,W
22019,OKC,Oklahoma City Thunder,0021901292,2020-08-10,OKC @ PHX,L
22019,UTA,Utah Jazz,0021901293,2020-08-10,UTA vs. DAL,L
22019,LAL,Los Angeles Lakers,0021901296,2020-08-10,LAL vs. DEN,W
22019,PHX,Phoenix Suns,0021901292,2020-08-10,PHX vs. OKC,W
22019,MIL,Milwaukee Bucks,0021901294,2020-08-10,MIL vs. TOR,L
22019,DAL,Dallas Mavericks,0021901293,2020-08-10,DAL @ UTA,W
22019,WAS,Washington Wizards,0021901303,2020-08-11,WAS vs. MIL,L
22019,ORL,Orlando Magic,0021901297,2020-08-11,ORL vs. BKN,L
22019,BKN,Brooklyn Nets,0021901297,2020-08-11,BKN @ ORL,W
22019,PHX,Phoenix Suns,0021901299,2020-08-11,PHX @ PHI,W
22019,PHI,Philadelphia 76ers,0021901299,2020-08-11,PHI vs. PHX,L
22019,DAL,Dallas Mavericks,0021901300,2020-08-11,DAL vs. POR,L
22019,NOP,New Orleans Pelicans,0021901302,2020-08-11,NOP @ SAC,L
22019,HOU,Houston Rockets,0021901298,2020-08-11,HOU @ SAS,L
22019,MEM,Memphis Grizzlies,0021901301,2020-08-11,MEM vs. BOS,L
22019,SAC,Sacramento Kings,0021901302,2020-08-11,SAC vs. NOP,W
22019,POR,Portland Trail Blazers,0021901300,2020-08-11,POR @ DAL,W
22019,SAS,San Antonio Spurs,0021901298,2020-08-11,SAS vs. HOU,W
22019,BOS,Boston Celtics,0021901301,2020-08-11,BOS @ MEM,W
22019,MIL,Milwaukee Bucks,0021901303,2020-08-11,MIL @ WAS,W
22019,OKC,Oklahoma City Thunder,0021901306,2020-08-12,OKC vs. MIA,W
22019,HOU,Houston Rockets,0021901304,2020-08-12,HOU vs. IND,L
22019,TOR,Toronto Raptors,0021901305,2020-08-12,TOR @ PHI,W
22019,LAC,LA Clippers,0021901307,2020-08-12,LAC @ DEN,W
22019,IND,Indiana Pacers,0021901304,2020-08-12,IND @ HOU,W
22019,DEN,Denver Nuggets,0021901307,2020-08-12,DEN vs. LAC,L
22019,MIA,Miami Heat,0021901306,2020-08-12,MIA @ OKC,L
22019,PHI,Philadelphia 76ers,0021901305,2020-08-12,PHI vs. TOR,L
22019,SAC,Sacramento Kings,0021901310,2020-08-13,SAC @ LAL,W
22019,MEM,Memphis Grizzlies,0021901311,2020-08-13,MEM vs. MIL,W
22019,POR,Portland Trail Blazers,0021901309,2020-08-13,POR @ BKN,W
22019,NOP,New Orleans Pelicans,0021901312,2020-08-13,NOP @ ORL,L
22019,DAL,Dallas Mavericks,0021901313,2020-08-13,DAL @ PHX,L
22019,BKN,Brooklyn Nets,0021901309,2020-08-13,BKN vs. POR,L
22019,LAL,Los Angeles Lakers,0021901310,2020-08-13,LAL vs. SAC,L
22019,UTA,Utah Jazz,0021901314,2020-08-13,UTA vs. SAS,W
22019,WAS,Washington Wizards,0021901308,2020-08-13,WAS @ BOS,W
22019,ORL,Orlando Magic,0021901312,2020-08-13,ORL vs. NOP,W
22019,PHX,Phoenix Suns,0021901313,2020-08-13,PHX vs. DAL,W
22019,SAS,San Antonio Spurs,0021901314,2020-08-13,SAS @ UTA,L
22019,MIL,Milwaukee Bucks,0021901311,2020-08-13,MIL @ MEM,L
22019,BOS,Boston Celtics,0021901308,2020-08-13,BOS vs. WAS,L
22019,IND,Indiana Pacers,0021901316,2020-08-14,IND vs. MIA,W
22019,MIA,Miami Heat,0021901316,2020-08-14,MIA @ IND,L
22019,HOU,Houston Rockets,0021901315,2020-08-14,HOU vs. PHI,L
22019,TOR,Toronto Raptors,0021901318,2020-08-14,TOR vs. DEN,W
22019,PHI,Philadelphia 76ers,0021901315,2020-08-14,PHI @ HOU,W
22019,OKC,Oklahoma City Thunder,0021901317,2020-08-14,OKC @ LAC,L
22019,LAC,LA Clippers,0021901317,2020-08-14,LAC vs. OKC,W
22019,DEN,Denver Nuggets,0021901318,2020-08-14,DEN @ TOR,L
