SEASON_ID,TEAM_ABBREVIATION,TEAM_NAME,GAME_ID,GAME_DATE,MATCHUP,WL
22020,LAC,LA Clippers,0022000002,2020-12-22,LAC @ LAL,W
22020,GSW,Golden State Warriors,0022000001,2020-12-22,GSW @ BKN,L
22020,BKN,Brooklyn Nets,0022000001,2020-12-22,BKN vs. GSW,W
22020,LAL,Los Angeles Lakers,0022000002,2020-12-22,LAL vs. LAC,L
22020,ORL,Orlando Magic,0022000012,2020-12-23,ORL vs. MIA,W
22020,BOS,Boston Celtics,0022000003,2020-12-23,BOS vs. MIL,W
22020,DET,Detroit Pistons,0022000018,2020-12-23,DET @ MIN,L
22020,IND,Indiana Pacers,0022000011,2020-12-23,IND vs. NYK,W
22020,MIA,Miami Heat,0022000012,2020-12-23,MIA @ ORL,L
22020,NYK,New York Knicks,0022000011,2020-12-23,NYK @ IND,L
22020,WAS,Washington Wizards,0022000013,2020-12-23,WAS @ PHI,L
22020,DAL,Dallas Mavericks,0022000004,2020-12-23,DAL @ PHX,L
22020,UTA,Utah Jazz,0022000020,2020-12-23,UTA @ POR,W
22020,DEN,Denver Nuggets,0022000019,2020-12-23,DEN vs. SAC,L
22020,MEM,Memphis Grizzlies,0022000017,2020-12-23,MEM vs. SAS,L
22020,CHI,Chicago Bulls,0022000015,2020-12-23,CHI vs. ATL,L
22020,MIL,Milwaukee Bucks,0022000003,2020-12-23,MIL @ BOS,L
22020,CHA,Charlotte Hornets,0022000010,2020-12-23,CHA @ CLE,L
22020,TOR,Toronto Raptors,0022000014,2020-12-23,TOR vs. NOP,L
22020,ATL,Atlanta Hawks,0022000015,2020-12-23,ATL @ CHI,W
22020,PHX,Phoenix Suns,0022000004,2020-12-23,PHX vs. DAL,W
22020,SAC,Sacramento Kings,0022000019,2020-12-23,SAC @ DEN,W
22020,NOP,New Orleans Pelicans,0022000014,2020-12-23,NOP @ TOR,W
22020,POR,Portland Trail Blazers,0022000020,2020-12-23,POR vs. UTA,L
22020,SAS,San Antonio Spurs,0022000017,2020-12-23,SAS @ MEM,W
22020,PHI,Philadelphia 76ers,0022000013,2020-12-23,PHI vs. WAS,W
22020,MIN,Minnesota Timberwolves,0022000018,2020-12-23,MIN vs. DET,W
22020,CLE,Cleveland Cavaliers,0022000010,2020-12-23,CLE vs. CHA,W
22020,DAL,Dallas Mavericks,0022000008,2020-12-25,DAL @ LAL,L
22020,NOP,New Orleans Pelicans,0022000005,2020-12-25,NOP @ MIA,L
22020,GSW,Golden State Warriors,0022000006,2020-12-25,GSW @ MIL,L
22020,BOS,Boston Celtics,0022000007,2020-12-25,BOS vs. BKN,L
22020,BKN,Brooklyn Nets,0022000007,2020-12-25,BKN @ BOS,W
22020,MIA,Miami Heat,0022000005,2020-12-25,MIA vs. NOP,W
22020,LAL,Los Angeles Lakers,0022000008,2020-12-25,LAL vs. DAL,W
22020,LAC,LA Clippers,0022000009,2020-12-25,LAC @ DEN,W
22020,MIL,Milwaukee Bucks,0022000006,2020-12-25,MIL vs. GSW,W
22020,DEN,Denver Nuggets,0022000009,2020-12-25,DEN vs. LAC,L
22020,UTA,Utah Jazz,0022000028,2020-12-26,UTA vs. MIN,L
22020,PHI,Philadelphia 76ers,0022000025,2020-12-26,PHI @ NYK,W
22020,WAS,Washington Wizards,0022000024,2020-12-26,WAS vs. ORL,L
22020,CHI,Chicago Bulls,0022000026,2020-12-26,CHI vs. IND,L
22020,NYK,New York Knicks,0022000025,2020-12-26,NYK vs. PHI,L
22020,SAC,Sacramento Kings,0022000030,2020-12-26,SAC vs. PHX,W
22020,HOU,Houston Rockets,0022000029,2020-12-26,HOU @ POR,L
22020,PHX,Phoenix Suns,0022000030,2020-12-26,PHX @ SAC,L
22020,TOR,Toronto Raptors,0022000027,2020-12-26,TOR @ SAS,L
22020,MEM,Memphis Grizzlies,0022000021,2020-12-26,MEM vs. ATL,L
22020,DET,Detroit Pistons,0022000023,2020-12-26,DET vs. CLE,L
22020,IND,Indiana Pacers,0022000026,2020-12-26,IND @ CHI,W
22020,POR,Portland Trail Blazers,0022000029,2020-12-26,POR vs. HOU,W
22020,CHA,Charlotte Hornets,0022000022,2020-12-26,CHA vs. OKC,L
22020,SAS,San Antonio Spurs,0022000027,2020-12-26,SAS vs. TOR,W
22020,MIN,Minnesota Timberwolves,0022000028,2020-12-26,MIN @ UTA,W
22020,ATL,Atlanta Hawks,0022000021,2020-12-26,ATL @ MEM,W
22020,ORL,Orlando Magic,0022000024,2020-12-26,ORL @ WAS,W
22020,CLE,Cleveland Cavaliers,0022000023,2020-12-26,CLE @ DET,W
22020,OKC,Oklahoma City Thunder,0022000022,2020-12-26,OKC @ CHA,W
22020,MIN,Minnesota Timberwolves,0022000040,2020-12-27,MIN @ LAL,L
22020,NYK,New York Knicks,0022000036,2020-12-27,NYK vs. MIL,W
22020,LAL,Los Angeles Lakers,0022000040,2020-12-27,LAL vs. MIN,W
22020,CHA,Charlotte Hornets,0022000032,2020-12-27,CHA vs. BKN,W
22020,MIL,Milwaukee Bucks,0022000036,2020-12-27,MIL @ NYK,L
22020,WAS,Washington Wizards,0022000033,2020-12-27,WAS vs. ORL,L
22020,BOS,Boston Celtics,0022000037,2020-12-27,BOS @ IND,L
22020,CLE,Cleveland Cavaliers,0022000035,2020-12-27,CLE vs. PHI,W
22020,SAC,Sacramento Kings,0022000039,2020-12-27,SAC vs. PHX,L
22020,PHX,Phoenix Suns,0022000039,2020-12-27,PHX @ SAC,W
22020,NOP,New Orleans Pelicans,0022000034,2020-12-27,NOP vs. SAS,W
22020,IND,Indiana Pacers,0022000037,2020-12-27,IND vs. BOS,W
22020,PHI,Philadelphia 76ers,0022000035,2020-12-27,PHI @ CLE,L
22020,SAS,San Antonio Spurs,0022000034,2020-12-27,SAS @ NOP,L
22020,GSW,Golden State Warriors,0022000038,2020-12-27,GSW @ CHI,W
22020,LAC,LA Clippers,0022000031,2020-12-27,LAC vs. DAL,L
22020,CHI,Chicago Bulls,0022000038,2020-12-27,CHI vs. GSW,L
22020,DAL,Dallas Mavericks,0022000031,2020-12-27,DAL @ LAC,W
22020,ORL,Orlando Magic,0022000033,2020-12-27,ORL @ WAS,W
22020,BKN,Brooklyn Nets,0022000032,2020-12-27,BKN @ CHA,L
22020,POR,Portland Trail Blazers,0022000045,2020-12-28,POR @ LAL,W
22020,MEM,Memphis Grizzlies,0022000042,2020-12-28,MEM @ BKN,W
22020,LAL,Los Angeles Lakers,0022000045,2020-12-28,LAL vs. POR,L
22020,DET,Detroit Pistons,0022000041,2020-12-28,DET @ ATL,L
22020,HOU,Houston Rockets,0022000044,2020-12-28,HOU @ DEN,L
22020,DEN,Denver Nuggets,0022000044,2020-12-28,DEN vs. HOU,W
22020,UTA,Utah Jazz,0022000043,2020-12-28,UTA @ OKC,W
22020,OKC,Oklahoma City Thunder,0022000043,2020-12-28,OKC vs. UTA,L
22020,BKN,Brooklyn Nets,0022000042,2020-12-28,BKN vs. MEM,L
22020,ATL,Atlanta Hawks,0022000041,2020-12-28,ATL vs. DET,W
22020,MIL,Milwaukee Bucks,0022000051,2020-12-29,MIL @ MIA,W
22020,MIA,Miami Heat,0022000051,2020-12-29,MIA vs. MIL,L
22020,LAC,LA Clippers,0022000054,2020-12-29,LAC vs. MIN,W
22020,CLE,Cleveland Cavaliers,0022000046,2020-12-29,CLE vs. NYK,L
22020,OKC,Oklahoma City Thunder,0022000052,2020-12-29,OKC vs. ORL,L
22020,BOS,Boston Celtics,0022000048,2020-12-29,BOS @ IND,W
22020,TOR,Toronto Raptors,0022000049,2020-12-29,TOR @ PHI,L
22020,NOP,New Orleans Pelicans,0022000053,2020-12-29,NOP @ PHX,L
22020,DEN,Denver Nuggets,0022000055,2020-12-29,DEN @ SAC,L
22020,IND,Indiana Pacers,0022000048,2020-12-29,IND vs. BOS,L
22020,NYK,New York Knicks,0022000046,2020-12-29,NYK @ CLE,W
22020,PHX,Phoenix Suns,0022000053,2020-12-29,PHX vs. NOP,W
22020,WAS,Washington Wizards,0022000050,2020-12-29,WAS vs. CHI,L
22020,SAC,Sacramento Kings,0022000055,2020-12-29,SAC vs. DEN,W
22020,DET,Detroit Pistons,0022000047,2020-12-29,DET vs. GSW,L
22020,MIN,Minnesota Timberwolves,0022000054,2020-12-29,MIN @ LAC,L
22020,ORL,Orlando Magic,0022000052,2020-12-29,ORL @ OKC,W
22020,PHI,Philadelphia 76ers,0022000049,2020-12-29,PHI vs. TOR,W
22020,CHI,Chicago Bulls,0022000050,2020-12-29,CHI @ WAS,W
22020,GSW,Golden State Warriors,0022000047,2020-12-29,GSW @ DET,W
22020,SAS,San Antonio Spurs,0022000060,2020-12-30,SAS vs. LAL,L
22020,MIL,Milwaukee Bucks,0022000058,2020-12-30,MIL @ MIA,L
22020,MIA,Miami Heat,0022000058,2020-12-30,MIA vs. MIL,W
22020,ATL,Atlanta Hawks,0022000057,2020-12-30,ATL @ BKN,L
22020,LAC,LA Clippers,0022000061,2020-12-30,LAC vs. POR,W
22020,LAL,Los Angeles Lakers,0022000060,2020-12-30,LAL @ SAS,W
22020,BKN,Brooklyn Nets,0022000057,2020-12-30,BKN vs. ATL,W
22020,MEM,Memphis Grizzlies,0022000056,2020-12-30,MEM @ BOS,L
22020,CHA,Charlotte Hornets,0022000059,2020-12-30,CHA @ DAL,W
22020,POR,Portland Trail Blazers,0022000061,2020-12-30,POR @ LAC,L
22020,BOS,Boston Celtics,0022000056,2020-12-30,BOS vs. MEM,W
22020,DAL,Dallas Mavericks,0022000059,2020-12-30,DAL vs. CHA,L
22020,TOR,Toronto Raptors,0022000066,2020-12-31,TOR vs. NYK,W
22020,PHI,Philadelphia 76ers,0022000064,2020-12-31,PHI @ ORL,W
22020,CLE,Cleveland Cavaliers,0022000062,2020-12-31,CLE @ IND,L
22020,ORL,Orlando Magic,0022000064,2020-12-31,ORL vs. PHI,L
22020,UTA,Utah Jazz,0022000068,2020-12-31,UTA vs. PHX,L
22020,HOU,Houston Rockets,0022000065,2020-12-31,HOU vs. SAC,W
22020,IND,Indiana Pacers,0022000062,2020-12-31,IND vs. CLE,W
22020,OKC,Oklahoma City Thunder,0022000067,2020-12-31,OKC vs. NOP,L
22020,WAS,Washington Wizards,0022000063,2020-12-31,WAS vs. CHI,L
22020,SAC,Sacramento Kings,0022000065,2020-12-31,SAC @ HOU,L
22020,NOP,New Orleans Pelicans,0022000067,2020-12-31,NOP @ OKC,W
22020,NYK,New York Knicks,0022000066,2020-12-31,NYK @ TOR,L
22020,PHX,Phoenix Suns,0022000068,2020-12-31,PHX @ UTA,W
22020,CHI,Chicago Bulls,0022000063,2020-12-31,CHI @ WAS,W
22020,SAS,San Antonio Spurs,0022000075,2021-01-01,SAS vs. LAL,L
22020,DAL,Dallas Mavericks,0022000071,2021-01-01,DAL vs. MIA,W
22020,CHI,Chicago Bulls,0022000073,2021-01-01,CHI @ MIL,L
22020,WAS,Washington Wizards,0022000074,2021-01-01,WAS @ MIN,W
22020,ATL,Atlanta Hawks,0022000072,2021-01-01,ATL @ BKN,W
22020,DEN,Denver Nuggets,0022000076,2021-01-01,DEN vs. PHX,L
22020,GSW,Golden State Warriors,0022000078,2021-01-01,GSW vs. POR,L
22020,LAL,Los Angeles Lakers,0022000075,2021-01-01,LAL @ SAS,W
22020,BKN,Brooklyn Nets,0022000072,2021-01-01,BKN vs. ATL,L
22020,DET,Detroit Pistons,0022000070,2021-01-01,DET vs. BOS,W
22020,MIL,Milwaukee Bucks,0022000073,2021-01-01,MIL vs. CHI,W
22020,MIA,Miami Heat,0022000071,2021-01-01,MIA @ DAL,L
22020,PHX,Phoenix Suns,0022000076,2021-01-01,PHX @ DEN,W
22020,POR,Portland Trail Blazers,0022000078,2021-01-01,POR @ GSW,W
22020,UTA,Utah Jazz,0022000077,2021-01-01,UTA vs. LAC,W
22020,LAC,LA Clippers,0022000077,2021-01-01,LAC @ UTA,L
22020,CHA,Charlotte Hornets,0022000069,2021-01-01,CHA vs. MEM,L
22020,MIN,Minnesota Timberwolves,0022000074,2021-01-01,MIN vs. WAS,L
22020,BOS,Boston Celtics,0022000070,2021-01-01,BOS @ DET,L
22020,MEM,Memphis Grizzlies,0022000069,2021-01-01,MEM @ CHA,W
22020,IND,Indiana Pacers,0022000080,2021-01-02,IND vs. NYK,L
22020,OKC,Oklahoma City Thunder,0022000081,2021-01-02,OKC @ ORL,W
22020,NYK,New York Knicks,0022000080,2021-01-02,NYK @ IND,W
22020,CHA,Charlotte Hornets,0022000082,2021-01-02,CHA @ PHI,L
22020,HOU,Houston Rockets,0022000079,2021-01-02,HOU vs. SAC,W
22020,CLE,Cleveland Cavaliers,0022000083,2021-01-02,CLE @ ATL,W
22020,ATL,Atlanta Hawks,0022000083,2021-01-02,ATL vs. CLE,L
22020,TOR,Toronto Raptors,0022000084,2021-01-02,TOR @ NOP,L
22020,SAC,Sacramento Kings,0022000079,2021-01-02,SAC @ HOU,L
22020,ORL,Orlando Magic,0022000081,2021-01-02,ORL vs. OKC,L
22020,NOP,New Orleans Pelicans,0022000084,2021-01-02,NOP vs. TOR,W
22020,PHI,Philadelphia 76ers,0022000082,2021-01-02,PHI vs. CHA,W
22020,MEM,Memphis Grizzlies,0022000087,2021-01-03,MEM vs. LAL,L
22020,DEN,Denver Nuggets,0022000088,2021-01-03,DEN @ MIN,W
22020,WAS,Washington Wizards,0022000086,2021-01-03,WAS @ BKN,W
22020,LAC,LA Clippers,0022000091,2021-01-03,LAC @ PHX,W
22020,GSW,Golden State Warriors,0022000092,2021-01-03,GSW vs. POR,W
22020,UTA,Utah Jazz,0022000089,2021-01-03,UTA @ SAS,W
22020,DET,Detroit Pistons,0022000085,2021-01-03,DET vs. BOS,L
22020,DAL,Dallas Mavericks,0022000090,2021-01-03,DAL @ CHI,L
22020,CHI,Chicago Bulls,0022000090,2021-01-03,CHI vs. DAL,W
22020,MIN,Minnesota Timberwolves,0022000088,2021-01-03,MIN vs. DEN,L
22020,POR,Portland Trail Blazers,0022000092,2021-01-03,POR @ GSW,L
22020,PHX,Phoenix Suns,0022000091,2021-01-03,PHX vs. LAC,L
22020,SAS,San Antonio Spurs,0022000089,2021-01-03,SAS vs. UTA,L
22020,LAL,Los Angeles Lakers,0022000087,2021-01-03,LAL @ MEM,W
22020,BKN,Brooklyn Nets,0022000086,2021-01-03,BKN vs. WAS,L
22020,BOS,Boston Celtics,0022000085,2021-01-03,BOS @ DET,W
22020,OKC,Oklahoma City Thunder,0022000096,2021-01-04,OKC @ MIA,L
22020,DET,Detroit Pistons,0022000099,2021-01-04,DET @ MIL,L
22020,ATL,Atlanta Hawks,0022000095,2021-01-04,ATL vs. NYK,L
22020,CLE,Cleveland Cavaliers,0022000093,2021-01-04,CLE @ ORL,L
22020,NOP,New Orleans Pelicans,0022000100,2021-01-04,NOP vs. IND,L
22020,CHA,Charlotte Hornets,0022000094,2021-01-04,CHA @ PHI,L
22020,GSW,Golden State Warriors,0022000101,2021-01-04,GSW vs. SAC,W
22020,NYK,New York Knicks,0022000095,2021-01-04,NYK @ ATL,W
22020,TOR,Toronto Raptors,0022000097,2021-01-04,TOR vs. BOS,L
22020,ORL,Orlando Magic,0022000093,2021-01-04,ORL vs. CLE,W
22020,IND,Indiana Pacers,0022000100,2021-01-04,IND @ NOP,W
22020,HOU,Houston Rockets,0022000098,2021-01-04,HOU vs. DAL,L
22020,SAC,Sacramento Kings,0022000101,2021-01-04,SAC @ GSW,L
22020,DAL,Dallas Mavericks,0022000098,2021-01-04,DAL @ HOU,W
22020,MIA,Miami Heat,0022000096,2021-01-04,MIA vs. OKC,W
22020,BOS,Boston Celtics,0022000097,2021-01-04,BOS @ TOR,W
22020,MIL,Milwaukee Bucks,0022000099,2021-01-04,MIL vs. DET,W
22020,PHI,Philadelphia 76ers,0022000094,2021-01-04,PHI vs. CHA,W
22020,MEM,Memphis Grizzlies,0022000103,2021-01-05,MEM vs. LAL,L
22020,DEN,Denver Nuggets,0022000104,2021-01-05,DEN vs. MIN,W
22020,UTA,Utah Jazz,0022000102,2021-01-05,UTA @ BKN,L
22020,CHI,Chicago Bulls,0022000106,2021-01-05,CHI @ POR,W
22020,LAC,LA Clippers,0022000105,2021-01-05,LAC vs. SAS,L
22020,POR,Portland Trail Blazers,0022000106,2021-01-05,POR vs. CHI,L
22020,MIN,Minnesota Timberwolves,0022000104,2021-01-05,MIN @ DEN,L
22020,SAS,San Antonio Spurs,0022000105,2021-01-05,SAS @ LAC,W
22020,BKN,Brooklyn Nets,0022000102,2021-01-05,BKN vs. UTA,W
22020,LAL,Los Angeles Lakers,0022000103,2021-01-05,LAL @ MEM,W
22020,BOS,Boston Celtics,0022000111,2021-01-06,BOS @ MIA,W
22020,DET,Detroit Pistons,0022000113,2021-01-06,DET @ MIL,L
22020,UTA,Utah Jazz,0022000112,2021-01-06,UTA @ NYK,L
22020,CLE,Cleveland Cavaliers,0022000108,2021-01-06,CLE @ ORL,L
22020,HOU,Houston Rockets,0022000107,2021-01-06,HOU @ IND,L
22020,WAS,Washington Wizards,0022000109,2021-01-06,WAS @ PHI,L
22020,TOR,Toronto Raptors,0022000115,2021-01-06,TOR @ PHX,L
22020,CHI,Chicago Bulls,0022000117,2021-01-06,CHI @ SAC,L
22020,CHA,Charlotte Hornets,0022000110,2021-01-06,CHA @ ATL,W
22020,MIA,Miami Heat,0022000111,2021-01-06,MIA vs. BOS,L
22020,ORL,Orlando Magic,0022000108,2021-01-06,ORL vs. CLE,W
22020,OKC,Oklahoma City Thunder,0022000114,2021-01-06,OKC @ NOP,W
22020,SAC,Sacramento Kings,0022000117,2021-01-06,SAC vs. CHI,W
22020,LAC,LA Clippers,0022000116,2021-01-06,LAC @ GSW,W
22020,IND,Indiana Pacers,0022000107,2021-01-06,IND vs. HOU,W
22020,GSW,Golden State Warriors,0022000116,2021-01-06,GSW vs. LAC,L
22020,NOP,New Orleans Pelicans,0022000114,2021-01-06,NOP vs. OKC,L
22020,PHX,Phoenix Suns,0022000115,2021-01-06,PHX vs. TOR,W
22020,NYK,New York Knicks,0022000112,2021-01-06,NYK vs. UTA,W
22020,PHI,Philadelphia 76ers,0022000109,2021-01-06,PHI vs. WAS,W
22020,MIL,Milwaukee Bucks,0022000113,2021-01-06,MIL vs. DET,W
22020,ATL,Atlanta Hawks,0022000110,2021-01-06,ATL vs. CHA,L
22020,SAS,San Antonio Spurs,0022000121,2021-01-07,SAS @ LAL,W
22020,POR,Portland Trail Blazers,0022000122,2021-01-07,POR vs. MIN,W
22020,PHI,Philadelphia 76ers,0022000118,2021-01-07,PHI @ BKN,L
22020,BKN,Brooklyn Nets,0022000118,2021-01-07,BKN vs. PHI,W
22020,MIN,Minnesota Timberwolves,0022000122,2021-01-07,MIN @ POR,L
22020,LAL,Los Angeles Lakers,0022000121,2021-01-07,LAL vs. SAS,L
22020,MEM,Memphis Grizzlies,0022000119,2021-01-07,MEM vs. CLE,L
22020,DEN,Denver Nuggets,0022000120,2021-01-07,DEN vs. DAL,L
22020,DAL,Dallas Mavericks,0022000120,2021-01-07,DAL @ DEN,W
22020,CLE,Cleveland Cavaliers,0022000119,2021-01-07,CLE @ MEM,W
22020,CHI,Chicago Bulls,0022000131,2021-01-08,CHI @ LAL,L
22020,UTA,Utah Jazz,0022000129,2021-01-08,UTA @ MIL,W
22020,MEM,Memphis Grizzlies,0022000128,2021-01-08,MEM vs. BKN,W
22020,OKC,Oklahoma City Thunder,0022000125,2021-01-08,OKC @ NYK,W
22020,HOU,Houston Rockets,0022000127,2021-01-08,HOU vs. ORL,W
22020,DET,Detroit Pistons,0022000123,2021-01-08,DET vs. PHX,W
22020,TOR,Toronto Raptors,0022000132,2021-01-08,TOR @ SAC,W
22020,WAS,Washington Wizards,0022000124,2021-01-08,WAS @ BOS,L
22020,CHA,Charlotte Hornets,0022000126,2021-01-08,CHA @ NOP,W
22020,LAL,Los Angeles Lakers,0022000131,2021-01-08,LAL vs. CHI,W
22020,LAC,LA Clippers,0022000130,2021-01-08,LAC @ GSW,L
22020,ORL,Orlando Magic,0022000127,2021-01-08,ORL @ HOU,L
22020,GSW,Golden State Warriors,0022000130,2021-01-08,GSW vs. LAC,W
22020,NYK,New York Knicks,0022000125,2021-01-08,NYK vs. OKC,L
22020,SAC,Sacramento Kings,0022000132,2021-01-08,SAC vs. TOR,L
22020,MIL,Milwaukee Bucks,0022000129,2021-01-08,MIL vs. UTA,L
22020,BKN,Brooklyn Nets,0022000128,2021-01-08,BKN @ MEM,L
22020,BOS,Boston Celtics,0022000124,2021-01-08,BOS vs. WAS,W
22020,PHX,Phoenix Suns,0022000123,2021-01-08,PHX @ DET,L
22020,NOP,New Orleans Pelicans,0022000126,2021-01-08,NOP vs. CHA,L
22020,WAS,Washington Wizards,0022000136,2021-01-09,WAS vs. MIA,L
22020,CLE,Cleveland Cavaliers,0022000137,2021-01-09,CLE @ MIL,L
22020,SAS,San Antonio Spurs,0022000138,2021-01-09,SAS @ MIN,W
22020,DAL,Dallas Mavericks,0022000139,2021-01-09,DAL vs. ORL,W
22020,PHX,Phoenix Suns,0022000135,2021-01-09,PHX @ IND,W
22020,DEN,Denver Nuggets,0022000133,2021-01-09,DEN @ PHI,W
22020,IND,Indiana Pacers,0022000135,2021-01-09,IND vs. PHX,L
22020,SAC,Sacramento Kings,0022000140,2021-01-09,SAC vs. POR,L
22020,POR,Portland Trail Blazers,0022000140,2021-01-09,POR @ SAC,W
22020,MIN,Minnesota Timberwolves,0022000138,2021-01-09,MIN vs. SAS,L
22020,CHA,Charlotte Hornets,0022000134,2021-01-09,CHA vs. ATL,W
22020,MIL,Milwaukee Bucks,0022000137,2021-01-09,MIL vs. CLE,W
22020,ORL,Orlando Magic,0022000139,2021-01-09,ORL @ DAL,L
22020,PHI,Philadelphia 76ers,0022000133,2021-01-09,PHI vs. DEN,L
22020,MIA,Miami Heat,0022000136,2021-01-09,MIA @ WAS,W
22020,ATL,Atlanta Hawks,0022000134,2021-01-09,ATL @ CHA,L
22020,HOU,Houston Rockets,0022000146,2021-01-10,HOU vs. LAL,L
22020,SAS,San Antonio Spurs,0022000147,2021-01-10,SAS @ MIN,L
22020,OKC,Oklahoma City Thunder,0022000143,2021-01-10,OKC @ BKN,W
22020,DEN,Denver Nuggets,0022000144,2021-01-10,DEN @ NYK,W
22020,MIN,Minnesota Timberwolves,0022000147,2021-01-10,MIN vs. SAS,W
22020,LAC,LA Clippers,0022000142,2021-01-10,LAC vs. CHI,W
22020,NYK,New York Knicks,0022000144,2021-01-10,NYK vs. DEN,L
22020,TOR,Toronto Raptors,0022000148,2021-01-10,TOR @ GSW,L
22020,LAL,Los Angeles Lakers,0022000146,2021-01-10,LAL @ HOU,W
22020,CHI,Chicago Bulls,0022000142,2021-01-10,CHI @ LAC,L
22020,BKN,Brooklyn Nets,0022000143,2021-01-10,BKN vs. OKC,L
22020,GSW,Golden State Warriors,0022000148,2021-01-10,GSW vs. TOR,W
22020,DET,Detroit Pistons,0022000141,2021-01-10,DET vs. UTA,L
22020,UTA,Utah Jazz,0022000141,2021-01-10,UTA @ DET,W
22020,ORL,Orlando Magic,0022000151,2021-01-11,ORL vs. MIL,L
22020,CHA,Charlotte Hornets,0022000149,2021-01-11,CHA vs. NYK,W
22020,MIL,Milwaukee Bucks,0022000151,2021-01-11,MIL @ ORL,W
22020,SAC,Sacramento Kings,0022000156,2021-01-11,SAC vs. IND,W
22020,ATL,Atlanta Hawks,0022000153,2021-01-11,ATL vs. PHI,W
22020,WAS,Washington Wizards,0022000152,2021-01-11,WAS vs. PHX,W
22020,TOR,Toronto Raptors,0022000155,2021-01-11,TOR @ POR,L
22020,IND,Indiana Pacers,0022000156,2021-01-11,IND @ SAC,L
22020,PHI,Philadelphia 76ers,0022000153,2021-01-11,PHI @ ATL,L
22020,MEM,Memphis Grizzlies,0022000150,2021-01-11,MEM @ CLE,W
22020,POR,Portland Trail Blazers,0022000155,2021-01-11,POR vs. TOR,W
22020,CLE,Cleveland Cavaliers,0022000150,2021-01-11,CLE vs. MEM,L
22020,PHX,Phoenix Suns,0022000152,2021-01-11,PHX @ WAS,L
22020,NYK,New York Knicks,0022000149,2021-01-11,NYK @ CHA,L
22020,HOU,Houston Rockets,0022000161,2021-01-12,HOU vs. LAL,L
22020,PHI,Philadelphia 76ers,0022000157,2021-01-12,PHI vs. MIA,W
22020,DEN,Denver Nuggets,0022000158,2021-01-12,DEN @ BKN,L
22020,GSW,Golden State Warriors,0022000163,2021-01-12,GSW vs. IND,L
22020,MIA,Miami Heat,0022000157,2021-01-12,MIA @ PHI,L
22020,OKC,Oklahoma City Thunder,0022000162,2021-01-12,OKC vs. SAS,L
22020,UTA,Utah Jazz,0022000159,2021-01-12,UTA @ CLE,W
22020,BKN,Brooklyn Nets,0022000158,2021-01-12,BKN vs. DEN,W
22020,IND,Indiana Pacers,0022000163,2021-01-12,IND @ GSW,W
22020,LAL,Los Angeles Lakers,0022000161,2021-01-12,LAL @ HOU,W
22020,SAS,San Antonio Spurs,0022000162,2021-01-12,SAS @ OKC,W
22020,CLE,Cleveland Cavaliers,0022000159,2021-01-12,CLE vs. UTA,L
22020,OKC,Oklahoma City Thunder,0022000170,2021-01-13,OKC vs. LAL,L
22020,DET,Detroit Pistons,0022000165,2021-01-13,DET vs. MIL,L
22020,MEM,Memphis Grizzlies,0022000169,2021-01-13,MEM @ MIN,W
22020,NYK,New York Knicks,0022000168,2021-01-13,NYK vs. BKN,L
22020,BKN,Brooklyn Nets,0022000168,2021-01-13,BKN @ NYK,W
22020,SAC,Sacramento Kings,0022000173,2021-01-13,SAC vs. POR,L
22020,POR,Portland Trail Blazers,0022000173,2021-01-13,POR @ SAC,W
22020,LAC,LA Clippers,0022000172,2021-01-13,LAC vs. NOP,W
22020,CHA,Charlotte Hornets,0022000164,2021-01-13,CHA vs. DAL,L
22020,NOP,New Orleans Pelicans,0022000172,2021-01-13,NOP @ LAC,L
22020,LAL,Los Angeles Lakers,0022000170,2021-01-13,LAL @ OKC,W
22020,MIN,Minnesota Timberwolves,0022000169,2021-01-13,MIN vs. MEM,L
22020,MIL,Milwaukee Bucks,0022000165,2021-01-13,MIL @ DET,W
22020,DAL,Dallas Mavericks,0022000164,2021-01-13,DAL @ CHA,W
22020,PHI,Philadelphia 76ers,0022000174,2021-01-14,PHI vs. MIA,W
22020,POR,Portland Trail Blazers,0022000178,2021-01-14,POR vs. IND,L
22020,MIA,Miami Heat,0022000174,2021-01-14,MIA @ PHI,L
22020,IND,Indiana Pacers,0022000178,2021-01-14,IND @ POR,W
22020,HOU,Houston Rockets,0022000176,2021-01-14,HOU @ SAS,W
22020,GSW,Golden State Warriors,0022000177,2021-01-14,GSW @ DEN,L
22020,DEN,Denver Nuggets,0022000177,2021-01-14,DEN vs. GSW,W
22020,SAS,San Antonio Spurs,0022000176,2021-01-14,SAS vs. HOU,L
22020,CHA,Charlotte Hornets,0022000175,2021-01-14,CHA @ TOR,L
22020,TOR,Toronto Raptors,0022000175,2021-01-14,TOR vs. CHA,W
22020,NOP,New Orleans Pelicans,0022000187,2021-01-15,NOP @ LAL,L
22020,DAL,Dallas Mavericks,0022000182,2021-01-15,DAL @ MIL,L
22020,CLE,Cleveland Cavaliers,0022000181,2021-01-15,CLE vs. NYK,W
22020,BOS,Boston Celtics,0022000180,2021-01-15,BOS vs. ORL,W
22020,LAC,LA Clippers,0022000188,2021-01-15,LAC @ SAC,W
22020,UTA,Utah Jazz,0022000186,2021-01-15,UTA vs. ATL,W
22020,ORL,Orlando Magic,0022000180,2021-01-15,ORL @ BOS,L
22020,NYK,New York Knicks,0022000181,2021-01-15,NYK @ CLE,L
22020,LAL,Los Angeles Lakers,0022000187,2021-01-15,LAL vs. NOP,W
22020,OKC,Oklahoma City Thunder,0022000184,2021-01-15,OKC vs. CHI,W
22020,MIL,Milwaukee Bucks,0022000182,2021-01-15,MIL vs. DAL,W
22020,SAC,Sacramento Kings,0022000188,2021-01-15,SAC vs. LAC,L
22020,CHI,Chicago Bulls,0022000184,2021-01-15,CHI @ OKC,L
22020,ATL,Atlanta Hawks,0022000186,2021-01-15,ATL @ UTA,L
22020,DET,Detroit Pistons,0022000192,2021-01-16,DET @ MIA,W
22020,ORL,Orlando Magic,0022000190,2021-01-16,ORL @ BKN,L
22020,BKN,Brooklyn Nets,0022000190,2021-01-16,BKN vs. ORL,W
22020,MEM,Memphis Grizzlies,0022000193,2021-01-16,MEM vs. PHI,W
22020,ATL,Atlanta Hawks,0022000195,2021-01-16,ATL @ POR,L
22020,HOU,Houston Rockets,0022000189,2021-01-16,HOU @ SAS,L
22020,POR,Portland Trail Blazers,0022000195,2021-01-16,POR vs. ATL,W
22020,SAS,San Antonio Spurs,0022000189,2021-01-16,SAS vs. HOU,W
22020,CHA,Charlotte Hornets,0022000191,2021-01-16,CHA @ TOR,L
22020,PHI,Philadelphia 76ers,0022000193,2021-01-16,PHI @ MEM,L
22020,MIA,Miami Heat,0022000192,2021-01-16,MIA vs. DET,L
22020,TOR,Toronto Raptors,0022000191,2021-01-16,TOR vs. CHA,W
22020,BOS,Boston Celtics,0022000196,2021-01-17,BOS vs. NYK,L
22020,LAC,LA Clippers,0022000202,2021-01-17,LAC vs. IND,W
22020,NOP,New Orleans Pelicans,0022000201,2021-01-17,NOP @ SAC,W
22020,NYK,New York Knicks,0022000196,2021-01-17,NYK @ BOS,W
22020,SAC,Sacramento Kings,0022000201,2021-01-17,SAC vs. NOP,L
22020,DAL,Dallas Mavericks,0022000198,2021-01-17,DAL vs. CHI,L
22020,CHI,Chicago Bulls,0022000198,2021-01-17,CHI @ DAL,W
22020,UTA,Utah Jazz,0022000200,2021-01-17,UTA @ DEN,W
22020,IND,Indiana Pacers,0022000202,2021-01-17,IND @ LAC,L
22020,DEN,Denver Nuggets,0022000200,2021-01-17,DEN vs. UTA,L
22020,GSW,Golden State Warriors,0022000212,2021-01-18,GSW @ LAL,W
22020,DET,Detroit Pistons,0022000206,2021-01-18,DET @ MIA,L
22020,BKN,Brooklyn Nets,0022000209,2021-01-18,BKN vs. MIL,W
22020,ATL,Atlanta Hawks,0022000205,2021-01-18,ATL vs. MIN,W
22020,MIL,Milwaukee Bucks,0022000209,2021-01-18,MIL @ BKN,L
22020,ORL,Orlando Magic,0022000203,2021-01-18,ORL @ NYK,L
22020,NYK,New York Knicks,0022000203,2021-01-18,NYK vs. ORL,W
22020,MEM,Memphis Grizzlies,0022000208,2021-01-18,MEM vs. PHX,W
22020,SAS,San Antonio Spurs,0022000207,2021-01-18,SAS @ POR,W
22020,POR,Portland Trail Blazers,0022000207,2021-01-18,POR vs. SAS,L
22020,MIN,Minnesota Timberwolves,0022000205,2021-01-18,MIN @ ATL,L
22020,HOU,Houston Rockets,0022000211,2021-01-18,HOU @ CHI,L
22020,TOR,Toronto Raptors,0022000210,2021-01-18,TOR vs. DAL,W
22020,LAL,Los Angeles Lakers,0022000212,2021-01-18,LAL vs. GSW,L
22020,CHI,Chicago Bulls,0022000211,2021-01-18,CHI vs. HOU,W
22020,DAL,Dallas Mavericks,0022000210,2021-01-18,DAL @ TOR,L
22020,PHX,Phoenix Suns,0022000208,2021-01-18,PHX @ MEM,L
22020,MIA,Miami Heat,0022000206,2021-01-18,MIA vs. DET,W
22020,UTA,Utah Jazz,0022000214,2021-01-19,UTA vs. NOP,W
22020,OKC,Oklahoma City Thunder,0022000213,2021-01-19,OKC @ DEN,L
22020,DEN,Denver Nuggets,0022000213,2021-01-19,DEN vs. OKC,W
22020,NOP,New Orleans Pelicans,0022000214,2021-01-19,NOP @ UTA,L
22020,TOR,Toronto Raptors,0022000220,2021-01-20,TOR vs. MIA,L
22020,ORL,Orlando Magic,0022000221,2021-01-20,ORL @ MIN,W
22020,CLE,Cleveland Cavaliers,0022000216,2021-01-20,CLE vs. BKN,W
22020,MIN,Minnesota Timberwolves,0022000221,2021-01-20,MIN vs. ORL,L
22020,DAL,Dallas Mavericks,0022000217,2021-01-20,DAL @ IND,W
22020,BOS,Boston Celtics,0022000218,2021-01-20,BOS @ PHI,L
22020,HOU,Houston Rockets,0022000222,2021-01-20,HOU vs. PHX,L
22020,LAC,LA Clippers,0022000224,2021-01-20,LAC vs. SAC,W
22020,GSW,Golden State Warriors,0022000223,2021-01-20,GSW vs. SAS,W
22020,DET,Detroit Pistons,0022000219,2021-01-20,DET @ ATL,L
22020,PHI,Philadelphia 76ers,0022000218,2021-01-20,PHI vs. BOS,W
22020,BKN,Brooklyn Nets,0022000216,2021-01-20,BKN @ CLE,L
22020,IND,Indiana Pacers,0022000217,2021-01-20,IND vs. DAL,L
22020,SAS,San Antonio Spurs,0022000223,2021-01-20,SAS @ GSW,L
22020,PHX,Phoenix Suns,0022000222,2021-01-20,PHX @ HOU,W
22020,SAC,Sacramento Kings,0022000224,2021-01-20,SAC @ LAC,L
22020,MIA,Miami Heat,0022000220,2021-01-20,MIA @ TOR,W
22020,ATL,Atlanta Hawks,0022000219,2021-01-20,ATL vs. DET,W
22020,MIL,Milwaukee Bucks,0022000226,2021-01-21,MIL vs. LAL,L
22020,LAL,Los Angeles Lakers,0022000226,2021-01-21,LAL @ MIL,W
22020,GSW,Golden State Warriors,0022000228,2021-01-21,GSW vs. NYK,L
22020,UTA,Utah Jazz,0022000227,2021-01-21,UTA vs. NOP,W
22020,NYK,New York Knicks,0022000228,2021-01-21,NYK @ GSW,W
22020,NOP,New Orleans Pelicans,0022000227,2021-01-21,NOP @ UTA,L
22020,TOR,Toronto Raptors,0022000234,2021-01-22,TOR vs. MIA,W
22020,ATL,Atlanta Hawks,0022000236,2021-01-22,ATL @ MIN,W
22020,CLE,Cleveland Cavaliers,0022000232,2021-01-22,CLE vs. BKN,W
22020,SAC,Sacramento Kings,0022000241,2021-01-22,SAC vs. NYK,W
22020,IND,Indiana Pacers,0022000231,2021-01-22,IND vs. ORL,W
22020,ORL,Orlando Magic,0022000231,2021-01-22,ORL @ IND,L
22020,BOS,Boston Celtics,0022000233,2021-01-22,BOS @ PHI,L
22020,DEN,Denver Nuggets,0022000238,2021-01-22,DEN @ PHX,W
22020,NYK,New York Knicks,0022000241,2021-01-22,NYK @ SAC,L
22020,DAL,Dallas Mavericks,0022000237,2021-01-22,DAL @ SAS,W
22020,MIN,Minnesota Timberwolves,0022000236,2021-01-22,MIN vs. ATL,L
22020,PHI,Philadelphia 76ers,0022000233,2021-01-22,PHI vs. BOS,W
22020,BKN,Brooklyn Nets,0022000232,2021-01-22,BKN @ CLE,L
22020,CHA,Charlotte Hornets,0022000229,2021-01-22,CHA vs. CHI,L
22020,SAS,San Antonio Spurs,0022000237,2021-01-22,SAS vs. DAL,L
22020,PHX,Phoenix Suns,0022000238,2021-01-22,PHX vs. DEN,L
22020,DET,Detroit Pistons,0022000230,2021-01-22,DET vs. HOU,L
22020,OKC,Oklahoma City Thunder,0022000239,2021-01-22,OKC @ LAC,L
22020,LAC,LA Clippers,0022000239,2021-01-22,LAC vs. OKC,W
22020,MIA,Miami Heat,0022000234,2021-01-22,MIA @ TOR,L
22020,HOU,Houston Rockets,0022000230,2021-01-22,HOU @ DET,W
22020,CHI,Chicago Bulls,0022000229,2021-01-22,CHI @ CHA,W
22020,CHI,Chicago Bulls,0022000245,2021-01-23,CHI vs. LAL,L
22020,BKN,Brooklyn Nets,0022000244,2021-01-23,BKN vs. MIA,W
22020,NOP,New Orleans Pelicans,0022000246,2021-01-23,NOP @ MIN,L
22020,MIA,Miami Heat,0022000244,2021-01-23,MIA @ BKN,L
22020,DET,Detroit Pistons,0022000243,2021-01-23,DET vs. PHI,L
22020,DEN,Denver Nuggets,0022000248,2021-01-23,DEN @ PHX,W
22020,MIN,Minnesota Timberwolves,0022000246,2021-01-23,MIN vs. NOP,W
22020,LAL,Los Angeles Lakers,0022000245,2021-01-23,LAL @ CHI,W
22020,HOU,Houston Rockets,0022000247,2021-01-23,HOU @ DAL,W
22020,PHX,Phoenix Suns,0022000248,2021-01-23,PHX vs. DEN,L
22020,UTA,Utah Jazz,0022000242,2021-01-23,UTA vs. GSW,W
22020,DAL,Dallas Mavericks,0022000247,2021-01-23,DAL vs. HOU,L
22020,GSW,Golden State Warriors,0022000242,2021-01-23,GSW @ UTA,L
22020,PHI,Philadelphia 76ers,0022000243,2021-01-23,PHI @ DET,W
22020,ATL,Atlanta Hawks,0022000254,2021-01-24,ATL @ MIL,L
22020,POR,Portland Trail Blazers,0022000256,2021-01-24,POR vs. NYK,W
22020,CHA,Charlotte Hornets,0022000252,2021-01-24,CHA @ ORL,W
22020,TOR,Toronto Raptors,0022000249,2021-01-24,TOR @ IND,W
22020,NYK,New York Knicks,0022000256,2021-01-24,NYK @ POR,L
22020,WAS,Washington Wizards,0022000253,2021-01-24,WAS @ SAS,L
22020,MIL,Milwaukee Bucks,0022000254,2021-01-24,MIL vs. ATL,W
22020,CLE,Cleveland Cavaliers,0022000250,2021-01-24,CLE @ BOS,L
22020,BOS,Boston Celtics,0022000250,2021-01-24,BOS vs. CLE,W
22020,OKC,Oklahoma City Thunder,0022000251,2021-01-24,OKC @ LAC,L
22020,LAC,LA Clippers,0022000251,2021-01-24,LAC vs. OKC,W
22020,IND,Indiana Pacers,0022000249,2021-01-24,IND vs. TOR,L
22020,SAS,San Antonio Spurs,0022000253,2021-01-24,SAS vs. WAS,W
22020,ORL,Orlando Magic,0022000252,2021-01-24,ORL vs. CHA,L
22020,CLE,Cleveland Cavaliers,0022000261,2021-01-25,CLE vs. LAL,L
22020,BKN,Brooklyn Nets,0022000260,2021-01-25,BKN vs. MIA,W
22020,GSW,Golden State Warriors,0022000266,2021-01-25,GSW vs. MIN,W
22020,MIA,Miami Heat,0022000260,2021-01-25,MIA @ BKN,L
22020,CHA,Charlotte Hornets,0022000259,2021-01-25,CHA @ ORL,L
22020,TOR,Toronto Raptors,0022000258,2021-01-25,TOR @ IND,L
22020,DET,Detroit Pistons,0022000257,2021-01-25,DET vs. PHI,W
22020,OKC,Oklahoma City Thunder,0022000267,2021-01-25,OKC @ POR,W
22020,CHI,Chicago Bulls,0022000262,2021-01-25,CHI vs. BOS,L
22020,LAL,Los Angeles Lakers,0022000261,2021-01-25,LAL @ CLE,W
22020,BOS,Boston Celtics,0022000262,2021-01-25,BOS @ CHI,W
22020,DEN,Denver Nuggets,0022000265,2021-01-25,DEN @ DAL,W
22020,DAL,Dallas Mavericks,0022000265,2021-01-25,DAL vs. DEN,L
22020,MIN,Minnesota Timberwolves,0022000266,2021-01-25,MIN @ GSW,L
22020,POR,Portland Trail Blazers,0022000267,2021-01-25,POR vs. OKC,L
22020,IND,Indiana Pacers,0022000258,2021-01-25,IND vs. TOR,W
22020,PHI,Philadelphia 76ers,0022000257,2021-01-25,PHI @ DET,L
22020,ORL,Orlando Magic,0022000259,2021-01-25,ORL vs. CHA,W
22020,UTA,Utah Jazz,0022000270,2021-01-26,UTA vs. NYK,W
22020,LAC,LA Clippers,0022000268,2021-01-26,LAC @ ATL,L
22020,WAS,Washington Wizards,0022000269,2021-01-26,WAS @ HOU,L
22020,ATL,Atlanta Hawks,0022000268,2021-01-26,ATL vs. LAC,W
22020,NYK,New York Knicks,0022000270,2021-01-26,NYK @ UTA,L
22020,HOU,Houston Rockets,0022000269,2021-01-26,HOU vs. WAS,W
22020,PHI,Philadelphia 76ers,0022000276,2021-01-27,PHI vs. LAL,W
22020,DEN,Denver Nuggets,0022000275,2021-01-27,DEN @ MIA,W
22020,TOR,Toronto Raptors,0022000277,2021-01-27,TOR vs. MIL,L
22020,GSW,Golden State Warriors,0022000283,2021-01-27,GSW vs. MIN,W
22020,ATL,Atlanta Hawks,0022000274,2021-01-27,ATL vs. BKN,L
22020,SAC,Sacramento Kings,0022000273,2021-01-27,SAC @ ORL,W
22020,CHA,Charlotte Hornets,0022000271,2021-01-27,CHA vs. IND,L
22020,LAL,Los Angeles Lakers,0022000276,2021-01-27,LAL @ PHI,L
22020,OKC,Oklahoma City Thunder,0022000281,2021-01-27,OKC @ PHX,W
22020,ORL,Orlando Magic,0022000273,2021-01-27,ORL vs. SAC,L
22020,BOS,Boston Celtics,0022000280,2021-01-27,BOS @ SAS,L
22020,BKN,Brooklyn Nets,0022000274,2021-01-27,BKN @ ATL,W
22020,SAS,San Antonio Spurs,0022000280,2021-01-27,SAS vs. BOS,W
22020,DET,Detroit Pistons,0022000272,2021-01-27,DET @ CLE,L
22020,WAS,Washington Wizards,0022000279,2021-01-27,WAS @ NOP,L
22020,UTA,Utah Jazz,0022000282,2021-01-27,UTA vs. DAL,W
22020,MIA,Miami Heat,0022000275,2021-01-27,MIA vs. DEN,L
22020,MIN,Minnesota Timberwolves,0022000283,2021-01-27,MIN @ GSW,L
22020,PHX,Phoenix Suns,0022000281,2021-01-27,PHX vs. OKC,L
22020,MIL,Milwaukee Bucks,0022000277,2021-01-27,MIL @ TOR,W
22020,DAL,Dallas Mavericks,0022000282,2021-01-27,DAL @ UTA,L
22020,NOP,New Orleans Pelicans,0022000279,2021-01-27,NOP vs. WAS,W
22020,CLE,Cleveland Cavaliers,0022000272,2021-01-27,CLE vs. DET,W
22020,IND,Indiana Pacers,0022000271,2021-01-27,IND @ CHA,W
22020,DET,Detroit Pistons,0022000284,2021-01-28,DET vs. LAL,W
22020,LAC,LA Clippers,0022000285,2021-01-28,LAC @ MIA,W
22020,GSW,Golden State Warriors,0022000286,2021-01-28,GSW @ PHX,L
22020,HOU,Houston Rockets,0022000287,2021-01-28,HOU vs. POR,W
22020,PHX,Phoenix Suns,0022000286,2021-01-28,PHX vs. GSW,W
22020,POR,Portland Trail Blazers,0022000287,2021-01-28,POR @ HOU,L
22020,MIA,Miami Heat,0022000285,2021-01-28,MIA vs. LAC,L
22020,LAL,Los Angeles Lakers,0022000284,2021-01-28,LAL @ DET,L
22020,NOP,New Orleans Pelicans,0022000293,2021-01-29,NOP vs. MIL,W
22020,PHI,Philadelphia 76ers,0022000294,2021-01-29,PHI @ MIN,W
22020,OKC,Oklahoma City Thunder,0022000295,2021-01-29,OKC vs. BKN,L
22020,CLE,Cleveland Cavaliers,0022000291,2021-01-29,CLE @ NYK,L
22020,LAC,LA Clippers,0022000289,2021-01-29,LAC @ ORL,W
22020,CHA,Charlotte Hornets,0022000288,2021-01-29,CHA vs. IND,W
22020,MIN,Minnesota Timberwolves,0022000294,2021-01-29,MIN vs. PHI,L
22020,TOR,Toronto Raptors,0022000292,2021-01-29,TOR vs. SAC,L
22020,DEN,Denver Nuggets,0022000296,2021-01-29,DEN @ SAS,L
22020,WAS,Washington Wizards,0022000290,2021-01-29,WAS vs. ATL,L
22020,NYK,New York Knicks,0022000291,2021-01-29,NYK vs. CLE,W
22020,MIL,Milwaukee Bucks,0022000293,2021-01-29,MIL @ NOP,L
22020,UTA,Utah Jazz,0022000297,2021-01-29,UTA vs. DAL,W
22020,SAS,San Antonio Spurs,0022000296,2021-01-29,SAS vs. DEN,W
22020,ORL,Orlando Magic,0022000289,2021-01-29,ORL vs. LAC,L
22020,BKN,Brooklyn Nets,0022000295,2021-01-29,BKN @ OKC,W
22020,SAC,Sacramento Kings,0022000292,2021-01-29,SAC @ TOR,W
22020,DAL,Dallas Mavericks,0022000297,2021-01-29,DAL @ UTA,L
22020,ATL,Atlanta Hawks,0022000290,2021-01-29,ATL @ WAS,W
22020,IND,Indiana Pacers,0022000288,2021-01-29,IND @ CHA,L
22020,BOS,Boston Celtics,0022000302,2021-01-30,BOS vs. LAL,L
22020,SAC,Sacramento Kings,0022000301,2021-01-30,SAC @ MIA,L
22020,CHA,Charlotte Hornets,0022000299,2021-01-30,CHA vs. MIL,W
22020,DAL,Dallas Mavericks,0022000303,2021-01-30,DAL vs. PHX,L
22020,CHI,Chicago Bulls,0022000298,2021-01-30,CHI vs. POR,L
22020,MIA,Miami Heat,0022000301,2021-01-30,MIA vs. SAC,W
22020,MEM,Memphis Grizzlies,0022000304,2021-01-30,MEM @ SAS,W
22020,LAL,Los Angeles Lakers,0022000302,2021-01-30,LAL @ BOS,W
22020,HOU,Houston Rockets,0022000300,2021-01-30,HOU @ NOP,W
22020,POR,Portland Trail Blazers,0022000298,2021-01-30,POR @ CHI,W
22020,PHX,Phoenix Suns,0022000303,2021-01-30,PHX @ DAL,W
22020,DET,Detroit Pistons,0022000305,2021-01-30,DET @ GSW,L
22020,NOP,New Orleans Pelicans,0022000300,2021-01-30,NOP vs. HOU,L
22020,SAS,San Antonio Spurs,0022000304,2021-01-30,SAS vs. MEM,L
22020,GSW,Golden State Warriors,0022000305,2021-01-30,GSW vs. DET,W
22020,MIL,Milwaukee Bucks,0022000299,2021-01-30,MIL @ CHA,L
22020,CLE,Cleveland Cavaliers,0022000311,2021-01-31,CLE @ MIN,L
22020,WAS,Washington Wizards,0022000310,2021-01-31,WAS vs. BKN,W
22020,LAC,LA Clippers,0022000308,2021-01-31,LAC @ NYK,W
22020,TOR,Toronto Raptors,0022000309,2021-01-31,TOR vs. ORL,W
22020,PHI,Philadelphia 76ers,0022000307,2021-01-31,PHI @ IND,W
22020,IND,Indiana Pacers,0022000307,2021-01-31,IND vs. PHI,L
22020,MIN,Minnesota Timberwolves,0022000311,2021-01-31,MIN vs. CLE,W
22020,UTA,Utah Jazz,0022000306,2021-01-31,UTA @ DEN,L
22020,NYK,New York Knicks,0022000308,2021-01-31,NYK vs. LAC,L
22020,ORL,Orlando Magic,0022000309,2021-01-31,ORL @ TOR,L
22020,DEN,Denver Nuggets,0022000306,2021-01-31,DEN vs. UTA,W
22020,BKN,Brooklyn Nets,0022000310,2021-01-31,BKN @ WAS,L
22020,ATL,Atlanta Hawks,0022000313,2021-02-01,ATL vs. LAL,L
22020,CHA,Charlotte Hornets,0022000314,2021-02-01,CHA @ MIA,W
22020,POR,Portland Trail Blazers,0022000316,2021-02-01,POR @ MIL,L
22020,CLE,Cleveland Cavaliers,0022000312,2021-02-01,CLE vs. MIN,W
22020,CHI,Chicago Bulls,0022000315,2021-02-01,CHI vs. NYK,W
22020,DAL,Dallas Mavericks,0022000319,2021-02-01,DAL vs. PHX,L
22020,MIL,Milwaukee Bucks,0022000316,2021-02-01,MIL vs. POR,W
22020,NOP,New Orleans Pelicans,0022000317,2021-02-01,NOP vs. SAC,L
22020,MEM,Memphis Grizzlies,0022000320,2021-02-01,MEM @ SAS,W
22020,LAL,Los Angeles Lakers,0022000313,2021-02-01,LAL @ ATL,W
22020,MIN,Minnesota Timberwolves,0022000312,2021-02-01,MIN @ CLE,L
22020,SAC,Sacramento Kings,0022000317,2021-02-01,SAC @ NOP,W
22020,NYK,New York Knicks,0022000315,2021-02-01,NYK @ CHI,L
22020,PHX,Phoenix Suns,0022000319,2021-02-01,PHX @ DAL,W
22020,OKC,Oklahoma City Thunder,0022000318,2021-02-01,OKC vs. HOU,L
22020,HOU,Houston Rockets,0022000318,2021-02-01,HOU @ OKC,W
22020,SAS,San Antonio Spurs,0022000320,2021-02-01,SAS vs. MEM,L
22020,MIA,Miami Heat,0022000314,2021-02-01,MIA vs. CHA,L
22020,LAC,LA Clippers,0022000324,2021-02-02,LAC @ BKN,L
22020,TOR,Toronto Raptors,0022000323,2021-02-02,TOR @ ORL,W
22020,MEM,Memphis Grizzlies,0022000322,2021-02-02,MEM @ IND,L
22020,WAS,Washington Wizards,0022000559,2021-02-02,WAS vs. POR,L
22020,GSW,Golden State Warriors,0022000326,2021-02-02,GSW vs. BOS,L
22020,BOS,Boston Celtics,0022000326,2021-02-02,BOS @ GSW,W
22020,BKN,Brooklyn Nets,0022000324,2021-02-02,BKN vs. LAC,W
22020,ORL,Orlando Magic,0022000323,2021-02-02,ORL vs. TOR,L
22020,DET,Detroit Pistons,0022000325,2021-02-02,DET @ UTA,L
22020,IND,Indiana Pacers,0022000322,2021-02-02,IND vs. MEM,W
22020,POR,Portland Trail Blazers,0022000559,2021-02-02,POR @ WAS,W
22020,UTA,Utah Jazz,0022000325,2021-02-02,UTA vs. DET,W
22020,WAS,Washington Wizards,0022000331,2021-02-03,WAS @ MIA,W
22020,IND,Indiana Pacers,0022000329,2021-02-03,IND @ MIL,L
22020,SAS,San Antonio Spurs,0022000334,2021-02-03,SAS vs. MIN,W
22020,CHI,Chicago Bulls,0022000332,2021-02-03,CHI vs. NYK,L
22020,MIL,Milwaukee Bucks,0022000329,2021-02-03,MIL vs. IND,W
22020,CHA,Charlotte Hornets,0022000327,2021-02-03,CHA vs. PHI,L
22020,NOP,New Orleans Pelicans,0022000335,2021-02-03,NOP vs. PHX,W
22020,BOS,Boston Celtics,0022000336,2021-02-03,BOS @ SAC,L
22020,MIN,Minnesota Timberwolves,0022000334,2021-02-03,MIN @ SAS,L
22020,DAL,Dallas Mavericks,0022000330,2021-02-03,DAL @ ATL,W
22020,SAC,Sacramento Kings,0022000336,2021-02-03,SAC vs. BOS,W
22020,LAC,LA Clippers,0022000328,2021-02-03,LAC @ CLE,W
22020,PHX,Phoenix Suns,0022000335,2021-02-03,PHX @ NOP,L
22020,NYK,New York Knicks,0022000332,2021-02-03,NYK @ CHI,W
22020,ATL,Atlanta Hawks,0022000330,2021-02-03,ATL vs. DAL,L
22020,OKC,Oklahoma City Thunder,0022000333,2021-02-03,OKC vs. HOU,W
22020,CLE,Cleveland Cavaliers,0022000328,2021-02-03,CLE vs. LAC,L
22020,HOU,Houston Rockets,0022000333,2021-02-03,HOU @ OKC,L
22020,MIA,Miami Heat,0022000331,2021-02-03,MIA vs. WAS,L
22020,PHI,Philadelphia 76ers,0022000327,2021-02-03,PHI @ CHA,W
22020,DEN,Denver Nuggets,0022000341,2021-02-04,DEN @ LAL,L
22020,POR,Portland Trail Blazers,0022000337,2021-02-04,POR @ PHI,W
22020,PHI,Philadelphia 76ers,0022000337,2021-02-04,PHI vs. POR,L
22020,UTA,Utah Jazz,0022000338,2021-02-04,UTA @ ATL,W
22020,GSW,Golden State Warriors,0022000339,2021-02-04,GSW @ DAL,W
22020,LAL,Los Angeles Lakers,0022000341,2021-02-04,LAL vs. DEN,W
22020,DAL,Dallas Mavericks,0022000339,2021-02-04,DAL vs. GSW,L
22020,MEM,Memphis Grizzlies,0022000340,2021-02-04,MEM vs. HOU,L
22020,ATL,Atlanta Hawks,0022000338,2021-02-04,ATL vs. UTA,L
22020,HOU,Houston Rockets,0022000340,2021-02-04,HOU @ MEM,W
22020,WAS,Washington Wizards,0022000347,2021-02-05,WAS @ MIA,L
22020,CLE,Cleveland Cavaliers,0022000346,2021-02-05,CLE vs. MIL,L
22020,OKC,Oklahoma City Thunder,0022000348,2021-02-05,OKC vs. MIN,L
22020,TOR,Toronto Raptors,0022000345,2021-02-05,TOR @ BKN,W
22020,CHI,Chicago Bulls,0022000344,2021-02-05,CHI @ ORL,L
22020,NOP,New Orleans Pelicans,0022000343,2021-02-05,NOP @ IND,W
22020,DET,Detroit Pistons,0022000349,2021-02-05,DET @ PHX,L
22020,LAC,LA Clippers,0022000350,2021-02-05,LAC vs. BOS,L
22020,MIL,Milwaukee Bucks,0022000346,2021-02-05,MIL @ CLE,W
22020,IND,Indiana Pacers,0022000343,2021-02-05,IND vs. NOP,L
22020,ORL,Orlando Magic,0022000344,2021-02-05,ORL vs. CHI,W
22020,BOS,Boston Celtics,0022000350,2021-02-05,BOS @ LAC,W
22020,MIN,Minnesota Timberwolves,0022000348,2021-02-05,MIN @ OKC,W
22020,BKN,Brooklyn Nets,0022000345,2021-02-05,BKN vs. TOR,L
22020,CHA,Charlotte Hornets,0022000342,2021-02-05,CHA vs. UTA,L
22020,MIA,Miami Heat,0022000347,2021-02-05,MIA vs. WAS,W
22020,PHX,Phoenix Suns,0022000349,2021-02-05,PHX vs. DET,W
22020,UTA,Utah Jazz,0022000342,2021-02-05,UTA @ CHA,W
22020,DET,Detroit Pistons,0022000361,2021-02-06,DET @ LAL,L
22020,CLE,Cleveland Cavaliers,0022000357,2021-02-06,CLE vs. MIL,L
22020,OKC,Oklahoma City Thunder,0022000359,2021-02-06,OKC vs. MIN,W
22020,PHI,Philadelphia 76ers,0022000354,2021-02-06,PHI vs. BKN,W
22020,POR,Portland Trail Blazers,0022000351,2021-02-06,POR @ NYK,L
22020,CHI,Chicago Bulls,0022000353,2021-02-06,CHI @ ORL,W
22020,BKN,Brooklyn Nets,0022000354,2021-02-06,BKN @ PHI,L
22020,NYK,New York Knicks,0022000351,2021-02-06,NYK vs. POR,W
22020,DEN,Denver Nuggets,0022000352,2021-02-06,DEN @ SAC,L
22020,HOU,Houston Rockets,0022000358,2021-02-06,HOU vs. SAS,L
22020,TOR,Toronto Raptors,0022000356,2021-02-06,TOR @ ATL,L
22020,MIL,Milwaukee Bucks,0022000357,2021-02-06,MIL @ CLE,W
22020,MEM,Memphis Grizzlies,0022000355,2021-02-06,MEM @ NOP,L
22020,ORL,Orlando Magic,0022000353,2021-02-06,ORL vs. CHI,L
22020,GSW,Golden State Warriors,0022000360,2021-02-06,GSW @ DAL,L
22020,SAC,Sacramento Kings,0022000352,2021-02-06,SAC vs. DEN,W
22020,DAL,Dallas Mavericks,0022000360,2021-02-06,DAL vs. GSW,W
22020,SAS,San Antonio Spurs,0022000358,2021-02-06,SAS @ HOU,W
22020,MIN,Minnesota Timberwolves,0022000359,2021-02-06,MIN @ OKC,L
22020,ATL,Atlanta Hawks,0022000356,2021-02-06,ATL vs. TOR,W
22020,NOP,New Orleans Pelicans,0022000355,2021-02-06,NOP vs. MEM,W
22020,LAL,Los Angeles Lakers,0022000361,2021-02-06,LAL vs. DET,W
22020,NYK,New York Knicks,0022000364,2021-02-07,NYK vs. MIA,L
22020,MIA,Miami Heat,0022000364,2021-02-07,MIA @ NYK,W
22020,UTA,Utah Jazz,0022000363,2021-02-07,UTA @ IND,W
22020,BOS,Boston Celtics,0022000365,2021-02-07,BOS @ PHX,L
22020,LAC,LA Clippers,0022000366,2021-02-07,LAC vs. SAC,L
22020,PHX,Phoenix Suns,0022000365,2021-02-07,PHX vs. BOS,W
22020,SAC,Sacramento Kings,0022000366,2021-02-07,SAC @ LAC,W
22020,IND,Indiana Pacers,0022000363,2021-02-07,IND vs. UTA,L
22020,CHA,Charlotte Hornets,0022000215,2021-02-07,CHA vs. WAS,W
22020,WAS,Washington Wizards,0022000215,2021-02-07,WAS @ CHA,L
22020,OKC,Oklahoma City Thunder,0022000374,2021-02-08,OKC @ LAL,L
22020,DEN,Denver Nuggets,0022000373,2021-02-08,DEN vs. MIL,L
22020,DAL,Dallas Mavericks,0022000370,2021-02-08,DAL vs. MIN,W
22020,CLE,Cleveland Cavaliers,0022000372,2021-02-08,CLE @ PHX,L
22020,GSW,Golden State Warriors,0022000371,2021-02-08,GSW @ SAS,L
22020,PHX,Phoenix Suns,0022000372,2021-02-08,PHX vs. CLE,W
22020,WAS,Washington Wizards,0022000368,2021-02-08,WAS @ CHI,W
22020,MIN,Minnesota Timberwolves,0022000370,2021-02-08,MIN @ DAL,L
22020,MIL,Milwaukee Bucks,0022000373,2021-02-08,MIL @ DEN,W
22020,SAS,San Antonio Spurs,0022000371,2021-02-08,SAS vs. GSW,W
22020,CHA,Charlotte Hornets,0022000367,2021-02-08,CHA vs. HOU,W
22020,LAL,Los Angeles Lakers,0022000374,2021-02-08,LAL vs. OKC,W
22020,MEM,Memphis Grizzlies,0022000369,2021-02-08,MEM vs. TOR,L
22020,TOR,Toronto Raptors,0022000369,2021-02-08,TOR @ MEM,W
22020,CHI,Chicago Bulls,0022000368,2021-02-08,CHI vs. WAS,L
22020,HOU,Houston Rockets,0022000367,2021-02-08,HOU @ CHA,L
22020,NYK,New York Knicks,0022000376,2021-02-09,NYK @ MIA,L
22020,DET,Detroit Pistons,0022000375,2021-02-09,DET vs. BKN,W
22020,MIA,Miami Heat,0022000376,2021-02-09,MIA vs. NYK,W
22020,POR,Portland Trail Blazers,0022000380,2021-02-09,POR vs. ORL,W
22020,SAC,Sacramento Kings,0022000381,2021-02-09,SAC vs. PHI,L
22020,ORL,Orlando Magic,0022000380,2021-02-09,ORL @ POR,L
22020,PHI,Philadelphia 76ers,0022000381,2021-02-09,PHI @ SAC,W
22020,GSW,Golden State Warriors,0022000378,2021-02-09,GSW @ SAS,W
22020,UTA,Utah Jazz,0022000379,2021-02-09,UTA vs. BOS,W
22020,HOU,Houston Rockets,0022000377,2021-02-09,HOU @ NOP,L
22020,SAS,San Antonio Spurs,0022000378,2021-02-09,SAS vs. GSW,L
22020,NOP,New Orleans Pelicans,0022000377,2021-02-09,NOP vs. HOU,W
22020,BOS,Boston Celtics,0022000379,2021-02-09,BOS @ UTA,L
22020,BKN,Brooklyn Nets,0022000375,2021-02-09,BKN @ DET,L
22020,OKC,Oklahoma City Thunder,0022000390,2021-02-10,OKC @ LAL,L
22020,PHX,Phoenix Suns,0022000389,2021-02-10,PHX vs. MIL,W
22020,LAC,LA Clippers,0022000387,2021-02-10,LAC @ MIN,W
22020,IND,Indiana Pacers,0022000383,2021-02-10,IND @ BKN,L
22020,BKN,Brooklyn Nets,0022000383,2021-02-10,BKN vs. IND,W
22020,MIL,Milwaukee Bucks,0022000389,2021-02-10,MIL @ PHX,L
22020,DAL,Dallas Mavericks,0022000384,2021-02-10,DAL vs. ATL,W
22020,DEN,Denver Nuggets,0022000388,2021-02-10,DEN vs. CLE,W
22020,CHI,Chicago Bulls,0022000385,2021-02-10,CHI vs. NOP,W
22020,NOP,New Orleans Pelicans,0022000385,2021-02-10,NOP @ CHI,L
22020,ATL,Atlanta Hawks,0022000384,2021-02-10,ATL @ DAL,L
22020,CLE,Cleveland Cavaliers,0022000388,2021-02-10,CLE @ DEN,L
22020,MIN,Minnesota Timberwolves,0022000387,2021-02-10,MIN vs. LAC,L
22020,LAL,Los Angeles Lakers,0022000390,2021-02-10,LAL vs. OKC,W
22020,WAS,Washington Wizards,0022000382,2021-02-10,WAS vs. TOR,L
22020,CHA,Charlotte Hornets,0022000386,2021-02-10,CHA @ MEM,L
22020,TOR,Toronto Raptors,0022000382,2021-02-10,TOR @ WAS,W
22020,MEM,Memphis Grizzlies,0022000386,2021-02-10,MEM vs. CHA,W
22020,HOU,Houston Rockets,0022000392,2021-02-11,HOU vs. MIA,L
22020,GSW,Golden State Warriors,0022000393,2021-02-11,GSW vs. ORL,W
22020,DET,Detroit Pistons,0022000391,2021-02-11,DET vs. IND,L
22020,POR,Portland Trail Blazers,0022000394,2021-02-11,POR vs. PHI,W
22020,PHI,Philadelphia 76ers,0022000394,2021-02-11,PHI @ POR,L
22020,TOR,Toronto Raptors,0022000398,2021-02-11,TOR @ BOS,L
22020,ORL,Orlando Magic,0022000393,2021-02-11,ORL @ GSW,L
22020,MIA,Miami Heat,0022000392,2021-02-11,MIA @ HOU,W
22020,BOS,Boston Celtics,0022000398,2021-02-11,BOS vs. TOR,W
22020,IND,Indiana Pacers,0022000391,2021-02-11,IND @ DET,W
22020,MEM,Memphis Grizzlies,0022000403,2021-02-12,MEM @ LAL,L
22020,UTA,Utah Jazz,0022000402,2021-02-12,UTA vs. MIL,W
22020,CHA,Charlotte Hornets,0022000395,2021-02-12,CHA vs. MIN,W
22020,WAS,Washington Wizards,0022000396,2021-02-12,WAS vs. NYK,L
22020,SAC,Sacramento Kings,0022000405,2021-02-12,SAC vs. ORL,L
22020,CLE,Cleveland Cavaliers,0022000404,2021-02-12,CLE @ POR,L
22020,ORL,Orlando Magic,0022000405,2021-02-12,ORL @ SAC,W
22020,ATL,Atlanta Hawks,0022000397,2021-02-12,ATL vs. SAS,L
22020,SAS,San Antonio Spurs,0022000397,2021-02-12,SAS @ ATL,W
22020,DET,Detroit Pistons,0022000412,2021-02-12,DET @ BOS,W
22020,POR,Portland Trail Blazers,0022000404,2021-02-12,POR vs. CLE,W
22020,DAL,Dallas Mavericks,0022000399,2021-02-12,DAL vs. NOP,W
22020,LAC,LA Clippers,0022000400,2021-02-12,LAC @ CHI,W
22020,NOP,New Orleans Pelicans,0022000399,2021-02-12,NOP @ DAL,L
22020,OKC,Oklahoma City Thunder,0022000401,2021-02-12,OKC @ DEN,L
22020,CHI,Chicago Bulls,0022000400,2021-02-12,CHI vs. LAC,L
22020,DEN,Denver Nuggets,0022000401,2021-02-12,DEN vs. OKC,W
22020,MIL,Milwaukee Bucks,0022000402,2021-02-12,MIL @ UTA,L
22020,LAL,Los Angeles Lakers,0022000403,2021-02-12,LAL vs. MEM,W
22020,NYK,New York Knicks,0022000396,2021-02-12,NYK @ WAS,W
22020,BOS,Boston Celtics,0022000412,2021-02-12,BOS vs. DET,L
22020,MIN,Minnesota Timberwolves,0022000395,2021-02-12,MIN @ CHA,L
22020,UTA,Utah Jazz,0022000410,2021-02-13,UTA vs. MIA,W
22020,GSW,Golden State Warriors,0022000409,2021-02-13,GSW vs. BKN,L
22020,HOU,Houston Rockets,0022000408,2021-02-13,HOU @ NYK,L
22020,ATL,Atlanta Hawks,0022000407,2021-02-13,ATL vs. IND,L
22020,PHX,Phoenix Suns,0022000406,2021-02-13,PHX vs. PHI,W
22020,PHI,Philadelphia 76ers,0022000406,2021-02-13,PHI @ PHX,L
22020,IND,Indiana Pacers,0022000407,2021-02-13,IND @ ATL,W
22020,BKN,Brooklyn Nets,0022000409,2021-02-13,BKN @ GSW,W
22020,NYK,New York Knicks,0022000408,2021-02-13,NYK vs. HOU,W
22020,MIA,Miami Heat,0022000410,2021-02-13,MIA @ UTA,L
22020,DEN,Denver Nuggets,0022000416,2021-02-14,DEN vs. LAL,W
22020,OKC,Oklahoma City Thunder,0022000415,2021-02-14,OKC vs. MIL,W
22020,TOR,Toronto Raptors,0022000413,2021-02-14,TOR vs. MIN,L
22020,PHX,Phoenix Suns,0022000417,2021-02-14,PHX vs. ORL,W
22020,ORL,Orlando Magic,0022000417,2021-02-14,ORL @ PHX,L
22020,DAL,Dallas Mavericks,0022000411,2021-02-14,DAL vs. POR,L
22020,MEM,Memphis Grizzlies,0022000418,2021-02-14,MEM @ SAC,W
22020,CHA,Charlotte Hornets,0022000414,2021-02-14,CHA vs. SAS,L
22020,WAS,Washington Wizards,0022000560,2021-02-14,WAS vs. BOS,W
22020,LAC,LA Clippers,0022000419,2021-02-14,LAC vs. CLE,W
22020,DET,Detroit Pistons,0022000561,2021-02-14,DET vs. NOP,W
22020,POR,Portland Trail Blazers,0022000411,2021-02-14,POR @ DAL,W
22020,LAL,Los Angeles Lakers,0022000416,2021-02-14,LAL @ DEN,L
22020,CLE,Cleveland Cavaliers,0022000419,2021-02-14,CLE @ LAC,L
22020,MIL,Milwaukee Bucks,0022000415,2021-02-14,MIL @ OKC,L
22020,MIN,Minnesota Timberwolves,0022000413,2021-02-14,MIN @ TOR,W
22020,SAC,Sacramento Kings,0022000418,2021-02-14,SAC vs. MEM,L
22020,BOS,Boston Celtics,0022000560,2021-02-14,BOS @ WAS,L
22020,NOP,New Orleans Pelicans,0022000561,2021-02-14,NOP @ DET,L
22020,SAS,San Antonio Spurs,0022000414,2021-02-14,SAS @ CHA,W
22020,LAC,LA Clippers,0022000425,2021-02-15,LAC vs. MIA,W
22020,SAC,Sacramento Kings,0022000426,2021-02-15,SAC vs. BKN,L
22020,ATL,Atlanta Hawks,0022000422,2021-02-15,ATL @ NYK,L
22020,CHI,Chicago Bulls,0022000420,2021-02-15,CHI @ IND,W
22020,UTA,Utah Jazz,0022000423,2021-02-15,UTA vs. PHI,W
22020,BKN,Brooklyn Nets,0022000426,2021-02-15,BKN @ SAC,W
22020,NYK,New York Knicks,0022000422,2021-02-15,NYK vs. ATL,W
22020,GSW,Golden State Warriors,0022000424,2021-02-15,GSW vs. CLE,W
22020,IND,Indiana Pacers,0022000420,2021-02-15,IND vs. CHI,L
22020,CLE,Cleveland Cavaliers,0022000424,2021-02-15,CLE @ GSW,L
22020,WAS,Washington Wizards,0022000421,2021-02-15,WAS vs. HOU,W
22020,MIA,Miami Heat,0022000425,2021-02-15,MIA @ LAC,L
22020,PHI,Philadelphia 76ers,0022000423,2021-02-15,PHI @ UTA,L
22020,HOU,Houston Rockets,0022000421,2021-02-15,HOU @ WAS,L
22020,MIN,Minnesota Timberwolves,0022000431,2021-02-16,MIN vs. LAL,L
22020,TOR,Toronto Raptors,0022000430,2021-02-16,TOR @ MIL,W
22020,LAL,Los Angeles Lakers,0022000431,2021-02-16,LAL @ MIN,W
22020,PHX,Phoenix Suns,0022000433,2021-02-16,PHX vs. BKN,L
22020,BKN,Brooklyn Nets,0022000433,2021-02-16,BKN @ PHX,W
22020,OKC,Oklahoma City Thunder,0022000432,2021-02-16,OKC vs. POR,L
22020,DEN,Denver Nuggets,0022000427,2021-02-16,DEN @ BOS,L
22020,MEM,Memphis Grizzlies,0022000429,2021-02-16,MEM vs. NOP,L
22020,BOS,Boston Celtics,0022000427,2021-02-16,BOS vs. DEN,W
22020,POR,Portland Trail Blazers,0022000432,2021-02-16,POR @ OKC,W
22020,MIL,Milwaukee Bucks,0022000430,2021-02-16,MIL vs. TOR,L
22020,NOP,New Orleans Pelicans,0022000429,2021-02-16,NOP @ MEM,W
22020,GSW,Golden State Warriors,0022000443,2021-02-17,GSW vs. MIA,W
22020,IND,Indiana Pacers,0022000440,2021-02-17,IND @ MIN,W
22020,ORL,Orlando Magic,0022000436,2021-02-17,ORL vs. NYK,W
22020,NYK,New York Knicks,0022000436,2021-02-17,NYK @ ORL,L
22020,MIN,Minnesota Timberwolves,0022000440,2021-02-17,MIN vs. IND,L
22020,HOU,Houston Rockets,0022000439,2021-02-17,HOU @ PHI,L
22020,NOP,New Orleans Pelicans,0022000441,2021-02-17,NOP vs. POR,L
22020,BOS,Boston Celtics,0022000438,2021-02-17,BOS vs. ATL,L
22020,ATL,Atlanta Hawks,0022000438,2021-02-17,ATL @ BOS,W
22020,POR,Portland Trail Blazers,0022000441,2021-02-17,POR @ NOP,W
22020,DET,Detroit Pistons,0022000564,2021-02-17,DET @ CHI,L
22020,WAS,Washington Wizards,0022000437,2021-02-17,WAS vs. DEN,W
22020,MIA,Miami Heat,0022000443,2021-02-17,MIA @ GSW,L
22020,PHI,Philadelphia 76ers,0022000439,2021-02-17,PHI vs. HOU,W
22020,UTA,Utah Jazz,0022000444,2021-02-17,UTA @ LAC,W
22020,MEM,Memphis Grizzlies,0022000562,2021-02-17,MEM vs. OKC,W
22020,LAC,LA Clippers,0022000444,2021-02-17,LAC vs. UTA,L
22020,OKC,Oklahoma City Thunder,0022000562,2021-02-17,OKC @ MEM,L
22020,DEN,Denver Nuggets,0022000437,2021-02-17,DEN @ WAS,L
22020,CHI,Chicago Bulls,0022000564,2021-02-17,CHI vs. DET,W
22020,BKN,Brooklyn Nets,0022000446,2021-02-18,BKN @ LAL,W
22020,SAC,Sacramento Kings,0022000447,2021-02-18,SAC vs. MIA,L
22020,TOR,Toronto Raptors,0022000445,2021-02-18,TOR @ MIL,W
22020,LAL,Los Angeles Lakers,0022000446,2021-02-18,LAL vs. BKN,L
22020,MIA,Miami Heat,0022000447,2021-02-18,MIA @ SAC,W
22020,MIL,Milwaukee Bucks,0022000445,2021-02-18,MIL vs. TOR,L
22020,OKC,Oklahoma City Thunder,0022000453,2021-02-19,OKC @ MIL,L
22020,TOR,Toronto Raptors,0022000454,2021-02-19,TOR @ MIN,W
22020,GSW,Golden State Warriors,0022000449,2021-02-19,GSW @ ORL,L
22020,CHI,Chicago Bulls,0022000450,2021-02-19,CHI @ PHI,L
22020,NOP,New Orleans Pelicans,0022000455,2021-02-19,NOP vs. PHX,L
22020,BOS,Boston Celtics,0022000451,2021-02-19,BOS vs. ATL,W
22020,ATL,Atlanta Hawks,0022000451,2021-02-19,ATL @ BOS,L
22020,DEN,Denver Nuggets,0022000563,2021-02-19,DEN @ CLE,W
22020,PHX,Phoenix Suns,0022000455,2021-02-19,PHX @ NOP,W
22020,PHI,Philadelphia 76ers,0022000450,2021-02-19,PHI vs. CHI,W
22020,CLE,Cleveland Cavaliers,0022000563,2021-02-19,CLE vs. DEN,L
22020,ORL,Orlando Magic,0022000449,2021-02-19,ORL vs. GSW,W
22020,UTA,Utah Jazz,0022000457,2021-02-19,UTA @ LAC,L
22020,MIL,Milwaukee Bucks,0022000453,2021-02-19,MIL vs. OKC,W
22020,MIN,Minnesota Timberwolves,0022000454,2021-02-19,MIN vs. TOR,L
22020,LAC,LA Clippers,0022000457,2021-02-19,LAC vs. UTA,W
22020,DET,Detroit Pistons,0022000452,2021-02-19,DET @ MEM,L
22020,MEM,Memphis Grizzlies,0022000452,2021-02-19,MEM vs. DET,W
22020,MIA,Miami Heat,0022000463,2021-02-20,MIA @ LAL,W
22020,LAL,Los Angeles Lakers,0022000463,2021-02-20,LAL vs. MIA,L
22020,MEM,Memphis Grizzlies,0022000462,2021-02-20,MEM vs. PHX,L
22020,WAS,Washington Wizards,0022000464,2021-02-20,WAS @ POR,W
22020,CHI,Chicago Bulls,0022000460,2021-02-20,CHI vs. SAC,W
22020,SAC,Sacramento Kings,0022000460,2021-02-20,SAC @ CHI,L
22020,CHA,Charlotte Hornets,0022000459,2021-02-20,CHA vs. GSW,W
22020,PHX,Phoenix Suns,0022000462,2021-02-20,PHX @ MEM,W
22020,POR,Portland Trail Blazers,0022000464,2021-02-20,POR vs. WAS,L
22020,GSW,Golden State Warriors,0022000459,2021-02-20,GSW @ CHA,L
22020,SAC,Sacramento Kings,0022000471,2021-02-21,SAC @ MIL,L
22020,NYK,New York Knicks,0022000469,2021-02-21,NYK vs. MIN,W
22020,LAC,LA Clippers,0022000472,2021-02-21,LAC vs. BKN,L
22020,MIN,Minnesota Timberwolves,0022000469,2021-02-21,MIN @ NYK,L
22020,DET,Detroit Pistons,0022000467,2021-02-21,DET @ ORL,L
22020,TOR,Toronto Raptors,0022000468,2021-02-21,TOR vs. PHI,W
22020,MIL,Milwaukee Bucks,0022000471,2021-02-21,MIL vs. SAC,W
22020,DEN,Denver Nuggets,0022000470,2021-02-21,DEN @ ATL,L
22020,NOP,New Orleans Pelicans,0022000465,2021-02-21,NOP vs. BOS,W
22020,OKC,Oklahoma City Thunder,0022000466,2021-02-21,OKC @ CLE,W
22020,BOS,Boston Celtics,0022000465,2021-02-21,BOS @ NOP,L
22020,ATL,Atlanta Hawks,0022000470,2021-02-21,ATL vs. DEN,W
22020,BKN,Brooklyn Nets,0022000472,2021-02-21,BKN @ LAC,W
22020,CLE,Cleveland Cavaliers,0022000466,2021-02-21,CLE vs. OKC,L
22020,PHI,Philadelphia 76ers,0022000468,2021-02-21,PHI @ TOR,L
22020,ORL,Orlando Magic,0022000467,2021-02-21,ORL vs. DET,W
22020,WAS,Washington Wizards,0022000479,2021-02-22,WAS @ LAL,W
22020,OKC,Oklahoma City Thunder,0022000475,2021-02-22,OKC vs. MIA,L
22020,POR,Portland Trail Blazers,0022000477,2021-02-22,POR @ PHX,L
22020,PHX,Phoenix Suns,0022000477,2021-02-22,PHX vs. POR,W
22020,HOU,Houston Rockets,0022000474,2021-02-22,HOU vs. CHI,L
22020,MEM,Memphis Grizzlies,0022000476,2021-02-22,MEM @ DAL,L
22020,CHI,Chicago Bulls,0022000474,2021-02-22,CHI @ HOU,W
22020,MIA,Miami Heat,0022000475,2021-02-22,MIA @ OKC,W
22020,CHA,Charlotte Hornets,0022000478,2021-02-22,CHA @ UTA,L
22020,DAL,Dallas Mavericks,0022000476,2021-02-22,DAL vs. MEM,W
22020,LAL,Los Angeles Lakers,0022000479,2021-02-22,LAL vs. WAS,L
22020,UTA,Utah Jazz,0022000478,2021-02-22,UTA vs. CHA,W
22020,MIN,Minnesota Timberwolves,0022000486,2021-02-23,MIN @ MIL,L
22020,MIL,Milwaukee Bucks,0022000486,2021-02-23,MIL vs. MIN,W
22020,SAC,Sacramento Kings,0022000482,2021-02-23,SAC @ BKN,L
22020,GSW,Golden State Warriors,0022000483,2021-02-23,GSW @ NYK,W
22020,DET,Detroit Pistons,0022000481,2021-02-23,DET @ ORL,W
22020,TOR,Toronto Raptors,0022000484,2021-02-23,TOR vs. PHI,L
22020,DEN,Denver Nuggets,0022000487,2021-02-23,DEN vs. POR,W
22020,BKN,Brooklyn Nets,0022000482,2021-02-23,BKN vs. SAC,W
22020,CLE,Cleveland Cavaliers,0022000480,2021-02-23,CLE vs. ATL,W
22020,DAL,Dallas Mavericks,0022000485,2021-02-23,DAL vs. BOS,W
22020,ATL,Atlanta Hawks,0022000480,2021-02-23,ATL @ CLE,L
22020,BOS,Boston Celtics,0022000485,2021-02-23,BOS @ DAL,L
22020,POR,Portland Trail Blazers,0022000487,2021-02-23,POR @ DEN,L
22020,NYK,New York Knicks,0022000483,2021-02-23,NYK vs. GSW,L
22020,WAS,Washington Wizards,0022000488,2021-02-23,WAS @ LAC,L
22020,PHI,Philadelphia 76ers,0022000484,2021-02-23,PHI @ TOR,W
22020,LAC,LA Clippers,0022000488,2021-02-23,LAC vs. WAS,W
22020,ORL,Orlando Magic,0022000481,2021-02-23,ORL vs. DET,L
22020,UTA,Utah Jazz,0022000497,2021-02-24,UTA vs. LAL,W
22020,TOR,Toronto Raptors,0022000492,2021-02-24,TOR @ MIA,L
22020,CHI,Chicago Bulls,0022000493,2021-02-24,CHI vs. MIN,W
22020,GSW,Golden State Warriors,0022000489,2021-02-24,GSW @ IND,W
22020,CHA,Charlotte Hornets,0022000496,2021-02-24,CHA @ PHX,W
22020,OKC,Oklahoma City Thunder,0022000495,2021-02-24,OKC vs. SAS,W
22020,BOS,Boston Celtics,0022000490,2021-02-24,BOS @ ATL,L
22020,ATL,Atlanta Hawks,0022000490,2021-02-24,ATL vs. BOS,W
22020,HOU,Houston Rockets,0022000491,2021-02-24,HOU @ CLE,L
22020,DET,Detroit Pistons,0022000494,2021-02-24,DET @ NOP,L
22020,MIN,Minnesota Timberwolves,0022000493,2021-02-24,MIN @ CHI,L
22020,IND,Indiana Pacers,0022000489,2021-02-24,IND vs. GSW,L
22020,CLE,Cleveland Cavaliers,0022000491,2021-02-24,CLE vs. HOU,W
22020,SAS,San Antonio Spurs,0022000495,2021-02-24,SAS @ OKC,L
22020,MIA,Miami Heat,0022000492,2021-02-24,MIA vs. TOR,W
22020,LAL,Los Angeles Lakers,0022000497,2021-02-24,LAL @ UTA,L
22020,NOP,New Orleans Pelicans,0022000494,2021-02-24,NOP vs. DET,W
22020,PHX,Phoenix Suns,0022000496,2021-02-24,PHX vs. CHA,L
22020,NOP,New Orleans Pelicans,0022000503,2021-02-25,NOP @ MIL,L
22020,ORL,Orlando Magic,0022000499,2021-02-25,ORL @ BKN,L
22020,SAC,Sacramento Kings,0022000500,2021-02-25,SAC @ NYK,L
22020,BKN,Brooklyn Nets,0022000499,2021-02-25,BKN vs. ORL,W
22020,DAL,Dallas Mavericks,0022000498,2021-02-25,DAL @ PHI,L
22020,NYK,New York Knicks,0022000500,2021-02-25,NYK vs. SAC,W
22020,MIL,Milwaukee Bucks,0022000503,2021-02-25,MIL vs. NOP,W
22020,PHI,Philadelphia 76ers,0022000498,2021-02-25,PHI vs. DAL,W
22020,WAS,Washington Wizards,0022000502,2021-02-25,WAS @ DEN,W
22020,MEM,Memphis Grizzlies,0022000501,2021-02-25,MEM vs. LAC,W
22020,LAC,LA Clippers,0022000501,2021-02-25,LAC @ MEM,L
22020,DEN,Denver Nuggets,0022000502,2021-02-25,DEN vs. WAS,L
22020,POR,Portland Trail Blazers,0022000512,2021-02-26,POR @ LAL,L
22020,UTA,Utah Jazz,0022000507,2021-02-26,UTA @ MIA,L
22020,BOS,Boston Celtics,0022000505,2021-02-26,BOS vs. IND,W
22020,CHI,Chicago Bulls,0022000508,2021-02-26,CHI vs. PHX,L
22020,LAL,Los Angeles Lakers,0022000512,2021-02-26,LAL vs. POR,W
22020,DET,Detroit Pistons,0022000504,2021-02-26,DET vs. SAC,L
22020,OKC,Oklahoma City Thunder,0022000510,2021-02-26,OKC vs. ATL,W
22020,IND,Indiana Pacers,0022000505,2021-02-26,IND @ BOS,L
22020,PHX,Phoenix Suns,0022000508,2021-02-26,PHX @ CHI,W
22020,CHA,Charlotte Hornets,0022000511,2021-02-26,CHA @ GSW,L
22020,TOR,Toronto Raptors,0022000506,2021-02-26,TOR vs. HOU,W
22020,MEM,Memphis Grizzlies,0022000509,2021-02-26,MEM vs. LAC,L
22020,ATL,Atlanta Hawks,0022000510,2021-02-26,ATL @ OKC,L
22020,HOU,Houston Rockets,0022000506,2021-02-26,HOU @ TOR,L
22020,MIA,Miami Heat,0022000507,2021-02-26,MIA vs. UTA,W
22020,LAC,LA Clippers,0022000509,2021-02-26,LAC @ MEM,W
22020,SAC,Sacramento Kings,0022000504,2021-02-26,SAC @ DET,W
22020,GSW,Golden State Warriors,0022000511,2021-02-26,GSW vs. CHA,W
22020,WAS,Washington Wizards,0022000517,2021-02-27,WAS vs. MIN,W
22020,DAL,Dallas Mavericks,0022000519,2021-02-27,DAL @ BKN,W
22020,IND,Indiana Pacers,0022000515,2021-02-27,IND @ NYK,L
22020,UTA,Utah Jazz,0022000516,2021-02-27,UTA @ ORL,W
22020,NYK,New York Knicks,0022000515,2021-02-27,NYK vs. IND,W
22020,CLE,Cleveland Cavaliers,0022000513,2021-02-27,CLE @ PHI,W
22020,NOP,New Orleans Pelicans,0022000514,2021-02-27,NOP @ SAS,L
22020,PHI,Philadelphia 76ers,0022000513,2021-02-27,PHI vs. CLE,L
22020,SAS,San Antonio Spurs,0022000514,2021-02-27,SAS vs. NOP,W
22020,BKN,Brooklyn Nets,0022000519,2021-02-27,BKN vs. DAL,L
22020,OKC,Oklahoma City Thunder,0022000518,2021-02-27,OKC vs. DEN,L
22020,DEN,Denver Nuggets,0022000518,2021-02-27,DEN @ OKC,W
22020,ORL,Orlando Magic,0022000516,2021-02-27,ORL vs. UTA,L
22020,MIN,Minnesota Timberwolves,0022000517,2021-02-27,MIN @ WAS,L
22020,GSW,Golden State Warriors,0022000527,2021-02-28,GSW @ LAL,L
22020,ATL,Atlanta Hawks,0022000522,2021-02-28,ATL @ MIA,L
22020,LAC,LA Clippers,0022000520,2021-02-28,LAC @ MIL,L
22020,PHX,Phoenix Suns,0022000526,2021-02-28,PHX @ MIN,W
22020,DET,Detroit Pistons,0022000521,2021-02-28,DET vs. NYK,L
22020,MIN,Minnesota Timberwolves,0022000526,2021-02-28,MIN vs. PHX,L
22020,CHA,Charlotte Hornets,0022000528,2021-02-28,CHA @ SAC,W
22020,MIA,Miami Heat,0022000522,2021-02-28,MIA vs. ATL,W
22020,WAS,Washington Wizards,0022000524,2021-02-28,WAS @ BOS,L
22020,LAL,Los Angeles Lakers,0022000527,2021-02-28,LAL vs. GSW,W
22020,MEM,Memphis Grizzlies,0022000525,2021-02-28,MEM @ HOU,W
22020,MIL,Milwaukee Bucks,0022000520,2021-02-28,MIL vs. LAC,W
22020,HOU,Houston Rockets,0022000525,2021-02-28,HOU vs. MEM,L
22020,BOS,Boston Celtics,0022000524,2021-02-28,BOS vs. WAS,W
22020,NYK,New York Knicks,0022000521,2021-02-28,NYK @ DET,W
22020,SAC,Sacramento Kings,0022000528,2021-02-28,SAC vs. CHA,L
22020,SAS,San Antonio Spurs,0022000534,2021-03-01,SAS vs. BKN,L
22020,DAL,Dallas Mavericks,0022000529,2021-03-01,DAL @ ORL,W
22020,PHI,Philadelphia 76ers,0022000530,2021-03-01,PHI vs. IND,W
22020,IND,Indiana Pacers,0022000530,2021-03-01,IND @ PHI,L
22020,CHA,Charlotte Hornets,0022000535,2021-03-01,CHA @ POR,L
22020,BKN,Brooklyn Nets,0022000534,2021-03-01,BKN @ SAS,W
22020,HOU,Houston Rockets,0022000532,2021-03-01,HOU vs. CLE,L
22020,UTA,Utah Jazz,0022000533,2021-03-01,UTA @ NOP,L
22020,DEN,Denver Nuggets,0022000531,2021-03-01,DEN @ CHI,W
22020,ORL,Orlando Magic,0022000529,2021-03-01,ORL vs. DAL,L
22020,CHI,Chicago Bulls,0022000531,2021-03-01,CHI vs. DEN,L
22020,CLE,Cleveland Cavaliers,0022000532,2021-03-01,CLE @ HOU,W
22020,NOP,New Orleans Pelicans,0022000533,2021-03-01,NOP vs. UTA,W
22020,POR,Portland Trail Blazers,0022000535,2021-03-01,POR vs. CHA,W
22020,PHX,Phoenix Suns,0022000542,2021-03-02,PHX @ LAL,W
22020,ATL,Atlanta Hawks,0022000538,2021-03-02,ATL @ MIA,W
22020,DEN,Denver Nuggets,0022000540,2021-03-02,DEN @ MIL,W
22020,SAS,San Antonio Spurs,0022000541,2021-03-02,SAS vs. NYK,W
22020,LAL,Los Angeles Lakers,0022000542,2021-03-02,LAL vs. PHX,L
22020,NYK,New York Knicks,0022000541,2021-03-02,NYK @ SAS,L
22020,MIA,Miami Heat,0022000538,2021-03-02,MIA vs. ATL,L
22020,LAC,LA Clippers,0022000537,2021-03-02,LAC @ BOS,L
22020,MIL,Milwaukee Bucks,0022000540,2021-03-02,MIL vs. DEN,L
22020,BOS,Boston Celtics,0022000537,2021-03-02,BOS vs. LAC,W
22020,WAS,Washington Wizards,0022000536,2021-03-02,WAS vs. MEM,L
22020,MEM,Memphis Grizzlies,0022000536,2021-03-02,MEM @ WAS,W
22020,SAC,Sacramento Kings,0022000551,2021-03-03,SAC vs. LAL,W
22020,CHA,Charlotte Hornets,0022000547,2021-03-03,CHA @ MIN,W
22020,HOU,Houston Rockets,0022000546,2021-03-03,HOU vs. BKN,L
22020,ATL,Atlanta Hawks,0022000544,2021-03-03,ATL @ ORL,W
22020,CLE,Cleveland Cavaliers,0022000543,2021-03-03,CLE vs. IND,L
22020,UTA,Utah Jazz,0022000545,2021-03-03,UTA @ PHI,L
22020,GSW,Golden State Warriors,0022000550,2021-03-03,GSW @ POR,L
22020,LAL,Los Angeles Lakers,0022000551,2021-03-03,LAL @ SAC,L
22020,ORL,Orlando Magic,0022000544,2021-03-03,ORL vs. ATL,L
22020,IND,Indiana Pacers,0022000543,2021-03-03,IND @ CLE,W
22020,CHI,Chicago Bulls,0022000548,2021-03-03,CHI @ NOP,W
22020,NOP,New Orleans Pelicans,0022000548,2021-03-03,NOP vs. CHI,L
22020,OKC,Oklahoma City Thunder,0022000549,2021-03-03,OKC @ DAL,L
22020,POR,Portland Trail Blazers,0022000550,2021-03-03,POR vs. GSW,W
22020,BKN,Brooklyn Nets,0022000546,2021-03-03,BKN @ HOU,W
22020,DAL,Dallas Mavericks,0022000549,2021-03-03,DAL vs. OKC,W
22020,DET,Detroit Pistons,0022000539,2021-03-03,DET @ TOR,W
22020,PHI,Philadelphia 76ers,0022000545,2021-03-03,PHI vs. UTA,W
22020,TOR,Toronto Raptors,0022000539,2021-03-03,TOR vs. DET,L
22020,MIN,Minnesota Timberwolves,0022000547,2021-03-03,MIN vs. CHA,L
22020,NOP,New Orleans Pelicans,0022000557,2021-03-04,NOP vs. MIA,L
22020,MEM,Memphis Grizzlies,0022000555,2021-03-04,MEM vs. MIL,L
22020,DET,Detroit Pistons,0022000565,2021-03-04,DET @ NYK,L
22020,DEN,Denver Nuggets,0022000553,2021-03-04,DEN @ IND,W
22020,GSW,Golden State Warriors,0022000185,2021-03-04,GSW @ PHX,L
22020,SAC,Sacramento Kings,0022000558,2021-03-04,SAC @ POR,L
22020,POR,Portland Trail Blazers,0022000558,2021-03-04,POR vs. SAC,W
22020,OKC,Oklahoma City Thunder,0022000556,2021-03-04,OKC @ SAS,W
22020,TOR,Toronto Raptors,0022000552,2021-03-04,TOR @ BOS,L
22020,MIA,Miami Heat,0022000557,2021-03-04,MIA @ NOP,W
22020,IND,Indiana Pacers,0022000553,2021-03-04,IND vs. DEN,L
22020,PHX,Phoenix Suns,0022000185,2021-03-04,PHX vs. GSW,W
22020,WAS,Washington Wizards,0022000554,2021-03-04,WAS vs. LAC,W
22020,SAS,San Antonio Spurs,0022000556,2021-03-04,SAS vs. OKC,L
22020,BOS,Boston Celtics,0022000552,2021-03-04,BOS vs. TOR,W
22020,MIL,Milwaukee Bucks,0022000555,2021-03-04,MIL @ MEM,W
22020,LAC,LA Clippers,0022000554,2021-03-04,LAC @ WAS,L
22020,NYK,New York Knicks,0022000565,2021-03-04,NYK vs. DET,W
22020,DAL,Dallas Mavericks,0022000567,2021-03-10,DAL vs. SAS,W
22020,SAS,San Antonio Spurs,0022000567,2021-03-10,SAS @ DAL,L
22020,WAS,Washington Wizards,0022000566,2021-03-10,WAS @ MEM,L
22020,MEM,Memphis Grizzlies,0022000566,2021-03-10,MEM vs. WAS,W
22020,ORL,Orlando Magic,0022000571,2021-03-11,ORL @ MIA,L
22020,NYK,New York Knicks,0022000573,2021-03-11,NYK @ MIL,L
22020,NOP,New Orleans Pelicans,0022000574,2021-03-11,NOP vs. MIN,L
22020,BOS,Boston Celtics,0022000569,2021-03-11,BOS @ BKN,L
22020,MIL,Milwaukee Bucks,0022000573,2021-03-11,MIL vs. NYK,W
22020,MIA,Miami Heat,0022000571,2021-03-11,MIA vs. ORL,W
22020,CHI,Chicago Bulls,0022000572,2021-03-11,CHI vs. PHI,L
22020,POR,Portland Trail Blazers,0022000577,2021-03-11,POR vs. PHX,L
22020,PHX,Phoenix Suns,0022000577,2021-03-11,PHX @ POR,W
22020,HOU,Houston Rockets,0022000578,2021-03-11,HOU @ SAC,L
22020,TOR,Toronto Raptors,0022000570,2021-03-11,TOR vs. ATL,L
22020,BKN,Brooklyn Nets,0022000569,2021-03-11,BKN vs. BOS,W
22020,MIN,Minnesota Timberwolves,0022000574,2021-03-11,MIN @ NOP,W
22020,PHI,Philadelphia 76ers,0022000572,2021-03-11,PHI @ CHI,W
22020,OKC,Oklahoma City Thunder,0022000575,2021-03-11,OKC vs. DAL,W
22020,LAC,LA Clippers,0022000576,2021-03-11,LAC vs. GSW,W
22020,SAC,Sacramento Kings,0022000578,2021-03-11,SAC vs. HOU,W
22020,GSW,Golden State Warriors,0022000576,2021-03-11,GSW @ LAC,L
22020,DAL,Dallas Mavericks,0022000575,2021-03-11,DAL @ OKC,L
22020,ATL,Atlanta Hawks,0022000570,2021-03-11,ATL @ TOR,W
22020,CHA,Charlotte Hornets,0022000568,2021-03-11,CHA vs. DET,W
22020,DET,Detroit Pistons,0022000568,2021-03-11,DET @ CHA,L
22020,IND,Indiana Pacers,0022000585,2021-03-12,IND @ LAL,L
22020,CHI,Chicago Bulls,0022000582,2021-03-12,CHI vs. MIA,L
22020,SAS,San Antonio Spurs,0022000583,2021-03-12,SAS vs. ORL,W
22020,LAL,Los Angeles Lakers,0022000585,2021-03-12,LAL vs. IND,W
22020,WAS,Washington Wizards,0022000579,2021-03-12,WAS vs. PHI,L
22020,ORL,Orlando Magic,0022000583,2021-03-12,ORL @ SAS,L
22020,NOP,New Orleans Pelicans,0022000581,2021-03-12,NOP vs. CLE,W
22020,CLE,Cleveland Cavaliers,0022000581,2021-03-12,CLE @ NOP,L
22020,MIA,Miami Heat,0022000582,2021-03-12,MIA @ CHI,W
22020,MEM,Memphis Grizzlies,0022000580,2021-03-12,MEM vs. DEN,L
22020,UTA,Utah Jazz,0022000584,2021-03-12,UTA vs. HOU,W
22020,HOU,Houston Rockets,0022000584,2021-03-12,HOU @ UTA,L
22020,DEN,Denver Nuggets,0022000580,2021-03-12,DEN @ MEM,W
22020,PHI,Philadelphia 76ers,0022000579,2021-03-12,PHI @ WAS,W
22020,WAS,Washington Wizards,0022000589,2021-03-13,WAS vs. MIL,L
22020,POR,Portland Trail Blazers,0022000591,2021-03-13,POR @ MIN,W
22020,DET,Detroit Pistons,0022000587,2021-03-13,DET @ BKN,L
22020,OKC,Oklahoma City Thunder,0022000586,2021-03-13,OKC vs. NYK,L
22020,PHX,Phoenix Suns,0022000194,2021-03-13,PHX vs. IND,L
22020,IND,Indiana Pacers,0022000194,2021-03-13,IND @ PHX,W
22020,MIN,Minnesota Timberwolves,0022000591,2021-03-13,MIN vs. POR,L
22020,ATL,Atlanta Hawks,0022000590,2021-03-13,ATL vs. SAC,W
22020,SAC,Sacramento Kings,0022000590,2021-03-13,SAC @ ATL,L
22020,DEN,Denver Nuggets,0022000592,2021-03-13,DEN vs. DAL,L
22020,DAL,Dallas Mavericks,0022000592,2021-03-13,DAL @ DEN,W
22020,NYK,New York Knicks,0022000586,2021-03-13,NYK @ OKC,W
22020,CHA,Charlotte Hornets,0022000588,2021-03-13,CHA vs. TOR,W
22020,MIL,Milwaukee Bucks,0022000589,2021-03-13,MIL @ WAS,W
22020,BKN,Brooklyn Nets,0022000587,2021-03-13,BKN vs. DET,W
22020,TOR,Toronto Raptors,0022000588,2021-03-13,TOR @ CHA,L
22020,ORL,Orlando Magic,0022000596,2021-03-14,ORL vs. MIA,L
22020,POR,Portland Trail Blazers,0022000599,2021-03-14,POR @ MIN,L
22020,MIA,Miami Heat,0022000596,2021-03-14,MIA @ ORL,W
22020,SAS,San Antonio Spurs,0022000595,2021-03-14,SAS @ PHI,L
22020,MIN,Minnesota Timberwolves,0022000599,2021-03-14,MIN vs. POR,W
22020,PHI,Philadelphia 76ers,0022000595,2021-03-14,PHI vs. SAS,W
22020,CLE,Cleveland Cavaliers,0022000597,2021-03-14,CLE @ ATL,L
22020,HOU,Houston Rockets,0022000598,2021-03-14,HOU vs. BOS,L
22020,ATL,Atlanta Hawks,0022000597,2021-03-14,ATL vs. CLE,W
22020,LAC,LA Clippers,0022000601,2021-03-14,LAC @ NOP,L
22020,TOR,Toronto Raptors,0022000600,2021-03-14,TOR @ CHI,L
22020,UTA,Utah Jazz,0022000594,2021-03-14,UTA @ GSW,L
22020,BOS,Boston Celtics,0022000598,2021-03-14,BOS @ HOU,W
22020,NOP,New Orleans Pelicans,0022000601,2021-03-14,NOP vs. LAC,W
22020,MEM,Memphis Grizzlies,0022000593,2021-03-14,MEM @ OKC,L
22020,CHI,Chicago Bulls,0022000600,2021-03-14,CHI vs. TOR,W
22020,GSW,Golden State Warriors,0022000594,2021-03-14,GSW vs. UTA,W
22020,OKC,Oklahoma City Thunder,0022000593,2021-03-14,OKC vs. MEM,W
22020,GSW,Golden State Warriors,0022000608,2021-03-15,GSW vs. LAL,L
22020,WAS,Washington Wizards,0022000603,2021-03-15,WAS vs. MIL,L
22020,NYK,New York Knicks,0022000604,2021-03-15,NYK @ BKN,L
22020,BKN,Brooklyn Nets,0022000604,2021-03-15,BKN vs. NYK,W
22020,DEN,Denver Nuggets,0022000606,2021-03-15,DEN vs. IND,W
22020,MEM,Memphis Grizzlies,0022000607,2021-03-15,MEM @ PHX,L
22020,CHA,Charlotte Hornets,0022000602,2021-03-15,CHA vs. SAC,W
22020,DET,Detroit Pistons,0022000428,2021-03-15,DET vs. SAS,L
22020,LAC,LA Clippers,0022000605,2021-03-15,LAC @ DAL,W
22020,IND,Indiana Pacers,0022000606,2021-03-15,IND @ DEN,L
22020,LAL,Los Angeles Lakers,0022000608,2021-03-15,LAL @ GSW,W
22020,DAL,Dallas Mavericks,0022000605,2021-03-15,DAL vs. LAC,L
22020,PHX,Phoenix Suns,0022000607,2021-03-15,PHX vs. MEM,W
22020,MIL,Milwaukee Bucks,0022000603,2021-03-15,MIL @ WAS,W
22020,SAS,San Antonio Spurs,0022000428,2021-03-15,SAS @ DET,W
22020,SAC,Sacramento Kings,0022000602,2021-03-15,SAC @ CHA,L
22020,MIN,Minnesota Timberwolves,0022000615,2021-03-16,MIN @ LAL,L
22020,CLE,Cleveland Cavaliers,0022000610,2021-03-16,CLE @ MIA,L
22020,LAL,Los Angeles Lakers,0022000615,2021-03-16,LAL vs. MIN,W
22020,PHI,Philadelphia 76ers,0022000611,2021-03-16,PHI vs. NYK,W
22020,NYK,New York Knicks,0022000611,2021-03-16,NYK @ PHI,L
22020,NOP,New Orleans Pelicans,0022000614,2021-03-16,NOP @ POR,L
22020,HOU,Houston Rockets,0022000613,2021-03-16,HOU vs. ATL,L
22020,UTA,Utah Jazz,0022000609,2021-03-16,UTA @ BOS,W
22020,MIA,Miami Heat,0022000610,2021-03-16,MIA vs. CLE,W
22020,POR,Portland Trail Blazers,0022000614,2021-03-16,POR vs. NOP,W
22020,OKC,Oklahoma City Thunder,0022000612,2021-03-16,OKC @ CHI,L
22020,ATL,Atlanta Hawks,0022000613,2021-03-16,ATL @ HOU,W
22020,CHI,Chicago Bulls,0022000612,2021-03-16,CHI vs. OKC,W
22020,BOS,Boston Celtics,0022000609,2021-03-16,BOS vs. UTA,L
22020,MEM,Memphis Grizzlies,0022000623,2021-03-17,MEM vs. MIA,W
22020,PHI,Philadelphia 76ers,0022000618,2021-03-17,PHI vs. MIL,L
22020,IND,Indiana Pacers,0022000617,2021-03-17,IND vs. BKN,L
22020,BKN,Brooklyn Nets,0022000617,2021-03-17,BKN @ IND,W
22020,MIL,Milwaukee Bucks,0022000618,2021-03-17,MIL @ PHI,W
22020,WAS,Washington Wizards,0022000619,2021-03-17,WAS vs. SAC,L
22020,CHI,Chicago Bulls,0022000621,2021-03-17,CHI vs. SAS,L
22020,CLE,Cleveland Cavaliers,0022000620,2021-03-17,CLE vs. BOS,W
22020,BOS,Boston Celtics,0022000620,2021-03-17,BOS @ CLE,L
22020,SAS,San Antonio Spurs,0022000621,2021-03-17,SAS @ CHI,W
22020,LAC,LA Clippers,0022000625,2021-03-17,LAC @ DAL,L
22020,CHA,Charlotte Hornets,0022000624,2021-03-17,CHA @ DEN,L
22020,HOU,Houston Rockets,0022000622,2021-03-17,HOU vs. GSW,L
22020,GSW,Golden State Warriors,0022000622,2021-03-17,GSW @ HOU,W
22020,DAL,Dallas Mavericks,0022000625,2021-03-17,DAL vs. LAC,W
22020,DET,Detroit Pistons,0022000616,2021-03-17,DET vs. TOR,W
22020,MIA,Miami Heat,0022000623,2021-03-17,MIA @ MEM,L
22020,SAC,Sacramento Kings,0022000619,2021-03-17,SAC @ WAS,W
22020,TOR,Toronto Raptors,0022000616,2021-03-17,TOR @ DET,L
22020,DEN,Denver Nuggets,0022000624,2021-03-17,DEN vs. CHA,W
22020,CHA,Charlotte Hornets,0022000630,2021-03-18,CHA @ LAL,L
22020,PHX,Phoenix Suns,0022000628,2021-03-18,PHX vs. MIN,L
22020,ORL,Orlando Magic,0022000627,2021-03-18,ORL @ NYK,L
22020,NYK,New York Knicks,0022000627,2021-03-18,NYK vs. ORL,W
22020,MIN,Minnesota Timberwolves,0022000628,2021-03-18,MIN @ PHX,W
22020,NOP,New Orleans Pelicans,0022000629,2021-03-18,NOP @ POR,L
22020,OKC,Oklahoma City Thunder,0022000626,2021-03-18,OKC @ ATL,L
22020,POR,Portland Trail Blazers,0022000629,2021-03-18,POR vs. NOP,W
22020,ATL,Atlanta Hawks,0022000626,2021-03-18,ATL vs. OKC,W
22020,WAS,Washington Wizards,0022000166,2021-03-18,WAS vs. UTA,W
22020,UTA,Utah Jazz,0022000166,2021-03-18,UTA @ WAS,L
22020,LAL,Los Angeles Lakers,0022000630,2021-03-18,LAL vs. CHA,W
22020,IND,Indiana Pacers,0022000632,2021-03-19,IND @ MIA,W
22020,PHX,Phoenix Suns,0022000638,2021-03-19,PHX vs. MIN,W
22020,ORL,Orlando Magic,0022000633,2021-03-19,ORL vs. BKN,W
22020,BKN,Brooklyn Nets,0022000633,2021-03-19,BKN @ ORL,L
22020,MIA,Miami Heat,0022000632,2021-03-19,MIA vs. IND,L
22020,MIN,Minnesota Timberwolves,0022000638,2021-03-19,MIN @ PHX,L
22020,DAL,Dallas Mavericks,0022000639,2021-03-19,DAL @ POR,L
22020,BOS,Boston Celtics,0022000631,2021-03-19,BOS vs. SAC,L
22020,CLE,Cleveland Cavaliers,0022000435,2021-03-19,CLE vs. SAS,L
22020,SAC,Sacramento Kings,0022000631,2021-03-19,SAC @ BOS,W
22020,SAS,San Antonio Spurs,0022000435,2021-03-19,SAS @ CLE,W
22020,DEN,Denver Nuggets,0022000637,2021-03-19,DEN vs. CHI,W
22020,POR,Portland Trail Blazers,0022000639,2021-03-19,POR vs. DAL,W
22020,CHI,Chicago Bulls,0022000637,2021-03-19,CHI @ DEN,L
22020,MEM,Memphis Grizzlies,0022000636,2021-03-19,MEM vs. GSW,L
22020,DET,Detroit Pistons,0022000635,2021-03-19,DET @ HOU,W
22020,UTA,Utah Jazz,0022000634,2021-03-19,UTA @ TOR,W
22020,TOR,Toronto Raptors,0022000634,2021-03-19,TOR vs. UTA,L
22020,GSW,Golden State Warriors,0022000636,2021-03-19,GSW @ MEM,W
22020,HOU,Houston Rockets,0022000635,2021-03-19,HOU vs. DET,L
22020,ATL,Atlanta Hawks,0022000640,2021-03-20,ATL @ LAL,W
22020,SAS,San Antonio Spurs,0022000643,2021-03-20,SAS @ MIL,L
22020,SAC,Sacramento Kings,0022000641,2021-03-20,SAC @ PHI,L
22020,PHI,Philadelphia 76ers,0022000641,2021-03-20,PHI vs. SAC,W
22020,MIL,Milwaukee Bucks,0022000643,2021-03-20,MIL vs. SAS,W
22020,LAL,Los Angeles Lakers,0022000640,2021-03-20,LAL vs. ATL,L
22020,MEM,Memphis Grizzlies,0022000642,2021-03-20,MEM vs. GSW,W
22020,CHA,Charlotte Hornets,0022000644,2021-03-20,CHA @ LAC,L
22020,GSW,Golden State Warriors,0022000642,2021-03-20,GSW @ MEM,L
22020,LAC,LA Clippers,0022000644,2021-03-20,LAC vs. CHA,W
22020,PHX,Phoenix Suns,0022000651,2021-03-21,PHX vs. LAL,W
22020,IND,Indiana Pacers,0022000645,2021-03-21,IND @ MIA,W
22020,WAS,Washington Wizards,0022000647,2021-03-21,WAS @ BKN,L
22020,PHI,Philadelphia 76ers,0022000650,2021-03-21,PHI @ NYK,W
22020,BOS,Boston Celtics,0022000167,2021-03-21,BOS vs. ORL,W
22020,MIA,Miami Heat,0022000645,2021-03-21,MIA vs. IND,L
22020,NYK,New York Knicks,0022000650,2021-03-21,NYK vs. PHI,L
22020,LAL,Los Angeles Lakers,0022000651,2021-03-21,LAL @ PHX,L
22020,DAL,Dallas Mavericks,0022000652,2021-03-21,DAL @ POR,W
22020,ORL,Orlando Magic,0022000167,2021-03-21,ORL @ BOS,L
22020,TOR,Toronto Raptors,0022000648,2021-03-21,TOR @ CLE,L
22020,DEN,Denver Nuggets,0022000646,2021-03-21,DEN vs. NOP,L
22020,DET,Detroit Pistons,0022000649,2021-03-21,DET vs. CHI,L
22020,POR,Portland Trail Blazers,0022000652,2021-03-21,POR vs. DAL,L
22020,NOP,New Orleans Pelicans,0022000646,2021-03-21,NOP @ DEN,W
22020,OKC,Oklahoma City Thunder,0022000016,2021-03-21,OKC @ HOU,W
22020,HOU,Houston Rockets,0022000016,2021-03-21,HOU vs. OKC,L
22020,CLE,Cleveland Cavaliers,0022000648,2021-03-21,CLE vs. TOR,W
22020,BKN,Brooklyn Nets,0022000647,2021-03-21,BKN vs. WAS,W
22020,CHI,Chicago Bulls,0022000649,2021-03-21,CHI @ DET,W
22020,IND,Indiana Pacers,0022000659,2021-03-22,IND @ MIL,L
22020,OKC,Oklahoma City Thunder,0022000654,2021-03-22,OKC @ MIN,W
22020,MIL,Milwaukee Bucks,0022000659,2021-03-22,MIL vs. IND,W
22020,CLE,Cleveland Cavaliers,0022000653,2021-03-22,CLE vs. SAC,L
22020,CHA,Charlotte Hornets,0022000655,2021-03-22,CHA @ SAS,W
22020,LAC,LA Clippers,0022000660,2021-03-22,LAC vs. ATL,W
22020,MEM,Memphis Grizzlies,0022000658,2021-03-22,MEM vs. BOS,W
22020,SAC,Sacramento Kings,0022000653,2021-03-22,SAC @ CLE,W
22020,UTA,Utah Jazz,0022000656,2021-03-22,UTA @ CHI,W
22020,TOR,Toronto Raptors,0022000657,2021-03-22,TOR @ HOU,L
22020,ATL,Atlanta Hawks,0022000660,2021-03-22,ATL @ LAC,L
22020,MIN,Minnesota Timberwolves,0022000654,2021-03-22,MIN vs. OKC,L
22020,HOU,Houston Rockets,0022000657,2021-03-22,HOU vs. TOR,W
22020,CHI,Chicago Bulls,0022000656,2021-03-22,CHI vs. UTA,L
22020,BOS,Boston Celtics,0022000658,2021-03-22,BOS @ MEM,L
22020,SAS,San Antonio Spurs,0022000655,2021-03-22,SAS vs. CHA,L
22020,NOP,New Orleans Pelicans,0022000663,2021-03-23,NOP vs. LAL,W
22020,PHX,Phoenix Suns,0022000664,2021-03-23,PHX @ MIA,W
22020,POR,Portland Trail Blazers,0022000666,2021-03-23,POR vs. BKN,L
22020,WAS,Washington Wizards,0022000662,2021-03-23,WAS @ NYK,L
22020,DEN,Denver Nuggets,0022000661,2021-03-23,DEN @ ORL,W
22020,GSW,Golden State Warriors,0022000665,2021-03-23,GSW vs. PHI,L
22020,MIA,Miami Heat,0022000664,2021-03-23,MIA vs. PHX,L
22020,BKN,Brooklyn Nets,0022000666,2021-03-23,BKN @ POR,W
22020,LAL,Los Angeles Lakers,0022000663,2021-03-23,LAL @ NOP,L
22020,ORL,Orlando Magic,0022000661,2021-03-23,ORL vs. DEN,L
22020,PHI,Philadelphia 76ers,0022000665,2021-03-23,PHI @ GSW,W
22020,NYK,New York Knicks,0022000662,2021-03-23,NYK vs. WAS,W
22020,BOS,Boston Celtics,0022000669,2021-03-24,BOS @ MIL,L
22020,DAL,Dallas Mavericks,0022000673,2021-03-24,DAL @ MIN,W
22020,UTA,Utah Jazz,0022000676,2021-03-24,UTA vs. BKN,W
22020,PHX,Phoenix Suns,0022000670,2021-03-24,PHX @ ORL,L
22020,DET,Detroit Pistons,0022000667,2021-03-24,DET @ IND,L
22020,ORL,Orlando Magic,0022000670,2021-03-24,ORL vs. PHX,W
22020,ATL,Atlanta Hawks,0022000677,2021-03-24,ATL @ SAC,L
22020,LAC,LA Clippers,0022000675,2021-03-24,LAC @ SAS,W
22020,SAC,Sacramento Kings,0022000677,2021-03-24,SAC vs. ATL,W
22020,MIL,Milwaukee Bucks,0022000669,2021-03-24,MIL vs. BOS,W
22020,CHI,Chicago Bulls,0022000671,2021-03-24,CHI vs. CLE,L
22020,CLE,Cleveland Cavaliers,0022000671,2021-03-24,CLE @ CHI,W
22020,MIN,Minnesota Timberwolves,0022000673,2021-03-24,MIN vs. DAL,L
22020,TOR,Toronto Raptors,0022000668,2021-03-24,TOR vs. DEN,W
22020,CHA,Charlotte Hornets,0022000672,2021-03-24,CHA @ HOU,W
22020,SAS,San Antonio Spurs,0022000675,2021-03-24,SAS vs. LAC,L
22020,MEM,Memphis Grizzlies,0022000674,2021-03-24,MEM @ OKC,W
22020,DEN,Denver Nuggets,0022000668,2021-03-24,DEN @ TOR,L
22020,BKN,Brooklyn Nets,0022000676,2021-03-24,BKN @ UTA,L
22020,OKC,Oklahoma City Thunder,0022000674,2021-03-24,OKC vs. MEM,L
22020,IND,Indiana Pacers,0022000667,2021-03-24,IND vs. DET,W
22020,HOU,Houston Rockets,0022000672,2021-03-24,HOU vs. CHA,L
22020,PHI,Philadelphia 76ers,0022000681,2021-03-25,PHI @ LAL,W
22020,POR,Portland Trail Blazers,0022000678,2021-03-25,POR @ MIA,W
22020,WAS,Washington Wizards,0022000679,2021-03-25,WAS @ NYK,L
22020,LAL,Los Angeles Lakers,0022000681,2021-03-25,LAL vs. PHI,L
22020,MIA,Miami Heat,0022000678,2021-03-25,MIA vs. POR,L
22020,GSW,Golden State Warriors,0022000682,2021-03-25,GSW @ SAC,L
22020,LAC,LA Clippers,0022000680,2021-03-25,LAC @ SAS,W
22020,SAC,Sacramento Kings,0022000682,2021-03-25,SAC vs. GSW,W
22020,SAS,San Antonio Spurs,0022000680,2021-03-25,SAS vs. LAC,L
22020,NYK,New York Knicks,0022000679,2021-03-25,NYK vs. WAS,W
22020,CLE,Cleveland Cavaliers,0022000693,2021-03-26,CLE @ LAL,L
22020,CHA,Charlotte Hornets,0022000686,2021-03-26,CHA vs. MIA,W
22020,BOS,Boston Celtics,0022000685,2021-03-26,BOS @ MIL,W
22020,HOU,Houston Rockets,0022000688,2021-03-26,HOU @ MIN,L
22020,DET,Detroit Pistons,0022000683,2021-03-26,DET vs. BKN,L
22020,POR,Portland Trail Blazers,0022000687,2021-03-26,POR @ ORL,W
22020,DAL,Dallas Mavericks,0022000690,2021-03-26,DAL vs. IND,L
22020,TOR,Toronto Raptors,0022000684,2021-03-26,TOR vs. PHX,L
22020,ORL,Orlando Magic,0022000687,2021-03-26,ORL vs. POR,L
22020,GSW,Golden State Warriors,0022000692,2021-03-26,GSW vs. ATL,L
22020,MIL,Milwaukee Bucks,0022000685,2021-03-26,MIL vs. BOS,L
22020,LAL,Los Angeles Lakers,0022000693,2021-03-26,LAL vs. CLE,W
22020,DEN,Denver Nuggets,0022000689,2021-03-26,DEN @ NOP,W
22020,IND,Indiana Pacers,0022000690,2021-03-26,IND @ DAL,W
22020,NOP,New Orleans Pelicans,0022000689,2021-03-26,NOP vs. DEN,L
22020,ATL,Atlanta Hawks,0022000692,2021-03-26,ATL @ GSW,W
22020,MIN,Minnesota Timberwolves,0022000688,2021-03-26,MIN vs. HOU,W
22020,PHX,Phoenix Suns,0022000684,2021-03-26,PHX @ TOR,W
22020,MEM,Memphis Grizzlies,0022000691,2021-03-26,MEM @ UTA,L
22020,UTA,Utah Jazz,0022000691,2021-03-26,UTA vs. MEM,W
22020,BKN,Brooklyn Nets,0022000683,2021-03-26,BKN @ DET,W
22020,MIA,Miami Heat,0022000686,2021-03-26,MIA @ CHA,L
22020,NYK,New York Knicks,0022000695,2021-03-27,NYK @ MIL,W
22020,HOU,Houston Rockets,0022000696,2021-03-27,HOU @ MIN,W
22020,MIL,Milwaukee Bucks,0022000695,2021-03-27,MIL vs. NYK,L
22020,LAC,LA Clippers,0022000701,2021-03-27,LAC vs. PHI,W
22020,CLE,Cleveland Cavaliers,0022000702,2021-03-27,CLE @ SAC,L
22020,CHI,Chicago Bulls,0022000697,2021-03-27,CHI @ SAS,L
22020,OKC,Oklahoma City Thunder,0022000699,2021-03-27,OKC vs. BOS,L
22020,SAC,Sacramento Kings,0022000702,2021-03-27,SAC vs. CLE,W
22020,DAL,Dallas Mavericks,0022000698,2021-03-27,DAL @ NOP,L
22020,SAS,San Antonio Spurs,0022000697,2021-03-27,SAS vs. CHI,W
22020,NOP,New Orleans Pelicans,0022000698,2021-03-27,NOP vs. DAL,W
22020,MIN,Minnesota Timberwolves,0022000696,2021-03-27,MIN vs. HOU,L
22020,PHI,Philadelphia 76ers,0022000701,2021-03-27,PHI @ LAC,L
22020,BOS,Boston Celtics,0022000699,2021-03-27,BOS @ OKC,W
22020,MEM,Memphis Grizzlies,0022000700,2021-03-27,MEM @ UTA,L
22020,UTA,Utah Jazz,0022000700,2021-03-27,UTA vs. MEM,W
22020,DET,Detroit Pistons,0022000694,2021-03-27,DET @ WAS,L
22020,WAS,Washington Wizards,0022000694,2021-03-27,WAS vs. DET,W
22020,ORL,Orlando Magic,0022000706,2021-03-28,ORL @ LAL,L
22020,LAL,Los Angeles Lakers,0022000706,2021-03-28,LAL vs. ORL,W
22020,CHA,Charlotte Hornets,0022000703,2021-03-28,CHA vs. PHX,L
22020,TOR,Toronto Raptors,0022000704,2021-03-28,TOR vs. POR,L
22020,DEN,Denver Nuggets,0022000705,2021-03-28,DEN vs. ATL,W
22020,ATL,Atlanta Hawks,0022000705,2021-03-28,ATL @ DEN,L
22020,POR,Portland Trail Blazers,0022000704,2021-03-28,POR @ TOR,W
22020,PHX,Phoenix Suns,0022000703,2021-03-28,PHX @ CHA,W
22020,NYK,New York Knicks,0022000710,2021-03-29,NYK vs. MIA,L
22020,LAC,LA Clippers,0022000717,2021-03-29,LAC vs. MIL,W
22020,BKN,Brooklyn Nets,0022000709,2021-03-29,BKN vs. MIN,W
22020,MIN,Minnesota Timberwolves,0022000709,2021-03-29,MIN @ BKN,L
22020,MIA,Miami Heat,0022000710,2021-03-29,MIA @ NYK,W
22020,WAS,Washington Wizards,0022000707,2021-03-29,WAS vs. IND,W
22020,SAS,San Antonio Spurs,0022000714,2021-03-29,SAS vs. SAC,L
22020,SAC,Sacramento Kings,0022000714,2021-03-29,SAC @ SAS,W
22020,NOP,New Orleans Pelicans,0022000708,2021-03-29,NOP @ BOS,W
22020,UTA,Utah Jazz,0022000715,2021-03-29,UTA vs. CLE,W
22020,BOS,Boston Celtics,0022000708,2021-03-29,BOS vs. NOP,L
22020,GSW,Golden State Warriors,0022000716,2021-03-29,GSW vs. CHI,W
22020,OKC,Oklahoma City Thunder,0022000713,2021-03-29,OKC vs. DAL,L
22020,CHI,Chicago Bulls,0022000716,2021-03-29,CHI @ GSW,L
22020,MEM,Memphis Grizzlies,0022000712,2021-03-29,MEM @ HOU,W
22020,MIL,Milwaukee Bucks,0022000717,2021-03-29,MIL @ LAC,L
22020,DAL,Dallas Mavericks,0022000713,2021-03-29,DAL @ OKC,W
22020,DET,Detroit Pistons,0022000711,2021-03-29,DET vs. TOR,W
22020,CLE,Cleveland Cavaliers,0022000715,2021-03-29,CLE @ UTA,L
22020,HOU,Houston Rockets,0022000712,2021-03-29,HOU vs. MEM,L
22020,IND,Indiana Pacers,0022000707,2021-03-29,IND @ WAS,L
22020,TOR,Toronto Raptors,0022000711,2021-03-29,TOR @ DET,L
22020,LAC,LA Clippers,0022000720,2021-03-30,LAC vs. ORL,L
22020,DEN,Denver Nuggets,0022000719,2021-03-30,DEN vs. PHI,W
22020,ATL,Atlanta Hawks,0022000171,2021-03-30,ATL @ PHX,L
22020,PHX,Phoenix Suns,0022000171,2021-03-30,PHX vs. ATL,W
22020,PHI,Philadelphia 76ers,0022000719,2021-03-30,PHI @ DEN,L
22020,ORL,Orlando Magic,0022000720,2021-03-30,ORL @ LAC,W
22020,CHA,Charlotte Hornets,0022000718,2021-03-30,CHA @ WAS,W
22020,WAS,Washington Wizards,0022000718,2021-03-30,WAS vs. CHA,L
22020,MIL,Milwaukee Bucks,0022000729,2021-03-31,MIL @ LAL,W
22020,IND,Indiana Pacers,0022000722,2021-03-31,IND vs. MIA,L
22020,LAL,Los Angeles Lakers,0022000729,2021-03-31,LAL vs. MIL,L
22020,NYK,New York Knicks,0022000726,2021-03-31,NYK @ MIN,L
22020,HOU,Houston Rockets,0022000724,2021-03-31,HOU @ BKN,L
22020,MIN,Minnesota Timberwolves,0022000726,2021-03-31,MIN vs. NYK,W
22020,MIA,Miami Heat,0022000722,2021-03-31,MIA @ IND,W
22020,CHI,Chicago Bulls,0022000730,2021-03-31,CHI @ PHX,L
22020,DET,Detroit Pistons,0022000721,2021-03-31,DET vs. POR,L
22020,SAS,San Antonio Spurs,0022000728,2021-03-31,SAS vs. SAC,W
22020,SAC,Sacramento Kings,0022000728,2021-03-31,SAC @ SAS,L
22020,DAL,Dallas Mavericks,0022000723,2021-03-31,DAL @ BOS,W
22020,PHX,Phoenix Suns,0022000730,2021-03-31,PHX vs. CHI,W
22020,BOS,Boston Celtics,0022000723,2021-03-31,BOS vs. DAL,L
22020,BKN,Brooklyn Nets,0022000724,2021-03-31,BKN vs. HOU,W
22020,TOR,Toronto Raptors,0022000727,2021-03-31,TOR @ OKC,L
22020,OKC,Oklahoma City Thunder,0022000727,2021-03-31,OKC vs. TOR,W
22020,MEM,Memphis Grizzlies,0022000725,2021-03-31,MEM vs. UTA,L
22020,UTA,Utah Jazz,0022000725,2021-03-31,UTA @ MEM,W
22020,POR,Portland Trail Blazers,0022000721,2021-03-31,POR @ DET,W
22020,GSW,Golden State Warriors,0022000733,2021-04-01,GSW @ MIA,L
22020,CHA,Charlotte Hornets,0022000732,2021-04-01,CHA @ BKN,L
22020,NOP,New Orleans Pelicans,0022000734,2021-04-01,NOP vs. ORL,L
22020,CLE,Cleveland Cavaliers,0022000731,2021-04-01,CLE vs. PHI,L
22020,ATL,Atlanta Hawks,0022000735,2021-04-01,ATL @ SAS,W
22020,SAS,San Antonio Spurs,0022000735,2021-04-01,SAS vs. ATL,L
22020,PHI,Philadelphia 76ers,0022000731,2021-04-01,PHI @ CLE,W
22020,ORL,Orlando Magic,0022000734,2021-04-01,ORL @ NOP,W
22020,LAC,LA Clippers,0022000736,2021-04-01,LAC vs. DEN,L
22020,MIA,Miami Heat,0022000733,2021-04-01,MIA vs. GSW,W
22020,DEN,Denver Nuggets,0022000736,2021-04-01,DEN @ LAC,W
22020,DET,Detroit Pistons,0022000179,2021-04-01,DET vs. WAS,W
22020,WAS,Washington Wizards,0022000179,2021-04-01,WAS @ DET,L
22020,BKN,Brooklyn Nets,0022000732,2021-04-01,BKN vs. CHA,W
22020,SAC,Sacramento Kings,0022000746,2021-04-02,SAC vs. LAL,L
22020,POR,Portland Trail Blazers,0022000745,2021-04-02,POR vs. MIL,L
22020,MEM,Memphis Grizzlies,0022000741,2021-04-02,MEM vs. MIN,W
22020,DAL,Dallas Mavericks,0022000739,2021-04-02,DAL @ NYK,W
22020,CHA,Charlotte Hornets,0022000740,2021-04-02,CHA @ IND,W
22020,OKC,Oklahoma City Thunder,0022000744,2021-04-02,OKC @ PHX,L
22020,MIL,Milwaukee Bucks,0022000745,2021-04-02,MIL @ POR,W
22020,LAL,Los Angeles Lakers,0022000746,2021-04-02,LAL @ SAC,W
22020,NOP,New Orleans Pelicans,0022000742,2021-04-02,NOP vs. ATL,L
22020,HOU,Houston Rockets,0022000738,2021-04-02,HOU @ BOS,L
22020,ATL,Atlanta Hawks,0022000742,2021-04-02,ATL @ NOP,W
22020,UTA,Utah Jazz,0022000743,2021-04-02,UTA vs. CHI,W
22020,NYK,New York Knicks,0022000739,2021-04-02,NYK vs. DAL,L
22020,TOR,Toronto Raptors,0022000737,2021-04-02,TOR vs. GSW,W
22020,BOS,Boston Celtics,0022000738,2021-04-02,BOS vs. HOU,W
22020,PHX,Phoenix Suns,0022000744,2021-04-02,PHX vs. OKC,W
22020,GSW,Golden State Warriors,0022000737,2021-04-02,GSW @ TOR,L
22020,CHI,Chicago Bulls,0022000743,2021-04-02,CHI @ UTA,L
22020,MIN,Minnesota Timberwolves,0022000741,2021-04-02,MIN @ MEM,L
22020,IND,Indiana Pacers,0022000740,2021-04-02,IND vs. CHA,L
22020,CLE,Cleveland Cavaliers,0022000749,2021-04-03,CLE @ MIA,L
22020,SAC,Sacramento Kings,0022000754,2021-04-03,SAC vs. MIL,L
22020,PHI,Philadelphia 76ers,0022000750,2021-04-03,PHI vs. MIN,W
22020,DET,Detroit Pistons,0022000748,2021-04-03,DET vs. NYK,L
22020,UTA,Utah Jazz,0022000752,2021-04-03,UTA vs. ORL,W
22020,SAS,San Antonio Spurs,0022000751,2021-04-03,SAS vs. IND,L
22020,MIN,Minnesota Timberwolves,0022000750,2021-04-03,MIN @ PHI,L
22020,OKC,Oklahoma City Thunder,0022000753,2021-04-03,OKC @ POR,L
22020,MIL,Milwaukee Bucks,0022000754,2021-04-03,MIL @ SAC,W
22020,IND,Indiana Pacers,0022000751,2021-04-03,IND @ SAS,W
22020,MIA,Miami Heat,0022000749,2021-04-03,MIA vs. CLE,W
22020,WAS,Washington Wizards,0022000747,2021-04-03,WAS vs. DAL,L
22020,POR,Portland Trail Blazers,0022000753,2021-04-03,POR vs. OKC,W
22020,ORL,Orlando Magic,0022000752,2021-04-03,ORL @ UTA,L
22020,DAL,Dallas Mavericks,0022000747,2021-04-03,DAL @ WAS,W
22020,NYK,New York Knicks,0022000748,2021-04-03,NYK @ DET,W
22020,LAC,LA Clippers,0022000756,2021-04-04,LAC vs. LAL,W
22020,CHI,Chicago Bulls,0022000755,2021-04-04,CHI vs. BKN,W
22020,DEN,Denver Nuggets,0022000761,2021-04-04,DEN vs. ORL,W
22020,MEM,Memphis Grizzlies,0022000758,2021-04-04,MEM @ PHI,W
22020,GSW,Golden State Warriors,0022000759,2021-04-04,GSW @ ATL,L
22020,CHA,Charlotte Hornets,0022000757,2021-04-04,CHA @ BOS,L
22020,HOU,Houston Rockets,0022000760,2021-04-04,HOU vs. NOP,L
22020,BKN,Brooklyn Nets,0022000755,2021-04-04,BKN @ CHI,L
22020,ORL,Orlando Magic,0022000761,2021-04-04,ORL @ DEN,L
22020,ATL,Atlanta Hawks,0022000759,2021-04-04,ATL vs. GSW,W
22020,NOP,New Orleans Pelicans,0022000760,2021-04-04,NOP @ HOU,W
22020,LAL,Los Angeles Lakers,0022000756,2021-04-04,LAL @ LAC,L
22020,PHI,Philadelphia 76ers,0022000758,2021-04-04,PHI vs. MEM,L
22020,BOS,Boston Celtics,0022000757,2021-04-04,BOS vs. CHA,W
22020,SAC,Sacramento Kings,0022000765,2021-04-05,SAC @ MIN,L
22020,NYK,New York Knicks,0022000762,2021-04-05,NYK @ BKN,L
22020,BKN,Brooklyn Nets,0022000762,2021-04-05,BKN vs. NYK,W
22020,HOU,Houston Rockets,0022000768,2021-04-05,HOU vs. PHX,L
22020,MIN,Minnesota Timberwolves,0022000765,2021-04-05,MIN vs. SAC,W
22020,CLE,Cleveland Cavaliers,0022000767,2021-04-05,CLE @ SAS,W
22020,SAS,San Antonio Spurs,0022000767,2021-04-05,SAS vs. CLE,L
22020,UTA,Utah Jazz,0022000764,2021-04-05,UTA @ DAL,L
22020,PHX,Phoenix Suns,0022000768,2021-04-05,PHX @ HOU,W
22020,DET,Detroit Pistons,0022000766,2021-04-05,DET @ OKC,W
22020,WAS,Washington Wizards,0022000763,2021-04-05,WAS @ TOR,L
22020,DAL,Dallas Mavericks,0022000764,2021-04-05,DAL vs. UTA,W
22020,TOR,Toronto Raptors,0022000763,2021-04-05,TOR vs. WAS,W
22020,OKC,Oklahoma City Thunder,0022000766,2021-04-05,OKC vs. DET,L
22020,TOR,Toronto Raptors,0022000772,2021-04-06,TOR vs. LAL,L
22020,MEM,Memphis Grizzlies,0022000773,2021-04-06,MEM @ MIA,W
22020,GSW,Golden State Warriors,0022000774,2021-04-06,GSW vs. MIL,W
22020,CHI,Chicago Bulls,0022000769,2021-04-06,CHI @ IND,W
22020,BOS,Boston Celtics,0022000771,2021-04-06,BOS vs. PHI,L
22020,LAC,LA Clippers,0022000775,2021-04-06,LAC vs. POR,W
22020,NOP,New Orleans Pelicans,0022000770,2021-04-06,NOP @ ATL,L
22020,PHI,Philadelphia 76ers,0022000771,2021-04-06,PHI @ BOS,W
22020,ATL,Atlanta Hawks,0022000770,2021-04-06,ATL vs. NOP,W
22020,IND,Indiana Pacers,0022000769,2021-04-06,IND vs. CHI,L
22020,DET,Detroit Pistons,0022000321,2021-04-06,DET @ DEN,L
22020,MIL,Milwaukee Bucks,0022000774,2021-04-06,MIL @ GSW,L
22020,POR,Portland Trail Blazers,0022000775,2021-04-06,POR @ LAC,L
22020,LAL,Los Angeles Lakers,0022000772,2021-04-06,LAL @ TOR,W
22020,MIA,Miami Heat,0022000773,2021-04-06,MIA vs. MEM,L
22020,DEN,Denver Nuggets,0022000321,2021-04-06,DEN vs. DET,W
22020,IND,Indiana Pacers,0022000776,2021-04-07,IND vs. MIN,W
22020,NOP,New Orleans Pelicans,0022000779,2021-04-07,NOP @ BKN,L
22020,BOS,Boston Celtics,0022000778,2021-04-07,BOS vs. NYK,W
22020,WAS,Washington Wizards,0022000777,2021-04-07,WAS @ ORL,W
22020,MIN,Minnesota Timberwolves,0022000776,2021-04-07,MIN @ IND,L
22020,UTA,Utah Jazz,0022000783,2021-04-07,UTA @ PHX,L
22020,DEN,Denver Nuggets,0022000782,2021-04-07,DEN vs. SAS,W
22020,MEM,Memphis Grizzlies,0022000780,2021-04-07,MEM @ ATL,W
22020,NYK,New York Knicks,0022000778,2021-04-07,NYK @ BOS,L
22020,BKN,Brooklyn Nets,0022000779,2021-04-07,BKN vs. NOP,W
22020,HOU,Houston Rockets,0022000456,2021-04-07,HOU vs. DAL,W
22020,SAS,San Antonio Spurs,0022000782,2021-04-07,SAS @ DEN,L
22020,DAL,Dallas Mavericks,0022000456,2021-04-07,DAL @ HOU,L
22020,CHA,Charlotte Hornets,0022000781,2021-04-07,CHA @ OKC,W
22020,PHX,Phoenix Suns,0022000783,2021-04-07,PHX vs. UTA,W
22020,ATL,Atlanta Hawks,0022000780,2021-04-07,ATL vs. MEM,L
22020,ORL,Orlando Magic,0022000777,2021-04-07,ORL vs. WAS,L
22020,OKC,Oklahoma City Thunder,0022000781,2021-04-07,OKC vs. CHA,L
22020,MIA,Miami Heat,0022000784,2021-04-08,MIA vs. LAL,W
22020,LAL,Los Angeles Lakers,0022000784,2021-04-08,LAL @ MIA,L
22020,DAL,Dallas Mavericks,0022000786,2021-04-08,DAL vs. MIL,W
22020,LAC,LA Clippers,0022000788,2021-04-08,LAC vs. PHX,W
22020,UTA,Utah Jazz,0022000787,2021-04-08,UTA vs. POR,W
22020,DET,Detroit Pistons,0022000789,2021-04-08,DET @ SAC,W
22020,OKC,Oklahoma City Thunder,0022000785,2021-04-08,OKC vs. CLE,L
22020,TOR,Toronto Raptors,0022000523,2021-04-08,TOR vs. CHI,L
22020,MIL,Milwaukee Bucks,0022000786,2021-04-08,MIL @ DAL,L
22020,PHX,Phoenix Suns,0022000788,2021-04-08,PHX @ LAC,L
22020,CLE,Cleveland Cavaliers,0022000785,2021-04-08,CLE @ OKC,W
22020,CHI,Chicago Bulls,0022000523,2021-04-08,CHI @ TOR,W
22020,POR,Portland Trail Blazers,0022000787,2021-04-08,POR @ UTA,L
22020,SAC,Sacramento Kings,0022000789,2021-04-08,SAC vs. DET,L
22020,CHA,Charlotte Hornets,0022000796,2021-04-09,CHA @ MIL,W
22020,BOS,Boston Celtics,0022000792,2021-04-09,BOS vs. MIN,W
22020,MEM,Memphis Grizzlies,0022000793,2021-04-09,MEM @ NYK,L
22020,IND,Indiana Pacers,0022000790,2021-04-09,IND @ ORL,W
22020,ORL,Orlando Magic,0022000790,2021-04-09,ORL vs. IND,L
22020,NOP,New Orleans Pelicans,0022000795,2021-04-09,NOP vs. PHI,W
22020,DEN,Denver Nuggets,0022000797,2021-04-09,DEN vs. SAS,W
22020,CHI,Chicago Bulls,0022000791,2021-04-09,CHI @ ATL,L
22020,MIN,Minnesota Timberwolves,0022000792,2021-04-09,MIN @ BOS,L
22020,PHI,Philadelphia 76ers,0022000795,2021-04-09,PHI @ NOP,L
22020,ATL,Atlanta Hawks,0022000791,2021-04-09,ATL vs. CHI,W
22020,SAS,San Antonio Spurs,0022000797,2021-04-09,SAS @ DEN,L
22020,WAS,Washington Wizards,0022000798,2021-04-09,WAS @ GSW,W
22020,LAC,LA Clippers,0022000799,2021-04-09,LAC vs. HOU,W
22020,HOU,Houston Rockets,0022000799,2021-04-09,HOU @ LAC,L
22020,NYK,New York Knicks,0022000793,2021-04-09,NYK vs. MEM,W
22020,GSW,Golden State Warriors,0022000798,2021-04-09,GSW vs. WAS,L
22020,MIL,Milwaukee Bucks,0022000796,2021-04-09,MIL vs. CHA,L
22020,BKN,Brooklyn Nets,0022000800,2021-04-10,BKN vs. LAL,L
22020,LAL,Los Angeles Lakers,0022000800,2021-04-10,LAL @ BKN,W
22020,OKC,Oklahoma City Thunder,0022000199,2021-04-10,OKC vs. PHI,L
22020,WAS,Washington Wizards,0022000803,2021-04-10,WAS @ PHX,L
22020,DET,Detroit Pistons,0022000804,2021-04-10,DET @ POR,L
22020,UTA,Utah Jazz,0022000801,2021-04-10,UTA vs. SAC,W
22020,TOR,Toronto Raptors,0022000794,2021-04-10,TOR @ CLE,W
22020,HOU,Houston Rockets,0022000802,2021-04-10,HOU @ GSW,L
22020,GSW,Golden State Warriors,0022000802,2021-04-10,GSW vs. HOU,W
22020,PHI,Philadelphia 76ers,0022000199,2021-04-10,PHI @ OKC,W
22020,CLE,Cleveland Cavaliers,0022000794,2021-04-10,CLE vs. TOR,L
22020,SAC,Sacramento Kings,0022000801,2021-04-10,SAC @ UTA,L
22020,PHX,Phoenix Suns,0022000803,2021-04-10,PHX vs. WAS,W
22020,POR,Portland Trail Blazers,0022000804,2021-04-10,POR vs. DET,W
22020,POR,Portland Trail Blazers,0022000814,2021-04-11,POR vs. MIA,L
22020,ORL,Orlando Magic,0022000808,2021-04-11,ORL vs. MIL,L
22020,CHI,Chicago Bulls,0022000812,2021-04-11,CHI @ MIN,L
22020,TOR,Toronto Raptors,0022000809,2021-04-11,TOR @ NYK,L
22020,MIL,Milwaukee Bucks,0022000808,2021-04-11,MIL @ ORL,W
22020,MEM,Memphis Grizzlies,0022000811,2021-04-11,MEM vs. IND,L
22020,MIA,Miami Heat,0022000814,2021-04-11,MIA @ POR,W
22020,DAL,Dallas Mavericks,0022000810,2021-04-11,DAL vs. SAS,L
22020,CHA,Charlotte Hornets,0022000805,2021-04-11,CHA vs. ATL,L
22020,DEN,Denver Nuggets,0022000806,2021-04-11,DEN vs. BOS,L
22020,NOP,New Orleans Pelicans,0022000807,2021-04-11,NOP @ CLE,W
22020,CLE,Cleveland Cavaliers,0022000807,2021-04-11,CLE vs. NOP,L
22020,MIN,Minnesota Timberwolves,0022000812,2021-04-11,MIN vs. CHI,W
22020,SAS,San Antonio Spurs,0022000810,2021-04-11,SAS @ DAL,W
22020,BOS,Boston Celtics,0022000806,2021-04-11,BOS @ DEN,W
22020,DET,Detroit Pistons,0022000813,2021-04-11,DET @ LAC,L
22020,NYK,New York Knicks,0022000809,2021-04-11,NYK vs. TOR,W
22020,IND,Indiana Pacers,0022000811,2021-04-11,IND @ MEM,W
22020,LAC,LA Clippers,0022000813,2021-04-11,LAC vs. DET,W
22020,ATL,Atlanta Hawks,0022000805,2021-04-11,ATL @ CHA,W
22020,NYK,New York Knicks,0022000815,2021-04-12,NYK vs. LAL,W
22020,LAL,Los Angeles Lakers,0022000815,2021-04-12,LAL @ NYK,L
22020,SAS,San Antonio Spurs,0022000816,2021-04-12,SAS @ ORL,W
22020,DAL,Dallas Mavericks,0022000818,2021-04-12,DAL vs. PHI,L
22020,HOU,Houston Rockets,0022000822,2021-04-12,HOU @ PHX,L
22020,NOP,New Orleans Pelicans,0022000819,2021-04-12,NOP vs. SAC,W
22020,ORL,Orlando Magic,0022000816,2021-04-12,ORL vs. SAS,L
22020,SAC,Sacramento Kings,0022000819,2021-04-12,SAC @ NOP,L
22020,MEM,Memphis Grizzlies,0022000278,2021-04-12,MEM vs. CHI,W
22020,PHI,Philadelphia 76ers,0022000818,2021-04-12,PHI @ DAL,W
22020,GSW,Golden State Warriors,0022000821,2021-04-12,GSW vs. DEN,W
22020,DEN,Denver Nuggets,0022000821,2021-04-12,DEN @ GSW,L
22020,PHX,Phoenix Suns,0022000822,2021-04-12,PHX vs. HOU,W
22020,WAS,Washington Wizards,0022000820,2021-04-12,WAS @ UTA,W
22020,CHI,Chicago Bulls,0022000278,2021-04-12,CHI @ MEM,L
22020,UTA,Utah Jazz,0022000820,2021-04-12,UTA vs. WAS,L
22020,CHA,Charlotte Hornets,0022000825,2021-04-13,CHA vs. LAL,L
22020,PHX,Phoenix Suns,0022000827,2021-04-13,PHX vs. MIA,W
22020,BKN,Brooklyn Nets,0022000817,2021-04-13,BKN @ MIN,W
22020,MIN,Minnesota Timberwolves,0022000817,2021-04-13,MIN vs. BKN,L
22020,LAC,LA Clippers,0022000823,2021-04-13,LAC @ IND,W
22020,MIA,Miami Heat,0022000827,2021-04-13,MIA @ PHX,L
22020,BOS,Boston Celtics,0022000828,2021-04-13,BOS @ POR,W
22020,TOR,Toronto Raptors,0022000824,2021-04-13,TOR vs. ATL,L
22020,POR,Portland Trail Blazers,0022000828,2021-04-13,POR vs. BOS,L
22020,IND,Indiana Pacers,0022000823,2021-04-13,IND vs. LAC,L
22020,UTA,Utah Jazz,0022000826,2021-04-13,UTA vs. OKC,W
22020,ATL,Atlanta Hawks,0022000824,2021-04-13,ATL @ TOR,W
22020,OKC,Oklahoma City Thunder,0022000826,2021-04-13,OKC @ UTA,L
22020,LAL,Los Angeles Lakers,0022000825,2021-04-13,LAL @ CHA,W
22020,DEN,Denver Nuggets,0022000838,2021-04-14,DEN vs. MIA,W
22020,MIN,Minnesota Timberwolves,0022000834,2021-04-14,MIN vs. MIL,L
22020,MIL,Milwaukee Bucks,0022000834,2021-04-14,MIL @ MIN,W
22020,PHI,Philadelphia 76ers,0022000830,2021-04-14,PHI vs. BKN,W
22020,NOP,New Orleans Pelicans,0022000835,2021-04-14,NOP vs. NYK,L
22020,CHI,Chicago Bulls,0022000833,2021-04-14,CHI vs. ORL,L
22020,HOU,Houston Rockets,0022000461,2021-04-14,HOU vs. IND,L
22020,BKN,Brooklyn Nets,0022000830,2021-04-14,BKN @ PHI,L
22020,WAS,Washington Wizards,0022000839,2021-04-14,WAS @ SAC,W
22020,TOR,Toronto Raptors,0022000831,2021-04-14,TOR vs. SAS,W
22020,CHA,Charlotte Hornets,0022000829,2021-04-14,CHA vs. CLE,L
22020,NYK,New York Knicks,0022000835,2021-04-14,NYK @ NOP,W
22020,ORL,Orlando Magic,0022000833,2021-04-14,ORL @ CHI,W
22020,MEM,Memphis Grizzlies,0022000837,2021-04-14,MEM vs. DAL,L
22020,MIA,Miami Heat,0022000838,2021-04-14,MIA @ DEN,L
22020,OKC,Oklahoma City Thunder,0022000836,2021-04-14,OKC vs. GSW,L
22020,IND,Indiana Pacers,0022000461,2021-04-14,IND @ HOU,W
22020,DET,Detroit Pistons,0022000832,2021-04-14,DET vs. LAC,L
22020,GSW,Golden State Warriors,0022000836,2021-04-14,GSW @ OKC,W
22020,SAS,San Antonio Spurs,0022000831,2021-04-14,SAS @ TOR,L
22020,DAL,Dallas Mavericks,0022000837,2021-04-14,DAL @ MEM,W
22020,SAC,Sacramento Kings,0022000839,2021-04-14,SAC vs. WAS,L
22020,LAC,LA Clippers,0022000832,2021-04-14,LAC @ DET,W
22020,CLE,Cleveland Cavaliers,0022000829,2021-04-14,CLE @ CHA,W
22020,BOS,Boston Celtics,0022000842,2021-04-15,BOS @ LAL,W
22020,ATL,Atlanta Hawks,0022000840,2021-04-15,ATL vs. MIL,L
22020,SAC,Sacramento Kings,0022000843,2021-04-15,SAC @ PHX,L
22020,PHX,Phoenix Suns,0022000843,2021-04-15,PHX vs. SAC,W
22020,MIL,Milwaukee Bucks,0022000840,2021-04-15,MIL @ ATL,W
22020,LAL,Los Angeles Lakers,0022000842,2021-04-15,LAL vs. BOS,L
22020,GSW,Golden State Warriors,0022000841,2021-04-15,GSW @ CLE,W
22020,CLE,Cleveland Cavaliers,0022000841,2021-04-15,CLE vs. GSW,L
22020,MIN,Minnesota Timberwolves,0022000852,2021-04-16,MIN vs. MIA,W
22020,MIA,Miami Heat,0022000852,2021-04-16,MIA @ MIN,L
22020,CHA,Charlotte Hornets,0022000848,2021-04-16,CHA @ BKN,L
22020,DAL,Dallas Mavericks,0022000854,2021-04-16,DAL vs. NYK,L
22020,TOR,Toronto Raptors,0022000849,2021-04-16,TOR vs. ORL,W
22020,UTA,Utah Jazz,0022000844,2021-04-16,UTA vs. IND,W
22020,LAC,LA Clippers,0022000846,2021-04-16,LAC @ PHI,L
22020,SAS,San Antonio Spurs,0022000853,2021-04-16,SAS vs. POR,L
22020,POR,Portland Trail Blazers,0022000853,2021-04-16,POR @ SAS,W
22020,WAS,Washington Wizards,0022000847,2021-04-16,WAS vs. NOP,W
22020,MEM,Memphis Grizzlies,0022000850,2021-04-16,MEM @ CHI,W
22020,NYK,New York Knicks,0022000854,2021-04-16,NYK @ DAL,W
22020,HOU,Houston Rockets,0022000851,2021-04-16,HOU vs. DEN,L
22020,DEN,Denver Nuggets,0022000851,2021-04-16,DEN @ HOU,W
22020,PHI,Philadelphia 76ers,0022000846,2021-04-16,PHI vs. LAC,W
22020,DET,Detroit Pistons,0022000845,2021-04-16,DET vs. OKC,W
22020,ORL,Orlando Magic,0022000849,2021-04-16,ORL @ TOR,L
22020,IND,Indiana Pacers,0022000844,2021-04-16,IND @ UTA,L
22020,CHI,Chicago Bulls,0022000850,2021-04-16,CHI vs. MEM,L
22020,NOP,New Orleans Pelicans,0022000847,2021-04-16,NOP @ WAS,L
22020,OKC,Oklahoma City Thunder,0022000845,2021-04-16,OKC @ DET,L
22020,BKN,Brooklyn Nets,0022000848,2021-04-16,BKN vs. CHA,W
22020,UTA,Utah Jazz,0022000855,2021-04-17,UTA @ LAL,L
22020,MEM,Memphis Grizzlies,0022000859,2021-04-17,MEM @ MIL,W
22020,SAS,San Antonio Spurs,0022000860,2021-04-17,SAS @ PHX,W
22020,PHX,Phoenix Suns,0022000860,2021-04-17,PHX vs. SAS,L
22020,GSW,Golden State Warriors,0022000858,2021-04-17,GSW @ BOS,L
22020,CHI,Chicago Bulls,0022000857,2021-04-17,CHI vs. CLE,W
22020,CLE,Cleveland Cavaliers,0022000857,2021-04-17,CLE @ CHI,L
22020,BOS,Boston Celtics,0022000858,2021-04-17,BOS vs. GSW,W
22020,LAL,Los Angeles Lakers,0022000855,2021-04-17,LAL vs. UTA,W
22020,MIL,Milwaukee Bucks,0022000859,2021-04-17,MIL vs. MEM,L
22020,DET,Detroit Pistons,0022000856,2021-04-17,DET @ WAS,L
22020,WAS,Washington Wizards,0022000856,2021-04-17,WAS vs. DET,W
22020,BKN,Brooklyn Nets,0022000863,2021-04-18,BKN @ MIA,L
22020,LAC,LA Clippers,0022000867,2021-04-18,LAC vs. MIN,W
22020,MIA,Miami Heat,0022000863,2021-04-18,MIA vs. BKN,W
22020,NOP,New Orleans Pelicans,0022000862,2021-04-18,NOP @ NYK,L
22020,HOU,Houston Rockets,0022000864,2021-04-18,HOU @ ORL,W
22020,ATL,Atlanta Hawks,0022000861,2021-04-18,ATL vs. IND,W
22020,CHA,Charlotte Hornets,0022000362,2021-04-18,CHA vs. POR,W
22020,DAL,Dallas Mavericks,0022000866,2021-04-18,DAL vs. SAC,L
22020,IND,Indiana Pacers,0022000861,2021-04-18,IND @ ATL,L
22020,NYK,New York Knicks,0022000862,2021-04-18,NYK vs. NOP,W
22020,SAC,Sacramento Kings,0022000866,2021-04-18,SAC @ DAL,W
22020,ORL,Orlando Magic,0022000864,2021-04-18,ORL vs. HOU,L
22020,MIN,Minnesota Timberwolves,0022000867,2021-04-18,MIN @ LAC,L
22020,TOR,Toronto Raptors,0022000865,2021-04-18,TOR vs. OKC,W
22020,OKC,Oklahoma City Thunder,0022000865,2021-04-18,OKC @ TOR,L
22020,POR,Portland Trail Blazers,0022000362,2021-04-18,POR @ CHA,L
22020,UTA,Utah Jazz,0022000875,2021-04-19,UTA @ LAL,W
22020,HOU,Houston Rockets,0022000871,2021-04-19,HOU @ MIA,L
22020,PHX,Phoenix Suns,0022000873,2021-04-19,PHX @ MIL,W
22020,SAS,San Antonio Spurs,0022000473,2021-04-19,SAS @ IND,W
22020,GSW,Golden State Warriors,0022000870,2021-04-19,GSW @ PHI,W
22020,MIL,Milwaukee Bucks,0022000873,2021-04-19,MIL vs. PHX,L
22020,IND,Indiana Pacers,0022000473,2021-04-19,IND vs. SAS,L
22020,CHI,Chicago Bulls,0022000869,2021-04-19,CHI @ BOS,W
22020,DET,Detroit Pistons,0022000868,2021-04-19,DET vs. CLE,W
22020,BOS,Boston Celtics,0022000869,2021-04-19,BOS vs. CHI,L
22020,MEM,Memphis Grizzlies,0022000874,2021-04-19,MEM @ DEN,L
22020,PHI,Philadelphia 76ers,0022000870,2021-04-19,PHI vs. GSW,L
22020,MIA,Miami Heat,0022000871,2021-04-19,MIA vs. HOU,W
22020,WAS,Washington Wizards,0022000872,2021-04-19,WAS vs. OKC,W
22020,LAL,Los Angeles Lakers,0022000875,2021-04-19,LAL vs. UTA,L
22020,DEN,Denver Nuggets,0022000874,2021-04-19,DEN vs. MEM,W
22020,OKC,Oklahoma City Thunder,0022000872,2021-04-19,OKC @ WAS,L
22020,CLE,Cleveland Cavaliers,0022000868,2021-04-19,CLE @ DET,L
22020,SAC,Sacramento Kings,0022000880,2021-04-20,SAC vs. MIN,L
22020,NOP,New Orleans Pelicans,0022000878,2021-04-20,NOP vs. BKN,L
22020,CHA,Charlotte Hornets,0022000877,2021-04-20,CHA @ NYK,L
22020,ATL,Atlanta Hawks,0022000876,2021-04-20,ATL vs. ORL,W
22020,LAC,LA Clippers,0022000879,2021-04-20,LAC @ POR,W
22020,MIN,Minnesota Timberwolves,0022000880,2021-04-20,MIN @ SAC,W
22020,ORL,Orlando Magic,0022000876,2021-04-20,ORL @ ATL,L
22020,BKN,Brooklyn Nets,0022000878,2021-04-20,BKN @ NOP,W
22020,POR,Portland Trail Blazers,0022000879,2021-04-20,POR vs. LAC,L
22020,NYK,New York Knicks,0022000877,2021-04-20,NYK vs. CHA,W
22020,SAS,San Antonio Spurs,0022000888,2021-04-21,SAS vs. MIA,L
22020,SAC,Sacramento Kings,0022000891,2021-04-21,SAC vs. MIN,W
22020,TOR,Toronto Raptors,0022000884,2021-04-21,TOR vs. BKN,W
22020,ATL,Atlanta Hawks,0022000886,2021-04-21,ATL @ NYK,L
22020,OKC,Oklahoma City Thunder,0022000882,2021-04-21,OKC @ IND,L
22020,PHX,Phoenix Suns,0022000883,2021-04-21,PHX @ PHI,W
22020,PHI,Philadelphia 76ers,0022000883,2021-04-21,PHI vs. PHX,L
22020,DEN,Denver Nuggets,0022000890,2021-04-21,DEN @ POR,W
22020,MIN,Minnesota Timberwolves,0022000891,2021-04-21,MIN @ SAC,L
22020,MIA,Miami Heat,0022000888,2021-04-21,MIA @ SAS,W
22020,NYK,New York Knicks,0022000886,2021-04-21,NYK vs. ATL,W
22020,CHI,Chicago Bulls,0022000881,2021-04-21,CHI @ CLE,L
22020,CLE,Cleveland Cavaliers,0022000881,2021-04-21,CLE vs. CHI,W
22020,DET,Detroit Pistons,0022000442,2021-04-21,DET @ DAL,L
22020,POR,Portland Trail Blazers,0022000890,2021-04-21,POR vs. DEN,L
22020,WAS,Washington Wizards,0022000885,2021-04-21,WAS vs. GSW,W
22020,UTA,Utah Jazz,0022000887,2021-04-21,UTA @ HOU,W
22020,MEM,Memphis Grizzlies,0022000889,2021-04-21,MEM @ LAC,L
22020,IND,Indiana Pacers,0022000882,2021-04-21,IND vs. OKC,W
22020,BKN,Brooklyn Nets,0022000884,2021-04-21,BKN @ TOR,L
22020,HOU,Houston Rockets,0022000887,2021-04-21,HOU vs. UTA,L
22020,LAC,LA Clippers,0022000889,2021-04-21,LAC vs. MEM,W
22020,GSW,Golden State Warriors,0022000885,2021-04-21,GSW @ WAS,L
22020,DAL,Dallas Mavericks,0022000442,2021-04-21,DAL vs. DET,W
22020,DAL,Dallas Mavericks,0022000897,2021-04-22,DAL vs. LAL,W
22020,PHI,Philadelphia 76ers,0022000894,2021-04-22,PHI @ MIL,L
22020,NOP,New Orleans Pelicans,0022000893,2021-04-22,NOP @ ORL,W
22020,MIL,Milwaukee Bucks,0022000894,2021-04-22,MIL vs. PHI,W
22020,BOS,Boston Celtics,0022000892,2021-04-22,BOS vs. PHX,W
22020,DET,Detroit Pistons,0022000895,2021-04-22,DET @ SAS,L
22020,PHX,Phoenix Suns,0022000892,2021-04-22,PHX @ BOS,L
22020,ORL,Orlando Magic,0022000893,2021-04-22,ORL vs. NOP,L
22020,CHA,Charlotte Hornets,0022000896,2021-04-22,CHA @ CHI,L
22020,LAL,Los Angeles Lakers,0022000897,2021-04-22,LAL @ DAL,L
22020,SAS,San Antonio Spurs,0022000895,2021-04-22,SAS vs. DET,W
22020,CHI,Chicago Bulls,0022000896,2021-04-22,CHI vs. CHA,W
22020,ATL,Atlanta Hawks,0022000898,2021-04-23,ATL vs. MIA,W
22020,BOS,Boston Celtics,0022000899,2021-04-23,BOS @ BKN,L
22020,MEM,Memphis Grizzlies,0022000225,2021-04-23,MEM @ POR,W
22020,MIA,Miami Heat,0022000898,2021-04-23,MIA @ ATL,L
22020,BKN,Brooklyn Nets,0022000899,2021-04-23,BKN vs. BOS,W
22020,CHA,Charlotte Hornets,0022000900,2021-04-23,CHA vs. CLE,W
22020,GSW,Golden State Warriors,0022000903,2021-04-23,GSW vs. DEN,W
22020,DEN,Denver Nuggets,0022000903,2021-04-23,DEN @ GSW,L
22020,LAC,LA Clippers,0022000901,2021-04-23,LAC @ HOU,W
22020,HOU,Houston Rockets,0022000901,2021-04-23,HOU vs. LAC,L
22020,WAS,Washington Wizards,0022000902,2021-04-23,WAS @ OKC,W
22020,POR,Portland Trail Blazers,0022000225,2021-04-23,POR vs. MEM,L
22020,OKC,Oklahoma City Thunder,0022000902,2021-04-23,OKC vs. WAS,L
22020,CLE,Cleveland Cavaliers,0022000900,2021-04-23,CLE @ CHA,L
22020,DAL,Dallas Mavericks,0022000908,2021-04-24,DAL vs. LAL,W
22020,CHI,Chicago Bulls,0022000907,2021-04-24,CHI @ MIA,L
22020,PHI,Philadelphia 76ers,0022000905,2021-04-24,PHI @ MIL,L
22020,UTA,Utah Jazz,0022000909,2021-04-24,UTA vs. MIN,L
22020,TOR,Toronto Raptors,0022000904,2021-04-24,TOR @ NYK,L
22020,DET,Detroit Pistons,0022000906,2021-04-24,DET @ IND,L
22020,MIL,Milwaukee Bucks,0022000905,2021-04-24,MIL vs. PHI,W
22020,NOP,New Orleans Pelicans,0022000264,2021-04-24,NOP vs. SAS,L
22020,SAS,San Antonio Spurs,0022000264,2021-04-24,SAS @ NOP,W
22020,MIA,Miami Heat,0022000907,2021-04-24,MIA vs. CHI,W
22020,LAL,Los Angeles Lakers,0022000908,2021-04-24,LAL @ DAL,L
22020,HOU,Houston Rockets,0022000910,2021-04-24,HOU @ DEN,L
22020,DEN,Denver Nuggets,0022000910,2021-04-24,DEN vs. HOU,W
22020,NYK,New York Knicks,0022000904,2021-04-24,NYK vs. TOR,W
22020,MIN,Minnesota Timberwolves,0022000909,2021-04-24,MIN @ UTA,W
22020,IND,Indiana Pacers,0022000906,2021-04-24,IND vs. DET,W
22020,ATL,Atlanta Hawks,0022000913,2021-04-25,ATL vs. MIL,W
22020,PHX,Phoenix Suns,0022000912,2021-04-25,PHX @ BKN,L
22020,IND,Indiana Pacers,0022000914,2021-04-25,IND @ ORL,W
22020,ORL,Orlando Magic,0022000914,2021-04-25,ORL vs. IND,L
22020,BKN,Brooklyn Nets,0022000912,2021-04-25,BKN vs. PHX,W
22020,MEM,Memphis Grizzlies,0022000240,2021-04-25,MEM @ POR,W
22020,GSW,Golden State Warriors,0022000915,2021-04-25,GSW vs. SAC,W
22020,MIL,Milwaukee Bucks,0022000913,2021-04-25,MIL @ ATL,L
22020,CHA,Charlotte Hornets,0022000911,2021-04-25,CHA vs. BOS,W
22020,WAS,Washington Wizards,0022000197,2021-04-25,WAS vs. CLE,W
22020,SAC,Sacramento Kings,0022000915,2021-04-25,SAC @ GSW,L
22020,POR,Portland Trail Blazers,0022000240,2021-04-25,POR vs. MEM,L
22020,CLE,Cleveland Cavaliers,0022000197,2021-04-25,CLE @ WAS,L
22020,BOS,Boston Celtics,0022000911,2021-04-25,BOS @ CHA,L
22020,ORL,Orlando Magic,0022000917,2021-04-26,ORL vs. LAL,L
22020,CHI,Chicago Bulls,0022000922,2021-04-26,CHI @ MIA,W
22020,UTA,Utah Jazz,0022000923,2021-04-26,UTA @ MIN,L
22020,PHX,Phoenix Suns,0022000920,2021-04-26,PHX @ NYK,W
22020,LAL,Los Angeles Lakers,0022000917,2021-04-26,LAL @ ORL,W
22020,OKC,Oklahoma City Thunder,0022000918,2021-04-26,OKC @ PHI,L
22020,NYK,New York Knicks,0022000920,2021-04-26,NYK vs. PHX,L
22020,DAL,Dallas Mavericks,0022000926,2021-04-26,DAL @ SAC,L
22020,WAS,Washington Wizards,0022000919,2021-04-26,WAS vs. SAS,L
22020,DET,Detroit Pistons,0022000916,2021-04-26,DET vs. ATL,W
22020,TOR,Toronto Raptors,0022000921,2021-04-26,TOR vs. CLE,W
22020,LAC,LA Clippers,0022000924,2021-04-26,LAC @ NOP,L
22020,MIA,Miami Heat,0022000922,2021-04-26,MIA vs. CHI,L
22020,SAC,Sacramento Kings,0022000926,2021-04-26,SAC vs. DAL,W
22020,MEM,Memphis Grizzlies,0022000925,2021-04-26,MEM @ DEN,L
22020,NOP,New Orleans Pelicans,0022000924,2021-04-26,NOP vs. LAC,W
22020,PHI,Philadelphia 76ers,0022000918,2021-04-26,PHI vs. OKC,W
22020,CLE,Cleveland Cavaliers,0022000921,2021-04-26,CLE @ TOR,L
22020,MIN,Minnesota Timberwolves,0022000923,2021-04-26,MIN vs. UTA,W
22020,DEN,Denver Nuggets,0022000925,2021-04-26,DEN vs. MEM,W
22020,SAS,San Antonio Spurs,0022000919,2021-04-26,SAS @ WAS,W
22020,ATL,Atlanta Hawks,0022000916,2021-04-26,ATL @ DET,L
22020,CHA,Charlotte Hornets,0022000928,2021-04-27,CHA vs. MIL,L
22020,HOU,Houston Rockets,0022000931,2021-04-27,HOU vs. MIN,L
22020,TOR,Toronto Raptors,0022000930,2021-04-27,TOR vs. BKN,L
22020,POR,Portland Trail Blazers,0022000929,2021-04-27,POR @ IND,W
22020,IND,Indiana Pacers,0022000929,2021-04-27,IND vs. POR,L
22020,OKC,Oklahoma City Thunder,0022000927,2021-04-27,OKC @ BOS,W
22020,GSW,Golden State Warriors,0022000932,2021-04-27,GSW vs. DAL,L
22020,DAL,Dallas Mavericks,0022000932,2021-04-27,DAL @ GSW,W
22020,MIN,Minnesota Timberwolves,0022000931,2021-04-27,MIN @ HOU,W
22020,BOS,Boston Celtics,0022000927,2021-04-27,BOS vs. OKC,L
22020,BKN,Brooklyn Nets,0022000930,2021-04-27,BKN @ TOR,W
22020,MIL,Milwaukee Bucks,0022000928,2021-04-27,MIL @ CHA,W
22020,WAS,Washington Wizards,0022000935,2021-04-28,WAS vs. LAL,W
22020,SAS,San Antonio Spurs,0022000938,2021-04-28,SAS @ MIA,L
22020,CHI,Chicago Bulls,0022000937,2021-04-28,CHI @ NYK,L
22020,CLE,Cleveland Cavaliers,0022000933,2021-04-28,CLE vs. ORL,L
22020,ATL,Atlanta Hawks,0022000934,2021-04-28,ATL @ PHI,L
22020,LAC,LA Clippers,0022000941,2021-04-28,LAC @ PHX,L
22020,MEM,Memphis Grizzlies,0022000939,2021-04-28,MEM vs. POR,L
22020,UTA,Utah Jazz,0022000942,2021-04-28,UTA @ SAC,W
22020,MIA,Miami Heat,0022000938,2021-04-28,MIA vs. SAS,W
22020,PHI,Philadelphia 76ers,0022000934,2021-04-28,PHI vs. ATL,W
22020,CHA,Charlotte Hornets,0022000936,2021-04-28,CHA @ BOS,L
22020,ORL,Orlando Magic,0022000933,2021-04-28,ORL @ CLE,W
22020,DEN,Denver Nuggets,0022000940,2021-04-28,DEN vs. NOP,W
22020,NYK,New York Knicks,0022000937,2021-04-28,NYK vs. CHI,W
22020,NOP,New Orleans Pelicans,0022000940,2021-04-28,NOP @ DEN,L
22020,PHX,Phoenix Suns,0022000941,2021-04-28,PHX vs. LAC,W
22020,SAC,Sacramento Kings,0022000942,2021-04-28,SAC vs. UTA,L
22020,POR,Portland Trail Blazers,0022000939,2021-04-28,POR @ MEM,W
22020,LAL,Los Angeles Lakers,0022000935,2021-04-28,LAL @ WAS,L
22020,BOS,Boston Celtics,0022000936,2021-04-28,BOS vs. CHA,W
22020,HOU,Houston Rockets,0022000945,2021-04-29,HOU vs. MIL,W
22020,GSW,Golden State Warriors,0022000946,2021-04-29,GSW @ MIN,L
22020,IND,Indiana Pacers,0022000944,2021-04-29,IND vs. BKN,L
22020,BKN,Brooklyn Nets,0022000944,2021-04-29,BKN @ IND,W
22020,OKC,Oklahoma City Thunder,0022000947,2021-04-29,OKC vs. NOP,L
22020,DET,Detroit Pistons,0022000943,2021-04-29,DET vs. DAL,L
22020,TOR,Toronto Raptors,0022000948,2021-04-29,TOR @ DEN,L
22020,MIN,Minnesota Timberwolves,0022000946,2021-04-29,MIN vs. GSW,W
22020,MIL,Milwaukee Bucks,0022000945,2021-04-29,MIL @ HOU,L
22020,NOP,New Orleans Pelicans,0022000947,2021-04-29,NOP @ OKC,W
22020,DEN,Denver Nuggets,0022000948,2021-04-29,DEN vs. TOR,W
22020,DAL,Dallas Mavericks,0022000943,2021-04-29,DAL @ DET,W
22020,SAC,Sacramento Kings,0022000956,2021-04-30,SAC @ LAL,W
22020,CHI,Chicago Bulls,0022000954,2021-04-30,CHI vs. MIL,L
22020,POR,Portland Trail Blazers,0022000952,2021-04-30,POR @ BKN,W
22020,MEM,Memphis Grizzlies,0022000953,2021-04-30,MEM vs. ORL,W
22020,ATL,Atlanta Hawks,0022000949,2021-04-30,ATL @ PHI,L
22020,UTA,Utah Jazz,0022000955,2021-04-30,UTA @ PHX,L
22020,BKN,Brooklyn Nets,0022000952,2021-04-30,BKN vs. POR,L
22020,LAL,Los Angeles Lakers,0022000956,2021-04-30,LAL vs. SAC,L
22020,BOS,Boston Celtics,0022000950,2021-04-30,BOS vs. SAS,W
22020,PHI,Philadelphia 76ers,0022000949,2021-04-30,PHI vs. ATL,W
22020,SAS,San Antonio Spurs,0022000950,2021-04-30,SAS @ BOS,L
22020,WAS,Washington Wizards,0022000951,2021-04-30,WAS @ CLE,W
22020,MIL,Milwaukee Bucks,0022000954,2021-04-30,MIL @ CHI,W
22020,PHX,Phoenix Suns,0022000955,2021-04-30,PHX vs. UTA,W
22020,ORL,Orlando Magic,0022000953,2021-04-30,ORL @ MEM,L
22020,CLE,Cleveland Cavaliers,0022000951,2021-04-30,CLE vs. WAS,L
22020,CLE,Cleveland Cavaliers,0022000960,2021-05-01,CLE vs. MIA,L
22020,NOP,New Orleans Pelicans,0022000962,2021-05-01,NOP @ MIN,W
22020,MEM,Memphis Grizzlies,0022000961,2021-05-01,MEM @ ORL,L
22020,OKC,Oklahoma City Thunder,0022000963,2021-05-01,OKC vs. IND,L
22020,CHI,Chicago Bulls,0022000959,2021-05-01,CHI @ ATL,L
22020,MIA,Miami Heat,0022000960,2021-05-01,MIA @ CLE,W
22020,MIN,Minnesota Timberwolves,0022000962,2021-05-01,MIN vs. NOP,L
22020,ATL,Atlanta Hawks,0022000959,2021-05-01,ATL vs. CHI,W
22020,WAS,Washington Wizards,0022000964,2021-05-01,WAS @ DAL,L
22020,LAC,LA Clippers,0022000966,2021-05-01,LAC vs. DEN,L
22020,HOU,Houston Rockets,0022000958,2021-05-01,HOU vs. GSW,L
22020,GSW,Golden State Warriors,0022000958,2021-05-01,GSW @ HOU,W
22020,DEN,Denver Nuggets,0022000966,2021-05-01,DEN @ LAC,W
22020,IND,Indiana Pacers,0022000963,2021-05-01,IND @ OKC,W
22020,UTA,Utah Jazz,0022000965,2021-05-01,UTA vs. TOR,W
22020,TOR,Toronto Raptors,0022000965,2021-05-01,TOR @ UTA,L
22020,ORL,Orlando Magic,0022000961,2021-05-01,ORL vs. MEM,W
22020,DAL,Dallas Mavericks,0022000964,2021-05-01,DAL vs. WAS,W
22020,CHA,Charlotte Hornets,0022000957,2021-05-01,CHA vs. DET,W
22020,DET,Detroit Pistons,0022000957,2021-05-01,DET @ CHA,L
22020,TOR,Toronto Raptors,0022000974,2021-05-02,TOR @ LAL,W
22020,CHA,Charlotte Hornets,0022000969,2021-05-02,CHA vs. MIA,L
22020,BKN,Brooklyn Nets,0022000967,2021-05-02,BKN @ MIL,L
22020,MIL,Milwaukee Bucks,0022000967,2021-05-02,MIL vs. BKN,W
22020,HOU,Houston Rockets,0022000971,2021-05-02,HOU vs. NYK,L
22020,SAS,San Antonio Spurs,0022000973,2021-05-02,SAS vs. PHI,L
22020,OKC,Oklahoma City Thunder,0022000972,2021-05-02,OKC vs. PHX,L
22020,BOS,Boston Celtics,0022000968,2021-05-02,BOS vs. POR,L
22020,DAL,Dallas Mavericks,0022000970,2021-05-02,DAL vs. SAC,L
22020,PHI,Philadelphia 76ers,0022000973,2021-05-02,PHI @ SAS,W
22020,POR,Portland Trail Blazers,0022000968,2021-05-02,POR @ BOS,W
22020,SAC,Sacramento Kings,0022000970,2021-05-02,SAC @ DAL,W
22020,NYK,New York Knicks,0022000971,2021-05-02,NYK @ HOU,W
22020,PHX,Phoenix Suns,0022000972,2021-05-02,PHX @ OKC,W
22020,LAL,Los Angeles Lakers,0022000974,2021-05-02,LAL vs. TOR,L
22020,MIA,Miami Heat,0022000969,2021-05-02,MIA @ CHA,W
22020,DEN,Denver Nuggets,0022000982,2021-05-03,DEN @ LAL,L
22020,MEM,Memphis Grizzlies,0022000980,2021-05-03,MEM vs. NYK,L
22020,DET,Detroit Pistons,0022000975,2021-05-03,DET vs. ORL,L
22020,WAS,Washington Wizards,0022000976,2021-05-03,WAS vs. IND,W
22020,CHI,Chicago Bulls,0022000979,2021-05-03,CHI vs. PHI,L
22020,ATL,Atlanta Hawks,0022000978,2021-05-03,ATL vs. POR,W
22020,UTA,Utah Jazz,0022000981,2021-05-03,UTA vs. SAS,W
22020,POR,Portland Trail Blazers,0022000978,2021-05-03,POR @ ATL,L
22020,GSW,Golden State Warriors,0022000977,2021-05-03,GSW @ NOP,W
22020,PHI,Philadelphia 76ers,0022000979,2021-05-03,PHI @ CHI,W
22020,LAL,Los Angeles Lakers,0022000982,2021-05-03,LAL vs. DEN,W
22020,NOP,New Orleans Pelicans,0022000977,2021-05-03,NOP vs. GSW,L
22020,SAS,San Antonio Spurs,0022000981,2021-05-03,SAS @ UTA,L
22020,NYK,New York Knicks,0022000980,2021-05-03,NYK @ MEM,W
22020,IND,Indiana Pacers,0022000976,2021-05-03,IND @ WAS,L
22020,ORL,Orlando Magic,0022000975,2021-05-03,ORL @ DET,W
22020,DAL,Dallas Mavericks,0022000986,2021-05-04,DAL @ MIA,W
22020,BKN,Brooklyn Nets,0022000985,2021-05-04,BKN @ MIL,L
22020,MIL,Milwaukee Bucks,0022000985,2021-05-04,MIL vs. BKN,W
22020,CLE,Cleveland Cavaliers,0022000983,2021-05-04,CLE vs. PHX,L
22020,OKC,Oklahoma City Thunder,0022000988,2021-05-04,OKC vs. SAC,L
22020,PHX,Phoenix Suns,0022000983,2021-05-04,PHX @ CLE,W
22020,GSW,Golden State Warriors,0022000987,2021-05-04,GSW @ NOP,L
22020,MIA,Miami Heat,0022000986,2021-05-04,MIA vs. DAL,L
22020,NOP,New Orleans Pelicans,0022000987,2021-05-04,NOP vs. GSW,W
22020,TOR,Toronto Raptors,0022000989,2021-05-04,TOR @ LAC,L
22020,SAC,Sacramento Kings,0022000988,2021-05-04,SAC @ OKC,W
22020,LAC,LA Clippers,0022000989,2021-05-04,LAC vs. TOR,W
22020,CHA,Charlotte Hornets,0022000984,2021-05-04,CHA @ DET,W
22020,DET,Detroit Pistons,0022000984,2021-05-04,DET vs. CHA,L
22020,WAS,Washington Wizards,0022000235,2021-05-05,WAS @ MIL,L
22020,MEM,Memphis Grizzlies,0022000183,2021-05-05,MEM @ MIN,W
22020,DEN,Denver Nuggets,0022000995,2021-05-05,DEN vs. NYK,W
22020,BOS,Boston Celtics,0022000990,2021-05-05,BOS @ ORL,W
22020,SAC,Sacramento Kings,0022000993,2021-05-05,SAC @ IND,W
22020,HOU,Houston Rockets,0022000994,2021-05-05,HOU vs. PHI,L
22020,ATL,Atlanta Hawks,0022000992,2021-05-05,ATL vs. PHX,W
22020,CLE,Cleveland Cavaliers,0022000991,2021-05-05,CLE vs. POR,L
22020,IND,Indiana Pacers,0022000993,2021-05-05,IND vs. SAC,L
22020,UTA,Utah Jazz,0022000996,2021-05-05,UTA vs. SAS,W
22020,PHX,Phoenix Suns,0022000992,2021-05-05,PHX @ ATL,L
22020,ORL,Orlando Magic,0022000990,2021-05-05,ORL vs. BOS,L
22020,POR,Portland Trail Blazers,0022000991,2021-05-05,POR @ CLE,W
22020,NYK,New York Knicks,0022000995,2021-05-05,NYK @ DEN,L
22020,PHI,Philadelphia 76ers,0022000994,2021-05-05,PHI @ HOU,W
22020,SAS,San Antonio Spurs,0022000996,2021-05-05,SAS @ UTA,L
22020,MIN,Minnesota Timberwolves,0022000183,2021-05-05,MIN vs. MEM,L
22020,MIL,Milwaukee Bucks,0022000235,2021-05-05,MIL vs. WAS,W
22020,LAC,LA Clippers,0022001002,2021-05-06,LAC vs. LAL,W
22020,DAL,Dallas Mavericks,0022000998,2021-05-06,DAL vs. BKN,W
22020,ATL,Atlanta Hawks,0022001000,2021-05-06,ATL @ IND,L
22020,IND,Indiana Pacers,0022001000,2021-05-06,IND vs. ATL,W
22020,CHA,Charlotte Hornets,0022000434,2021-05-06,CHA vs. CHI,L
22020,BKN,Brooklyn Nets,0022000998,2021-05-06,BKN @ DAL,L
22020,OKC,Oklahoma City Thunder,0022001001,2021-05-06,OKC @ GSW,L
22020,LAL,Los Angeles Lakers,0022001002,2021-05-06,LAL @ LAC,L
22020,GSW,Golden State Warriors,0022001001,2021-05-06,GSW vs. OKC,W
22020,WAS,Washington Wizards,0022000997,2021-05-06,WAS @ TOR,W
22020,DET,Detroit Pistons,0022000999,2021-05-06,DET vs. MEM,W
22020,TOR,Toronto Raptors,0022000997,2021-05-06,TOR vs. WAS,L
22020,MEM,Memphis Grizzlies,0022000999,2021-05-06,MEM @ DET,L
22020,CHI,Chicago Bulls,0022000434,2021-05-06,CHI @ CHA,W
22020,POR,Portland Trail Blazers,0022001010,2021-05-07,POR vs. LAL,W
22020,MIN,Minnesota Timberwolves,0022001005,2021-05-07,MIN @ MIA,L
22020,HOU,Houston Rockets,0022001006,2021-05-07,HOU @ MIL,L
22020,MIA,Miami Heat,0022001005,2021-05-07,MIA vs. MIN,W
22020,PHX,Phoenix Suns,0022001009,2021-05-07,PHX vs. NYK,W
22020,CHA,Charlotte Hornets,0022001004,2021-05-07,CHA vs. ORL,W
22020,NOP,New Orleans Pelicans,0022001003,2021-05-07,NOP @ PHI,L
22020,NYK,New York Knicks,0022001009,2021-05-07,NYK @ PHX,L
22020,LAL,Los Angeles Lakers,0022001010,2021-05-07,LAL @ POR,L
22020,SAS,San Antonio Spurs,0022001011,2021-05-07,SAS @ SAC,W
22020,SAC,Sacramento Kings,0022001011,2021-05-07,SAC vs. SAS,L
22020,CHI,Chicago Bulls,0022000160,2021-05-07,CHI vs. BOS,W
22020,DAL,Dallas Mavericks,0022001007,2021-05-07,DAL vs. CLE,W
22020,PHI,Philadelphia 76ers,0022001003,2021-05-07,PHI vs. NOP,W
22020,BOS,Boston Celtics,0022000160,2021-05-07,BOS @ CHI,L
22020,CLE,Cleveland Cavaliers,0022001007,2021-05-07,CLE @ DAL,L
22020,UTA,Utah Jazz,0022001008,2021-05-07,UTA vs. DEN,W
22020,MIL,Milwaukee Bucks,0022001006,2021-05-07,MIL vs. HOU,W
22020,DEN,Denver Nuggets,0022001008,2021-05-07,DEN @ UTA,L
22020,ORL,Orlando Magic,0022001004,2021-05-07,ORL @ CHA,L
22020,DEN,Denver Nuggets,0022001015,2021-05-08,DEN vs. BKN,L
22020,WAS,Washington Wizards,0022001012,2021-05-08,WAS @ IND,W
22020,DET,Detroit Pistons,0022001013,2021-05-08,DET @ PHI,L
22020,SAS,San Antonio Spurs,0022001018,2021-05-08,SAS @ POR,L
22020,POR,Portland Trail Blazers,0022001018,2021-05-08,POR vs. SAS,W
22020,BKN,Brooklyn Nets,0022001015,2021-05-08,BKN @ DEN,W
22020,OKC,Oklahoma City Thunder,0022001017,2021-05-08,OKC @ GSW,L
22020,UTA,Utah Jazz,0022001016,2021-05-08,UTA vs. HOU,W
22020,GSW,Golden State Warriors,0022001017,2021-05-08,GSW vs. OKC,W
22020,MEM,Memphis Grizzlies,0022001014,2021-05-08,MEM @ TOR,W
22020,HOU,Houston Rockets,0022001016,2021-05-08,HOU @ UTA,L
22020,TOR,Toronto Raptors,0022001014,2021-05-08,TOR vs. MEM,L
22020,IND,Indiana Pacers,0022001012,2021-05-08,IND vs. WAS,L
22020,PHI,Philadelphia 76ers,0022001013,2021-05-08,PHI vs. DET,W
22020,PHX,Phoenix Suns,0022001024,2021-05-09,PHX @ LAL,L
22020,BOS,Boston Celtics,0022000145,2021-05-09,BOS vs. MIA,L
22020,ORL,Orlando Magic,0022001022,2021-05-09,ORL vs. MIN,L
22020,LAC,LA Clippers,0022001019,2021-05-09,LAC vs. NYK,L
22020,MIN,Minnesota Timberwolves,0022001022,2021-05-09,MIN @ ORL,W
22020,LAL,Los Angeles Lakers,0022001024,2021-05-09,LAL vs. PHX,W
22020,OKC,Oklahoma City Thunder,0022001025,2021-05-09,OKC @ SAC,L
22020,MIA,Miami Heat,0022000145,2021-05-09,MIA @ BOS,W
22020,DAL,Dallas Mavericks,0022001021,2021-05-09,DAL @ CLE,W
22020,CHA,Charlotte Hornets,0022001020,2021-05-09,CHA vs. NOP,L
22020,DET,Detroit Pistons,0022001023,2021-05-09,DET vs. CHI,L
22020,CLE,Cleveland Cavaliers,0022001021,2021-05-09,CLE vs. DAL,L
22020,NYK,New York Knicks,0022001019,2021-05-09,NYK @ LAC,W
22020,SAC,Sacramento Kings,0022001025,2021-05-09,SAC vs. OKC,W
22020,CHI,Chicago Bulls,0022001023,2021-05-09,CHI @ DET,W
22020,NOP,New Orleans Pelicans,0022001020,2021-05-09,NOP @ CHA,W
22020,SAS,San Antonio Spurs,0022001029,2021-05-10,SAS vs. MIL,W
22020,CLE,Cleveland Cavaliers,0022001027,2021-05-10,CLE vs. IND,L
22020,HOU,Houston Rockets,0022001031,2021-05-10,HOU @ POR,L
22020,MIL,Milwaukee Bucks,0022001029,2021-05-10,MIL @ SAS,L
22020,WAS,Washington Wizards,0022001026,2021-05-10,WAS @ ATL,L
22020,IND,Indiana Pacers,0022001027,2021-05-10,IND @ CLE,W
22020,MEM,Memphis Grizzlies,0022001028,2021-05-10,MEM vs. NOP,W
22020,UTA,Utah Jazz,0022001030,2021-05-10,UTA @ GSW,L
22020,POR,Portland Trail Blazers,0022001031,2021-05-10,POR vs. HOU,W
22020,GSW,Golden State Warriors,0022001030,2021-05-10,GSW vs. UTA,W
22020,NOP,New Orleans Pelicans,0022001028,2021-05-10,NOP @ MEM,L
22020,ATL,Atlanta Hawks,0022001026,2021-05-10,ATL vs. WAS,W
22020,NYK,New York Knicks,0022001041,2021-05-11,NYK @ LAL,L
22020,BOS,Boston Celtics,0022001032,2021-05-11,BOS vs. MIA,L
22020,ORL,Orlando Magic,0022001038,2021-05-11,ORL @ MIL,L
22020,DET,Detroit Pistons,0022001033,2021-05-11,DET vs. MIN,L
22020,CHI,Chicago Bulls,0022001036,2021-05-11,CHI vs. BKN,L
22020,LAL,Los Angeles Lakers,0022001041,2021-05-11,LAL vs. NYK,W
22020,MIL,Milwaukee Bucks,0022001038,2021-05-11,MIL vs. ORL,W
22020,PHI,Philadelphia 76ers,0022001035,2021-05-11,PHI @ IND,L
22020,IND,Indiana Pacers,0022001035,2021-05-11,IND vs. PHI,W
22020,GSW,Golden State Warriors,0022001039,2021-05-11,GSW vs. PHX,W
22020,OKC,Oklahoma City Thunder,0022001040,2021-05-11,OKC @ SAC,L
22020,MIA,Miami Heat,0022001032,2021-05-11,MIA @ BOS,W
22020,BKN,Brooklyn Nets,0022001036,2021-05-11,BKN @ CHI,W
22020,MEM,Memphis Grizzlies,0022001037,2021-05-11,MEM vs. DAL,W
22020,CHA,Charlotte Hornets,0022000448,2021-05-11,CHA vs. DEN,L
22020,PHX,Phoenix Suns,0022001039,2021-05-11,PHX @ GSW,L
22020,TOR,Toronto Raptors,0022001034,2021-05-11,TOR vs. LAC,L
22020,SAC,Sacramento Kings,0022001040,2021-05-11,SAC vs. OKC,W
22020,LAC,LA Clippers,0022001034,2021-05-11,LAC @ TOR,W
22020,DAL,Dallas Mavericks,0022001037,2021-05-11,DAL @ MEM,L
22020,MIN,Minnesota Timberwolves,0022001033,2021-05-11,MIN @ DET,W
22020,DEN,Denver Nuggets,0022000448,2021-05-11,DEN @ CHA,W
22020,HOU,Houston Rockets,0022001046,2021-05-12,HOU @ LAL,L
22020,SAS,San Antonio Spurs,0022001043,2021-05-12,SAS @ BKN,L
22020,UTA,Utah Jazz,0022001045,2021-05-12,UTA vs. POR,L
22020,BKN,Brooklyn Nets,0022001043,2021-05-12,BKN vs. SAS,W
22020,WAS,Washington Wizards,0022001042,2021-05-12,WAS @ ATL,L
22020,CLE,Cleveland Cavaliers,0022001044,2021-05-12,CLE vs. BOS,W
22020,BOS,Boston Celtics,0022001044,2021-05-12,BOS @ CLE,L
22020,DAL,Dallas Mavericks,0022000154,2021-05-12,DAL vs. NOP,W
22020,NOP,New Orleans Pelicans,0022000154,2021-05-12,NOP @ DAL,L
22020,LAL,Los Angeles Lakers,0022001046,2021-05-12,LAL vs. HOU,W
22020,POR,Portland Trail Blazers,0022001045,2021-05-12,POR @ UTA,W
22020,ATL,Atlanta Hawks,0022001042,2021-05-12,ATL vs. WAS,W
22020,PHI,Philadelphia 76ers,0022001050,2021-05-13,PHI @ MIA,L
22020,IND,Indiana Pacers,0022001048,2021-05-13,IND vs. MIL,L
22020,DEN,Denver Nuggets,0022001052,2021-05-13,DEN @ MIN,W
22020,SAS,San Antonio Spurs,0022000458,2021-05-13,SAS @ NYK,L
22020,ATL,Atlanta Hawks,0022001049,2021-05-13,ATL vs. ORL,W
22020,MIL,Milwaukee Bucks,0022001048,2021-05-13,MIL @ IND,W
22020,MIA,Miami Heat,0022001050,2021-05-13,MIA vs. PHI,W
22020,POR,Portland Trail Blazers,0022001053,2021-05-13,POR @ PHX,L
22020,PHX,Phoenix Suns,0022001053,2021-05-13,PHX vs. POR,W
22020,MEM,Memphis Grizzlies,0022000255,2021-05-13,MEM vs. SAC,W
22020,NYK,New York Knicks,0022000458,2021-05-13,NYK vs. SAS,W
22020,ORL,Orlando Magic,0022001049,2021-05-13,ORL @ ATL,L
22020,TOR,Toronto Raptors,0022001051,2021-05-13,TOR @ CHI,L
22020,MIN,Minnesota Timberwolves,0022001052,2021-05-13,MIN vs. DEN,L
22020,CHA,Charlotte Hornets,0022001047,2021-05-13,CHA vs. LAC,L
22020,CHI,Chicago Bulls,0022001051,2021-05-13,CHI vs. TOR,W
22020,SAC,Sacramento Kings,0022000255,2021-05-13,SAC @ MEM,L
22020,LAC,LA Clippers,0022001047,2021-05-13,LAC @ CHA,W
22020,PHI,Philadelphia 76ers,0022001055,2021-05-14,PHI vs. ORL,W
22020,ORL,Orlando Magic,0022001055,2021-05-14,ORL @ PHI,L
22020,MEM,Memphis Grizzlies,0022000263,2021-05-14,MEM vs. SAC,W
22020,WAS,Washington Wizards,0022000204,2021-05-14,WAS vs. CLE,W
22020,GSW,Golden State Warriors,0022001059,2021-05-14,GSW vs. NOP,W
22020,TOR,Toronto Raptors,0022001057,2021-05-14,TOR @ DAL,L
22020,DET,Detroit Pistons,0022001054,2021-05-14,DET vs. DEN,L
22020,NOP,New Orleans Pelicans,0022001059,2021-05-14,NOP @ GSW,L
22020,LAC,LA Clippers,0022001058,2021-05-14,LAC @ HOU,L
22020,HOU,Houston Rockets,0022001058,2021-05-14,HOU vs. LAC,W
22020,UTA,Utah Jazz,0022001056,2021-05-14,UTA @ OKC,W
22020,DAL,Dallas Mavericks,0022001057,2021-05-14,DAL vs. TOR,W
22020,OKC,Oklahoma City Thunder,0022001056,2021-05-14,OKC vs. UTA,L
22020,SAC,Sacramento Kings,0022000263,2021-05-14,SAC @ MEM,L
22020,CLE,Cleveland Cavaliers,0022000204,2021-05-14,CLE @ WAS,L
22020,DEN,Denver Nuggets,0022001054,2021-05-14,DEN @ DET,W
22020,IND,Indiana Pacers,0022001061,2021-05-15,IND vs. LAL,L
22020,MIL,Milwaukee Bucks,0022001062,2021-05-15,MIL vs. MIA,W
22020,MIA,Miami Heat,0022001062,2021-05-15,MIA @ MIL,L
22020,BOS,Boston Celtics,0022001063,2021-05-15,BOS @ MIN,W
22020,CHI,Chicago Bulls,0022001060,2021-05-15,CHI @ BKN,L
22020,CHA,Charlotte Hornets,0022001064,2021-05-15,CHA @ NYK,L
22020,LAL,Los Angeles Lakers,0022001061,2021-05-15,LAL @ IND,W
22020,SAS,San Antonio Spurs,0022001065,2021-05-15,SAS vs. PHX,L
22020,PHX,Phoenix Suns,0022001065,2021-05-15,PHX @ SAS,W
22020,MIN,Minnesota Timberwolves,0022001063,2021-05-15,MIN vs. BOS,L
22020,BKN,Brooklyn Nets,0022001060,2021-05-15,BKN vs. CHI,W
22020,NYK,New York Knicks,0022001064,2021-05-15,NYK vs. CHA,W
22020,NOP,New Orleans Pelicans,0022001072,2021-05-16,NOP vs. LAL,L
22020,DET,Detroit Pistons,0022001069,2021-05-16,DET vs. MIA,L
22020,CHI,Chicago Bulls,0022001068,2021-05-16,CHI vs. MIL,W
22020,DAL,Dallas Mavericks,0022001071,2021-05-16,DAL @ MIN,L
22020,CLE,Cleveland Cavaliers,0022001067,2021-05-16,CLE @ BKN,L
22020,BOS,Boston Celtics,0022001073,2021-05-16,BOS @ NYK,L
22020,PHI,Philadelphia 76ers,0022001075,2021-05-16,PHI vs. ORL,W
22020,TOR,Toronto Raptors,0022001079,2021-05-16,TOR vs. IND,L
22020,ORL,Orlando Magic,0022001075,2021-05-16,ORL @ PHI,L
22020,SAS,San Antonio Spurs,0022001078,2021-05-16,SAS vs. PHX,L
22020,DEN,Denver Nuggets,0022001076,2021-05-16,DEN @ POR,L
22020,UTA,Utah Jazz,0022001077,2021-05-16,UTA @ SAC,W
22020,PHX,Phoenix Suns,0022001078,2021-05-16,PHX @ SAS,W
22020,HOU,Houston Rockets,0022001066,2021-05-16,HOU @ ATL,L
22020,NYK,New York Knicks,0022001073,2021-05-16,NYK vs. BOS,W
22020,BKN,Brooklyn Nets,0022001067,2021-05-16,BKN vs. CLE,W
22020,LAL,Los Angeles Lakers,0022001072,2021-05-16,LAL @ NOP,W
22020,MIL,Milwaukee Bucks,0022001068,2021-05-16,MIL @ CHI,L
22020,MIN,Minnesota Timberwolves,0022001071,2021-05-16,MIN vs. DAL,W
22020,POR,Portland Trail Blazers,0022001076,2021-05-16,POR vs. DEN,W
22020,MEM,Memphis Grizzlies,0022001070,2021-05-16,MEM @ GSW,L
22020,ATL,Atlanta Hawks,0022001066,2021-05-16,ATL vs. HOU,W
22020,OKC,Oklahoma City Thunder,0022001074,2021-05-16,OKC vs. LAC,W
22020,LAC,LA Clippers,0022001074,2021-05-16,LAC @ OKC,L
22020,IND,Indiana Pacers,0022001079,2021-05-16,IND @ TOR,W
22020,SAC,Sacramento Kings,0022001077,2021-05-16,SAC vs. UTA,L
22020,GSW,Golden State Warriors,0022001070,2021-05-16,GSW vs. MEM,W
22020,CHA,Charlotte Hornets,0022001080,2021-05-16,CHA @ WAS,L
22020,MIA,Miami Heat,0022001069,2021-05-16,MIA @ DET,W
22020,WAS,Washington Wizards,0022001080,2021-05-16,WAS vs. CHA,W
