SEASON_ID,TEAM_ABBREVIATION,TEAM_NAME,GAME_ID,GAME_DATE,MATCHUP,WL
22021,GSW,Golden State Warriors,0022100002,2021-10-19,GSW @ LAL,W
22021,BKN,Brooklyn Nets,0022100001,2021-10-19,BKN @ MIL,L
22021,MIL,Milwaukee Bucks,0022100001,2021-10-19,MIL vs. BKN,W
22021,LAL,Los Angeles Lakers,0022100002,2021-10-19,LAL vs. GSW,L
22021,HOU,Houston Rockets,0022100008,2021-10-20,HOU @ MIN,L
22021,BOS,Boston Celtics,0022100005,2021-10-20,BOS @ NYK,L
22021,SAS,San Antonio Spurs,0022100010,2021-10-20,SAS vs. ORL,W
22021,CHA,Charlotte Hornets,0022100003,2021-10-20,CHA vs. IND,W
22021,NOP,New Orleans Pelicans,0022100009,2021-10-20,NOP vs. PHI,L
22021,DEN,Denver Nuggets,0022100012,2021-10-20,DEN @ PHX,W
22021,SAC,Sacramento Kings,0022100013,2021-10-20,SAC @ POR,W
22021,POR,Portland Trail Blazers,0022100013,2021-10-20,POR vs. SAC,L
22021,ORL,Orlando Magic,0022100010,2021-10-20,ORL @ SAS,L
22021,NYK,New York Knicks,0022100005,2021-10-20,NYK vs. BOS,W
22021,MEM,Memphis Grizzlies,0022100007,2021-10-20,MEM vs. CLE,W
22021,PHI,Philadelphia 76ers,0022100009,2021-10-20,PHI @ NOP,W
22021,DET,Detroit Pistons,0022100004,2021-10-20,DET vs. CHI,L
22021,PHX,Phoenix Suns,0022100012,2021-10-20,PHX vs. DEN,L
22021,MIN,Minnesota Timberwolves,0022100008,2021-10-20,MIN vs. HOU,W
22021,UTA,Utah Jazz,0022100011,2021-10-20,UTA vs. OKC,W
22021,WAS,Washington Wizards,0022100006,2021-10-20,WAS @ TOR,W
22021,OKC,Oklahoma City Thunder,0022100011,2021-10-20,OKC @ UTA,L
22021,CLE,Cleveland Cavaliers,0022100007,2021-10-20,CLE @ MEM,L
22021,TOR,Toronto Raptors,0022100006,2021-10-20,TOR vs. WAS,L
22021,CHI,Chicago Bulls,0022100004,2021-10-20,CHI @ DET,W
22021,IND,Indiana Pacers,0022100003,2021-10-20,IND @ CHA,L
22021,MIL,Milwaukee Bucks,0022100015,2021-10-21,MIL @ MIA,L
22021,MIA,Miami Heat,0022100015,2021-10-21,MIA vs. MIL,W
22021,DAL,Dallas Mavericks,0022100014,2021-10-21,DAL @ ATL,L
22021,ATL,Atlanta Hawks,0022100014,2021-10-21,ATL vs. DAL,W
22021,LAC,LA Clippers,0022100016,2021-10-21,LAC @ GSW,L
22021,GSW,Golden State Warriors,0022100016,2021-10-21,GSW vs. LAC,W
22021,PHX,Phoenix Suns,0022100025,2021-10-22,PHX @ LAL,W
22021,PHI,Philadelphia 76ers,0022100021,2021-10-22,PHI vs. BKN,L
22021,ORL,Orlando Magic,0022100018,2021-10-22,ORL vs. NYK,L
22021,NYK,New York Knicks,0022100018,2021-10-22,NYK @ ORL,W
22021,WAS,Washington Wizards,0022100019,2021-10-22,WAS vs. IND,W
22021,BKN,Brooklyn Nets,0022100021,2021-10-22,BKN @ PHI,W
22021,LAL,Los Angeles Lakers,0022100025,2021-10-22,LAL vs. PHX,L
22021,UTA,Utah Jazz,0022100026,2021-10-22,UTA @ SAC,W
22021,DEN,Denver Nuggets,0022100024,2021-10-22,DEN vs. SAS,W
22021,TOR,Toronto Raptors,0022100020,2021-10-22,TOR @ BOS,W
22021,CHA,Charlotte Hornets,0022100017,2021-10-22,CHA @ CLE,W
22021,CHI,Chicago Bulls,0022100022,2021-10-22,CHI vs. NOP,W
22021,NOP,New Orleans Pelicans,0022100022,2021-10-22,NOP @ CHI,L
22021,SAS,San Antonio Spurs,0022100024,2021-10-22,SAS @ DEN,L
22021,OKC,Oklahoma City Thunder,0022100023,2021-10-22,OKC @ HOU,L
22021,HOU,Houston Rockets,0022100023,2021-10-22,HOU vs. OKC,W
22021,BOS,Boston Celtics,0022100020,2021-10-22,BOS vs. TOR,L
22021,SAC,Sacramento Kings,0022100026,2021-10-22,SAC vs. UTA,L
22021,IND,Indiana Pacers,0022100019,2021-10-22,IND @ WAS,L
22021,CLE,Cleveland Cavaliers,0022100017,2021-10-22,CLE vs. CHA,L
22021,IND,Indiana Pacers,0022100028,2021-10-23,IND vs. MIA,W
22021,SAS,San Antonio Spurs,0022100032,2021-10-23,SAS vs. MIL,L
22021,NOP,New Orleans Pelicans,0022100031,2021-10-23,NOP @ MIN,L
22021,MIA,Miami Heat,0022100028,2021-10-23,MIA @ IND,L
22021,POR,Portland Trail Blazers,0022100033,2021-10-23,POR vs. PHX,W
22021,PHX,Phoenix Suns,0022100033,2021-10-23,PHX @ POR,L
22021,MIL,Milwaukee Bucks,0022100032,2021-10-23,MIL @ SAS,W
22021,CLE,Cleveland Cavaliers,0022100027,2021-10-23,CLE vs. ATL,W
22021,ATL,Atlanta Hawks,0022100027,2021-10-23,ATL @ CLE,L
22021,MIN,Minnesota Timberwolves,0022100031,2021-10-23,MIN vs. NOP,W
22021,DET,Detroit Pistons,0022100030,2021-10-23,DET @ CHI,L
22021,TOR,Toronto Raptors,0022100029,2021-10-23,TOR vs. DAL,L
22021,MEM,Memphis Grizzlies,0022100034,2021-10-23,MEM @ LAC,W
22021,DAL,Dallas Mavericks,0022100029,2021-10-23,DAL @ TOR,W
22021,LAC,LA Clippers,0022100034,2021-10-23,LAC vs. MEM,L
22021,CHI,Chicago Bulls,0022100030,2021-10-23,CHI vs. DET,W
22021,MEM,Memphis Grizzlies,0022100040,2021-10-24,MEM @ LAL,L
22021,CHA,Charlotte Hornets,0022100035,2021-10-24,CHA @ BKN,W
22021,ORL,Orlando Magic,0022100036,2021-10-24,ORL @ NYK,W
22021,NYK,New York Knicks,0022100036,2021-10-24,NYK vs. ORL,L
22021,OKC,Oklahoma City Thunder,0022100038,2021-10-24,OKC vs. PHI,L
22021,GSW,Golden State Warriors,0022100039,2021-10-24,GSW @ SAC,W
22021,HOU,Houston Rockets,0022100037,2021-10-24,HOU vs. BOS,L
22021,SAC,Sacramento Kings,0022100039,2021-10-24,SAC vs. GSW,L
22021,BOS,Boston Celtics,0022100037,2021-10-24,BOS @ HOU,W
22021,PHI,Philadelphia 76ers,0022100038,2021-10-24,PHI @ OKC,W
22021,LAL,Los Angeles Lakers,0022100040,2021-10-24,LAL vs. MEM,W
22021,BKN,Brooklyn Nets,0022100035,2021-10-24,BKN vs. CHA,L
22021,ORL,Orlando Magic,0022100045,2021-10-25,ORL @ MIA,L
22021,IND,Indiana Pacers,0022100042,2021-10-25,IND vs. MIL,L
22021,NOP,New Orleans Pelicans,0022100047,2021-10-25,NOP @ MIN,W
22021,WAS,Washington Wizards,0022100044,2021-10-25,WAS @ BKN,L
22021,MIA,Miami Heat,0022100045,2021-10-25,MIA vs. ORL,W
22021,MIL,Milwaukee Bucks,0022100042,2021-10-25,MIL @ IND,W
22021,LAC,LA Clippers,0022100049,2021-10-25,LAC vs. POR,W
22021,DET,Detroit Pistons,0022100043,2021-10-25,DET @ ATL,L
22021,CHA,Charlotte Hornets,0022100041,2021-10-25,CHA vs. BOS,L
22021,DEN,Denver Nuggets,0022100048,2021-10-25,DEN vs. CLE,L
22021,MIN,Minnesota Timberwolves,0022100047,2021-10-25,MIN vs. NOP,L
22021,TOR,Toronto Raptors,0022100046,2021-10-25,TOR vs. CHI,L
22021,CLE,Cleveland Cavaliers,0022100048,2021-10-25,CLE @ DEN,W
22021,POR,Portland Trail Blazers,0022100049,2021-10-25,POR @ LAC,L
22021,CHI,Chicago Bulls,0022100046,2021-10-25,CHI @ TOR,W
22021,BKN,Brooklyn Nets,0022100044,2021-10-25,BKN vs. WAS,W
22021,ATL,Atlanta Hawks,0022100043,2021-10-25,ATL vs. DET,W
22021,BOS,Boston Celtics,0022100041,2021-10-25,BOS @ CHA,W
22021,SAS,San Antonio Spurs,0022100053,2021-10-26,SAS vs. LAL,L
22021,PHI,Philadelphia 76ers,0022100050,2021-10-26,PHI @ NYK,L
22021,NYK,New York Knicks,0022100050,2021-10-26,NYK vs. PHI,W
22021,LAL,Los Angeles Lakers,0022100053,2021-10-26,LAL @ SAS,W
22021,HOU,Houston Rockets,0022100052,2021-10-26,HOU @ DAL,L
22021,UTA,Utah Jazz,0022100054,2021-10-26,UTA vs. DEN,W
22021,OKC,Oklahoma City Thunder,0022100051,2021-10-26,OKC vs. GSW,L
22021,DAL,Dallas Mavericks,0022100052,2021-10-26,DAL vs. HOU,W
22021,GSW,Golden State Warriors,0022100051,2021-10-26,GSW @ OKC,W
22021,DEN,Denver Nuggets,0022100054,2021-10-26,DEN @ UTA,L
22021,OKC,Oklahoma City Thunder,0022100061,2021-10-27,OKC vs. LAL,W
22021,BKN,Brooklyn Nets,0022100057,2021-10-27,BKN vs. MIA,L
22021,MIN,Minnesota Timberwolves,0022100060,2021-10-27,MIN @ MIL,W
22021,MIL,Milwaukee Bucks,0022100060,2021-10-27,MIL vs. MIN,L
22021,MIA,Miami Heat,0022100057,2021-10-27,MIA @ BKN,W
22021,CHA,Charlotte Hornets,0022100055,2021-10-27,CHA @ ORL,W
22021,TOR,Toronto Raptors,0022100058,2021-10-27,TOR vs. IND,W
22021,SAC,Sacramento Kings,0022100062,2021-10-27,SAC @ PHX,W
22021,MEM,Memphis Grizzlies,0022100063,2021-10-27,MEM @ POR,L
22021,PHX,Phoenix Suns,0022100062,2021-10-27,PHX vs. SAC,L
22021,NOP,New Orleans Pelicans,0022100059,2021-10-27,NOP vs. ATL,L
22021,WAS,Washington Wizards,0022100056,2021-10-27,WAS @ BOS,W
22021,LAC,LA Clippers,0022100064,2021-10-27,LAC vs. CLE,L
22021,ATL,Atlanta Hawks,0022100059,2021-10-27,ATL @ NOP,W
22021,CLE,Cleveland Cavaliers,0022100064,2021-10-27,CLE @ LAC,W
22021,LAL,Los Angeles Lakers,0022100061,2021-10-27,LAL @ OKC,L
22021,IND,Indiana Pacers,0022100058,2021-10-27,IND @ TOR,L
22021,POR,Portland Trail Blazers,0022100063,2021-10-27,POR vs. MEM,W
22021,BOS,Boston Celtics,0022100056,2021-10-27,BOS vs. WAS,L
22021,ORL,Orlando Magic,0022100055,2021-10-27,ORL vs. CHA,L
22021,CHI,Chicago Bulls,0022100067,2021-10-28,CHI vs. NYK,L
22021,DET,Detroit Pistons,0022100065,2021-10-28,DET @ PHI,L
22021,DAL,Dallas Mavericks,0022100069,2021-10-28,DAL vs. SAS,W
22021,WAS,Washington Wizards,0022100066,2021-10-28,WAS vs. ATL,W
22021,NYK,New York Knicks,0022100067,2021-10-28,NYK @ CHI,W
22021,SAS,San Antonio Spurs,0022100069,2021-10-28,SAS @ DAL,L
22021,MEM,Memphis Grizzlies,0022100070,2021-10-28,MEM @ GSW,W
22021,UTA,Utah Jazz,0022100068,2021-10-28,UTA @ HOU,W
22021,HOU,Houston Rockets,0022100068,2021-10-28,HOU vs. UTA,L
22021,GSW,Golden State Warriors,0022100070,2021-10-28,GSW vs. MEM,L
22021,ATL,Atlanta Hawks,0022100066,2021-10-28,ATL @ WAS,L
22021,PHI,Philadelphia 76ers,0022100065,2021-10-28,PHI vs. DET,W
22021,CLE,Cleveland Cavaliers,0022100077,2021-10-29,CLE @ LAL,L
22021,CHA,Charlotte Hornets,0022100073,2021-10-29,CHA @ MIA,L
22021,IND,Indiana Pacers,0022100072,2021-10-29,IND @ BKN,L
22021,TOR,Toronto Raptors,0022100071,2021-10-29,TOR vs. ORL,W
22021,BKN,Brooklyn Nets,0022100072,2021-10-29,BKN vs. IND,W
22021,LAC,LA Clippers,0022100076,2021-10-29,LAC @ POR,L
22021,NOP,New Orleans Pelicans,0022100074,2021-10-29,NOP vs. SAC,L
22021,LAL,Los Angeles Lakers,0022100077,2021-10-29,LAL vs. CLE,W
22021,SAC,Sacramento Kings,0022100074,2021-10-29,SAC @ NOP,W
22021,DEN,Denver Nuggets,0022100075,2021-10-29,DEN vs. DAL,W
22021,DAL,Dallas Mavericks,0022100075,2021-10-29,DAL @ DEN,L
22021,POR,Portland Trail Blazers,0022100076,2021-10-29,POR vs. LAC,W
22021,ORL,Orlando Magic,0022100071,2021-10-29,ORL @ TOR,L
22021,MIA,Miami Heat,0022100073,2021-10-29,MIA vs. CHA,W
22021,MEM,Memphis Grizzlies,0022100084,2021-10-30,MEM vs. MIA,L
22021,SAS,San Antonio Spurs,0022100085,2021-10-30,SAS @ MIL,W
22021,DEN,Denver Nuggets,0022100087,2021-10-30,DEN @ MIN,W
22021,NOP,New Orleans Pelicans,0022100080,2021-10-30,NOP vs. NYK,L
22021,DET,Detroit Pistons,0022100079,2021-10-30,DET vs. ORL,W
22021,TOR,Toronto Raptors,0022100081,2021-10-30,TOR @ IND,W
22021,ATL,Atlanta Hawks,0022100082,2021-10-30,ATL @ PHI,L
22021,CLE,Cleveland Cavaliers,0022100088,2021-10-30,CLE @ PHX,L
22021,MIL,Milwaukee Bucks,0022100085,2021-10-30,MIL vs. SAS,L
22021,PHI,Philadelphia 76ers,0022100082,2021-10-30,PHI vs. ATL,W
22021,WAS,Washington Wizards,0022100078,2021-10-30,WAS vs. BOS,W
22021,PHX,Phoenix Suns,0022100088,2021-10-30,PHX vs. CLE,W
22021,NYK,New York Knicks,0022100080,2021-10-30,NYK @ NOP,W
22021,UTA,Utah Jazz,0022100083,2021-10-30,UTA @ CHI,L
22021,MIN,Minnesota Timberwolves,0022100087,2021-10-30,MIN vs. DEN,L
22021,OKC,Oklahoma City Thunder,0022100086,2021-10-30,OKC @ GSW,L
22021,GSW,Golden State Warriors,0022100086,2021-10-30,GSW vs. OKC,W
22021,IND,Indiana Pacers,0022100081,2021-10-30,IND vs. TOR,L
22021,CHI,Chicago Bulls,0022100083,2021-10-30,CHI vs. UTA,W
22021,MIA,Miami Heat,0022100084,2021-10-30,MIA @ MEM,W
22021,BOS,Boston Celtics,0022100078,2021-10-30,BOS @ WAS,L
22021,ORL,Orlando Magic,0022100079,2021-10-30,ORL @ DET,L
22021,HOU,Houston Rockets,0022100093,2021-10-31,HOU @ LAL,L
22021,UTA,Utah Jazz,0022100091,2021-10-31,UTA @ MIL,W
22021,DET,Detroit Pistons,0022100092,2021-10-31,DET @ BKN,L
22021,CHA,Charlotte Hornets,0022100090,2021-10-31,CHA vs. POR,W
22021,DAL,Dallas Mavericks,0022100089,2021-10-31,DAL vs. SAC,W
22021,SAC,Sacramento Kings,0022100089,2021-10-31,SAC @ DAL,L
22021,LAL,Los Angeles Lakers,0022100093,2021-10-31,LAL vs. HOU,W
22021,MIL,Milwaukee Bucks,0022100091,2021-10-31,MIL vs. UTA,L
22021,BKN,Brooklyn Nets,0022100092,2021-10-31,BKN vs. DET,W
22021,POR,Portland Trail Blazers,0022100090,2021-10-31,POR @ CHA,L
22021,ORL,Orlando Magic,0022100101,2021-11-01,ORL @ MIN,W
22021,TOR,Toronto Raptors,0022100099,2021-11-01,TOR @ NYK,W
22021,MIN,Minnesota Timberwolves,0022100101,2021-11-01,MIN vs. ORL,L
22021,SAS,San Antonio Spurs,0022100095,2021-11-01,SAS @ IND,L
22021,POR,Portland Trail Blazers,0022100096,2021-11-01,POR @ PHI,L
22021,PHI,Philadelphia 76ers,0022100096,2021-11-01,PHI vs. POR,W
22021,IND,Indiana Pacers,0022100095,2021-11-01,IND vs. SAS,W
22021,WAS,Washington Wizards,0022100097,2021-11-01,WAS @ ATL,L
22021,CHI,Chicago Bulls,0022100098,2021-11-01,CHI @ BOS,W
22021,CHA,Charlotte Hornets,0022100094,2021-11-01,CHA vs. CLE,L
22021,BOS,Boston Celtics,0022100098,2021-11-01,BOS vs. CHI,L
22021,MEM,Memphis Grizzlies,0022100100,2021-11-01,MEM vs. DEN,W
22021,OKC,Oklahoma City Thunder,0022100102,2021-11-01,OKC @ LAC,L
22021,LAC,LA Clippers,0022100102,2021-11-01,LAC vs. OKC,W
22021,NYK,New York Knicks,0022100099,2021-11-01,NYK vs. TOR,L
22021,DEN,Denver Nuggets,0022100100,2021-11-01,DEN @ MEM,L
22021,ATL,Atlanta Hawks,0022100097,2021-11-01,ATL vs. WAS,W
22021,CLE,Cleveland Cavaliers,0022100094,2021-11-01,CLE @ CHA,W
22021,HOU,Houston Rockets,0022100107,2021-11-02,HOU @ LAL,L
22021,DAL,Dallas Mavericks,0022100104,2021-11-02,DAL vs. MIA,L
22021,DET,Detroit Pistons,0022100103,2021-11-02,DET vs. MIL,L
22021,NOP,New Orleans Pelicans,0022100106,2021-11-02,NOP @ PHX,L
22021,UTA,Utah Jazz,0022100105,2021-11-02,UTA vs. SAC,W
22021,PHX,Phoenix Suns,0022100106,2021-11-02,PHX vs. NOP,W
22021,MIA,Miami Heat,0022100104,2021-11-02,MIA @ DAL,W
22021,LAL,Los Angeles Lakers,0022100107,2021-11-02,LAL vs. HOU,W
22021,SAC,Sacramento Kings,0022100105,2021-11-02,SAC @ UTA,L
22021,MIL,Milwaukee Bucks,0022100103,2021-11-02,MIL @ DET,W
22021,LAC,LA Clippers,0022100115,2021-11-03,LAC @ MIN,W
22021,ATL,Atlanta Hawks,0022100113,2021-11-03,ATL @ BKN,L
22021,IND,Indiana Pacers,0022100109,2021-11-03,IND vs. NYK,W
22021,BOS,Boston Celtics,0022100110,2021-11-03,BOS @ ORL,W
22021,NYK,New York Knicks,0022100109,2021-11-03,NYK @ IND,L
22021,CHI,Chicago Bulls,0022100111,2021-11-03,CHI @ PHI,L
22021,CLE,Cleveland Cavaliers,0022100108,2021-11-03,CLE vs. POR,W
22021,NOP,New Orleans Pelicans,0022100118,2021-11-03,NOP @ SAC,L
22021,DAL,Dallas Mavericks,0022100116,2021-11-03,DAL @ SAS,W
22021,BKN,Brooklyn Nets,0022100113,2021-11-03,BKN vs. ATL,W
22021,ORL,Orlando Magic,0022100110,2021-11-03,ORL vs. BOS,L
22021,POR,Portland Trail Blazers,0022100108,2021-11-03,POR @ CLE,L
22021,SAC,Sacramento Kings,0022100118,2021-11-03,SAC vs. NOP,W
22021,PHI,Philadelphia 76ers,0022100111,2021-11-03,PHI vs. CHI,W
22021,SAS,San Antonio Spurs,0022100116,2021-11-03,SAS vs. DAL,L
22021,MEM,Memphis Grizzlies,0022100114,2021-11-03,MEM vs. DEN,W
22021,CHA,Charlotte Hornets,0022100117,2021-11-03,CHA @ GSW,L
22021,MIN,Minnesota Timberwolves,0022100115,2021-11-03,MIN vs. LAC,L
22021,WAS,Washington Wizards,0022100112,2021-11-03,WAS vs. TOR,L
22021,DEN,Denver Nuggets,0022100114,2021-11-03,DEN @ MEM,L
22021,TOR,Toronto Raptors,0022100112,2021-11-03,TOR @ WAS,W
22021,GSW,Golden State Warriors,0022100117,2021-11-03,GSW vs. CHA,W
22021,OKC,Oklahoma City Thunder,0022100123,2021-11-04,OKC @ LAL,W
22021,BOS,Boston Celtics,0022100121,2021-11-04,BOS @ MIA,W
22021,DET,Detroit Pistons,0022100119,2021-11-04,DET vs. PHI,L
22021,HOU,Houston Rockets,0022100122,2021-11-04,HOU @ PHX,L
22021,UTA,Utah Jazz,0022100120,2021-11-04,UTA @ ATL,W
22021,MIA,Miami Heat,0022100121,2021-11-04,MIA vs. BOS,L
22021,PHX,Phoenix Suns,0022100122,2021-11-04,PHX vs. HOU,W
22021,LAL,Los Angeles Lakers,0022100123,2021-11-04,LAL vs. OKC,L
22021,ATL,Atlanta Hawks,0022100120,2021-11-04,ATL vs. UTA,L
22021,PHI,Philadelphia 76ers,0022100119,2021-11-04,PHI @ DET,W
22021,NYK,New York Knicks,0022100128,2021-11-05,NYK @ MIL,W
22021,LAC,LA Clippers,0022100129,2021-11-05,LAC @ MIN,W
22021,DET,Detroit Pistons,0022100124,2021-11-05,DET vs. BKN,L
22021,MIL,Milwaukee Bucks,0022100128,2021-11-05,MIL vs. NYK,L
22021,SAS,San Antonio Spurs,0022100125,2021-11-05,SAS @ ORL,W
22021,POR,Portland Trail Blazers,0022100131,2021-11-05,POR vs. IND,W
22021,IND,Indiana Pacers,0022100131,2021-11-05,IND @ POR,L
22021,CHA,Charlotte Hornets,0022100132,2021-11-05,CHA @ SAC,L
22021,ORL,Orlando Magic,0022100125,2021-11-05,ORL vs. SAS,L
22021,TOR,Toronto Raptors,0022100127,2021-11-05,TOR vs. CLE,L
22021,GSW,Golden State Warriors,0022100130,2021-11-05,GSW vs. NOP,W
22021,NOP,New Orleans Pelicans,0022100130,2021-11-05,NOP @ GSW,L
22021,MIN,Minnesota Timberwolves,0022100129,2021-11-05,MIN vs. LAC,L
22021,CLE,Cleveland Cavaliers,0022100127,2021-11-05,CLE @ TOR,W
22021,WAS,Washington Wizards,0022100126,2021-11-05,WAS vs. MEM,W
22021,MEM,Memphis Grizzlies,0022100126,2021-11-05,MEM @ WAS,L
22021,BKN,Brooklyn Nets,0022100124,2021-11-05,BKN @ DET,W
22021,SAC,Sacramento Kings,0022100132,2021-11-05,SAC vs. CHA,W
22021,POR,Portland Trail Blazers,0022100138,2021-11-06,POR vs. LAL,W
22021,UTA,Utah Jazz,0022100134,2021-11-06,UTA @ MIA,L
22021,CHI,Chicago Bulls,0022100135,2021-11-06,CHI vs. PHI,L
22021,ATL,Atlanta Hawks,0022100137,2021-11-06,ATL @ PHX,L
22021,LAL,Los Angeles Lakers,0022100138,2021-11-06,LAL @ POR,L
22021,PHX,Phoenix Suns,0022100137,2021-11-06,PHX vs. ATL,W
22021,DAL,Dallas Mavericks,0022100136,2021-11-06,DAL vs. BOS,W
22021,PHI,Philadelphia 76ers,0022100135,2021-11-06,PHI @ CHI,W
22021,BOS,Boston Celtics,0022100136,2021-11-06,BOS @ DAL,L
22021,HOU,Houston Rockets,0022100133,2021-11-06,HOU @ DEN,L
22021,DEN,Denver Nuggets,0022100133,2021-11-06,DEN vs. HOU,W
22021,MIA,Miami Heat,0022100134,2021-11-06,MIA vs. UTA,W
22021,WAS,Washington Wizards,0022100142,2021-11-07,WAS vs. MIL,W
22021,TOR,Toronto Raptors,0022100139,2021-11-07,TOR vs. BKN,L
22021,CLE,Cleveland Cavaliers,0022100140,2021-11-07,CLE @ NYK,W
22021,UTA,Utah Jazz,0022100141,2021-11-07,UTA @ ORL,L
22021,SAC,Sacramento Kings,0022100143,2021-11-07,SAC vs. IND,L
22021,IND,Indiana Pacers,0022100143,2021-11-07,IND @ SAC,W
22021,OKC,Oklahoma City Thunder,0022100144,2021-11-07,OKC vs. SAS,W
22021,NYK,New York Knicks,0022100140,2021-11-07,NYK vs. CLE,L
22021,HOU,Houston Rockets,0022100145,2021-11-07,HOU @ GSW,L
22021,GSW,Golden State Warriors,0022100145,2021-11-07,GSW vs. HOU,W
22021,CHA,Charlotte Hornets,0022100146,2021-11-07,CHA @ LAC,L
22021,SAS,San Antonio Spurs,0022100144,2021-11-07,SAS @ OKC,L
22021,BKN,Brooklyn Nets,0022100139,2021-11-07,BKN @ TOR,W
22021,ORL,Orlando Magic,0022100141,2021-11-07,ORL vs. UTA,W
22021,MIL,Milwaukee Bucks,0022100142,2021-11-07,MIL @ WAS,L
22021,LAC,LA Clippers,0022100146,2021-11-07,LAC vs. CHA,W
22021,CHA,Charlotte Hornets,0022100154,2021-11-08,CHA @ LAL,L
22021,DEN,Denver Nuggets,0022100151,2021-11-08,DEN vs. MIA,W
22021,MEM,Memphis Grizzlies,0022100149,2021-11-08,MEM vs. MIN,W
22021,CHI,Chicago Bulls,0022100148,2021-11-08,CHI vs. BKN,W
22021,PHI,Philadelphia 76ers,0022100147,2021-11-08,PHI vs. NYK,L
22021,NYK,New York Knicks,0022100147,2021-11-08,NYK @ PHI,W
22021,SAC,Sacramento Kings,0022100153,2021-11-08,SAC vs. PHX,L
22021,PHX,Phoenix Suns,0022100153,2021-11-08,PHX @ SAC,W
22021,GSW,Golden State Warriors,0022100152,2021-11-08,GSW vs. ATL,W
22021,DAL,Dallas Mavericks,0022100150,2021-11-08,DAL vs. NOP,W
22021,BKN,Brooklyn Nets,0022100148,2021-11-08,BKN @ CHI,L
22021,NOP,New Orleans Pelicans,0022100150,2021-11-08,NOP @ DAL,L
22021,MIA,Miami Heat,0022100151,2021-11-08,MIA @ DEN,L
22021,ATL,Atlanta Hawks,0022100152,2021-11-08,ATL @ GSW,L
22021,MIN,Minnesota Timberwolves,0022100149,2021-11-08,MIN @ MEM,L
22021,LAL,Los Angeles Lakers,0022100154,2021-11-08,LAL vs. CHA,W
22021,PHI,Philadelphia 76ers,0022100155,2021-11-09,PHI vs. MIL,L
22021,MIL,Milwaukee Bucks,0022100155,2021-11-09,MIL @ PHI,W
22021,LAC,LA Clippers,0022100157,2021-11-09,LAC vs. POR,W
22021,UTA,Utah Jazz,0022100156,2021-11-09,UTA vs. ATL,W
22021,POR,Portland Trail Blazers,0022100157,2021-11-09,POR @ LAC,L
22021,ATL,Atlanta Hawks,0022100156,2021-11-09,ATL @ UTA,L
22021,MIA,Miami Heat,0022100170,2021-11-10,MIA @ LAL,L
22021,LAL,Los Angeles Lakers,0022100170,2021-11-10,LAL vs. MIA,W
22021,NYK,New York Knicks,0022100161,2021-11-10,NYK vs. MIL,L
22021,GSW,Golden State Warriors,0022100169,2021-11-10,GSW vs. MIN,W
22021,ORL,Orlando Magic,0022100159,2021-11-10,ORL vs. BKN,L
22021,MIL,Milwaukee Bucks,0022100161,2021-11-10,MIL @ NYK,W
22021,BKN,Brooklyn Nets,0022100159,2021-11-10,BKN @ ORL,W
22021,DEN,Denver Nuggets,0022100167,2021-11-10,DEN vs. IND,W
22021,POR,Portland Trail Blazers,0022100168,2021-11-10,POR @ PHX,L
22021,PHX,Phoenix Suns,0022100168,2021-11-10,PHX vs. POR,W
22021,SAS,San Antonio Spurs,0022100166,2021-11-10,SAS vs. SAC,W
22021,SAC,Sacramento Kings,0022100166,2021-11-10,SAC @ SAS,L
22021,TOR,Toronto Raptors,0022100160,2021-11-10,TOR @ BOS,L
22021,WAS,Washington Wizards,0022100158,2021-11-10,WAS @ CLE,W
22021,OKC,Oklahoma City Thunder,0022100165,2021-11-10,OKC @ NOP,W
22021,DAL,Dallas Mavericks,0022100163,2021-11-10,DAL @ CHI,L
22021,CHI,Chicago Bulls,0022100163,2021-11-10,CHI vs. DAL,W
22021,IND,Indiana Pacers,0022100167,2021-11-10,IND @ DEN,L
22021,MIN,Minnesota Timberwolves,0022100169,2021-11-10,MIN @ GSW,L
22021,DET,Detroit Pistons,0022100162,2021-11-10,DET @ HOU,W
22021,NOP,New Orleans Pelicans,0022100165,2021-11-10,NOP vs. OKC,L
22021,BOS,Boston Celtics,0022100160,2021-11-10,BOS vs. TOR,W
22021,CHA,Charlotte Hornets,0022100164,2021-11-10,CHA @ MEM,W
22021,CLE,Cleveland Cavaliers,0022100158,2021-11-10,CLE vs. WAS,L
22021,HOU,Houston Rockets,0022100162,2021-11-10,HOU vs. DET,L
22021,MEM,Memphis Grizzlies,0022100164,2021-11-10,MEM vs. CHA,L
22021,LAC,LA Clippers,0022100173,2021-11-11,LAC vs. MIA,W
22021,UTA,Utah Jazz,0022100172,2021-11-11,UTA vs. IND,L
22021,TOR,Toronto Raptors,0022100171,2021-11-11,TOR @ PHI,W
22021,MIA,Miami Heat,0022100173,2021-11-11,MIA @ LAC,L
22021,PHI,Philadelphia 76ers,0022100171,2021-11-11,PHI vs. TOR,L
22021,IND,Indiana Pacers,0022100172,2021-11-11,IND @ UTA,W
22021,MIN,Minnesota Timberwolves,0022100184,2021-11-12,MIN @ LAL,W
22021,BOS,Boston Celtics,0022100175,2021-11-12,BOS vs. MIL,W
22021,LAL,Los Angeles Lakers,0022100184,2021-11-12,LAL vs. MIN,L
22021,NOP,New Orleans Pelicans,0022100179,2021-11-12,NOP vs. BKN,L
22021,CHA,Charlotte Hornets,0022100174,2021-11-12,CHA vs. NYK,W
22021,MEM,Memphis Grizzlies,0022100178,2021-11-12,MEM vs. PHX,L
22021,HOU,Houston Rockets,0022100177,2021-11-12,HOU vs. POR,L
22021,OKC,Oklahoma City Thunder,0022100180,2021-11-12,OKC vs. SAC,W
22021,DAL,Dallas Mavericks,0022100181,2021-11-12,DAL @ SAS,W
22021,DEN,Denver Nuggets,0022100182,2021-11-12,DEN vs. ATL,W
22021,MIL,Milwaukee Bucks,0022100175,2021-11-12,MIL @ BOS,L
22021,DET,Detroit Pistons,0022100176,2021-11-12,DET @ CLE,L
22021,BKN,Brooklyn Nets,0022100179,2021-11-12,BKN @ NOP,W
22021,GSW,Golden State Warriors,0022100183,2021-11-12,GSW vs. CHI,W
22021,SAS,San Antonio Spurs,0022100181,2021-11-12,SAS vs. DAL,L
22021,ATL,Atlanta Hawks,0022100182,2021-11-12,ATL @ DEN,L
22021,CHI,Chicago Bulls,0022100183,2021-11-12,CHI @ GSW,L
22021,POR,Portland Trail Blazers,0022100177,2021-11-12,POR @ HOU,W
22021,SAC,Sacramento Kings,0022100180,2021-11-12,SAC @ OKC,L
22021,PHX,Phoenix Suns,0022100178,2021-11-12,PHX @ MEM,W
22021,CLE,Cleveland Cavaliers,0022100176,2021-11-12,CLE vs. DET,W
22021,NYK,New York Knicks,0022100174,2021-11-12,NYK @ CHA,L
22021,UTA,Utah Jazz,0022100185,2021-11-13,UTA vs. MIA,L
22021,LAC,LA Clippers,0022100191,2021-11-13,LAC vs. MIN,W
22021,WAS,Washington Wizards,0022100187,2021-11-13,WAS @ ORL,W
22021,PHI,Philadelphia 76ers,0022100186,2021-11-13,PHI @ IND,L
22021,IND,Indiana Pacers,0022100186,2021-11-13,IND vs. PHI,W
22021,CLE,Cleveland Cavaliers,0022100190,2021-11-13,CLE vs. BOS,W
22021,BOS,Boston Celtics,0022100190,2021-11-13,BOS @ CLE,L
22021,MEM,Memphis Grizzlies,0022100188,2021-11-13,MEM @ NOP,L
22021,MIN,Minnesota Timberwolves,0022100191,2021-11-13,MIN @ LAC,L
22021,DET,Detroit Pistons,0022100189,2021-11-13,DET @ TOR,W
22021,MIA,Miami Heat,0022100185,2021-11-13,MIA @ UTA,W
22021,NOP,New Orleans Pelicans,0022100188,2021-11-13,NOP vs. MEM,W
22021,ORL,Orlando Magic,0022100187,2021-11-13,ORL vs. WAS,L
22021,TOR,Toronto Raptors,0022100189,2021-11-13,TOR vs. DET,L
22021,SAS,San Antonio Spurs,0022100192,2021-11-14,SAS @ LAL,L
22021,ATL,Atlanta Hawks,0022100193,2021-11-14,ATL vs. MIL,W
22021,OKC,Oklahoma City Thunder,0022100196,2021-11-14,OKC vs. BKN,L
22021,HOU,Houston Rockets,0022100195,2021-11-14,HOU vs. PHX,L
22021,DEN,Denver Nuggets,0022100197,2021-11-14,DEN vs. POR,W
22021,LAL,Los Angeles Lakers,0022100192,2021-11-14,LAL vs. SAS,W
22021,MIL,Milwaukee Bucks,0022100193,2021-11-14,MIL @ ATL,L
22021,LAC,LA Clippers,0022100198,2021-11-14,LAC vs. CHI,L
22021,POR,Portland Trail Blazers,0022100197,2021-11-14,POR @ DEN,L
22021,CHA,Charlotte Hornets,0022100194,2021-11-14,CHA vs. GSW,W
22021,PHX,Phoenix Suns,0022100195,2021-11-14,PHX @ HOU,W
22021,CHI,Chicago Bulls,0022100198,2021-11-14,CHI @ LAC,W
22021,BKN,Brooklyn Nets,0022100196,2021-11-14,BKN @ OKC,W
22021,GSW,Golden State Warriors,0022100194,2021-11-14,GSW @ CHA,L
22021,CHI,Chicago Bulls,0022100209,2021-11-15,CHI @ LAL,W
22021,OKC,Oklahoma City Thunder,0022100207,2021-11-15,OKC vs. MIA,L
22021,PHX,Phoenix Suns,0022100206,2021-11-15,PHX @ MIN,W
22021,IND,Indiana Pacers,0022100203,2021-11-15,IND @ NYK,L
22021,ATL,Atlanta Hawks,0022100202,2021-11-15,ATL vs. ORL,W
22021,NYK,New York Knicks,0022100203,2021-11-15,NYK vs. IND,W
22021,MIN,Minnesota Timberwolves,0022100206,2021-11-15,MIN vs. PHX,L
22021,TOR,Toronto Raptors,0022100208,2021-11-15,TOR @ POR,L
22021,DET,Detroit Pistons,0022100200,2021-11-15,DET vs. SAC,L
22021,ORL,Orlando Magic,0022100202,2021-11-15,ORL @ ATL,L
22021,CLE,Cleveland Cavaliers,0022100199,2021-11-15,CLE vs. BOS,L
22021,BOS,Boston Celtics,0022100199,2021-11-15,BOS @ CLE,W
22021,WAS,Washington Wizards,0022100201,2021-11-15,WAS vs. NOP,W
22021,LAL,Los Angeles Lakers,0022100209,2021-11-15,LAL vs. CHI,L
22021,DEN,Denver Nuggets,0022100204,2021-11-15,DEN @ DAL,L
22021,DAL,Dallas Mavericks,0022100204,2021-11-15,DAL vs. DEN,W
22021,MEM,Memphis Grizzlies,0022100205,2021-11-15,MEM vs. HOU,W
22021,MIA,Miami Heat,0022100207,2021-11-15,MIA @ OKC,W
22021,POR,Portland Trail Blazers,0022100208,2021-11-15,POR vs. TOR,W
22021,HOU,Houston Rockets,0022100205,2021-11-15,HOU @ MEM,L
22021,NOP,New Orleans Pelicans,0022100201,2021-11-15,NOP @ WAS,L
22021,SAC,Sacramento Kings,0022100200,2021-11-15,SAC @ DET,W
22021,GSW,Golden State Warriors,0022100210,2021-11-16,GSW @ BKN,W
22021,UTA,Utah Jazz,0022100211,2021-11-16,UTA vs. PHI,W
22021,LAC,LA Clippers,0022100212,2021-11-16,LAC vs. SAS,W
22021,BKN,Brooklyn Nets,0022100210,2021-11-16,BKN vs. GSW,L
22021,SAS,San Antonio Spurs,0022100212,2021-11-16,SAS @ LAC,L
22021,PHI,Philadelphia 76ers,0022100211,2021-11-16,PHI @ UTA,L
22021,MIL,Milwaukee Bucks,0022100219,2021-11-17,MIL vs. LAL,W
22021,NOP,New Orleans Pelicans,0022100217,2021-11-17,NOP @ MIA,L
22021,LAL,Los Angeles Lakers,0022100219,2021-11-17,LAL @ MIL,L
22021,SAC,Sacramento Kings,0022100220,2021-11-17,SAC @ MIN,L
22021,CLE,Cleveland Cavaliers,0022100216,2021-11-17,CLE @ BKN,L
22021,ORL,Orlando Magic,0022100218,2021-11-17,ORL @ NYK,W
22021,NYK,New York Knicks,0022100218,2021-11-17,NYK vs. ORL,L
22021,DET,Detroit Pistons,0022100214,2021-11-17,DET vs. IND,W
22021,DAL,Dallas Mavericks,0022100222,2021-11-17,DAL @ PHX,L
22021,CHI,Chicago Bulls,0022100223,2021-11-17,CHI @ POR,L
22021,MIN,Minnesota Timberwolves,0022100220,2021-11-17,MIN vs. SAC,W
22021,BOS,Boston Celtics,0022100215,2021-11-17,BOS @ ATL,L
22021,ATL,Atlanta Hawks,0022100215,2021-11-17,ATL vs. BOS,W
22021,BKN,Brooklyn Nets,0022100216,2021-11-17,BKN vs. CLE,W
22021,MIA,Miami Heat,0022100217,2021-11-17,MIA vs. NOP,W
22021,POR,Portland Trail Blazers,0022100223,2021-11-17,POR vs. CHI,W
22021,PHX,Phoenix Suns,0022100222,2021-11-17,PHX vs. DAL,W
22021,OKC,Oklahoma City Thunder,0022100221,2021-11-17,OKC vs. HOU,W
22021,HOU,Houston Rockets,0022100221,2021-11-17,HOU @ OKC,L
22021,CHA,Charlotte Hornets,0022100213,2021-11-17,CHA vs. WAS,W
22021,IND,Indiana Pacers,0022100214,2021-11-17,IND @ DET,L
22021,WAS,Washington Wizards,0022100213,2021-11-17,WAS @ CHA,L
22021,WAS,Washington Wizards,0022100225,2021-11-18,WAS @ MIA,L
22021,SAS,San Antonio Spurs,0022100227,2021-11-18,SAS @ MIN,L
22021,DEN,Denver Nuggets,0022100228,2021-11-18,DEN vs. PHI,L
22021,MIN,Minnesota Timberwolves,0022100227,2021-11-18,MIN vs. SAS,W
22021,GSW,Golden State Warriors,0022100224,2021-11-18,GSW @ CLE,W
22021,PHI,Philadelphia 76ers,0022100228,2021-11-18,PHI @ DEN,W
22021,CLE,Cleveland Cavaliers,0022100224,2021-11-18,CLE vs. GSW,L
22021,MEM,Memphis Grizzlies,0022100226,2021-11-18,MEM vs. LAC,W
22021,UTA,Utah Jazz,0022100229,2021-11-18,UTA vs. TOR,W
22021,TOR,Toronto Raptors,0022100229,2021-11-18,TOR @ UTA,L
22021,LAC,LA Clippers,0022100226,2021-11-18,LAC @ MEM,L
22021,MIA,Miami Heat,0022100225,2021-11-18,MIA vs. WAS,W
22021,BOS,Boston Celtics,0022100232,2021-11-19,BOS vs. LAL,W
22021,OKC,Oklahoma City Thunder,0022100234,2021-11-19,OKC @ MIL,L
22021,ORL,Orlando Magic,0022100233,2021-11-19,ORL @ BKN,L
22021,BKN,Brooklyn Nets,0022100233,2021-11-19,BKN vs. ORL,W
22021,CHA,Charlotte Hornets,0022100230,2021-11-19,CHA vs. IND,W
22021,DAL,Dallas Mavericks,0022100237,2021-11-19,DAL @ PHX,L
22021,TOR,Toronto Raptors,0022100238,2021-11-19,TOR @ SAC,W
22021,LAL,Los Angeles Lakers,0022100232,2021-11-19,LAL @ BOS,L
22021,LAC,LA Clippers,0022100235,2021-11-19,LAC @ NOP,L
22021,DEN,Denver Nuggets,0022100236,2021-11-19,DEN vs. CHI,L
22021,PHX,Phoenix Suns,0022100237,2021-11-19,PHX vs. DAL,W
22021,CHI,Chicago Bulls,0022100236,2021-11-19,CHI @ DEN,W
22021,DET,Detroit Pistons,0022100231,2021-11-19,DET vs. GSW,L
22021,NOP,New Orleans Pelicans,0022100235,2021-11-19,NOP vs. LAC,W
22021,MIL,Milwaukee Bucks,0022100234,2021-11-19,MIL vs. OKC,W
22021,SAC,Sacramento Kings,0022100238,2021-11-19,SAC vs. TOR,L
22021,GSW,Golden State Warriors,0022100231,2021-11-19,GSW @ DET,W
22021,IND,Indiana Pacers,0022100230,2021-11-19,IND @ CHA,L
22021,WAS,Washington Wizards,0022100241,2021-11-20,WAS vs. MIA,W
22021,ORL,Orlando Magic,0022100244,2021-11-20,ORL @ MIL,L
22021,MEM,Memphis Grizzlies,0022100245,2021-11-20,MEM @ MIN,L
22021,HOU,Houston Rockets,0022100239,2021-11-20,HOU @ NYK,L
22021,MIL,Milwaukee Bucks,0022100244,2021-11-20,MIL vs. ORL,W
22021,NOP,New Orleans Pelicans,0022100240,2021-11-20,NOP @ IND,L
22021,POR,Portland Trail Blazers,0022100246,2021-11-20,POR vs. PHI,W
22021,PHI,Philadelphia 76ers,0022100246,2021-11-20,PHI @ POR,L
22021,UTA,Utah Jazz,0022100247,2021-11-20,UTA @ SAC,W
22021,CHA,Charlotte Hornets,0022100242,2021-11-20,CHA @ ATL,L
22021,OKC,Oklahoma City Thunder,0022100243,2021-11-20,OKC @ BOS,L
22021,IND,Indiana Pacers,0022100240,2021-11-20,IND vs. NOP,W
22021,NYK,New York Knicks,0022100239,2021-11-20,NYK vs. HOU,W
22021,BOS,Boston Celtics,0022100243,2021-11-20,BOS vs. OKC,W
22021,SAC,Sacramento Kings,0022100247,2021-11-20,SAC vs. UTA,L
22021,MIN,Minnesota Timberwolves,0022100245,2021-11-20,MIN vs. MEM,W
22021,MIA,Miami Heat,0022100241,2021-11-20,MIA @ WAS,L
22021,ATL,Atlanta Hawks,0022100242,2021-11-20,ATL vs. CHA,W
22021,DET,Detroit Pistons,0022100249,2021-11-21,DET vs. LAL,L
22021,CHI,Chicago Bulls,0022100250,2021-11-21,CHI vs. NYK,W
22021,DEN,Denver Nuggets,0022100251,2021-11-21,DEN @ PHX,L
22021,NYK,New York Knicks,0022100250,2021-11-21,NYK @ CHI,L
22021,LAC,LA Clippers,0022100248,2021-11-21,LAC vs. DAL,W
22021,PHX,Phoenix Suns,0022100251,2021-11-21,PHX vs. DEN,W
22021,TOR,Toronto Raptors,0022100252,2021-11-21,TOR @ GSW,L
22021,DAL,Dallas Mavericks,0022100248,2021-11-21,DAL @ LAC,L
22021,GSW,Golden State Warriors,0022100252,2021-11-21,GSW vs. TOR,W
22021,LAL,Los Angeles Lakers,0022100249,2021-11-21,LAL @ DET,W
22021,ORL,Orlando Magic,0022100258,2021-11-22,ORL @ MIL,L
22021,NOP,New Orleans Pelicans,0022100259,2021-11-22,NOP vs. MIN,L
22021,CLE,Cleveland Cavaliers,0022100253,2021-11-22,CLE vs. BKN,L
22021,MIL,Milwaukee Bucks,0022100258,2021-11-22,MIL vs. ORL,W
22021,CHI,Chicago Bulls,0022100257,2021-11-22,CHI vs. IND,L
22021,SAC,Sacramento Kings,0022100262,2021-11-22,SAC vs. PHI,L
22021,SAS,San Antonio Spurs,0022100260,2021-11-22,SAS vs. PHX,L
22021,PHI,Philadelphia 76ers,0022100262,2021-11-22,PHI @ SAC,W
22021,PHX,Phoenix Suns,0022100260,2021-11-22,PHX @ SAS,W
22021,OKC,Oklahoma City Thunder,0022100255,2021-11-22,OKC @ ATL,L
22021,HOU,Houston Rockets,0022100256,2021-11-22,HOU @ BOS,L
22021,BKN,Brooklyn Nets,0022100253,2021-11-22,BKN @ CLE,W
22021,MIN,Minnesota Timberwolves,0022100259,2021-11-22,MIN @ NOP,W
22021,IND,Indiana Pacers,0022100257,2021-11-22,IND @ CHI,W
22021,BOS,Boston Celtics,0022100256,2021-11-22,BOS vs. HOU,W
22021,ATL,Atlanta Hawks,0022100255,2021-11-22,ATL vs. OKC,W
22021,MEM,Memphis Grizzlies,0022100261,2021-11-22,MEM @ UTA,W
22021,UTA,Utah Jazz,0022100261,2021-11-22,UTA vs. MEM,L
22021,CHA,Charlotte Hornets,0022100254,2021-11-22,CHA @ WAS,W
22021,WAS,Washington Wizards,0022100254,2021-11-22,WAS vs. CHA,L
22021,NYK,New York Knicks,0022100264,2021-11-23,NYK vs. LAL,W
22021,DET,Detroit Pistons,0022100263,2021-11-23,DET vs. MIA,L
22021,LAL,Los Angeles Lakers,0022100264,2021-11-23,LAL @ NYK,L
22021,DEN,Denver Nuggets,0022100265,2021-11-23,DEN @ POR,L
22021,LAC,LA Clippers,0022100266,2021-11-23,LAC vs. DAL,L
22021,POR,Portland Trail Blazers,0022100265,2021-11-23,POR vs. DEN,W
22021,DAL,Dallas Mavericks,0022100266,2021-11-23,DAL @ LAC,W
22021,MIA,Miami Heat,0022100263,2021-11-23,MIA @ DET,W
22021,IND,Indiana Pacers,0022100268,2021-11-24,IND vs. LAL,L
22021,MIN,Minnesota Timberwolves,0022100274,2021-11-24,MIN vs. MIA,W
22021,DET,Detroit Pistons,0022100273,2021-11-24,DET @ MIL,L
22021,MIA,Miami Heat,0022100274,2021-11-24,MIA @ MIN,L
22021,BOS,Boston Celtics,0022100270,2021-11-24,BOS vs. BKN,L
22021,CHA,Charlotte Hornets,0022100269,2021-11-24,CHA @ ORL,W
22021,LAL,Los Angeles Lakers,0022100268,2021-11-24,LAL @ IND,W
22021,GSW,Golden State Warriors,0022100278,2021-11-24,GSW vs. PHI,W
22021,CLE,Cleveland Cavaliers,0022100267,2021-11-24,CLE vs. PHX,L
22021,SAC,Sacramento Kings,0022100279,2021-11-24,SAC vs. POR,W
22021,POR,Portland Trail Blazers,0022100279,2021-11-24,POR @ SAC,L
22021,ATL,Atlanta Hawks,0022100277,2021-11-24,ATL @ SAS,W
22021,SAS,San Antonio Spurs,0022100277,2021-11-24,SAS vs. ATL,L
22021,BKN,Brooklyn Nets,0022100270,2021-11-24,BKN @ BOS,W
22021,PHX,Phoenix Suns,0022100267,2021-11-24,PHX @ CLE,W
22021,WAS,Washington Wizards,0022100275,2021-11-24,WAS @ NOP,L
22021,HOU,Houston Rockets,0022100271,2021-11-24,HOU vs. CHI,W
22021,PHI,Philadelphia 76ers,0022100278,2021-11-24,PHI @ GSW,L
22021,CHI,Chicago Bulls,0022100271,2021-11-24,CHI @ HOU,L
22021,UTA,Utah Jazz,0022100276,2021-11-24,UTA @ OKC,W
22021,MEM,Memphis Grizzlies,0022100272,2021-11-24,MEM vs. TOR,L
22021,OKC,Oklahoma City Thunder,0022100276,2021-11-24,OKC vs. UTA,L
22021,TOR,Toronto Raptors,0022100272,2021-11-24,TOR @ MEM,W
22021,NOP,New Orleans Pelicans,0022100275,2021-11-24,NOP vs. WAS,W
22021,MIL,Milwaukee Bucks,0022100273,2021-11-24,MIL vs. DET,W
22021,ORL,Orlando Magic,0022100269,2021-11-24,ORL vs. CHA,L
22021,SAC,Sacramento Kings,0022100291,2021-11-26,SAC @ LAL,W
22021,DEN,Denver Nuggets,0022100288,2021-11-26,DEN vs. MIL,L
22021,CHA,Charlotte Hornets,0022100281,2021-11-26,CHA vs. MIN,W
22021,PHX,Phoenix Suns,0022100282,2021-11-26,PHX @ NYK,W
22021,CHI,Chicago Bulls,0022100283,2021-11-26,CHI @ ORL,W
22021,TOR,Toronto Raptors,0022100284,2021-11-26,TOR @ IND,L
22021,NYK,New York Knicks,0022100282,2021-11-26,NYK vs. PHX,L
22021,GSW,Golden State Warriors,0022100290,2021-11-26,GSW vs. POR,W
22021,LAL,Los Angeles Lakers,0022100291,2021-11-26,LAL vs. SAC,L
22021,BOS,Boston Celtics,0022100287,2021-11-26,BOS @ SAS,L
22021,MEM,Memphis Grizzlies,0022100285,2021-11-26,MEM vs. ATL,L
22021,SAS,San Antonio Spurs,0022100287,2021-11-26,SAS vs. BOS,W
22021,UTA,Utah Jazz,0022100289,2021-11-26,UTA vs. NOP,L
22021,ORL,Orlando Magic,0022100283,2021-11-26,ORL vs. CHI,L
22021,MIL,Milwaukee Bucks,0022100288,2021-11-26,MIL @ DEN,W
22021,POR,Portland Trail Blazers,0022100290,2021-11-26,POR @ GSW,L
22021,DET,Detroit Pistons,0022100280,2021-11-26,DET @ LAC,L
22021,WAS,Washington Wizards,0022100286,2021-11-26,WAS @ OKC,W
22021,IND,Indiana Pacers,0022100284,2021-11-26,IND vs. TOR,W
22021,NOP,New Orleans Pelicans,0022100289,2021-11-26,NOP @ UTA,W
22021,ATL,Atlanta Hawks,0022100285,2021-11-26,ATL @ MEM,W
22021,OKC,Oklahoma City Thunder,0022100286,2021-11-26,OKC vs. WAS,L
22021,LAC,LA Clippers,0022100280,2021-11-26,LAC vs. DET,W
22021,MIN,Minnesota Timberwolves,0022100281,2021-11-26,MIN @ CHA,L
22021,CHI,Chicago Bulls,0022100296,2021-11-27,CHI vs. MIA,L
22021,PHI,Philadelphia 76ers,0022100292,2021-11-27,PHI vs. MIN,L
22021,PHX,Phoenix Suns,0022100294,2021-11-27,PHX @ BKN,W
22021,ATL,Atlanta Hawks,0022100293,2021-11-27,ATL vs. NYK,L
22021,CLE,Cleveland Cavaliers,0022100295,2021-11-27,CLE vs. ORL,W
22021,MIN,Minnesota Timberwolves,0022100292,2021-11-27,MIN @ PHI,W
22021,BKN,Brooklyn Nets,0022100294,2021-11-27,BKN vs. PHX,L
22021,NYK,New York Knicks,0022100293,2021-11-27,NYK @ ATL,W
22021,ORL,Orlando Magic,0022100295,2021-11-27,ORL @ CLE,L
22021,UTA,Utah Jazz,0022100299,2021-11-27,UTA vs. NOP,W
22021,MIA,Miami Heat,0022100296,2021-11-27,MIA @ CHI,W
22021,WAS,Washington Wizards,0022100298,2021-11-27,WAS @ DAL,W
22021,CHA,Charlotte Hornets,0022100297,2021-11-27,CHA @ HOU,L
22021,NOP,New Orleans Pelicans,0022100299,2021-11-27,NOP @ UTA,L
22021,DAL,Dallas Mavericks,0022100298,2021-11-27,DAL vs. WAS,L
22021,HOU,Houston Rockets,0022100297,2021-11-27,HOU vs. CHA,W
22021,DET,Detroit Pistons,0022100304,2021-11-28,DET @ LAL,L
22021,IND,Indiana Pacers,0022100301,2021-11-28,IND vs. MIL,L
22021,MIL,Milwaukee Bucks,0022100301,2021-11-28,MIL @ IND,W
22021,MEM,Memphis Grizzlies,0022100303,2021-11-28,MEM vs. SAC,W
22021,TOR,Toronto Raptors,0022100302,2021-11-28,TOR vs. BOS,L
22021,LAC,LA Clippers,0022100300,2021-11-28,LAC vs. GSW,L
22021,GSW,Golden State Warriors,0022100300,2021-11-28,GSW @ LAC,W
22021,BOS,Boston Celtics,0022100302,2021-11-28,BOS @ TOR,W
22021,SAC,Sacramento Kings,0022100303,2021-11-28,SAC @ MEM,L
22021,LAL,Los Angeles Lakers,0022100304,2021-11-28,LAL vs. DET,W
22021,DEN,Denver Nuggets,0022100306,2021-11-29,DEN @ MIA,W
22021,IND,Indiana Pacers,0022100309,2021-11-29,IND @ MIN,L
22021,PHI,Philadelphia 76ers,0022100305,2021-11-29,PHI vs. ORL,W
22021,MIN,Minnesota Timberwolves,0022100309,2021-11-29,MIN vs. IND,W
22021,ORL,Orlando Magic,0022100305,2021-11-29,ORL @ PHI,L
22021,UTA,Utah Jazz,0022100312,2021-11-29,UTA vs. POR,W
22021,WAS,Washington Wizards,0022100311,2021-11-29,WAS @ SAS,L
22021,DAL,Dallas Mavericks,0022100310,2021-11-29,DAL vs. CLE,L
22021,LAC,LA Clippers,0022100313,2021-11-29,LAC vs. NOP,L
22021,CHA,Charlotte Hornets,0022100307,2021-11-29,CHA @ CHI,L
22021,CLE,Cleveland Cavaliers,0022100310,2021-11-29,CLE @ DAL,W
22021,MIA,Miami Heat,0022100306,2021-11-29,MIA vs. DEN,L
22021,OKC,Oklahoma City Thunder,0022100308,2021-11-29,OKC @ HOU,L
22021,NOP,New Orleans Pelicans,0022100313,2021-11-29,NOP @ LAC,W
22021,HOU,Houston Rockets,0022100308,2021-11-29,HOU vs. OKC,W
22021,POR,Portland Trail Blazers,0022100312,2021-11-29,POR @ UTA,L
22021,SAS,San Antonio Spurs,0022100311,2021-11-29,SAS vs. WAS,W
22021,CHI,Chicago Bulls,0022100307,2021-11-29,CHI vs. CHA,W
22021,SAC,Sacramento Kings,0022100318,2021-11-30,SAC vs. LAL,L
22021,NYK,New York Knicks,0022100314,2021-11-30,NYK @ BKN,L
22021,BKN,Brooklyn Nets,0022100314,2021-11-30,BKN vs. NYK,W
22021,GSW,Golden State Warriors,0022100316,2021-11-30,GSW @ PHX,L
22021,DET,Detroit Pistons,0022100317,2021-11-30,DET @ POR,L
22021,LAL,Los Angeles Lakers,0022100318,2021-11-30,LAL @ SAC,W
22021,PHX,Phoenix Suns,0022100316,2021-11-30,PHX vs. GSW,W
22021,MEM,Memphis Grizzlies,0022100315,2021-11-30,MEM @ TOR,W
22021,TOR,Toronto Raptors,0022100315,2021-11-30,TOR vs. MEM,L
22021,POR,Portland Trail Blazers,0022100317,2021-11-30,POR vs. DET,W
22021,CLE,Cleveland Cavaliers,0022100323,2021-12-01,CLE @ MIA,W
22021,CHA,Charlotte Hornets,0022100324,2021-12-01,CHA @ MIL,L
22021,WAS,Washington Wizards,0022100321,2021-12-01,WAS vs. MIN,W
22021,DEN,Denver Nuggets,0022100320,2021-12-01,DEN @ ORL,L
22021,ATL,Atlanta Hawks,0022100319,2021-12-01,ATL @ IND,W
22021,BOS,Boston Celtics,0022100322,2021-12-01,BOS vs. PHI,W
22021,LAC,LA Clippers,0022100327,2021-12-01,LAC vs. SAC,L
22021,IND,Indiana Pacers,0022100319,2021-12-01,IND vs. ATL,L
22021,PHI,Philadelphia 76ers,0022100322,2021-12-01,PHI @ BOS,L
22021,MIA,Miami Heat,0022100323,2021-12-01,MIA vs. CLE,L
22021,DAL,Dallas Mavericks,0022100325,2021-12-01,DAL @ NOP,W
22021,NOP,New Orleans Pelicans,0022100325,2021-12-01,NOP vs. DAL,L
22021,ORL,Orlando Magic,0022100320,2021-12-01,ORL vs. DEN,W
22021,OKC,Oklahoma City Thunder,0022100326,2021-12-01,OKC vs. HOU,L
22021,SAC,Sacramento Kings,0022100327,2021-12-01,SAC @ LAC,W
22021,HOU,Houston Rockets,0022100326,2021-12-01,HOU @ OKC,W
22021,MIN,Minnesota Timberwolves,0022100321,2021-12-01,MIN @ WAS,L
22021,MIL,Milwaukee Bucks,0022100324,2021-12-01,MIL vs. CHA,W
22021,TOR,Toronto Raptors,0022100329,2021-12-02,TOR vs. MIL,W
22021,CHI,Chicago Bulls,0022100328,2021-12-02,CHI @ NYK,W
22021,DET,Detroit Pistons,0022100331,2021-12-02,DET @ PHX,L
22021,SAS,San Antonio Spurs,0022100332,2021-12-02,SAS @ POR,W
22021,POR,Portland Trail Blazers,0022100332,2021-12-02,POR vs. SAS,L
22021,NYK,New York Knicks,0022100328,2021-12-02,NYK vs. CHI,L
22021,MEM,Memphis Grizzlies,0022100330,2021-12-02,MEM vs. OKC,W
22021,MIL,Milwaukee Bucks,0022100329,2021-12-02,MIL @ TOR,L
22021,OKC,Oklahoma City Thunder,0022100330,2021-12-02,OKC @ MEM,L
22021,PHX,Phoenix Suns,0022100331,2021-12-02,PHX vs. DET,W
22021,LAC,LA Clippers,0022100341,2021-12-03,LAC @ LAL,W
22021,IND,Indiana Pacers,0022100333,2021-12-03,IND vs. MIA,L
22021,BKN,Brooklyn Nets,0022100336,2021-12-03,BKN vs. MIN,W
22021,MIN,Minnesota Timberwolves,0022100336,2021-12-03,MIN @ BKN,L
22021,HOU,Houston Rockets,0022100337,2021-12-03,HOU vs. ORL,W
22021,MIA,Miami Heat,0022100333,2021-12-03,MIA @ IND,W
22021,ATL,Atlanta Hawks,0022100335,2021-12-03,ATL vs. PHI,L
22021,GSW,Golden State Warriors,0022100340,2021-12-03,GSW vs. PHX,W
22021,PHI,Philadelphia 76ers,0022100335,2021-12-03,PHI @ ATL,W
22021,UTA,Utah Jazz,0022100339,2021-12-03,UTA vs. BOS,W
22021,WAS,Washington Wizards,0022100334,2021-12-03,WAS vs. CLE,L
22021,DAL,Dallas Mavericks,0022100338,2021-12-03,DAL vs. NOP,L
22021,NOP,New Orleans Pelicans,0022100338,2021-12-03,NOP @ DAL,W
22021,PHX,Phoenix Suns,0022100340,2021-12-03,PHX @ GSW,L
22021,ORL,Orlando Magic,0022100337,2021-12-03,ORL @ HOU,L
22021,LAL,Los Angeles Lakers,0022100341,2021-12-03,LAL vs. LAC,L
22021,BOS,Boston Celtics,0022100339,2021-12-03,BOS @ UTA,L
22021,CLE,Cleveland Cavaliers,0022100334,2021-12-03,CLE @ WAS,W
22021,MIL,Milwaukee Bucks,0022100344,2021-12-04,MIL vs. MIA,W
22021,MIA,Miami Heat,0022100344,2021-12-04,MIA @ MIL,L
22021,CHI,Chicago Bulls,0022100343,2021-12-04,CHI @ BKN,W
22021,DEN,Denver Nuggets,0022100342,2021-12-04,DEN @ NYK,W
22021,BOS,Boston Celtics,0022100347,2021-12-04,BOS @ POR,W
22021,LAC,LA Clippers,0022100348,2021-12-04,LAC @ SAC,L
22021,GSW,Golden State Warriors,0022100346,2021-12-04,GSW vs. SAS,L
22021,POR,Portland Trail Blazers,0022100347,2021-12-04,POR vs. BOS,L
22021,BKN,Brooklyn Nets,0022100343,2021-12-04,BKN vs. CHI,L
22021,MEM,Memphis Grizzlies,0022100345,2021-12-04,MEM @ DAL,W
22021,NYK,New York Knicks,0022100342,2021-12-04,NYK vs. DEN,L
22021,SAS,San Antonio Spurs,0022100346,2021-12-04,SAS @ GSW,W
22021,SAC,Sacramento Kings,0022100348,2021-12-04,SAC vs. LAC,W
22021,DAL,Dallas Mavericks,0022100345,2021-12-04,DAL vs. MEM,L
22021,CHA,Charlotte Hornets,0022100350,2021-12-05,CHA @ ATL,W
22021,UTA,Utah Jazz,0022100349,2021-12-05,UTA @ CLE,W
22021,HOU,Houston Rockets,0022100352,2021-12-05,HOU vs. NOP,W
22021,NOP,New Orleans Pelicans,0022100352,2021-12-05,NOP @ HOU,L
22021,WAS,Washington Wizards,0022100351,2021-12-05,WAS @ TOR,L
22021,CLE,Cleveland Cavaliers,0022100349,2021-12-05,CLE vs. UTA,L
22021,TOR,Toronto Raptors,0022100351,2021-12-05,TOR vs. WAS,W
22021,ATL,Atlanta Hawks,0022100350,2021-12-05,ATL vs. CHA,L
22021,MEM,Memphis Grizzlies,0022100356,2021-12-06,MEM @ MIA,W
22021,CLE,Cleveland Cavaliers,0022100358,2021-12-06,CLE @ MIL,L
22021,ATL,Atlanta Hawks,0022100359,2021-12-06,ATL @ MIN,W
22021,GSW,Golden State Warriors,0022100361,2021-12-06,GSW vs. ORL,W
22021,WAS,Washington Wizards,0022100355,2021-12-06,WAS @ IND,L
22021,CHA,Charlotte Hornets,0022100353,2021-12-06,CHA vs. PHI,L
22021,SAS,San Antonio Spurs,0022100360,2021-12-06,SAS @ PHX,L
22021,LAC,LA Clippers,0022100362,2021-12-06,LAC @ POR,W
22021,PHX,Phoenix Suns,0022100360,2021-12-06,PHX vs. SAS,W
22021,MIN,Minnesota Timberwolves,0022100359,2021-12-06,MIN vs. ATL,L
22021,MIL,Milwaukee Bucks,0022100358,2021-12-06,MIL vs. CLE,W
22021,DEN,Denver Nuggets,0022100357,2021-12-06,DEN @ CHI,L
22021,CHI,Chicago Bulls,0022100357,2021-12-06,CHI vs. DEN,W
22021,ORL,Orlando Magic,0022100361,2021-12-06,ORL @ GSW,L
22021,POR,Portland Trail Blazers,0022100362,2021-12-06,POR vs. LAC,L
22021,DET,Detroit Pistons,0022100354,2021-12-06,DET vs. OKC,L
22021,MIA,Miami Heat,0022100356,2021-12-06,MIA vs. MEM,L
22021,IND,Indiana Pacers,0022100355,2021-12-06,IND vs. WAS,W
22021,OKC,Oklahoma City Thunder,0022100354,2021-12-06,OKC @ DET,W
22021,PHI,Philadelphia 76ers,0022100353,2021-12-06,PHI @ CHA,W
22021,BOS,Boston Celtics,0022100365,2021-12-07,BOS @ LAL,L
22021,DAL,Dallas Mavericks,0022100363,2021-12-07,DAL vs. BKN,L
22021,SAS,San Antonio Spurs,0022100364,2021-12-07,SAS vs. NYK,L
22021,NYK,New York Knicks,0022100364,2021-12-07,NYK @ SAS,W
22021,LAL,Los Angeles Lakers,0022100365,2021-12-07,LAL vs. BOS,W
22021,BKN,Brooklyn Nets,0022100363,2021-12-07,BKN @ DAL,W
22021,MIL,Milwaukee Bucks,0022100370,2021-12-08,MIL @ MIA,L
22021,MIA,Miami Heat,0022100370,2021-12-08,MIA vs. MIL,W
22021,UTA,Utah Jazz,0022100374,2021-12-08,UTA @ MIN,W
22021,HOU,Houston Rockets,0022100372,2021-12-08,HOU vs. BKN,W
22021,IND,Indiana Pacers,0022100369,2021-12-08,IND vs. NYK,W
22021,SAC,Sacramento Kings,0022100377,2021-12-08,SAC vs. ORL,W
22021,NYK,New York Knicks,0022100369,2021-12-08,NYK @ IND,L
22021,CHA,Charlotte Hornets,0022100366,2021-12-08,CHA vs. PHI,L
22021,GSW,Golden State Warriors,0022100376,2021-12-08,GSW vs. POR,W
22021,ORL,Orlando Magic,0022100377,2021-12-08,ORL @ SAC,L
22021,LAC,LA Clippers,0022100378,2021-12-08,LAC vs. BOS,W
22021,CHI,Chicago Bulls,0022100367,2021-12-08,CHI @ CLE,L
22021,DEN,Denver Nuggets,0022100375,2021-12-08,DEN @ NOP,W
22021,CLE,Cleveland Cavaliers,0022100367,2021-12-08,CLE vs. CHI,W
22021,MEM,Memphis Grizzlies,0022100373,2021-12-08,MEM vs. DAL,L
22021,NOP,New Orleans Pelicans,0022100375,2021-12-08,NOP vs. DEN,L
22021,POR,Portland Trail Blazers,0022100376,2021-12-08,POR @ GSW,L
22021,BKN,Brooklyn Nets,0022100372,2021-12-08,BKN @ HOU,L
22021,BOS,Boston Celtics,0022100378,2021-12-08,BOS @ LAC,L
22021,TOR,Toronto Raptors,0022100371,2021-12-08,TOR vs. OKC,L
22021,OKC,Oklahoma City Thunder,0022100371,2021-12-08,OKC @ TOR,W
22021,MIN,Minnesota Timberwolves,0022100374,2021-12-08,MIN vs. UTA,L
22021,DAL,Dallas Mavericks,0022100373,2021-12-08,DAL @ MEM,W
22021,DET,Detroit Pistons,0022100368,2021-12-08,DET vs. WAS,L
22021,WAS,Washington Wizards,0022100368,2021-12-08,WAS @ DET,W
22021,PHI,Philadelphia 76ers,0022100366,2021-12-08,PHI @ CHA,W
22021,MEM,Memphis Grizzlies,0022100380,2021-12-09,MEM vs. LAL,W
22021,UTA,Utah Jazz,0022100379,2021-12-09,UTA @ PHI,W
22021,DEN,Denver Nuggets,0022100381,2021-12-09,DEN @ SAS,L
22021,SAS,San Antonio Spurs,0022100381,2021-12-09,SAS vs. DEN,W
22021,PHI,Philadelphia 76ers,0022100379,2021-12-09,PHI vs. UTA,L
22021,LAL,Los Angeles Lakers,0022100380,2021-12-09,LAL @ MEM,L
22021,OKC,Oklahoma City Thunder,0022100389,2021-12-10,OKC vs. LAL,L
22021,HOU,Houston Rockets,0022100386,2021-12-10,HOU vs. MIL,L
22021,CLE,Cleveland Cavaliers,0022100387,2021-12-10,CLE @ MIN,W
22021,ATL,Atlanta Hawks,0022100384,2021-12-10,ATL vs. BKN,L
22021,TOR,Toronto Raptors,0022100385,2021-12-10,TOR vs. NYK,W
22021,DAL,Dallas Mavericks,0022100383,2021-12-10,DAL @ IND,L
22021,BOS,Boston Celtics,0022100390,2021-12-10,BOS @ PHX,L
22021,CHA,Charlotte Hornets,0022100382,2021-12-10,CHA vs. SAC,W
22021,BKN,Brooklyn Nets,0022100384,2021-12-10,BKN @ ATL,W
22021,PHX,Phoenix Suns,0022100390,2021-12-10,PHX vs. BOS,W
22021,MIN,Minnesota Timberwolves,0022100387,2021-12-10,MIN vs. CLE,L
22021,DET,Detroit Pistons,0022100388,2021-12-10,DET @ NOP,L
22021,IND,Indiana Pacers,0022100383,2021-12-10,IND vs. DAL,W
22021,MIL,Milwaukee Bucks,0022100386,2021-12-10,MIL @ HOU,W
22021,LAL,Los Angeles Lakers,0022100389,2021-12-10,LAL @ OKC,W
22021,NYK,New York Knicks,0022100385,2021-12-10,NYK @ TOR,L
22021,NOP,New Orleans Pelicans,0022100388,2021-12-10,NOP vs. DET,W
22021,SAC,Sacramento Kings,0022100382,2021-12-10,SAC @ CHA,L
22021,CHI,Chicago Bulls,0022100394,2021-12-11,CHI @ MIA,L
22021,LAC,LA Clippers,0022100391,2021-12-11,LAC vs. ORL,W
22021,GSW,Golden State Warriors,0022100396,2021-12-11,GSW @ PHI,L
22021,CLE,Cleveland Cavaliers,0022100393,2021-12-11,CLE vs. SAC,W
22021,DEN,Denver Nuggets,0022100397,2021-12-11,DEN @ SAS,W
22021,SAC,Sacramento Kings,0022100393,2021-12-11,SAC @ CLE,L
22021,MIA,Miami Heat,0022100394,2021-12-11,MIA vs. CHI,W
22021,SAS,San Antonio Spurs,0022100397,2021-12-11,SAS vs. DEN,L
22021,PHI,Philadelphia 76ers,0022100396,2021-12-11,PHI vs. GSW,W
22021,MEM,Memphis Grizzlies,0022100395,2021-12-11,MEM vs. HOU,W
22021,ORL,Orlando Magic,0022100391,2021-12-11,ORL @ LAC,L
22021,WAS,Washington Wizards,0022100392,2021-12-11,WAS vs. UTA,L
22021,HOU,Houston Rockets,0022100395,2021-12-11,HOU @ MEM,L
22021,UTA,Utah Jazz,0022100392,2021-12-11,UTA @ WAS,W
22021,ORL,Orlando Magic,0022100403,2021-12-12,ORL @ LAL,L
22021,NYK,New York Knicks,0022100398,2021-12-12,NYK vs. MIL,L
22021,POR,Portland Trail Blazers,0022100402,2021-12-12,POR vs. MIN,L
22021,DET,Detroit Pistons,0022100399,2021-12-12,DET vs. BKN,L
22021,MIL,Milwaukee Bucks,0022100398,2021-12-12,MIL @ NYK,W
22021,LAL,Los Angeles Lakers,0022100403,2021-12-12,LAL vs. ORL,W
22021,MIN,Minnesota Timberwolves,0022100402,2021-12-12,MIN @ POR,W
22021,NOP,New Orleans Pelicans,0022100401,2021-12-12,NOP @ SAS,L
22021,SAS,San Antonio Spurs,0022100401,2021-12-12,SAS vs. NOP,W
22021,OKC,Oklahoma City Thunder,0022100400,2021-12-12,OKC vs. DAL,L
22021,DAL,Dallas Mavericks,0022100400,2021-12-12,DAL @ OKC,W
22021,BKN,Brooklyn Nets,0022100399,2021-12-12,BKN @ DET,W
22021,CLE,Cleveland Cavaliers,0022100404,2021-12-13,CLE vs. MIA,W
22021,BOS,Boston Celtics,0022100408,2021-12-13,BOS vs. MIL,W
22021,GSW,Golden State Warriors,0022100405,2021-12-13,GSW @ IND,W
22021,MEM,Memphis Grizzlies,0022100409,2021-12-13,MEM vs. PHI,W
22021,LAC,LA Clippers,0022100412,2021-12-13,LAC vs. PHX,W
22021,TOR,Toronto Raptors,0022100406,2021-12-13,TOR vs. SAC,W
22021,HOU,Houston Rockets,0022100407,2021-12-13,HOU @ ATL,W
22021,MIL,Milwaukee Bucks,0022100408,2021-12-13,MIL @ BOS,L
22021,MIA,Miami Heat,0022100404,2021-12-13,MIA @ CLE,L
22021,CHA,Charlotte Hornets,0022100410,2021-12-13,CHA @ DAL,L
22021,WAS,Washington Wizards,0022100411,2021-12-13,WAS @ DEN,L
22021,IND,Indiana Pacers,0022100405,2021-12-13,IND vs. GSW,L
22021,ATL,Atlanta Hawks,0022100407,2021-12-13,ATL vs. HOU,L
22021,PHX,Phoenix Suns,0022100412,2021-12-13,PHX @ LAC,L
22021,SAC,Sacramento Kings,0022100406,2021-12-13,SAC @ TOR,L
22021,PHI,Philadelphia 76ers,0022100409,2021-12-13,PHI @ MEM,L
22021,DEN,Denver Nuggets,0022100411,2021-12-13,DEN vs. WAS,W
22021,DAL,Dallas Mavericks,0022100410,2021-12-13,DAL vs. CHA,W
22021,TOR,Toronto Raptors,0022100413,2021-12-14,TOR @ BKN,L
22021,GSW,Golden State Warriors,0022100414,2021-12-14,GSW @ NYK,W
22021,POR,Portland Trail Blazers,0022100416,2021-12-14,POR vs. PHX,L
22021,PHX,Phoenix Suns,0022100416,2021-12-14,PHX @ POR,W
22021,NYK,New York Knicks,0022100414,2021-12-14,NYK vs. GSW,L
22021,BKN,Brooklyn Nets,0022100413,2021-12-14,BKN vs. TOR,W
22021,DAL,Dallas Mavericks,0022100420,2021-12-15,DAL vs. LAL,L
22021,PHI,Philadelphia 76ers,0022100419,2021-12-15,PHI vs. MIA,L
22021,IND,Indiana Pacers,0022100421,2021-12-15,IND @ MIL,L
22021,DEN,Denver Nuggets,0022100424,2021-12-15,DEN vs. MIN,L
22021,ATL,Atlanta Hawks,0022100418,2021-12-15,ATL @ ORL,W
22021,MIL,Milwaukee Bucks,0022100421,2021-12-15,MIL vs. IND,W
22021,MIA,Miami Heat,0022100419,2021-12-15,MIA @ PHI,W
22021,MEM,Memphis Grizzlies,0022100426,2021-12-15,MEM @ POR,W
22021,WAS,Washington Wizards,0022100427,2021-12-15,WAS @ SAC,L
22021,CHA,Charlotte Hornets,0022100423,2021-12-15,CHA @ SAS,W
22021,ORL,Orlando Magic,0022100418,2021-12-15,ORL vs. ATL,L
22021,HOU,Houston Rockets,0022100417,2021-12-15,HOU @ CLE,L
22021,OKC,Oklahoma City Thunder,0022100422,2021-12-15,OKC vs. NOP,L
22021,LAL,Los Angeles Lakers,0022100420,2021-12-15,LAL @ DAL,W
22021,MIN,Minnesota Timberwolves,0022100424,2021-12-15,MIN @ DEN,W
22021,CLE,Cleveland Cavaliers,0022100417,2021-12-15,CLE vs. HOU,W
22021,UTA,Utah Jazz,0022100425,2021-12-15,UTA vs. LAC,W
22021,NOP,New Orleans Pelicans,0022100422,2021-12-15,NOP @ OKC,W
22021,LAC,LA Clippers,0022100425,2021-12-15,LAC @ UTA,L
22021,POR,Portland Trail Blazers,0022100426,2021-12-15,POR vs. MEM,L
22021,SAC,Sacramento Kings,0022100427,2021-12-15,SAC vs. WAS,W
22021,SAS,San Antonio Spurs,0022100423,2021-12-15,SAS vs. CHA,L
22021,PHI,Philadelphia 76ers,0022100429,2021-12-16,PHI @ BKN,L
22021,HOU,Houston Rockets,0022100431,2021-12-16,HOU vs. NYK,L
22021,DET,Detroit Pistons,0022100428,2021-12-16,DET @ IND,L
22021,BKN,Brooklyn Nets,0022100429,2021-12-16,BKN vs. PHI,W
22021,WAS,Washington Wizards,0022100432,2021-12-16,WAS @ PHX,L
22021,NYK,New York Knicks,0022100431,2021-12-16,NYK @ HOU,W
22021,PHX,Phoenix Suns,0022100432,2021-12-16,PHX vs. WAS,W
22021,IND,Indiana Pacers,0022100428,2021-12-16,IND vs. DET,W
22021,MIN,Minnesota Timberwolves,0022100436,2021-12-17,MIN vs. LAL,W
22021,ORL,Orlando Magic,0022100433,2021-12-17,ORL vs. MIA,L
22021,NOP,New Orleans Pelicans,0022100438,2021-12-17,NOP vs. MIL,W
22021,LAL,Los Angeles Lakers,0022100436,2021-12-17,LAL @ MIN,L
22021,MIA,Miami Heat,0022100433,2021-12-17,MIA @ ORL,W
22021,CHA,Charlotte Hornets,0022100439,2021-12-17,CHA @ POR,L
22021,MEM,Memphis Grizzlies,0022100440,2021-12-17,MEM @ SAC,W
22021,UTA,Utah Jazz,0022100437,2021-12-17,UTA vs. SAS,L
22021,DEN,Denver Nuggets,0022100434,2021-12-17,DEN @ ATL,W
22021,GSW,Golden State Warriors,0022100435,2021-12-17,GSW @ BOS,W
22021,MIL,Milwaukee Bucks,0022100438,2021-12-17,MIL @ NOP,L
22021,ATL,Atlanta Hawks,0022100434,2021-12-17,ATL vs. DEN,L
22021,BOS,Boston Celtics,0022100435,2021-12-17,BOS vs. GSW,L
22021,SAS,San Antonio Spurs,0022100437,2021-12-17,SAS @ UTA,W
22021,SAC,Sacramento Kings,0022100440,2021-12-17,SAC vs. MEM,L
22021,POR,Portland Trail Blazers,0022100439,2021-12-17,POR vs. CHA,W
22021,CLE,Cleveland Cavaliers,0022100446,2021-12-18,CLE @ MIL,W
22021,ORL,Orlando Magic,0022100442,2021-12-18,ORL @ BKN,W
22021,BOS,Boston Celtics,0022100445,2021-12-18,BOS vs. NYK,W
22021,BKN,Brooklyn Nets,0022100442,2021-12-18,BKN vs. ORL,L
22021,NYK,New York Knicks,0022100445,2021-12-18,NYK @ BOS,L
22021,MIL,Milwaukee Bucks,0022100446,2021-12-18,MIL vs. CLE,L
22021,TOR,Toronto Raptors,0022100443,2021-12-18,TOR vs. GSW,W
22021,DET,Detroit Pistons,0022100441,2021-12-18,DET vs. HOU,L
22021,OKC,Oklahoma City Thunder,0022100444,2021-12-18,OKC vs. LAC,W
22021,LAC,LA Clippers,0022100444,2021-12-18,LAC @ OKC,L
22021,GSW,Golden State Warriors,0022100443,2021-12-18,GSW @ TOR,L
22021,WAS,Washington Wizards,0022100447,2021-12-18,WAS @ UTA,W
22021,UTA,Utah Jazz,0022100447,2021-12-18,UTA vs. WAS,L
22021,HOU,Houston Rockets,0022100441,2021-12-18,HOU @ DET,W
22021,CHI,Chicago Bulls,0022100448,2021-12-19,CHI vs. LAL,W
22021,DET,Detroit Pistons,0022100449,2021-12-19,DET vs. MIA,W
22021,DAL,Dallas Mavericks,0022100455,2021-12-19,DAL @ MIN,L
22021,CHA,Charlotte Hornets,0022100456,2021-12-19,CHA @ PHX,L
22021,MEM,Memphis Grizzlies,0022100450,2021-12-19,MEM vs. POR,L
22021,SAS,San Antonio Spurs,0022100451,2021-12-19,SAS @ SAC,L
22021,SAC,Sacramento Kings,0022100451,2021-12-19,SAC vs. SAS,W
22021,LAL,Los Angeles Lakers,0022100448,2021-12-19,LAL @ CHI,L
22021,MIN,Minnesota Timberwolves,0022100455,2021-12-19,MIN vs. DAL,W
22021,POR,Portland Trail Blazers,0022100450,2021-12-19,POR @ MEM,W
22021,MIA,Miami Heat,0022100449,2021-12-19,MIA @ DET,L
22021,PHX,Phoenix Suns,0022100456,2021-12-19,PHX vs. CHA,W
22021,BOS,Boston Celtics,0022100457,2021-12-20,BOS vs. PHI,L
22021,GSW,Golden State Warriors,0022100462,2021-12-20,GSW vs. SAC,W
22021,LAC,LA Clippers,0022100463,2021-12-20,LAC vs. SAS,L
22021,PHI,Philadelphia 76ers,0022100457,2021-12-20,PHI @ BOS,W
22021,HOU,Houston Rockets,0022100459,2021-12-20,HOU @ CHI,L
22021,SAC,Sacramento Kings,0022100462,2021-12-20,SAC @ GSW,L
22021,CHI,Chicago Bulls,0022100459,2021-12-20,CHI vs. HOU,W
22021,SAS,San Antonio Spurs,0022100463,2021-12-20,SAS @ LAC,W
22021,MEM,Memphis Grizzlies,0022100460,2021-12-20,MEM vs. OKC,L
22021,CHA,Charlotte Hornets,0022100461,2021-12-20,CHA @ UTA,L
22021,OKC,Oklahoma City Thunder,0022100460,2021-12-20,OKC @ MEM,W
22021,UTA,Utah Jazz,0022100461,2021-12-20,UTA vs. CHA,W
22021,PHX,Phoenix Suns,0022100469,2021-12-21,PHX @ LAL,W
22021,IND,Indiana Pacers,0022100465,2021-12-21,IND @ MIA,L
22021,DAL,Dallas Mavericks,0022100468,2021-12-21,DAL vs. MIN,W
22021,DET,Detroit Pistons,0022100466,2021-12-21,DET @ NYK,L
22021,MIA,Miami Heat,0022100465,2021-12-21,MIA vs. IND,W
22021,LAL,Los Angeles Lakers,0022100469,2021-12-21,LAL vs. PHX,L
22021,NOP,New Orleans Pelicans,0022100467,2021-12-21,NOP vs. POR,W
22021,POR,Portland Trail Blazers,0022100467,2021-12-21,POR @ NOP,L
22021,MIN,Minnesota Timberwolves,0022100468,2021-12-21,MIN @ DAL,L
22021,NYK,New York Knicks,0022100466,2021-12-21,NYK vs. DET,W
22021,HOU,Houston Rockets,0022100473,2021-12-22,HOU @ MIL,L
22021,ATL,Atlanta Hawks,0022100470,2021-12-22,ATL vs. ORL,L
22021,LAC,LA Clippers,0022100475,2021-12-22,LAC @ SAC,W
22021,ORL,Orlando Magic,0022100470,2021-12-22,ORL @ ATL,W
22021,CLE,Cleveland Cavaliers,0022100471,2021-12-22,CLE @ BOS,L
22021,BOS,Boston Celtics,0022100471,2021-12-22,BOS vs. CLE,W
22021,OKC,Oklahoma City Thunder,0022100474,2021-12-22,OKC vs. DEN,W
22021,MIL,Milwaukee Bucks,0022100473,2021-12-22,MIL vs. HOU,W
22021,SAC,Sacramento Kings,0022100475,2021-12-22,SAC vs. LAC,L
22021,DEN,Denver Nuggets,0022100474,2021-12-22,DEN @ OKC,L
22021,SAS,San Antonio Spurs,0022100487,2021-12-23,SAS @ LAL,W
22021,DET,Detroit Pistons,0022100479,2021-12-23,DET @ MIA,L
22021,DAL,Dallas Mavericks,0022100481,2021-12-23,DAL vs. MIL,L
22021,UTA,Utah Jazz,0022100484,2021-12-23,UTA vs. MIN,W
22021,WAS,Washington Wizards,0022100480,2021-12-23,WAS @ NYK,W
22021,NOP,New Orleans Pelicans,0022100477,2021-12-23,NOP @ ORL,W
22021,HOU,Houston Rockets,0022100476,2021-12-23,HOU @ IND,L
22021,ATL,Atlanta Hawks,0022100478,2021-12-23,ATL @ PHI,W
22021,OKC,Oklahoma City Thunder,0022100483,2021-12-23,OKC @ PHX,L
22021,LAL,Los Angeles Lakers,0022100487,2021-12-23,LAL vs. SAS,L
22021,PHI,Philadelphia 76ers,0022100478,2021-12-23,PHI vs. ATL,L
22021,ORL,Orlando Magic,0022100477,2021-12-23,ORL vs. NOP,L
22021,MIL,Milwaukee Bucks,0022100481,2021-12-23,MIL @ DAL,W
22021,CHA,Charlotte Hornets,0022100482,2021-12-23,CHA @ DEN,W
22021,MEM,Memphis Grizzlies,0022100485,2021-12-23,MEM @ GSW,L
22021,IND,Indiana Pacers,0022100476,2021-12-23,IND vs. HOU,W
22021,PHX,Phoenix Suns,0022100483,2021-12-23,PHX vs. OKC,W
22021,MIN,Minnesota Timberwolves,0022100484,2021-12-23,MIN @ UTA,L
22021,GSW,Golden State Warriors,0022100485,2021-12-23,GSW vs. MEM,W
22021,NYK,New York Knicks,0022100480,2021-12-23,NYK vs. WAS,L
22021,MIA,Miami Heat,0022100479,2021-12-23,MIA vs. DET,W
22021,DEN,Denver Nuggets,0022100482,2021-12-23,DEN vs. CHA,L
22021,BKN,Brooklyn Nets,0022100491,2021-12-25,BKN @ LAL,W
22021,BOS,Boston Celtics,0022100489,2021-12-25,BOS @ MIL,L
22021,LAL,Los Angeles Lakers,0022100491,2021-12-25,LAL vs. BKN,L
22021,ATL,Atlanta Hawks,0022100488,2021-12-25,ATL @ NYK,L
22021,GSW,Golden State Warriors,0022100490,2021-12-25,GSW @ PHX,W
22021,NYK,New York Knicks,0022100488,2021-12-25,NYK vs. ATL,W
22021,MIL,Milwaukee Bucks,0022100489,2021-12-25,MIL vs. BOS,W
22021,UTA,Utah Jazz,0022100492,2021-12-25,UTA vs. DAL,W
22021,PHX,Phoenix Suns,0022100490,2021-12-25,PHX vs. GSW,L
22021,DAL,Dallas Mavericks,0022100492,2021-12-25,DAL @ UTA,L
22021,ORL,Orlando Magic,0022100493,2021-12-26,ORL @ MIA,L
22021,MIA,Miami Heat,0022100493,2021-12-26,MIA vs. ORL,W
22021,CHI,Chicago Bulls,0022100499,2021-12-26,CHI vs. IND,W
22021,WAS,Washington Wizards,0022100495,2021-12-26,WAS vs. PHI,L
22021,MEM,Memphis Grizzlies,0022100496,2021-12-26,MEM @ SAC,W
22021,DET,Detroit Pistons,0022100498,2021-12-26,DET @ SAS,L
22021,TOR,Toronto Raptors,0022100494,2021-12-26,TOR @ CLE,L
22021,OKC,Oklahoma City Thunder,0022100497,2021-12-26,OKC vs. NOP,W
22021,IND,Indiana Pacers,0022100499,2021-12-26,IND @ CHI,L
22021,LAC,LA Clippers,0022100500,2021-12-26,LAC vs. DEN,L
22021,DEN,Denver Nuggets,0022100500,2021-12-26,DEN @ LAC,W
22021,NOP,New Orleans Pelicans,0022100497,2021-12-26,NOP @ OKC,L
22021,CLE,Cleveland Cavaliers,0022100494,2021-12-26,CLE vs. TOR,W
22021,SAC,Sacramento Kings,0022100496,2021-12-26,SAC vs. MEM,L
22021,PHI,Philadelphia 76ers,0022100495,2021-12-26,PHI @ WAS,W
22021,SAS,San Antonio Spurs,0022100498,2021-12-26,SAS vs. DET,W
22021,BOS,Boston Celtics,0022100503,2021-12-27,BOS @ MIN,L
22021,LAC,LA Clippers,0022100507,2021-12-27,LAC vs. BKN,L
22021,MEM,Memphis Grizzlies,0022100505,2021-12-27,MEM @ PHX,W
22021,DAL,Dallas Mavericks,0022100506,2021-12-27,DAL @ POR,W
22021,UTA,Utah Jazz,0022100504,2021-12-27,UTA @ SAS,W
22021,CHI,Chicago Bulls,0022100502,2021-12-27,CHI @ ATL,W
22021,MIN,Minnesota Timberwolves,0022100503,2021-12-27,MIN vs. BOS,W
22021,ATL,Atlanta Hawks,0022100502,2021-12-27,ATL vs. CHI,L
22021,POR,Portland Trail Blazers,0022100506,2021-12-27,POR vs. DAL,L
22021,CHA,Charlotte Hornets,0022100501,2021-12-27,CHA vs. HOU,W
22021,BKN,Brooklyn Nets,0022100507,2021-12-27,BKN @ LAC,W
22021,SAS,San Antonio Spurs,0022100504,2021-12-27,SAS vs. UTA,L
22021,PHX,Phoenix Suns,0022100505,2021-12-27,PHX vs. MEM,L
22021,HOU,Houston Rockets,0022100501,2021-12-27,HOU @ CHA,L
22021,HOU,Houston Rockets,0022100511,2021-12-28,HOU vs. LAL,L
22021,WAS,Washington Wizards,0022100509,2021-12-28,WAS @ MIA,L
22021,ORL,Orlando Magic,0022100508,2021-12-28,ORL vs. MIL,L
22021,NYK,New York Knicks,0022100512,2021-12-28,NYK @ MIN,W
22021,MIN,Minnesota Timberwolves,0022100512,2021-12-28,MIN vs. NYK,L
22021,MIL,Milwaukee Bucks,0022100508,2021-12-28,MIL @ ORL,W
22021,TOR,Toronto Raptors,0022100510,2021-12-28,TOR vs. PHI,L
22021,OKC,Oklahoma City Thunder,0022100515,2021-12-28,OKC @ SAC,L
22021,NOP,New Orleans Pelicans,0022100513,2021-12-28,NOP vs. CLE,W
22021,CLE,Cleveland Cavaliers,0022100513,2021-12-28,CLE @ NOP,L
22021,GSW,Golden State Warriors,0022100514,2021-12-28,GSW vs. DEN,L
22021,DEN,Denver Nuggets,0022100514,2021-12-28,DEN @ GSW,W
22021,LAL,Los Angeles Lakers,0022100511,2021-12-28,LAL @ HOU,W
22021,SAC,Sacramento Kings,0022100515,2021-12-28,SAC vs. OKC,W
22021,PHI,Philadelphia 76ers,0022100510,2021-12-28,PHI @ TOR,W
22021,MIA,Miami Heat,0022100509,2021-12-28,MIA vs. WAS,W
22021,MEM,Memphis Grizzlies,0022100520,2021-12-29,MEM vs. LAL,W
22021,DET,Detroit Pistons,0022100516,2021-12-29,DET vs. NYK,L
22021,CHA,Charlotte Hornets,0022100517,2021-12-29,CHA @ IND,W
22021,OKC,Oklahoma City Thunder,0022100522,2021-12-29,OKC @ PHX,L
22021,UTA,Utah Jazz,0022100523,2021-12-29,UTA @ POR,W
22021,DAL,Dallas Mavericks,0022100524,2021-12-29,DAL @ SAC,L
22021,CHI,Chicago Bulls,0022100519,2021-12-29,CHI vs. ATL,W
22021,LAC,LA Clippers,0022100518,2021-12-29,LAC @ BOS,W
22021,ATL,Atlanta Hawks,0022100519,2021-12-29,ATL @ CHI,L
22021,SAC,Sacramento Kings,0022100524,2021-12-29,SAC vs. DAL,W
22021,BOS,Boston Celtics,0022100518,2021-12-29,BOS vs. LAC,L
22021,PHX,Phoenix Suns,0022100522,2021-12-29,PHX vs. OKC,W
22021,POR,Portland Trail Blazers,0022100523,2021-12-29,POR vs. UTA,L
22021,LAL,Los Angeles Lakers,0022100520,2021-12-29,LAL @ MEM,L
22021,NYK,New York Knicks,0022100516,2021-12-29,NYK @ DET,W
22021,IND,Indiana Pacers,0022100517,2021-12-29,IND vs. CHA,L
22021,ORL,Orlando Magic,0022100526,2021-12-30,ORL vs. MIL,L
22021,PHI,Philadelphia 76ers,0022100525,2021-12-30,PHI @ BKN,W
22021,MIL,Milwaukee Bucks,0022100526,2021-12-30,MIL @ ORL,W
22021,BKN,Brooklyn Nets,0022100525,2021-12-30,BKN vs. PHI,L
22021,WAS,Washington Wizards,0022100527,2021-12-30,WAS vs. CLE,W
22021,CLE,Cleveland Cavaliers,0022100527,2021-12-30,CLE @ WAS,L
22021,POR,Portland Trail Blazers,0022100538,2021-12-31,POR @ LAL,L
22021,HOU,Houston Rockets,0022100532,2021-12-31,HOU vs. MIA,L
22021,UTA,Utah Jazz,0022100537,2021-12-31,UTA vs. MIN,W
22021,OKC,Oklahoma City Thunder,0022100536,2021-12-31,OKC vs. NYK,W
22021,CHI,Chicago Bulls,0022100530,2021-12-31,CHI @ IND,W
22021,BOS,Boston Celtics,0022100529,2021-12-31,BOS vs. PHX,W
22021,LAL,Los Angeles Lakers,0022100538,2021-12-31,LAL vs. POR,W
22021,DAL,Dallas Mavericks,0022100531,2021-12-31,DAL @ SAC,W
22021,MEM,Memphis Grizzlies,0022100535,2021-12-31,MEM vs. SAS,W
22021,CLE,Cleveland Cavaliers,0022100533,2021-12-31,CLE vs. ATL,L
22021,PHX,Phoenix Suns,0022100529,2021-12-31,PHX @ BOS,L
22021,ATL,Atlanta Hawks,0022100533,2021-12-31,ATL @ CLE,W
22021,IND,Indiana Pacers,0022100530,2021-12-31,IND vs. CHI,L
22021,SAC,Sacramento Kings,0022100531,2021-12-31,SAC vs. DAL,L
22021,MIA,Miami Heat,0022100532,2021-12-31,MIA @ HOU,W
22021,TOR,Toronto Raptors,0022100534,2021-12-31,TOR vs. LAC,W
22021,NYK,New York Knicks,0022100536,2021-12-31,NYK @ OKC,L
22021,LAC,LA Clippers,0022100534,2021-12-31,LAC @ TOR,L
22021,MIN,Minnesota Timberwolves,0022100537,2021-12-31,MIN @ UTA,L
22021,SAS,San Antonio Spurs,0022100535,2021-12-31,SAS @ MEM,L
22021,NOP,New Orleans Pelicans,0022100539,2022-01-01,NOP @ MIL,L
22021,LAC,LA Clippers,0022100542,2022-01-01,LAC @ BKN,W
22021,DET,Detroit Pistons,0022100540,2022-01-01,DET vs. SAS,W
22021,MIL,Milwaukee Bucks,0022100539,2022-01-01,MIL vs. NOP,W
22021,WAS,Washington Wizards,0022100541,2022-01-01,WAS vs. CHI,L
22021,HOU,Houston Rockets,0022100543,2022-01-01,HOU vs. DEN,L
22021,UTA,Utah Jazz,0022100544,2022-01-01,UTA vs. GSW,L
22021,DEN,Denver Nuggets,0022100543,2022-01-01,DEN @ HOU,W
22021,BKN,Brooklyn Nets,0022100542,2022-01-01,BKN vs. LAC,L
22021,GSW,Golden State Warriors,0022100544,2022-01-01,GSW @ UTA,W
22021,CHI,Chicago Bulls,0022100541,2022-01-01,CHI @ WAS,W
22021,SAS,San Antonio Spurs,0022100540,2022-01-01,SAS @ DET,L
22021,MIN,Minnesota Timberwolves,0022100551,2022-01-02,MIN @ LAL,L
22021,SAC,Sacramento Kings,0022100548,2022-01-02,SAC vs. MIA,W
22021,LAL,Los Angeles Lakers,0022100551,2022-01-02,LAL vs. MIN,W
22021,TOR,Toronto Raptors,0022100545,2022-01-02,TOR vs. NYK,W
22021,BOS,Boston Celtics,0022100546,2022-01-02,BOS vs. ORL,W
22021,CLE,Cleveland Cavaliers,0022100547,2022-01-02,CLE vs. IND,W
22021,CHA,Charlotte Hornets,0022100549,2022-01-02,CHA vs. PHX,L
22021,MIA,Miami Heat,0022100548,2022-01-02,MIA @ SAC,L
22021,ORL,Orlando Magic,0022100546,2022-01-02,ORL @ BOS,L
22021,IND,Indiana Pacers,0022100547,2022-01-02,IND @ CLE,L
22021,OKC,Oklahoma City Thunder,0022100550,2022-01-02,OKC vs. DAL,L
22021,DAL,Dallas Mavericks,0022100550,2022-01-02,DAL @ OKC,W
22021,NYK,New York Knicks,0022100545,2022-01-02,NYK @ TOR,L
22021,PHX,Phoenix Suns,0022100549,2022-01-02,PHX @ CHA,W
22021,GSW,Golden State Warriors,0022100559,2022-01-03,GSW vs. MIA,W
22021,DET,Detroit Pistons,0022100556,2022-01-03,DET @ MIL,W
22021,LAC,LA Clippers,0022100561,2022-01-03,LAC vs. MIN,L
22021,MEM,Memphis Grizzlies,0022100554,2022-01-03,MEM @ BKN,W
22021,CHI,Chicago Bulls,0022100555,2022-01-03,CHI vs. ORL,W
22021,HOU,Houston Rockets,0022100552,2022-01-03,HOU @ PHI,L
22021,ATL,Atlanta Hawks,0022100560,2022-01-03,ATL @ POR,L
22021,POR,Portland Trail Blazers,0022100560,2022-01-03,POR vs. ATL,W
22021,UTA,Utah Jazz,0022100557,2022-01-03,UTA @ NOP,W
22021,ORL,Orlando Magic,0022100555,2022-01-03,ORL @ CHI,L
22021,DEN,Denver Nuggets,0022100558,2022-01-03,DEN @ DAL,L
22021,DAL,Dallas Mavericks,0022100558,2022-01-03,DAL vs. DEN,W
22021,MIA,Miami Heat,0022100559,2022-01-03,MIA @ GSW,L
22021,PHI,Philadelphia 76ers,0022100552,2022-01-03,PHI vs. HOU,W
22021,MIN,Minnesota Timberwolves,0022100561,2022-01-03,MIN @ LAC,W
22021,NOP,New Orleans Pelicans,0022100557,2022-01-03,NOP vs. UTA,L
22021,BKN,Brooklyn Nets,0022100554,2022-01-03,BKN vs. MEM,L
22021,CHA,Charlotte Hornets,0022100553,2022-01-03,CHA @ WAS,L
22021,MIL,Milwaukee Bucks,0022100556,2022-01-03,MIL vs. DET,L
22021,WAS,Washington Wizards,0022100553,2022-01-03,WAS vs. CHA,W
22021,SAC,Sacramento Kings,0022100566,2022-01-04,SAC @ LAL,L
22021,IND,Indiana Pacers,0022100564,2022-01-04,IND @ NYK,L
22021,NYK,New York Knicks,0022100564,2022-01-04,NYK vs. IND,W
22021,NOP,New Orleans Pelicans,0022100565,2022-01-04,NOP vs. PHX,L
22021,LAL,Los Angeles Lakers,0022100566,2022-01-04,LAL vs. SAC,W
22021,TOR,Toronto Raptors,0022100563,2022-01-04,TOR vs. SAS,W
22021,MEM,Memphis Grizzlies,0022100562,2022-01-04,MEM @ CLE,W
22021,PHX,Phoenix Suns,0022100565,2022-01-04,PHX @ NOP,W
22021,SAS,San Antonio Spurs,0022100563,2022-01-04,SAS @ TOR,L
22021,CLE,Cleveland Cavaliers,0022100562,2022-01-04,CLE vs. MEM,L
22021,POR,Portland Trail Blazers,0022100576,2022-01-05,POR vs. MIA,L
22021,TOR,Toronto Raptors,0022100573,2022-01-05,TOR @ MIL,W
22021,OKC,Oklahoma City Thunder,0022100574,2022-01-05,OKC @ MIN,L
22021,IND,Indiana Pacers,0022100571,2022-01-05,IND vs. BKN,L
22021,PHI,Philadelphia 76ers,0022100568,2022-01-05,PHI @ ORL,W
22021,BKN,Brooklyn Nets,0022100571,2022-01-05,BKN @ IND,W
22021,ORL,Orlando Magic,0022100568,2022-01-05,ORL vs. PHI,L
22021,MIA,Miami Heat,0022100576,2022-01-05,MIA @ POR,W
22021,ATL,Atlanta Hawks,0022100577,2022-01-05,ATL @ SAC,W
22021,BOS,Boston Celtics,0022100570,2022-01-05,BOS vs. SAS,L
22021,SAC,Sacramento Kings,0022100577,2022-01-05,SAC vs. ATL,L
22021,SAS,San Antonio Spurs,0022100570,2022-01-05,SAS @ BOS,W
22021,GSW,Golden State Warriors,0022100572,2022-01-05,GSW @ DAL,L
22021,UTA,Utah Jazz,0022100575,2022-01-05,UTA @ DEN,W
22021,DAL,Dallas Mavericks,0022100572,2022-01-05,DAL vs. GSW,W
22021,WAS,Washington Wizards,0022100569,2022-01-05,WAS vs. HOU,L
22021,MIN,Minnesota Timberwolves,0022100574,2022-01-05,MIN vs. OKC,W
22021,MIL,Milwaukee Bucks,0022100573,2022-01-05,MIL vs. TOR,L
22021,DEN,Denver Nuggets,0022100575,2022-01-05,DEN vs. UTA,L
22021,HOU,Houston Rockets,0022100569,2022-01-05,HOU @ WAS,W
22021,CHA,Charlotte Hornets,0022100567,2022-01-05,CHA vs. DET,W
22021,DET,Detroit Pistons,0022100567,2022-01-05,DET @ CHA,L
22021,BOS,Boston Celtics,0022100578,2022-01-06,BOS @ NYK,L
22021,LAC,LA Clippers,0022100581,2022-01-06,LAC @ PHX,L
22021,NYK,New York Knicks,0022100578,2022-01-06,NYK vs. BOS,W
22021,GSW,Golden State Warriors,0022100580,2022-01-06,GSW @ NOP,L
22021,NOP,New Orleans Pelicans,0022100580,2022-01-06,NOP vs. GSW,W
22021,PHX,Phoenix Suns,0022100581,2022-01-06,PHX vs. LAC,W
22021,DET,Detroit Pistons,0022100579,2022-01-06,DET @ MEM,L
22021,MEM,Memphis Grizzlies,0022100579,2022-01-06,MEM vs. DET,W
22021,ATL,Atlanta Hawks,0022100589,2022-01-07,ATL @ LAL,L
22021,BKN,Brooklyn Nets,0022100583,2022-01-07,BKN vs. MIL,L
22021,OKC,Oklahoma City Thunder,0022100587,2022-01-07,OKC vs. MIN,L
22021,MIL,Milwaukee Bucks,0022100583,2022-01-07,MIL @ BKN,W
22021,SAS,San Antonio Spurs,0022100582,2022-01-07,SAS @ PHI,L
22021,CLE,Cleveland Cavaliers,0022100590,2022-01-07,CLE @ POR,W
22021,DEN,Denver Nuggets,0022100588,2022-01-07,DEN vs. SAC,W
22021,PHI,Philadelphia 76ers,0022100582,2022-01-07,PHI vs. SAS,W
22021,LAL,Los Angeles Lakers,0022100589,2022-01-07,LAL vs. ATL,W
22021,POR,Portland Trail Blazers,0022100590,2022-01-07,POR vs. CLE,L
22021,WAS,Washington Wizards,0022100585,2022-01-07,WAS @ CHI,L
22021,HOU,Houston Rockets,0022100586,2022-01-07,HOU vs. DAL,L
22021,SAC,Sacramento Kings,0022100588,2022-01-07,SAC @ DEN,L
22021,DAL,Dallas Mavericks,0022100586,2022-01-07,DAL @ HOU,W
22021,MIN,Minnesota Timberwolves,0022100587,2022-01-07,MIN @ OKC,W
22021,UTA,Utah Jazz,0022100584,2022-01-07,UTA @ TOR,L
22021,TOR,Toronto Raptors,0022100584,2022-01-07,TOR vs. UTA,W
22021,CHI,Chicago Bulls,0022100585,2022-01-07,CHI vs. WAS,W
22021,PHX,Phoenix Suns,0022100596,2022-01-08,PHX vs. MIA,L
22021,CHA,Charlotte Hornets,0022100592,2022-01-08,CHA vs. MIL,W
22021,BOS,Boston Celtics,0022100595,2022-01-08,BOS vs. NYK,W
22021,DET,Detroit Pistons,0022100593,2022-01-08,DET vs. ORL,W
22021,UTA,Utah Jazz,0022100594,2022-01-08,UTA @ IND,L
22021,MIA,Miami Heat,0022100596,2022-01-08,MIA @ PHX,W
22021,NYK,New York Knicks,0022100595,2022-01-08,NYK @ BOS,L
22021,MEM,Memphis Grizzlies,0022100591,2022-01-08,MEM @ LAC,W
22021,IND,Indiana Pacers,0022100594,2022-01-08,IND vs. UTA,W
22021,LAC,LA Clippers,0022100591,2022-01-08,LAC vs. MEM,L
22021,ORL,Orlando Magic,0022100593,2022-01-08,ORL @ DET,L
22021,MIL,Milwaukee Bucks,0022100592,2022-01-08,MIL @ CHA,L
22021,MEM,Memphis Grizzlies,0022100606,2022-01-09,MEM @ LAL,W
22021,HOU,Houston Rockets,0022100600,2022-01-09,HOU vs. MIN,L
22021,SAS,San Antonio Spurs,0022100602,2022-01-09,SAS @ BKN,L
22021,WAS,Washington Wizards,0022100598,2022-01-09,WAS @ ORL,W
22021,SAC,Sacramento Kings,0022100605,2022-01-09,SAC @ POR,L
22021,POR,Portland Trail Blazers,0022100605,2022-01-09,POR vs. SAC,W
22021,BKN,Brooklyn Nets,0022100602,2022-01-09,BKN vs. SAS,W
22021,LAC,LA Clippers,0022100597,2022-01-09,LAC vs. ATL,W
22021,GSW,Golden State Warriors,0022100604,2022-01-09,GSW vs. CLE,W
22021,TOR,Toronto Raptors,0022100599,2022-01-09,TOR vs. NOP,W
22021,DAL,Dallas Mavericks,0022100603,2022-01-09,DAL vs. CHI,W
22021,CHI,Chicago Bulls,0022100603,2022-01-09,CHI @ DAL,L
22021,OKC,Oklahoma City Thunder,0022100601,2022-01-09,OKC vs. DEN,L
22021,CLE,Cleveland Cavaliers,0022100604,2022-01-09,CLE @ GSW,L
22021,MIN,Minnesota Timberwolves,0022100600,2022-01-09,MIN @ HOU,W
22021,ATL,Atlanta Hawks,0022100597,2022-01-09,ATL @ LAC,L
22021,DEN,Denver Nuggets,0022100601,2022-01-09,DEN @ OKC,W
22021,NOP,New Orleans Pelicans,0022100599,2022-01-09,NOP @ TOR,L
22021,LAL,Los Angeles Lakers,0022100606,2022-01-09,LAL vs. MEM,L
22021,ORL,Orlando Magic,0022100598,2022-01-09,ORL vs. WAS,L
22021,CHA,Charlotte Hornets,0022100607,2022-01-10,CHA vs. MIL,W
22021,POR,Portland Trail Blazers,0022100486,2022-01-10,POR vs. BKN,W
22021,SAS,San Antonio Spurs,0022100610,2022-01-10,SAS @ NYK,L
22021,BOS,Boston Celtics,0022100609,2022-01-10,BOS vs. IND,W
22021,HOU,Houston Rockets,0022100711,2022-01-10,HOU vs. PHI,L
22021,BKN,Brooklyn Nets,0022100486,2022-01-10,BKN @ POR,L
22021,CLE,Cleveland Cavaliers,0022100611,2022-01-10,CLE @ SAC,W
22021,NYK,New York Knicks,0022100610,2022-01-10,NYK vs. SAS,W
22021,IND,Indiana Pacers,0022100609,2022-01-10,IND @ BOS,L
22021,SAC,Sacramento Kings,0022100611,2022-01-10,SAC vs. CLE,L
22021,PHI,Philadelphia 76ers,0022100711,2022-01-10,PHI @ HOU,W
22021,DET,Detroit Pistons,0022100608,2022-01-10,DET vs. UTA,W
22021,UTA,Utah Jazz,0022100608,2022-01-10,UTA @ DET,L
22021,MIL,Milwaukee Bucks,0022100607,2022-01-10,MIL @ CHA,L
22021,NOP,New Orleans Pelicans,0022100615,2022-01-11,NOP vs. MIN,W
22021,TOR,Toronto Raptors,0022100613,2022-01-11,TOR vs. PHX,L
22021,MIN,Minnesota Timberwolves,0022100615,2022-01-11,MIN @ NOP,L
22021,DET,Detroit Pistons,0022100415,2022-01-11,DET @ CHI,L
22021,LAC,LA Clippers,0022100616,2022-01-11,LAC vs. DEN,W
22021,MEM,Memphis Grizzlies,0022100614,2022-01-11,MEM vs. GSW,W
22021,DEN,Denver Nuggets,0022100616,2022-01-11,DEN @ LAC,L
22021,WAS,Washington Wizards,0022100612,2022-01-11,WAS vs. OKC,W
22021,PHX,Phoenix Suns,0022100613,2022-01-11,PHX @ TOR,W
22021,GSW,Golden State Warriors,0022100614,2022-01-11,GSW @ MEM,L
22021,OKC,Oklahoma City Thunder,0022100612,2022-01-11,OKC @ WAS,L
22021,CHI,Chicago Bulls,0022100415,2022-01-11,CHI vs. DET,W
22021,SAC,Sacramento Kings,0022100626,2022-01-12,SAC vs. LAL,W
22021,ATL,Atlanta Hawks,0022100621,2022-01-12,ATL vs. MIA,L
22021,CHI,Chicago Bulls,0022100625,2022-01-12,CHI vs. BKN,L
22021,DAL,Dallas Mavericks,0022100622,2022-01-12,DAL @ NYK,L
22021,WAS,Washington Wizards,0022100620,2022-01-12,WAS vs. ORL,W
22021,BOS,Boston Celtics,0022100618,2022-01-12,BOS @ IND,W
22021,CHA,Charlotte Hornets,0022100619,2022-01-12,CHA @ PHI,W
22021,LAL,Los Angeles Lakers,0022100626,2022-01-12,LAL @ SAC,L
22021,HOU,Houston Rockets,0022100623,2022-01-12,HOU @ SAS,W
22021,MIA,Miami Heat,0022100621,2022-01-12,MIA @ ATL,W
22021,IND,Indiana Pacers,0022100618,2022-01-12,IND vs. BOS,L
22021,UTA,Utah Jazz,0022100624,2022-01-12,UTA vs. CLE,L
22021,BKN,Brooklyn Nets,0022100625,2022-01-12,BKN @ CHI,W
22021,NYK,New York Knicks,0022100622,2022-01-12,NYK vs. DAL,W
22021,SAS,San Antonio Spurs,0022100623,2022-01-12,SAS vs. HOU,L
22021,CLE,Cleveland Cavaliers,0022100624,2022-01-12,CLE @ UTA,W
22021,ORL,Orlando Magic,0022100620,2022-01-12,ORL @ WAS,L
22021,PHI,Philadelphia 76ers,0022100619,2022-01-12,PHI vs. CHA,L
22021,GSW,Golden State Warriors,0022100627,2022-01-13,GSW @ MIL,L
22021,MEM,Memphis Grizzlies,0022100628,2022-01-13,MEM vs. MIN,W
22021,OKC,Oklahoma City Thunder,0022100630,2022-01-13,OKC @ BKN,W
22021,DEN,Denver Nuggets,0022100631,2022-01-13,DEN vs. POR,W
22021,LAC,LA Clippers,0022100629,2022-01-13,LAC @ NOP,L
22021,POR,Portland Trail Blazers,0022100631,2022-01-13,POR @ DEN,L
22021,MIL,Milwaukee Bucks,0022100627,2022-01-13,MIL vs. GSW,W
22021,NOP,New Orleans Pelicans,0022100629,2022-01-13,NOP vs. LAC,W
22021,BKN,Brooklyn Nets,0022100630,2022-01-13,BKN vs. OKC,L
22021,MIN,Minnesota Timberwolves,0022100628,2022-01-13,MIN @ MEM,L
22021,ATL,Atlanta Hawks,0022100636,2022-01-14,ATL @ MIA,L
22021,CHA,Charlotte Hornets,0022100632,2022-01-14,CHA vs. ORL,L
22021,PHX,Phoenix Suns,0022100634,2022-01-14,PHX @ IND,W
22021,BOS,Boston Celtics,0022100635,2022-01-14,BOS @ PHI,L
22021,IND,Indiana Pacers,0022100634,2022-01-14,IND vs. PHX,L
22021,HOU,Houston Rockets,0022100640,2022-01-14,HOU @ SAC,L
22021,CLE,Cleveland Cavaliers,0022100638,2022-01-14,CLE @ SAS,W
22021,MIA,Miami Heat,0022100636,2022-01-14,MIA vs. ATL,W
22021,PHI,Philadelphia 76ers,0022100635,2022-01-14,PHI vs. BOS,W
22021,SAS,San Antonio Spurs,0022100638,2022-01-14,SAS vs. CLE,L
22021,GSW,Golden State Warriors,0022100637,2022-01-14,GSW @ CHI,W
22021,MEM,Memphis Grizzlies,0022100639,2022-01-14,MEM vs. DAL,L
22021,CHI,Chicago Bulls,0022100637,2022-01-14,CHI vs. GSW,L
22021,SAC,Sacramento Kings,0022100640,2022-01-14,SAC vs. HOU,W
22021,DET,Detroit Pistons,0022100633,2022-01-14,DET vs. TOR,W
22021,DAL,Dallas Mavericks,0022100639,2022-01-14,DAL @ MEM,W
22021,TOR,Toronto Raptors,0022100633,2022-01-14,TOR @ DET,L
22021,ORL,Orlando Magic,0022100632,2022-01-14,ORL @ CHA,W
22021,DEN,Denver Nuggets,0022100649,2022-01-15,DEN vs. LAL,W
22021,PHI,Philadelphia 76ers,0022100645,2022-01-15,PHI @ MIA,W
22021,TOR,Toronto Raptors,0022100641,2022-01-15,TOR @ MIL,W
22021,NOP,New Orleans Pelicans,0022100644,2022-01-15,NOP @ BKN,L
22021,ATL,Atlanta Hawks,0022100643,2022-01-15,ATL vs. NYK,L
22021,DAL,Dallas Mavericks,0022100650,2022-01-15,DAL vs. ORL,W
22021,MIA,Miami Heat,0022100645,2022-01-15,MIA vs. PHI,L
22021,WAS,Washington Wizards,0022100642,2022-01-15,WAS vs. POR,L
22021,LAC,LA Clippers,0022100648,2022-01-15,LAC @ SAS,L
22021,NYK,New York Knicks,0022100643,2022-01-15,NYK @ ATL,W
22021,CHI,Chicago Bulls,0022100647,2022-01-15,CHI @ BOS,L
22021,OKC,Oklahoma City Thunder,0022100646,2022-01-15,OKC vs. CLE,L
22021,BKN,Brooklyn Nets,0022100644,2022-01-15,BKN vs. NOP,W
22021,BOS,Boston Celtics,0022100647,2022-01-15,BOS vs. CHI,W
22021,ORL,Orlando Magic,0022100650,2022-01-15,ORL @ DAL,L
22021,LAL,Los Angeles Lakers,0022100649,2022-01-15,LAL @ DEN,L
22021,SAS,San Antonio Spurs,0022100648,2022-01-15,SAS vs. LAC,W
22021,CLE,Cleveland Cavaliers,0022100646,2022-01-15,CLE @ OKC,W
22021,MIL,Milwaukee Bucks,0022100641,2022-01-15,MIL vs. TOR,L
22021,POR,Portland Trail Blazers,0022100642,2022-01-15,POR @ WAS,W
22021,GSW,Golden State Warriors,0022100652,2022-01-16,GSW @ MIN,L
22021,DET,Detroit Pistons,0022100617,2022-01-16,DET vs. PHX,L
22021,HOU,Houston Rockets,0022100651,2022-01-16,HOU @ SAC,W
22021,UTA,Utah Jazz,0022100653,2022-01-16,UTA @ DEN,W
22021,MIN,Minnesota Timberwolves,0022100652,2022-01-16,MIN vs. GSW,W
22021,SAC,Sacramento Kings,0022100651,2022-01-16,SAC vs. HOU,L
22021,DEN,Denver Nuggets,0022100653,2022-01-16,DEN vs. UTA,L
22021,PHX,Phoenix Suns,0022100617,2022-01-16,PHX @ DET,W
22021,UTA,Utah Jazz,0022100665,2022-01-17,UTA @ LAL,L
22021,TOR,Toronto Raptors,0022100662,2022-01-17,TOR @ MIA,L
22021,ATL,Atlanta Hawks,0022100660,2022-01-17,ATL vs. MIL,W
22021,CLE,Cleveland Cavaliers,0022100657,2022-01-17,CLE vs. BKN,W
22021,CHA,Charlotte Hornets,0022100655,2022-01-17,CHA @ NYK,W
22021,POR,Portland Trail Blazers,0022100661,2022-01-17,POR @ ORL,W
22021,LAC,LA Clippers,0022100659,2022-01-17,LAC vs. IND,W
22021,WAS,Washington Wizards,0022100656,2022-01-17,WAS vs. PHI,W
22021,SAS,San Antonio Spurs,0022100664,2022-01-17,SAS vs. PHX,L
22021,ORL,Orlando Magic,0022100661,2022-01-17,ORL vs. POR,L
22021,PHX,Phoenix Suns,0022100664,2022-01-17,PHX @ SAS,W
22021,MIL,Milwaukee Bucks,0022100660,2022-01-17,MIL @ ATL,L
22021,NOP,New Orleans Pelicans,0022100654,2022-01-17,NOP @ BOS,L
22021,BKN,Brooklyn Nets,0022100657,2022-01-17,BKN @ CLE,L
22021,BOS,Boston Celtics,0022100654,2022-01-17,BOS vs. NOP,W
22021,MEM,Memphis Grizzlies,0022100658,2022-01-17,MEM vs. CHI,W
22021,OKC,Oklahoma City Thunder,0022100663,2022-01-17,OKC @ DAL,L
22021,IND,Indiana Pacers,0022100659,2022-01-17,IND @ LAC,L
22021,DAL,Dallas Mavericks,0022100663,2022-01-17,DAL vs. OKC,W
22021,MIA,Miami Heat,0022100662,2022-01-17,MIA vs. TOR,W
22021,LAL,Los Angeles Lakers,0022100665,2022-01-17,LAL vs. UTA,W
22021,CHI,Chicago Bulls,0022100658,2022-01-17,CHI @ MEM,L
22021,PHI,Philadelphia 76ers,0022100656,2022-01-17,PHI @ WAS,L
22021,NYK,New York Knicks,0022100655,2022-01-17,NYK vs. CHA,L
22021,NYK,New York Knicks,0022100666,2022-01-18,NYK vs. MIN,L
22021,MIN,Minnesota Timberwolves,0022100666,2022-01-18,MIN @ NYK,W
22021,DET,Detroit Pistons,0022100667,2022-01-18,DET @ GSW,L
22021,GSW,Golden State Warriors,0022100667,2022-01-18,GSW vs. DET,W
22021,IND,Indiana Pacers,0022100680,2022-01-19,IND @ LAL,W
22021,POR,Portland Trail Blazers,0022100672,2022-01-19,POR @ MIA,L
22021,MEM,Memphis Grizzlies,0022100674,2022-01-19,MEM @ MIL,L
22021,ATL,Atlanta Hawks,0022100670,2022-01-19,ATL vs. MIN,W
22021,WAS,Washington Wizards,0022100669,2022-01-19,WAS vs. BKN,L
22021,PHI,Philadelphia 76ers,0022100668,2022-01-19,PHI vs. ORL,W
22021,LAL,Los Angeles Lakers,0022100680,2022-01-19,LAL vs. IND,L
22021,ORL,Orlando Magic,0022100668,2022-01-19,ORL @ PHI,L
22021,MIA,Miami Heat,0022100672,2022-01-19,MIA vs. POR,W
22021,DET,Detroit Pistons,0022100679,2022-01-19,DET @ SAC,W
22021,OKC,Oklahoma City Thunder,0022100676,2022-01-19,OKC @ SAS,L
22021,MIN,Minnesota Timberwolves,0022100670,2022-01-19,MIN @ ATL,L
22021,CHA,Charlotte Hornets,0022100671,2022-01-19,CHA @ BOS,W
22021,CHI,Chicago Bulls,0022100673,2022-01-19,CHI vs. CLE,W
22021,CLE,Cleveland Cavaliers,0022100673,2022-01-19,CLE @ CHI,L
22021,TOR,Toronto Raptors,0022100675,2022-01-19,TOR @ DAL,L
22021,LAC,LA Clippers,0022100678,2022-01-19,LAC @ DEN,L
22021,UTA,Utah Jazz,0022100677,2022-01-19,UTA vs. HOU,L
22021,DEN,Denver Nuggets,0022100678,2022-01-19,DEN vs. LAC,W
22021,SAS,San Antonio Spurs,0022100676,2022-01-19,SAS vs. OKC,W
22021,DAL,Dallas Mavericks,0022100675,2022-01-19,DAL vs. TOR,W
22021,HOU,Houston Rockets,0022100677,2022-01-19,HOU @ UTA,W
22021,MIL,Milwaukee Bucks,0022100674,2022-01-19,MIL vs. MEM,W
22021,BKN,Brooklyn Nets,0022100669,2022-01-19,BKN @ WAS,W
22021,SAC,Sacramento Kings,0022100679,2022-01-19,SAC vs. DET,L
22021,BOS,Boston Celtics,0022100671,2022-01-19,BOS vs. CHA,L
22021,NOP,New Orleans Pelicans,0022100681,2022-01-20,NOP @ NYK,W
22021,GSW,Golden State Warriors,0022100683,2022-01-20,GSW vs. IND,L
22021,DAL,Dallas Mavericks,0022100682,2022-01-20,DAL vs. PHX,L
22021,NYK,New York Knicks,0022100681,2022-01-20,NYK vs. NOP,L
22021,PHX,Phoenix Suns,0022100682,2022-01-20,PHX @ DAL,W
22021,IND,Indiana Pacers,0022100683,2022-01-20,IND @ GSW,W
22021,ORL,Orlando Magic,0022100685,2022-01-21,ORL vs. LAL,L
22021,ATL,Atlanta Hawks,0022100687,2022-01-21,ATL vs. MIA,W
22021,CHI,Chicago Bulls,0022100690,2022-01-21,CHI @ MIL,L
22021,SAS,San Antonio Spurs,0022100691,2022-01-21,SAS vs. BKN,L
22021,LAL,Los Angeles Lakers,0022100685,2022-01-21,LAL @ ORL,W
22021,LAC,LA Clippers,0022100686,2022-01-21,LAC @ PHI,W
22021,BOS,Boston Celtics,0022100688,2022-01-21,BOS vs. POR,L
22021,BKN,Brooklyn Nets,0022100691,2022-01-21,BKN @ SAS,W
22021,MIA,Miami Heat,0022100687,2022-01-21,MIA @ ATL,L
22021,POR,Portland Trail Blazers,0022100688,2022-01-21,POR @ BOS,W
22021,MIL,Milwaukee Bucks,0022100690,2022-01-21,MIL vs. CHI,W
22021,MEM,Memphis Grizzlies,0022100692,2022-01-21,MEM @ DEN,W
22021,HOU,Houston Rockets,0022100694,2022-01-21,HOU @ GSW,L
22021,GSW,Golden State Warriors,0022100694,2022-01-21,GSW vs. HOU,W
22021,PHI,Philadelphia 76ers,0022100686,2022-01-21,PHI vs. LAC,L
22021,CHA,Charlotte Hornets,0022100684,2022-01-21,CHA vs. OKC,W
22021,WAS,Washington Wizards,0022100689,2022-01-21,WAS vs. TOR,L
22021,DET,Detroit Pistons,0022100693,2022-01-21,DET @ UTA,L
22021,DEN,Denver Nuggets,0022100692,2022-01-21,DEN vs. MEM,L
22021,TOR,Toronto Raptors,0022100689,2022-01-21,TOR @ WAS,W
22021,UTA,Utah Jazz,0022100693,2022-01-21,UTA vs. DET,W
22021,OKC,Oklahoma City Thunder,0022100684,2022-01-21,OKC @ CHA,L
22021,SAC,Sacramento Kings,0022100696,2022-01-22,SAC @ MIL,L
22021,PHX,Phoenix Suns,0022100697,2022-01-22,PHX vs. IND,W
22021,IND,Indiana Pacers,0022100697,2022-01-22,IND @ PHX,L
22021,MIL,Milwaukee Bucks,0022100696,2022-01-22,MIL vs. SAC,W
22021,OKC,Oklahoma City Thunder,0022100695,2022-01-22,OKC @ CLE,L
22021,CLE,Cleveland Cavaliers,0022100695,2022-01-22,CLE vs. OKC,W
22021,MIA,Miami Heat,0022100700,2022-01-23,MIA vs. LAL,W
22021,LAL,Los Angeles Lakers,0022100700,2022-01-23,LAL @ MIA,L
22021,BKN,Brooklyn Nets,0022100706,2022-01-23,BKN @ MIN,L
22021,MIN,Minnesota Timberwolves,0022100706,2022-01-23,MIN vs. BKN,W
22021,LAC,LA Clippers,0022100698,2022-01-23,LAC @ NYK,L
22021,CHI,Chicago Bulls,0022100701,2022-01-23,CHI @ ORL,L
22021,SAS,San Antonio Spurs,0022100704,2022-01-23,SAS vs. PHI,L
22021,TOR,Toronto Raptors,0022100702,2022-01-23,TOR vs. POR,L
22021,PHI,Philadelphia 76ers,0022100704,2022-01-23,PHI @ SAS,W
22021,CHA,Charlotte Hornets,0022100703,2022-01-23,CHA vs. ATL,L
22021,WAS,Washington Wizards,0022100699,2022-01-23,WAS vs. BOS,L
22021,ORL,Orlando Magic,0022100701,2022-01-23,ORL vs. CHI,W
22021,MEM,Memphis Grizzlies,0022100705,2022-01-23,MEM @ DAL,L
22021,DET,Detroit Pistons,0022100707,2022-01-23,DET @ DEN,L
22021,UTA,Utah Jazz,0022100708,2022-01-23,UTA @ GSW,L
22021,NYK,New York Knicks,0022100698,2022-01-23,NYK vs. LAC,W
22021,POR,Portland Trail Blazers,0022100702,2022-01-23,POR @ TOR,W
22021,GSW,Golden State Warriors,0022100708,2022-01-23,GSW vs. UTA,W
22021,DAL,Dallas Mavericks,0022100705,2022-01-23,DAL vs. MEM,W
22021,BOS,Boston Celtics,0022100699,2022-01-23,BOS @ WAS,W
22021,DEN,Denver Nuggets,0022100707,2022-01-23,DEN vs. DET,W
22021,ATL,Atlanta Hawks,0022100703,2022-01-23,ATL @ CHA,W
22021,CLE,Cleveland Cavaliers,0022100709,2022-01-24,CLE vs. NYK,W
22021,NOP,New Orleans Pelicans,0022100712,2022-01-24,NOP vs. IND,W
22021,UTA,Utah Jazz,0022100713,2022-01-24,UTA @ PHX,L
22021,NYK,New York Knicks,0022100709,2022-01-24,NYK @ CLE,L
22021,IND,Indiana Pacers,0022100712,2022-01-24,IND @ NOP,L
22021,OKC,Oklahoma City Thunder,0022100730,2022-01-24,OKC vs. CHI,L
22021,CHI,Chicago Bulls,0022100730,2022-01-24,CHI @ OKC,W
22021,PHX,Phoenix Suns,0022100713,2022-01-24,PHX vs. UTA,W
22021,BKN,Brooklyn Nets,0022100718,2022-01-25,BKN vs. LAL,L
22021,POR,Portland Trail Blazers,0022100721,2022-01-25,POR vs. MIN,L
22021,LAL,Los Angeles Lakers,0022100718,2022-01-25,LAL @ BKN,W
22021,NOP,New Orleans Pelicans,0022100454,2022-01-25,NOP @ PHI,L
22021,MIN,Minnesota Timberwolves,0022100721,2022-01-25,MIN @ POR,W
22021,BOS,Boston Celtics,0022100717,2022-01-25,BOS vs. SAC,W
22021,HOU,Houston Rockets,0022100719,2022-01-25,HOU vs. SAS,L
22021,SAC,Sacramento Kings,0022100717,2022-01-25,SAC @ BOS,L
22021,PHI,Philadelphia 76ers,0022100454,2022-01-25,PHI vs. NOP,W
22021,GSW,Golden State Warriors,0022100720,2022-01-25,GSW vs. DAL,W
22021,DET,Detroit Pistons,0022100714,2022-01-25,DET vs. DEN,L
22021,DAL,Dallas Mavericks,0022100720,2022-01-25,DAL @ GSW,L
22021,SAS,San Antonio Spurs,0022100719,2022-01-25,SAS @ HOU,W
22021,WAS,Washington Wizards,0022100716,2022-01-25,WAS vs. LAC,L
22021,CHA,Charlotte Hornets,0022100715,2022-01-25,CHA @ TOR,L
22021,LAC,LA Clippers,0022100716,2022-01-25,LAC @ WAS,W
22021,DEN,Denver Nuggets,0022100714,2022-01-25,DEN @ DET,W
22021,TOR,Toronto Raptors,0022100715,2022-01-25,TOR vs. CHA,W
22021,NYK,New York Knicks,0022100727,2022-01-26,NYK @ MIA,L
22021,CLE,Cleveland Cavaliers,0022100722,2022-01-26,CLE vs. MIL,W
22021,DEN,Denver Nuggets,0022100453,2022-01-26,DEN @ BKN,W
22021,MIA,Miami Heat,0022100727,2022-01-26,MIA vs. NYK,W
22021,LAC,LA Clippers,0022100724,2022-01-26,LAC @ ORL,W
22021,CHA,Charlotte Hornets,0022100723,2022-01-26,CHA @ IND,W
22021,UTA,Utah Jazz,0022100731,2022-01-26,UTA vs. PHX,L
22021,DAL,Dallas Mavericks,0022100732,2022-01-26,DAL @ POR,W
22021,ATL,Atlanta Hawks,0022100725,2022-01-26,ATL vs. SAC,W
22021,MEM,Memphis Grizzlies,0022100728,2022-01-26,MEM @ SAS,W
22021,SAC,Sacramento Kings,0022100725,2022-01-26,SAC @ ATL,L
22021,MIL,Milwaukee Bucks,0022100722,2022-01-26,MIL @ CLE,L
22021,TOR,Toronto Raptors,0022100472,2022-01-26,TOR @ CHI,L
22021,POR,Portland Trail Blazers,0022100732,2022-01-26,POR vs. DAL,L
22021,BKN,Brooklyn Nets,0022100453,2022-01-26,BKN vs. DEN,L
22021,ORL,Orlando Magic,0022100724,2022-01-26,ORL vs. LAC,L
22021,CHI,Chicago Bulls,0022100472,2022-01-26,CHI vs. TOR,W
22021,PHX,Phoenix Suns,0022100731,2022-01-26,PHX @ UTA,W
22021,SAS,San Antonio Spurs,0022100728,2022-01-26,SAS vs. MEM,L
22021,IND,Indiana Pacers,0022100723,2022-01-26,IND vs. CHA,L
22021,PHI,Philadelphia 76ers,0022100733,2022-01-27,PHI vs. LAL,W
22021,GSW,Golden State Warriors,0022100734,2022-01-27,GSW vs. MIN,W
22021,LAL,Los Angeles Lakers,0022100733,2022-01-27,LAL @ PHI,L
22021,MIN,Minnesota Timberwolves,0022100734,2022-01-27,MIN @ GSW,L
22021,CHA,Charlotte Hornets,0022100735,2022-01-28,CHA vs. LAL,W
22021,LAC,LA Clippers,0022100738,2022-01-28,LAC @ MIA,L
22021,NYK,New York Knicks,0022100744,2022-01-28,NYK @ MIL,L
22021,PHX,Phoenix Suns,0022100743,2022-01-28,PHX vs. MIN,W
22021,MIL,Milwaukee Bucks,0022100744,2022-01-28,MIL vs. NYK,W
22021,DET,Detroit Pistons,0022100736,2022-01-28,DET @ ORL,L
22021,OKC,Oklahoma City Thunder,0022100741,2022-01-28,OKC vs. IND,L
22021,MIN,Minnesota Timberwolves,0022100743,2022-01-28,MIN @ PHX,L
22021,HOU,Houston Rockets,0022100739,2022-01-28,HOU vs. POR,L
22021,CHI,Chicago Bulls,0022100742,2022-01-28,CHI @ SAS,L
22021,BOS,Boston Celtics,0022100737,2022-01-28,BOS @ ATL,L
22021,ATL,Atlanta Hawks,0022100737,2022-01-28,ATL vs. BOS,W
22021,DEN,Denver Nuggets,0022100729,2022-01-28,DEN @ NOP,W
22021,SAS,San Antonio Spurs,0022100742,2022-01-28,SAS vs. CHI,W
22021,NOP,New Orleans Pelicans,0022100729,2022-01-28,NOP vs. DEN,L
22021,POR,Portland Trail Blazers,0022100739,2022-01-28,POR @ HOU,W
22021,MIA,Miami Heat,0022100738,2022-01-28,MIA vs. LAC,W
22021,IND,Indiana Pacers,0022100741,2022-01-28,IND @ OKC,W
22021,MEM,Memphis Grizzlies,0022100740,2022-01-28,MEM vs. UTA,W
22021,UTA,Utah Jazz,0022100740,2022-01-28,UTA @ MEM,L
22021,ORL,Orlando Magic,0022100736,2022-01-28,ORL vs. DET,W
22021,LAL,Los Angeles Lakers,0022100735,2022-01-28,LAL @ CHA,L
22021,TOR,Toronto Raptors,0022100748,2022-01-29,TOR @ MIA,W
22021,GSW,Golden State Warriors,0022100750,2022-01-29,GSW vs. BKN,W
22021,DAL,Dallas Mavericks,0022100746,2022-01-29,DAL vs. IND,W
22021,SAC,Sacramento Kings,0022100747,2022-01-29,SAC @ PHI,L
22021,PHI,Philadelphia 76ers,0022100747,2022-01-29,PHI vs. SAC,W
22021,NOP,New Orleans Pelicans,0022100745,2022-01-29,NOP vs. BOS,L
22021,BOS,Boston Celtics,0022100745,2022-01-29,BOS @ NOP,W
22021,IND,Indiana Pacers,0022100746,2022-01-29,IND @ DAL,L
22021,BKN,Brooklyn Nets,0022100750,2022-01-29,BKN @ GSW,L
22021,MIA,Miami Heat,0022100748,2022-01-29,MIA vs. TOR,L
22021,WAS,Washington Wizards,0022100749,2022-01-29,WAS @ MEM,L
22021,MEM,Memphis Grizzlies,0022100749,2022-01-29,MEM vs. WAS,W
22021,ATL,Atlanta Hawks,0022100751,2022-01-30,ATL vs. LAL,W
22021,DEN,Denver Nuggets,0022100756,2022-01-30,DEN @ MIL,W
22021,UTA,Utah Jazz,0022100757,2022-01-30,UTA @ MIN,L
22021,DAL,Dallas Mavericks,0022100755,2022-01-30,DAL @ ORL,L
22021,SAS,San Antonio Spurs,0022100758,2022-01-30,SAS @ PHX,L
22021,CHI,Chicago Bulls,0022100753,2022-01-30,CHI vs. POR,W
22021,PHX,Phoenix Suns,0022100758,2022-01-30,PHX vs. SAS,W
22021,LAL,Los Angeles Lakers,0022100751,2022-01-30,LAL @ ATL,L
22021,DET,Detroit Pistons,0022100754,2022-01-30,DET vs. CLE,W
22021,POR,Portland Trail Blazers,0022100753,2022-01-30,POR @ CHI,L
22021,ORL,Orlando Magic,0022100755,2022-01-30,ORL vs. DAL,W
22021,MIL,Milwaukee Bucks,0022100756,2022-01-30,MIL vs. DEN,L
22021,CHA,Charlotte Hornets,0022100752,2022-01-30,CHA vs. LAC,L
22021,MIN,Minnesota Timberwolves,0022100757,2022-01-30,MIN vs. UTA,W
22021,CLE,Cleveland Cavaliers,0022100754,2022-01-30,CLE @ DET,L
22021,LAC,LA Clippers,0022100752,2022-01-30,LAC @ CHA,W
22021,BOS,Boston Celtics,0022100762,2022-01-31,BOS vs. MIA,W
22021,SAC,Sacramento Kings,0022100763,2022-01-31,SAC @ NYK,L
22021,LAC,LA Clippers,0022100760,2022-01-31,LAC @ IND,L
22021,MEM,Memphis Grizzlies,0022100761,2022-01-31,MEM @ PHI,L
22021,OKC,Oklahoma City Thunder,0022100765,2022-01-31,OKC vs. POR,W
22021,NYK,New York Knicks,0022100763,2022-01-31,NYK vs. SAC,W
22021,TOR,Toronto Raptors,0022100767,2022-01-31,TOR @ ATL,W
22021,MIA,Miami Heat,0022100762,2022-01-31,MIA @ BOS,L
22021,NOP,New Orleans Pelicans,0022100759,2022-01-31,NOP @ CLE,L
22021,CLE,Cleveland Cavaliers,0022100759,2022-01-31,CLE vs. NOP,W
22021,HOU,Houston Rockets,0022100764,2022-01-31,HOU vs. GSW,L
22021,GSW,Golden State Warriors,0022100764,2022-01-31,GSW @ HOU,W
22021,IND,Indiana Pacers,0022100760,2022-01-31,IND vs. LAC,W
22021,POR,Portland Trail Blazers,0022100765,2022-01-31,POR @ OKC,L
22021,ATL,Atlanta Hawks,0022100767,2022-01-31,ATL vs. TOR,L
22021,PHI,Philadelphia 76ers,0022100761,2022-01-31,PHI vs. MEM,W
22021,TOR,Toronto Raptors,0022100784,2022-02-01,TOR vs. MIA,W
22021,WAS,Washington Wizards,0022100768,2022-02-01,WAS @ MIL,L
22021,DEN,Denver Nuggets,0022100770,2022-02-01,DEN @ MIN,L
22021,PHX,Phoenix Suns,0022100772,2022-02-01,PHX vs. BKN,W
22021,CHI,Chicago Bulls,0022100769,2022-02-01,CHI vs. ORL,W
22021,BKN,Brooklyn Nets,0022100772,2022-02-01,BKN @ PHX,L
22021,GSW,Golden State Warriors,0022100771,2022-02-01,GSW @ SAS,W
22021,DET,Detroit Pistons,0022100766,2022-02-01,DET vs. NOP,L
22021,ORL,Orlando Magic,0022100769,2022-02-01,ORL @ CHI,L
22021,MIN,Minnesota Timberwolves,0022100770,2022-02-01,MIN vs. DEN,W
22021,SAS,San Antonio Spurs,0022100771,2022-02-01,SAS vs. GSW,L
22021,MIA,Miami Heat,0022100784,2022-02-01,MIA @ TOR,L
22021,MIL,Milwaukee Bucks,0022100768,2022-02-01,MIL vs. WAS,W
22021,NOP,New Orleans Pelicans,0022100766,2022-02-01,NOP @ DET,W
22021,POR,Portland Trail Blazers,0022100781,2022-02-02,POR @ LAL,L
22021,SAC,Sacramento Kings,0022100780,2022-02-02,SAC vs. BKN,W
22021,MEM,Memphis Grizzlies,0022100776,2022-02-02,MEM @ NYK,W
22021,IND,Indiana Pacers,0022100773,2022-02-02,IND vs. ORL,L
22021,ORL,Orlando Magic,0022100773,2022-02-02,ORL @ IND,W
22021,WAS,Washington Wizards,0022100774,2022-02-02,WAS @ PHI,W
22021,LAL,Los Angeles Lakers,0022100781,2022-02-02,LAL vs. POR,W
22021,BKN,Brooklyn Nets,0022100780,2022-02-02,BKN @ SAC,L
22021,CHA,Charlotte Hornets,0022100775,2022-02-02,CHA @ BOS,L
22021,HOU,Houston Rockets,0022100777,2022-02-02,HOU vs. CLE,W
22021,OKC,Oklahoma City Thunder,0022100778,2022-02-02,OKC @ DAL,W
22021,UTA,Utah Jazz,0022100779,2022-02-02,UTA vs. DEN,W
22021,CLE,Cleveland Cavaliers,0022100777,2022-02-02,CLE @ HOU,L
22021,DAL,Dallas Mavericks,0022100778,2022-02-02,DAL vs. OKC,L
22021,DEN,Denver Nuggets,0022100779,2022-02-02,DEN @ UTA,L
22021,NYK,New York Knicks,0022100776,2022-02-02,NYK vs. MEM,L
22021,PHI,Philadelphia 76ers,0022100774,2022-02-02,PHI vs. WAS,L
22021,BOS,Boston Celtics,0022100775,2022-02-02,BOS vs. CHA,W
22021,LAC,LA Clippers,0022100786,2022-02-03,LAC vs. LAL,W
22021,SAS,San Antonio Spurs,0022100521,2022-02-03,SAS vs. MIA,L
22021,DET,Detroit Pistons,0022100782,2022-02-03,DET vs. MIN,L
22021,ATL,Atlanta Hawks,0022100783,2022-02-03,ATL vs. PHX,W
22021,GSW,Golden State Warriors,0022100785,2022-02-03,GSW vs. SAC,W
22021,MIA,Miami Heat,0022100521,2022-02-03,MIA @ SAS,W
22021,PHX,Phoenix Suns,0022100783,2022-02-03,PHX @ ATL,L
22021,TOR,Toronto Raptors,0022100430,2022-02-03,TOR vs. CHI,W
22021,SAC,Sacramento Kings,0022100785,2022-02-03,SAC @ GSW,L
22021,LAL,Los Angeles Lakers,0022100786,2022-02-03,LAL @ LAC,L
22021,CHI,Chicago Bulls,0022100430,2022-02-03,CHI @ TOR,L
22021,MIN,Minnesota Timberwolves,0022100782,2022-02-03,MIN @ DET,W
22021,UTA,Utah Jazz,0022100793,2022-02-04,UTA vs. BKN,W
22021,CHI,Chicago Bulls,0022100789,2022-02-04,CHI @ IND,W
22021,DAL,Dallas Mavericks,0022100791,2022-02-04,DAL vs. PHI,W
22021,OKC,Oklahoma City Thunder,0022100795,2022-02-04,OKC @ POR,W
22021,HOU,Houston Rockets,0022100792,2022-02-04,HOU @ SAS,L
22021,TOR,Toronto Raptors,0022100790,2022-02-04,TOR vs. ATL,W
22021,DET,Detroit Pistons,0022100788,2022-02-04,DET vs. BOS,L
22021,CHA,Charlotte Hornets,0022100787,2022-02-04,CHA vs. CLE,L
22021,DEN,Denver Nuggets,0022100794,2022-02-04,DEN vs. NOP,L
22021,IND,Indiana Pacers,0022100789,2022-02-04,IND vs. CHI,L
22021,PHI,Philadelphia 76ers,0022100791,2022-02-04,PHI @ DAL,L
22021,NOP,New Orleans Pelicans,0022100794,2022-02-04,NOP @ DEN,W
22021,SAS,San Antonio Spurs,0022100792,2022-02-04,SAS vs. HOU,W
22021,POR,Portland Trail Blazers,0022100795,2022-02-04,POR vs. OKC,L
22021,ATL,Atlanta Hawks,0022100790,2022-02-04,ATL @ TOR,L
22021,BKN,Brooklyn Nets,0022100793,2022-02-04,BKN @ UTA,L
22021,BOS,Boston Celtics,0022100788,2022-02-04,BOS @ DET,W
22021,CLE,Cleveland Cavaliers,0022100787,2022-02-04,CLE @ CHA,W
22021,NYK,New York Knicks,0022100799,2022-02-05,NYK @ LAL,L
22021,CHA,Charlotte Hornets,0022100797,2022-02-05,CHA vs. MIA,L
22021,POR,Portland Trail Blazers,0022100800,2022-02-05,POR vs. MIL,L
22021,LAL,Los Angeles Lakers,0022100799,2022-02-05,LAL vs. NYK,W
22021,MEM,Memphis Grizzlies,0022100796,2022-02-05,MEM @ ORL,W
22021,WAS,Washington Wizards,0022100798,2022-02-05,WAS vs. PHX,L
22021,MIL,Milwaukee Bucks,0022100800,2022-02-05,MIL @ POR,W
22021,OKC,Oklahoma City Thunder,0022100801,2022-02-05,OKC @ SAC,L
22021,SAC,Sacramento Kings,0022100801,2022-02-05,SAC vs. OKC,W
22021,ORL,Orlando Magic,0022100796,2022-02-05,ORL vs. MEM,L
22021,PHX,Phoenix Suns,0022100798,2022-02-05,PHX @ WAS,W
22021,MIA,Miami Heat,0022100797,2022-02-05,MIA @ CHA,W
22021,LAC,LA Clippers,0022100809,2022-02-06,LAC vs. MIL,L
22021,DET,Detroit Pistons,0022100803,2022-02-06,DET @ MIN,L
22021,DEN,Denver Nuggets,0022100804,2022-02-06,DEN vs. BKN,W
22021,BOS,Boston Celtics,0022100806,2022-02-06,BOS @ ORL,W
22021,CLE,Cleveland Cavaliers,0022100805,2022-02-06,CLE vs. IND,W
22021,CHI,Chicago Bulls,0022100802,2022-02-06,CHI vs. PHI,L
22021,DAL,Dallas Mavericks,0022100807,2022-02-06,DAL vs. ATL,W
22021,ORL,Orlando Magic,0022100806,2022-02-06,ORL vs. BOS,L
22021,IND,Indiana Pacers,0022100805,2022-02-06,IND @ CLE,L
22021,HOU,Houston Rockets,0022100808,2022-02-06,HOU vs. NOP,L
22021,PHI,Philadelphia 76ers,0022100802,2022-02-06,PHI @ CHI,W
22021,ATL,Atlanta Hawks,0022100807,2022-02-06,ATL @ DAL,L
22021,BKN,Brooklyn Nets,0022100804,2022-02-06,BKN @ DEN,L
22021,NOP,New Orleans Pelicans,0022100808,2022-02-06,NOP @ HOU,W
22021,MIL,Milwaukee Bucks,0022100809,2022-02-06,MIL @ LAC,W
22021,MIN,Minnesota Timberwolves,0022100803,2022-02-06,MIN vs. DET,W
22021,WAS,Washington Wizards,0022100811,2022-02-07,WAS vs. MIA,L
22021,UTA,Utah Jazz,0022100814,2022-02-07,UTA vs. NYK,W
22021,CHI,Chicago Bulls,0022100812,2022-02-07,CHI vs. PHX,L
22021,PHX,Phoenix Suns,0022100812,2022-02-07,PHX @ CHI,W
22021,OKC,Oklahoma City Thunder,0022100813,2022-02-07,OKC vs. GSW,L
22021,GSW,Golden State Warriors,0022100813,2022-02-07,GSW @ OKC,W
22021,CHA,Charlotte Hornets,0022100810,2022-02-07,CHA vs. TOR,L
22021,NYK,New York Knicks,0022100814,2022-02-07,NYK @ UTA,L
22021,MIA,Miami Heat,0022100811,2022-02-07,MIA @ WAS,W
22021,TOR,Toronto Raptors,0022100810,2022-02-07,TOR @ CHA,W
22021,MIL,Milwaukee Bucks,0022100822,2022-02-08,MIL @ LAL,W
22021,LAL,Los Angeles Lakers,0022100822,2022-02-08,LAL vs. MIL,L
22021,SAC,Sacramento Kings,0022100824,2022-02-08,SAC vs. MIN,L
22021,BOS,Boston Celtics,0022100817,2022-02-08,BOS @ BKN,W
22021,DEN,Denver Nuggets,0022100821,2022-02-08,DEN vs. NYK,W
22021,POR,Portland Trail Blazers,0022100823,2022-02-08,POR vs. ORL,L
22021,ATL,Atlanta Hawks,0022100816,2022-02-08,ATL vs. IND,W
22021,PHX,Phoenix Suns,0022100815,2022-02-08,PHX @ PHI,W
22021,PHI,Philadelphia 76ers,0022100815,2022-02-08,PHI vs. PHX,L
22021,ORL,Orlando Magic,0022100823,2022-02-08,ORL @ POR,W
22021,MIN,Minnesota Timberwolves,0022100824,2022-02-08,MIN @ SAC,W
22021,IND,Indiana Pacers,0022100816,2022-02-08,IND @ ATL,L
22021,BKN,Brooklyn Nets,0022100817,2022-02-08,BKN vs. BOS,L
22021,HOU,Houston Rockets,0022100819,2022-02-08,HOU @ NOP,L
22021,DET,Detroit Pistons,0022100820,2022-02-08,DET @ DAL,L
22021,NYK,New York Knicks,0022100821,2022-02-08,NYK @ DEN,L
22021,NOP,New Orleans Pelicans,0022100819,2022-02-08,NOP vs. HOU,W
22021,MEM,Memphis Grizzlies,0022100818,2022-02-08,MEM vs. LAC,W
22021,LAC,LA Clippers,0022100818,2022-02-08,LAC @ MEM,L
22021,DAL,Dallas Mavericks,0022100820,2022-02-08,DAL vs. DET,W
22021,POR,Portland Trail Blazers,0022100829,2022-02-09,POR vs. LAL,W
22021,SAC,Sacramento Kings,0022100830,2022-02-09,SAC vs. MIN,W
22021,LAL,Los Angeles Lakers,0022100829,2022-02-09,LAL @ POR,L
22021,MIN,Minnesota Timberwolves,0022100830,2022-02-09,MIN @ SAC,L
22021,CLE,Cleveland Cavaliers,0022100825,2022-02-09,CLE vs. SAS,W
22021,SAS,San Antonio Spurs,0022100825,2022-02-09,SAS @ CLE,L
22021,CHA,Charlotte Hornets,0022100826,2022-02-09,CHA vs. CHI,L
22021,UTA,Utah Jazz,0022100828,2022-02-09,UTA vs. GSW,W
22021,TOR,Toronto Raptors,0022100827,2022-02-09,TOR @ OKC,W
22021,OKC,Oklahoma City Thunder,0022100827,2022-02-09,OKC vs. TOR,L
22021,GSW,Golden State Warriors,0022100828,2022-02-09,GSW @ UTA,L
22021,CHI,Chicago Bulls,0022100826,2022-02-09,CHI @ CHA,W
22021,NOP,New Orleans Pelicans,0022100833,2022-02-10,NOP vs. MIA,L
22021,PHX,Phoenix Suns,0022100836,2022-02-10,PHX vs. MIL,W
22021,WAS,Washington Wizards,0022100832,2022-02-10,WAS vs. BKN,W
22021,GSW,Golden State Warriors,0022100837,2022-02-10,GSW vs. NYK,L
22021,MIL,Milwaukee Bucks,0022100836,2022-02-10,MIL @ PHX,L
22021,MIA,Miami Heat,0022100833,2022-02-10,MIA @ NOP,W
22021,LAC,LA Clippers,0022100835,2022-02-10,LAC @ DAL,L
22021,NYK,New York Knicks,0022100837,2022-02-10,NYK @ GSW,W
22021,TOR,Toronto Raptors,0022100834,2022-02-10,TOR @ HOU,W
22021,DAL,Dallas Mavericks,0022100835,2022-02-10,DAL vs. LAC,W
22021,HOU,Houston Rockets,0022100834,2022-02-10,HOU vs. TOR,L
22021,DET,Detroit Pistons,0022100831,2022-02-10,DET vs. MEM,L
22021,BKN,Brooklyn Nets,0022100832,2022-02-10,BKN @ WAS,L
22021,MEM,Memphis Grizzlies,0022100831,2022-02-10,MEM @ DET,W
22021,CHI,Chicago Bulls,0022100843,2022-02-11,CHI vs. MIN,W
22021,UTA,Utah Jazz,0022100844,2022-02-11,UTA vs. ORL,W
22021,CLE,Cleveland Cavaliers,0022100839,2022-02-11,CLE @ IND,W
22021,OKC,Oklahoma City Thunder,0022100840,2022-02-11,OKC @ PHI,L
22021,ATL,Atlanta Hawks,0022100841,2022-02-11,ATL vs. SAS,L
22021,SAS,San Antonio Spurs,0022100841,2022-02-11,SAS @ ATL,W
22021,DEN,Denver Nuggets,0022100842,2022-02-11,DEN @ BOS,L
22021,IND,Indiana Pacers,0022100839,2022-02-11,IND vs. CLE,L
22021,MIN,Minnesota Timberwolves,0022100843,2022-02-11,MIN @ CHI,L
22021,BOS,Boston Celtics,0022100842,2022-02-11,BOS vs. DEN,W
22021,PHI,Philadelphia 76ers,0022100840,2022-02-11,PHI vs. OKC,W
22021,ORL,Orlando Magic,0022100844,2022-02-11,ORL @ UTA,L
22021,CHA,Charlotte Hornets,0022100838,2022-02-11,CHA @ DET,W
22021,DET,Detroit Pistons,0022100838,2022-02-11,DET vs. CHA,L
22021,GSW,Golden State Warriors,0022100854,2022-02-12,GSW vs. LAL,W
22021,BKN,Brooklyn Nets,0022100851,2022-02-12,BKN @ MIA,L
22021,MIA,Miami Heat,0022100851,2022-02-12,MIA vs. BKN,W
22021,POR,Portland Trail Blazers,0022100845,2022-02-12,POR vs. NYK,W
22021,PHX,Phoenix Suns,0022100855,2022-02-12,PHX vs. ORL,W
22021,CLE,Cleveland Cavaliers,0022100849,2022-02-12,CLE @ PHI,L
22021,ORL,Orlando Magic,0022100855,2022-02-12,ORL @ PHX,L
22021,NYK,New York Knicks,0022100845,2022-02-12,NYK @ POR,L
22021,WAS,Washington Wizards,0022100847,2022-02-12,WAS vs. SAC,L
22021,NOP,New Orleans Pelicans,0022100848,2022-02-12,NOP vs. SAS,L
22021,PHI,Philadelphia 76ers,0022100849,2022-02-12,PHI vs. CLE,W
22021,SAS,San Antonio Spurs,0022100848,2022-02-12,SAS @ NOP,W
22021,OKC,Oklahoma City Thunder,0022100852,2022-02-12,OKC @ CHI,L
22021,LAC,LA Clippers,0022100853,2022-02-12,LAC @ DAL,W
22021,TOR,Toronto Raptors,0022100850,2022-02-12,TOR vs. DEN,L
22021,LAL,Los Angeles Lakers,0022100854,2022-02-12,LAL @ GSW,L
22021,DAL,Dallas Mavericks,0022100853,2022-02-12,DAL vs. LAC,L
22021,CHI,Chicago Bulls,0022100852,2022-02-12,CHI vs. OKC,W
22021,DEN,Denver Nuggets,0022100850,2022-02-12,DEN @ TOR,W
22021,CHA,Charlotte Hornets,0022100846,2022-02-12,CHA vs. MEM,L
22021,SAC,Sacramento Kings,0022100847,2022-02-12,SAC @ WAS,W
22021,MEM,Memphis Grizzlies,0022100846,2022-02-12,MEM @ CHA,W
22021,IND,Indiana Pacers,0022100857,2022-02-13,IND vs. MIN,L
22021,MIN,Minnesota Timberwolves,0022100857,2022-02-13,MIN @ IND,W
22021,BOS,Boston Celtics,0022100856,2022-02-13,BOS vs. ATL,W
22021,ATL,Atlanta Hawks,0022100856,2022-02-13,ATL @ BOS,L
22021,POR,Portland Trail Blazers,0022100862,2022-02-14,POR @ MIL,W
22021,SAC,Sacramento Kings,0022100859,2022-02-14,SAC @ BKN,L
22021,OKC,Oklahoma City Thunder,0022100860,2022-02-14,OKC @ NYK,W
22021,DEN,Denver Nuggets,0022100864,2022-02-14,DEN vs. ORL,W
22021,MIL,Milwaukee Bucks,0022100862,2022-02-14,MIL vs. POR,L
22021,BKN,Brooklyn Nets,0022100859,2022-02-14,BKN vs. SAC,W
22021,CHI,Chicago Bulls,0022100861,2022-02-14,CHI vs. SAS,W
22021,TOR,Toronto Raptors,0022100863,2022-02-14,TOR @ NOP,L
22021,SAS,San Antonio Spurs,0022100861,2022-02-14,SAS @ CHI,L
22021,ORL,Orlando Magic,0022100864,2022-02-14,ORL @ DEN,L
22021,LAC,LA Clippers,0022100866,2022-02-14,LAC vs. GSW,W
22021,UTA,Utah Jazz,0022100865,2022-02-14,UTA vs. HOU,W
22021,GSW,Golden State Warriors,0022100866,2022-02-14,GSW @ LAC,L
22021,NYK,New York Knicks,0022100860,2022-02-14,NYK vs. OKC,L
22021,NOP,New Orleans Pelicans,0022100863,2022-02-14,NOP vs. TOR,W
22021,HOU,Houston Rockets,0022100865,2022-02-14,HOU @ UTA,L
22021,DET,Detroit Pistons,0022100858,2022-02-14,DET @ WAS,L
22021,WAS,Washington Wizards,0022100858,2022-02-14,WAS vs. DET,W
22021,DAL,Dallas Mavericks,0022100868,2022-02-15,DAL @ MIA,W
22021,IND,Indiana Pacers,0022100870,2022-02-15,IND @ MIL,L
22021,CHA,Charlotte Hornets,0022100871,2022-02-15,CHA @ MIN,L
22021,MIL,Milwaukee Bucks,0022100870,2022-02-15,MIL vs. IND,W
22021,BOS,Boston Celtics,0022100869,2022-02-15,BOS @ PHI,W
22021,LAC,LA Clippers,0022100873,2022-02-15,LAC @ PHX,L
22021,CLE,Cleveland Cavaliers,0022100867,2022-02-15,CLE @ ATL,L
22021,PHI,Philadelphia 76ers,0022100869,2022-02-15,PHI vs. BOS,L
22021,ATL,Atlanta Hawks,0022100867,2022-02-15,ATL vs. CLE,W
22021,MEM,Memphis Grizzlies,0022100872,2022-02-15,MEM @ NOP,W
22021,MIA,Miami Heat,0022100868,2022-02-15,MIA vs. DAL,L
22021,PHX,Phoenix Suns,0022100873,2022-02-15,PHX vs. LAC,W
22021,NOP,New Orleans Pelicans,0022100872,2022-02-15,NOP vs. MEM,L
22021,MIN,Minnesota Timberwolves,0022100871,2022-02-15,MIN vs. CHA,W
22021,UTA,Utah Jazz,0022100884,2022-02-16,UTA @ LAL,L
22021,TOR,Toronto Raptors,0022100880,2022-02-16,TOR @ MIN,W
22021,NYK,New York Knicks,0022100877,2022-02-16,NYK vs. BKN,L
22021,BKN,Brooklyn Nets,0022100877,2022-02-16,BKN @ NYK,W
22021,ATL,Atlanta Hawks,0022100874,2022-02-16,ATL @ ORL,W
22021,WAS,Washington Wizards,0022100876,2022-02-16,WAS @ IND,L
22021,HOU,Houston Rockets,0022100882,2022-02-16,HOU @ PHX,L
22021,MEM,Memphis Grizzlies,0022100879,2022-02-16,MEM vs. POR,L
22021,CHI,Chicago Bulls,0022100878,2022-02-16,CHI vs. SAC,W
22021,OKC,Oklahoma City Thunder,0022100881,2022-02-16,OKC vs. SAS,L
22021,ORL,Orlando Magic,0022100874,2022-02-16,ORL vs. ATL,L
22021,DET,Detroit Pistons,0022100875,2022-02-16,DET @ BOS,W
22021,SAC,Sacramento Kings,0022100878,2022-02-16,SAC @ CHI,L
22021,GSW,Golden State Warriors,0022100883,2022-02-16,GSW vs. DEN,L
22021,DEN,Denver Nuggets,0022100883,2022-02-16,DEN @ GSW,W
22021,PHX,Phoenix Suns,0022100882,2022-02-16,PHX vs. HOU,W
22021,SAS,San Antonio Spurs,0022100881,2022-02-16,SAS @ OKC,W
22021,MIN,Minnesota Timberwolves,0022100880,2022-02-16,MIN vs. TOR,L
22021,LAL,Los Angeles Lakers,0022100884,2022-02-16,LAL vs. UTA,W
22021,POR,Portland Trail Blazers,0022100879,2022-02-16,POR @ MEM,W
22021,IND,Indiana Pacers,0022100876,2022-02-16,IND vs. WAS,W
22021,BOS,Boston Celtics,0022100875,2022-02-16,BOS vs. DET,L
22021,CHA,Charlotte Hornets,0022100885,2022-02-17,CHA vs. MIA,L
22021,PHI,Philadelphia 76ers,0022100887,2022-02-17,PHI @ MIL,W
22021,WAS,Washington Wizards,0022100464,2022-02-17,WAS @ BKN,W
22021,MIL,Milwaukee Bucks,0022100887,2022-02-17,MIL vs. PHI,L
22021,DAL,Dallas Mavericks,0022100886,2022-02-17,DAL @ NOP,W
22021,NOP,New Orleans Pelicans,0022100886,2022-02-17,NOP vs. DAL,L
22021,LAC,LA Clippers,0022100888,2022-02-17,LAC vs. HOU,W
22021,HOU,Houston Rockets,0022100888,2022-02-17,HOU @ LAC,L
22021,BKN,Brooklyn Nets,0022100464,2022-02-17,BKN vs. WAS,L
22021,MIA,Miami Heat,0022100885,2022-02-17,MIA @ CHA,W
22021,MEM,Memphis Grizzlies,0022100892,2022-02-24,MEM @ MIN,L
22021,BOS,Boston Celtics,0022100890,2022-02-24,BOS @ BKN,W
22021,OKC,Oklahoma City Thunder,0022100893,2022-02-24,OKC vs. PHX,L
22021,GSW,Golden State Warriors,0022100894,2022-02-24,GSW @ POR,W
22021,DEN,Denver Nuggets,0022100895,2022-02-24,DEN @ SAC,W
22021,CHI,Chicago Bulls,0022100891,2022-02-24,CHI vs. ATL,W
22021,BKN,Brooklyn Nets,0022100890,2022-02-24,BKN vs. BOS,L
22021,DET,Detroit Pistons,0022100889,2022-02-24,DET vs. CLE,W
22021,ATL,Atlanta Hawks,0022100891,2022-02-24,ATL @ CHI,L
22021,SAC,Sacramento Kings,0022100895,2022-02-24,SAC vs. DEN,L
22021,POR,Portland Trail Blazers,0022100894,2022-02-24,POR vs. GSW,L
22021,PHX,Phoenix Suns,0022100893,2022-02-24,PHX @ OKC,W
22021,MIN,Minnesota Timberwolves,0022100892,2022-02-24,MIN vs. MEM,W
22021,CLE,Cleveland Cavaliers,0022100889,2022-02-24,CLE @ DET,L
22021,LAC,LA Clippers,0022100904,2022-02-25,LAC @ LAL,W
22021,NYK,New York Knicks,0022100900,2022-02-25,NYK vs. MIA,L
22021,PHI,Philadelphia 76ers,0022100901,2022-02-25,PHI @ MIN,W
22021,MIA,Miami Heat,0022100900,2022-02-25,MIA @ NYK,W
22021,HOU,Houston Rockets,0022100898,2022-02-25,HOU @ ORL,L
22021,OKC,Oklahoma City Thunder,0022100897,2022-02-25,OKC @ IND,W
22021,MIN,Minnesota Timberwolves,0022100901,2022-02-25,MIN vs. PHI,L
22021,NOP,New Orleans Pelicans,0022100902,2022-02-25,NOP @ PHX,W
22021,WAS,Washington Wizards,0022100899,2022-02-25,WAS vs. SAS,L
22021,PHX,Phoenix Suns,0022100902,2022-02-25,PHX vs. NOP,L
22021,UTA,Utah Jazz,0022100903,2022-02-25,UTA vs. DAL,W
22021,ORL,Orlando Magic,0022100898,2022-02-25,ORL vs. HOU,W
22021,LAL,Los Angeles Lakers,0022100904,2022-02-25,LAL vs. LAC,L
22021,IND,Indiana Pacers,0022100897,2022-02-25,IND vs. OKC,L
22021,CHA,Charlotte Hornets,0022100896,2022-02-25,CHA vs. TOR,W
22021,DAL,Dallas Mavericks,0022100903,2022-02-25,DAL @ UTA,L
22021,SAS,San Antonio Spurs,0022100899,2022-02-25,SAS @ WAS,W
22021,TOR,Toronto Raptors,0022100896,2022-02-25,TOR @ CHA,L
22021,SAS,San Antonio Spurs,0022100908,2022-02-26,SAS @ MIA,L
22021,BKN,Brooklyn Nets,0022100910,2022-02-26,BKN @ MIL,W
22021,MIL,Milwaukee Bucks,0022100910,2022-02-26,MIL vs. BKN,L
22021,DEN,Denver Nuggets,0022100911,2022-02-26,DEN vs. SAC,W
22021,MIA,Miami Heat,0022100908,2022-02-26,MIA vs. SAS,W
22021,TOR,Toronto Raptors,0022100906,2022-02-26,TOR @ ATL,L
22021,DET,Detroit Pistons,0022100905,2022-02-26,DET vs. BOS,L
22021,WAS,Washington Wizards,0022100907,2022-02-26,WAS @ CLE,L
22021,MEM,Memphis Grizzlies,0022100909,2022-02-26,MEM @ CHI,W
22021,SAC,Sacramento Kings,0022100911,2022-02-26,SAC @ DEN,L
22021,ATL,Atlanta Hawks,0022100906,2022-02-26,ATL vs. TOR,W
22021,CHI,Chicago Bulls,0022100909,2022-02-26,CHI vs. MEM,L
22021,CLE,Cleveland Cavaliers,0022100907,2022-02-26,CLE vs. WAS,W
22021,BOS,Boston Celtics,0022100905,2022-02-26,BOS @ DET,W
22021,NOP,New Orleans Pelicans,0022100919,2022-02-27,NOP @ LAL,W
22021,PHI,Philadelphia 76ers,0022100912,2022-02-27,PHI @ NYK,W
22021,BOS,Boston Celtics,0022100914,2022-02-27,BOS @ IND,L
22021,NYK,New York Knicks,0022100912,2022-02-27,NYK vs. PHI,L
22021,UTA,Utah Jazz,0022100913,2022-02-27,UTA @ PHX,W
22021,DEN,Denver Nuggets,0022100918,2022-02-27,DEN @ POR,W
22021,IND,Indiana Pacers,0022100914,2022-02-27,IND vs. BOS,W
22021,LAL,Los Angeles Lakers,0022100919,2022-02-27,LAL vs. NOP,L
22021,GSW,Golden State Warriors,0022100917,2022-02-27,GSW vs. DAL,L
22021,POR,Portland Trail Blazers,0022100918,2022-02-27,POR vs. DEN,L
22021,DAL,Dallas Mavericks,0022100917,2022-02-27,DAL @ GSW,W
22021,LAC,LA Clippers,0022100916,2022-02-27,LAC @ HOU,W
22021,HOU,Houston Rockets,0022100916,2022-02-27,HOU vs. LAC,L
22021,PHX,Phoenix Suns,0022100913,2022-02-27,PHX vs. UTA,L
22021,CHA,Charlotte Hornets,0022100915,2022-02-27,CHA vs. DET,L
22021,DET,Detroit Pistons,0022100915,2022-02-27,DET @ CHA,W
22021,CHI,Chicago Bulls,0022100922,2022-02-28,CHI @ MIA,L
22021,CHA,Charlotte Hornets,0022100924,2022-02-28,CHA @ MIL,L
22021,CLE,Cleveland Cavaliers,0022100920,2022-02-28,CLE vs. MIN,L
22021,TOR,Toronto Raptors,0022100726,2022-02-28,TOR @ BKN,W
22021,IND,Indiana Pacers,0022100921,2022-02-28,IND @ ORL,L
22021,ORL,Orlando Magic,0022100921,2022-02-28,ORL vs. IND,W
22021,OKC,Oklahoma City Thunder,0022100925,2022-02-28,OKC vs. SAC,L
22021,MEM,Memphis Grizzlies,0022100923,2022-02-28,MEM vs. SAS,W
22021,MIN,Minnesota Timberwolves,0022100920,2022-02-28,MIN @ CLE,W
22021,MIA,Miami Heat,0022100922,2022-02-28,MIA vs. CHI,W
22021,SAC,Sacramento Kings,0022100925,2022-02-28,SAC @ OKC,W
22021,BKN,Brooklyn Nets,0022100726,2022-02-28,BKN vs. TOR,L
22021,SAS,San Antonio Spurs,0022100923,2022-02-28,SAS @ MEM,L
22021,MIL,Milwaukee Bucks,0022100924,2022-02-28,MIL vs. CHA,W
22021,DAL,Dallas Mavericks,0022100931,2022-03-01,DAL @ LAL,W
22021,GSW,Golden State Warriors,0022100930,2022-03-01,GSW @ MIN,L
22021,TOR,Toronto Raptors,0022100928,2022-03-01,TOR vs. BKN,W
22021,BOS,Boston Celtics,0022100927,2022-03-01,BOS vs. ATL,W
22021,ATL,Atlanta Hawks,0022100927,2022-03-01,ATL @ BOS,L
22021,LAL,Los Angeles Lakers,0022100931,2022-03-01,LAL vs. DAL,L
22021,MIN,Minnesota Timberwolves,0022100930,2022-03-01,MIN vs. GSW,W
22021,LAC,LA Clippers,0022100929,2022-03-01,LAC @ HOU,W
22021,HOU,Houston Rockets,0022100929,2022-03-01,HOU vs. LAC,L
22021,BKN,Brooklyn Nets,0022100928,2022-03-01,BKN @ TOR,L
22021,DET,Detroit Pistons,0022100926,2022-03-01,DET @ WAS,L
22021,WAS,Washington Wizards,0022100926,2022-03-01,WAS vs. DET,W
22021,MIL,Milwaukee Bucks,0022100936,2022-03-02,MIL vs. MIA,W
22021,MIA,Miami Heat,0022100936,2022-03-02,MIA @ MIL,L
22021,PHI,Philadelphia 76ers,0022100934,2022-03-02,PHI vs. NYK,W
22021,IND,Indiana Pacers,0022100933,2022-03-02,IND @ ORL,W
22021,ORL,Orlando Magic,0022100933,2022-03-02,ORL vs. IND,L
22021,NYK,New York Knicks,0022100934,2022-03-02,NYK @ PHI,L
22021,POR,Portland Trail Blazers,0022100939,2022-03-02,POR @ PHX,L
22021,PHX,Phoenix Suns,0022100939,2022-03-02,PHX vs. POR,W
22021,NOP,New Orleans Pelicans,0022100937,2022-03-02,NOP vs. SAC,W
22021,CHA,Charlotte Hornets,0022100932,2022-03-02,CHA @ CLE,W
22021,SAC,Sacramento Kings,0022100937,2022-03-02,SAC @ NOP,L
22021,OKC,Oklahoma City Thunder,0022100938,2022-03-02,OKC @ DEN,W
22021,UTA,Utah Jazz,0022100935,2022-03-02,UTA @ HOU,W
22021,DEN,Denver Nuggets,0022100938,2022-03-02,DEN vs. OKC,L
22021,HOU,Houston Rockets,0022100935,2022-03-02,HOU vs. UTA,L
22021,CLE,Cleveland Cavaliers,0022100932,2022-03-02,CLE vs. CHA,L
22021,LAC,LA Clippers,0022100945,2022-03-03,LAC vs. LAL,W
22021,BKN,Brooklyn Nets,0022100941,2022-03-03,BKN vs. MIA,L
22021,MIA,Miami Heat,0022100941,2022-03-03,MIA @ BKN,W
22021,SAS,San Antonio Spurs,0022100944,2022-03-03,SAS vs. SAC,L
22021,SAC,Sacramento Kings,0022100944,2022-03-03,SAC @ SAS,W
22021,CHI,Chicago Bulls,0022100710,2022-03-03,CHI @ ATL,L
22021,MEM,Memphis Grizzlies,0022100940,2022-03-03,MEM @ BOS,L
22021,ATL,Atlanta Hawks,0022100710,2022-03-03,ATL vs. CHI,W
22021,GSW,Golden State Warriors,0022100943,2022-03-03,GSW @ DAL,L
22021,DAL,Dallas Mavericks,0022100943,2022-03-03,DAL vs. GSW,W
22021,LAL,Los Angeles Lakers,0022100945,2022-03-03,LAL @ LAC,L
22021,DET,Detroit Pistons,0022100942,2022-03-03,DET @ TOR,W
22021,BOS,Boston Celtics,0022100940,2022-03-03,BOS vs. MEM,W
22021,TOR,Toronto Raptors,0022100942,2022-03-03,TOR vs. DET,L
22021,CHI,Chicago Bulls,0022100949,2022-03-04,CHI vs. MIL,L
22021,OKC,Oklahoma City Thunder,0022100951,2022-03-04,OKC vs. MIN,L
22021,PHX,Phoenix Suns,0022100953,2022-03-04,PHX vs. NYK,W
22021,TOR,Toronto Raptors,0022100458,2022-03-04,TOR vs. ORL,L
22021,DET,Detroit Pistons,0022100946,2022-03-04,DET vs. IND,W
22021,CLE,Cleveland Cavaliers,0022100947,2022-03-04,CLE @ PHI,L
22021,NYK,New York Knicks,0022100953,2022-03-04,NYK @ PHX,L
22021,WAS,Washington Wizards,0022100948,2022-03-04,WAS vs. ATL,L
22021,PHI,Philadelphia 76ers,0022100947,2022-03-04,PHI vs. CLE,W
22021,UTA,Utah Jazz,0022100950,2022-03-04,UTA @ NOP,L
22021,MIL,Milwaukee Bucks,0022100949,2022-03-04,MIL @ CHI,W
22021,HOU,Houston Rockets,0022100952,2022-03-04,HOU @ DEN,L
22021,DEN,Denver Nuggets,0022100952,2022-03-04,DEN vs. HOU,W
22021,MIN,Minnesota Timberwolves,0022100951,2022-03-04,MIN @ OKC,W
22021,ORL,Orlando Magic,0022100458,2022-03-04,ORL @ TOR,W
22021,NOP,New Orleans Pelicans,0022100950,2022-03-04,NOP vs. UTA,W
22021,ATL,Atlanta Hawks,0022100948,2022-03-04,ATL @ WAS,W
22021,IND,Indiana Pacers,0022100946,2022-03-04,IND @ DET,L
22021,GSW,Golden State Warriors,0022100959,2022-03-05,GSW @ LAL,L
22021,PHI,Philadelphia 76ers,0022100956,2022-03-05,PHI @ MIA,L
22021,POR,Portland Trail Blazers,0022100958,2022-03-05,POR @ MIN,L
22021,MEM,Memphis Grizzlies,0022100957,2022-03-05,MEM vs. ORL,W
22021,MIA,Miami Heat,0022100956,2022-03-05,MIA vs. PHI,W
22021,MIN,Minnesota Timberwolves,0022100958,2022-03-05,MIN vs. POR,W
22021,DAL,Dallas Mavericks,0022100954,2022-03-05,DAL vs. SAC,W
22021,CHA,Charlotte Hornets,0022100955,2022-03-05,CHA vs. SAS,W
22021,SAC,Sacramento Kings,0022100954,2022-03-05,SAC @ DAL,L
22021,LAL,Los Angeles Lakers,0022100959,2022-03-05,LAL vs. GSW,W
22021,ORL,Orlando Magic,0022100957,2022-03-05,ORL @ MEM,L
22021,SAS,San Antonio Spurs,0022100955,2022-03-05,SAS @ CHA,L
22021,PHX,Phoenix Suns,0022100961,2022-03-06,PHX @ MIL,L
22021,BOS,Boston Celtics,0022100960,2022-03-06,BOS vs. BKN,W
22021,LAC,LA Clippers,0022100966,2022-03-06,LAC vs. NYK,L
22021,WAS,Washington Wizards,0022100963,2022-03-06,WAS vs. IND,W
22021,MIL,Milwaukee Bucks,0022100961,2022-03-06,MIL vs. PHX,W
22021,BKN,Brooklyn Nets,0022100960,2022-03-06,BKN @ BOS,L
22021,TOR,Toronto Raptors,0022100962,2022-03-06,TOR @ CLE,L
22021,DEN,Denver Nuggets,0022100967,2022-03-06,DEN vs. NOP,W
22021,NOP,New Orleans Pelicans,0022100967,2022-03-06,NOP @ DEN,L
22021,MEM,Memphis Grizzlies,0022100964,2022-03-06,MEM @ HOU,L
22021,NYK,New York Knicks,0022100966,2022-03-06,NYK @ LAC,W
22021,UTA,Utah Jazz,0022100965,2022-03-06,UTA @ OKC,W
22021,CLE,Cleveland Cavaliers,0022100962,2022-03-06,CLE vs. TOR,W
22021,OKC,Oklahoma City Thunder,0022100965,2022-03-06,OKC vs. UTA,L
22021,HOU,Houston Rockets,0022100964,2022-03-06,HOU vs. MEM,W
22021,IND,Indiana Pacers,0022100963,2022-03-06,IND @ WAS,L
22021,SAS,San Antonio Spurs,0022100973,2022-03-07,SAS vs. LAL,W
22021,HOU,Houston Rockets,0022100970,2022-03-07,HOU @ MIA,L
22021,POR,Portland Trail Blazers,0022100971,2022-03-07,POR @ MIN,L
22021,SAC,Sacramento Kings,0022100974,2022-03-07,SAC vs. NYK,L
22021,CHI,Chicago Bulls,0022100969,2022-03-07,CHI @ PHI,L
22021,MIN,Minnesota Timberwolves,0022100971,2022-03-07,MIN vs. POR,W
22021,NYK,New York Knicks,0022100974,2022-03-07,NYK @ SAC,W
22021,LAL,Los Angeles Lakers,0022100973,2022-03-07,LAL @ SAS,L
22021,DET,Detroit Pistons,0022100968,2022-03-07,DET vs. ATL,W
22021,PHI,Philadelphia 76ers,0022100969,2022-03-07,PHI vs. CHI,W
22021,UTA,Utah Jazz,0022100972,2022-03-07,UTA @ DAL,L
22021,GSW,Golden State Warriors,0022100528,2022-03-07,GSW @ DEN,L
22021,DEN,Denver Nuggets,0022100528,2022-03-07,DEN vs. GSW,W
22021,MIA,Miami Heat,0022100970,2022-03-07,MIA vs. HOU,W
22021,DAL,Dallas Mavericks,0022100972,2022-03-07,DAL vs. UTA,W
22021,ATL,Atlanta Hawks,0022100968,2022-03-07,ATL @ DET,L
22021,OKC,Oklahoma City Thunder,0022100979,2022-03-08,OKC vs. MIL,L
22021,CHA,Charlotte Hornets,0022100975,2022-03-08,CHA vs. BKN,L
22021,PHX,Phoenix Suns,0022100977,2022-03-08,PHX @ ORL,W
22021,CLE,Cleveland Cavaliers,0022100976,2022-03-08,CLE @ IND,W
22021,ORL,Orlando Magic,0022100977,2022-03-08,ORL vs. PHX,L
22021,IND,Indiana Pacers,0022100976,2022-03-08,IND vs. CLE,L
22021,MEM,Memphis Grizzlies,0022100978,2022-03-08,MEM vs. NOP,W
22021,LAC,LA Clippers,0022100980,2022-03-08,LAC @ GSW,L
22021,GSW,Golden State Warriors,0022100980,2022-03-08,GSW vs. LAC,W
22021,MIL,Milwaukee Bucks,0022100979,2022-03-08,MIL @ OKC,W
22021,NOP,New Orleans Pelicans,0022100978,2022-03-08,NOP @ MEM,L
22021,BKN,Brooklyn Nets,0022100975,2022-03-08,BKN @ CHA,W
22021,HOU,Houston Rockets,0022100985,2022-03-09,HOU vs. LAL,W
22021,PHX,Phoenix Suns,0022100983,2022-03-09,PHX @ MIA,W
22021,ATL,Atlanta Hawks,0022100984,2022-03-09,ATL @ MIL,L
22021,OKC,Oklahoma City Thunder,0022100986,2022-03-09,OKC @ MIN,L
22021,DAL,Dallas Mavericks,0022100988,2022-03-09,DAL vs. NYK,L
22021,NOP,New Orleans Pelicans,0022100987,2022-03-09,NOP vs. ORL,L
22021,MIA,Miami Heat,0022100983,2022-03-09,MIA vs. PHX,L
22021,UTA,Utah Jazz,0022100990,2022-03-09,UTA vs. POR,W
22021,DEN,Denver Nuggets,0022100991,2022-03-09,DEN @ SAC,W
22021,TOR,Toronto Raptors,0022100989,2022-03-09,TOR @ SAS,W
22021,MIL,Milwaukee Bucks,0022100984,2022-03-09,MIL vs. ATL,W
22021,CHA,Charlotte Hornets,0022100981,2022-03-09,CHA vs. BOS,L
22021,ORL,Orlando Magic,0022100987,2022-03-09,ORL @ NOP,W
22021,DET,Detroit Pistons,0022100982,2022-03-09,DET vs. CHI,L
22021,NYK,New York Knicks,0022100988,2022-03-09,NYK @ DAL,W
22021,SAC,Sacramento Kings,0022100991,2022-03-09,SAC vs. DEN,L
22021,LAL,Los Angeles Lakers,0022100985,2022-03-09,LAL @ HOU,L
22021,WAS,Washington Wizards,0022100992,2022-03-09,WAS @ LAC,L
22021,MIN,Minnesota Timberwolves,0022100986,2022-03-09,MIN vs. OKC,W
22021,SAS,San Antonio Spurs,0022100989,2022-03-09,SAS vs. TOR,L
22021,POR,Portland Trail Blazers,0022100990,2022-03-09,POR @ UTA,L
22021,LAC,LA Clippers,0022100992,2022-03-09,LAC vs. WAS,W
22021,CHI,Chicago Bulls,0022100982,2022-03-09,CHI @ DET,W
22021,BOS,Boston Celtics,0022100981,2022-03-09,BOS @ CHA,W
22021,PHI,Philadelphia 76ers,0022100993,2022-03-10,PHI vs. BKN,L
22021,BKN,Brooklyn Nets,0022100993,2022-03-10,BKN @ PHI,W
22021,GSW,Golden State Warriors,0022100994,2022-03-10,GSW @ DEN,W
22021,DEN,Denver Nuggets,0022100994,2022-03-10,DEN vs. GSW,L
22021,WAS,Washington Wizards,0022101004,2022-03-11,WAS @ LAL,L
22021,CLE,Cleveland Cavaliers,0022100998,2022-03-11,CLE @ MIA,L
22021,ORL,Orlando Magic,0022100995,2022-03-11,ORL vs. MIN,W
22021,MEM,Memphis Grizzlies,0022101000,2022-03-11,MEM vs. NYK,W
22021,MIN,Minnesota Timberwolves,0022100995,2022-03-11,MIN @ ORL,L
22021,TOR,Toronto Raptors,0022101003,2022-03-11,TOR @ PHX,W
22021,UTA,Utah Jazz,0022101002,2022-03-11,UTA @ SAS,L
22021,LAC,LA Clippers,0022100996,2022-03-11,LAC @ ATL,L
22021,DET,Detroit Pistons,0022100997,2022-03-11,DET @ BOS,L
22021,MIA,Miami Heat,0022100998,2022-03-11,MIA vs. CLE,W
22021,CHA,Charlotte Hornets,0022101001,2022-03-11,CHA @ NOP,W
22021,HOU,Houston Rockets,0022100999,2022-03-11,HOU vs. DAL,L
22021,DAL,Dallas Mavericks,0022100999,2022-03-11,DAL @ HOU,W
22021,ATL,Atlanta Hawks,0022100996,2022-03-11,ATL vs. LAC,W
22021,PHX,Phoenix Suns,0022101003,2022-03-11,PHX vs. TOR,L
22021,SAS,San Antonio Spurs,0022101002,2022-03-11,SAS vs. UTA,W
22021,NYK,New York Knicks,0022101000,2022-03-11,NYK @ MEM,L
22021,LAL,Los Angeles Lakers,0022101004,2022-03-11,LAL vs. WAS,W
22021,BOS,Boston Celtics,0022100997,2022-03-11,BOS vs. DET,W
22021,NOP,New Orleans Pelicans,0022101001,2022-03-11,NOP vs. CHA,L
22021,MIN,Minnesota Timberwolves,0022101005,2022-03-12,MIN @ MIA,W
22021,GSW,Golden State Warriors,0022101008,2022-03-12,GSW vs. MIL,W
22021,MIA,Miami Heat,0022101005,2022-03-12,MIA vs. MIN,L
22021,SAS,San Antonio Spurs,0022101007,2022-03-12,SAS vs. IND,L
22021,WAS,Washington Wizards,0022101011,2022-03-12,WAS @ POR,L
22021,UTA,Utah Jazz,0022101010,2022-03-12,UTA vs. SAC,W
22021,IND,Indiana Pacers,0022101007,2022-03-12,IND @ SAS,W
22021,CHI,Chicago Bulls,0022101006,2022-03-12,CHI vs. CLE,W
22021,CLE,Cleveland Cavaliers,0022101006,2022-03-12,CLE @ CHI,L
22021,TOR,Toronto Raptors,0022101009,2022-03-12,TOR @ DEN,W
22021,MIL,Milwaukee Bucks,0022101008,2022-03-12,MIL @ GSW,L
22021,DEN,Denver Nuggets,0022101009,2022-03-12,DEN vs. TOR,L
22021,SAC,Sacramento Kings,0022101010,2022-03-12,SAC @ UTA,L
22021,POR,Portland Trail Blazers,0022101011,2022-03-12,POR vs. WAS,W
22021,PHX,Phoenix Suns,0022101019,2022-03-13,PHX vs. LAL,W
22021,NYK,New York Knicks,0022101012,2022-03-13,NYK @ BKN,L
22021,BKN,Brooklyn Nets,0022101012,2022-03-13,BKN vs. NYK,W
22021,PHI,Philadelphia 76ers,0022101015,2022-03-13,PHI @ ORL,W
22021,ATL,Atlanta Hawks,0022101016,2022-03-13,ATL vs. IND,W
22021,ORL,Orlando Magic,0022101015,2022-03-13,ORL vs. PHI,L
22021,LAL,Los Angeles Lakers,0022101019,2022-03-13,LAL @ PHX,L
22021,IND,Indiana Pacers,0022101016,2022-03-13,IND @ ATL,L
22021,DAL,Dallas Mavericks,0022101014,2022-03-13,DAL @ BOS,W
22021,HOU,Houston Rockets,0022101017,2022-03-13,HOU @ NOP,L
22021,BOS,Boston Celtics,0022101014,2022-03-13,BOS vs. DAL,L
22021,NOP,New Orleans Pelicans,0022101017,2022-03-13,NOP vs. HOU,W
22021,DET,Detroit Pistons,0022101013,2022-03-13,DET vs. LAC,L
22021,MEM,Memphis Grizzlies,0022101018,2022-03-13,MEM @ OKC,W
22021,OKC,Oklahoma City Thunder,0022101018,2022-03-13,OKC vs. MEM,L
22021,LAC,LA Clippers,0022101013,2022-03-13,LAC @ DET,W
22021,TOR,Toronto Raptors,0022101028,2022-03-14,TOR @ LAL,W
22021,UTA,Utah Jazz,0022101027,2022-03-14,UTA vs. MIL,L
22021,SAS,San Antonio Spurs,0022101024,2022-03-14,SAS vs. MIN,L
22021,DEN,Denver Nuggets,0022101022,2022-03-14,DEN @ PHI,W
22021,ATL,Atlanta Hawks,0022101021,2022-03-14,ATL vs. POR,W
22021,CHI,Chicago Bulls,0022101026,2022-03-14,CHI @ SAC,L
22021,MIN,Minnesota Timberwolves,0022101024,2022-03-14,MIN @ SAS,W
22021,POR,Portland Trail Blazers,0022101021,2022-03-14,POR @ ATL,L
22021,LAC,LA Clippers,0022101020,2022-03-14,LAC @ CLE,L
22021,SAC,Sacramento Kings,0022101026,2022-03-14,SAC vs. CHI,W
22021,PHI,Philadelphia 76ers,0022101022,2022-03-14,PHI vs. DEN,L
22021,WAS,Washington Wizards,0022101025,2022-03-14,WAS @ GSW,L
22021,CLE,Cleveland Cavaliers,0022101020,2022-03-14,CLE vs. LAC,W
22021,CHA,Charlotte Hornets,0022101023,2022-03-14,CHA @ OKC,W
22021,LAL,Los Angeles Lakers,0022101028,2022-03-14,LAL vs. TOR,L
22021,MIL,Milwaukee Bucks,0022101027,2022-03-14,MIL @ UTA,W
22021,GSW,Golden State Warriors,0022101025,2022-03-14,GSW vs. WAS,W
22021,OKC,Oklahoma City Thunder,0022101023,2022-03-14,OKC vs. CHA,L
22021,DET,Detroit Pistons,0022101031,2022-03-15,DET @ MIA,L
22021,ORL,Orlando Magic,0022101030,2022-03-15,ORL vs. BKN,L
22021,BKN,Brooklyn Nets,0022101030,2022-03-15,BKN @ ORL,W
22021,MEM,Memphis Grizzlies,0022101029,2022-03-15,MEM @ IND,W
22021,NOP,New Orleans Pelicans,0022101032,2022-03-15,NOP vs. PHX,L
22021,PHX,Phoenix Suns,0022101032,2022-03-15,PHX @ NOP,W
22021,IND,Indiana Pacers,0022101029,2022-03-15,IND vs. MEM,L
22021,MIA,Miami Heat,0022101031,2022-03-15,MIA vs. DET,W
22021,MIN,Minnesota Timberwolves,0022101039,2022-03-16,MIN vs. LAL,W
22021,SAC,Sacramento Kings,0022101043,2022-03-16,SAC vs. MIL,L
22021,LAL,Los Angeles Lakers,0022101039,2022-03-16,LAL @ MIN,L
22021,DAL,Dallas Mavericks,0022101036,2022-03-16,DAL @ BKN,W
22021,POR,Portland Trail Blazers,0022101037,2022-03-16,POR @ NYK,L
22021,CLE,Cleveland Cavaliers,0022101034,2022-03-16,CLE vs. PHI,L
22021,HOU,Houston Rockets,0022101038,2022-03-16,HOU vs. PHX,L
22021,NYK,New York Knicks,0022101037,2022-03-16,NYK vs. POR,W
22021,MIL,Milwaukee Bucks,0022101043,2022-03-16,MIL @ SAC,W
22021,OKC,Oklahoma City Thunder,0022101040,2022-03-16,OKC @ SAS,L
22021,CHA,Charlotte Hornets,0022101033,2022-03-16,CHA vs. ATL,W
22021,GSW,Golden State Warriors,0022101042,2022-03-16,GSW vs. BOS,L
22021,PHI,Philadelphia 76ers,0022101034,2022-03-16,PHI @ CLE,W
22021,UTA,Utah Jazz,0022101041,2022-03-16,UTA vs. CHI,W
22021,BKN,Brooklyn Nets,0022101036,2022-03-16,BKN vs. DAL,L
22021,WAS,Washington Wizards,0022101035,2022-03-16,WAS vs. DEN,L
22021,BOS,Boston Celtics,0022101042,2022-03-16,BOS @ GSW,W
22021,PHX,Phoenix Suns,0022101038,2022-03-16,PHX @ HOU,W
22021,TOR,Toronto Raptors,0022101044,2022-03-16,TOR @ LAC,W
22021,SAS,San Antonio Spurs,0022101040,2022-03-16,SAS vs. OKC,W
22021,LAC,LA Clippers,0022101044,2022-03-16,LAC vs. TOR,L
22021,CHI,Chicago Bulls,0022101041,2022-03-16,CHI @ UTA,L
22021,DEN,Denver Nuggets,0022101035,2022-03-16,DEN @ WAS,W
22021,ATL,Atlanta Hawks,0022101033,2022-03-16,ATL @ CHA,L
22021,DET,Detroit Pistons,0022101045,2022-03-17,DET @ ORL,W
22021,ORL,Orlando Magic,0022101045,2022-03-17,ORL vs. DET,L
22021,TOR,Toronto Raptors,0022101051,2022-03-18,TOR vs. LAL,L
22021,OKC,Oklahoma City Thunder,0022101052,2022-03-18,OKC @ MIA,L
22021,POR,Portland Trail Blazers,0022101048,2022-03-18,POR @ BKN,L
22021,WAS,Washington Wizards,0022101050,2022-03-18,WAS @ NYK,L
22021,HOU,Houston Rockets,0022101053,2022-03-18,HOU vs. IND,L
22021,DAL,Dallas Mavericks,0022101046,2022-03-18,DAL @ PHI,L
22021,CHI,Chicago Bulls,0022101056,2022-03-18,CHI @ PHX,L
22021,BKN,Brooklyn Nets,0022101048,2022-03-18,BKN vs. POR,W
22021,BOS,Boston Celtics,0022101057,2022-03-18,BOS @ SAC,W
22021,NOP,New Orleans Pelicans,0022101054,2022-03-18,NOP @ SAS,W
22021,MEM,Memphis Grizzlies,0022101047,2022-03-18,MEM @ ATL,L
22021,SAC,Sacramento Kings,0022101057,2022-03-18,SAC vs. BOS,L
22021,DEN,Denver Nuggets,0022101049,2022-03-18,DEN @ CLE,L
22021,SAS,San Antonio Spurs,0022101054,2022-03-18,SAS vs. NOP,L
22021,PHX,Phoenix Suns,0022101056,2022-03-18,PHX vs. CHI,W
22021,PHI,Philadelphia 76ers,0022101046,2022-03-18,PHI vs. DAL,W
22021,CLE,Cleveland Cavaliers,0022101049,2022-03-18,CLE vs. DEN,W
22021,IND,Indiana Pacers,0022101053,2022-03-18,IND @ HOU,W
22021,UTA,Utah Jazz,0022101055,2022-03-18,UTA vs. LAC,W
22021,MIA,Miami Heat,0022101052,2022-03-18,MIA vs. OKC,W
22021,LAL,Los Angeles Lakers,0022101051,2022-03-18,LAL @ TOR,W
22021,LAC,LA Clippers,0022101055,2022-03-18,LAC @ UTA,L
22021,ATL,Atlanta Hawks,0022101047,2022-03-18,ATL vs. MEM,W
22021,NYK,New York Knicks,0022101050,2022-03-18,NYK vs. WAS,W
22021,WAS,Washington Wizards,0022101061,2022-03-19,WAS vs. LAL,W
22021,MIN,Minnesota Timberwolves,0022101058,2022-03-19,MIN vs. MIL,W
22021,MIL,Milwaukee Bucks,0022101058,2022-03-19,MIL @ MIN,L
22021,DET,Detroit Pistons,0022101060,2022-03-19,DET @ CLE,L
22021,CHA,Charlotte Hornets,0022101059,2022-03-19,CHA vs. DAL,W
22021,LAL,Los Angeles Lakers,0022101061,2022-03-19,LAL @ WAS,L
22021,CLE,Cleveland Cavaliers,0022101060,2022-03-19,CLE vs. DET,W
22021,DAL,Dallas Mavericks,0022101059,2022-03-19,DAL @ CHA,L
22021,UTA,Utah Jazz,0022101067,2022-03-20,UTA @ NYK,W
22021,OKC,Oklahoma City Thunder,0022101065,2022-03-20,OKC @ ORL,L
22021,POR,Portland Trail Blazers,0022101062,2022-03-20,POR @ IND,L
22021,TOR,Toronto Raptors,0022101069,2022-03-20,TOR @ PHI,W
22021,SAC,Sacramento Kings,0022101066,2022-03-20,SAC vs. PHX,L
22021,IND,Indiana Pacers,0022101062,2022-03-20,IND vs. POR,W
22021,PHX,Phoenix Suns,0022101066,2022-03-20,PHX @ SAC,W
22021,GSW,Golden State Warriors,0022101070,2022-03-20,GSW vs. SAS,L
22021,NOP,New Orleans Pelicans,0022101064,2022-03-20,NOP @ ATL,W
22021,DEN,Denver Nuggets,0022101068,2022-03-20,DEN vs. BOS,L
22021,ATL,Atlanta Hawks,0022101064,2022-03-20,ATL vs. NOP,L
22021,BOS,Boston Celtics,0022101068,2022-03-20,BOS @ DEN,W
22021,SAS,San Antonio Spurs,0022101070,2022-03-20,SAS @ GSW,W
22021,MEM,Memphis Grizzlies,0022101063,2022-03-20,MEM @ HOU,W
22021,ORL,Orlando Magic,0022101065,2022-03-20,ORL vs. OKC,W
22021,PHI,Philadelphia 76ers,0022101069,2022-03-20,PHI vs. TOR,L
22021,NYK,New York Knicks,0022101067,2022-03-20,NYK vs. UTA,L
22021,HOU,Houston Rockets,0022101063,2022-03-20,HOU vs. MEM,L
22021,CLE,Cleveland Cavaliers,0022101072,2022-03-21,CLE vs. LAL,L
22021,PHI,Philadelphia 76ers,0022101074,2022-03-21,PHI vs. MIA,W
22021,DAL,Dallas Mavericks,0022101079,2022-03-21,DAL vs. MIN,W
22021,UTA,Utah Jazz,0022101075,2022-03-21,UTA @ BKN,L
22021,MIA,Miami Heat,0022101074,2022-03-21,MIA @ PHI,L
22021,DET,Detroit Pistons,0022101073,2022-03-21,DET vs. POR,L
22021,OKC,Oklahoma City Thunder,0022101078,2022-03-21,OKC vs. BOS,L
22021,LAL,Los Angeles Lakers,0022101072,2022-03-21,LAL @ CLE,W
22021,CHA,Charlotte Hornets,0022101071,2022-03-21,CHA vs. NOP,W
22021,TOR,Toronto Raptors,0022101076,2022-03-21,TOR @ CHI,L
22021,MIN,Minnesota Timberwolves,0022101079,2022-03-21,MIN @ DAL,L
22021,WAS,Washington Wizards,0022101077,2022-03-21,WAS @ HOU,L
22021,BOS,Boston Celtics,0022101078,2022-03-21,BOS @ OKC,W
22021,CHI,Chicago Bulls,0022101076,2022-03-21,CHI vs. TOR,W
22021,BKN,Brooklyn Nets,0022101075,2022-03-21,BKN vs. UTA,W
22021,HOU,Houston Rockets,0022101077,2022-03-21,HOU vs. WAS,W
22021,POR,Portland Trail Blazers,0022101073,2022-03-21,POR @ DET,W
22021,NOP,New Orleans Pelicans,0022101071,2022-03-21,NOP @ CHA,L
22021,CHI,Chicago Bulls,0022101082,2022-03-22,CHI @ MIL,L
22021,ATL,Atlanta Hawks,0022101081,2022-03-22,ATL @ NYK,W
22021,GSW,Golden State Warriors,0022101080,2022-03-22,GSW @ ORL,L
22021,NYK,New York Knicks,0022101081,2022-03-22,NYK vs. ATL,L
22021,MIL,Milwaukee Bucks,0022101082,2022-03-22,MIL vs. CHI,W
22021,LAC,LA Clippers,0022101083,2022-03-22,LAC @ DEN,L
22021,ORL,Orlando Magic,0022101080,2022-03-22,ORL vs. GSW,W
22021,DEN,Denver Nuggets,0022101083,2022-03-22,DEN vs. LAC,W
22021,PHI,Philadelphia 76ers,0022101093,2022-03-23,PHI @ LAL,W
22021,GSW,Golden State Warriors,0022101088,2022-03-23,GSW @ MIA,W
22021,PHX,Phoenix Suns,0022101090,2022-03-23,PHX @ MIN,W
22021,MEM,Memphis Grizzlies,0022101089,2022-03-23,MEM vs. BKN,W
22021,CHA,Charlotte Hornets,0022101084,2022-03-23,CHA vs. NYK,L
22021,OKC,Oklahoma City Thunder,0022101091,2022-03-23,OKC vs. ORL,W
22021,SAC,Sacramento Kings,0022101086,2022-03-23,SAC @ IND,W
22021,LAL,Los Angeles Lakers,0022101093,2022-03-23,LAL vs. PHI,L
22021,MIN,Minnesota Timberwolves,0022101090,2022-03-23,MIN vs. PHX,L
22021,SAS,San Antonio Spurs,0022101094,2022-03-23,SAS @ POR,W
22021,IND,Indiana Pacers,0022101086,2022-03-23,IND vs. SAC,L
22021,POR,Portland Trail Blazers,0022101094,2022-03-23,POR vs. SAS,L
22021,DET,Detroit Pistons,0022101085,2022-03-23,DET vs. ATL,W
22021,UTA,Utah Jazz,0022101087,2022-03-23,UTA @ BOS,L
22021,HOU,Houston Rockets,0022101092,2022-03-23,HOU @ DAL,L
22021,MIA,Miami Heat,0022101088,2022-03-23,MIA vs. GSW,L
22021,DAL,Dallas Mavericks,0022101092,2022-03-23,DAL vs. HOU,W
22021,ORL,Orlando Magic,0022101091,2022-03-23,ORL @ OKC,L
22021,BOS,Boston Celtics,0022101087,2022-03-23,BOS vs. UTA,W
22021,BKN,Brooklyn Nets,0022101089,2022-03-23,BKN @ MEM,L
22021,ATL,Atlanta Hawks,0022101085,2022-03-23,ATL @ DET,L
22021,NYK,New York Knicks,0022101084,2022-03-23,NYK @ CHA,W
22021,WAS,Washington Wizards,0022101097,2022-03-24,WAS @ MIL,L
22021,MEM,Memphis Grizzlies,0022101096,2022-03-24,MEM vs. IND,W
22021,DEN,Denver Nuggets,0022101099,2022-03-24,DEN vs. PHX,L
22021,TOR,Toronto Raptors,0022101095,2022-03-24,TOR vs. CLE,W
22021,CHI,Chicago Bulls,0022101098,2022-03-24,CHI @ NOP,L
22021,NOP,New Orleans Pelicans,0022101098,2022-03-24,NOP vs. CHI,W
22021,PHX,Phoenix Suns,0022101099,2022-03-24,PHX @ DEN,W
22021,CLE,Cleveland Cavaliers,0022101095,2022-03-24,CLE @ TOR,L
22021,IND,Indiana Pacers,0022101096,2022-03-24,IND @ MEM,L
22021,MIL,Milwaukee Bucks,0022101097,2022-03-24,MIL vs. WAS,W
22021,NYK,New York Knicks,0022101103,2022-03-25,NYK @ MIA,W
22021,DAL,Dallas Mavericks,0022101104,2022-03-25,DAL @ MIN,L
22021,MIA,Miami Heat,0022101103,2022-03-25,MIA vs. NYK,L
22021,LAC,LA Clippers,0022101106,2022-03-25,LAC vs. PHI,L
22021,HOU,Houston Rockets,0022101105,2022-03-25,HOU @ POR,W
22021,GSW,Golden State Warriors,0022101102,2022-03-25,GSW @ ATL,L
22021,MIN,Minnesota Timberwolves,0022101104,2022-03-25,MIN vs. DAL,W
22021,ATL,Atlanta Hawks,0022101102,2022-03-25,ATL vs. GSW,W
22021,POR,Portland Trail Blazers,0022101105,2022-03-25,POR vs. HOU,L
22021,PHI,Philadelphia 76ers,0022101106,2022-03-25,PHI @ LAC,W
22021,CHA,Charlotte Hornets,0022101100,2022-03-25,CHA vs. UTA,W
22021,DET,Detroit Pistons,0022101101,2022-03-25,DET vs. WAS,L
22021,WAS,Washington Wizards,0022101101,2022-03-25,WAS @ DET,W
22021,UTA,Utah Jazz,0022101100,2022-03-25,UTA @ CHA,L
22021,BKN,Brooklyn Nets,0022101111,2022-03-26,BKN @ MIA,W
22021,MEM,Memphis Grizzlies,0022101112,2022-03-26,MEM vs. MIL,W
22021,MIA,Miami Heat,0022101111,2022-03-26,MIA vs. BKN,L
22021,SAC,Sacramento Kings,0022101108,2022-03-26,SAC @ ORL,W
22021,TOR,Toronto Raptors,0022101109,2022-03-26,TOR vs. IND,W
22021,HOU,Houston Rockets,0022101114,2022-03-26,HOU @ POR,W
22021,ORL,Orlando Magic,0022101108,2022-03-26,ORL vs. SAC,L
22021,NOP,New Orleans Pelicans,0022101107,2022-03-26,NOP vs. SAS,L
22021,CHI,Chicago Bulls,0022101110,2022-03-26,CHI @ CLE,W
22021,SAS,San Antonio Spurs,0022101107,2022-03-26,SAS @ NOP,W
22021,CLE,Cleveland Cavaliers,0022101110,2022-03-26,CLE vs. CHI,L
22021,OKC,Oklahoma City Thunder,0022101113,2022-03-26,OKC @ DEN,L
22021,POR,Portland Trail Blazers,0022101114,2022-03-26,POR vs. HOU,L
22021,DEN,Denver Nuggets,0022101113,2022-03-26,DEN vs. OKC,W
22021,IND,Indiana Pacers,0022101109,2022-03-26,IND @ TOR,L
22021,MIL,Milwaukee Bucks,0022101112,2022-03-26,MIL @ MEM,L
22021,NOP,New Orleans Pelicans,0022101119,2022-03-27,NOP vs. LAL,W
22021,BOS,Boston Celtics,0022101116,2022-03-27,BOS vs. MIN,W
22021,CHA,Charlotte Hornets,0022101120,2022-03-27,CHA @ BKN,W
22021,DET,Detroit Pistons,0022101115,2022-03-27,DET vs. NYK,L
22021,PHX,Phoenix Suns,0022101118,2022-03-27,PHX vs. PHI,W
22021,PHI,Philadelphia 76ers,0022101118,2022-03-27,PHI @ PHX,L
22021,MIN,Minnesota Timberwolves,0022101116,2022-03-27,MIN @ BOS,L
22021,LAL,Los Angeles Lakers,0022101119,2022-03-27,LAL @ NOP,L
22021,UTA,Utah Jazz,0022101121,2022-03-27,UTA @ DAL,L
22021,WAS,Washington Wizards,0022101117,2022-03-27,WAS vs. GSW,W
22021,DAL,Dallas Mavericks,0022101121,2022-03-27,DAL vs. UTA,W
22021,GSW,Golden State Warriors,0022101117,2022-03-27,GSW @ WAS,L
22021,NYK,New York Knicks,0022101115,2022-03-27,NYK @ DET,W
22021,BKN,Brooklyn Nets,0022101120,2022-03-27,BKN vs. CHA,L
22021,SAC,Sacramento Kings,0022101125,2022-03-28,SAC @ MIA,L
22021,CHI,Chicago Bulls,0022101126,2022-03-28,CHI @ NYK,L
22021,CLE,Cleveland Cavaliers,0022101123,2022-03-28,CLE vs. ORL,W
22021,ATL,Atlanta Hawks,0022101124,2022-03-28,ATL @ IND,W
22021,OKC,Oklahoma City Thunder,0022101130,2022-03-28,OKC @ POR,W
22021,MIA,Miami Heat,0022101125,2022-03-28,MIA vs. SAC,W
22021,HOU,Houston Rockets,0022101128,2022-03-28,HOU vs. SAS,L
22021,IND,Indiana Pacers,0022101124,2022-03-28,IND vs. ATL,L
22021,TOR,Toronto Raptors,0022101127,2022-03-28,TOR vs. BOS,W
22021,ORL,Orlando Magic,0022101123,2022-03-28,ORL @ CLE,L
22021,NYK,New York Knicks,0022101126,2022-03-28,NYK vs. CHI,W
22021,CHA,Charlotte Hornets,0022101122,2022-03-28,CHA vs. DEN,L
22021,MEM,Memphis Grizzlies,0022101129,2022-03-28,MEM vs. GSW,W
22021,SAS,San Antonio Spurs,0022101128,2022-03-28,SAS @ HOU,W
22021,POR,Portland Trail Blazers,0022101130,2022-03-28,POR vs. OKC,L
22021,BOS,Boston Celtics,0022101127,2022-03-28,BOS @ TOR,L
22021,GSW,Golden State Warriors,0022101129,2022-03-28,GSW @ MEM,L
22021,DEN,Denver Nuggets,0022101122,2022-03-28,DEN @ CHA,W
22021,DAL,Dallas Mavericks,0022101134,2022-03-29,DAL vs. LAL,W
22021,PHI,Philadelphia 76ers,0022101131,2022-03-29,PHI vs. MIL,L
22021,DET,Detroit Pistons,0022101133,2022-03-29,DET @ BKN,L
22021,MIL,Milwaukee Bucks,0022101131,2022-03-29,MIL @ PHI,W
22021,WAS,Washington Wizards,0022101132,2022-03-29,WAS vs. CHI,L
22021,LAL,Los Angeles Lakers,0022101134,2022-03-29,LAL @ DAL,L
22021,UTA,Utah Jazz,0022101135,2022-03-29,UTA @ LAC,L
22021,LAC,LA Clippers,0022101135,2022-03-29,LAC vs. UTA,W
22021,CHI,Chicago Bulls,0022101132,2022-03-29,CHI @ WAS,W
22021,BKN,Brooklyn Nets,0022101133,2022-03-29,BKN vs. DET,W
22021,BOS,Boston Celtics,0022101139,2022-03-30,BOS vs. MIA,L
22021,TOR,Toronto Raptors,0022101141,2022-03-30,TOR vs. MIN,W
22021,CHA,Charlotte Hornets,0022101140,2022-03-30,CHA @ NYK,W
22021,WAS,Washington Wizards,0022101138,2022-03-30,WAS vs. ORL,W
22021,DEN,Denver Nuggets,0022101137,2022-03-30,DEN @ IND,W
22021,GSW,Golden State Warriors,0022101145,2022-03-30,GSW vs. PHX,L
22021,NOP,New Orleans Pelicans,0022101146,2022-03-30,NOP @ POR,W
22021,HOU,Houston Rockets,0022101142,2022-03-30,HOU vs. SAC,L
22021,MEM,Memphis Grizzlies,0022101144,2022-03-30,MEM @ SAS,W
22021,OKC,Oklahoma City Thunder,0022101143,2022-03-30,OKC vs. ATL,L
22021,MIA,Miami Heat,0022101139,2022-03-30,MIA @ BOS,W
22021,DAL,Dallas Mavericks,0022101136,2022-03-30,DAL @ CLE,W
22021,POR,Portland Trail Blazers,0022101146,2022-03-30,POR vs. NOP,L
22021,CLE,Cleveland Cavaliers,0022101136,2022-03-30,CLE vs. DAL,L
22021,IND,Indiana Pacers,0022101137,2022-03-30,IND vs. DEN,L
22021,PHX,Phoenix Suns,0022101145,2022-03-30,PHX @ GSW,W
22021,SAC,Sacramento Kings,0022101142,2022-03-30,SAC @ HOU,W
22021,ATL,Atlanta Hawks,0022101143,2022-03-30,ATL @ OKC,W
22021,MIN,Minnesota Timberwolves,0022101141,2022-03-30,MIN @ TOR,L
22021,SAS,San Antonio Spurs,0022101144,2022-03-30,SAS vs. MEM,L
22021,ORL,Orlando Magic,0022101138,2022-03-30,ORL @ WAS,L
22021,NYK,New York Knicks,0022101140,2022-03-30,NYK vs. CHA,L
22021,UTA,Utah Jazz,0022101150,2022-03-31,UTA vs. LAL,W
22021,BKN,Brooklyn Nets,0022101148,2022-03-31,BKN vs. MIL,L
22021,MIL,Milwaukee Bucks,0022101148,2022-03-31,MIL @ BKN,W
22021,DET,Detroit Pistons,0022101147,2022-03-31,DET vs. PHI,W
22021,CLE,Cleveland Cavaliers,0022100452,2022-03-31,CLE @ ATL,L
22021,ATL,Atlanta Hawks,0022100452,2022-03-31,ATL vs. CLE,W
22021,LAC,LA Clippers,0022101149,2022-03-31,LAC @ CHI,L
22021,CHI,Chicago Bulls,0022101149,2022-03-31,CHI vs. LAC,W
22021,LAL,Los Angeles Lakers,0022101150,2022-03-31,LAL @ UTA,L
22021,PHI,Philadelphia 76ers,0022101147,2022-03-31,PHI @ DET,L
22021,NOP,New Orleans Pelicans,0022101160,2022-04-01,NOP @ LAL,W
22021,LAC,LA Clippers,0022101156,2022-04-01,LAC @ MIL,W
22021,DEN,Denver Nuggets,0022101159,2022-04-01,DEN vs. MIN,L
22021,TOR,Toronto Raptors,0022101151,2022-04-01,TOR @ ORL,W
22021,BOS,Boston Celtics,0022101153,2022-04-01,BOS vs. IND,W
22021,MEM,Memphis Grizzlies,0022101155,2022-04-01,MEM vs. PHX,W
22021,SAS,San Antonio Spurs,0022101158,2022-04-01,SAS vs. POR,W
22021,HOU,Houston Rockets,0022101154,2022-04-01,HOU vs. SAC,L
22021,POR,Portland Trail Blazers,0022101158,2022-04-01,POR @ SAS,L
22021,IND,Indiana Pacers,0022101153,2022-04-01,IND @ BOS,L
22021,LAL,Los Angeles Lakers,0022101160,2022-04-01,LAL vs. NOP,L
22021,WAS,Washington Wizards,0022101152,2022-04-01,WAS vs. DAL,W
22021,MIN,Minnesota Timberwolves,0022101159,2022-04-01,MIN @ DEN,W
22021,SAC,Sacramento Kings,0022101154,2022-04-01,SAC @ HOU,W
22021,MIL,Milwaukee Bucks,0022101156,2022-04-01,MIL vs. LAC,L
22021,DET,Detroit Pistons,0022101157,2022-04-01,DET @ OKC,W
22021,ORL,Orlando Magic,0022101151,2022-04-01,ORL vs. TOR,L
22021,PHX,Phoenix Suns,0022101155,2022-04-01,PHX @ MEM,L
22021,DAL,Dallas Mavericks,0022101152,2022-04-01,DAL @ WAS,L
22021,OKC,Oklahoma City Thunder,0022101157,2022-04-01,OKC vs. DET,L
22021,CHI,Chicago Bulls,0022101164,2022-04-02,CHI vs. MIA,L
22021,ATL,Atlanta Hawks,0022101163,2022-04-02,ATL vs. BKN,W
22021,CLE,Cleveland Cavaliers,0022101162,2022-04-02,CLE @ NYK,W
22021,CHA,Charlotte Hornets,0022101161,2022-04-02,CHA @ PHI,L
22021,BKN,Brooklyn Nets,0022101163,2022-04-02,BKN @ ATL,L
22021,NYK,New York Knicks,0022101162,2022-04-02,NYK vs. CLE,L
22021,MIA,Miami Heat,0022101164,2022-04-02,MIA @ CHI,W
22021,UTA,Utah Jazz,0022101165,2022-04-02,UTA @ GSW,L
22021,GSW,Golden State Warriors,0022101165,2022-04-02,GSW vs. UTA,W
22021,PHI,Philadelphia 76ers,0022101161,2022-04-02,PHI vs. CHA,W
22021,DEN,Denver Nuggets,0022101168,2022-04-03,DEN @ LAL,W
22021,TOR,Toronto Raptors,0022101172,2022-04-03,TOR vs. MIA,L
22021,DAL,Dallas Mavericks,0022101167,2022-04-03,DAL @ MIL,W
22021,HOU,Houston Rockets,0022101173,2022-04-03,HOU vs. MIN,L
22021,ORL,Orlando Magic,0022101171,2022-04-03,ORL vs. NYK,L
22021,NYK,New York Knicks,0022101171,2022-04-03,NYK @ ORL,W
22021,DET,Detroit Pistons,0022101169,2022-04-03,DET @ IND,W
22021,CLE,Cleveland Cavaliers,0022101170,2022-04-03,CLE vs. PHI,L
22021,OKC,Oklahoma City Thunder,0022101174,2022-04-03,OKC vs. PHX,W
22021,SAS,San Antonio Spurs,0022101175,2022-04-03,SAS vs. POR,W
22021,GSW,Golden State Warriors,0022101176,2022-04-03,GSW @ SAC,W
22021,POR,Portland Trail Blazers,0022101175,2022-04-03,POR @ SAS,L
22021,WAS,Washington Wizards,0022101166,2022-04-03,WAS @ BOS,L
22021,PHI,Philadelphia 76ers,0022101170,2022-04-03,PHI @ CLE,W
22021,LAC,LA Clippers,0022101177,2022-04-03,LAC vs. NOP,W
22021,MIL,Milwaukee Bucks,0022101167,2022-04-03,MIL vs. DAL,L
22021,LAL,Los Angeles Lakers,0022101168,2022-04-03,LAL vs. DEN,L
22021,SAC,Sacramento Kings,0022101176,2022-04-03,SAC vs. GSW,L
22021,MIN,Minnesota Timberwolves,0022101173,2022-04-03,MIN @ HOU,W
22021,NOP,New Orleans Pelicans,0022101177,2022-04-03,NOP @ LAC,L
22021,PHX,Phoenix Suns,0022101174,2022-04-03,PHX @ OKC,L
22021,MIA,Miami Heat,0022101172,2022-04-03,MIA @ TOR,W
22021,BOS,Boston Celtics,0022101166,2022-04-03,BOS vs. WAS,W
22021,IND,Indiana Pacers,0022101169,2022-04-03,IND vs. DET,L
22021,PHX,Phoenix Suns,0022101189,2022-04-05,PHX vs. LAL,W
22021,CHA,Charlotte Hornets,0022101181,2022-04-05,CHA @ MIA,L
22021,CHI,Chicago Bulls,0022101183,2022-04-05,CHI vs. MIL,L
22021,WAS,Washington Wizards,0022101184,2022-04-05,WAS @ MIN,W
22021,HOU,Houston Rockets,0022101180,2022-04-05,HOU @ BKN,L
22021,CLE,Cleveland Cavaliers,0022101179,2022-04-05,CLE @ ORL,L
22021,PHI,Philadelphia 76ers,0022101178,2022-04-05,PHI @ IND,W
22021,IND,Indiana Pacers,0022101178,2022-04-05,IND vs. PHI,L
22021,LAL,Los Angeles Lakers,0022101189,2022-04-05,LAL @ PHX,L
22021,OKC,Oklahoma City Thunder,0022101185,2022-04-05,OKC vs. POR,W
22021,NOP,New Orleans Pelicans,0022101188,2022-04-05,NOP @ SAC,W
22021,DEN,Denver Nuggets,0022101186,2022-04-05,DEN vs. SAS,L
22021,TOR,Toronto Raptors,0022101182,2022-04-05,TOR vs. ATL,W
22021,ORL,Orlando Magic,0022101179,2022-04-05,ORL vs. CLE,W
22021,SAC,Sacramento Kings,0022101188,2022-04-05,SAC vs. NOP,L
22021,MIL,Milwaukee Bucks,0022101183,2022-04-05,MIL @ CHI,W
22021,SAS,San Antonio Spurs,0022101186,2022-04-05,SAS @ DEN,W
22021,BKN,Brooklyn Nets,0022101180,2022-04-05,BKN vs. HOU,W
22021,POR,Portland Trail Blazers,0022101185,2022-04-05,POR @ OKC,L
22021,ATL,Atlanta Hawks,0022101182,2022-04-05,ATL @ TOR,L
22021,MEM,Memphis Grizzlies,0022101187,2022-04-05,MEM @ UTA,L
22021,UTA,Utah Jazz,0022101187,2022-04-05,UTA vs. MEM,W
22021,MIN,Minnesota Timberwolves,0022101184,2022-04-05,MIN vs. WAS,L
22021,MIA,Miami Heat,0022101181,2022-04-05,MIA vs. CHA,W
22021,NYK,New York Knicks,0022101191,2022-04-06,NYK vs. BKN,L
22021,BKN,Brooklyn Nets,0022101191,2022-04-06,BKN @ NYK,W
22021,LAC,LA Clippers,0022101195,2022-04-06,LAC vs. PHX,W
22021,WAS,Washington Wizards,0022101192,2022-04-06,WAS @ ATL,L
22021,CHI,Chicago Bulls,0022101193,2022-04-06,CHI vs. BOS,L
22021,BOS,Boston Celtics,0022101193,2022-04-06,BOS @ CHI,W
22021,DET,Detroit Pistons,0022101190,2022-04-06,DET vs. DAL,L
22021,PHX,Phoenix Suns,0022101195,2022-04-06,PHX @ LAC,L
22021,UTA,Utah Jazz,0022101194,2022-04-06,UTA vs. OKC,W
22021,OKC,Oklahoma City Thunder,0022101194,2022-04-06,OKC @ UTA,L
22021,ATL,Atlanta Hawks,0022101192,2022-04-06,ATL vs. WAS,W
22021,DAL,Dallas Mavericks,0022101190,2022-04-06,DAL @ DET,W
22021,GSW,Golden State Warriors,0022101202,2022-04-07,GSW vs. LAL,W
22021,BOS,Boston Celtics,0022101198,2022-04-07,BOS @ MIL,L
22021,SAS,San Antonio Spurs,0022101199,2022-04-07,SAS @ MIN,L
22021,CHA,Charlotte Hornets,0022101196,2022-04-07,CHA vs. ORL,W
22021,TOR,Toronto Raptors,0022101197,2022-04-07,TOR vs. PHI,W
22021,NOP,New Orleans Pelicans,0022101200,2022-04-07,NOP vs. POR,W
22021,MIN,Minnesota Timberwolves,0022101199,2022-04-07,MIN vs. SAS,W
22021,MIL,Milwaukee Bucks,0022101198,2022-04-07,MIL vs. BOS,W
22021,POR,Portland Trail Blazers,0022101200,2022-04-07,POR @ NOP,L
22021,MEM,Memphis Grizzlies,0022101201,2022-04-07,MEM @ DEN,L
22021,LAL,Los Angeles Lakers,0022101202,2022-04-07,LAL @ GSW,L
22021,PHI,Philadelphia 76ers,0022101197,2022-04-07,PHI @ TOR,L
22021,DEN,Denver Nuggets,0022101201,2022-04-07,DEN vs. MEM,W
22021,ORL,Orlando Magic,0022101196,2022-04-07,ORL @ CHA,L
22021,OKC,Oklahoma City Thunder,0022101211,2022-04-08,OKC @ LAL,L
22021,ATL,Atlanta Hawks,0022101207,2022-04-08,ATL @ MIA,L
22021,DET,Detroit Pistons,0022101203,2022-04-08,DET vs. MIL,L
22021,CLE,Cleveland Cavaliers,0022101205,2022-04-08,CLE @ BKN,L
22021,WAS,Washington Wizards,0022101204,2022-04-08,WAS vs. NYK,L
22021,UTA,Utah Jazz,0022101210,2022-04-08,UTA vs. PHX,L
22021,DAL,Dallas Mavericks,0022101209,2022-04-08,DAL vs. POR,W
22021,MIA,Miami Heat,0022101207,2022-04-08,MIA vs. ATL,W
22021,BKN,Brooklyn Nets,0022101205,2022-04-08,BKN vs. CLE,W
22021,CHA,Charlotte Hornets,0022101208,2022-04-08,CHA @ CHI,W
22021,POR,Portland Trail Blazers,0022101209,2022-04-08,POR @ DAL,L
22021,TOR,Toronto Raptors,0022101206,2022-04-08,TOR vs. HOU,W
22021,LAL,Los Angeles Lakers,0022101211,2022-04-08,LAL vs. OKC,W
22021,HOU,Houston Rockets,0022101206,2022-04-08,HOU @ TOR,L
22021,PHX,Phoenix Suns,0022101210,2022-04-08,PHX @ UTA,W
22021,NYK,New York Knicks,0022101204,2022-04-08,NYK @ WAS,W
22021,MIL,Milwaukee Bucks,0022101203,2022-04-08,MIL @ DET,W
22021,CHI,Chicago Bulls,0022101208,2022-04-08,CHI vs. CHA,L
22021,PHI,Philadelphia 76ers,0022101214,2022-04-09,PHI vs. IND,W
22021,IND,Indiana Pacers,0022101214,2022-04-09,IND @ PHI,L
22021,LAC,LA Clippers,0022101212,2022-04-09,LAC vs. SAC,W
22021,GSW,Golden State Warriors,0022101215,2022-04-09,GSW @ SAS,W
22021,MEM,Memphis Grizzlies,0022101213,2022-04-09,MEM vs. NOP,W
22021,SAS,San Antonio Spurs,0022101215,2022-04-09,SAS vs. GSW,L
22021,SAC,Sacramento Kings,0022101212,2022-04-09,SAC @ LAC,L
22021,NOP,New Orleans Pelicans,0022101213,2022-04-09,NOP @ MEM,L
22021,DEN,Denver Nuggets,0022101220,2022-04-10,DEN vs. LAL,L
22021,ORL,Orlando Magic,0022101227,2022-04-10,ORL vs. MIA,W
22021,CLE,Cleveland Cavaliers,0022101218,2022-04-10,CLE vs. MIL,W
22021,CHI,Chicago Bulls,0022101224,2022-04-10,CHI @ MIN,W
22021,IND,Indiana Pacers,0022101216,2022-04-10,IND @ BKN,L
22021,TOR,Toronto Raptors,0022101226,2022-04-10,TOR @ NYK,L
22021,MIA,Miami Heat,0022101227,2022-04-10,MIA @ ORL,L
22021,BKN,Brooklyn Nets,0022101216,2022-04-10,BKN vs. IND,W
22021,DET,Detroit Pistons,0022101228,2022-04-10,DET @ PHI,L
22021,SAC,Sacramento Kings,0022101229,2022-04-10,SAC @ PHX,W
22021,UTA,Utah Jazz,0022101230,2022-04-10,UTA @ POR,W
22021,PHX,Phoenix Suns,0022101229,2022-04-10,PHX vs. SAC,L
22021,DAL,Dallas Mavericks,0022101219,2022-04-10,DAL vs. SAS,W
22021,HOU,Houston Rockets,0022101221,2022-04-10,HOU vs. ATL,L
22021,MEM,Memphis Grizzlies,0022101223,2022-04-10,MEM vs. BOS,L
22021,MIL,Milwaukee Bucks,0022101218,2022-04-10,MIL @ CLE,L
22021,GSW,Golden State Warriors,0022101225,2022-04-10,GSW @ NOP,W
22021,MIN,Minnesota Timberwolves,0022101224,2022-04-10,MIN vs. CHI,L
22021,SAS,San Antonio Spurs,0022101219,2022-04-10,SAS @ DAL,L
22021,LAL,Los Angeles Lakers,0022101220,2022-04-10,LAL @ DEN,W
22021,NOP,New Orleans Pelicans,0022101225,2022-04-10,NOP vs. GSW,L
22021,ATL,Atlanta Hawks,0022101221,2022-04-10,ATL @ HOU,W
22021,OKC,Oklahoma City Thunder,0022101222,2022-04-10,OKC @ LAC,L
22021,LAC,LA Clippers,0022101222,2022-04-10,LAC vs. OKC,W
22021,NYK,New York Knicks,0022101226,2022-04-10,NYK vs. TOR,W
22021,POR,Portland Trail Blazers,0022101230,2022-04-10,POR vs. UTA,L
22021,BOS,Boston Celtics,0022101223,2022-04-10,BOS @ MEM,W
22021,CHA,Charlotte Hornets,0022101217,2022-04-10,CHA vs. WAS,W
22021,PHI,Philadelphia 76ers,0022101228,2022-04-10,PHI vs. DET,W
22021,WAS,Washington Wizards,0022101217,2022-04-10,WAS @ CHA,L
