SEASON_ID,TEAM_ABBREVIATION,TEAM_NAME,GAME_ID,GAME_DATE,MATCHUP,WL
22022,BOS,Boston Celtics,0022200001,2022-10-18,BOS vs. PHI,W
22022,GSW,Golden State Warriors,0022200002,2022-10-18,GSW vs. LAL,W
22022,LAL,Los Angeles Lakers,0022200002,2022-10-18,LAL @ GSW,L
22022,PHI,Philadelphia 76ers,0022200001,2022-10-18,PHI @ BOS,L
22022,ATL,Atlanta Hawks,0022200005,2022-10-19,ATL vs. HOU,W
22022,CLE,Cleveland Cavaliers,0022200008,2022-10-19,CLE @ TOR,L
22022,DEN,Denver Nuggets,0022200012,2022-10-19,DEN @ UTA,L
22022,MIA,Miami Heat,0022200007,2022-10-19,MIA vs. CHI,L
22022,SAC,Sacramento Kings,0022200014,2022-10-19,SAC vs. POR,L
22022,SAS,San Antonio Spurs,0022200011,2022-10-19,SAS vs. CHA,L
22022,NOP,New Orleans Pelicans,0022200006,2022-10-19,NOP @ BKN,W
22022,DAL,Dallas Mavericks,0022200013,2022-10-19,DAL @ PHX,L
22022,HOU,Houston Rockets,0022200005,2022-10-19,HOU @ ATL,L
22022,MIN,Minnesota Timberwolves,0022200010,2022-10-19,MIN vs. OKC,W
22022,BKN,Brooklyn Nets,0022200006,2022-10-19,BKN vs. NOP,L
22022,NYK,New York Knicks,0022200009,2022-10-19,NYK @ MEM,L
22022,IND,Indiana Pacers,0022200004,2022-10-19,IND vs. WAS,L
22022,PHX,Phoenix Suns,0022200013,2022-10-19,PHX vs. DAL,W
22022,POR,Portland Trail Blazers,0022200014,2022-10-19,POR @ SAC,W
22022,OKC,Oklahoma City Thunder,0022200010,2022-10-19,OKC @ MIN,L
22022,TOR,Toronto Raptors,0022200008,2022-10-19,TOR vs. CLE,W
22022,UTA,Utah Jazz,0022200012,2022-10-19,UTA vs. DEN,W
22022,MEM,Memphis Grizzlies,0022200009,2022-10-19,MEM vs. NYK,W
22022,WAS,Washington Wizards,0022200004,2022-10-19,WAS @ IND,W
22022,DET,Detroit Pistons,0022200003,2022-10-19,DET vs. ORL,W
22022,CHI,Chicago Bulls,0022200007,2022-10-19,CHI @ MIA,W
22022,ORL,Orlando Magic,0022200003,2022-10-19,ORL @ DET,L
22022,CHA,Charlotte Hornets,0022200011,2022-10-19,CHA @ SAS,W
22022,MIL,Milwaukee Bucks,0022200015,2022-10-20,MIL @ PHI,W
22022,LAC,LA Clippers,0022200016,2022-10-20,LAC @ LAL,W
22022,LAL,Los Angeles Lakers,0022200016,2022-10-20,LAL vs. LAC,L
22022,PHI,Philadelphia 76ers,0022200015,2022-10-20,PHI vs. MIL,L
22022,BOS,Boston Celtics,0022200022,2022-10-21,BOS @ MIA,W
22022,GSW,Golden State Warriors,0022200026,2022-10-21,GSW vs. DEN,L
22022,HOU,Houston Rockets,0022200024,2022-10-21,HOU vs. MEM,L
22022,MIA,Miami Heat,0022200022,2022-10-21,MIA vs. BOS,L
22022,NYK,New York Knicks,0022200023,2022-10-21,NYK vs. DET,W
22022,ORL,Orlando Magic,0022200020,2022-10-21,ORL @ ATL,L
22022,IND,Indiana Pacers,0022200018,2022-10-21,IND vs. SAS,L
22022,PHX,Phoenix Suns,0022200027,2022-10-21,PHX @ POR,L
22022,POR,Portland Trail Blazers,0022200027,2022-10-21,POR vs. PHX,W
22022,TOR,Toronto Raptors,0022200021,2022-10-21,TOR @ BKN,L
22022,WAS,Washington Wizards,0022200019,2022-10-21,WAS vs. CHI,W
22022,DET,Detroit Pistons,0022200023,2022-10-21,DET @ NYK,L
22022,ATL,Atlanta Hawks,0022200020,2022-10-21,ATL vs. ORL,W
22022,CHI,Chicago Bulls,0022200019,2022-10-21,CHI @ WAS,L
22022,DEN,Denver Nuggets,0022200026,2022-10-21,DEN @ GSW,W
22022,MIN,Minnesota Timberwolves,0022200025,2022-10-21,MIN vs. UTA,L
22022,UTA,Utah Jazz,0022200025,2022-10-21,UTA @ MIN,W
22022,MEM,Memphis Grizzlies,0022200024,2022-10-21,MEM @ HOU,W
22022,CHA,Charlotte Hornets,0022200017,2022-10-21,CHA vs. NOP,L
22022,NOP,New Orleans Pelicans,0022200017,2022-10-21,NOP @ CHA,W
22022,BKN,Brooklyn Nets,0022200021,2022-10-21,BKN vs. TOR,W
22022,SAS,San Antonio Spurs,0022200018,2022-10-21,SAS @ IND,W
22022,BOS,Boston Celtics,0022200030,2022-10-22,BOS @ ORL,W
22022,CLE,Cleveland Cavaliers,0022200032,2022-10-22,CLE @ CHI,W
22022,CHI,Chicago Bulls,0022200032,2022-10-22,CHI vs. CLE,L
22022,DEN,Denver Nuggets,0022200035,2022-10-22,DEN vs. OKC,W
22022,MIA,Miami Heat,0022200031,2022-10-22,MIA vs. TOR,W
22022,SAS,San Antonio Spurs,0022200028,2022-10-22,SAS @ PHI,W
22022,OKC,Oklahoma City Thunder,0022200035,2022-10-22,OKC @ DEN,L
22022,DET,Detroit Pistons,0022200029,2022-10-22,DET @ IND,L
22022,HOU,Houston Rockets,0022200033,2022-10-22,HOU @ MIL,L
22022,MIL,Milwaukee Bucks,0022200033,2022-10-22,MIL vs. HOU,W
22022,ORL,Orlando Magic,0022200030,2022-10-22,ORL vs. BOS,L
22022,IND,Indiana Pacers,0022200029,2022-10-22,IND vs. DET,W
22022,PHI,Philadelphia 76ers,0022200028,2022-10-22,PHI vs. SAS,L
22022,SAC,Sacramento Kings,0022200036,2022-10-22,SAC vs. LAC,L
22022,TOR,Toronto Raptors,0022200031,2022-10-22,TOR @ MIA,L
22022,MEM,Memphis Grizzlies,0022200034,2022-10-22,MEM @ DAL,L
22022,DAL,Dallas Mavericks,0022200034,2022-10-22,DAL vs. MEM,W
22022,LAC,LA Clippers,0022200036,2022-10-22,LAC @ SAC,W
22022,ATL,Atlanta Hawks,0022200038,2022-10-23,ATL vs. CHA,L
22022,NOP,New Orleans Pelicans,0022200040,2022-10-23,NOP vs. UTA,L
22022,LAC,LA Clippers,0022200043,2022-10-23,LAC vs. PHX,L
22022,PHX,Phoenix Suns,0022200043,2022-10-23,PHX @ LAC,W
22022,OKC,Oklahoma City Thunder,0022200041,2022-10-23,OKC vs. MIN,L
22022,CLE,Cleveland Cavaliers,0022200039,2022-10-23,CLE vs. WAS,W
22022,GSW,Golden State Warriors,0022200042,2022-10-23,GSW vs. SAC,W
22022,MIN,Minnesota Timberwolves,0022200041,2022-10-23,MIN @ OKC,W
22022,POR,Portland Trail Blazers,0022200037,2022-10-23,POR @ LAL,W
22022,UTA,Utah Jazz,0022200040,2022-10-23,UTA @ NOP,W
22022,WAS,Washington Wizards,0022200039,2022-10-23,WAS @ CLE,L
22022,CHA,Charlotte Hornets,0022200038,2022-10-23,CHA @ ATL,W
22022,LAL,Los Angeles Lakers,0022200037,2022-10-23,LAL vs. POR,L
22022,SAC,Sacramento Kings,0022200042,2022-10-23,SAC @ GSW,L
22022,BOS,Boston Celtics,0022200047,2022-10-24,BOS @ CHI,L
22022,CHI,Chicago Bulls,0022200047,2022-10-24,CHI vs. BOS,W
22022,DEN,Denver Nuggets,0022200051,2022-10-24,DEN @ POR,L
22022,HOU,Houston Rockets,0022200048,2022-10-24,HOU vs. UTA,W
22022,MIA,Miami Heat,0022200045,2022-10-24,MIA vs. TOR,L
22022,BKN,Brooklyn Nets,0022200049,2022-10-24,BKN @ MEM,L
22022,ORL,Orlando Magic,0022200046,2022-10-24,ORL @ NYK,L
22022,POR,Portland Trail Blazers,0022200051,2022-10-24,POR vs. DEN,W
22022,MIN,Minnesota Timberwolves,0022200050,2022-10-24,MIN vs. SAS,L
22022,NYK,New York Knicks,0022200046,2022-10-24,NYK vs. ORL,W
22022,IND,Indiana Pacers,0022200044,2022-10-24,IND @ PHI,L
22022,PHI,Philadelphia 76ers,0022200044,2022-10-24,PHI vs. IND,W
22022,SAS,San Antonio Spurs,0022200050,2022-10-24,SAS @ MIN,W
22022,TOR,Toronto Raptors,0022200045,2022-10-24,TOR @ MIA,W
22022,UTA,Utah Jazz,0022200048,2022-10-24,UTA @ HOU,L
22022,MEM,Memphis Grizzlies,0022200049,2022-10-24,MEM vs. BKN,W
22022,GSW,Golden State Warriors,0022200055,2022-10-25,GSW @ PHX,L
22022,DET,Detroit Pistons,0022200052,2022-10-25,DET @ WAS,L
22022,NOP,New Orleans Pelicans,0022200053,2022-10-25,NOP vs. DAL,W
22022,DAL,Dallas Mavericks,0022200053,2022-10-25,DAL @ NOP,L
22022,LAC,LA Clippers,0022200054,2022-10-25,LAC @ OKC,L
22022,PHX,Phoenix Suns,0022200055,2022-10-25,PHX vs. GSW,W
22022,OKC,Oklahoma City Thunder,0022200054,2022-10-25,OKC vs. LAC,W
22022,WAS,Washington Wizards,0022200052,2022-10-25,WAS vs. DET,W
22022,ATL,Atlanta Hawks,0022200057,2022-10-26,ATL @ DET,W
22022,CLE,Cleveland Cavaliers,0022200056,2022-10-26,CLE vs. ORL,W
22022,CHI,Chicago Bulls,0022200061,2022-10-26,CHI vs. IND,W
22022,LAL,Los Angeles Lakers,0022200064,2022-10-26,LAL @ DEN,L
22022,MIA,Miami Heat,0022200065,2022-10-26,MIA @ POR,W
22022,MIL,Milwaukee Bucks,0022200060,2022-10-26,MIL vs. BKN,W
22022,NYK,New York Knicks,0022200058,2022-10-26,NYK vs. CHA,W
22022,IND,Indiana Pacers,0022200061,2022-10-26,IND @ CHI,L
22022,PHI,Philadelphia 76ers,0022200059,2022-10-26,PHI @ TOR,L
22022,SAS,San Antonio Spurs,0022200062,2022-10-26,SAS @ MIN,L
22022,TOR,Toronto Raptors,0022200059,2022-10-26,TOR vs. PHI,W
22022,UTA,Utah Jazz,0022200063,2022-10-26,UTA vs. HOU,W
22022,DET,Detroit Pistons,0022200057,2022-10-26,DET vs. ATL,L
22022,DEN,Denver Nuggets,0022200064,2022-10-26,DEN vs. LAL,W
22022,HOU,Houston Rockets,0022200063,2022-10-26,HOU @ UTA,L
22022,MIN,Minnesota Timberwolves,0022200062,2022-10-26,MIN vs. SAS,W
22022,BKN,Brooklyn Nets,0022200060,2022-10-26,BKN @ MIL,L
22022,ORL,Orlando Magic,0022200056,2022-10-26,ORL @ CLE,L
22022,POR,Portland Trail Blazers,0022200065,2022-10-26,POR vs. MIA,L
22022,CHA,Charlotte Hornets,0022200058,2022-10-26,CHA @ NYK,L
22022,BKN,Brooklyn Nets,0022200066,2022-10-27,BKN vs. DAL,L
22022,DAL,Dallas Mavericks,0022200066,2022-10-27,DAL @ BKN,W
22022,GSW,Golden State Warriors,0022200068,2022-10-27,GSW vs. MIA,W
22022,LAC,LA Clippers,0022200067,2022-10-27,LAC @ OKC,L
22022,MIA,Miami Heat,0022200068,2022-10-27,MIA @ GSW,L
22022,MEM,Memphis Grizzlies,0022200069,2022-10-27,MEM @ SAC,W
22022,SAC,Sacramento Kings,0022200069,2022-10-27,SAC vs. MEM,L
22022,OKC,Oklahoma City Thunder,0022200067,2022-10-27,OKC vs. LAC,W
22022,ATL,Atlanta Hawks,0022200070,2022-10-28,ATL @ DET,W
22022,BOS,Boston Celtics,0022200072,2022-10-28,BOS vs. CLE,L
22022,CLE,Cleveland Cavaliers,0022200072,2022-10-28,CLE @ BOS,W
22022,DEN,Denver Nuggets,0022200078,2022-10-28,DEN vs. UTA,W
22022,HOU,Houston Rockets,0022200080,2022-10-28,HOU @ POR,L
22022,LAL,Los Angeles Lakers,0022200076,2022-10-28,LAL @ MIN,L
22022,MIL,Milwaukee Bucks,0022200075,2022-10-28,MIL vs. NYK,W
22022,IND,Indiana Pacers,0022200074,2022-10-28,IND @ WAS,W
22022,PHI,Philadelphia 76ers,0022200073,2022-10-28,PHI @ TOR,W
22022,TOR,Toronto Raptors,0022200073,2022-10-28,TOR vs. PHI,L
22022,UTA,Utah Jazz,0022200078,2022-10-28,UTA @ DEN,L
22022,NOP,New Orleans Pelicans,0022200079,2022-10-28,NOP @ PHX,L
22022,CHI,Chicago Bulls,0022200077,2022-10-28,CHI @ SAS,L
22022,MIN,Minnesota Timberwolves,0022200076,2022-10-28,MIN vs. LAL,W
22022,NYK,New York Knicks,0022200075,2022-10-28,NYK @ MIL,L
22022,ORL,Orlando Magic,0022200071,2022-10-28,ORL vs. CHA,W
22022,PHX,Phoenix Suns,0022200079,2022-10-28,PHX vs. NOP,W
22022,POR,Portland Trail Blazers,0022200080,2022-10-28,POR vs. HOU,W
22022,SAS,San Antonio Spurs,0022200077,2022-10-28,SAS vs. CHI,W
22022,WAS,Washington Wizards,0022200074,2022-10-28,WAS vs. IND,L
22022,DET,Detroit Pistons,0022200070,2022-10-28,DET vs. ATL,L
22022,CHA,Charlotte Hornets,0022200071,2022-10-28,CHA @ ORL,L
22022,CHI,Chicago Bulls,0022200084,2022-10-29,CHI vs. PHI,L
22022,GSW,Golden State Warriors,0022200082,2022-10-29,GSW @ CHA,L
22022,IND,Indiana Pacers,0022200083,2022-10-29,IND @ BKN,W
22022,PHI,Philadelphia 76ers,0022200084,2022-10-29,PHI @ CHI,W
22022,OKC,Oklahoma City Thunder,0022200086,2022-10-29,OKC @ DAL,W
22022,UTA,Utah Jazz,0022200087,2022-10-29,UTA vs. MEM,W
22022,ATL,Atlanta Hawks,0022200085,2022-10-29,ATL @ MIL,L
22022,DAL,Dallas Mavericks,0022200086,2022-10-29,DAL vs. OKC,L
22022,MIA,Miami Heat,0022200081,2022-10-29,MIA @ SAC,L
22022,MIL,Milwaukee Bucks,0022200085,2022-10-29,MIL vs. ATL,W
22022,BKN,Brooklyn Nets,0022200083,2022-10-29,BKN vs. IND,L
22022,SAC,Sacramento Kings,0022200081,2022-10-29,SAC vs. MIA,W
22022,MEM,Memphis Grizzlies,0022200087,2022-10-29,MEM @ UTA,L
22022,CHA,Charlotte Hornets,0022200082,2022-10-29,CHA vs. GSW,W
22022,BOS,Boston Celtics,0022200089,2022-10-30,BOS vs. WAS,W
22022,NOP,New Orleans Pelicans,0022200088,2022-10-30,NOP @ LAC,W
22022,GSW,Golden State Warriors,0022200091,2022-10-30,GSW @ DET,L
22022,HOU,Houston Rockets,0022200094,2022-10-30,HOU @ PHX,L
22022,LAL,Los Angeles Lakers,0022200095,2022-10-30,LAL vs. DEN,W
22022,NYK,New York Knicks,0022200090,2022-10-30,NYK @ CLE,L
22022,PHX,Phoenix Suns,0022200094,2022-10-30,PHX vs. HOU,W
22022,SAS,San Antonio Spurs,0022200092,2022-10-30,SAS vs. MIN,W
22022,CLE,Cleveland Cavaliers,0022200090,2022-10-30,CLE vs. NYK,W
22022,DAL,Dallas Mavericks,0022200093,2022-10-30,DAL vs. ORL,W
22022,DEN,Denver Nuggets,0022200095,2022-10-30,DEN @ LAL,L
22022,LAC,LA Clippers,0022200088,2022-10-30,LAC vs. NOP,L
22022,MIN,Minnesota Timberwolves,0022200092,2022-10-30,MIN @ SAS,L
22022,ORL,Orlando Magic,0022200093,2022-10-30,ORL @ DAL,L
22022,WAS,Washington Wizards,0022200089,2022-10-30,WAS @ BOS,L
22022,DET,Detroit Pistons,0022200091,2022-10-30,DET vs. GSW,W
22022,ATL,Atlanta Hawks,0022200099,2022-10-31,ATL @ TOR,L
22022,LAC,LA Clippers,0022200102,2022-10-31,LAC vs. HOU,W
22022,MIL,Milwaukee Bucks,0022200100,2022-10-31,MIL vs. DET,W
22022,IND,Indiana Pacers,0022200098,2022-10-31,IND @ BKN,L
22022,PHI,Philadelphia 76ers,0022200097,2022-10-31,PHI @ WAS,W
22022,SAC,Sacramento Kings,0022200096,2022-10-31,SAC @ CHA,W
22022,TOR,Toronto Raptors,0022200099,2022-10-31,TOR vs. ATL,W
22022,MEM,Memphis Grizzlies,0022200101,2022-10-31,MEM @ UTA,L
22022,WAS,Washington Wizards,0022200097,2022-10-31,WAS vs. PHI,L
22022,CHA,Charlotte Hornets,0022200096,2022-10-31,CHA vs. SAC,L
22022,HOU,Houston Rockets,0022200102,2022-10-31,HOU @ LAC,L
22022,BKN,Brooklyn Nets,0022200098,2022-10-31,BKN vs. IND,W
22022,UTA,Utah Jazz,0022200101,2022-10-31,UTA vs. MEM,W
22022,DET,Detroit Pistons,0022200100,2022-10-31,DET @ MIL,L
22022,CHI,Chicago Bulls,0022200103,2022-11-01,CHI @ BKN,W
22022,GSW,Golden State Warriors,0022200104,2022-11-01,GSW @ MIA,L
22022,BKN,Brooklyn Nets,0022200103,2022-11-01,BKN vs. CHI,L
22022,MIN,Minnesota Timberwolves,0022200106,2022-11-01,MIN @ PHX,L
22022,ORL,Orlando Magic,0022200105,2022-11-01,ORL @ OKC,L
22022,PHX,Phoenix Suns,0022200106,2022-11-01,PHX vs. MIN,W
22022,OKC,Oklahoma City Thunder,0022200105,2022-11-01,OKC vs. ORL,W
22022,MIA,Miami Heat,0022200104,2022-11-01,MIA vs. GSW,W
22022,ATL,Atlanta Hawks,0022200110,2022-11-02,ATL @ NYK,W
22022,BOS,Boston Celtics,0022200107,2022-11-02,BOS @ CLE,L
22022,NOP,New Orleans Pelicans,0022200117,2022-11-02,NOP @ LAL,L
22022,CHI,Chicago Bulls,0022200111,2022-11-02,CHI vs. CHA,W
22022,DAL,Dallas Mavericks,0022200115,2022-11-02,DAL vs. UTA,W
22022,HOU,Houston Rockets,0022200112,2022-11-02,HOU vs. LAC,L
22022,LAC,LA Clippers,0022200112,2022-11-02,LAC @ HOU,W
22022,MIA,Miami Heat,0022200109,2022-11-02,MIA vs. SAC,W
22022,PHI,Philadelphia 76ers,0022200108,2022-11-02,PHI vs. WAS,L
22022,SAC,Sacramento Kings,0022200109,2022-11-02,SAC @ MIA,L
22022,SAS,San Antonio Spurs,0022200114,2022-11-02,SAS vs. TOR,L
22022,TOR,Toronto Raptors,0022200114,2022-11-02,TOR @ SAS,W
22022,UTA,Utah Jazz,0022200115,2022-11-02,UTA @ DAL,L
22022,MEM,Memphis Grizzlies,0022200116,2022-11-02,MEM @ POR,W
22022,WAS,Washington Wizards,0022200108,2022-11-02,WAS @ PHI,W
22022,DET,Detroit Pistons,0022200113,2022-11-02,DET @ MIL,L
22022,CHA,Charlotte Hornets,0022200111,2022-11-02,CHA @ CHI,L
22022,CLE,Cleveland Cavaliers,0022200107,2022-11-02,CLE vs. BOS,W
22022,LAL,Los Angeles Lakers,0022200117,2022-11-02,LAL vs. NOP,W
22022,MIL,Milwaukee Bucks,0022200113,2022-11-02,MIL vs. DET,W
22022,NYK,New York Knicks,0022200110,2022-11-02,NYK vs. ATL,L
22022,POR,Portland Trail Blazers,0022200116,2022-11-02,POR vs. MEM,L
22022,DEN,Denver Nuggets,0022200119,2022-11-03,DEN @ OKC,W
22022,GSW,Golden State Warriors,0022200118,2022-11-03,GSW @ ORL,L
22022,ORL,Orlando Magic,0022200118,2022-11-03,ORL vs. GSW,W
22022,OKC,Oklahoma City Thunder,0022200119,2022-11-03,OKC vs. DEN,L
22022,CLE,Cleveland Cavaliers,0022200120,2022-11-04,CLE @ DET,W
22022,DAL,Dallas Mavericks,0022200127,2022-11-04,DAL vs. TOR,W
22022,GSW,Golden State Warriors,0022200128,2022-11-04,GSW @ NOP,L
22022,MIA,Miami Heat,0022200121,2022-11-04,MIA @ IND,L
22022,MIL,Milwaukee Bucks,0022200129,2022-11-04,MIL @ MIN,W
22022,BKN,Brooklyn Nets,0022200123,2022-11-04,BKN @ WAS,W
22022,NYK,New York Knicks,0022200122,2022-11-04,NYK @ PHI,W
22022,IND,Indiana Pacers,0022200121,2022-11-04,IND vs. MIA,W
22022,PHX,Phoenix Suns,0022200130,2022-11-04,PHX vs. POR,L
22022,UTA,Utah Jazz,0022200131,2022-11-04,UTA @ LAL,W
22022,MEM,Memphis Grizzlies,0022200125,2022-11-04,MEM vs. CHA,W
22022,WAS,Washington Wizards,0022200123,2022-11-04,WAS vs. BKN,L
22022,DET,Detroit Pistons,0022200120,2022-11-04,DET vs. CLE,L
22022,CHA,Charlotte Hornets,0022200125,2022-11-04,CHA @ MEM,L
22022,BOS,Boston Celtics,0022200124,2022-11-04,BOS vs. CHI,W
22022,NOP,New Orleans Pelicans,0022200128,2022-11-04,NOP vs. GSW,W
22022,CHI,Chicago Bulls,0022200124,2022-11-04,CHI @ BOS,L
22022,LAC,LA Clippers,0022200126,2022-11-04,LAC @ SAS,W
22022,MIN,Minnesota Timberwolves,0022200129,2022-11-04,MIN vs. MIL,L
22022,SAS,San Antonio Spurs,0022200126,2022-11-04,SAS vs. LAC,L
22022,TOR,Toronto Raptors,0022200127,2022-11-04,TOR @ DAL,L
22022,LAL,Los Angeles Lakers,0022200131,2022-11-04,LAL vs. UTA,L
22022,PHI,Philadelphia 76ers,0022200122,2022-11-04,PHI vs. NYK,L
22022,POR,Portland Trail Blazers,0022200130,2022-11-04,POR @ PHX,W
22022,ATL,Atlanta Hawks,0022200134,2022-11-05,ATL vs. NOP,W
22022,BKN,Brooklyn Nets,0022200133,2022-11-05,BKN @ CHA,W
22022,NYK,New York Knicks,0022200135,2022-11-05,NYK vs. BOS,L
22022,CHA,Charlotte Hornets,0022200133,2022-11-05,CHA vs. BKN,L
22022,BOS,Boston Celtics,0022200135,2022-11-05,BOS @ NYK,W
22022,NOP,New Orleans Pelicans,0022200134,2022-11-05,NOP @ ATL,L
22022,DEN,Denver Nuggets,0022200138,2022-11-05,DEN vs. SAS,W
22022,HOU,Houston Rockets,0022200137,2022-11-05,HOU @ MIN,L
22022,MIL,Milwaukee Bucks,0022200136,2022-11-05,MIL vs. OKC,W
22022,MIN,Minnesota Timberwolves,0022200137,2022-11-05,MIN vs. HOU,W
22022,ORL,Orlando Magic,0022200132,2022-11-05,ORL vs. SAC,L
22022,PHX,Phoenix Suns,0022200139,2022-11-05,PHX vs. POR,W
22022,POR,Portland Trail Blazers,0022200139,2022-11-05,POR @ PHX,L
22022,SAC,Sacramento Kings,0022200132,2022-11-05,SAC @ ORL,W
22022,SAS,San Antonio Spurs,0022200138,2022-11-05,SAS @ DEN,L
22022,OKC,Oklahoma City Thunder,0022200136,2022-11-05,OKC @ MIL,L
22022,TOR,Toronto Raptors,0022200141,2022-11-06,TOR vs. CHI,W
22022,UTA,Utah Jazz,0022200143,2022-11-06,UTA @ LAC,W
22022,MEM,Memphis Grizzlies,0022200142,2022-11-06,MEM vs. WAS,W
22022,CHI,Chicago Bulls,0022200141,2022-11-06,CHI @ TOR,L
22022,LAC,LA Clippers,0022200143,2022-11-06,LAC vs. UTA,L
22022,WAS,Washington Wizards,0022200142,2022-11-06,WAS @ MEM,L
22022,CLE,Cleveland Cavaliers,0022200140,2022-11-06,CLE @ LAL,W
22022,LAL,Los Angeles Lakers,0022200140,2022-11-06,LAL vs. CLE,L
22022,ATL,Atlanta Hawks,0022200149,2022-11-07,ATL vs. MIL,W
22022,NOP,New Orleans Pelicans,0022200147,2022-11-07,NOP @ IND,L
22022,CHI,Chicago Bulls,0022200151,2022-11-07,CHI vs. TOR,W
22022,DAL,Dallas Mavericks,0022200155,2022-11-07,DAL vs. BKN,W
22022,DEN,Denver Nuggets,0022200154,2022-11-07,DEN @ SAS,W
22022,GSW,Golden State Warriors,0022200156,2022-11-07,GSW vs. SAC,W
22022,PHX,Phoenix Suns,0022200148,2022-11-07,PHX @ PHI,L
22022,SAC,Sacramento Kings,0022200156,2022-11-07,SAC @ GSW,L
22022,SAS,San Antonio Spurs,0022200154,2022-11-07,SAS vs. DEN,L
22022,OKC,Oklahoma City Thunder,0022200146,2022-11-07,OKC @ DET,L
22022,UTA,Utah Jazz,0022200157,2022-11-07,UTA vs. LAL,W
22022,MEM,Memphis Grizzlies,0022200152,2022-11-07,MEM vs. BOS,L
22022,BOS,Boston Celtics,0022200152,2022-11-07,BOS @ MEM,W
22022,CLE,Cleveland Cavaliers,0022200158,2022-11-07,CLE @ LAC,L
22022,LAC,LA Clippers,0022200158,2022-11-07,LAC vs. CLE,W
22022,LAL,Los Angeles Lakers,0022200157,2022-11-07,LAL @ UTA,L
22022,MIA,Miami Heat,0022200150,2022-11-07,MIA vs. POR,L
22022,MIL,Milwaukee Bucks,0022200149,2022-11-07,MIL @ ATL,L
22022,MIN,Minnesota Timberwolves,0022200153,2022-11-07,MIN vs. NYK,L
22022,NYK,New York Knicks,0022200153,2022-11-07,NYK @ MIN,W
22022,ORL,Orlando Magic,0022200145,2022-11-07,ORL vs. HOU,L
22022,IND,Indiana Pacers,0022200147,2022-11-07,IND vs. NOP,W
22022,PHI,Philadelphia 76ers,0022200148,2022-11-07,PHI vs. PHX,W
22022,POR,Portland Trail Blazers,0022200150,2022-11-07,POR @ MIA,W
22022,TOR,Toronto Raptors,0022200151,2022-11-07,TOR @ CHI,L
22022,WAS,Washington Wizards,0022200144,2022-11-07,WAS @ CHA,W
22022,DET,Detroit Pistons,0022200146,2022-11-07,DET vs. OKC,W
22022,CHA,Charlotte Hornets,0022200144,2022-11-07,CHA vs. WAS,L
22022,HOU,Houston Rockets,0022200145,2022-11-07,HOU @ ORL,W
22022,BKN,Brooklyn Nets,0022200155,2022-11-07,BKN @ DAL,L
22022,ATL,Atlanta Hawks,0022200162,2022-11-09,ATL vs. UTA,L
22022,BOS,Boston Celtics,0022200163,2022-11-09,BOS vs. DET,W
22022,CLE,Cleveland Cavaliers,0022200171,2022-11-09,CLE @ SAC,L
22022,CHI,Chicago Bulls,0022200166,2022-11-09,CHI vs. NOP,L
22022,HOU,Houston Rockets,0022200165,2022-11-09,HOU @ TOR,L
22022,MIN,Minnesota Timberwolves,0022200167,2022-11-09,MIN vs. PHX,L
22022,BKN,Brooklyn Nets,0022200164,2022-11-09,BKN vs. NYK,W
22022,ORL,Orlando Magic,0022200161,2022-11-09,ORL vs. DAL,W
22022,IND,Indiana Pacers,0022200160,2022-11-09,IND vs. DEN,L
22022,POR,Portland Trail Blazers,0022200159,2022-11-09,POR @ CHA,W
22022,SAS,San Antonio Spurs,0022200169,2022-11-09,SAS vs. MEM,L
22022,CHA,Charlotte Hornets,0022200159,2022-11-09,CHA vs. POR,L
22022,NOP,New Orleans Pelicans,0022200166,2022-11-09,NOP @ CHI,W
22022,DAL,Dallas Mavericks,0022200161,2022-11-09,DAL @ ORL,L
22022,DEN,Denver Nuggets,0022200160,2022-11-09,DEN @ IND,W
22022,LAC,LA Clippers,0022200170,2022-11-09,LAC vs. LAL,W
22022,LAL,Los Angeles Lakers,0022200170,2022-11-09,LAL @ LAC,L
22022,MIL,Milwaukee Bucks,0022200168,2022-11-09,MIL @ OKC,W
22022,NYK,New York Knicks,0022200164,2022-11-09,NYK @ BKN,L
22022,PHX,Phoenix Suns,0022200167,2022-11-09,PHX @ MIN,W
22022,SAC,Sacramento Kings,0022200171,2022-11-09,SAC vs. CLE,W
22022,OKC,Oklahoma City Thunder,0022200168,2022-11-09,OKC vs. MIL,L
22022,TOR,Toronto Raptors,0022200165,2022-11-09,TOR vs. HOU,W
22022,UTA,Utah Jazz,0022200162,2022-11-09,UTA @ ATL,W
22022,MEM,Memphis Grizzlies,0022200169,2022-11-09,MEM @ SAS,W
22022,DET,Detroit Pistons,0022200163,2022-11-09,DET @ BOS,L
22022,PHI,Philadelphia 76ers,0022200173,2022-11-10,PHI @ ATL,L
22022,POR,Portland Trail Blazers,0022200175,2022-11-10,POR @ NOP,W
22022,WAS,Washington Wizards,0022200172,2022-11-10,WAS vs. DAL,W
22022,ATL,Atlanta Hawks,0022200173,2022-11-10,ATL vs. PHI,W
22022,NOP,New Orleans Pelicans,0022200175,2022-11-10,NOP vs. POR,L
22022,DAL,Dallas Mavericks,0022200172,2022-11-10,DAL @ WAS,L
22022,MIA,Miami Heat,0022200174,2022-11-10,MIA vs. CHA,W
22022,CHA,Charlotte Hornets,0022200174,2022-11-10,CHA @ MIA,L
22022,BOS,Boston Celtics,0022200176,2022-11-11,BOS vs. DEN,W
22022,DEN,Denver Nuggets,0022200176,2022-11-11,DEN @ BOS,L
22022,LAL,Los Angeles Lakers,0022200183,2022-11-11,LAL vs. SAC,L
22022,MIL,Milwaukee Bucks,0022200180,2022-11-11,MIL @ SAS,L
22022,NYK,New York Knicks,0022200178,2022-11-11,NYK vs. DET,W
22022,OKC,Oklahoma City Thunder,0022200179,2022-11-11,OKC vs. TOR,W
22022,TOR,Toronto Raptors,0022200179,2022-11-11,TOR @ OKC,L
22022,MEM,Memphis Grizzlies,0022200181,2022-11-11,MEM vs. MIN,W
22022,CLE,Cleveland Cavaliers,0022200182,2022-11-11,CLE @ GSW,L
22022,GSW,Golden State Warriors,0022200182,2022-11-11,GSW vs. CLE,W
22022,MIN,Minnesota Timberwolves,0022200181,2022-11-11,MIN @ MEM,L
22022,ORL,Orlando Magic,0022200177,2022-11-11,ORL vs. PHX,W
22022,PHX,Phoenix Suns,0022200177,2022-11-11,PHX @ ORL,L
22022,SAC,Sacramento Kings,0022200183,2022-11-11,SAC @ LAL,W
22022,SAS,San Antonio Spurs,0022200180,2022-11-11,SAS vs. MIL,W
22022,DET,Detroit Pistons,0022200178,2022-11-11,DET @ NYK,L
22022,PHI,Philadelphia 76ers,0022200188,2022-11-12,PHI vs. ATL,W
22022,POR,Portland Trail Blazers,0022200190,2022-11-12,POR @ DAL,L
22022,TOR,Toronto Raptors,0022200187,2022-11-12,TOR @ IND,L
22022,WAS,Washington Wizards,0022200185,2022-11-12,WAS vs. UTA,W
22022,CHA,Charlotte Hornets,0022200189,2022-11-12,CHA @ MIA,L
22022,BKN,Brooklyn Nets,0022200184,2022-11-12,BKN @ LAC,W
22022,IND,Indiana Pacers,0022200187,2022-11-12,IND vs. TOR,W
22022,UTA,Utah Jazz,0022200185,2022-11-12,UTA @ WAS,L
22022,DET,Detroit Pistons,0022200186,2022-11-12,DET vs. BOS,L
22022,ATL,Atlanta Hawks,0022200188,2022-11-12,ATL @ PHI,L
22022,BOS,Boston Celtics,0022200186,2022-11-12,BOS @ DET,W
22022,NOP,New Orleans Pelicans,0022200191,2022-11-12,NOP vs. HOU,W
22022,DAL,Dallas Mavericks,0022200190,2022-11-12,DAL vs. POR,W
22022,HOU,Houston Rockets,0022200191,2022-11-12,HOU @ NOP,L
22022,LAC,LA Clippers,0022200184,2022-11-12,LAC vs. BKN,L
22022,MIA,Miami Heat,0022200189,2022-11-12,MIA vs. CHA,W
22022,CLE,Cleveland Cavaliers,0022200193,2022-11-13,CLE vs. MIN,L
22022,DEN,Denver Nuggets,0022200196,2022-11-13,DEN @ CHI,W
22022,LAL,Los Angeles Lakers,0022200198,2022-11-13,LAL vs. BKN,W
22022,MIN,Minnesota Timberwolves,0022200193,2022-11-13,MIN @ CLE,W
22022,BKN,Brooklyn Nets,0022200198,2022-11-13,BKN @ LAL,L
22022,PHI,Philadelphia 76ers,0022200195,2022-11-13,PHI vs. UTA,W
22022,MEM,Memphis Grizzlies,0022200194,2022-11-13,MEM @ WAS,L
22022,CHI,Chicago Bulls,0022200196,2022-11-13,CHI vs. DEN,L
22022,GSW,Golden State Warriors,0022200197,2022-11-13,GSW @ SAC,L
22022,NYK,New York Knicks,0022200192,2022-11-13,NYK vs. OKC,L
22022,SAC,Sacramento Kings,0022200197,2022-11-13,SAC vs. GSW,W
22022,OKC,Oklahoma City Thunder,0022200192,2022-11-13,OKC @ NYK,W
22022,UTA,Utah Jazz,0022200195,2022-11-13,UTA @ PHI,L
22022,WAS,Washington Wizards,0022200194,2022-11-13,WAS vs. MEM,W
22022,BOS,Boston Celtics,0022200201,2022-11-14,BOS vs. OKC,W
22022,HOU,Houston Rockets,0022200203,2022-11-14,HOU vs. LAC,L
22022,LAC,LA Clippers,0022200203,2022-11-14,LAC @ HOU,W
22022,MIA,Miami Heat,0022200202,2022-11-14,MIA vs. PHX,W
22022,MIL,Milwaukee Bucks,0022200204,2022-11-14,MIL vs. ATL,L
22022,ORL,Orlando Magic,0022200200,2022-11-14,ORL vs. CHA,L
22022,SAS,San Antonio Spurs,0022200205,2022-11-14,SAS @ GSW,L
22022,OKC,Oklahoma City Thunder,0022200201,2022-11-14,OKC @ BOS,L
22022,CHA,Charlotte Hornets,0022200200,2022-11-14,CHA @ ORL,W
22022,ATL,Atlanta Hawks,0022200204,2022-11-14,ATL @ MIL,W
22022,GSW,Golden State Warriors,0022200205,2022-11-14,GSW vs. SAS,W
22022,PHX,Phoenix Suns,0022200202,2022-11-14,PHX @ MIA,L
22022,TOR,Toronto Raptors,0022200199,2022-11-14,TOR @ DET,W
22022,DET,Detroit Pistons,0022200199,2022-11-14,DET vs. TOR,L
22022,NOP,New Orleans Pelicans,0022200206,2022-11-15,NOP vs. MEM,W
22022,LAC,LA Clippers,0022200207,2022-11-15,LAC @ DAL,L
22022,BKN,Brooklyn Nets,0022200210,2022-11-15,BKN @ SAC,L
22022,NYK,New York Knicks,0022200208,2022-11-15,NYK @ UTA,W
22022,UTA,Utah Jazz,0022200208,2022-11-15,UTA vs. NYK,L
22022,MEM,Memphis Grizzlies,0022200206,2022-11-15,MEM @ NOP,L
22022,DAL,Dallas Mavericks,0022200207,2022-11-15,DAL vs. LAC,W
22022,POR,Portland Trail Blazers,0022200209,2022-11-15,POR vs. SAS,W
22022,SAC,Sacramento Kings,0022200210,2022-11-15,SAC vs. BKN,W
22022,SAS,San Antonio Spurs,0022200209,2022-11-15,SAS @ POR,L
22022,ATL,Atlanta Hawks,0022200214,2022-11-16,ATL vs. BOS,L
22022,CLE,Cleveland Cavaliers,0022200216,2022-11-16,CLE @ MIL,L
22022,CHI,Chicago Bulls,0022200217,2022-11-16,CHI @ NOP,L
22022,DAL,Dallas Mavericks,0022200218,2022-11-16,DAL vs. HOU,L
22022,GSW,Golden State Warriors,0022200220,2022-11-16,GSW @ PHX,L
22022,HOU,Houston Rockets,0022200218,2022-11-16,HOU @ DAL,W
22022,MIN,Minnesota Timberwolves,0022200212,2022-11-16,MIN @ ORL,W
22022,IND,Indiana Pacers,0022200211,2022-11-16,IND @ CHA,W
22022,BOS,Boston Celtics,0022200214,2022-11-16,BOS @ ATL,W
22022,NOP,New Orleans Pelicans,0022200217,2022-11-16,NOP vs. CHI,W
22022,DEN,Denver Nuggets,0022200219,2022-11-16,DEN vs. NYK,L
22022,MIA,Miami Heat,0022200215,2022-11-16,MIA @ TOR,L
22022,MIL,Milwaukee Bucks,0022200216,2022-11-16,MIL vs. CLE,W
22022,NYK,New York Knicks,0022200219,2022-11-16,NYK @ DEN,W
22022,ORL,Orlando Magic,0022200212,2022-11-16,ORL vs. MIN,L
22022,PHX,Phoenix Suns,0022200220,2022-11-16,PHX vs. GSW,W
22022,TOR,Toronto Raptors,0022200215,2022-11-16,TOR vs. MIA,W
22022,WAS,Washington Wizards,0022200213,2022-11-16,WAS vs. OKC,L
22022,CHA,Charlotte Hornets,0022200211,2022-11-16,CHA vs. IND,L
22022,OKC,Oklahoma City Thunder,0022200213,2022-11-16,OKC @ WAS,W
22022,POR,Portland Trail Blazers,0022200221,2022-11-17,POR vs. BKN,L
22022,SAC,Sacramento Kings,0022200222,2022-11-17,SAC vs. SAS,W
22022,SAS,San Antonio Spurs,0022200222,2022-11-17,SAS @ SAC,L
22022,DET,Detroit Pistons,0022200223,2022-11-17,DET @ LAC,L
22022,BKN,Brooklyn Nets,0022200221,2022-11-17,BKN @ POR,W
22022,LAC,LA Clippers,0022200223,2022-11-17,LAC vs. DET,W
22022,BOS,Boston Celtics,0022200231,2022-11-18,BOS @ NOP,W
22022,DAL,Dallas Mavericks,0022200230,2022-11-18,DAL vs. DEN,W
22022,DEN,Denver Nuggets,0022200230,2022-11-18,DEN @ DAL,L
22022,HOU,Houston Rockets,0022200228,2022-11-18,HOU vs. IND,L
22022,LAL,Los Angeles Lakers,0022200234,2022-11-18,LAL vs. DET,W
22022,MIA,Miami Heat,0022200224,2022-11-18,MIA @ WAS,L
22022,MIL,Milwaukee Bucks,0022200226,2022-11-18,MIL @ PHI,L
22022,PHX,Phoenix Suns,0022200232,2022-11-18,PHX @ UTA,L
22022,WAS,Washington Wizards,0022200224,2022-11-18,WAS vs. MIA,W
22022,DET,Detroit Pistons,0022200234,2022-11-18,DET @ LAL,L
22022,CLE,Cleveland Cavaliers,0022200225,2022-11-18,CLE vs. CHA,W
22022,NOP,New Orleans Pelicans,0022200231,2022-11-18,NOP vs. BOS,L
22022,CHI,Chicago Bulls,0022200227,2022-11-18,CHI vs. ORL,L
22022,GSW,Golden State Warriors,0022200233,2022-11-18,GSW vs. NYK,W
22022,NYK,New York Knicks,0022200233,2022-11-18,NYK @ GSW,L
22022,IND,Indiana Pacers,0022200228,2022-11-18,IND @ HOU,W
22022,PHI,Philadelphia 76ers,0022200226,2022-11-18,PHI vs. MIL,W
22022,OKC,Oklahoma City Thunder,0022200229,2022-11-18,OKC @ MEM,L
22022,UTA,Utah Jazz,0022200232,2022-11-18,UTA vs. PHX,W
22022,MEM,Memphis Grizzlies,0022200229,2022-11-18,MEM vs. OKC,W
22022,CHA,Charlotte Hornets,0022200225,2022-11-18,CHA @ CLE,L
22022,ORL,Orlando Magic,0022200227,2022-11-18,ORL @ CHI,W
22022,IND,Indiana Pacers,0022200236,2022-11-19,IND vs. ORL,W
22022,PHI,Philadelphia 76ers,0022200237,2022-11-19,PHI vs. MIN,L
22022,SAS,San Antonio Spurs,0022200239,2022-11-19,SAS @ LAC,L
22022,UTA,Utah Jazz,0022200238,2022-11-19,UTA @ POR,W
22022,ATL,Atlanta Hawks,0022200235,2022-11-19,ATL vs. TOR,W
22022,LAC,LA Clippers,0022200239,2022-11-19,LAC vs. SAS,W
22022,ORL,Orlando Magic,0022200236,2022-11-19,ORL @ IND,L
22022,POR,Portland Trail Blazers,0022200238,2022-11-19,POR vs. UTA,L
22022,TOR,Toronto Raptors,0022200235,2022-11-19,TOR @ ATL,L
22022,MIN,Minnesota Timberwolves,0022200237,2022-11-19,MIN @ PHI,W
22022,DAL,Dallas Mavericks,0022200246,2022-11-20,DAL vs. DEN,L
22022,GSW,Golden State Warriors,0022200245,2022-11-20,GSW @ HOU,W
22022,HOU,Houston Rockets,0022200245,2022-11-20,HOU vs. GSW,L
22022,LAL,Los Angeles Lakers,0022200247,2022-11-20,LAL vs. SAS,W
22022,MIA,Miami Heat,0022200244,2022-11-20,MIA @ CLE,L
22022,BKN,Brooklyn Nets,0022200243,2022-11-20,BKN vs. MEM,W
22022,PHX,Phoenix Suns,0022200240,2022-11-20,PHX vs. NYK,W
22022,SAC,Sacramento Kings,0022200242,2022-11-20,SAC vs. DET,W
22022,WAS,Washington Wizards,0022200241,2022-11-20,WAS vs. CHA,W
22022,CLE,Cleveland Cavaliers,0022200244,2022-11-20,CLE vs. MIA,W
22022,DEN,Denver Nuggets,0022200246,2022-11-20,DEN @ DAL,W
22022,NYK,New York Knicks,0022200240,2022-11-20,NYK @ PHX,L
22022,SAS,San Antonio Spurs,0022200247,2022-11-20,SAS @ LAL,L
22022,MEM,Memphis Grizzlies,0022200243,2022-11-20,MEM @ BKN,L
22022,CHA,Charlotte Hornets,0022200241,2022-11-20,CHA @ WAS,L
22022,DET,Detroit Pistons,0022200242,2022-11-20,DET @ SAC,L
22022,CLE,Cleveland Cavaliers,0022200248,2022-11-21,CLE vs. ATL,W
22022,CHI,Chicago Bulls,0022200250,2022-11-21,CHI vs. BOS,W
22022,LAC,LA Clippers,0022200255,2022-11-21,LAC vs. UTA,W
22022,ORL,Orlando Magic,0022200249,2022-11-21,ORL @ IND,L
22022,IND,Indiana Pacers,0022200249,2022-11-21,IND vs. ORL,W
22022,POR,Portland Trail Blazers,0022200251,2022-11-21,POR @ MIL,L
22022,OKC,Oklahoma City Thunder,0022200254,2022-11-21,OKC vs. NYK,L
22022,UTA,Utah Jazz,0022200255,2022-11-21,UTA @ LAC,L
22022,BOS,Boston Celtics,0022200250,2022-11-21,BOS @ CHI,L
22022,NOP,New Orleans Pelicans,0022200253,2022-11-21,NOP vs. GSW,W
22022,GSW,Golden State Warriors,0022200253,2022-11-21,GSW @ NOP,L
22022,MIA,Miami Heat,0022200252,2022-11-21,MIA @ MIN,L
22022,MIL,Milwaukee Bucks,0022200251,2022-11-21,MIL vs. POR,W
22022,MIN,Minnesota Timberwolves,0022200252,2022-11-21,MIN vs. MIA,W
22022,NYK,New York Knicks,0022200254,2022-11-21,NYK @ OKC,W
22022,ATL,Atlanta Hawks,0022200248,2022-11-21,ATL @ CLE,L
22022,DEN,Denver Nuggets,0022200258,2022-11-22,DEN vs. DET,L
22022,LAL,Los Angeles Lakers,0022200259,2022-11-22,LAL @ PHX,L
22022,BKN,Brooklyn Nets,0022200256,2022-11-22,BKN @ PHI,L
22022,PHI,Philadelphia 76ers,0022200256,2022-11-22,PHI vs. BKN,W
22022,PHX,Phoenix Suns,0022200259,2022-11-22,PHX vs. LAL,W
22022,SAC,Sacramento Kings,0022200257,2022-11-22,SAC @ MEM,W
22022,MEM,Memphis Grizzlies,0022200257,2022-11-22,MEM vs. SAC,L
22022,DET,Detroit Pistons,0022200258,2022-11-22,DET @ DEN,W
22022,BOS,Boston Celtics,0022200264,2022-11-23,BOS vs. DAL,W
22022,NOP,New Orleans Pelicans,0022200269,2022-11-23,NOP @ SAS,W
22022,CHI,Chicago Bulls,0022200267,2022-11-23,CHI @ MIL,W
22022,GSW,Golden State Warriors,0022200271,2022-11-23,GSW vs. LAC,W
22022,LAC,LA Clippers,0022200271,2022-11-23,LAC @ GSW,L
22022,MIA,Miami Heat,0022200265,2022-11-23,MIA vs. WAS,W
22022,BKN,Brooklyn Nets,0022200266,2022-11-23,BKN @ TOR,W
22022,PHI,Philadelphia 76ers,0022200260,2022-11-23,PHI @ CHA,L
22022,SAC,Sacramento Kings,0022200263,2022-11-23,SAC @ ATL,L
22022,SAS,San Antonio Spurs,0022200269,2022-11-23,SAS vs. NOP,L
22022,TOR,Toronto Raptors,0022200266,2022-11-23,TOR vs. BKN,L
22022,WAS,Washington Wizards,0022200265,2022-11-23,WAS @ MIA,L
22022,CHA,Charlotte Hornets,0022200260,2022-11-23,CHA vs. PHI,W
22022,ATL,Atlanta Hawks,0022200263,2022-11-23,ATL vs. SAC,W
22022,CLE,Cleveland Cavaliers,0022200261,2022-11-23,CLE vs. POR,W
22022,DAL,Dallas Mavericks,0022200264,2022-11-23,DAL @ BOS,L
22022,DEN,Denver Nuggets,0022200268,2022-11-23,DEN @ OKC,W
22022,MIL,Milwaukee Bucks,0022200267,2022-11-23,MIL vs. CHI,L
22022,MIN,Minnesota Timberwolves,0022200262,2022-11-23,MIN @ IND,W
22022,IND,Indiana Pacers,0022200262,2022-11-23,IND vs. MIN,L
22022,POR,Portland Trail Blazers,0022200261,2022-11-23,POR @ CLE,L
22022,OKC,Oklahoma City Thunder,0022200268,2022-11-23,OKC vs. DEN,L
22022,DET,Detroit Pistons,0022200270,2022-11-23,DET @ UTA,W
22022,UTA,Utah Jazz,0022200270,2022-11-23,UTA vs. DET,L
22022,ATL,Atlanta Hawks,0022200278,2022-11-25,ATL @ HOU,L
22022,BOS,Boston Celtics,0022200275,2022-11-25,BOS vs. SAC,W
22022,CLE,Cleveland Cavaliers,0022200280,2022-11-25,CLE @ MIL,L
22022,NOP,New Orleans Pelicans,0022200279,2022-11-25,NOP @ MEM,L
22022,CHI,Chicago Bulls,0022200281,2022-11-25,CHI @ OKC,L
22022,DEN,Denver Nuggets,0022200285,2022-11-25,DEN @ LAC,W
22022,GSW,Golden State Warriors,0022200284,2022-11-25,GSW vs. UTA,W
22022,LAC,LA Clippers,0022200285,2022-11-25,LAC vs. DEN,L
22022,LAL,Los Angeles Lakers,0022200282,2022-11-25,LAL @ SAS,W
22022,MIN,Minnesota Timberwolves,0022200272,2022-11-25,MIN @ CHA,L
22022,BKN,Brooklyn Nets,0022200276,2022-11-25,BKN @ IND,L
22022,ORL,Orlando Magic,0022200273,2022-11-25,ORL vs. PHI,L
22022,SAS,San Antonio Spurs,0022200282,2022-11-25,SAS vs. LAL,L
22022,OKC,Oklahoma City Thunder,0022200281,2022-11-25,OKC vs. CHI,W
22022,WAS,Washington Wizards,0022200277,2022-11-25,WAS @ MIA,L
22022,DET,Detroit Pistons,0022200283,2022-11-25,DET @ PHX,L
22022,CHA,Charlotte Hornets,0022200272,2022-11-25,CHA vs. MIN,W
22022,HOU,Houston Rockets,0022200278,2022-11-25,HOU vs. ATL,W
22022,MIA,Miami Heat,0022200277,2022-11-25,MIA vs. WAS,W
22022,MIL,Milwaukee Bucks,0022200280,2022-11-25,MIL vs. CLE,W
22022,NYK,New York Knicks,0022200274,2022-11-25,NYK vs. POR,L
22022,IND,Indiana Pacers,0022200276,2022-11-25,IND vs. BKN,W
22022,POR,Portland Trail Blazers,0022200274,2022-11-25,POR @ NYK,W
22022,SAC,Sacramento Kings,0022200275,2022-11-25,SAC @ BOS,L
22022,MEM,Memphis Grizzlies,0022200279,2022-11-25,MEM vs. NOP,W
22022,PHI,Philadelphia 76ers,0022200273,2022-11-25,PHI @ ORL,W
22022,PHX,Phoenix Suns,0022200283,2022-11-25,PHX vs. DET,W
22022,UTA,Utah Jazz,0022200284,2022-11-25,UTA @ GSW,L
22022,DAL,Dallas Mavericks,0022200286,2022-11-26,DAL @ TOR,L
22022,HOU,Houston Rockets,0022200287,2022-11-26,HOU vs. OKC,W
22022,LAL,Los Angeles Lakers,0022200288,2022-11-26,LAL @ SAS,W
22022,PHX,Phoenix Suns,0022200289,2022-11-26,PHX vs. UTA,W
22022,TOR,Toronto Raptors,0022200286,2022-11-26,TOR vs. DAL,W
22022,UTA,Utah Jazz,0022200289,2022-11-26,UTA @ PHX,L
22022,SAS,San Antonio Spurs,0022200288,2022-11-26,SAS vs. LAL,L
22022,OKC,Oklahoma City Thunder,0022200287,2022-11-26,OKC @ HOU,L
22022,ATL,Atlanta Hawks,0022200293,2022-11-27,ATL vs. MIA,L
22022,CLE,Cleveland Cavaliers,0022200295,2022-11-27,CLE @ DET,W
22022,DAL,Dallas Mavericks,0022200298,2022-11-27,DAL @ MIL,L
22022,MIL,Milwaukee Bucks,0022200298,2022-11-27,MIL vs. DAL,W
22022,MIN,Minnesota Timberwolves,0022200291,2022-11-27,MIN vs. GSW,L
22022,BKN,Brooklyn Nets,0022200290,2022-11-27,BKN vs. POR,W
22022,POR,Portland Trail Blazers,0022200290,2022-11-27,POR @ BKN,L
22022,DET,Detroit Pistons,0022200295,2022-11-27,DET vs. CLE,L
22022,GSW,Golden State Warriors,0022200291,2022-11-27,GSW @ MIN,W
22022,LAC,LA Clippers,0022200292,2022-11-27,LAC vs. IND,W
22022,MIA,Miami Heat,0022200293,2022-11-27,MIA @ ATL,W
22022,NYK,New York Knicks,0022200296,2022-11-27,NYK vs. MEM,L
22022,ORL,Orlando Magic,0022200297,2022-11-27,ORL vs. PHI,L
22022,IND,Indiana Pacers,0022200292,2022-11-27,IND @ LAC,L
22022,PHI,Philadelphia 76ers,0022200297,2022-11-27,PHI @ ORL,W
22022,MEM,Memphis Grizzlies,0022200296,2022-11-27,MEM @ NYK,W
22022,BOS,Boston Celtics,0022200294,2022-11-27,BOS vs. WAS,W
22022,WAS,Washington Wizards,0022200294,2022-11-27,WAS @ BOS,L
22022,ATL,Atlanta Hawks,0022200299,2022-11-28,ATL @ PHI,L
22022,CLE,Cleveland Cavaliers,0022200303,2022-11-28,CLE @ TOR,L
22022,NOP,New Orleans Pelicans,0022200304,2022-11-28,NOP vs. OKC,W
22022,CHI,Chicago Bulls,0022200306,2022-11-28,CHI @ UTA,W
22022,LAL,Los Angeles Lakers,0022200308,2022-11-28,LAL vs. IND,L
22022,IND,Indiana Pacers,0022200308,2022-11-28,IND @ LAL,W
22022,PHX,Phoenix Suns,0022200307,2022-11-28,PHX @ SAC,W
22022,SAC,Sacramento Kings,0022200307,2022-11-28,SAC vs. PHX,L
22022,CHA,Charlotte Hornets,0022200301,2022-11-28,CHA @ BOS,L
22022,BOS,Boston Celtics,0022200301,2022-11-28,BOS vs. CHA,W
22022,DEN,Denver Nuggets,0022200305,2022-11-28,DEN vs. HOU,W
22022,MIN,Minnesota Timberwolves,0022200300,2022-11-28,MIN @ WAS,L
22022,BKN,Brooklyn Nets,0022200302,2022-11-28,BKN vs. ORL,W
22022,ORL,Orlando Magic,0022200302,2022-11-28,ORL @ BKN,L
22022,OKC,Oklahoma City Thunder,0022200304,2022-11-28,OKC @ NOP,L
22022,TOR,Toronto Raptors,0022200303,2022-11-28,TOR vs. CLE,W
22022,UTA,Utah Jazz,0022200306,2022-11-28,UTA vs. CHI,L
22022,WAS,Washington Wizards,0022200300,2022-11-28,WAS vs. MIN,W
22022,HOU,Houston Rockets,0022200305,2022-11-28,HOU @ DEN,L
22022,PHI,Philadelphia 76ers,0022200299,2022-11-28,PHI vs. ATL,W
22022,GSW,Golden State Warriors,0022200310,2022-11-29,GSW @ DAL,L
22022,LAC,LA Clippers,0022200311,2022-11-29,LAC @ POR,W
22022,POR,Portland Trail Blazers,0022200311,2022-11-29,POR vs. LAC,L
22022,DET,Detroit Pistons,0022200309,2022-11-29,DET vs. NYK,L
22022,DAL,Dallas Mavericks,0022200310,2022-11-29,DAL vs. GSW,W
22022,NYK,New York Knicks,0022200309,2022-11-29,NYK @ DET,W
22022,ATL,Atlanta Hawks,0022200313,2022-11-30,ATL @ ORL,W
22022,BOS,Boston Celtics,0022200314,2022-11-30,BOS vs. MIA,W
22022,CLE,Cleveland Cavaliers,0022200312,2022-11-30,CLE vs. PHI,W
22022,MIL,Milwaukee Bucks,0022200316,2022-11-30,MIL @ NYK,W
22022,MIN,Minnesota Timberwolves,0022200317,2022-11-30,MIN vs. MEM,W
22022,IND,Indiana Pacers,0022200323,2022-11-30,IND @ SAC,L
22022,PHX,Phoenix Suns,0022200321,2022-11-30,PHX vs. CHI,W
22022,OKC,Oklahoma City Thunder,0022200319,2022-11-30,OKC vs. SAS,W
22022,TOR,Toronto Raptors,0022200318,2022-11-30,TOR @ NOP,L
22022,MEM,Memphis Grizzlies,0022200317,2022-11-30,MEM @ MIN,L
22022,CHI,Chicago Bulls,0022200321,2022-11-30,CHI @ PHX,L
22022,DEN,Denver Nuggets,0022200320,2022-11-30,DEN vs. HOU,W
22022,HOU,Houston Rockets,0022200320,2022-11-30,HOU @ DEN,L
22022,LAC,LA Clippers,0022200322,2022-11-30,LAC @ UTA,L
22022,LAL,Los Angeles Lakers,0022200324,2022-11-30,LAL vs. POR,W
22022,MIA,Miami Heat,0022200314,2022-11-30,MIA @ BOS,L
22022,BKN,Brooklyn Nets,0022200315,2022-11-30,BKN vs. WAS,W
22022,NYK,New York Knicks,0022200316,2022-11-30,NYK vs. MIL,L
22022,PHI,Philadelphia 76ers,0022200312,2022-11-30,PHI @ CLE,L
22022,POR,Portland Trail Blazers,0022200324,2022-11-30,POR @ LAL,L
22022,SAC,Sacramento Kings,0022200323,2022-11-30,SAC vs. IND,W
22022,SAS,San Antonio Spurs,0022200319,2022-11-30,SAS @ OKC,L
22022,UTA,Utah Jazz,0022200322,2022-11-30,UTA vs. LAC,W
22022,WAS,Washington Wizards,0022200315,2022-11-30,WAS @ BKN,L
22022,NOP,New Orleans Pelicans,0022200318,2022-11-30,NOP vs. TOR,W
22022,ORL,Orlando Magic,0022200313,2022-11-30,ORL vs. ATL,L
22022,DAL,Dallas Mavericks,0022200325,2022-12-01,DAL @ DET,L
22022,DET,Detroit Pistons,0022200325,2022-12-01,DET vs. DAL,W
22022,ATL,Atlanta Hawks,0022200327,2022-12-02,ATL vs. DEN,W
22022,BOS,Boston Celtics,0022200328,2022-12-02,BOS vs. MIA,L
22022,CLE,Cleveland Cavaliers,0022200330,2022-12-02,CLE vs. ORL,W
22022,NOP,New Orleans Pelicans,0022200333,2022-12-02,NOP @ SAS,W
22022,CHI,Chicago Bulls,0022200336,2022-12-02,CHI @ GSW,L
22022,DEN,Denver Nuggets,0022200327,2022-12-02,DEN @ ATL,L
22022,MIA,Miami Heat,0022200328,2022-12-02,MIA @ BOS,W
22022,MIL,Milwaukee Bucks,0022200331,2022-12-02,MIL vs. LAL,L
22022,ORL,Orlando Magic,0022200330,2022-12-02,ORL @ CLE,L
22022,PHI,Philadelphia 76ers,0022200332,2022-12-02,PHI @ MEM,L
22022,MEM,Memphis Grizzlies,0022200332,2022-12-02,MEM vs. PHI,W
22022,CHA,Charlotte Hornets,0022200326,2022-12-02,CHA vs. WAS,W
22022,GSW,Golden State Warriors,0022200336,2022-12-02,GSW vs. CHI,W
22022,HOU,Houston Rockets,0022200334,2022-12-02,HOU @ PHX,W
22022,LAL,Los Angeles Lakers,0022200331,2022-12-02,LAL @ MIL,W
22022,BKN,Brooklyn Nets,0022200329,2022-12-02,BKN vs. TOR,W
22022,IND,Indiana Pacers,0022200335,2022-12-02,IND @ UTA,L
22022,PHX,Phoenix Suns,0022200334,2022-12-02,PHX vs. HOU,L
22022,TOR,Toronto Raptors,0022200329,2022-12-02,TOR @ BKN,L
22022,UTA,Utah Jazz,0022200335,2022-12-02,UTA vs. IND,W
22022,SAS,San Antonio Spurs,0022200333,2022-12-02,SAS vs. NOP,L
22022,WAS,Washington Wizards,0022200326,2022-12-02,WAS @ CHA,L
22022,DAL,Dallas Mavericks,0022200337,2022-12-03,DAL @ NYK,W
22022,GSW,Golden State Warriors,0022200342,2022-12-03,GSW vs. HOU,W
22022,HOU,Houston Rockets,0022200342,2022-12-03,HOU @ GSW,L
22022,LAC,LA Clippers,0022200338,2022-12-03,LAC vs. SAC,L
22022,POR,Portland Trail Blazers,0022200343,2022-12-03,POR @ UTA,W
22022,SAC,Sacramento Kings,0022200338,2022-12-03,SAC @ LAC,W
22022,OKC,Oklahoma City Thunder,0022200341,2022-12-03,OKC @ MIN,W
22022,CHA,Charlotte Hornets,0022200339,2022-12-03,CHA vs. MIL,L
22022,MIL,Milwaukee Bucks,0022200339,2022-12-03,MIL @ CHA,W
22022,MIN,Minnesota Timberwolves,0022200341,2022-12-03,MIN vs. OKC,L
22022,NYK,New York Knicks,0022200337,2022-12-03,NYK vs. DAL,L
22022,ORL,Orlando Magic,0022200340,2022-12-03,ORL @ TOR,L
22022,TOR,Toronto Raptors,0022200340,2022-12-03,TOR vs. ORL,W
22022,UTA,Utah Jazz,0022200343,2022-12-03,UTA vs. POR,L
22022,CHI,Chicago Bulls,0022200350,2022-12-04,CHI @ SAC,L
22022,LAL,Los Angeles Lakers,0022200349,2022-12-04,LAL @ WAS,W
22022,BKN,Brooklyn Nets,0022200346,2022-12-04,BKN vs. BOS,L
22022,NYK,New York Knicks,0022200348,2022-12-04,NYK vs. CLE,W
22022,IND,Indiana Pacers,0022200351,2022-12-04,IND @ POR,L
22022,POR,Portland Trail Blazers,0022200351,2022-12-04,POR vs. IND,W
22022,SAS,San Antonio Spurs,0022200345,2022-12-04,SAS vs. PHX,L
22022,WAS,Washington Wizards,0022200349,2022-12-04,WAS vs. LAL,L
22022,DET,Detroit Pistons,0022200347,2022-12-04,DET vs. MEM,L
22022,BOS,Boston Celtics,0022200346,2022-12-04,BOS @ BKN,W
22022,NOP,New Orleans Pelicans,0022200344,2022-12-04,NOP vs. DEN,W
22022,DEN,Denver Nuggets,0022200344,2022-12-04,DEN @ NOP,L
22022,PHX,Phoenix Suns,0022200345,2022-12-04,PHX @ SAS,W
22022,SAC,Sacramento Kings,0022200350,2022-12-04,SAC vs. CHI,W
22022,MEM,Memphis Grizzlies,0022200347,2022-12-04,MEM @ DET,W
22022,CLE,Cleveland Cavaliers,0022200348,2022-12-04,CLE @ NYK,L
22022,BOS,Boston Celtics,0022200355,2022-12-05,BOS @ TOR,W
22022,DAL,Dallas Mavericks,0022200358,2022-12-05,DAL vs. PHX,W
22022,HOU,Houston Rockets,0022200356,2022-12-05,HOU vs. PHI,W
22022,IND,Indiana Pacers,0022200359,2022-12-05,IND @ GSW,W
22022,PHI,Philadelphia 76ers,0022200356,2022-12-05,PHI @ HOU,L
22022,OKC,Oklahoma City Thunder,0022200354,2022-12-05,OKC @ ATL,W
22022,TOR,Toronto Raptors,0022200355,2022-12-05,TOR vs. BOS,L
22022,MEM,Memphis Grizzlies,0022200357,2022-12-05,MEM vs. MIA,W
22022,ATL,Atlanta Hawks,0022200354,2022-12-05,ATL vs. OKC,L
22022,LAC,LA Clippers,0022200352,2022-12-05,LAC @ CHA,W
22022,MIA,Miami Heat,0022200357,2022-12-05,MIA @ MEM,L
22022,MIL,Milwaukee Bucks,0022200353,2022-12-05,MIL @ ORL,W
22022,ORL,Orlando Magic,0022200353,2022-12-05,ORL vs. MIL,L
22022,PHX,Phoenix Suns,0022200358,2022-12-05,PHX @ DAL,L
22022,CHA,Charlotte Hornets,0022200352,2022-12-05,CHA vs. LAC,L
22022,GSW,Golden State Warriors,0022200359,2022-12-05,GSW vs. IND,L
22022,CLE,Cleveland Cavaliers,0022200360,2022-12-06,CLE vs. LAL,W
22022,DAL,Dallas Mavericks,0022200362,2022-12-06,DAL @ DEN,W
22022,DEN,Denver Nuggets,0022200362,2022-12-06,DEN vs. DAL,L
22022,LAL,Los Angeles Lakers,0022200360,2022-12-06,LAL @ CLE,L
22022,MIA,Miami Heat,0022200361,2022-12-06,MIA vs. DET,L
22022,DET,Detroit Pistons,0022200361,2022-12-06,DET @ MIA,W
22022,ATL,Atlanta Hawks,0022200365,2022-12-07,ATL @ NYK,L
22022,BOS,Boston Celtics,0022200373,2022-12-07,BOS @ PHX,W
22022,NOP,New Orleans Pelicans,0022200371,2022-12-07,NOP vs. DET,W
22022,CHI,Chicago Bulls,0022200367,2022-12-07,CHI vs. WAS,W
22022,GSW,Golden State Warriors,0022200372,2022-12-07,GSW @ UTA,L
22022,LAC,LA Clippers,0022200363,2022-12-07,LAC @ ORL,L
22022,LAL,Los Angeles Lakers,0022200366,2022-12-07,LAL @ TOR,L
22022,MIL,Milwaukee Bucks,0022200369,2022-12-07,MIL vs. SAC,W
22022,NYK,New York Knicks,0022200365,2022-12-07,NYK vs. ATL,W
22022,ORL,Orlando Magic,0022200363,2022-12-07,ORL vs. LAC,W
22022,IND,Indiana Pacers,0022200370,2022-12-07,IND @ MIN,L
22022,SAC,Sacramento Kings,0022200369,2022-12-07,SAC @ MIL,L
22022,TOR,Toronto Raptors,0022200366,2022-12-07,TOR vs. LAL,W
22022,UTA,Utah Jazz,0022200372,2022-12-07,UTA vs. GSW,W
22022,MIN,Minnesota Timberwolves,0022200370,2022-12-07,MIN vs. IND,W
22022,BKN,Brooklyn Nets,0022200364,2022-12-07,BKN vs. CHA,W
22022,PHX,Phoenix Suns,0022200373,2022-12-07,PHX vs. BOS,L
22022,OKC,Oklahoma City Thunder,0022200368,2022-12-07,OKC @ MEM,L
22022,WAS,Washington Wizards,0022200367,2022-12-07,WAS @ CHI,L
22022,DET,Detroit Pistons,0022200371,2022-12-07,DET @ NOP,L
22022,CHA,Charlotte Hornets,0022200364,2022-12-07,CHA @ BKN,L
22022,MEM,Memphis Grizzlies,0022200368,2022-12-07,MEM vs. OKC,W
22022,HOU,Houston Rockets,0022200375,2022-12-08,HOU @ SAS,L
22022,POR,Portland Trail Blazers,0022200376,2022-12-08,POR vs. DEN,L
22022,SAS,San Antonio Spurs,0022200375,2022-12-08,SAS vs. HOU,W
22022,DEN,Denver Nuggets,0022200376,2022-12-08,DEN @ POR,W
22022,LAC,LA Clippers,0022200374,2022-12-08,LAC @ MIA,L
22022,MIA,Miami Heat,0022200374,2022-12-08,MIA vs. LAC,W
22022,ATL,Atlanta Hawks,0022200380,2022-12-09,ATL @ BKN,L
22022,DAL,Dallas Mavericks,0022200386,2022-12-09,DAL vs. MIL,L
22022,NYK,New York Knicks,0022200377,2022-12-09,NYK @ CHA,W
22022,IND,Indiana Pacers,0022200378,2022-12-09,IND vs. WAS,W
22022,PHI,Philadelphia 76ers,0022200382,2022-12-09,PHI vs. LAL,W
22022,SAC,Sacramento Kings,0022200381,2022-12-09,SAC @ CLE,W
22022,WAS,Washington Wizards,0022200378,2022-12-09,WAS @ IND,L
22022,DET,Detroit Pistons,0022200383,2022-12-09,DET @ MEM,L
22022,CLE,Cleveland Cavaliers,0022200381,2022-12-09,CLE vs. SAC,L
22022,NOP,New Orleans Pelicans,0022200384,2022-12-09,NOP vs. PHX,W
22022,LAL,Los Angeles Lakers,0022200382,2022-12-09,LAL @ PHI,L
22022,MIL,Milwaukee Bucks,0022200386,2022-12-09,MIL @ DAL,W
22022,MIN,Minnesota Timberwolves,0022200385,2022-12-09,MIN @ UTA,W
22022,BKN,Brooklyn Nets,0022200380,2022-12-09,BKN vs. ATL,W
22022,ORL,Orlando Magic,0022200379,2022-12-09,ORL vs. TOR,W
22022,PHX,Phoenix Suns,0022200384,2022-12-09,PHX @ NOP,L
22022,TOR,Toronto Raptors,0022200379,2022-12-09,TOR @ ORL,L
22022,UTA,Utah Jazz,0022200385,2022-12-09,UTA vs. MIN,L
22022,MEM,Memphis Grizzlies,0022200383,2022-12-09,MEM vs. DET,W
22022,CHA,Charlotte Hornets,0022200377,2022-12-09,CHA vs. NYK,L
22022,CLE,Cleveland Cavaliers,0022200390,2022-12-10,CLE vs. OKC,W
22022,DAL,Dallas Mavericks,0022200391,2022-12-10,DAL @ CHI,L
22022,DEN,Denver Nuggets,0022200393,2022-12-10,DEN vs. UTA,W
22022,MIN,Minnesota Timberwolves,0022200394,2022-12-10,MIN @ POR,L
22022,BKN,Brooklyn Nets,0022200388,2022-12-10,BKN @ IND,W
22022,IND,Indiana Pacers,0022200388,2022-12-10,IND vs. BKN,L
22022,UTA,Utah Jazz,0022200393,2022-12-10,UTA @ DEN,L
22022,WAS,Washington Wizards,0022200389,2022-12-10,WAS vs. LAC,L
22022,CHI,Chicago Bulls,0022200391,2022-12-10,CHI vs. DAL,W
22022,GSW,Golden State Warriors,0022200392,2022-12-10,GSW vs. BOS,W
22022,LAC,LA Clippers,0022200389,2022-12-10,LAC @ WAS,W
22022,MIA,Miami Heat,0022200387,2022-12-10,MIA vs. SAS,L
22022,POR,Portland Trail Blazers,0022200394,2022-12-10,POR vs. MIN,W
22022,OKC,Oklahoma City Thunder,0022200390,2022-12-10,OKC @ CLE,L
22022,BOS,Boston Celtics,0022200392,2022-12-10,BOS @ GSW,L
22022,SAS,San Antonio Spurs,0022200387,2022-12-10,SAS @ MIA,W
22022,HOU,Houston Rockets,0022200401,2022-12-11,HOU vs. MIL,W
22022,LAL,Los Angeles Lakers,0022200396,2022-12-11,LAL @ DET,W
22022,ORL,Orlando Magic,0022200398,2022-12-11,ORL vs. TOR,W
22022,PHI,Philadelphia 76ers,0022200399,2022-12-11,PHI vs. CHA,W
22022,DET,Detroit Pistons,0022200396,2022-12-11,DET vs. LAL,L
22022,CHA,Charlotte Hornets,0022200399,2022-12-11,CHA @ PHI,L
22022,NOP,New Orleans Pelicans,0022200395,2022-12-11,NOP vs. PHX,W
22022,CHI,Chicago Bulls,0022200400,2022-12-11,CHI @ ATL,L
22022,MIL,Milwaukee Bucks,0022200401,2022-12-11,MIL @ HOU,L
22022,NYK,New York Knicks,0022200397,2022-12-11,NYK vs. SAC,W
22022,PHX,Phoenix Suns,0022200395,2022-12-11,PHX @ NOP,L
22022,SAC,Sacramento Kings,0022200397,2022-12-11,SAC @ NYK,L
22022,TOR,Toronto Raptors,0022200398,2022-12-11,TOR @ ORL,L
22022,ATL,Atlanta Hawks,0022200400,2022-12-11,ATL vs. CHI,W
22022,MIA,Miami Heat,0022200402,2022-12-12,MIA @ IND,W
22022,MIN,Minnesota Timberwolves,0022200407,2022-12-12,MIN @ POR,L
22022,IND,Indiana Pacers,0022200402,2022-12-12,IND vs. MIA,L
22022,POR,Portland Trail Blazers,0022200407,2022-12-12,POR vs. MIN,W
22022,SAS,San Antonio Spurs,0022200406,2022-12-12,SAS vs. CLE,W
22022,ATL,Atlanta Hawks,0022200404,2022-12-12,ATL @ MEM,L
22022,BOS,Boston Celtics,0022200408,2022-12-12,BOS @ LAC,L
22022,DAL,Dallas Mavericks,0022200405,2022-12-12,DAL vs. OKC,W
22022,LAC,LA Clippers,0022200408,2022-12-12,LAC vs. BOS,W
22022,BKN,Brooklyn Nets,0022200403,2022-12-12,BKN @ WAS,W
22022,OKC,Oklahoma City Thunder,0022200405,2022-12-12,OKC @ DAL,L
22022,MEM,Memphis Grizzlies,0022200404,2022-12-12,MEM vs. ATL,W
22022,WAS,Washington Wizards,0022200403,2022-12-12,WAS vs. BKN,L
22022,CLE,Cleveland Cavaliers,0022200406,2022-12-12,CLE @ SAS,L
22022,BOS,Boston Celtics,0022200413,2022-12-13,BOS @ LAL,W
22022,NOP,New Orleans Pelicans,0022200412,2022-12-13,NOP @ UTA,L
22022,GSW,Golden State Warriors,0022200410,2022-12-13,GSW @ MIL,L
22022,HOU,Houston Rockets,0022200411,2022-12-13,HOU vs. PHX,W
22022,LAL,Los Angeles Lakers,0022200413,2022-12-13,LAL vs. BOS,L
22022,MIL,Milwaukee Bucks,0022200410,2022-12-13,MIL vs. GSW,W
22022,PHI,Philadelphia 76ers,0022200409,2022-12-13,PHI vs. SAC,W
22022,PHX,Phoenix Suns,0022200411,2022-12-13,PHX @ HOU,L
22022,SAC,Sacramento Kings,0022200409,2022-12-13,SAC @ PHI,L
22022,UTA,Utah Jazz,0022200412,2022-12-13,UTA vs. NOP,W
22022,ATL,Atlanta Hawks,0022200416,2022-12-14,ATL @ ORL,L
22022,CHI,Chicago Bulls,0022200418,2022-12-14,CHI vs. NYK,L
22022,DEN,Denver Nuggets,0022200422,2022-12-14,DEN vs. WAS,W
22022,GSW,Golden State Warriors,0022200415,2022-12-14,GSW @ IND,L
22022,MIN,Minnesota Timberwolves,0022200423,2022-12-14,MIN @ LAC,L
22022,SAC,Sacramento Kings,0022200417,2022-12-14,SAC @ TOR,W
22022,SAS,San Antonio Spurs,0022200420,2022-12-14,SAS vs. POR,L
22022,OKC,Oklahoma City Thunder,0022200419,2022-12-14,OKC vs. MIA,L
22022,TOR,Toronto Raptors,0022200417,2022-12-14,TOR vs. SAC,L
22022,WAS,Washington Wizards,0022200422,2022-12-14,WAS @ DEN,L
22022,DET,Detroit Pistons,0022200414,2022-12-14,DET @ CHA,W
22022,CLE,Cleveland Cavaliers,0022200421,2022-12-14,CLE @ DAL,W
22022,DAL,Dallas Mavericks,0022200421,2022-12-14,DAL vs. CLE,L
22022,LAC,LA Clippers,0022200423,2022-12-14,LAC vs. MIN,W
22022,NYK,New York Knicks,0022200418,2022-12-14,NYK @ CHI,W
22022,ORL,Orlando Magic,0022200416,2022-12-14,ORL vs. ATL,W
22022,IND,Indiana Pacers,0022200415,2022-12-14,IND vs. GSW,W
22022,POR,Portland Trail Blazers,0022200420,2022-12-14,POR @ SAS,W
22022,CHA,Charlotte Hornets,0022200414,2022-12-14,CHA vs. DET,L
22022,MIA,Miami Heat,0022200419,2022-12-14,MIA @ OKC,W
22022,HOU,Houston Rockets,0022200424,2022-12-15,HOU vs. MIA,L
22022,LAC,LA Clippers,0022200427,2022-12-15,LAC vs. PHX,L
22022,MIA,Miami Heat,0022200424,2022-12-15,MIA @ HOU,W
22022,MEM,Memphis Grizzlies,0022200425,2022-12-15,MEM vs. MIL,W
22022,NOP,New Orleans Pelicans,0022200426,2022-12-15,NOP @ UTA,L
22022,MIL,Milwaukee Bucks,0022200425,2022-12-15,MIL @ MEM,L
22022,PHX,Phoenix Suns,0022200427,2022-12-15,PHX @ LAC,W
22022,UTA,Utah Jazz,0022200426,2022-12-15,UTA vs. NOP,W
22022,ATL,Atlanta Hawks,0022200428,2022-12-16,ATL @ CHA,W
22022,BOS,Boston Celtics,0022200430,2022-12-16,BOS vs. ORL,L
22022,CLE,Cleveland Cavaliers,0022200431,2022-12-16,CLE vs. IND,W
22022,CHI,Chicago Bulls,0022200434,2022-12-16,CHI vs. NYK,L
22022,GSW,Golden State Warriors,0022200432,2022-12-16,GSW @ PHI,L
22022,LAL,Los Angeles Lakers,0022200437,2022-12-16,LAL vs. DEN,W
22022,MIN,Minnesota Timberwolves,0022200435,2022-12-16,MIN @ OKC,W
22022,BKN,Brooklyn Nets,0022200433,2022-12-16,BKN @ TOR,W
22022,NYK,New York Knicks,0022200434,2022-12-16,NYK @ CHI,W
22022,ORL,Orlando Magic,0022200430,2022-12-16,ORL @ BOS,W
22022,PHI,Philadelphia 76ers,0022200432,2022-12-16,PHI vs. GSW,W
22022,POR,Portland Trail Blazers,0022200436,2022-12-16,POR @ DAL,L
22022,SAC,Sacramento Kings,0022200429,2022-12-16,SAC @ DET,W
22022,OKC,Oklahoma City Thunder,0022200435,2022-12-16,OKC vs. MIN,L
22022,TOR,Toronto Raptors,0022200433,2022-12-16,TOR vs. BKN,L
22022,DET,Detroit Pistons,0022200429,2022-12-16,DET vs. SAC,L
22022,DAL,Dallas Mavericks,0022200436,2022-12-16,DAL vs. POR,W
22022,DEN,Denver Nuggets,0022200437,2022-12-16,DEN @ LAL,L
22022,IND,Indiana Pacers,0022200431,2022-12-16,IND @ CLE,L
22022,CHA,Charlotte Hornets,0022200428,2022-12-16,CHA vs. ATL,L
22022,CLE,Cleveland Cavaliers,0022200440,2022-12-17,CLE vs. DAL,W
22022,HOU,Houston Rockets,0022200441,2022-12-17,HOU vs. POR,L
22022,LAC,LA Clippers,0022200438,2022-12-17,LAC vs. WAS,W
22022,MIA,Miami Heat,0022200439,2022-12-17,MIA @ SAS,W
22022,MIL,Milwaukee Bucks,0022200442,2022-12-17,MIL vs. UTA,W
22022,PHX,Phoenix Suns,0022200444,2022-12-17,PHX vs. NOP,W
22022,OKC,Oklahoma City Thunder,0022200443,2022-12-17,OKC vs. MEM,W
22022,UTA,Utah Jazz,0022200442,2022-12-17,UTA @ MIL,L
22022,WAS,Washington Wizards,0022200438,2022-12-17,WAS @ LAC,L
22022,NOP,New Orleans Pelicans,0022200444,2022-12-17,NOP @ PHX,L
22022,POR,Portland Trail Blazers,0022200441,2022-12-17,POR @ HOU,W
22022,MEM,Memphis Grizzlies,0022200443,2022-12-17,MEM @ OKC,L
22022,DAL,Dallas Mavericks,0022200440,2022-12-17,DAL @ CLE,L
22022,SAS,San Antonio Spurs,0022200439,2022-12-17,SAS vs. MIA,L
22022,BOS,Boston Celtics,0022200445,2022-12-18,BOS vs. ORL,L
22022,CHI,Chicago Bulls,0022200449,2022-12-18,CHI @ MIN,L
22022,LAL,Los Angeles Lakers,0022200451,2022-12-18,LAL vs. WAS,W
22022,MIN,Minnesota Timberwolves,0022200449,2022-12-18,MIN vs. CHI,W
22022,BKN,Brooklyn Nets,0022200447,2022-12-18,BKN @ DET,W
22022,NYK,New York Knicks,0022200446,2022-12-18,NYK @ IND,W
22022,ORL,Orlando Magic,0022200445,2022-12-18,ORL @ BOS,W
22022,IND,Indiana Pacers,0022200446,2022-12-18,IND vs. NYK,L
22022,DEN,Denver Nuggets,0022200450,2022-12-18,DEN vs. CHA,W
22022,GSW,Golden State Warriors,0022200448,2022-12-18,GSW @ TOR,W
22022,TOR,Toronto Raptors,0022200448,2022-12-18,TOR vs. GSW,L
22022,WAS,Washington Wizards,0022200451,2022-12-18,WAS @ LAL,L
22022,CHA,Charlotte Hornets,0022200450,2022-12-18,CHA @ DEN,L
22022,DET,Detroit Pistons,0022200447,2022-12-18,DET vs. BKN,L
22022,ORL,Orlando Magic,0022200454,2022-12-19,ORL @ ATL,L
22022,SAC,Sacramento Kings,0022200460,2022-12-19,SAC vs. CHA,L
22022,SAS,San Antonio Spurs,0022200455,2022-12-19,SAS @ HOU,W
22022,TOR,Toronto Raptors,0022200453,2022-12-19,TOR @ PHI,L
22022,CLE,Cleveland Cavaliers,0022200452,2022-12-19,CLE vs. UTA,W
22022,NOP,New Orleans Pelicans,0022200457,2022-12-19,NOP vs. MIL,L
22022,DAL,Dallas Mavericks,0022200456,2022-12-19,DAL @ MIN,L
22022,HOU,Houston Rockets,0022200455,2022-12-19,HOU vs. SAS,L
22022,LAL,Los Angeles Lakers,0022200459,2022-12-19,LAL @ PHX,L
22022,MIL,Milwaukee Bucks,0022200457,2022-12-19,MIL @ NOP,W
22022,MIN,Minnesota Timberwolves,0022200456,2022-12-19,MIN vs. DAL,W
22022,PHI,Philadelphia 76ers,0022200453,2022-12-19,PHI vs. TOR,W
22022,PHX,Phoenix Suns,0022200459,2022-12-19,PHX vs. LAL,W
22022,POR,Portland Trail Blazers,0022200458,2022-12-19,POR @ OKC,L
22022,OKC,Oklahoma City Thunder,0022200458,2022-12-19,OKC vs. POR,W
22022,UTA,Utah Jazz,0022200452,2022-12-19,UTA @ CLE,L
22022,ATL,Atlanta Hawks,0022200454,2022-12-19,ATL vs. ORL,W
22022,CHA,Charlotte Hornets,0022200460,2022-12-19,CHA @ SAC,W
22022,GSW,Golden State Warriors,0022200463,2022-12-20,GSW @ NYK,L
22022,MIA,Miami Heat,0022200462,2022-12-20,MIA vs. CHI,L
22022,WAS,Washington Wizards,0022200464,2022-12-20,WAS @ PHX,W
22022,CHI,Chicago Bulls,0022200462,2022-12-20,CHI @ MIA,W
22022,DEN,Denver Nuggets,0022200465,2022-12-20,DEN vs. MEM,W
22022,PHX,Phoenix Suns,0022200464,2022-12-20,PHX vs. WAS,L
22022,DET,Detroit Pistons,0022200461,2022-12-20,DET vs. UTA,L
22022,NYK,New York Knicks,0022200463,2022-12-20,NYK vs. GSW,W
22022,UTA,Utah Jazz,0022200461,2022-12-20,UTA @ DET,W
22022,MEM,Memphis Grizzlies,0022200465,2022-12-20,MEM @ DEN,L
22022,BOS,Boston Celtics,0022200469,2022-12-21,BOS vs. IND,L
22022,CLE,Cleveland Cavaliers,0022200466,2022-12-21,CLE vs. MIL,W
22022,CHI,Chicago Bulls,0022200468,2022-12-21,CHI @ ATL,W
22022,DAL,Dallas Mavericks,0022200473,2022-12-21,DAL @ MIN,W
22022,GSW,Golden State Warriors,0022200470,2022-12-21,GSW @ BKN,L
22022,HOU,Houston Rockets,0022200472,2022-12-21,HOU vs. ORL,L
22022,LAL,Los Angeles Lakers,0022200475,2022-12-21,LAL @ SAC,L
22022,MIL,Milwaukee Bucks,0022200466,2022-12-21,MIL @ CLE,L
22022,BKN,Brooklyn Nets,0022200470,2022-12-21,BKN vs. GSW,W
22022,ORL,Orlando Magic,0022200472,2022-12-21,ORL @ HOU,W
22022,IND,Indiana Pacers,0022200469,2022-12-21,IND @ BOS,W
22022,PHI,Philadelphia 76ers,0022200467,2022-12-21,PHI vs. DET,W
22022,POR,Portland Trail Blazers,0022200474,2022-12-21,POR @ OKC,L
22022,TOR,Toronto Raptors,0022200471,2022-12-21,TOR @ NYK,W
22022,DET,Detroit Pistons,0022200467,2022-12-21,DET @ PHI,L
22022,LAC,LA Clippers,0022200476,2022-12-21,LAC vs. CHA,W
22022,MIN,Minnesota Timberwolves,0022200473,2022-12-21,MIN vs. DAL,L
22022,NYK,New York Knicks,0022200471,2022-12-21,NYK vs. TOR,L
22022,SAC,Sacramento Kings,0022200475,2022-12-21,SAC vs. LAL,W
22022,OKC,Oklahoma City Thunder,0022200474,2022-12-21,OKC vs. POR,W
22022,CHA,Charlotte Hornets,0022200476,2022-12-21,CHA @ LAC,L
22022,ATL,Atlanta Hawks,0022200468,2022-12-21,ATL vs. CHI,L
22022,SAS,San Antonio Spurs,0022200477,2022-12-22,SAS @ NOP,L
22022,WAS,Washington Wizards,0022200478,2022-12-22,WAS @ UTA,L
22022,NOP,New Orleans Pelicans,0022200477,2022-12-22,NOP vs. SAS,W
22022,UTA,Utah Jazz,0022200478,2022-12-22,UTA vs. WAS,W
22022,ATL,Atlanta Hawks,0022200481,2022-12-23,ATL vs. DET,W
22022,CLE,Cleveland Cavaliers,0022200484,2022-12-23,CLE vs. TOR,L
22022,NOP,New Orleans Pelicans,0022200488,2022-12-23,NOP @ OKC,W
22022,CHI,Chicago Bulls,0022200485,2022-12-23,CHI @ NYK,W
22022,DEN,Denver Nuggets,0022200489,2022-12-23,DEN vs. POR,W
22022,MIA,Miami Heat,0022200486,2022-12-23,MIA vs. IND,L
22022,MIN,Minnesota Timberwolves,0022200482,2022-12-23,MIN @ BOS,L
22022,ORL,Orlando Magic,0022200479,2022-12-23,ORL vs. SAS,W
22022,IND,Indiana Pacers,0022200486,2022-12-23,IND @ MIA,W
22022,PHI,Philadelphia 76ers,0022200480,2022-12-23,PHI vs. LAC,W
22022,POR,Portland Trail Blazers,0022200489,2022-12-23,POR @ DEN,L
22022,SAS,San Antonio Spurs,0022200479,2022-12-23,SAS @ ORL,L
22022,OKC,Oklahoma City Thunder,0022200488,2022-12-23,OKC vs. NOP,L
22022,WAS,Washington Wizards,0022200491,2022-12-23,WAS @ SAC,W
22022,BOS,Boston Celtics,0022200482,2022-12-23,BOS vs. MIN,W
22022,HOU,Houston Rockets,0022200487,2022-12-23,HOU vs. DAL,L
22022,LAC,LA Clippers,0022200480,2022-12-23,LAC @ PHI,L
22022,LAL,Los Angeles Lakers,0022200492,2022-12-23,LAL vs. CHA,L
22022,MIL,Milwaukee Bucks,0022200483,2022-12-23,MIL @ BKN,L
22022,BKN,Brooklyn Nets,0022200483,2022-12-23,BKN vs. MIL,W
22022,NYK,New York Knicks,0022200485,2022-12-23,NYK vs. CHI,L
22022,SAC,Sacramento Kings,0022200491,2022-12-23,SAC vs. WAS,L
22022,TOR,Toronto Raptors,0022200484,2022-12-23,TOR @ CLE,W
22022,MEM,Memphis Grizzlies,0022200490,2022-12-23,MEM @ PHX,W
22022,DET,Detroit Pistons,0022200481,2022-12-23,DET @ ATL,L
22022,CHA,Charlotte Hornets,0022200492,2022-12-23,CHA @ LAL,W
22022,DAL,Dallas Mavericks,0022200487,2022-12-23,DAL @ HOU,W
22022,PHX,Phoenix Suns,0022200490,2022-12-23,PHX vs. MEM,L
22022,BOS,Boston Celtics,0022200495,2022-12-25,BOS vs. MIL,W
22022,DAL,Dallas Mavericks,0022200494,2022-12-25,DAL vs. LAL,W
22022,GSW,Golden State Warriors,0022200496,2022-12-25,GSW vs. MEM,W
22022,NYK,New York Knicks,0022200493,2022-12-25,NYK vs. PHI,L
22022,PHX,Phoenix Suns,0022200497,2022-12-25,PHX @ DEN,L
22022,MEM,Memphis Grizzlies,0022200496,2022-12-25,MEM @ GSW,L
22022,DEN,Denver Nuggets,0022200497,2022-12-25,DEN vs. PHX,W
22022,LAL,Los Angeles Lakers,0022200494,2022-12-25,LAL @ DAL,L
22022,MIL,Milwaukee Bucks,0022200495,2022-12-25,MIL @ BOS,L
22022,PHI,Philadelphia 76ers,0022200493,2022-12-25,PHI @ NYK,W
22022,CLE,Cleveland Cavaliers,0022200498,2022-12-26,CLE vs. BKN,L
22022,NOP,New Orleans Pelicans,0022200502,2022-12-26,NOP vs. IND,W
22022,LAC,LA Clippers,0022200499,2022-12-26,LAC @ DET,W
22022,MIA,Miami Heat,0022200500,2022-12-26,MIA vs. MIN,W
22022,CHA,Charlotte Hornets,0022200504,2022-12-26,CHA @ POR,L
22022,HOU,Houston Rockets,0022200501,2022-12-26,HOU @ CHI,W
22022,BKN,Brooklyn Nets,0022200498,2022-12-26,BKN @ CLE,W
22022,IND,Indiana Pacers,0022200502,2022-12-26,IND @ NOP,L
22022,POR,Portland Trail Blazers,0022200504,2022-12-26,POR vs. CHA,W
22022,SAS,San Antonio Spurs,0022200503,2022-12-26,SAS vs. UTA,W
22022,UTA,Utah Jazz,0022200503,2022-12-26,UTA @ SAS,L
22022,CHI,Chicago Bulls,0022200501,2022-12-26,CHI vs. HOU,L
22022,MIN,Minnesota Timberwolves,0022200500,2022-12-26,MIN @ MIA,L
22022,DET,Detroit Pistons,0022200499,2022-12-26,DET vs. LAC,L
22022,ATL,Atlanta Hawks,0022200508,2022-12-27,ATL @ IND,L
22022,DAL,Dallas Mavericks,0022200512,2022-12-27,DAL vs. NYK,W
22022,DEN,Denver Nuggets,0022200514,2022-12-27,DEN @ SAC,W
22022,GSW,Golden State Warriors,0022200513,2022-12-27,GSW vs. CHA,W
22022,HOU,Houston Rockets,0022200507,2022-12-27,HOU @ BOS,L
22022,LAC,LA Clippers,0022200509,2022-12-27,LAC @ TOR,W
22022,LAL,Los Angeles Lakers,0022200505,2022-12-27,LAL @ ORL,W
22022,NYK,New York Knicks,0022200512,2022-12-27,NYK @ DAL,L
22022,ORL,Orlando Magic,0022200505,2022-12-27,ORL vs. LAL,L
22022,IND,Indiana Pacers,0022200508,2022-12-27,IND vs. ATL,W
22022,SAC,Sacramento Kings,0022200514,2022-12-27,SAC vs. DEN,L
22022,OKC,Oklahoma City Thunder,0022200511,2022-12-27,OKC vs. SAS,W
22022,TOR,Toronto Raptors,0022200509,2022-12-27,TOR vs. LAC,L
22022,CHA,Charlotte Hornets,0022200513,2022-12-27,CHA @ GSW,L
22022,BOS,Boston Celtics,0022200507,2022-12-27,BOS vs. HOU,W
22022,PHI,Philadelphia 76ers,0022200506,2022-12-27,PHI @ WAS,L
22022,SAS,San Antonio Spurs,0022200511,2022-12-27,SAS @ OKC,L
22022,WAS,Washington Wizards,0022200506,2022-12-27,WAS vs. PHI,W
22022,PHX,Phoenix Suns,0022200510,2022-12-27,PHX @ MEM,W
22022,MEM,Memphis Grizzlies,0022200510,2022-12-27,MEM vs. PHX,L
22022,ATL,Atlanta Hawks,0022200517,2022-12-28,ATL vs. BKN,L
22022,NOP,New Orleans Pelicans,0022200520,2022-12-28,NOP vs. MIN,W
22022,CHI,Chicago Bulls,0022200519,2022-12-28,CHI vs. MIL,W
22022,DEN,Denver Nuggets,0022200522,2022-12-28,DEN @ SAC,L
22022,GSW,Golden State Warriors,0022200521,2022-12-28,GSW vs. UTA,W
22022,MIA,Miami Heat,0022200518,2022-12-28,MIA vs. LAL,W
22022,MIL,Milwaukee Bucks,0022200519,2022-12-28,MIL @ CHI,L
22022,BKN,Brooklyn Nets,0022200517,2022-12-28,BKN @ ATL,W
22022,ORL,Orlando Magic,0022200515,2022-12-28,ORL @ DET,L
22022,SAC,Sacramento Kings,0022200522,2022-12-28,SAC vs. DEN,W
22022,WAS,Washington Wizards,0022200516,2022-12-28,WAS vs. PHX,W
22022,LAL,Los Angeles Lakers,0022200518,2022-12-28,LAL @ MIA,L
22022,MIN,Minnesota Timberwolves,0022200520,2022-12-28,MIN @ NOP,L
22022,PHX,Phoenix Suns,0022200516,2022-12-28,PHX @ WAS,L
22022,UTA,Utah Jazz,0022200521,2022-12-28,UTA @ GSW,L
22022,DET,Detroit Pistons,0022200515,2022-12-28,DET vs. ORL,W
22022,BOS,Boston Celtics,0022200525,2022-12-29,BOS vs. LAC,W
22022,CLE,Cleveland Cavaliers,0022200524,2022-12-29,CLE @ IND,L
22022,DAL,Dallas Mavericks,0022200528,2022-12-29,DAL vs. HOU,W
22022,NYK,New York Knicks,0022200527,2022-12-29,NYK @ SAS,L
22022,IND,Indiana Pacers,0022200524,2022-12-29,IND vs. CLE,W
22022,MEM,Memphis Grizzlies,0022200526,2022-12-29,MEM @ TOR,W
22022,CHA,Charlotte Hornets,0022200523,2022-12-29,CHA vs. OKC,W
22022,HOU,Houston Rockets,0022200528,2022-12-29,HOU @ DAL,L
22022,LAC,LA Clippers,0022200525,2022-12-29,LAC @ BOS,L
22022,SAS,San Antonio Spurs,0022200527,2022-12-29,SAS vs. NYK,W
22022,OKC,Oklahoma City Thunder,0022200523,2022-12-29,OKC @ CHA,L
22022,TOR,Toronto Raptors,0022200526,2022-12-29,TOR vs. MEM,L
22022,ATL,Atlanta Hawks,0022200530,2022-12-30,ATL vs. LAL,L
22022,CHI,Chicago Bulls,0022200532,2022-12-30,CHI vs. DET,W
22022,DEN,Denver Nuggets,0022200535,2022-12-30,DEN vs. MIA,W
22022,GSW,Golden State Warriors,0022200536,2022-12-30,GSW vs. POR,W
22022,MIL,Milwaukee Bucks,0022200533,2022-12-30,MIL vs. MIN,W
22022,MIN,Minnesota Timberwolves,0022200533,2022-12-30,MIN @ MIL,L
22022,ORL,Orlando Magic,0022200529,2022-12-30,ORL vs. WAS,L
22022,PHI,Philadelphia 76ers,0022200534,2022-12-30,PHI @ NOP,L
22022,POR,Portland Trail Blazers,0022200536,2022-12-30,POR @ GSW,L
22022,TOR,Toronto Raptors,0022200531,2022-12-30,TOR vs. PHX,W
22022,NOP,New Orleans Pelicans,0022200534,2022-12-30,NOP vs. PHI,W
22022,MIA,Miami Heat,0022200535,2022-12-30,MIA @ DEN,L
22022,PHX,Phoenix Suns,0022200531,2022-12-30,PHX @ TOR,L
22022,UTA,Utah Jazz,0022200537,2022-12-30,UTA @ SAC,L
22022,WAS,Washington Wizards,0022200529,2022-12-30,WAS @ ORL,W
22022,DET,Detroit Pistons,0022200532,2022-12-30,DET @ CHI,L
22022,LAL,Los Angeles Lakers,0022200530,2022-12-30,LAL @ ATL,W
22022,SAC,Sacramento Kings,0022200537,2022-12-30,SAC vs. UTA,W
22022,NOP,New Orleans Pelicans,0022200543,2022-12-31,NOP @ MEM,L
22022,CHI,Chicago Bulls,0022200540,2022-12-31,CHI vs. CLE,L
22022,HOU,Houston Rockets,0022200541,2022-12-31,HOU vs. NYK,L
22022,MIN,Minnesota Timberwolves,0022200544,2022-12-31,MIN vs. DET,L
22022,NYK,New York Knicks,0022200541,2022-12-31,NYK @ HOU,W
22022,PHI,Philadelphia 76ers,0022200545,2022-12-31,PHI @ OKC,W
22022,UTA,Utah Jazz,0022200546,2022-12-31,UTA vs. MIA,L
22022,DET,Detroit Pistons,0022200544,2022-12-31,DET @ MIN,W
22022,CLE,Cleveland Cavaliers,0022200540,2022-12-31,CLE @ CHI,W
22022,DAL,Dallas Mavericks,0022200542,2022-12-31,DAL @ SAS,W
22022,BKN,Brooklyn Nets,0022200539,2022-12-31,BKN @ CHA,W
22022,IND,Indiana Pacers,0022200538,2022-12-31,IND vs. LAC,W
22022,SAS,San Antonio Spurs,0022200542,2022-12-31,SAS vs. DAL,L
22022,OKC,Oklahoma City Thunder,0022200545,2022-12-31,OKC vs. PHI,L
22022,MEM,Memphis Grizzlies,0022200543,2022-12-31,MEM vs. NOP,W
22022,CHA,Charlotte Hornets,0022200539,2022-12-31,CHA vs. BKN,L
22022,LAC,LA Clippers,0022200538,2022-12-31,LAC @ IND,L
22022,MIA,Miami Heat,0022200546,2022-12-31,MIA @ UTA,W
22022,DEN,Denver Nuggets,0022200549,2023-01-01,DEN vs. BOS,W
22022,MIL,Milwaukee Bucks,0022200548,2023-01-01,MIL vs. WAS,L
22022,MEM,Memphis Grizzlies,0022200547,2023-01-01,MEM vs. SAC,W
22022,WAS,Washington Wizards,0022200548,2023-01-01,WAS @ MIL,W
22022,BOS,Boston Celtics,0022200549,2023-01-01,BOS @ DEN,L
22022,SAC,Sacramento Kings,0022200547,2023-01-01,SAC @ MEM,L
22022,CLE,Cleveland Cavaliers,0022200552,2023-01-02,CLE vs. CHI,W
22022,DAL,Dallas Mavericks,0022200556,2023-01-02,DAL @ HOU,W
22022,DEN,Denver Nuggets,0022200557,2023-01-02,DEN @ MIN,L
22022,GSW,Golden State Warriors,0022200558,2023-01-02,GSW vs. ATL,W
22022,LAL,Los Angeles Lakers,0022200551,2023-01-02,LAL @ CHA,W
22022,MIA,Miami Heat,0022200560,2023-01-02,MIA @ LAC,W
22022,MIN,Minnesota Timberwolves,0022200557,2023-01-02,MIN vs. DEN,W
22022,PHI,Philadelphia 76ers,0022200554,2023-01-02,PHI vs. NOP,W
22022,PHX,Phoenix Suns,0022200550,2023-01-02,PHX @ NYK,L
22022,POR,Portland Trail Blazers,0022200559,2023-01-02,POR vs. DET,W
22022,SAS,San Antonio Spurs,0022200555,2023-01-02,SAS @ BKN,L
22022,TOR,Toronto Raptors,0022200553,2023-01-02,TOR @ IND,L
22022,ATL,Atlanta Hawks,0022200558,2023-01-02,ATL @ GSW,L
22022,NOP,New Orleans Pelicans,0022200554,2023-01-02,NOP @ PHI,L
22022,CHI,Chicago Bulls,0022200552,2023-01-02,CHI @ CLE,L
22022,HOU,Houston Rockets,0022200556,2023-01-02,HOU vs. DAL,L
22022,LAC,LA Clippers,0022200560,2023-01-02,LAC vs. MIA,L
22022,BKN,Brooklyn Nets,0022200555,2023-01-02,BKN vs. SAS,W
22022,NYK,New York Knicks,0022200550,2023-01-02,NYK vs. PHX,W
22022,IND,Indiana Pacers,0022200553,2023-01-02,IND vs. TOR,W
22022,DET,Detroit Pistons,0022200559,2023-01-02,DET @ POR,L
22022,CHA,Charlotte Hornets,0022200551,2023-01-02,CHA vs. LAL,L
22022,BOS,Boston Celtics,0022200562,2023-01-03,BOS @ OKC,L
22022,MIL,Milwaukee Bucks,0022200561,2023-01-03,MIL vs. WAS,W
22022,SAC,Sacramento Kings,0022200563,2023-01-03,SAC @ UTA,W
22022,OKC,Oklahoma City Thunder,0022200562,2023-01-03,OKC vs. BOS,W
22022,UTA,Utah Jazz,0022200563,2023-01-03,UTA vs. SAC,L
22022,WAS,Washington Wizards,0022200561,2023-01-03,WAS @ MIL,L
22022,ATL,Atlanta Hawks,0022200575,2023-01-04,ATL @ SAC,W
22022,HOU,Houston Rockets,0022200572,2023-01-04,HOU @ NOP,L
22022,LAL,Los Angeles Lakers,0022200574,2023-01-04,LAL vs. MIA,W
22022,ORL,Orlando Magic,0022200566,2023-01-04,ORL vs. OKC,W
22022,IND,Indiana Pacers,0022200567,2023-01-04,IND @ PHI,L
22022,PHX,Phoenix Suns,0022200565,2023-01-04,PHX @ CLE,L
22022,SAC,Sacramento Kings,0022200575,2023-01-04,SAC vs. ATL,L
22022,TOR,Toronto Raptors,0022200569,2023-01-04,TOR vs. MIL,L
22022,CLE,Cleveland Cavaliers,0022200565,2023-01-04,CLE vs. PHX,W
22022,CHI,Chicago Bulls,0022200570,2023-01-04,CHI vs. BKN,W
22022,GSW,Golden State Warriors,0022200573,2023-01-04,GSW vs. DET,L
22022,MIL,Milwaukee Bucks,0022200569,2023-01-04,MIL @ TOR,W
22022,MIN,Minnesota Timberwolves,0022200571,2023-01-04,MIN vs. POR,W
22022,BKN,Brooklyn Nets,0022200570,2023-01-04,BKN @ CHI,L
22022,NYK,New York Knicks,0022200568,2023-01-04,NYK vs. SAS,W
22022,PHI,Philadelphia 76ers,0022200567,2023-01-04,PHI vs. IND,W
22022,POR,Portland Trail Blazers,0022200571,2023-01-04,POR @ MIN,L
22022,SAS,San Antonio Spurs,0022200568,2023-01-04,SAS @ NYK,L
22022,DET,Detroit Pistons,0022200573,2023-01-04,DET @ GSW,W
22022,CHA,Charlotte Hornets,0022200564,2023-01-04,CHA vs. MEM,L
22022,NOP,New Orleans Pelicans,0022200572,2023-01-04,NOP vs. HOU,W
22022,MIA,Miami Heat,0022200574,2023-01-04,MIA @ LAL,L
22022,OKC,Oklahoma City Thunder,0022200566,2023-01-04,OKC @ ORL,L
22022,MEM,Memphis Grizzlies,0022200564,2023-01-04,MEM @ CHA,W
22022,HOU,Houston Rockets,0022200578,2023-01-05,HOU vs. UTA,L
22022,LAC,LA Clippers,0022200579,2023-01-05,LAC @ DEN,L
22022,DAL,Dallas Mavericks,0022200577,2023-01-05,DAL vs. BOS,L
22022,DEN,Denver Nuggets,0022200579,2023-01-05,DEN vs. LAC,W
22022,ORL,Orlando Magic,0022200576,2023-01-05,ORL vs. MEM,L
22022,UTA,Utah Jazz,0022200578,2023-01-05,UTA @ HOU,W
22022,MEM,Memphis Grizzlies,0022200576,2023-01-05,MEM @ ORL,W
22022,BOS,Boston Celtics,0022200577,2023-01-05,BOS @ DAL,W
22022,CLE,Cleveland Cavaliers,0022200588,2023-01-06,CLE @ DEN,L
22022,NOP,New Orleans Pelicans,0022200586,2023-01-06,NOP vs. BKN,L
22022,DEN,Denver Nuggets,0022200588,2023-01-06,DEN vs. CLE,W
22022,LAL,Los Angeles Lakers,0022200590,2023-01-06,LAL vs. ATL,W
22022,MIA,Miami Heat,0022200589,2023-01-06,MIA @ PHX,W
22022,MIL,Milwaukee Bucks,0022200583,2023-01-06,MIL vs. CHA,L
22022,BKN,Brooklyn Nets,0022200586,2023-01-06,BKN @ NOP,W
22022,NYK,New York Knicks,0022200582,2023-01-06,NYK @ TOR,W
22022,IND,Indiana Pacers,0022200580,2023-01-06,IND vs. POR,W
22022,PHI,Philadelphia 76ers,0022200581,2023-01-06,PHI vs. CHI,L
22022,POR,Portland Trail Blazers,0022200580,2023-01-06,POR @ IND,L
22022,SAS,San Antonio Spurs,0022200585,2023-01-06,SAS vs. DET,W
22022,OKC,Oklahoma City Thunder,0022200584,2023-01-06,OKC vs. WAS,W
22022,ATL,Atlanta Hawks,0022200590,2023-01-06,ATL @ LAL,L
22022,CHI,Chicago Bulls,0022200581,2023-01-06,CHI @ PHI,W
22022,LAC,LA Clippers,0022200587,2023-01-06,LAC @ MIN,L
22022,MIN,Minnesota Timberwolves,0022200587,2023-01-06,MIN vs. LAC,W
22022,PHX,Phoenix Suns,0022200589,2023-01-06,PHX vs. MIA,L
22022,WAS,Washington Wizards,0022200584,2023-01-06,WAS @ OKC,L
22022,DET,Detroit Pistons,0022200585,2023-01-06,DET @ SAS,L
22022,CHA,Charlotte Hornets,0022200583,2023-01-06,CHA @ MIL,W
22022,TOR,Toronto Raptors,0022200582,2023-01-06,TOR vs. NYK,L
22022,BOS,Boston Celtics,0022200591,2023-01-07,BOS @ SAS,W
22022,NOP,New Orleans Pelicans,0022200593,2023-01-07,NOP @ DAL,L
22022,CHI,Chicago Bulls,0022200592,2023-01-07,CHI vs. UTA,W
22022,DAL,Dallas Mavericks,0022200593,2023-01-07,DAL vs. NOP,W
22022,GSW,Golden State Warriors,0022200594,2023-01-07,GSW vs. ORL,L
22022,LAL,Los Angeles Lakers,0022200595,2023-01-07,LAL @ SAC,W
22022,SAC,Sacramento Kings,0022200595,2023-01-07,SAC vs. LAL,L
22022,SAS,San Antonio Spurs,0022200591,2023-01-07,SAS vs. BOS,L
22022,UTA,Utah Jazz,0022200592,2023-01-07,UTA @ CHI,L
22022,ORL,Orlando Magic,0022200594,2023-01-07,ORL @ GSW,W
22022,DAL,Dallas Mavericks,0022200602,2023-01-08,DAL @ OKC,L
22022,HOU,Houston Rockets,0022200601,2023-01-08,HOU vs. MIN,L
22022,MIN,Minnesota Timberwolves,0022200601,2023-01-08,MIN @ HOU,W
22022,IND,Indiana Pacers,0022200598,2023-01-08,IND vs. CHA,W
22022,PHI,Philadelphia 76ers,0022200596,2023-01-08,PHI @ DET,W
22022,POR,Portland Trail Blazers,0022200597,2023-01-08,POR @ TOR,L
22022,TOR,Toronto Raptors,0022200597,2023-01-08,TOR vs. POR,W
22022,CHA,Charlotte Hornets,0022200598,2023-01-08,CHA @ IND,L
22022,ATL,Atlanta Hawks,0022200604,2023-01-08,ATL @ LAC,W
22022,CLE,Cleveland Cavaliers,0022200603,2023-01-08,CLE @ PHX,W
22022,LAC,LA Clippers,0022200604,2023-01-08,LAC vs. ATL,L
22022,MIA,Miami Heat,0022200599,2023-01-08,MIA vs. BKN,L
22022,BKN,Brooklyn Nets,0022200599,2023-01-08,BKN @ MIA,W
22022,PHX,Phoenix Suns,0022200603,2023-01-08,PHX vs. CLE,L
22022,OKC,Oklahoma City Thunder,0022200602,2023-01-08,OKC vs. DAL,W
22022,UTA,Utah Jazz,0022200600,2023-01-08,UTA @ MEM,L
22022,MEM,Memphis Grizzlies,0022200600,2023-01-08,MEM vs. UTA,W
22022,DET,Detroit Pistons,0022200596,2023-01-08,DET vs. PHI,L
22022,BOS,Boston Celtics,0022200606,2023-01-09,BOS vs. CHI,W
22022,SAC,Sacramento Kings,0022200610,2023-01-09,SAC vs. ORL,W
22022,NOP,New Orleans Pelicans,0022200605,2023-01-09,NOP @ WAS,W
22022,CHI,Chicago Bulls,0022200606,2023-01-09,CHI @ BOS,L
22022,DEN,Denver Nuggets,0022200609,2023-01-09,DEN vs. LAL,W
22022,LAL,Los Angeles Lakers,0022200609,2023-01-09,LAL @ DEN,L
22022,NYK,New York Knicks,0022200607,2023-01-09,NYK vs. MIL,L
22022,ORL,Orlando Magic,0022200610,2023-01-09,ORL @ SAC,L
22022,SAS,San Antonio Spurs,0022200608,2023-01-09,SAS @ MEM,L
22022,MEM,Memphis Grizzlies,0022200608,2023-01-09,MEM vs. SAS,W
22022,WAS,Washington Wizards,0022200605,2023-01-09,WAS vs. NOP,L
22022,MIL,Milwaukee Bucks,0022200607,2023-01-09,MIL @ NYK,W
22022,CLE,Cleveland Cavaliers,0022200614,2023-01-10,CLE @ UTA,L
22022,MIA,Miami Heat,0022200611,2023-01-10,MIA vs. OKC,W
22022,PHI,Philadelphia 76ers,0022200612,2023-01-10,PHI vs. DET,W
22022,POR,Portland Trail Blazers,0022200616,2023-01-10,POR vs. ORL,L
22022,OKC,Oklahoma City Thunder,0022200611,2023-01-10,OKC @ MIA,L
22022,DET,Detroit Pistons,0022200612,2023-01-10,DET @ PHI,L
22022,DAL,Dallas Mavericks,0022200617,2023-01-10,DAL @ LAC,L
22022,LAC,LA Clippers,0022200617,2023-01-10,LAC vs. DAL,W
22022,ORL,Orlando Magic,0022200616,2023-01-10,ORL @ POR,W
22022,PHX,Phoenix Suns,0022200615,2023-01-10,PHX @ GSW,W
22022,UTA,Utah Jazz,0022200614,2023-01-10,UTA vs. CLE,W
22022,CHA,Charlotte Hornets,0022200613,2023-01-10,CHA @ TOR,L
22022,GSW,Golden State Warriors,0022200615,2023-01-10,GSW vs. PHX,L
22022,TOR,Toronto Raptors,0022200613,2023-01-10,TOR vs. CHA,W
22022,ATL,Atlanta Hawks,0022200620,2023-01-11,ATL vs. MIL,L
22022,BOS,Boston Celtics,0022200621,2023-01-11,BOS vs. NOP,W
22022,CHI,Chicago Bulls,0022200619,2023-01-11,CHI @ WAS,L
22022,HOU,Houston Rockets,0022200625,2023-01-11,HOU @ SAC,L
22022,MIN,Minnesota Timberwolves,0022200618,2023-01-11,MIN @ DET,L
22022,IND,Indiana Pacers,0022200622,2023-01-11,IND @ NYK,L
22022,PHX,Phoenix Suns,0022200624,2023-01-11,PHX @ DEN,L
22022,MEM,Memphis Grizzlies,0022200623,2023-01-11,MEM vs. SAS,W
22022,NOP,New Orleans Pelicans,0022200621,2023-01-11,NOP @ BOS,L
22022,DEN,Denver Nuggets,0022200624,2023-01-11,DEN vs. PHX,W
22022,NYK,New York Knicks,0022200622,2023-01-11,NYK vs. IND,W
22022,SAC,Sacramento Kings,0022200625,2023-01-11,SAC vs. HOU,W
22022,SAS,San Antonio Spurs,0022200623,2023-01-11,SAS @ MEM,L
22022,WAS,Washington Wizards,0022200619,2023-01-11,WAS vs. CHI,W
22022,DET,Detroit Pistons,0022200618,2023-01-11,DET vs. MIN,W
22022,MIL,Milwaukee Bucks,0022200620,2023-01-11,MIL @ ATL,W
22022,LAL,Los Angeles Lakers,0022200630,2023-01-12,LAL vs. DAL,L
22022,CHA,Charlotte Hornets,0022200629,2023-01-12,CHA @ TOR,L
22022,BOS,Boston Celtics,0022200627,2023-01-12,BOS @ BKN,W
22022,CLE,Cleveland Cavaliers,0022200631,2023-01-12,CLE @ POR,W
22022,MIA,Miami Heat,0022200628,2023-01-12,MIA vs. MIL,W
22022,BKN,Brooklyn Nets,0022200627,2023-01-12,BKN vs. BOS,L
22022,PHI,Philadelphia 76ers,0022200626,2023-01-12,PHI vs. OKC,L
22022,POR,Portland Trail Blazers,0022200631,2023-01-12,POR vs. CLE,L
22022,TOR,Toronto Raptors,0022200629,2023-01-12,TOR vs. CHA,W
22022,DAL,Dallas Mavericks,0022200630,2023-01-12,DAL @ LAL,W
22022,MIL,Milwaukee Bucks,0022200628,2023-01-12,MIL @ MIA,L
22022,OKC,Oklahoma City Thunder,0022200626,2023-01-12,OKC @ PHI,W
22022,CHI,Chicago Bulls,0022200636,2023-01-13,CHI vs. OKC,L
22022,DEN,Denver Nuggets,0022200639,2023-01-13,DEN @ LAC,W
22022,MIN,Minnesota Timberwolves,0022200637,2023-01-13,MIN vs. PHX,W
22022,ORL,Orlando Magic,0022200638,2023-01-13,ORL @ UTA,L
22022,DET,Detroit Pistons,0022200632,2023-01-13,DET vs. NOP,L
22022,ATL,Atlanta Hawks,0022200633,2023-01-13,ATL @ IND,W
22022,NOP,New Orleans Pelicans,0022200632,2023-01-13,NOP @ DET,W
22022,GSW,Golden State Warriors,0022200635,2023-01-13,GSW @ SAS,W
22022,HOU,Houston Rockets,0022200640,2023-01-13,HOU @ SAC,L
22022,LAC,LA Clippers,0022200639,2023-01-13,LAC vs. DEN,L
22022,NYK,New York Knicks,0022200634,2023-01-13,NYK @ WAS,W
22022,IND,Indiana Pacers,0022200633,2023-01-13,IND vs. ATL,L
22022,SAS,San Antonio Spurs,0022200635,2023-01-13,SAS vs. GSW,L
22022,UTA,Utah Jazz,0022200638,2023-01-13,UTA vs. ORL,W
22022,WAS,Washington Wizards,0022200634,2023-01-13,WAS vs. NYK,L
22022,PHX,Phoenix Suns,0022200637,2023-01-13,PHX @ MIN,L
22022,SAC,Sacramento Kings,0022200640,2023-01-13,SAC vs. HOU,W
22022,OKC,Oklahoma City Thunder,0022200636,2023-01-13,OKC @ CHI,W
22022,ATL,Atlanta Hawks,0022200644,2023-01-14,ATL @ TOR,W
22022,BOS,Boston Celtics,0022200642,2023-01-14,BOS @ CHA,W
22022,CLE,Cleveland Cavaliers,0022200645,2023-01-14,CLE @ MIN,L
22022,DAL,Dallas Mavericks,0022200647,2023-01-14,DAL @ POR,L
22022,MIL,Milwaukee Bucks,0022200641,2023-01-14,MIL @ MIA,L
22022,POR,Portland Trail Blazers,0022200647,2023-01-14,POR vs. DAL,W
22022,MEM,Memphis Grizzlies,0022200643,2023-01-14,MEM @ IND,W
22022,MIA,Miami Heat,0022200641,2023-01-14,MIA vs. MIL,W
22022,IND,Indiana Pacers,0022200643,2023-01-14,IND vs. MEM,L
22022,PHI,Philadelphia 76ers,0022200646,2023-01-14,PHI @ UTA,W
22022,TOR,Toronto Raptors,0022200644,2023-01-14,TOR vs. ATL,L
22022,CHA,Charlotte Hornets,0022200642,2023-01-14,CHA vs. BOS,L
22022,MIN,Minnesota Timberwolves,0022200645,2023-01-14,MIN vs. CLE,W
22022,UTA,Utah Jazz,0022200646,2023-01-14,UTA vs. PHI,L
22022,HOU,Houston Rockets,0022200649,2023-01-15,HOU @ LAC,L
22022,LAL,Los Angeles Lakers,0022200655,2023-01-15,LAL vs. PHI,L
22022,BKN,Brooklyn Nets,0022200651,2023-01-15,BKN vs. OKC,L
22022,NYK,New York Knicks,0022200648,2023-01-15,NYK @ DET,W
22022,ORL,Orlando Magic,0022200653,2023-01-15,ORL @ DEN,L
22022,PHI,Philadelphia 76ers,0022200655,2023-01-15,PHI @ LAL,W
22022,POR,Portland Trail Blazers,0022200654,2023-01-15,POR vs. DAL,W
22022,SAS,San Antonio Spurs,0022200652,2023-01-15,SAS vs. SAC,L
22022,OKC,Oklahoma City Thunder,0022200651,2023-01-15,OKC @ BKN,W
22022,DET,Detroit Pistons,0022200648,2023-01-15,DET vs. NYK,L
22022,CHI,Chicago Bulls,0022200650,2023-01-15,CHI vs. GSW,W
22022,DAL,Dallas Mavericks,0022200654,2023-01-15,DAL @ POR,L
22022,DEN,Denver Nuggets,0022200653,2023-01-15,DEN vs. ORL,W
22022,GSW,Golden State Warriors,0022200650,2023-01-15,GSW @ CHI,L
22022,LAC,LA Clippers,0022200649,2023-01-15,LAC vs. HOU,W
22022,SAC,Sacramento Kings,0022200652,2023-01-15,SAC @ SAS,W
22022,ATL,Atlanta Hawks,0022200661,2023-01-16,ATL vs. MIA,W
22022,BOS,Boston Celtics,0022200656,2023-01-16,BOS @ CHA,W
22022,NOP,New Orleans Pelicans,0022200658,2023-01-16,NOP @ CLE,L
22022,LAL,Los Angeles Lakers,0022200664,2023-01-16,LAL vs. HOU,W
22022,IND,Indiana Pacers,0022200657,2023-01-16,IND @ MIL,L
22022,TOR,Toronto Raptors,0022200659,2023-01-16,TOR @ NYK,W
22022,UTA,Utah Jazz,0022200662,2023-01-16,UTA @ MIN,W
22022,CHA,Charlotte Hornets,0022200656,2023-01-16,CHA vs. BOS,L
22022,GSW,Golden State Warriors,0022200660,2023-01-16,GSW @ WAS,W
22022,HOU,Houston Rockets,0022200664,2023-01-16,HOU @ LAL,L
22022,MIA,Miami Heat,0022200661,2023-01-16,MIA @ ATL,L
22022,MIL,Milwaukee Bucks,0022200657,2023-01-16,MIL vs. IND,W
22022,MIN,Minnesota Timberwolves,0022200662,2023-01-16,MIN vs. UTA,L
22022,NYK,New York Knicks,0022200659,2023-01-16,NYK vs. TOR,L
22022,PHX,Phoenix Suns,0022200663,2023-01-16,PHX @ MEM,L
22022,MEM,Memphis Grizzlies,0022200663,2023-01-16,MEM vs. PHX,W
22022,WAS,Washington Wizards,0022200660,2023-01-16,WAS vs. GSW,L
22022,CLE,Cleveland Cavaliers,0022200658,2023-01-16,CLE vs. NOP,W
22022,DEN,Denver Nuggets,0022200667,2023-01-17,DEN vs. POR,W
22022,LAC,LA Clippers,0022200668,2023-01-17,LAC vs. PHI,L
22022,BKN,Brooklyn Nets,0022200666,2023-01-17,BKN @ SAS,L
22022,PHI,Philadelphia 76ers,0022200668,2023-01-17,PHI @ LAC,W
22022,POR,Portland Trail Blazers,0022200667,2023-01-17,POR @ DEN,L
22022,SAS,San Antonio Spurs,0022200666,2023-01-17,SAS vs. BKN,W
22022,MIL,Milwaukee Bucks,0022200665,2023-01-17,MIL vs. TOR,W
22022,TOR,Toronto Raptors,0022200665,2023-01-17,TOR @ MIL,L
22022,ATL,Atlanta Hawks,0022200670,2023-01-18,ATL @ DAL,W
22022,CLE,Cleveland Cavaliers,0022200672,2023-01-18,CLE @ MEM,L
22022,HOU,Houston Rockets,0022200671,2023-01-18,HOU vs. CHA,L
22022,LAC,LA Clippers,0022200675,2023-01-18,LAC @ UTA,L
22022,NYK,New York Knicks,0022200669,2023-01-18,NYK vs. WAS,L
22022,OKC,Oklahoma City Thunder,0022200674,2023-01-18,OKC vs. IND,W
22022,NOP,New Orleans Pelicans,0022200673,2023-01-18,NOP vs. MIA,L
22022,DAL,Dallas Mavericks,0022200670,2023-01-18,DAL vs. ATL,L
22022,DEN,Denver Nuggets,0022200676,2023-01-18,DEN vs. MIN,W
22022,LAL,Los Angeles Lakers,0022200677,2023-01-18,LAL vs. SAC,L
22022,MIA,Miami Heat,0022200673,2023-01-18,MIA @ NOP,W
22022,IND,Indiana Pacers,0022200674,2023-01-18,IND @ OKC,L
22022,SAC,Sacramento Kings,0022200677,2023-01-18,SAC @ LAL,W
22022,UTA,Utah Jazz,0022200675,2023-01-18,UTA vs. LAC,W
22022,MEM,Memphis Grizzlies,0022200672,2023-01-18,MEM vs. CLE,W
22022,WAS,Washington Wizards,0022200669,2023-01-18,WAS @ NYK,W
22022,CHA,Charlotte Hornets,0022200671,2023-01-18,CHA @ HOU,W
22022,MIN,Minnesota Timberwolves,0022200676,2023-01-18,MIN @ DEN,L
22022,BOS,Boston Celtics,0022200679,2023-01-19,BOS vs. GSW,W
22022,CHI,Chicago Bulls,0022200678,2023-01-19,CHI @ DET,W
22022,GSW,Golden State Warriors,0022200679,2023-01-19,GSW @ BOS,L
22022,MIN,Minnesota Timberwolves,0022200680,2023-01-19,MIN vs. TOR,W
22022,BKN,Brooklyn Nets,0022200681,2023-01-19,BKN @ PHX,L
22022,PHI,Philadelphia 76ers,0022200682,2023-01-19,PHI @ POR,W
22022,PHX,Phoenix Suns,0022200681,2023-01-19,PHX vs. BKN,W
22022,POR,Portland Trail Blazers,0022200682,2023-01-19,POR vs. PHI,L
22022,TOR,Toronto Raptors,0022200680,2023-01-19,TOR @ MIN,L
22022,DET,Detroit Pistons,0022200678,2023-01-19,DET vs. CHI,L
22022,ATL,Atlanta Hawks,0022200684,2023-01-20,ATL vs. NYK,W
22022,CLE,Cleveland Cavaliers,0022200685,2023-01-20,CLE vs. GSW,L
22022,GSW,Golden State Warriors,0022200685,2023-01-20,GSW @ CLE,W
22022,LAC,LA Clippers,0022200687,2023-01-20,LAC @ SAS,W
22022,BKN,Brooklyn Nets,0022200689,2023-01-20,BKN @ UTA,W
22022,NYK,New York Knicks,0022200684,2023-01-20,NYK @ ATL,L
22022,ORL,Orlando Magic,0022200683,2023-01-20,ORL vs. NOP,W
22022,IND,Indiana Pacers,0022200688,2023-01-20,IND @ DEN,L
22022,SAC,Sacramento Kings,0022200691,2023-01-20,SAC vs. OKC,W
22022,UTA,Utah Jazz,0022200689,2023-01-20,UTA vs. BKN,L
22022,DEN,Denver Nuggets,0022200688,2023-01-20,DEN vs. IND,W
22022,LAL,Los Angeles Lakers,0022200690,2023-01-20,LAL vs. MEM,W
22022,MIA,Miami Heat,0022200686,2023-01-20,MIA @ DAL,L
22022,SAS,San Antonio Spurs,0022200687,2023-01-20,SAS vs. LAC,L
22022,OKC,Oklahoma City Thunder,0022200691,2023-01-20,OKC @ SAC,L
22022,MEM,Memphis Grizzlies,0022200690,2023-01-20,MEM @ LAL,L
22022,NOP,New Orleans Pelicans,0022200683,2023-01-20,NOP @ ORL,L
22022,DAL,Dallas Mavericks,0022200686,2023-01-20,DAL vs. MIA,W
22022,ATL,Atlanta Hawks,0022200694,2023-01-21,ATL vs. CHA,L
22022,BOS,Boston Celtics,0022200692,2023-01-21,BOS @ TOR,W
22022,HOU,Houston Rockets,0022200696,2023-01-21,HOU @ MIN,L
22022,MIL,Milwaukee Bucks,0022200695,2023-01-21,MIL @ CLE,L
22022,MIN,Minnesota Timberwolves,0022200696,2023-01-21,MIN vs. HOU,W
22022,ORL,Orlando Magic,0022200693,2023-01-21,ORL @ WAS,L
22022,IND,Indiana Pacers,0022200697,2023-01-21,IND @ PHX,L
22022,PHX,Phoenix Suns,0022200697,2023-01-21,PHX vs. IND,W
22022,SAC,Sacramento Kings,0022200698,2023-01-21,SAC vs. PHI,L
22022,WAS,Washington Wizards,0022200693,2023-01-21,WAS vs. ORL,W
22022,CHA,Charlotte Hornets,0022200694,2023-01-21,CHA @ ATL,W
22022,CLE,Cleveland Cavaliers,0022200695,2023-01-21,CLE vs. MIL,W
22022,PHI,Philadelphia 76ers,0022200698,2023-01-21,PHI @ SAC,W
22022,TOR,Toronto Raptors,0022200692,2023-01-21,TOR vs. BOS,L
22022,DEN,Denver Nuggets,0022200702,2023-01-22,DEN vs. OKC,L
22022,GSW,Golden State Warriors,0022200704,2023-01-22,GSW vs. BKN,L
22022,LAC,LA Clippers,0022200701,2023-01-22,LAC @ DAL,W
22022,NYK,New York Knicks,0022200700,2023-01-22,NYK @ TOR,L
22022,OKC,Oklahoma City Thunder,0022200702,2023-01-22,OKC @ DEN,W
22022,MEM,Memphis Grizzlies,0022200703,2023-01-22,MEM @ PHX,L
22022,DAL,Dallas Mavericks,0022200701,2023-01-22,DAL vs. LAC,L
22022,LAL,Los Angeles Lakers,0022200705,2023-01-22,LAL @ POR,W
22022,PHX,Phoenix Suns,0022200703,2023-01-22,PHX vs. MEM,W
22022,POR,Portland Trail Blazers,0022200705,2023-01-22,POR vs. LAL,L
22022,NOP,New Orleans Pelicans,0022200699,2023-01-22,NOP @ MIA,L
22022,MIA,Miami Heat,0022200699,2023-01-22,MIA vs. NOP,W
22022,BKN,Brooklyn Nets,0022200704,2023-01-22,BKN @ GSW,W
22022,TOR,Toronto Raptors,0022200700,2023-01-22,TOR vs. NYK,W
22022,ATL,Atlanta Hawks,0022200708,2023-01-23,ATL @ CHI,L
22022,BOS,Boston Celtics,0022200707,2023-01-23,BOS @ ORL,L
22022,MIL,Milwaukee Bucks,0022200706,2023-01-23,MIL @ DET,W
22022,ORL,Orlando Magic,0022200707,2023-01-23,ORL vs. BOS,W
22022,POR,Portland Trail Blazers,0022200711,2023-01-23,POR vs. SAS,W
22022,SAS,San Antonio Spurs,0022200711,2023-01-23,SAS @ POR,L
22022,MEM,Memphis Grizzlies,0022200712,2023-01-23,MEM @ SAC,L
22022,DET,Detroit Pistons,0022200706,2023-01-23,DET vs. MIL,L
22022,CHI,Chicago Bulls,0022200708,2023-01-23,CHI vs. ATL,W
22022,HOU,Houston Rockets,0022200709,2023-01-23,HOU vs. MIN,W
22022,MIN,Minnesota Timberwolves,0022200709,2023-01-23,MIN @ HOU,L
22022,SAC,Sacramento Kings,0022200712,2023-01-23,SAC vs. MEM,W
22022,UTA,Utah Jazz,0022200710,2023-01-23,UTA vs. CHA,W
22022,CHA,Charlotte Hornets,0022200710,2023-01-23,CHA @ UTA,L
22022,BOS,Boston Celtics,0022200714,2023-01-24,BOS @ MIA,L
22022,NOP,New Orleans Pelicans,0022200716,2023-01-24,NOP vs. DEN,L
22022,DAL,Dallas Mavericks,0022200717,2023-01-24,DAL vs. WAS,L
22022,DEN,Denver Nuggets,0022200716,2023-01-24,DEN @ NOP,W
22022,LAL,Los Angeles Lakers,0022200719,2023-01-24,LAL vs. LAC,L
22022,MIA,Miami Heat,0022200714,2023-01-24,MIA vs. BOS,W
22022,IND,Indiana Pacers,0022200713,2023-01-24,IND vs. CHI,W
22022,CHA,Charlotte Hornets,0022200718,2023-01-24,CHA @ PHX,L
22022,CLE,Cleveland Cavaliers,0022200715,2023-01-24,CLE @ NYK,L
22022,CHI,Chicago Bulls,0022200713,2023-01-24,CHI @ IND,L
22022,LAC,LA Clippers,0022200719,2023-01-24,LAC @ LAL,W
22022,NYK,New York Knicks,0022200715,2023-01-24,NYK vs. CLE,W
22022,PHX,Phoenix Suns,0022200718,2023-01-24,PHX vs. CHA,W
22022,WAS,Washington Wizards,0022200717,2023-01-24,WAS @ DAL,W
22022,NOP,New Orleans Pelicans,0022200724,2023-01-25,NOP vs. MIN,L
22022,DEN,Denver Nuggets,0022200723,2023-01-25,DEN @ MIL,L
22022,HOU,Houston Rockets,0022200722,2023-01-25,HOU vs. WAS,L
22022,MIN,Minnesota Timberwolves,0022200724,2023-01-25,MIN @ NOP,W
22022,ORL,Orlando Magic,0022200720,2023-01-25,ORL vs. IND,W
22022,IND,Indiana Pacers,0022200720,2023-01-25,IND @ ORL,L
22022,PHI,Philadelphia 76ers,0022200721,2023-01-25,PHI vs. BKN,W
22022,OKC,Oklahoma City Thunder,0022200725,2023-01-25,OKC vs. ATL,L
22022,TOR,Toronto Raptors,0022200728,2023-01-25,TOR @ SAC,W
22022,WAS,Washington Wizards,0022200722,2023-01-25,WAS @ HOU,W
22022,ATL,Atlanta Hawks,0022200725,2023-01-25,ATL @ OKC,W
22022,GSW,Golden State Warriors,0022200726,2023-01-25,GSW vs. MEM,W
22022,LAL,Los Angeles Lakers,0022200729,2023-01-25,LAL vs. SAS,W
22022,MIL,Milwaukee Bucks,0022200723,2023-01-25,MIL vs. DEN,W
22022,BKN,Brooklyn Nets,0022200721,2023-01-25,BKN @ PHI,L
22022,POR,Portland Trail Blazers,0022200727,2023-01-25,POR vs. UTA,W
22022,SAC,Sacramento Kings,0022200728,2023-01-25,SAC vs. TOR,L
22022,SAS,San Antonio Spurs,0022200729,2023-01-25,SAS @ LAL,L
22022,UTA,Utah Jazz,0022200727,2023-01-25,UTA @ POR,L
22022,MEM,Memphis Grizzlies,0022200726,2023-01-25,MEM @ GSW,L
22022,BOS,Boston Celtics,0022200730,2023-01-26,BOS vs. NYK,L
22022,HOU,Houston Rockets,0022200733,2023-01-26,HOU vs. CLE,L
22022,NYK,New York Knicks,0022200730,2023-01-26,NYK @ BOS,W
22022,SAS,San Antonio Spurs,0022200735,2023-01-26,SAS @ LAC,L
22022,DET,Detroit Pistons,0022200731,2023-01-26,DET @ BKN,W
22022,CLE,Cleveland Cavaliers,0022200733,2023-01-26,CLE @ HOU,W
22022,CHI,Chicago Bulls,0022200732,2023-01-26,CHI @ CHA,L
22022,DAL,Dallas Mavericks,0022200734,2023-01-26,DAL @ PHX,W
22022,LAC,LA Clippers,0022200735,2023-01-26,LAC vs. SAS,W
22022,BKN,Brooklyn Nets,0022200731,2023-01-26,BKN vs. DET,L
22022,PHX,Phoenix Suns,0022200734,2023-01-26,PHX vs. DAL,L
22022,CHA,Charlotte Hornets,0022200732,2023-01-26,CHA vs. CHI,W
22022,CLE,Cleveland Cavaliers,0022200739,2023-01-27,CLE @ OKC,L
22022,MIN,Minnesota Timberwolves,0022200737,2023-01-27,MIN vs. MEM,W
22022,IND,Indiana Pacers,0022200736,2023-01-27,IND vs. MIL,L
22022,OKC,Oklahoma City Thunder,0022200739,2023-01-27,OKC vs. CLE,W
22022,TOR,Toronto Raptors,0022200740,2023-01-27,TOR @ GSW,L
22022,MIA,Miami Heat,0022200738,2023-01-27,MIA vs. ORL,W
22022,MIL,Milwaukee Bucks,0022200736,2023-01-27,MIL @ IND,W
22022,ORL,Orlando Magic,0022200738,2023-01-27,ORL @ MIA,L
22022,MEM,Memphis Grizzlies,0022200737,2023-01-27,MEM @ MIN,L
22022,GSW,Golden State Warriors,0022200740,2023-01-27,GSW vs. TOR,W
22022,NOP,New Orleans Pelicans,0022200747,2023-01-28,NOP vs. WAS,L
22022,DAL,Dallas Mavericks,0022200750,2023-01-28,DAL @ UTA,L
22022,LAL,Los Angeles Lakers,0022200749,2023-01-28,LAL @ BOS,L
22022,PHI,Philadelphia 76ers,0022200741,2023-01-28,PHI vs. DEN,W
22022,PHX,Phoenix Suns,0022200748,2023-01-28,PHX @ SAS,W
22022,TOR,Toronto Raptors,0022200751,2023-01-28,TOR @ POR,W
22022,UTA,Utah Jazz,0022200750,2023-01-28,UTA vs. DAL,W
22022,WAS,Washington Wizards,0022200747,2023-01-28,WAS @ NOP,W
22022,ATL,Atlanta Hawks,0022200745,2023-01-28,ATL vs. LAC,L
22022,BOS,Boston Celtics,0022200749,2023-01-28,BOS vs. LAL,W
22022,CHI,Chicago Bulls,0022200744,2023-01-28,CHI @ ORL,W
22022,DEN,Denver Nuggets,0022200741,2023-01-28,DEN @ PHI,L
22022,HOU,Houston Rockets,0022200743,2023-01-28,HOU @ DET,W
22022,LAC,LA Clippers,0022200745,2023-01-28,LAC @ ATL,W
22022,MIN,Minnesota Timberwolves,0022200746,2023-01-28,MIN vs. SAC,W
22022,BKN,Brooklyn Nets,0022200742,2023-01-28,BKN vs. NYK,W
22022,NYK,New York Knicks,0022200742,2023-01-28,NYK @ BKN,L
22022,ORL,Orlando Magic,0022200744,2023-01-28,ORL vs. CHI,L
22022,SAS,San Antonio Spurs,0022200748,2023-01-28,SAS vs. PHX,L
22022,POR,Portland Trail Blazers,0022200751,2023-01-28,POR vs. TOR,L
22022,SAC,Sacramento Kings,0022200746,2023-01-28,SAC @ MIN,L
22022,DET,Detroit Pistons,0022200743,2023-01-28,DET vs. HOU,L
22022,NOP,New Orleans Pelicans,0022200755,2023-01-29,NOP @ MIL,L
22022,MIA,Miami Heat,0022200752,2023-01-29,MIA @ CHA,L
22022,MIL,Milwaukee Bucks,0022200755,2023-01-29,MIL vs. NOP,W
22022,IND,Indiana Pacers,0022200753,2023-01-29,IND @ MEM,L
22022,MEM,Memphis Grizzlies,0022200753,2023-01-29,MEM vs. IND,W
22022,CLE,Cleveland Cavaliers,0022200754,2023-01-29,CLE vs. LAC,W
22022,LAC,LA Clippers,0022200754,2023-01-29,LAC @ CLE,L
22022,CHA,Charlotte Hornets,0022200752,2023-01-29,CHA vs. MIA,W
22022,ATL,Atlanta Hawks,0022200763,2023-01-30,ATL @ POR,L
22022,GSW,Golden State Warriors,0022200759,2023-01-30,GSW @ OKC,W
22022,LAL,Los Angeles Lakers,0022200757,2023-01-30,LAL @ BKN,L
22022,MIN,Minnesota Timberwolves,0022200758,2023-01-30,MIN vs. SAC,L
22022,ORL,Orlando Magic,0022200756,2023-01-30,ORL @ PHI,W
22022,PHX,Phoenix Suns,0022200762,2023-01-30,PHX vs. TOR,W
22022,SAC,Sacramento Kings,0022200758,2023-01-30,SAC @ MIN,W
22022,TOR,Toronto Raptors,0022200762,2023-01-30,TOR @ PHX,L
22022,WAS,Washington Wizards,0022200760,2023-01-30,WAS @ SAS,W
22022,DET,Detroit Pistons,0022200761,2023-01-30,DET @ DAL,L
22022,DAL,Dallas Mavericks,0022200761,2023-01-30,DAL vs. DET,W
22022,BKN,Brooklyn Nets,0022200757,2023-01-30,BKN vs. LAL,W
22022,PHI,Philadelphia 76ers,0022200756,2023-01-30,PHI vs. ORL,L
22022,POR,Portland Trail Blazers,0022200763,2023-01-30,POR vs. ATL,W
22022,SAS,San Antonio Spurs,0022200760,2023-01-30,SAS vs. WAS,L
22022,OKC,Oklahoma City Thunder,0022200759,2023-01-30,OKC vs. GSW,L
22022,CLE,Cleveland Cavaliers,0022200764,2023-01-31,CLE vs. MIA,L
22022,NOP,New Orleans Pelicans,0022200768,2023-01-31,NOP @ DEN,L
22022,CHI,Chicago Bulls,0022200766,2023-01-31,CHI vs. LAC,L
22022,DEN,Denver Nuggets,0022200768,2023-01-31,DEN vs. NOP,W
22022,LAC,LA Clippers,0022200766,2023-01-31,LAC @ CHI,W
22022,LAL,Los Angeles Lakers,0022200765,2023-01-31,LAL @ NYK,W
22022,MIA,Miami Heat,0022200764,2023-01-31,MIA @ CLE,W
22022,MIL,Milwaukee Bucks,0022200767,2023-01-31,MIL vs. CHA,W
22022,NYK,New York Knicks,0022200765,2023-01-31,NYK vs. LAL,L
22022,CHA,Charlotte Hornets,0022200767,2023-01-31,CHA @ MIL,L
22022,ATL,Atlanta Hawks,0022200777,2023-02-01,ATL @ PHX,W
22022,BOS,Boston Celtics,0022200772,2023-02-01,BOS vs. BKN,W
22022,BKN,Brooklyn Nets,0022200772,2023-02-01,BKN @ BOS,L
22022,PHI,Philadelphia 76ers,0022200770,2023-02-01,PHI vs. ORL,W
22022,POR,Portland Trail Blazers,0022200771,2023-02-01,POR @ MEM,W
22022,TOR,Toronto Raptors,0022200776,2023-02-01,TOR @ UTA,L
22022,UTA,Utah Jazz,0022200776,2023-02-01,UTA vs. TOR,W
22022,GSW,Golden State Warriors,0022200774,2023-02-01,GSW @ MIN,L
22022,HOU,Houston Rockets,0022200773,2023-02-01,HOU vs. OKC,W
22022,MIN,Minnesota Timberwolves,0022200774,2023-02-01,MIN vs. GSW,W
22022,ORL,Orlando Magic,0022200770,2023-02-01,ORL @ PHI,L
22022,PHX,Phoenix Suns,0022200777,2023-02-01,PHX vs. ATL,L
22022,SAC,Sacramento Kings,0022200775,2023-02-01,SAC @ SAS,W
22022,OKC,Oklahoma City Thunder,0022200773,2023-02-01,OKC @ HOU,L
22022,MEM,Memphis Grizzlies,0022200771,2023-02-01,MEM vs. POR,L
22022,SAS,San Antonio Spurs,0022200775,2023-02-01,SAS vs. SAC,L
22022,CLE,Cleveland Cavaliers,0022200779,2023-02-02,CLE vs. MEM,W
22022,NOP,New Orleans Pelicans,0022200782,2023-02-02,NOP @ DAL,L
22022,CHI,Chicago Bulls,0022200781,2023-02-02,CHI vs. CHA,W
22022,LAC,LA Clippers,0022200784,2023-02-02,LAC @ MIL,L
22022,MIA,Miami Heat,0022200780,2023-02-02,MIA @ NYK,L
22022,NYK,New York Knicks,0022200780,2023-02-02,NYK vs. MIA,W
22022,MEM,Memphis Grizzlies,0022200779,2023-02-02,MEM @ CLE,L
22022,DAL,Dallas Mavericks,0022200782,2023-02-02,DAL vs. NOP,W
22022,DEN,Denver Nuggets,0022200783,2023-02-02,DEN vs. GSW,W
22022,GSW,Golden State Warriors,0022200783,2023-02-02,GSW @ DEN,L
22022,LAL,Los Angeles Lakers,0022200778,2023-02-02,LAL @ IND,W
22022,MIL,Milwaukee Bucks,0022200784,2023-02-02,MIL vs. LAC,W
22022,CHA,Charlotte Hornets,0022200781,2023-02-02,CHA @ CHI,L
22022,IND,Indiana Pacers,0022200778,2023-02-02,IND vs. LAL,L
22022,ATL,Atlanta Hawks,0022200792,2023-02-03,ATL @ UTA,W
22022,BOS,Boston Celtics,0022200788,2023-02-03,BOS vs. PHX,L
22022,HOU,Houston Rockets,0022200789,2023-02-03,HOU vs. TOR,L
22022,MIN,Minnesota Timberwolves,0022200790,2023-02-03,MIN vs. ORL,L
22022,PHI,Philadelphia 76ers,0022200791,2023-02-03,PHI @ SAS,W
22022,PHX,Phoenix Suns,0022200788,2023-02-03,PHX @ BOS,W
22022,SAC,Sacramento Kings,0022200786,2023-02-03,SAC @ IND,L
22022,UTA,Utah Jazz,0022200792,2023-02-03,UTA vs. ATL,L
22022,DET,Detroit Pistons,0022200785,2023-02-03,DET vs. CHA,W
22022,ORL,Orlando Magic,0022200790,2023-02-03,ORL @ MIN,W
22022,IND,Indiana Pacers,0022200786,2023-02-03,IND vs. SAC,W
22022,SAS,San Antonio Spurs,0022200791,2023-02-03,SAS vs. PHI,L
22022,TOR,Toronto Raptors,0022200789,2023-02-03,TOR @ HOU,W
22022,CHA,Charlotte Hornets,0022200785,2023-02-03,CHA @ DET,L
22022,POR,Portland Trail Blazers,0022200787,2023-02-03,POR @ WAS,W
22022,WAS,Washington Wizards,0022200787,2023-02-03,WAS vs. POR,L
22022,DAL,Dallas Mavericks,0022200800,2023-02-04,DAL @ GSW,L
22022,DEN,Denver Nuggets,0022200801,2023-02-04,DEN vs. ATL,W
22022,HOU,Houston Rockets,0022200799,2023-02-04,HOU @ OKC,L
22022,LAC,LA Clippers,0022200795,2023-02-04,LAC @ NYK,W
22022,LAL,Los Angeles Lakers,0022200798,2023-02-04,LAL @ NOP,L
22022,MIA,Miami Heat,0022200797,2023-02-04,MIA @ MIL,L
22022,MIL,Milwaukee Bucks,0022200797,2023-02-04,MIL vs. MIA,W
22022,BKN,Brooklyn Nets,0022200793,2023-02-04,BKN vs. WAS,W
22022,NYK,New York Knicks,0022200795,2023-02-04,NYK vs. LAC,L
22022,POR,Portland Trail Blazers,0022200796,2023-02-04,POR @ CHI,L
22022,DET,Detroit Pistons,0022200794,2023-02-04,DET vs. PHX,L
22022,ATL,Atlanta Hawks,0022200801,2023-02-04,ATL @ DEN,L
22022,NOP,New Orleans Pelicans,0022200798,2023-02-04,NOP vs. LAL,W
22022,CHI,Chicago Bulls,0022200796,2023-02-04,CHI vs. POR,W
22022,GSW,Golden State Warriors,0022200800,2023-02-04,GSW vs. DAL,W
22022,PHX,Phoenix Suns,0022200794,2023-02-04,PHX @ DET,W
22022,OKC,Oklahoma City Thunder,0022200799,2023-02-04,OKC vs. HOU,W
22022,WAS,Washington Wizards,0022200793,2023-02-04,WAS @ BKN,L
22022,CLE,Cleveland Cavaliers,0022200803,2023-02-05,CLE @ IND,W
22022,MIN,Minnesota Timberwolves,0022200806,2023-02-05,MIN vs. DEN,W
22022,NYK,New York Knicks,0022200804,2023-02-05,NYK vs. PHI,W
22022,IND,Indiana Pacers,0022200803,2023-02-05,IND vs. CLE,L
22022,TOR,Toronto Raptors,0022200805,2023-02-05,TOR @ MEM,W
22022,MEM,Memphis Grizzlies,0022200805,2023-02-05,MEM vs. TOR,L
22022,DEN,Denver Nuggets,0022200806,2023-02-05,DEN @ MIN,L
22022,ORL,Orlando Magic,0022200802,2023-02-05,ORL @ CHA,W
22022,PHI,Philadelphia 76ers,0022200804,2023-02-05,PHI @ NYK,L
22022,SAC,Sacramento Kings,0022200807,2023-02-05,SAC @ NOP,L
22022,CHA,Charlotte Hornets,0022200802,2023-02-05,CHA vs. ORL,L
22022,NOP,New Orleans Pelicans,0022200807,2023-02-05,NOP vs. SAC,W
22022,BOS,Boston Celtics,0022200808,2023-02-06,BOS @ DET,W
22022,CLE,Cleveland Cavaliers,0022200809,2023-02-06,CLE @ WAS,W
22022,GSW,Golden State Warriors,0022200814,2023-02-06,GSW vs. OKC,W
22022,HOU,Houston Rockets,0022200812,2023-02-06,HOU vs. SAC,L
22022,POR,Portland Trail Blazers,0022200815,2023-02-06,POR vs. MIL,L
22022,SAS,San Antonio Spurs,0022200811,2023-02-06,SAS @ CHI,L
22022,OKC,Oklahoma City Thunder,0022200814,2023-02-06,OKC @ GSW,L
22022,CHI,Chicago Bulls,0022200811,2023-02-06,CHI vs. SAS,W
22022,DAL,Dallas Mavericks,0022200813,2023-02-06,DAL @ UTA,W
22022,LAC,LA Clippers,0022200810,2023-02-06,LAC @ BKN,W
22022,MIL,Milwaukee Bucks,0022200815,2023-02-06,MIL @ POR,W
22022,BKN,Brooklyn Nets,0022200810,2023-02-06,BKN vs. LAC,L
22022,UTA,Utah Jazz,0022200813,2023-02-06,UTA vs. DAL,L
22022,WAS,Washington Wizards,0022200809,2023-02-06,WAS vs. CLE,L
22022,DET,Detroit Pistons,0022200808,2023-02-06,DET vs. BOS,L
22022,SAC,Sacramento Kings,0022200812,2023-02-06,SAC @ HOU,W
22022,ATL,Atlanta Hawks,0022200818,2023-02-07,ATL @ NOP,L
22022,DEN,Denver Nuggets,0022200820,2023-02-07,DEN vs. MIN,W
22022,MIN,Minnesota Timberwolves,0022200820,2023-02-07,MIN @ DEN,L
22022,ORL,Orlando Magic,0022200816,2023-02-07,ORL vs. NYK,L
22022,OKC,Oklahoma City Thunder,0022200821,2023-02-07,OKC @ LAL,W
22022,MEM,Memphis Grizzlies,0022200819,2023-02-07,MEM vs. CHI,W
22022,NOP,New Orleans Pelicans,0022200818,2023-02-07,NOP vs. ATL,W
22022,LAL,Los Angeles Lakers,0022200821,2023-02-07,LAL vs. OKC,L
22022,BKN,Brooklyn Nets,0022200817,2023-02-07,BKN vs. PHX,L
22022,NYK,New York Knicks,0022200816,2023-02-07,NYK @ ORL,W
22022,PHX,Phoenix Suns,0022200817,2023-02-07,PHX @ BKN,W
22022,CHI,Chicago Bulls,0022200819,2023-02-07,CHI @ MEM,L
22022,BOS,Boston Celtics,0022200824,2023-02-08,BOS vs. PHI,W
22022,CLE,Cleveland Cavaliers,0022200822,2023-02-08,CLE vs. DET,W
22022,DAL,Dallas Mavericks,0022200829,2023-02-08,DAL @ LAC,W
22022,GSW,Golden State Warriors,0022200830,2023-02-08,GSW @ POR,L
22022,LAC,LA Clippers,0022200829,2023-02-08,LAC vs. DAL,L
22022,MIN,Minnesota Timberwolves,0022200828,2023-02-08,MIN @ UTA,W
22022,PHI,Philadelphia 76ers,0022200824,2023-02-08,PHI @ BOS,L
22022,SAC,Sacramento Kings,0022200827,2023-02-08,SAC @ HOU,W
22022,TOR,Toronto Raptors,0022200826,2023-02-08,TOR vs. SAS,W
22022,UTA,Utah Jazz,0022200828,2023-02-08,UTA vs. MIN,L
22022,CHA,Charlotte Hornets,0022200823,2023-02-08,CHA @ WAS,L
22022,MIA,Miami Heat,0022200825,2023-02-08,MIA vs. IND,W
22022,IND,Indiana Pacers,0022200825,2023-02-08,IND @ MIA,L
22022,POR,Portland Trail Blazers,0022200830,2023-02-08,POR vs. GSW,W
22022,SAS,San Antonio Spurs,0022200826,2023-02-08,SAS @ TOR,L
22022,WAS,Washington Wizards,0022200823,2023-02-08,WAS vs. CHA,W
22022,DET,Detroit Pistons,0022200822,2023-02-08,DET @ CLE,L
22022,HOU,Houston Rockets,0022200827,2023-02-08,HOU vs. SAC,L
22022,ATL,Atlanta Hawks,0022200832,2023-02-09,ATL vs. PHX,W
22022,LAL,Los Angeles Lakers,0022200834,2023-02-09,LAL vs. MIL,L
22022,PHX,Phoenix Suns,0022200832,2023-02-09,PHX @ ATL,L
22022,CHI,Chicago Bulls,0022200833,2023-02-09,CHI @ BKN,L
22022,DEN,Denver Nuggets,0022200831,2023-02-09,DEN @ ORL,L
22022,MIL,Milwaukee Bucks,0022200834,2023-02-09,MIL @ LAL,W
22022,BKN,Brooklyn Nets,0022200833,2023-02-09,BKN vs. CHI,W
22022,ORL,Orlando Magic,0022200831,2023-02-09,ORL vs. DEN,W
22022,BOS,Boston Celtics,0022200838,2023-02-10,BOS vs. CHA,W
22022,NYK,New York Knicks,0022200837,2023-02-10,NYK @ PHI,L
22022,IND,Indiana Pacers,0022200836,2023-02-10,IND vs. PHX,L
22022,PHI,Philadelphia 76ers,0022200837,2023-02-10,PHI vs. NYK,W
22022,POR,Portland Trail Blazers,0022200843,2023-02-10,POR vs. OKC,L
22022,SAC,Sacramento Kings,0022200844,2023-02-10,SAC vs. DAL,L
22022,SAS,San Antonio Spurs,0022200835,2023-02-10,SAS @ DET,L
22022,DET,Detroit Pistons,0022200835,2023-02-10,DET vs. SAS,W
22022,CHA,Charlotte Hornets,0022200838,2023-02-10,CHA @ BOS,L
22022,NOP,New Orleans Pelicans,0022200842,2023-02-10,NOP vs. CLE,L
22022,DAL,Dallas Mavericks,0022200844,2023-02-10,DAL @ SAC,W
22022,HOU,Houston Rockets,0022200840,2023-02-10,HOU @ MIA,L
22022,LAC,LA Clippers,0022200845,2023-02-10,LAC vs. MIL,L
22022,MIL,Milwaukee Bucks,0022200845,2023-02-10,MIL @ LAC,W
22022,MIN,Minnesota Timberwolves,0022200841,2023-02-10,MIN @ MEM,L
22022,PHX,Phoenix Suns,0022200836,2023-02-10,PHX @ IND,W
22022,TOR,Toronto Raptors,0022200839,2023-02-10,TOR vs. UTA,L
22022,UTA,Utah Jazz,0022200839,2023-02-10,UTA @ TOR,W
22022,MEM,Memphis Grizzlies,0022200841,2023-02-10,MEM vs. MIN,W
22022,CLE,Cleveland Cavaliers,0022200842,2023-02-10,CLE @ NOP,W
22022,MIA,Miami Heat,0022200840,2023-02-10,MIA vs. HOU,W
22022,OKC,Oklahoma City Thunder,0022200843,2023-02-10,OKC @ POR,W
22022,ATL,Atlanta Hawks,0022200850,2023-02-11,ATL vs. SAS,W
22022,CLE,Cleveland Cavaliers,0022200852,2023-02-11,CLE vs. CHI,W
22022,CHI,Chicago Bulls,0022200852,2023-02-11,CHI @ CLE,L
22022,GSW,Golden State Warriors,0022200853,2023-02-11,GSW vs. LAL,L
22022,LAL,Los Angeles Lakers,0022200853,2023-02-11,LAL @ GSW,W
22022,MIA,Miami Heat,0022200848,2023-02-11,MIA @ ORL,W
22022,ORL,Orlando Magic,0022200848,2023-02-11,ORL vs. MIA,L
22022,UTA,Utah Jazz,0022200851,2023-02-11,UTA @ NYK,L
22022,WAS,Washington Wizards,0022200849,2023-02-11,WAS vs. IND,W
22022,DAL,Dallas Mavericks,0022200854,2023-02-11,DAL @ SAC,L
22022,DEN,Denver Nuggets,0022200847,2023-02-11,DEN @ CHA,W
22022,BKN,Brooklyn Nets,0022200846,2023-02-11,BKN vs. PHI,L
22022,NYK,New York Knicks,0022200851,2023-02-11,NYK vs. UTA,W
22022,IND,Indiana Pacers,0022200849,2023-02-11,IND @ WAS,L
22022,PHI,Philadelphia 76ers,0022200846,2023-02-11,PHI @ BKN,W
22022,SAC,Sacramento Kings,0022200854,2023-02-11,SAC vs. DAL,W
22022,SAS,San Antonio Spurs,0022200850,2023-02-11,SAS @ ATL,L
22022,CHA,Charlotte Hornets,0022200847,2023-02-11,CHA vs. DEN,L
22022,BOS,Boston Celtics,0022200855,2023-02-12,BOS vs. MEM,W
22022,TOR,Toronto Raptors,0022200856,2023-02-12,TOR vs. DET,W
22022,DET,Detroit Pistons,0022200856,2023-02-12,DET @ TOR,L
22022,MEM,Memphis Grizzlies,0022200855,2023-02-12,MEM @ BOS,L
22022,CHI,Chicago Bulls,0022200863,2023-02-13,CHI vs. ORL,L
22022,GSW,Golden State Warriors,0022200866,2023-02-13,GSW vs. WAS,W
22022,HOU,Houston Rockets,0022200860,2023-02-13,HOU @ PHI,L
22022,LAL,Los Angeles Lakers,0022200867,2023-02-13,LAL @ POR,L
22022,BKN,Brooklyn Nets,0022200862,2023-02-13,BKN @ NYK,L
22022,NYK,New York Knicks,0022200862,2023-02-13,NYK vs. BKN,W
22022,ORL,Orlando Magic,0022200863,2023-02-13,ORL @ CHI,W
22022,IND,Indiana Pacers,0022200859,2023-02-13,IND vs. UTA,L
22022,PHI,Philadelphia 76ers,0022200860,2023-02-13,PHI vs. HOU,W
22022,POR,Portland Trail Blazers,0022200867,2023-02-13,POR vs. LAL,W
22022,SAS,San Antonio Spurs,0022200858,2023-02-13,SAS @ CLE,L
22022,UTA,Utah Jazz,0022200859,2023-02-13,UTA @ IND,W
22022,ATL,Atlanta Hawks,0022200857,2023-02-13,ATL @ CHA,L
22022,CLE,Cleveland Cavaliers,0022200858,2023-02-13,CLE vs. SAS,W
22022,NOP,New Orleans Pelicans,0022200864,2023-02-13,NOP @ OKC,W
22022,DAL,Dallas Mavericks,0022200865,2023-02-13,DAL vs. MIN,L
22022,DEN,Denver Nuggets,0022200861,2023-02-13,DEN @ MIA,W
22022,MIA,Miami Heat,0022200861,2023-02-13,MIA vs. DEN,L
22022,MIN,Minnesota Timberwolves,0022200865,2023-02-13,MIN @ DAL,W
22022,OKC,Oklahoma City Thunder,0022200864,2023-02-13,OKC vs. NOP,L
22022,WAS,Washington Wizards,0022200866,2023-02-13,WAS @ GSW,L
22022,CHA,Charlotte Hornets,0022200857,2023-02-13,CHA vs. ATL,W
22022,LAC,LA Clippers,0022200871,2023-02-14,LAC vs. GSW,W
22022,MIL,Milwaukee Bucks,0022200869,2023-02-14,MIL vs. BOS,W
22022,ORL,Orlando Magic,0022200868,2023-02-14,ORL @ TOR,L
22022,PHX,Phoenix Suns,0022200870,2023-02-14,PHX vs. SAC,W
22022,POR,Portland Trail Blazers,0022200872,2023-02-14,POR vs. WAS,L
22022,TOR,Toronto Raptors,0022200868,2023-02-14,TOR vs. ORL,W
22022,WAS,Washington Wizards,0022200872,2023-02-14,WAS @ POR,W
22022,BOS,Boston Celtics,0022200869,2023-02-14,BOS @ MIL,L
22022,GSW,Golden State Warriors,0022200871,2023-02-14,GSW @ LAC,L
22022,SAC,Sacramento Kings,0022200870,2023-02-14,SAC @ PHX,L
22022,CLE,Cleveland Cavaliers,0022200875,2023-02-15,CLE @ PHI,L
22022,NOP,New Orleans Pelicans,0022200882,2023-02-15,NOP @ LAL,L
22022,DAL,Dallas Mavericks,0022200881,2023-02-15,DAL @ DEN,L
22022,LAL,Los Angeles Lakers,0022200882,2023-02-15,LAL vs. NOP,W
22022,BKN,Brooklyn Nets,0022200878,2023-02-15,BKN vs. MIA,W
22022,NYK,New York Knicks,0022200876,2023-02-15,NYK @ ATL,W
22022,UTA,Utah Jazz,0022200879,2023-02-15,UTA @ MEM,L
22022,MEM,Memphis Grizzlies,0022200879,2023-02-15,MEM vs. UTA,W
22022,DET,Detroit Pistons,0022200877,2023-02-15,DET @ BOS,L
22022,ATL,Atlanta Hawks,0022200876,2023-02-15,ATL vs. NYK,L
22022,BOS,Boston Celtics,0022200877,2023-02-15,BOS vs. DET,W
22022,CHI,Chicago Bulls,0022200874,2023-02-15,CHI @ IND,L
22022,DEN,Denver Nuggets,0022200881,2023-02-15,DEN vs. DAL,W
22022,HOU,Houston Rockets,0022200880,2023-02-15,HOU @ OKC,L
22022,MIA,Miami Heat,0022200878,2023-02-15,MIA @ BKN,L
22022,PHI,Philadelphia 76ers,0022200875,2023-02-15,PHI vs. CLE,W
22022,SAS,San Antonio Spurs,0022200873,2023-02-15,SAS @ CHA,L
22022,OKC,Oklahoma City Thunder,0022200880,2023-02-15,OKC vs. HOU,W
22022,CHA,Charlotte Hornets,0022200873,2023-02-15,CHA vs. SAS,W
22022,IND,Indiana Pacers,0022200874,2023-02-15,IND vs. CHI,W
22022,CHI,Chicago Bulls,0022200883,2023-02-16,CHI vs. MIL,L
22022,LAC,LA Clippers,0022200885,2023-02-16,LAC @ PHX,W
22022,MIL,Milwaukee Bucks,0022200883,2023-02-16,MIL @ CHI,W
22022,MIN,Minnesota Timberwolves,0022200884,2023-02-16,MIN vs. WAS,L
22022,WAS,Washington Wizards,0022200884,2023-02-16,WAS @ MIN,W
22022,PHX,Phoenix Suns,0022200885,2023-02-16,PHX vs. LAC,L
22022,NOP,New Orleans Pelicans,0022200890,2023-02-23,NOP @ TOR,L
22022,DEN,Denver Nuggets,0022200886,2023-02-23,DEN @ CLE,W
22022,ORL,Orlando Magic,0022200888,2023-02-23,ORL vs. DET,W
22022,POR,Portland Trail Blazers,0022200894,2023-02-23,POR @ SAC,L
22022,SAC,Sacramento Kings,0022200894,2023-02-23,SAC vs. POR,W
22022,OKC,Oklahoma City Thunder,0022200892,2023-02-23,OKC @ UTA,L
22022,TOR,Toronto Raptors,0022200890,2023-02-23,TOR vs. NOP,W
22022,MEM,Memphis Grizzlies,0022200889,2023-02-23,MEM @ PHI,L
22022,DET,Detroit Pistons,0022200888,2023-02-23,DET @ ORL,L
22022,CLE,Cleveland Cavaliers,0022200886,2023-02-23,CLE vs. DEN,L
22022,DAL,Dallas Mavericks,0022200891,2023-02-23,DAL vs. SAS,W
22022,GSW,Golden State Warriors,0022200893,2023-02-23,GSW @ LAL,L
22022,LAL,Los Angeles Lakers,0022200893,2023-02-23,LAL vs. GSW,W
22022,PHI,Philadelphia 76ers,0022200889,2023-02-23,PHI vs. MEM,W
22022,SAS,San Antonio Spurs,0022200891,2023-02-23,SAS @ DAL,L
22022,UTA,Utah Jazz,0022200892,2023-02-23,UTA vs. OKC,W
22022,BOS,Boston Celtics,0022200887,2023-02-23,BOS @ IND,W
22022,IND,Indiana Pacers,0022200887,2023-02-23,IND vs. BOS,L
22022,CHI,Chicago Bulls,0022200900,2023-02-24,CHI vs. BKN,W
22022,GSW,Golden State Warriors,0022200901,2023-02-24,GSW vs. HOU,W
22022,HOU,Houston Rockets,0022200901,2023-02-24,HOU @ GSW,L
22022,LAC,LA Clippers,0022200902,2023-02-24,LAC vs. SAC,L
22022,MIA,Miami Heat,0022200897,2023-02-24,MIA @ MIL,L
22022,NYK,New York Knicks,0022200895,2023-02-24,NYK @ WAS,W
22022,OKC,Oklahoma City Thunder,0022200899,2023-02-24,OKC @ PHX,L
22022,CHA,Charlotte Hornets,0022200898,2023-02-24,CHA @ MIN,W
22022,ATL,Atlanta Hawks,0022200896,2023-02-24,ATL vs. CLE,W
22022,CLE,Cleveland Cavaliers,0022200896,2023-02-24,CLE @ ATL,L
22022,MIL,Milwaukee Bucks,0022200897,2023-02-24,MIL vs. MIA,W
22022,MIN,Minnesota Timberwolves,0022200898,2023-02-24,MIN vs. CHA,L
22022,BKN,Brooklyn Nets,0022200900,2023-02-24,BKN @ CHI,L
22022,PHX,Phoenix Suns,0022200899,2023-02-24,PHX vs. OKC,W
22022,SAC,Sacramento Kings,0022200902,2023-02-24,SAC @ LAC,W
22022,WAS,Washington Wizards,0022200895,2023-02-24,WAS vs. NYK,L
22022,BOS,Boston Celtics,0022200908,2023-02-25,BOS @ PHI,W
22022,NOP,New Orleans Pelicans,0022200906,2023-02-25,NOP @ NYK,L
22022,DEN,Denver Nuggets,0022200907,2023-02-25,DEN @ MEM,L
22022,ORL,Orlando Magic,0022200905,2023-02-25,ORL vs. IND,L
22022,CHA,Charlotte Hornets,0022200904,2023-02-25,CHA vs. MIA,W
22022,MIA,Miami Heat,0022200904,2023-02-25,MIA @ CHA,L
22022,NYK,New York Knicks,0022200906,2023-02-25,NYK vs. NOP,W
22022,IND,Indiana Pacers,0022200905,2023-02-25,IND @ ORL,W
22022,SAS,San Antonio Spurs,0022200909,2023-02-25,SAS @ UTA,L
22022,TOR,Toronto Raptors,0022200903,2023-02-25,TOR @ DET,W
22022,UTA,Utah Jazz,0022200909,2023-02-25,UTA vs. SAS,W
22022,MEM,Memphis Grizzlies,0022200907,2023-02-25,MEM vs. DEN,W
22022,PHI,Philadelphia 76ers,0022200908,2023-02-25,PHI vs. BOS,L
22022,DET,Detroit Pistons,0022200903,2023-02-25,DET vs. TOR,L
22022,DAL,Dallas Mavericks,0022200913,2023-02-26,DAL vs. LAL,L
22022,DEN,Denver Nuggets,0022200918,2023-02-26,DEN vs. LAC,W
22022,HOU,Houston Rockets,0022200917,2023-02-26,HOU @ POR,L
22022,LAL,Los Angeles Lakers,0022200913,2023-02-26,LAL @ DAL,W
22022,MIN,Minnesota Timberwolves,0022200916,2023-02-26,MIN @ GSW,L
22022,ATL,Atlanta Hawks,0022200911,2023-02-26,ATL vs. BKN,W
22022,CLE,Cleveland Cavaliers,0022200914,2023-02-26,CLE vs. TOR,W
22022,GSW,Golden State Warriors,0022200916,2023-02-26,GSW vs. MIN,W
22022,LAC,LA Clippers,0022200918,2023-02-26,LAC @ DEN,L
22022,MIL,Milwaukee Bucks,0022200910,2023-02-26,MIL vs. PHX,W
22022,BKN,Brooklyn Nets,0022200911,2023-02-26,BKN @ ATL,L
22022,POR,Portland Trail Blazers,0022200917,2023-02-26,POR vs. HOU,W
22022,SAC,Sacramento Kings,0022200915,2023-02-26,SAC @ OKC,W
22022,OKC,Oklahoma City Thunder,0022200915,2023-02-26,OKC vs. SAC,L
22022,TOR,Toronto Raptors,0022200914,2023-02-26,TOR @ CLE,L
22022,WAS,Washington Wizards,0022200912,2023-02-26,WAS @ CHI,L
22022,CHI,Chicago Bulls,0022200912,2023-02-26,CHI vs. WAS,W
22022,PHX,Phoenix Suns,0022200910,2023-02-26,PHX @ MIL,L
22022,BOS,Boston Celtics,0022200921,2023-02-27,BOS @ NYK,L
22022,NOP,New Orleans Pelicans,0022200922,2023-02-27,NOP vs. ORL,L
22022,NYK,New York Knicks,0022200921,2023-02-27,NYK vs. BOS,W
22022,DET,Detroit Pistons,0022200919,2023-02-27,DET @ CHA,L
22022,MIA,Miami Heat,0022200920,2023-02-27,MIA @ PHI,W
22022,ORL,Orlando Magic,0022200922,2023-02-27,ORL @ NOP,W
22022,PHI,Philadelphia 76ers,0022200920,2023-02-27,PHI vs. MIA,L
22022,CHA,Charlotte Hornets,0022200919,2023-02-27,CHA vs. DET,W
22022,ATL,Atlanta Hawks,0022200923,2023-02-28,ATL vs. WAS,L
22022,HOU,Houston Rockets,0022200926,2023-02-28,HOU vs. DEN,L
22022,LAC,LA Clippers,0022200932,2023-02-28,LAC vs. MIN,L
22022,MIL,Milwaukee Bucks,0022200924,2023-02-28,MIL @ BKN,W
22022,MIN,Minnesota Timberwolves,0022200932,2023-02-28,MIN @ LAC,W
22022,POR,Portland Trail Blazers,0022200931,2023-02-28,POR @ GSW,L
22022,SAC,Sacramento Kings,0022200928,2023-02-28,SAC @ OKC,W
22022,SAS,San Antonio Spurs,0022200930,2023-02-28,SAS @ UTA,W
22022,WAS,Washington Wizards,0022200923,2023-02-28,WAS @ ATL,W
22022,CHI,Chicago Bulls,0022200925,2023-02-28,CHI @ TOR,L
22022,DAL,Dallas Mavericks,0022200929,2023-02-28,DAL vs. IND,L
22022,DEN,Denver Nuggets,0022200926,2023-02-28,DEN @ HOU,W
22022,GSW,Golden State Warriors,0022200931,2023-02-28,GSW vs. POR,W
22022,LAL,Los Angeles Lakers,0022200927,2023-02-28,LAL @ MEM,L
22022,BKN,Brooklyn Nets,0022200924,2023-02-28,BKN vs. MIL,L
22022,OKC,Oklahoma City Thunder,0022200928,2023-02-28,OKC vs. SAC,L
22022,TOR,Toronto Raptors,0022200925,2023-02-28,TOR vs. CHI,W
22022,UTA,Utah Jazz,0022200930,2023-02-28,UTA vs. SAS,L
22022,IND,Indiana Pacers,0022200929,2023-02-28,IND @ DAL,W
22022,MEM,Memphis Grizzlies,0022200927,2023-02-28,MEM vs. LAL,W
22022,BOS,Boston Celtics,0022200935,2023-03-01,BOS vs. CLE,W
22022,NOP,New Orleans Pelicans,0022200941,2023-03-01,NOP @ POR,W
22022,HOU,Houston Rockets,0022200938,2023-03-01,HOU vs. MEM,L
22022,LAL,Los Angeles Lakers,0022200940,2023-03-01,LAL @ OKC,W
22022,MIL,Milwaukee Bucks,0022200939,2023-03-01,MIL vs. ORL,W
22022,BKN,Brooklyn Nets,0022200937,2023-03-01,BKN @ NYK,L
22022,NYK,New York Knicks,0022200937,2023-03-01,NYK vs. BKN,W
22022,PHI,Philadelphia 76ers,0022200936,2023-03-01,PHI @ MIA,W
22022,OKC,Oklahoma City Thunder,0022200940,2023-03-01,OKC vs. LAL,L
22022,CHA,Charlotte Hornets,0022200933,2023-03-01,CHA vs. PHX,L
22022,CLE,Cleveland Cavaliers,0022200935,2023-03-01,CLE @ BOS,L
22022,CHI,Chicago Bulls,0022200934,2023-03-01,CHI @ DET,W
22022,MIA,Miami Heat,0022200936,2023-03-01,MIA vs. PHI,L
22022,ORL,Orlando Magic,0022200939,2023-03-01,ORL @ MIL,L
22022,PHX,Phoenix Suns,0022200933,2023-03-01,PHX @ CHA,W
22022,POR,Portland Trail Blazers,0022200941,2023-03-01,POR vs. NOP,L
22022,MEM,Memphis Grizzlies,0022200938,2023-03-01,MEM @ HOU,W
22022,DET,Detroit Pistons,0022200934,2023-03-01,DET vs. CHI,L
22022,DAL,Dallas Mavericks,0022200943,2023-03-02,DAL vs. PHI,W
22022,PHI,Philadelphia 76ers,0022200943,2023-03-02,PHI @ DAL,L
22022,TOR,Toronto Raptors,0022200942,2023-03-02,TOR @ WAS,L
22022,WAS,Washington Wizards,0022200942,2023-03-02,WAS vs. TOR,W
22022,GSW,Golden State Warriors,0022200945,2023-03-02,GSW vs. LAC,W
22022,LAC,LA Clippers,0022200945,2023-03-02,LAC @ GSW,L
22022,IND,Indiana Pacers,0022200944,2023-03-02,IND @ SAS,L
22022,SAS,San Antonio Spurs,0022200944,2023-03-02,SAS vs. IND,W
22022,ATL,Atlanta Hawks,0022200947,2023-03-03,ATL vs. POR,W
22022,NOP,New Orleans Pelicans,0022200953,2023-03-03,NOP @ GSW,L
22022,LAC,LA Clippers,0022200954,2023-03-03,LAC @ SAC,L
22022,MIA,Miami Heat,0022200949,2023-03-03,MIA vs. NYK,L
22022,ORL,Orlando Magic,0022200946,2023-03-03,ORL @ CHA,W
22022,PHX,Phoenix Suns,0022200950,2023-03-03,PHX @ CHI,W
22022,SAC,Sacramento Kings,0022200954,2023-03-03,SAC vs. LAC,W
22022,OKC,Oklahoma City Thunder,0022200951,2023-03-03,OKC vs. UTA,W
22022,CHA,Charlotte Hornets,0022200946,2023-03-03,CHA vs. ORL,L
22022,BOS,Boston Celtics,0022200948,2023-03-03,BOS vs. BKN,L
22022,CHI,Chicago Bulls,0022200950,2023-03-03,CHI vs. PHX,L
22022,DEN,Denver Nuggets,0022200952,2023-03-03,DEN vs. MEM,W
22022,GSW,Golden State Warriors,0022200953,2023-03-03,GSW vs. NOP,W
22022,LAL,Los Angeles Lakers,0022200955,2023-03-03,LAL vs. MIN,L
22022,BKN,Brooklyn Nets,0022200948,2023-03-03,BKN @ BOS,W
22022,NYK,New York Knicks,0022200949,2023-03-03,NYK @ MIA,W
22022,POR,Portland Trail Blazers,0022200947,2023-03-03,POR @ ATL,L
22022,UTA,Utah Jazz,0022200951,2023-03-03,UTA @ OKC,L
22022,MEM,Memphis Grizzlies,0022200952,2023-03-03,MEM @ DEN,L
22022,MIN,Minnesota Timberwolves,0022200955,2023-03-03,MIN @ LAL,W
22022,ATL,Atlanta Hawks,0022200958,2023-03-04,ATL @ MIA,L
22022,CLE,Cleveland Cavaliers,0022200957,2023-03-04,CLE vs. DET,W
22022,HOU,Houston Rockets,0022200959,2023-03-04,HOU @ SAS,W
22022,MIL,Milwaukee Bucks,0022200960,2023-03-04,MIL vs. PHI,L
22022,SAC,Sacramento Kings,0022200961,2023-03-04,SAC vs. MIN,L
22022,SAS,San Antonio Spurs,0022200959,2023-03-04,SAS vs. HOU,L
22022,MIA,Miami Heat,0022200958,2023-03-04,MIA vs. ATL,W
22022,MIN,Minnesota Timberwolves,0022200961,2023-03-04,MIN @ SAC,W
22022,PHI,Philadelphia 76ers,0022200960,2023-03-04,PHI @ MIL,W
22022,TOR,Toronto Raptors,0022200956,2023-03-04,TOR @ WAS,W
22022,DET,Detroit Pistons,0022200957,2023-03-04,DET @ CLE,L
22022,WAS,Washington Wizards,0022200956,2023-03-04,WAS vs. TOR,L
22022,GSW,Golden State Warriors,0022200964,2023-03-05,GSW @ LAL,L
22022,HOU,Houston Rockets,0022200967,2023-03-05,HOU vs. SAS,W
22022,LAC,LA Clippers,0022200970,2023-03-05,LAC vs. MEM,W
22022,LAL,Los Angeles Lakers,0022200964,2023-03-05,LAL vs. GSW,W
22022,BKN,Brooklyn Nets,0022200965,2023-03-05,BKN vs. CHA,W
22022,IND,Indiana Pacers,0022200963,2023-03-05,IND @ CHI,W
22022,PHX,Phoenix Suns,0022200962,2023-03-05,PHX @ DAL,W
22022,POR,Portland Trail Blazers,0022200966,2023-03-05,POR @ ORL,W
22022,SAS,San Antonio Spurs,0022200967,2023-03-05,SAS @ HOU,L
22022,OKC,Oklahoma City Thunder,0022200968,2023-03-05,OKC vs. UTA,W
22022,MEM,Memphis Grizzlies,0022200970,2023-03-05,MEM @ LAC,L
22022,BOS,Boston Celtics,0022200969,2023-03-05,BOS vs. NYK,L
22022,MIL,Milwaukee Bucks,0022200973,2023-03-05,MIL @ WAS,W
22022,NYK,New York Knicks,0022200969,2023-03-05,NYK @ BOS,W
22022,ORL,Orlando Magic,0022200966,2023-03-05,ORL vs. POR,L
22022,UTA,Utah Jazz,0022200968,2023-03-05,UTA @ OKC,L
22022,WAS,Washington Wizards,0022200973,2023-03-05,WAS vs. MIL,L
22022,CHI,Chicago Bulls,0022200963,2023-03-05,CHI vs. IND,L
22022,DAL,Dallas Mavericks,0022200962,2023-03-05,DAL vs. PHX,L
22022,CHA,Charlotte Hornets,0022200965,2023-03-05,CHA @ BKN,L
22022,ATL,Atlanta Hawks,0022200974,2023-03-06,ATL @ MIA,L
22022,BOS,Boston Celtics,0022200971,2023-03-06,BOS @ CLE,L
22022,NOP,New Orleans Pelicans,0022200976,2023-03-06,NOP @ SAC,L
22022,MIA,Miami Heat,0022200974,2023-03-06,MIA vs. ATL,W
22022,POR,Portland Trail Blazers,0022200977,2023-03-06,POR @ DET,W
22022,DEN,Denver Nuggets,0022200975,2023-03-06,DEN vs. TOR,W
22022,IND,Indiana Pacers,0022200972,2023-03-06,IND vs. PHI,L
22022,PHI,Philadelphia 76ers,0022200972,2023-03-06,PHI @ IND,W
22022,SAC,Sacramento Kings,0022200976,2023-03-06,SAC vs. NOP,W
22022,TOR,Toronto Raptors,0022200975,2023-03-06,TOR @ DEN,L
22022,CLE,Cleveland Cavaliers,0022200971,2023-03-06,CLE vs. BOS,W
22022,DET,Detroit Pistons,0022200977,2023-03-06,DET vs. POR,L
22022,LAL,Los Angeles Lakers,0022200984,2023-03-07,LAL vs. MEM,W
22022,MIN,Minnesota Timberwolves,0022200980,2023-03-07,MIN vs. PHI,L
22022,NYK,New York Knicks,0022200979,2023-03-07,NYK vs. CHA,L
22022,ORL,Orlando Magic,0022200978,2023-03-07,ORL vs. MIL,L
22022,WAS,Washington Wizards,0022200769,2023-03-07,WAS @ DET,W
22022,DET,Detroit Pistons,0022200769,2023-03-07,DET vs. WAS,L
22022,CHA,Charlotte Hornets,0022200979,2023-03-07,CHA @ NYK,W
22022,DAL,Dallas Mavericks,0022200983,2023-03-07,DAL vs. UTA,W
22022,GSW,Golden State Warriors,0022200982,2023-03-07,GSW @ OKC,L
22022,MIL,Milwaukee Bucks,0022200978,2023-03-07,MIL @ ORL,W
22022,BKN,Brooklyn Nets,0022200981,2023-03-07,BKN @ HOU,W
22022,PHI,Philadelphia 76ers,0022200980,2023-03-07,PHI @ MIN,W
22022,OKC,Oklahoma City Thunder,0022200982,2023-03-07,OKC vs. GSW,W
22022,UTA,Utah Jazz,0022200983,2023-03-07,UTA @ DAL,L
22022,MEM,Memphis Grizzlies,0022200984,2023-03-07,MEM @ LAL,L
22022,HOU,Houston Rockets,0022200981,2023-03-07,HOU vs. BKN,L
22022,BOS,Boston Celtics,0022200986,2023-03-08,BOS vs. POR,W
22022,CLE,Cleveland Cavaliers,0022200987,2023-03-08,CLE @ MIA,W
22022,NOP,New Orleans Pelicans,0022200988,2023-03-08,NOP vs. DAL,W
22022,DAL,Dallas Mavericks,0022200988,2023-03-08,DAL @ NOP,L
22022,DEN,Denver Nuggets,0022200989,2023-03-08,DEN vs. CHI,L
22022,LAC,LA Clippers,0022200991,2023-03-08,LAC vs. TOR,W
22022,OKC,Oklahoma City Thunder,0022200990,2023-03-08,OKC @ PHX,L
22022,ATL,Atlanta Hawks,0022200985,2023-03-08,ATL @ WAS,W
22022,CHI,Chicago Bulls,0022200989,2023-03-08,CHI @ DEN,W
22022,MIA,Miami Heat,0022200987,2023-03-08,MIA vs. CLE,L
22022,PHX,Phoenix Suns,0022200990,2023-03-08,PHX vs. OKC,W
22022,POR,Portland Trail Blazers,0022200986,2023-03-08,POR @ BOS,L
22022,TOR,Toronto Raptors,0022200991,2023-03-08,TOR @ LAC,L
22022,WAS,Washington Wizards,0022200985,2023-03-08,WAS vs. ATL,L
22022,GSW,Golden State Warriors,0022200996,2023-03-09,GSW @ MEM,L
22022,BKN,Brooklyn Nets,0022200995,2023-03-09,BKN @ MIL,L
22022,NYK,New York Knicks,0022200997,2023-03-09,NYK @ SAC,L
22022,IND,Indiana Pacers,0022200993,2023-03-09,IND vs. HOU,W
22022,SAC,Sacramento Kings,0022200997,2023-03-09,SAC vs. NYK,W
22022,UTA,Utah Jazz,0022200994,2023-03-09,UTA @ ORL,W
22022,MEM,Memphis Grizzlies,0022200996,2023-03-09,MEM vs. GSW,W
22022,CHA,Charlotte Hornets,0022200992,2023-03-09,CHA @ DET,W
22022,HOU,Houston Rockets,0022200993,2023-03-09,HOU @ IND,L
22022,MIL,Milwaukee Bucks,0022200995,2023-03-09,MIL vs. BKN,W
22022,ORL,Orlando Magic,0022200994,2023-03-09,ORL vs. UTA,L
22022,DET,Detroit Pistons,0022200992,2023-03-09,DET vs. CHA,L
22022,ATL,Atlanta Hawks,0022200999,2023-03-10,ATL @ WAS,W
22022,CLE,Cleveland Cavaliers,0022201000,2023-03-10,CLE @ MIA,L
22022,MIN,Minnesota Timberwolves,0022201001,2023-03-10,MIN vs. BKN,L
22022,BKN,Brooklyn Nets,0022201001,2023-03-10,BKN @ MIN,W
22022,PHI,Philadelphia 76ers,0022200998,2023-03-10,PHI vs. POR,W
22022,SAS,San Antonio Spurs,0022201002,2023-03-10,SAS vs. DEN,W
22022,TOR,Toronto Raptors,0022201003,2023-03-10,TOR @ LAL,L
22022,WAS,Washington Wizards,0022200999,2023-03-10,WAS vs. ATL,L
22022,DEN,Denver Nuggets,0022201002,2023-03-10,DEN @ SAS,L
22022,LAL,Los Angeles Lakers,0022201003,2023-03-10,LAL vs. TOR,W
22022,MIA,Miami Heat,0022201000,2023-03-10,MIA vs. CLE,W
22022,POR,Portland Trail Blazers,0022200998,2023-03-10,POR @ PHI,L
22022,ATL,Atlanta Hawks,0022201008,2023-03-11,ATL vs. BOS,L
22022,BOS,Boston Celtics,0022201008,2023-03-11,BOS @ ATL,W
22022,NOP,New Orleans Pelicans,0022201011,2023-03-11,NOP vs. OKC,L
22022,CHI,Chicago Bulls,0022201009,2023-03-11,CHI @ HOU,W
22022,HOU,Houston Rockets,0022201009,2023-03-11,HOU vs. CHI,L
22022,LAC,LA Clippers,0022201004,2023-03-11,LAC vs. NYK,W
22022,MIL,Milwaukee Bucks,0022201012,2023-03-11,MIL @ GSW,L
22022,ORL,Orlando Magic,0022201007,2023-03-11,ORL vs. MIA,W
22022,PHX,Phoenix Suns,0022201013,2023-03-11,PHX vs. SAC,L
22022,SAC,Sacramento Kings,0022201013,2023-03-11,SAC @ PHX,W
22022,UTA,Utah Jazz,0022201005,2023-03-11,UTA @ CHA,W
22022,MEM,Memphis Grizzlies,0022201010,2023-03-11,MEM vs. DAL,W
22022,DET,Detroit Pistons,0022201006,2023-03-11,DET vs. IND,L
22022,CHA,Charlotte Hornets,0022201005,2023-03-11,CHA vs. UTA,L
22022,DAL,Dallas Mavericks,0022201010,2023-03-11,DAL @ MEM,L
22022,GSW,Golden State Warriors,0022201012,2023-03-11,GSW vs. MIL,W
22022,MIA,Miami Heat,0022201007,2023-03-11,MIA @ ORL,L
22022,OKC,Oklahoma City Thunder,0022201011,2023-03-11,OKC @ NOP,W
22022,NYK,New York Knicks,0022201004,2023-03-11,NYK @ LAC,L
22022,IND,Indiana Pacers,0022201006,2023-03-11,IND @ DET,W
22022,CLE,Cleveland Cavaliers,0022201015,2023-03-12,CLE @ CHA,W
22022,LAL,Los Angeles Lakers,0022201019,2023-03-12,LAL vs. NYK,L
22022,PHI,Philadelphia 76ers,0022201016,2023-03-12,PHI vs. WAS,W
22022,POR,Portland Trail Blazers,0022201017,2023-03-12,POR @ NOP,L
22022,OKC,Oklahoma City Thunder,0022201018,2023-03-12,OKC @ SAS,W
22022,CHA,Charlotte Hornets,0022201015,2023-03-12,CHA vs. CLE,L
22022,NOP,New Orleans Pelicans,0022201017,2023-03-12,NOP vs. POR,W
22022,DEN,Denver Nuggets,0022201014,2023-03-12,DEN vs. BKN,L
22022,SAS,San Antonio Spurs,0022201018,2023-03-12,SAS vs. OKC,L
22022,WAS,Washington Wizards,0022201016,2023-03-12,WAS @ PHI,L
22022,BKN,Brooklyn Nets,0022201014,2023-03-12,BKN @ DEN,W
22022,NYK,New York Knicks,0022201019,2023-03-12,NYK @ LAL,W
22022,ATL,Atlanta Hawks,0022201021,2023-03-13,ATL vs. MIN,L
22022,BOS,Boston Celtics,0022201024,2023-03-13,BOS @ HOU,L
22022,DAL,Dallas Mavericks,0022201023,2023-03-13,DAL vs. MEM,L
22022,GSW,Golden State Warriors,0022201025,2023-03-13,GSW vs. PHX,W
22022,MIL,Milwaukee Bucks,0022201026,2023-03-13,MIL @ SAC,W
22022,HOU,Houston Rockets,0022201024,2023-03-13,HOU vs. BOS,W
22022,MIA,Miami Heat,0022201022,2023-03-13,MIA vs. UTA,W
22022,MIN,Minnesota Timberwolves,0022201021,2023-03-13,MIN @ ATL,W
22022,IND,Indiana Pacers,0022201020,2023-03-13,IND @ DET,L
22022,PHX,Phoenix Suns,0022201025,2023-03-13,PHX @ GSW,L
22022,SAC,Sacramento Kings,0022201026,2023-03-13,SAC vs. MIL,L
22022,UTA,Utah Jazz,0022201022,2023-03-13,UTA @ MIA,L
22022,MEM,Memphis Grizzlies,0022201023,2023-03-13,MEM @ DAL,W
22022,DET,Detroit Pistons,0022201020,2023-03-13,DET vs. IND,W
22022,CLE,Cleveland Cavaliers,0022201027,2023-03-14,CLE @ CHA,W
22022,NOP,New Orleans Pelicans,0022201030,2023-03-14,NOP vs. LAL,L
22022,BKN,Brooklyn Nets,0022201031,2023-03-14,BKN @ OKC,L
22022,NYK,New York Knicks,0022201034,2023-03-14,NYK @ POR,W
22022,ORL,Orlando Magic,0022201032,2023-03-14,ORL @ SAS,L
22022,POR,Portland Trail Blazers,0022201034,2023-03-14,POR vs. NYK,L
22022,SAS,San Antonio Spurs,0022201032,2023-03-14,SAS vs. ORL,W
22022,DEN,Denver Nuggets,0022201029,2023-03-14,DEN @ TOR,L
22022,LAL,Los Angeles Lakers,0022201030,2023-03-14,LAL @ NOP,W
22022,MIL,Milwaukee Bucks,0022201033,2023-03-14,MIL @ PHX,W
22022,OKC,Oklahoma City Thunder,0022201031,2023-03-14,OKC vs. BKN,W
22022,TOR,Toronto Raptors,0022201029,2023-03-14,TOR vs. DEN,W
22022,WAS,Washington Wizards,0022201028,2023-03-14,WAS vs. DET,W
22022,DET,Detroit Pistons,0022201028,2023-03-14,DET @ WAS,L
22022,CHA,Charlotte Hornets,0022201027,2023-03-14,CHA vs. CLE,L
22022,PHX,Phoenix Suns,0022201033,2023-03-14,PHX vs. MIL,L
22022,BOS,Boston Celtics,0022201039,2023-03-15,BOS @ MIN,W
22022,CHI,Chicago Bulls,0022201037,2023-03-15,CHI vs. SAC,L
22022,DAL,Dallas Mavericks,0022201040,2023-03-15,DAL @ SAS,W
22022,HOU,Houston Rockets,0022201038,2023-03-15,HOU vs. LAL,W
22022,LAL,Los Angeles Lakers,0022201038,2023-03-15,LAL @ HOU,L
22022,MIN,Minnesota Timberwolves,0022201039,2023-03-15,MIN vs. BOS,L
22022,PHI,Philadelphia 76ers,0022201035,2023-03-15,PHI @ CLE,W
22022,CLE,Cleveland Cavaliers,0022201035,2023-03-15,CLE vs. PHI,L
22022,GSW,Golden State Warriors,0022201041,2023-03-15,GSW @ LAC,L
22022,LAC,LA Clippers,0022201041,2023-03-15,LAC vs. GSW,W
22022,MIA,Miami Heat,0022201036,2023-03-15,MIA vs. MEM,W
22022,SAC,Sacramento Kings,0022201037,2023-03-15,SAC @ CHI,W
22022,SAS,San Antonio Spurs,0022201040,2023-03-15,SAS vs. DAL,L
22022,MEM,Memphis Grizzlies,0022201036,2023-03-15,MEM @ MIA,L
22022,DEN,Denver Nuggets,0022201042,2023-03-16,DEN @ DET,W
22022,ORL,Orlando Magic,0022201046,2023-03-16,ORL @ PHX,L
22022,SAC,Sacramento Kings,0022201043,2023-03-16,SAC @ BKN,W
22022,OKC,Oklahoma City Thunder,0022201044,2023-03-16,OKC @ TOR,L
22022,TOR,Toronto Raptors,0022201044,2023-03-16,TOR vs. OKC,W
22022,MIL,Milwaukee Bucks,0022201045,2023-03-16,MIL vs. IND,L
22022,BKN,Brooklyn Nets,0022201043,2023-03-16,BKN vs. SAC,L
22022,IND,Indiana Pacers,0022201045,2023-03-16,IND @ MIL,W
22022,PHX,Phoenix Suns,0022201046,2023-03-16,PHX vs. ORL,W
22022,DET,Detroit Pistons,0022201042,2023-03-16,DET vs. DEN,L
22022,ATL,Atlanta Hawks,0022201048,2023-03-17,ATL vs. GSW,W
22022,CLE,Cleveland Cavaliers,0022201049,2023-03-17,CLE vs. WAS,W
22022,NOP,New Orleans Pelicans,0022201051,2023-03-17,NOP @ HOU,L
22022,DAL,Dallas Mavericks,0022201054,2023-03-17,DAL @ LAL,W
22022,GSW,Golden State Warriors,0022201048,2023-03-17,GSW @ ATL,L
22022,LAL,Los Angeles Lakers,0022201054,2023-03-17,LAL vs. DAL,L
22022,MIN,Minnesota Timberwolves,0022201050,2023-03-17,MIN @ CHI,L
22022,PHI,Philadelphia 76ers,0022201047,2023-03-17,PHI @ CHA,W
22022,POR,Portland Trail Blazers,0022201053,2023-03-17,POR vs. BOS,L
22022,WAS,Washington Wizards,0022201049,2023-03-17,WAS @ CLE,L
22022,BOS,Boston Celtics,0022201053,2023-03-17,BOS @ POR,W
22022,CHI,Chicago Bulls,0022201050,2023-03-17,CHI vs. MIN,W
22022,HOU,Houston Rockets,0022201051,2023-03-17,HOU vs. NOP,W
22022,SAS,San Antonio Spurs,0022201052,2023-03-17,SAS vs. MEM,L
22022,MEM,Memphis Grizzlies,0022201052,2023-03-17,MEM @ SAS,W
22022,CHA,Charlotte Hornets,0022201047,2023-03-17,CHA vs. PHI,L
22022,BOS,Boston Celtics,0022201062,2023-03-18,BOS @ UTA,L
22022,CHI,Chicago Bulls,0022201060,2023-03-18,CHI vs. MIA,W
22022,DEN,Denver Nuggets,0022201055,2023-03-18,DEN @ NYK,L
22022,GSW,Golden State Warriors,0022201061,2023-03-18,GSW @ MEM,L
22022,LAC,LA Clippers,0022201056,2023-03-18,LAC vs. ORL,L
22022,MIA,Miami Heat,0022201060,2023-03-18,MIA @ CHI,L
22022,ORL,Orlando Magic,0022201056,2023-03-18,ORL @ LAC,W
22022,SAC,Sacramento Kings,0022201059,2023-03-18,SAC @ WAS,W
22022,TOR,Toronto Raptors,0022201058,2023-03-18,TOR vs. MIN,W
22022,MEM,Memphis Grizzlies,0022201061,2023-03-18,MEM vs. GSW,W
22022,WAS,Washington Wizards,0022201059,2023-03-18,WAS vs. SAC,L
22022,IND,Indiana Pacers,0022201057,2023-03-18,IND vs. PHI,L
22022,PHI,Philadelphia 76ers,0022201057,2023-03-18,PHI @ IND,W
22022,UTA,Utah Jazz,0022201062,2023-03-18,UTA vs. BOS,W
22022,MIN,Minnesota Timberwolves,0022201058,2023-03-18,MIN @ TOR,L
22022,NYK,New York Knicks,0022201055,2023-03-18,NYK vs. DEN,W
22022,NOP,New Orleans Pelicans,0022201067,2023-03-19,NOP @ HOU,W
22022,LAC,LA Clippers,0022201069,2023-03-19,LAC @ POR,W
22022,LAL,Los Angeles Lakers,0022201070,2023-03-19,LAL vs. ORL,W
22022,SAS,San Antonio Spurs,0022201065,2023-03-19,SAS vs. ATL,W
22022,OKC,Oklahoma City Thunder,0022201064,2023-03-19,OKC vs. PHX,W
22022,TOR,Toronto Raptors,0022201068,2023-03-19,TOR @ MIL,L
22022,ATL,Atlanta Hawks,0022201065,2023-03-19,ATL @ SAS,L
22022,DEN,Denver Nuggets,0022201063,2023-03-19,DEN @ BKN,W
22022,HOU,Houston Rockets,0022201067,2023-03-19,HOU vs. NOP,L
22022,MIA,Miami Heat,0022201066,2023-03-19,MIA @ DET,W
22022,MIL,Milwaukee Bucks,0022201068,2023-03-19,MIL vs. TOR,W
22022,ORL,Orlando Magic,0022201070,2023-03-19,ORL @ LAL,L
22022,PHX,Phoenix Suns,0022201064,2023-03-19,PHX @ OKC,L
22022,POR,Portland Trail Blazers,0022201069,2023-03-19,POR vs. LAC,L
22022,DET,Detroit Pistons,0022201066,2023-03-19,DET vs. MIA,L
22022,BKN,Brooklyn Nets,0022201063,2023-03-19,BKN vs. DEN,L
22022,DAL,Dallas Mavericks,0022201075,2023-03-20,DAL @ MEM,L
22022,GSW,Golden State Warriors,0022201074,2023-03-20,GSW @ HOU,W
22022,MIN,Minnesota Timberwolves,0022201073,2023-03-20,MIN @ NYK,W
22022,PHI,Philadelphia 76ers,0022201072,2023-03-20,PHI vs. CHI,L
22022,SAC,Sacramento Kings,0022201076,2023-03-20,SAC @ UTA,L
22022,UTA,Utah Jazz,0022201076,2023-03-20,UTA vs. SAC,W
22022,CHA,Charlotte Hornets,0022201071,2023-03-20,CHA vs. IND,W
22022,CHI,Chicago Bulls,0022201072,2023-03-20,CHI @ PHI,W
22022,HOU,Houston Rockets,0022201074,2023-03-20,HOU vs. GSW,L
22022,IND,Indiana Pacers,0022201071,2023-03-20,IND @ CHA,L
22022,MEM,Memphis Grizzlies,0022201075,2023-03-20,MEM vs. DAL,W
22022,NYK,New York Knicks,0022201073,2023-03-20,NYK vs. MIN,L
22022,NOP,New Orleans Pelicans,0022201080,2023-03-21,NOP vs. SAS,W
22022,ORL,Orlando Magic,0022201077,2023-03-21,ORL vs. WAS,W
22022,DET,Detroit Pistons,0022201078,2023-03-21,DET @ ATL,L
22022,ATL,Atlanta Hawks,0022201078,2023-03-21,ATL vs. DET,W
22022,BOS,Boston Celtics,0022201081,2023-03-21,BOS @ SAC,W
22022,CLE,Cleveland Cavaliers,0022201079,2023-03-21,CLE @ BKN,W
22022,LAC,LA Clippers,0022201082,2023-03-21,LAC vs. OKC,L
22022,BKN,Brooklyn Nets,0022201079,2023-03-21,BKN vs. CLE,L
22022,OKC,Oklahoma City Thunder,0022201082,2023-03-21,OKC @ LAC,W
22022,SAC,Sacramento Kings,0022201081,2023-03-21,SAC vs. BOS,L
22022,SAS,San Antonio Spurs,0022201080,2023-03-21,SAS @ NOP,L
22022,WAS,Washington Wizards,0022201077,2023-03-21,WAS @ ORL,L
22022,ATL,Atlanta Hawks,0022201090,2023-03-22,ATL @ MIN,L
22022,GSW,Golden State Warriors,0022201086,2023-03-22,GSW @ DAL,W
22022,LAL,Los Angeles Lakers,0022201092,2023-03-22,LAL vs. PHX,W
22022,MIA,Miami Heat,0022201084,2023-03-22,MIA vs. NYK,W
22022,MIN,Minnesota Timberwolves,0022201090,2023-03-22,MIN vs. ATL,W
22022,NYK,New York Knicks,0022201084,2023-03-22,NYK @ MIA,L
22022,IND,Indiana Pacers,0022201085,2023-03-22,IND @ TOR,W
22022,PHI,Philadelphia 76ers,0022201087,2023-03-22,PHI @ CHI,W
22022,POR,Portland Trail Blazers,0022201091,2023-03-22,POR @ UTA,W
22022,UTA,Utah Jazz,0022201091,2023-03-22,UTA vs. POR,L
22022,CHI,Chicago Bulls,0022201087,2023-03-22,CHI vs. PHI,L
22022,DEN,Denver Nuggets,0022201083,2023-03-22,DEN @ WAS,W
22022,MIL,Milwaukee Bucks,0022201089,2023-03-22,MIL vs. SAS,W
22022,PHX,Phoenix Suns,0022201092,2023-03-22,PHX @ LAL,L
22022,SAS,San Antonio Spurs,0022201089,2023-03-22,SAS @ MIL,L
22022,MEM,Memphis Grizzlies,0022201088,2023-03-22,MEM vs. HOU,W
22022,WAS,Washington Wizards,0022201083,2023-03-22,WAS vs. DEN,L
22022,DAL,Dallas Mavericks,0022201086,2023-03-22,DAL vs. GSW,L
22022,HOU,Houston Rockets,0022201088,2023-03-22,HOU @ MEM,L
22022,TOR,Toronto Raptors,0022201085,2023-03-22,TOR vs. IND,L
22022,ORL,Orlando Magic,0022201093,2023-03-23,ORL vs. NYK,W
22022,CHA,Charlotte Hornets,0022201095,2023-03-23,CHA @ NOP,L
22022,NOP,New Orleans Pelicans,0022201095,2023-03-23,NOP vs. CHA,W
22022,LAC,LA Clippers,0022201096,2023-03-23,LAC vs. OKC,W
22022,BKN,Brooklyn Nets,0022201094,2023-03-23,BKN vs. CLE,L
22022,NYK,New York Knicks,0022201093,2023-03-23,NYK @ ORL,L
22022,OKC,Oklahoma City Thunder,0022201096,2023-03-23,OKC @ LAC,L
22022,CLE,Cleveland Cavaliers,0022201094,2023-03-23,CLE @ BKN,W
22022,DAL,Dallas Mavericks,0022201101,2023-03-24,DAL vs. CHA,L
22022,HOU,Houston Rockets,0022201100,2023-03-24,HOU @ MEM,L
22022,LAL,Los Angeles Lakers,0022201106,2023-03-24,LAL vs. OKC,W
22022,PHI,Philadelphia 76ers,0022201103,2023-03-24,PHI @ GSW,L
22022,POR,Portland Trail Blazers,0022201104,2023-03-24,POR vs. CHI,L
22022,SAS,San Antonio Spurs,0022201098,2023-03-24,SAS @ WAS,L
22022,TOR,Toronto Raptors,0022201099,2023-03-24,TOR vs. DET,W
22022,UTA,Utah Jazz,0022201102,2023-03-24,UTA vs. MIL,L
22022,WAS,Washington Wizards,0022201098,2023-03-24,WAS vs. SAS,W
22022,DET,Detroit Pistons,0022201099,2023-03-24,DET @ TOR,L
22022,BOS,Boston Celtics,0022201097,2023-03-24,BOS vs. IND,W
22022,CHI,Chicago Bulls,0022201104,2023-03-24,CHI @ POR,W
22022,GSW,Golden State Warriors,0022201103,2023-03-24,GSW vs. PHI,W
22022,MIL,Milwaukee Bucks,0022201102,2023-03-24,MIL @ UTA,W
22022,IND,Indiana Pacers,0022201097,2023-03-24,IND @ BOS,L
22022,PHX,Phoenix Suns,0022201105,2023-03-24,PHX @ SAC,L
22022,SAC,Sacramento Kings,0022201105,2023-03-24,SAC vs. PHX,W
22022,OKC,Oklahoma City Thunder,0022201106,2023-03-24,OKC @ LAL,L
22022,MEM,Memphis Grizzlies,0022201100,2023-03-24,MEM vs. HOU,W
22022,CHA,Charlotte Hornets,0022201101,2023-03-24,CHA @ DAL,W
22022,NOP,New Orleans Pelicans,0022201112,2023-03-25,NOP @ LAC,W
22022,DEN,Denver Nuggets,0022201109,2023-03-25,DEN vs. MIL,W
22022,LAC,LA Clippers,0022201112,2023-03-25,LAC vs. NOP,L
22022,MIL,Milwaukee Bucks,0022201109,2023-03-25,MIL @ DEN,L
22022,BKN,Brooklyn Nets,0022201108,2023-03-25,BKN @ MIA,W
22022,IND,Indiana Pacers,0022201107,2023-03-25,IND @ ATL,L
22022,PHI,Philadelphia 76ers,0022201110,2023-03-25,PHI @ PHX,L
22022,SAC,Sacramento Kings,0022201111,2023-03-25,SAC vs. UTA,W
22022,UTA,Utah Jazz,0022201111,2023-03-25,UTA @ SAC,L
22022,ATL,Atlanta Hawks,0022201107,2023-03-25,ATL vs. IND,W
22022,MIA,Miami Heat,0022201108,2023-03-25,MIA vs. BKN,L
22022,PHX,Phoenix Suns,0022201110,2023-03-25,PHX vs. PHI,W
22022,ATL,Atlanta Hawks,0022201115,2023-03-26,ATL vs. MEM,L
22022,BOS,Boston Celtics,0022201116,2023-03-26,BOS vs. SAS,W
22022,CHI,Chicago Bulls,0022201114,2023-03-26,CHI @ LAL,W
22022,DAL,Dallas Mavericks,0022201113,2023-03-26,DAL @ CHA,L
22022,GSW,Golden State Warriors,0022201121,2023-03-26,GSW vs. MIN,L
22022,HOU,Houston Rockets,0022201117,2023-03-26,HOU @ CLE,L
22022,LAL,Los Angeles Lakers,0022201114,2023-03-26,LAL vs. CHI,L
22022,MIN,Minnesota Timberwolves,0022201121,2023-03-26,MIN @ GSW,W
22022,POR,Portland Trail Blazers,0022201120,2023-03-26,POR vs. OKC,L
22022,SAS,San Antonio Spurs,0022201116,2023-03-26,SAS @ BOS,L
22022,CLE,Cleveland Cavaliers,0022201117,2023-03-26,CLE vs. HOU,W
22022,BKN,Brooklyn Nets,0022201118,2023-03-26,BKN @ ORL,L
22022,ORL,Orlando Magic,0022201118,2023-03-26,ORL vs. BKN,W
22022,OKC,Oklahoma City Thunder,0022201120,2023-03-26,OKC @ POR,W
22022,TOR,Toronto Raptors,0022201119,2023-03-26,TOR vs. WAS,W
22022,MEM,Memphis Grizzlies,0022201115,2023-03-26,MEM @ ATL,W
22022,WAS,Washington Wizards,0022201119,2023-03-26,WAS @ TOR,L
22022,CHA,Charlotte Hornets,0022201113,2023-03-26,CHA vs. DAL,W
22022,DAL,Dallas Mavericks,0022201123,2023-03-27,DAL @ IND,W
22022,DEN,Denver Nuggets,0022201126,2023-03-27,DEN vs. PHI,W
22022,PHX,Phoenix Suns,0022201125,2023-03-27,PHX @ UTA,W
22022,POR,Portland Trail Blazers,0022201127,2023-03-27,POR vs. NOP,L
22022,SAC,Sacramento Kings,0022201128,2023-03-27,SAC vs. MIN,L
22022,DET,Detroit Pistons,0022201122,2023-03-27,DET vs. MIL,L
22022,NOP,New Orleans Pelicans,0022201127,2023-03-27,NOP @ POR,W
22022,CHI,Chicago Bulls,0022201129,2023-03-27,CHI @ LAC,L
22022,HOU,Houston Rockets,0022201124,2023-03-27,HOU @ NYK,L
22022,LAC,LA Clippers,0022201129,2023-03-27,LAC vs. CHI,W
22022,MIL,Milwaukee Bucks,0022201122,2023-03-27,MIL @ DET,W
22022,MIN,Minnesota Timberwolves,0022201128,2023-03-27,MIN @ SAC,W
22022,NYK,New York Knicks,0022201124,2023-03-27,NYK vs. HOU,W
22022,IND,Indiana Pacers,0022201123,2023-03-27,IND vs. DAL,L
22022,PHI,Philadelphia 76ers,0022201126,2023-03-27,PHI @ DEN,L
22022,UTA,Utah Jazz,0022201125,2023-03-27,UTA vs. PHX,L
22022,ATL,Atlanta Hawks,0022201131,2023-03-28,ATL vs. CLE,W
22022,BOS,Boston Celtics,0022201130,2023-03-28,BOS @ WAS,L
22022,CLE,Cleveland Cavaliers,0022201131,2023-03-28,CLE @ ATL,L
22022,GSW,Golden State Warriors,0022201135,2023-03-28,GSW vs. NOP,W
22022,MIA,Miami Heat,0022201132,2023-03-28,MIA @ TOR,L
22022,WAS,Washington Wizards,0022201130,2023-03-28,WAS vs. BOS,W
22022,ORL,Orlando Magic,0022201133,2023-03-28,ORL @ MEM,L
22022,OKC,Oklahoma City Thunder,0022201134,2023-03-28,OKC vs. CHA,L
22022,TOR,Toronto Raptors,0022201132,2023-03-28,TOR vs. MIA,W
22022,MEM,Memphis Grizzlies,0022201133,2023-03-28,MEM vs. ORL,W
22022,CHA,Charlotte Hornets,0022201134,2023-03-28,CHA @ OKC,W
22022,NOP,New Orleans Pelicans,0022201135,2023-03-28,NOP @ GSW,L
22022,CHI,Chicago Bulls,0022201140,2023-03-29,CHI vs. LAL,L
22022,LAC,LA Clippers,0022201141,2023-03-29,LAC @ MEM,W
22022,LAL,Los Angeles Lakers,0022201140,2023-03-29,LAL @ CHI,W
22022,MIN,Minnesota Timberwolves,0022201144,2023-03-29,MIN @ PHX,L
22022,PHI,Philadelphia 76ers,0022201139,2023-03-29,PHI vs. DAL,W
22022,POR,Portland Trail Blazers,0022201145,2023-03-29,POR vs. SAC,L
22022,SAC,Sacramento Kings,0022201145,2023-03-29,SAC @ POR,W
22022,OKC,Oklahoma City Thunder,0022201142,2023-03-29,OKC vs. DET,W
22022,DET,Detroit Pistons,0022201142,2023-03-29,DET @ OKC,L
22022,DAL,Dallas Mavericks,0022201139,2023-03-29,DAL @ PHI,L
22022,HOU,Houston Rockets,0022201137,2023-03-29,HOU @ BKN,L
22022,MIA,Miami Heat,0022201138,2023-03-29,MIA @ NYK,L
22022,MIL,Milwaukee Bucks,0022201136,2023-03-29,MIL @ IND,W
22022,BKN,Brooklyn Nets,0022201137,2023-03-29,BKN vs. HOU,W
22022,NYK,New York Knicks,0022201138,2023-03-29,NYK vs. MIA,W
22022,PHX,Phoenix Suns,0022201144,2023-03-29,PHX vs. MIN,W
22022,UTA,Utah Jazz,0022201143,2023-03-29,UTA @ SAS,W
22022,MEM,Memphis Grizzlies,0022201141,2023-03-29,MEM vs. LAC,L
22022,IND,Indiana Pacers,0022201136,2023-03-29,IND vs. MIL,L
22022,SAS,San Antonio Spurs,0022201143,2023-03-29,SAS vs. UTA,L
22022,BOS,Boston Celtics,0022201146,2023-03-30,BOS @ MIL,W
22022,NOP,New Orleans Pelicans,0022201147,2023-03-30,NOP @ DEN,W
22022,MIL,Milwaukee Bucks,0022201146,2023-03-30,MIL vs. BOS,L
22022,DEN,Denver Nuggets,0022201147,2023-03-30,DEN vs. NOP,L
22022,ATL,Atlanta Hawks,0022201153,2023-03-31,ATL @ BKN,L
22022,BOS,Boston Celtics,0022201152,2023-03-31,BOS vs. UTA,W
22022,HOU,Houston Rockets,0022201155,2023-03-31,HOU vs. DET,W
22022,LAL,Los Angeles Lakers,0022201157,2023-03-31,LAL @ MIN,W
22022,NYK,New York Knicks,0022201154,2023-03-31,NYK @ CLE,W
22022,ORL,Orlando Magic,0022201151,2023-03-31,ORL @ WAS,W
22022,SAC,Sacramento Kings,0022201159,2023-03-31,SAC @ POR,W
22022,UTA,Utah Jazz,0022201152,2023-03-31,UTA @ BOS,L
22022,WAS,Washington Wizards,0022201151,2023-03-31,WAS vs. ORL,L
22022,DET,Detroit Pistons,0022201155,2023-03-31,DET @ HOU,L
22022,CHA,Charlotte Hornets,0022201148,2023-03-31,CHA vs. CHI,L
22022,CLE,Cleveland Cavaliers,0022201154,2023-03-31,CLE vs. NYK,L
22022,CHI,Chicago Bulls,0022201148,2023-03-31,CHI @ CHA,W
22022,DEN,Denver Nuggets,0022201160,2023-03-31,DEN @ PHX,L
22022,LAC,LA Clippers,0022201156,2023-03-31,LAC @ MEM,L
22022,MIN,Minnesota Timberwolves,0022201157,2023-03-31,MIN vs. LAL,L
22022,BKN,Brooklyn Nets,0022201153,2023-03-31,BKN vs. ATL,W
22022,IND,Indiana Pacers,0022201149,2023-03-31,IND vs. OKC,W
22022,PHI,Philadelphia 76ers,0022201150,2023-03-31,PHI vs. TOR,W
22022,PHX,Phoenix Suns,0022201160,2023-03-31,PHX vs. DEN,W
22022,POR,Portland Trail Blazers,0022201159,2023-03-31,POR vs. SAC,L
22022,SAS,San Antonio Spurs,0022201158,2023-03-31,SAS @ GSW,L
22022,OKC,Oklahoma City Thunder,0022201149,2023-03-31,OKC @ IND,L
22022,TOR,Toronto Raptors,0022201150,2023-03-31,TOR @ PHI,L
22022,MEM,Memphis Grizzlies,0022201156,2023-03-31,MEM vs. LAC,W
22022,GSW,Golden State Warriors,0022201158,2023-03-31,GSW vs. SAS,W
22022,DAL,Dallas Mavericks,0022201161,2023-04-01,DAL @ MIA,L
22022,MIA,Miami Heat,0022201161,2023-04-01,MIA vs. DAL,W
22022,LAC,LA Clippers,0022201162,2023-04-01,LAC @ NOP,L
22022,NOP,New Orleans Pelicans,0022201162,2023-04-01,NOP vs. LAC,W
22022,ATL,Atlanta Hawks,0022201167,2023-04-02,ATL vs. DAL,W
22022,CLE,Cleveland Cavaliers,0022201173,2023-04-02,CLE vs. IND,W
22022,CHI,Chicago Bulls,0022201165,2023-04-02,CHI vs. MEM,W
22022,GSW,Golden State Warriors,0022201175,2023-04-02,GSW @ DEN,L
22022,LAL,Los Angeles Lakers,0022201171,2023-04-02,LAL @ HOU,W
22022,ORL,Orlando Magic,0022201169,2023-04-02,ORL vs. DET,W
22022,IND,Indiana Pacers,0022201173,2023-04-02,IND @ CLE,L
22022,PHX,Phoenix Suns,0022201172,2023-04-02,PHX @ OKC,W
22022,SAS,San Antonio Spurs,0022201170,2023-04-02,SAS @ SAC,W
22022,OKC,Oklahoma City Thunder,0022201172,2023-04-02,OKC vs. PHX,L
22022,DET,Detroit Pistons,0022201169,2023-04-02,DET @ ORL,L
22022,DAL,Dallas Mavericks,0022201167,2023-04-02,DAL @ ATL,L
22022,DEN,Denver Nuggets,0022201175,2023-04-02,DEN vs. GSW,W
22022,HOU,Houston Rockets,0022201171,2023-04-02,HOU vs. LAL,L
22022,MIL,Milwaukee Bucks,0022201174,2023-04-02,MIL vs. PHI,W
22022,MIN,Minnesota Timberwolves,0022201166,2023-04-02,MIN vs. POR,L
22022,BKN,Brooklyn Nets,0022201164,2023-04-02,BKN vs. UTA,W
22022,NYK,New York Knicks,0022201168,2023-04-02,NYK vs. WAS,W
22022,PHI,Philadelphia 76ers,0022201174,2023-04-02,PHI @ MIL,L
22022,POR,Portland Trail Blazers,0022201166,2023-04-02,POR @ MIN,W
22022,SAC,Sacramento Kings,0022201170,2023-04-02,SAC vs. SAS,L
22022,TOR,Toronto Raptors,0022201163,2023-04-02,TOR @ CHA,W
22022,UTA,Utah Jazz,0022201164,2023-04-02,UTA @ BKN,L
22022,MEM,Memphis Grizzlies,0022201165,2023-04-02,MEM @ CHI,L
22022,WAS,Washington Wizards,0022201168,2023-04-02,WAS @ NYK,L
22022,CHA,Charlotte Hornets,0022201163,2023-04-02,CHA vs. TOR,L
22022,ATL,Atlanta Hawks,0022201182,2023-04-04,ATL @ CHI,W
22022,BOS,Boston Celtics,0022201181,2023-04-04,BOS @ PHI,L
22022,CLE,Cleveland Cavaliers,0022201178,2023-04-04,CLE @ ORL,W
22022,HOU,Houston Rockets,0022201183,2023-04-04,HOU vs. DEN,W
22022,MIA,Miami Heat,0022201177,2023-04-04,MIA @ DET,W
22022,MIL,Milwaukee Bucks,0022201179,2023-04-04,MIL @ WAS,W
22022,MIN,Minnesota Timberwolves,0022201180,2023-04-04,MIN @ BKN,W
22022,BKN,Brooklyn Nets,0022201180,2023-04-04,BKN vs. MIN,L
22022,POR,Portland Trail Blazers,0022201184,2023-04-04,POR @ MEM,L
22022,SAC,Sacramento Kings,0022201185,2023-04-04,SAC @ NOP,W
22022,SAS,San Antonio Spurs,0022201188,2023-04-04,SAS @ PHX,L
22022,OKC,Oklahoma City Thunder,0022201187,2023-04-04,OKC @ GSW,L
22022,WAS,Washington Wizards,0022201179,2023-04-04,WAS vs. MIL,L
22022,NOP,New Orleans Pelicans,0022201185,2023-04-04,NOP vs. SAC,L
22022,CHI,Chicago Bulls,0022201182,2023-04-04,CHI vs. ATL,L
22022,DEN,Denver Nuggets,0022201183,2023-04-04,DEN @ HOU,L
22022,GSW,Golden State Warriors,0022201187,2023-04-04,GSW vs. OKC,W
22022,LAL,Los Angeles Lakers,0022201186,2023-04-04,LAL @ UTA,W
22022,PHX,Phoenix Suns,0022201188,2023-04-04,PHX vs. SAS,W
22022,TOR,Toronto Raptors,0022201176,2023-04-04,TOR @ CHA,W
22022,UTA,Utah Jazz,0022201186,2023-04-04,UTA vs. LAL,L
22022,MEM,Memphis Grizzlies,0022201184,2023-04-04,MEM vs. POR,W
22022,DET,Detroit Pistons,0022201177,2023-04-04,DET vs. MIA,L
22022,ORL,Orlando Magic,0022201178,2023-04-04,ORL vs. CLE,L
22022,PHI,Philadelphia 76ers,0022201181,2023-04-04,PHI vs. BOS,W
22022,CHA,Charlotte Hornets,0022201176,2023-04-04,CHA vs. TOR,L
22022,CHI,Chicago Bulls,0022201193,2023-04-05,CHI @ MIL,L
22022,DAL,Dallas Mavericks,0022201195,2023-04-05,DAL vs. SAC,W
22022,LAC,LA Clippers,0022201196,2023-04-05,LAC vs. LAL,W
22022,MIL,Milwaukee Bucks,0022201193,2023-04-05,MIL vs. CHI,W
22022,NYK,New York Knicks,0022201190,2023-04-05,NYK @ IND,W
22022,IND,Indiana Pacers,0022201190,2023-04-05,IND vs. NYK,L
22022,SAC,Sacramento Kings,0022201195,2023-04-05,SAC @ DAL,L
22022,TOR,Toronto Raptors,0022201192,2023-04-05,TOR @ BOS,L
22022,MEM,Memphis Grizzlies,0022201194,2023-04-05,MEM @ NOP,L
22022,WAS,Washington Wizards,0022201191,2023-04-05,WAS @ ATL,L
22022,NOP,New Orleans Pelicans,0022201194,2023-04-05,NOP vs. MEM,W
22022,LAL,Los Angeles Lakers,0022201196,2023-04-05,LAL @ LAC,L
22022,BKN,Brooklyn Nets,0022201189,2023-04-05,BKN @ DET,W
22022,DET,Detroit Pistons,0022201189,2023-04-05,DET vs. BKN,L
22022,ATL,Atlanta Hawks,0022201191,2023-04-05,ATL vs. WAS,W
22022,BOS,Boston Celtics,0022201192,2023-04-05,BOS vs. TOR,W
22022,MIA,Miami Heat,0022201198,2023-04-06,MIA @ PHI,W
22022,ORL,Orlando Magic,0022201197,2023-04-06,ORL vs. CLE,L
22022,PHI,Philadelphia 76ers,0022201198,2023-04-06,PHI vs. MIA,L
22022,POR,Portland Trail Blazers,0022201199,2023-04-06,POR @ SAS,L
22022,SAS,San Antonio Spurs,0022201199,2023-04-06,SAS vs. POR,W
22022,DEN,Denver Nuggets,0022201201,2023-04-06,DEN @ PHX,L
22022,PHX,Phoenix Suns,0022201201,2023-04-06,PHX vs. DEN,W
22022,UTA,Utah Jazz,0022201200,2023-04-06,UTA vs. OKC,L
22022,CLE,Cleveland Cavaliers,0022201197,2023-04-06,CLE @ ORL,W
22022,OKC,Oklahoma City Thunder,0022201200,2023-04-06,OKC @ UTA,W
22022,BOS,Boston Celtics,0022201206,2023-04-07,BOS vs. TOR,W
22022,NOP,New Orleans Pelicans,0022201209,2023-04-07,NOP vs. NYK,W
22022,DAL,Dallas Mavericks,0022201210,2023-04-07,DAL vs. CHI,L
22022,MIA,Miami Heat,0022201204,2023-04-07,MIA @ WAS,L
22022,NYK,New York Knicks,0022201209,2023-04-07,NYK @ NOP,L
22022,IND,Indiana Pacers,0022201203,2023-04-07,IND vs. DET,L
22022,PHI,Philadelphia 76ers,0022201205,2023-04-07,PHI @ ATL,W
22022,SAC,Sacramento Kings,0022201211,2023-04-07,SAC vs. GSW,L
22022,TOR,Toronto Raptors,0022201206,2023-04-07,TOR @ BOS,L
22022,MEM,Memphis Grizzlies,0022201208,2023-04-07,MEM @ MIL,W
22022,WAS,Washington Wizards,0022201204,2023-04-07,WAS vs. MIA,W
22022,DET,Detroit Pistons,0022201203,2023-04-07,DET @ IND,W
22022,CHA,Charlotte Hornets,0022201202,2023-04-07,CHA vs. HOU,L
22022,ATL,Atlanta Hawks,0022201205,2023-04-07,ATL vs. PHI,L
22022,CHI,Chicago Bulls,0022201210,2023-04-07,CHI @ DAL,W
22022,GSW,Golden State Warriors,0022201211,2023-04-07,GSW @ SAC,W
22022,HOU,Houston Rockets,0022201202,2023-04-07,HOU @ CHA,W
22022,LAL,Los Angeles Lakers,0022201212,2023-04-07,LAL vs. PHX,W
22022,MIL,Milwaukee Bucks,0022201208,2023-04-07,MIL vs. MEM,L
22022,ORL,Orlando Magic,0022201207,2023-04-07,ORL @ BKN,L
22022,PHX,Phoenix Suns,0022201212,2023-04-07,PHX @ LAL,L
22022,BKN,Brooklyn Nets,0022201207,2023-04-07,BKN vs. ORL,W
22022,DEN,Denver Nuggets,0022201213,2023-04-08,DEN @ UTA,L
22022,MIN,Minnesota Timberwolves,0022201214,2023-04-08,MIN @ SAS,W
22022,UTA,Utah Jazz,0022201213,2023-04-08,UTA vs. DEN,W
22022,LAC,LA Clippers,0022201215,2023-04-08,LAC vs. POR,W
22022,SAS,San Antonio Spurs,0022201214,2023-04-08,SAS vs. MIN,L
22022,POR,Portland Trail Blazers,0022201215,2023-04-08,POR @ LAC,L
22022,ATL,Atlanta Hawks,0022201216,2023-04-09,ATL @ BOS,L
22022,BOS,Boston Celtics,0022201216,2023-04-09,BOS vs. ATL,W
22022,CLE,Cleveland Cavaliers,0022201218,2023-04-09,CLE vs. CHA,L
22022,NOP,New Orleans Pelicans,0022201225,2023-04-09,NOP @ MIN,L
22022,CHI,Chicago Bulls,0022201223,2023-04-09,CHI vs. DET,W
22022,DAL,Dallas Mavericks,0022201224,2023-04-09,DAL vs. SAS,L
22022,GSW,Golden State Warriors,0022201230,2023-04-09,GSW @ POR,W
22022,MIA,Miami Heat,0022201219,2023-04-09,MIA vs. ORL,W
22022,MIN,Minnesota Timberwolves,0022201225,2023-04-09,MIN vs. NOP,W
22022,BKN,Brooklyn Nets,0022201217,2023-04-09,BKN vs. PHI,L
22022,NYK,New York Knicks,0022201220,2023-04-09,NYK vs. IND,L
22022,ORL,Orlando Magic,0022201219,2023-04-09,ORL @ MIA,L
22022,IND,Indiana Pacers,0022201220,2023-04-09,IND @ NYK,W
22022,SAS,San Antonio Spurs,0022201224,2023-04-09,SAS @ DAL,W
22022,OKC,Oklahoma City Thunder,0022201226,2023-04-09,OKC vs. MEM,W
22022,TOR,Toronto Raptors,0022201221,2023-04-09,TOR vs. MIL,W
22022,UTA,Utah Jazz,0022201228,2023-04-09,UTA @ LAL,L
22022,MEM,Memphis Grizzlies,0022201226,2023-04-09,MEM @ OKC,L
22022,CHA,Charlotte Hornets,0022201218,2023-04-09,CHA @ CLE,W
22022,DEN,Denver Nuggets,0022201227,2023-04-09,DEN vs. SAC,W
22022,HOU,Houston Rockets,0022201222,2023-04-09,HOU @ WAS,W
22022,LAC,LA Clippers,0022201229,2023-04-09,LAC @ PHX,W
22022,MIL,Milwaukee Bucks,0022201221,2023-04-09,MIL @ TOR,L
22022,PHI,Philadelphia 76ers,0022201217,2023-04-09,PHI @ BKN,W
22022,POR,Portland Trail Blazers,0022201230,2023-04-09,POR vs. GSW,L
22022,SAC,Sacramento Kings,0022201227,2023-04-09,SAC @ DEN,L
22022,WAS,Washington Wizards,0022201222,2023-04-09,WAS vs. HOU,L
22022,DET,Detroit Pistons,0022201223,2023-04-09,DET @ CHI,L
22022,LAL,Los Angeles Lakers,0022201228,2023-04-09,LAL vs. UTA,W
22022,PHX,Phoenix Suns,0022201229,2023-04-09,PHX vs. LAC,L
