SEASON_ID,TEAM_ABBREVIATION,TEAM_NAME,GAME_ID,GAME_DATE,MATCHUP,WL
22023,DEN,Denver Nuggets,0022300061,2023-10-24,DEN vs. LAL,W
22023,GSW,Golden State Warriors,0022300062,2023-10-24,GSW vs. PHX,L
22023,LAL,Los Angeles Lakers,0022300061,2023-10-24,LAL @ DEN,L
22023,PHX,Phoenix Suns,0022300062,2023-10-24,PHX @ GSW,W
22023,NOP,New Orleans Pelicans,0022300071,2023-10-25,NOP @ MEM,W
22023,CHI,Chicago Bulls,0022300070,2023-10-25,CHI vs. OKC,L
22023,HOU,Houston Rockets,0022300066,2023-10-25,HOU @ ORL,L
22023,LAC,LA Clippers,0022300074,2023-10-25,LAC vs. POR,W
22023,MIA,Miami Heat,0022300068,2023-10-25,MIA vs. DET,W
22023,BKN,Brooklyn Nets,0022300067,2023-10-25,BKN vs. CLE,L
22023,NYK,New York Knicks,0022300065,2023-10-25,NYK vs. BOS,L
22023,ORL,Orlando Magic,0022300066,2023-10-25,ORL vs. HOU,W
22023,SAC,Sacramento Kings,0022300072,2023-10-25,SAC @ UTA,W
22023,OKC,Oklahoma City Thunder,0022300070,2023-10-25,OKC @ CHI,W
22023,MEM,Memphis Grizzlies,0022300071,2023-10-25,MEM vs. NOP,L
22023,WAS,Washington Wizards,0022300064,2023-10-25,WAS @ IND,L
22023,DET,Detroit Pistons,0022300068,2023-10-25,DET @ MIA,L
22023,ATL,Atlanta Hawks,0022300063,2023-10-25,ATL @ CHA,L
22023,BOS,Boston Celtics,0022300065,2023-10-25,BOS @ NYK,W
22023,CLE,Cleveland Cavaliers,0022300067,2023-10-25,CLE @ BKN,W
22023,DAL,Dallas Mavericks,0022300073,2023-10-25,DAL @ SAS,W
22023,MIN,Minnesota Timberwolves,0022300069,2023-10-25,MIN @ TOR,L
22023,IND,Indiana Pacers,0022300064,2023-10-25,IND vs. WAS,W
22023,POR,Portland Trail Blazers,0022300074,2023-10-25,POR @ LAC,L
22023,SAS,San Antonio Spurs,0022300073,2023-10-25,SAS vs. DAL,L
22023,TOR,Toronto Raptors,0022300069,2023-10-25,TOR vs. MIN,W
22023,UTA,Utah Jazz,0022300072,2023-10-25,UTA vs. SAC,L
22023,CHA,Charlotte Hornets,0022300063,2023-10-25,CHA vs. ATL,W
22023,MIL,Milwaukee Bucks,0022300075,2023-10-26,MIL vs. PHI,W
22023,PHX,Phoenix Suns,0022300076,2023-10-26,PHX @ LAL,L
22023,LAL,Los Angeles Lakers,0022300076,2023-10-26,LAL vs. PHX,W
22023,PHI,Philadelphia 76ers,0022300075,2023-10-26,PHI @ MIL,L
22023,ATL,Atlanta Hawks,0022300079,2023-10-27,ATL vs. NYK,L
22023,CLE,Cleveland Cavaliers,0022300081,2023-10-27,CLE vs. OKC,L
22023,CHI,Chicago Bulls,0022300082,2023-10-27,CHI vs. TOR,W
22023,DAL,Dallas Mavericks,0022300084,2023-10-27,DAL vs. BKN,W
22023,DEN,Denver Nuggets,0022300078,2023-10-27,DEN @ MEM,W
22023,GSW,Golden State Warriors,0022300087,2023-10-27,GSW @ SAC,W
22023,LAC,LA Clippers,0022300085,2023-10-27,LAC @ UTA,L
22023,BKN,Brooklyn Nets,0022300084,2023-10-27,BKN @ DAL,L
22023,NYK,New York Knicks,0022300079,2023-10-27,NYK @ ATL,W
22023,ORL,Orlando Magic,0022300086,2023-10-27,ORL @ POR,W
22023,UTA,Utah Jazz,0022300085,2023-10-27,UTA vs. LAC,W
22023,MEM,Memphis Grizzlies,0022300078,2023-10-27,MEM vs. DEN,L
22023,DET,Detroit Pistons,0022300077,2023-10-27,DET @ CHA,W
22023,BOS,Boston Celtics,0022300080,2023-10-27,BOS vs. MIA,W
22023,HOU,Houston Rockets,0022300083,2023-10-27,HOU @ SAS,L
22023,MIA,Miami Heat,0022300080,2023-10-27,MIA @ BOS,L
22023,POR,Portland Trail Blazers,0022300086,2023-10-27,POR vs. ORL,L
22023,OKC,Oklahoma City Thunder,0022300081,2023-10-27,OKC @ CLE,W
22023,TOR,Toronto Raptors,0022300082,2023-10-27,TOR @ CHI,L
22023,CHA,Charlotte Hornets,0022300077,2023-10-27,CHA vs. DET,L
22023,SAC,Sacramento Kings,0022300087,2023-10-27,SAC vs. GSW,L
22023,SAS,San Antonio Spurs,0022300083,2023-10-27,SAS vs. HOU,W
22023,CLE,Cleveland Cavaliers,0022300091,2023-10-28,CLE vs. IND,L
22023,NOP,New Orleans Pelicans,0022300090,2023-10-28,NOP vs. NYK,W
22023,PHI,Philadelphia 76ers,0022300092,2023-10-28,PHI @ TOR,W
22023,PHX,Phoenix Suns,0022300094,2023-10-28,PHX vs. UTA,W
22023,DET,Detroit Pistons,0022300088,2023-10-28,DET vs. CHI,W
22023,CHI,Chicago Bulls,0022300088,2023-10-28,CHI @ DET,L
22023,MIA,Miami Heat,0022300093,2023-10-28,MIA @ MIN,L
22023,MIN,Minnesota Timberwolves,0022300093,2023-10-28,MIN vs. MIA,W
22023,NYK,New York Knicks,0022300090,2023-10-28,NYK @ NOP,L
22023,IND,Indiana Pacers,0022300091,2023-10-28,IND @ CLE,W
22023,TOR,Toronto Raptors,0022300092,2023-10-28,TOR vs. PHI,L
22023,UTA,Utah Jazz,0022300094,2023-10-28,UTA @ PHX,L
22023,MEM,Memphis Grizzlies,0022300089,2023-10-28,MEM @ WAS,L
22023,WAS,Washington Wizards,0022300089,2023-10-28,WAS vs. MEM,W
22023,GSW,Golden State Warriors,0022300096,2023-10-29,GSW @ HOU,W
22023,HOU,Houston Rockets,0022300096,2023-10-29,HOU vs. GSW,L
22023,LAL,Los Angeles Lakers,0022300100,2023-10-29,LAL @ SAC,L
22023,MIL,Milwaukee Bucks,0022300097,2023-10-29,MIL vs. ATL,L
22023,SAC,Sacramento Kings,0022300100,2023-10-29,SAC vs. LAL,W
22023,SAS,San Antonio Spurs,0022300099,2023-10-29,SAS @ LAC,L
22023,OKC,Oklahoma City Thunder,0022300095,2023-10-29,OKC vs. DEN,L
22023,ATL,Atlanta Hawks,0022300097,2023-10-29,ATL @ MIL,W
22023,DEN,Denver Nuggets,0022300095,2023-10-29,DEN @ OKC,W
22023,LAC,LA Clippers,0022300099,2023-10-29,LAC vs. SAS,W
22023,PHI,Philadelphia 76ers,0022300098,2023-10-29,PHI vs. POR,W
22023,POR,Portland Trail Blazers,0022300098,2023-10-29,POR @ PHI,L
22023,BOS,Boston Celtics,0022300103,2023-10-30,BOS @ WAS,W
22023,DAL,Dallas Mavericks,0022300106,2023-10-30,DAL @ MEM,W
22023,DEN,Denver Nuggets,0022300110,2023-10-30,DEN vs. UTA,W
22023,GSW,Golden State Warriors,0022300108,2023-10-30,GSW @ NOP,W
22023,MIN,Minnesota Timberwolves,0022300104,2023-10-30,MIN @ ATL,L
22023,BKN,Brooklyn Nets,0022300101,2023-10-30,BKN @ CHA,W
22023,IND,Indiana Pacers,0022300102,2023-10-30,IND vs. CHI,L
22023,OKC,Oklahoma City Thunder,0022300109,2023-10-30,OKC vs. DET,W
22023,TOR,Toronto Raptors,0022300105,2023-10-30,TOR vs. POR,L
22023,UTA,Utah Jazz,0022300110,2023-10-30,UTA @ DEN,L
22023,MEM,Memphis Grizzlies,0022300106,2023-10-30,MEM vs. DAL,L
22023,WAS,Washington Wizards,0022300103,2023-10-30,WAS vs. BOS,L
22023,DET,Detroit Pistons,0022300109,2023-10-30,DET @ OKC,L
22023,CHA,Charlotte Hornets,0022300101,2023-10-30,CHA vs. BKN,L
22023,ATL,Atlanta Hawks,0022300104,2023-10-30,ATL vs. MIN,W
22023,NOP,New Orleans Pelicans,0022300108,2023-10-30,NOP vs. GSW,L
22023,CHI,Chicago Bulls,0022300102,2023-10-30,CHI @ IND,W
22023,LAL,Los Angeles Lakers,0022300111,2023-10-30,LAL vs. ORL,W
22023,MIA,Miami Heat,0022300107,2023-10-30,MIA @ MIL,L
22023,MIL,Milwaukee Bucks,0022300107,2023-10-30,MIL vs. MIA,W
22023,ORL,Orlando Magic,0022300111,2023-10-30,ORL @ LAL,L
22023,POR,Portland Trail Blazers,0022300105,2023-10-30,POR @ TOR,W
22023,LAC,LA Clippers,0022300114,2023-10-31,LAC vs. ORL,W
22023,ORL,Orlando Magic,0022300114,2023-10-31,ORL @ LAC,L
22023,CLE,Cleveland Cavaliers,0022300112,2023-10-31,CLE vs. NYK,L
22023,NYK,New York Knicks,0022300112,2023-10-31,NYK @ CLE,W
22023,PHX,Phoenix Suns,0022300113,2023-10-31,PHX vs. SAS,L
22023,SAS,San Antonio Spurs,0022300113,2023-10-31,SAS @ PHX,W
22023,CLE,Cleveland Cavaliers,0022300120,2023-11-01,CLE @ NYK,W
22023,DAL,Dallas Mavericks,0022300124,2023-11-01,DAL vs. CHI,W
22023,DEN,Denver Nuggets,0022300123,2023-11-01,DEN @ MIN,L
22023,LAC,LA Clippers,0022300127,2023-11-01,LAC @ LAL,L
22023,MIA,Miami Heat,0022300119,2023-11-01,MIA vs. BKN,L
22023,MIN,Minnesota Timberwolves,0022300123,2023-11-01,MIN vs. DEN,W
22023,BKN,Brooklyn Nets,0022300119,2023-11-01,BKN @ MIA,W
22023,NYK,New York Knicks,0022300120,2023-11-01,NYK vs. CLE,L
22023,TOR,Toronto Raptors,0022300116,2023-11-01,TOR vs. MIL,W
22023,UTA,Utah Jazz,0022300125,2023-11-01,UTA vs. MEM,W
22023,WAS,Washington Wizards,0022300117,2023-11-01,WAS @ ATL,L
22023,DET,Detroit Pistons,0022300115,2023-11-01,DET vs. POR,L
22023,CHA,Charlotte Hornets,0022300122,2023-11-01,CHA @ HOU,L
22023,BOS,Boston Celtics,0022300118,2023-11-01,BOS vs. IND,W
22023,NOP,New Orleans Pelicans,0022300121,2023-11-01,NOP @ OKC,W
22023,CHI,Chicago Bulls,0022300124,2023-11-01,CHI @ DAL,L
22023,GSW,Golden State Warriors,0022300126,2023-11-01,GSW vs. SAC,W
22023,HOU,Houston Rockets,0022300122,2023-11-01,HOU vs. CHA,W
22023,LAL,Los Angeles Lakers,0022300127,2023-11-01,LAL vs. LAC,W
22023,MIL,Milwaukee Bucks,0022300116,2023-11-01,MIL @ TOR,L
22023,IND,Indiana Pacers,0022300118,2023-11-01,IND @ BOS,L
22023,POR,Portland Trail Blazers,0022300115,2023-11-01,POR @ DET,W
22023,SAC,Sacramento Kings,0022300126,2023-11-01,SAC @ GSW,L
22023,OKC,Oklahoma City Thunder,0022300121,2023-11-01,OKC vs. NOP,L
22023,MEM,Memphis Grizzlies,0022300125,2023-11-01,MEM @ UTA,L
22023,ATL,Atlanta Hawks,0022300117,2023-11-01,ATL vs. WAS,W
22023,PHI,Philadelphia 76ers,0022300128,2023-11-02,PHI vs. TOR,W
22023,SAS,San Antonio Spurs,0022300131,2023-11-02,SAS @ PHX,W
22023,TOR,Toronto Raptors,0022300128,2023-11-02,TOR @ PHI,L
22023,UTA,Utah Jazz,0022300130,2023-11-02,UTA vs. ORL,L
22023,NOP,New Orleans Pelicans,0022300129,2023-11-02,NOP vs. DET,W
22023,ORL,Orlando Magic,0022300130,2023-11-02,ORL @ UTA,W
22023,DET,Detroit Pistons,0022300129,2023-11-02,DET @ NOP,L
22023,PHX,Phoenix Suns,0022300131,2023-11-02,PHX vs. SAS,L
22023,CLE,Cleveland Cavaliers,0022300001,2023-11-03,CLE @ IND,L
22023,CHI,Chicago Bulls,0022300004,2023-11-03,CHI vs. BKN,L
22023,DAL,Dallas Mavericks,0022300006,2023-11-03,DAL @ DEN,L
22023,DEN,Denver Nuggets,0022300006,2023-11-03,DEN vs. DAL,W
22023,GSW,Golden State Warriors,0022300005,2023-11-03,GSW @ OKC,W
22023,MIA,Miami Heat,0022300003,2023-11-03,MIA vs. WAS,W
22023,NYK,New York Knicks,0022300002,2023-11-03,NYK @ MIL,L
22023,IND,Indiana Pacers,0022300001,2023-11-03,IND vs. CLE,W
22023,WAS,Washington Wizards,0022300003,2023-11-03,WAS @ MIA,L
22023,MIL,Milwaukee Bucks,0022300002,2023-11-03,MIL vs. NYK,W
22023,BKN,Brooklyn Nets,0022300004,2023-11-03,BKN @ CHI,W
22023,POR,Portland Trail Blazers,0022300007,2023-11-03,POR vs. MEM,W
22023,OKC,Oklahoma City Thunder,0022300005,2023-11-03,OKC vs. GSW,L
22023,MEM,Memphis Grizzlies,0022300007,2023-11-03,MEM @ POR,L
22023,HOU,Houston Rockets,0022300137,2023-11-04,HOU vs. SAC,W
22023,MIN,Minnesota Timberwolves,0022300138,2023-11-04,MIN vs. UTA,W
22023,PHI,Philadelphia 76ers,0022300132,2023-11-04,PHI vs. PHX,W
22023,PHX,Phoenix Suns,0022300132,2023-11-04,PHX @ PHI,L
22023,SAC,Sacramento Kings,0022300137,2023-11-04,SAC @ HOU,L
22023,UTA,Utah Jazz,0022300138,2023-11-04,UTA @ MIN,L
22023,CHA,Charlotte Hornets,0022300133,2023-11-04,CHA @ IND,W
22023,ATL,Atlanta Hawks,0022300135,2023-11-04,ATL @ NOP,W
22023,BOS,Boston Celtics,0022300136,2023-11-04,BOS @ BKN,W
22023,NOP,New Orleans Pelicans,0022300135,2023-11-04,NOP vs. ATL,L
22023,CHI,Chicago Bulls,0022300139,2023-11-04,CHI @ DEN,L
22023,DEN,Denver Nuggets,0022300139,2023-11-04,DEN vs. CHI,W
22023,LAL,Los Angeles Lakers,0022300134,2023-11-04,LAL @ ORL,L
22023,BKN,Brooklyn Nets,0022300136,2023-11-04,BKN vs. BOS,L
22023,IND,Indiana Pacers,0022300133,2023-11-04,IND vs. CHA,L
22023,ORL,Orlando Magic,0022300134,2023-11-04,ORL vs. LAL,W
22023,CLE,Cleveland Cavaliers,0022300142,2023-11-05,CLE vs. GSW,W
22023,DAL,Dallas Mavericks,0022300143,2023-11-05,DAL vs. CHA,W
22023,SAS,San Antonio Spurs,0022300141,2023-11-05,SAS vs. TOR,L
22023,MEM,Memphis Grizzlies,0022300144,2023-11-05,MEM @ POR,W
22023,CHA,Charlotte Hornets,0022300143,2023-11-05,CHA @ DAL,L
22023,GSW,Golden State Warriors,0022300142,2023-11-05,GSW @ CLE,L
22023,PHX,Phoenix Suns,0022300140,2023-11-05,PHX @ DET,W
22023,POR,Portland Trail Blazers,0022300144,2023-11-05,POR vs. MEM,L
22023,TOR,Toronto Raptors,0022300141,2023-11-05,TOR @ SAS,W
22023,DET,Detroit Pistons,0022300140,2023-11-05,DET vs. PHX,L
22023,ATL,Atlanta Hawks,0022300155,2023-11-06,ATL @ OKC,L
22023,NOP,New Orleans Pelicans,0022300156,2023-11-06,NOP @ DEN,L
22023,CHI,Chicago Bulls,0022300152,2023-11-06,CHI vs. UTA,W
22023,DAL,Dallas Mavericks,0022300147,2023-11-06,DAL @ ORL,W
22023,DEN,Denver Nuggets,0022300156,2023-11-06,DEN vs. NOP,W
22023,LAL,Los Angeles Lakers,0022300150,2023-11-06,LAL @ MIA,L
22023,MIL,Milwaukee Bucks,0022300149,2023-11-06,MIL @ BKN,W
22023,BKN,Brooklyn Nets,0022300149,2023-11-06,BKN vs. MIL,L
22023,ORL,Orlando Magic,0022300147,2023-11-06,ORL vs. DAL,L
22023,IND,Indiana Pacers,0022300146,2023-11-06,IND vs. SAS,W
22023,PHI,Philadelphia 76ers,0022300148,2023-11-06,PHI vs. WAS,W
22023,OKC,Oklahoma City Thunder,0022300155,2023-11-06,OKC vs. ATL,W
22023,WAS,Washington Wizards,0022300148,2023-11-06,WAS @ PHI,L
22023,DET,Detroit Pistons,0022300145,2023-11-06,DET vs. GSW,L
22023,BOS,Boston Celtics,0022300154,2023-11-06,BOS @ MIN,L
22023,GSW,Golden State Warriors,0022300145,2023-11-06,GSW @ DET,W
22023,HOU,Houston Rockets,0022300153,2023-11-06,HOU vs. SAC,W
22023,LAC,LA Clippers,0022300151,2023-11-06,LAC @ NYK,L
22023,MIA,Miami Heat,0022300150,2023-11-06,MIA vs. LAL,W
22023,SAC,Sacramento Kings,0022300153,2023-11-06,SAC @ HOU,L
22023,SAS,San Antonio Spurs,0022300146,2023-11-06,SAS @ IND,L
22023,UTA,Utah Jazz,0022300152,2023-11-06,UTA @ CHI,L
22023,MIN,Minnesota Timberwolves,0022300154,2023-11-06,MIN vs. BOS,W
22023,NYK,New York Knicks,0022300151,2023-11-06,NYK vs. LAC,W
22023,BOS,Boston Celtics,0022300159,2023-11-08,BOS @ PHI,L
22023,CLE,Cleveland Cavaliers,0022300167,2023-11-08,CLE @ OKC,L
22023,NOP,New Orleans Pelicans,0022300166,2023-11-08,NOP @ MIN,L
22023,MIA,Miami Heat,0022300164,2023-11-08,MIA @ MEM,W
22023,PHI,Philadelphia 76ers,0022300159,2023-11-08,PHI vs. BOS,W
22023,PHX,Phoenix Suns,0022300162,2023-11-08,PHX @ CHI,W
22023,SAC,Sacramento Kings,0022300170,2023-11-08,SAC vs. POR,W
22023,OKC,Oklahoma City Thunder,0022300167,2023-11-08,OKC vs. CLE,W
22023,TOR,Toronto Raptors,0022300168,2023-11-08,TOR @ DAL,W
22023,UTA,Utah Jazz,0022300158,2023-11-08,UTA @ IND,L
22023,MEM,Memphis Grizzlies,0022300164,2023-11-08,MEM vs. MIA,L
22023,DET,Detroit Pistons,0022300165,2023-11-08,DET @ MIL,L
22023,CHA,Charlotte Hornets,0022300157,2023-11-08,CHA vs. WAS,L
22023,CHI,Chicago Bulls,0022300162,2023-11-08,CHI vs. PHX,L
22023,DAL,Dallas Mavericks,0022300168,2023-11-08,DAL vs. TOR,L
22023,DEN,Denver Nuggets,0022300169,2023-11-08,DEN vs. GSW,W
22023,GSW,Golden State Warriors,0022300169,2023-11-08,GSW @ DEN,L
22023,LAC,LA Clippers,0022300160,2023-11-08,LAC @ BKN,L
22023,LAL,Los Angeles Lakers,0022300163,2023-11-08,LAL @ HOU,L
22023,MIL,Milwaukee Bucks,0022300165,2023-11-08,MIL vs. DET,W
22023,BKN,Brooklyn Nets,0022300160,2023-11-08,BKN vs. LAC,W
22023,NYK,New York Knicks,0022300161,2023-11-08,NYK vs. SAS,W
22023,IND,Indiana Pacers,0022300158,2023-11-08,IND vs. UTA,W
22023,POR,Portland Trail Blazers,0022300170,2023-11-08,POR @ SAC,L
22023,SAS,San Antonio Spurs,0022300161,2023-11-08,SAS @ NYK,L
22023,WAS,Washington Wizards,0022300157,2023-11-08,WAS @ CHA,W
22023,HOU,Houston Rockets,0022300163,2023-11-08,HOU vs. LAL,W
22023,MIN,Minnesota Timberwolves,0022300166,2023-11-08,MIN vs. NOP,W
22023,ATL,Atlanta Hawks,0022300172,2023-11-09,ATL @ ORL,W
22023,MIL,Milwaukee Bucks,0022300171,2023-11-09,MIL @ IND,L
22023,ORL,Orlando Magic,0022300172,2023-11-09,ORL vs. ATL,L
22023,IND,Indiana Pacers,0022300171,2023-11-09,IND vs. MIL,W
22023,BOS,Boston Celtics,0022300010,2023-11-10,BOS vs. BKN,W
22023,NOP,New Orleans Pelicans,0022300011,2023-11-10,NOP @ HOU,L
22023,HOU,Houston Rockets,0022300011,2023-11-10,HOU vs. NOP,W
22023,MIN,Minnesota Timberwolves,0022300013,2023-11-10,MIN @ SAS,W
22023,PHI,Philadelphia 76ers,0022300008,2023-11-10,PHI @ DET,W
22023,PHX,Phoenix Suns,0022300015,2023-11-10,PHX vs. LAL,L
22023,SAS,San Antonio Spurs,0022300013,2023-11-10,SAS vs. MIN,L
22023,UTA,Utah Jazz,0022300012,2023-11-10,UTA @ MEM,W
22023,CHA,Charlotte Hornets,0022300009,2023-11-10,CHA @ WAS,W
22023,DAL,Dallas Mavericks,0022300014,2023-11-10,DAL vs. LAC,W
22023,LAC,LA Clippers,0022300014,2023-11-10,LAC @ DAL,L
22023,LAL,Los Angeles Lakers,0022300015,2023-11-10,LAL @ PHX,W
22023,BKN,Brooklyn Nets,0022300010,2023-11-10,BKN @ BOS,L
22023,SAC,Sacramento Kings,0022300016,2023-11-10,SAC vs. OKC,W
22023,OKC,Oklahoma City Thunder,0022300016,2023-11-10,OKC @ SAC,L
22023,MEM,Memphis Grizzlies,0022300012,2023-11-10,MEM vs. UTA,L
22023,WAS,Washington Wizards,0022300009,2023-11-10,WAS vs. CHA,L
22023,DET,Detroit Pistons,0022300008,2023-11-10,DET vs. PHI,L
22023,BOS,Boston Celtics,0022300174,2023-11-11,BOS vs. TOR,W
22023,CLE,Cleveland Cavaliers,0022300176,2023-11-11,CLE @ GSW,W
22023,GSW,Golden State Warriors,0022300176,2023-11-11,GSW vs. CLE,L
22023,TOR,Toronto Raptors,0022300174,2023-11-11,TOR @ BOS,L
22023,ATL,Atlanta Hawks,0022300175,2023-11-11,ATL vs. MIA,L
22023,MIA,Miami Heat,0022300175,2023-11-11,MIA @ ATL,W
22023,MIL,Milwaukee Bucks,0022300173,2023-11-11,MIL @ ORL,L
22023,ORL,Orlando Magic,0022300173,2023-11-11,ORL vs. MIL,W
22023,NOP,New Orleans Pelicans,0022300183,2023-11-12,NOP vs. DAL,L
22023,CHI,Chicago Bulls,0022300181,2023-11-12,CHI vs. DET,W
22023,HOU,Houston Rockets,0022300182,2023-11-12,HOU vs. DEN,W
22023,MIA,Miami Heat,0022300184,2023-11-12,MIA @ SAS,W
22023,MIN,Minnesota Timberwolves,0022300186,2023-11-12,MIN @ GSW,W
22023,BKN,Brooklyn Nets,0022300178,2023-11-12,BKN vs. WAS,W
22023,PHI,Philadelphia 76ers,0022300180,2023-11-12,PHI vs. IND,W
22023,OKC,Oklahoma City Thunder,0022300185,2023-11-12,OKC @ PHX,W
22023,DET,Detroit Pistons,0022300181,2023-11-12,DET @ CHI,L
22023,CHA,Charlotte Hornets,0022300177,2023-11-12,CHA @ NYK,L
22023,DAL,Dallas Mavericks,0022300183,2023-11-12,DAL @ NOP,W
22023,DEN,Denver Nuggets,0022300182,2023-11-12,DEN @ HOU,L
22023,GSW,Golden State Warriors,0022300186,2023-11-12,GSW vs. MIN,L
22023,LAC,LA Clippers,0022300179,2023-11-12,LAC vs. MEM,L
22023,LAL,Los Angeles Lakers,0022300187,2023-11-12,LAL vs. POR,W
22023,NYK,New York Knicks,0022300177,2023-11-12,NYK vs. CHA,W
22023,IND,Indiana Pacers,0022300180,2023-11-12,IND @ PHI,L
22023,PHX,Phoenix Suns,0022300185,2023-11-12,PHX vs. OKC,L
22023,POR,Portland Trail Blazers,0022300187,2023-11-12,POR @ LAL,L
22023,SAS,San Antonio Spurs,0022300184,2023-11-12,SAS vs. MIA,L
22023,MEM,Memphis Grizzlies,0022300179,2023-11-12,MEM @ LAC,W
22023,WAS,Washington Wizards,0022300178,2023-11-12,WAS @ BKN,L
22023,BOS,Boston Celtics,0022300188,2023-11-13,BOS vs. NYK,W
22023,CLE,Cleveland Cavaliers,0022300191,2023-11-13,CLE @ SAC,L
22023,CHI,Chicago Bulls,0022300190,2023-11-13,CHI @ MIL,L
22023,MIL,Milwaukee Bucks,0022300190,2023-11-13,MIL vs. CHI,W
22023,NYK,New York Knicks,0022300188,2023-11-13,NYK @ BOS,L
22023,TOR,Toronto Raptors,0022300189,2023-11-13,TOR vs. WAS,W
22023,WAS,Washington Wizards,0022300189,2023-11-13,WAS @ TOR,L
22023,SAC,Sacramento Kings,0022300191,2023-11-13,SAC vs. CLE,W
22023,ATL,Atlanta Hawks,0022300018,2023-11-14,ATL @ DET,W
22023,DAL,Dallas Mavericks,0022300022,2023-11-14,DAL @ NOP,L
22023,DEN,Denver Nuggets,0022300024,2023-11-14,DEN vs. LAC,W
22023,GSW,Golden State Warriors,0022300025,2023-11-14,GSW vs. MIN,L
22023,LAC,LA Clippers,0022300024,2023-11-14,LAC @ DEN,L
22023,LAL,Los Angeles Lakers,0022300026,2023-11-14,LAL vs. MEM,W
22023,MIN,Minnesota Timberwolves,0022300025,2023-11-14,MIN @ GSW,W
22023,BKN,Brooklyn Nets,0022300020,2023-11-14,BKN vs. ORL,W
22023,IND,Indiana Pacers,0022300019,2023-11-14,IND @ PHI,W
22023,PHI,Philadelphia 76ers,0022300019,2023-11-14,PHI vs. IND,L
22023,UTA,Utah Jazz,0022300023,2023-11-14,UTA vs. POR,W
22023,DET,Detroit Pistons,0022300018,2023-11-14,DET vs. ATL,L
22023,NOP,New Orleans Pelicans,0022300022,2023-11-14,NOP vs. DAL,W
22023,MIA,Miami Heat,0022300017,2023-11-14,MIA @ CHA,W
22023,ORL,Orlando Magic,0022300020,2023-11-14,ORL @ BKN,L
22023,SAS,San Antonio Spurs,0022300021,2023-11-14,SAS @ OKC,L
22023,OKC,Oklahoma City Thunder,0022300021,2023-11-14,OKC vs. SAS,W
22023,MEM,Memphis Grizzlies,0022300026,2023-11-14,MEM @ LAL,L
22023,CHA,Charlotte Hornets,0022300017,2023-11-14,CHA vs. MIA,L
22023,POR,Portland Trail Blazers,0022300023,2023-11-14,POR @ UTA,L
22023,ATL,Atlanta Hawks,0022300193,2023-11-15,ATL vs. NYK,L
22023,BOS,Boston Celtics,0022300194,2023-11-15,BOS @ PHI,W
22023,CLE,Cleveland Cavaliers,0022300199,2023-11-15,CLE @ POR,W
22023,CHI,Chicago Bulls,0022300196,2023-11-15,CHI vs. ORL,L
22023,DAL,Dallas Mavericks,0022300192,2023-11-15,DAL @ WAS,W
22023,LAL,Los Angeles Lakers,0022300198,2023-11-15,LAL vs. SAC,L
22023,NYK,New York Knicks,0022300193,2023-11-15,NYK @ ATL,W
22023,ORL,Orlando Magic,0022300196,2023-11-15,ORL @ CHI,W
22023,POR,Portland Trail Blazers,0022300199,2023-11-15,POR vs. CLE,L
22023,SAC,Sacramento Kings,0022300198,2023-11-15,SAC @ LAL,W
22023,TOR,Toronto Raptors,0022300195,2023-11-15,TOR vs. MIL,L
22023,MIL,Milwaukee Bucks,0022300195,2023-11-15,MIL @ TOR,W
22023,MIN,Minnesota Timberwolves,0022300197,2023-11-15,MIN @ PHX,L
22023,PHI,Philadelphia 76ers,0022300194,2023-11-15,PHI vs. BOS,L
22023,PHX,Phoenix Suns,0022300197,2023-11-15,PHX vs. MIN,W
22023,WAS,Washington Wizards,0022300192,2023-11-15,WAS vs. DAL,L
22023,MIA,Miami Heat,0022300200,2023-11-16,MIA vs. BKN,W
22023,BKN,Brooklyn Nets,0022300200,2023-11-16,BKN @ MIA,L
22023,OKC,Oklahoma City Thunder,0022300201,2023-11-16,OKC @ GSW,W
22023,GSW,Golden State Warriors,0022300201,2023-11-16,GSW vs. OKC,L
22023,BOS,Boston Celtics,0022300031,2023-11-17,BOS @ TOR,W
22023,CLE,Cleveland Cavaliers,0022300030,2023-11-17,CLE vs. DET,W
22023,CHI,Chicago Bulls,0022300033,2023-11-17,CHI vs. ORL,L
22023,HOU,Houston Rockets,0022300037,2023-11-17,HOU @ LAC,L
22023,MIL,Milwaukee Bucks,0022300027,2023-11-17,MIL @ CHA,W
22023,ORL,Orlando Magic,0022300033,2023-11-17,ORL @ CHI,W
22023,PHX,Phoenix Suns,0022300035,2023-11-17,PHX @ UTA,W
22023,POR,Portland Trail Blazers,0022300036,2023-11-17,POR vs. LAL,L
22023,TOR,Toronto Raptors,0022300031,2023-11-17,TOR vs. BOS,L
22023,DET,Detroit Pistons,0022300030,2023-11-17,DET @ CLE,L
22023,ATL,Atlanta Hawks,0022300029,2023-11-17,ATL vs. PHI,L
22023,NOP,New Orleans Pelicans,0022300034,2023-11-17,NOP vs. DEN,W
22023,DEN,Denver Nuggets,0022300034,2023-11-17,DEN @ NOP,L
22023,LAC,LA Clippers,0022300037,2023-11-17,LAC vs. HOU,W
22023,NYK,New York Knicks,0022300028,2023-11-17,NYK @ WAS,W
22023,PHI,Philadelphia 76ers,0022300029,2023-11-17,PHI @ ATL,W
22023,SAC,Sacramento Kings,0022300032,2023-11-17,SAC @ SAS,W
22023,SAS,San Antonio Spurs,0022300032,2023-11-17,SAS vs. SAC,L
22023,UTA,Utah Jazz,0022300035,2023-11-17,UTA vs. PHX,L
22023,WAS,Washington Wizards,0022300028,2023-11-17,WAS vs. NYK,L
22023,CHA,Charlotte Hornets,0022300027,2023-11-17,CHA vs. MIL,L
22023,LAL,Los Angeles Lakers,0022300036,2023-11-17,LAL @ POR,W
22023,CHI,Chicago Bulls,0022300204,2023-11-18,CHI vs. MIA,W
22023,DAL,Dallas Mavericks,0022300205,2023-11-18,DAL @ MIL,L
22023,GSW,Golden State Warriors,0022300207,2023-11-18,GSW vs. OKC,L
22023,MIN,Minnesota Timberwolves,0022300203,2023-11-18,MIN @ NOP,W
22023,NYK,New York Knicks,0022300202,2023-11-18,NYK @ CHA,W
22023,SAS,San Antonio Spurs,0022300206,2023-11-18,SAS vs. MEM,L
22023,MEM,Memphis Grizzlies,0022300206,2023-11-18,MEM @ SAS,W
22023,CHA,Charlotte Hornets,0022300202,2023-11-18,CHA vs. NYK,L
22023,NOP,New Orleans Pelicans,0022300203,2023-11-18,NOP vs. MIN,L
22023,MIA,Miami Heat,0022300204,2023-11-18,MIA @ CHI,L
22023,MIL,Milwaukee Bucks,0022300205,2023-11-18,MIL vs. DAL,W
22023,OKC,Oklahoma City Thunder,0022300207,2023-11-18,OKC @ GSW,W
22023,DAL,Dallas Mavericks,0022300212,2023-11-19,DAL vs. SAC,L
22023,HOU,Houston Rockets,0022300216,2023-11-19,HOU @ LAL,L
22023,BKN,Brooklyn Nets,0022300208,2023-11-19,BKN vs. PHI,L
22023,ORL,Orlando Magic,0022300209,2023-11-19,ORL @ IND,W
22023,PHX,Phoenix Suns,0022300214,2023-11-19,PHX @ UTA,W
22023,DET,Detroit Pistons,0022300211,2023-11-19,DET @ TOR,L
22023,BOS,Boston Celtics,0022300213,2023-11-19,BOS @ MEM,W
22023,CLE,Cleveland Cavaliers,0022300210,2023-11-19,CLE vs. DEN,W
22023,DEN,Denver Nuggets,0022300210,2023-11-19,DEN @ CLE,L
22023,LAL,Los Angeles Lakers,0022300216,2023-11-19,LAL vs. HOU,W
22023,IND,Indiana Pacers,0022300209,2023-11-19,IND vs. ORL,L
22023,PHI,Philadelphia 76ers,0022300208,2023-11-19,PHI @ BKN,W
22023,POR,Portland Trail Blazers,0022300215,2023-11-19,POR vs. OKC,L
22023,SAC,Sacramento Kings,0022300212,2023-11-19,SAC @ DAL,W
22023,OKC,Oklahoma City Thunder,0022300215,2023-11-19,OKC @ POR,W
22023,TOR,Toronto Raptors,0022300211,2023-11-19,TOR vs. DET,W
22023,UTA,Utah Jazz,0022300214,2023-11-19,UTA vs. PHX,L
22023,MEM,Memphis Grizzlies,0022300213,2023-11-19,MEM vs. BOS,L
22023,BOS,Boston Celtics,0022300217,2023-11-20,BOS @ CHA,L
22023,NOP,New Orleans Pelicans,0022300222,2023-11-20,NOP vs. SAC,W
22023,DEN,Denver Nuggets,0022300218,2023-11-20,DEN @ DET,W
22023,GSW,Golden State Warriors,0022300224,2023-11-20,GSW vs. HOU,W
22023,HOU,Houston Rockets,0022300224,2023-11-20,HOU @ GSW,L
22023,MIL,Milwaukee Bucks,0022300219,2023-11-20,MIL @ WAS,W
22023,NYK,New York Knicks,0022300221,2023-11-20,NYK @ MIN,L
22023,SAC,Sacramento Kings,0022300222,2023-11-20,SAC @ NOP,L
22023,SAS,San Antonio Spurs,0022300223,2023-11-20,SAS vs. LAC,L
22023,CHA,Charlotte Hornets,0022300217,2023-11-20,CHA vs. BOS,W
22023,CHI,Chicago Bulls,0022300220,2023-11-20,CHI vs. MIA,L
22023,MIA,Miami Heat,0022300220,2023-11-20,MIA @ CHI,W
22023,MIN,Minnesota Timberwolves,0022300221,2023-11-20,MIN vs. NYK,W
22023,WAS,Washington Wizards,0022300219,2023-11-20,WAS vs. MIL,L
22023,DET,Detroit Pistons,0022300218,2023-11-20,DET vs. DEN,L
22023,LAC,LA Clippers,0022300223,2023-11-20,LAC @ SAS,W
22023,ATL,Atlanta Hawks,0022300039,2023-11-21,ATL vs. IND,L
22023,ORL,Orlando Magic,0022300038,2023-11-21,ORL vs. TOR,W
22023,POR,Portland Trail Blazers,0022300041,2023-11-21,POR @ PHX,L
22023,TOR,Toronto Raptors,0022300038,2023-11-21,TOR @ ORL,L
22023,UTA,Utah Jazz,0022300042,2023-11-21,UTA @ LAL,L
22023,CLE,Cleveland Cavaliers,0022300040,2023-11-21,CLE @ PHI,W
22023,LAL,Los Angeles Lakers,0022300042,2023-11-21,LAL vs. UTA,W
22023,IND,Indiana Pacers,0022300039,2023-11-21,IND @ ATL,W
22023,PHI,Philadelphia 76ers,0022300040,2023-11-21,PHI vs. CLE,L
22023,PHX,Phoenix Suns,0022300041,2023-11-21,PHX vs. POR,W
22023,NOP,New Orleans Pelicans,0022300233,2023-11-22,NOP vs. SAC,W
22023,DAL,Dallas Mavericks,0022300238,2023-11-22,DAL @ LAL,W
22023,DEN,Denver Nuggets,0022300226,2023-11-22,DEN @ ORL,L
22023,LAC,LA Clippers,0022300235,2023-11-22,LAC @ SAS,W
22023,LAL,Los Angeles Lakers,0022300238,2023-11-22,LAL vs. DAL,L
22023,MIA,Miami Heat,0022300229,2023-11-22,MIA @ CLE,W
22023,MIN,Minnesota Timberwolves,0022300232,2023-11-22,MIN vs. PHI,W
22023,ORL,Orlando Magic,0022300226,2023-11-22,ORL vs. DEN,W
22023,IND,Indiana Pacers,0022300230,2023-11-22,IND vs. TOR,L
22023,PHX,Phoenix Suns,0022300236,2023-11-22,PHX vs. GSW,W
22023,POR,Portland Trail Blazers,0022300237,2023-11-22,POR vs. UTA,W
22023,OKC,Oklahoma City Thunder,0022300234,2023-11-22,OKC vs. CHI,W
22023,TOR,Toronto Raptors,0022300230,2023-11-22,TOR @ IND,W
22023,UTA,Utah Jazz,0022300237,2023-11-22,UTA @ POR,L
22023,WAS,Washington Wizards,0022300225,2023-11-22,WAS @ CHA,L
22023,ATL,Atlanta Hawks,0022300227,2023-11-22,ATL vs. BKN,W
22023,BOS,Boston Celtics,0022300228,2023-11-22,BOS vs. MIL,W
22023,CLE,Cleveland Cavaliers,0022300229,2023-11-22,CLE vs. MIA,L
22023,CHI,Chicago Bulls,0022300234,2023-11-22,CHI @ OKC,L
22023,GSW,Golden State Warriors,0022300236,2023-11-22,GSW @ PHX,L
22023,HOU,Houston Rockets,0022300231,2023-11-22,HOU vs. MEM,W
22023,BKN,Brooklyn Nets,0022300227,2023-11-22,BKN @ ATL,L
22023,PHI,Philadelphia 76ers,0022300232,2023-11-22,PHI @ MIN,L
22023,SAC,Sacramento Kings,0022300233,2023-11-22,SAC @ NOP,L
22023,SAS,San Antonio Spurs,0022300235,2023-11-22,SAS vs. LAC,L
22023,MEM,Memphis Grizzlies,0022300231,2023-11-22,MEM @ HOU,L
22023,CHA,Charlotte Hornets,0022300225,2023-11-22,CHA vs. WAS,W
22023,MIL,Milwaukee Bucks,0022300228,2023-11-22,MIL @ BOS,L
22023,BOS,Boston Celtics,0022300043,2023-11-24,BOS @ ORL,L
22023,DEN,Denver Nuggets,0022300048,2023-11-24,DEN @ HOU,L
22023,GSW,Golden State Warriors,0022300051,2023-11-24,GSW vs. SAS,W
22023,MIL,Milwaukee Bucks,0022300049,2023-11-24,MIL vs. WAS,W
22023,MIN,Minnesota Timberwolves,0022300050,2023-11-24,MIN vs. SAC,L
22023,ORL,Orlando Magic,0022300043,2023-11-24,ORL vs. BOS,W
22023,IND,Indiana Pacers,0022300047,2023-11-24,IND vs. DET,W
22023,TOR,Toronto Raptors,0022300046,2023-11-24,TOR vs. CHI,W
22023,NOP,New Orleans Pelicans,0022300052,2023-11-24,NOP @ LAC,W
22023,CHI,Chicago Bulls,0022300046,2023-11-24,CHI @ TOR,L
22023,HOU,Houston Rockets,0022300048,2023-11-24,HOU vs. DEN,W
22023,LAC,LA Clippers,0022300052,2023-11-24,LAC vs. NOP,L
22023,MIA,Miami Heat,0022300045,2023-11-24,MIA @ NYK,L
22023,NYK,New York Knicks,0022300045,2023-11-24,NYK vs. MIA,W
22023,PHX,Phoenix Suns,0022300044,2023-11-24,PHX @ MEM,W
22023,SAC,Sacramento Kings,0022300050,2023-11-24,SAC @ MIN,W
22023,SAS,San Antonio Spurs,0022300051,2023-11-24,SAS @ GSW,L
22023,MEM,Memphis Grizzlies,0022300044,2023-11-24,MEM vs. PHX,L
22023,DET,Detroit Pistons,0022300047,2023-11-24,DET @ IND,L
22023,WAS,Washington Wizards,0022300049,2023-11-24,WAS @ MIL,L
22023,CLE,Cleveland Cavaliers,0022300242,2023-11-25,CLE vs. LAL,L
22023,DAL,Dallas Mavericks,0022300244,2023-11-25,DAL @ LAC,L
22023,LAC,LA Clippers,0022300244,2023-11-25,LAC vs. DAL,W
22023,LAL,Los Angeles Lakers,0022300242,2023-11-25,LAL @ CLE,W
22023,BKN,Brooklyn Nets,0022300240,2023-11-25,BKN vs. MIA,W
22023,OKC,Oklahoma City Thunder,0022300239,2023-11-25,OKC vs. PHI,L
22023,WAS,Washington Wizards,0022300241,2023-11-25,WAS vs. ATL,L
22023,ATL,Atlanta Hawks,0022300241,2023-11-25,ATL @ WAS,W
22023,MIA,Miami Heat,0022300240,2023-11-25,MIA @ BKN,L
22023,PHI,Philadelphia 76ers,0022300239,2023-11-25,PHI @ OKC,W
22023,UTA,Utah Jazz,0022300243,2023-11-25,UTA vs. NOP,W
22023,NOP,New Orleans Pelicans,0022300243,2023-11-25,NOP @ UTA,L
22023,BOS,Boston Celtics,0022300246,2023-11-26,BOS vs. ATL,W
22023,DEN,Denver Nuggets,0022300252,2023-11-26,DEN vs. SAS,W
22023,MIL,Milwaukee Bucks,0022300245,2023-11-26,MIL vs. POR,W
22023,SAS,San Antonio Spurs,0022300252,2023-11-26,SAS @ DEN,L
22023,MEM,Memphis Grizzlies,0022300249,2023-11-26,MEM vs. MIN,L
22023,CHA,Charlotte Hornets,0022300248,2023-11-26,CHA @ ORL,L
22023,ATL,Atlanta Hawks,0022300246,2023-11-26,ATL @ BOS,L
22023,CLE,Cleveland Cavaliers,0022300251,2023-11-26,CLE vs. TOR,W
22023,MIN,Minnesota Timberwolves,0022300249,2023-11-26,MIN @ MEM,W
22023,BKN,Brooklyn Nets,0022300250,2023-11-26,BKN vs. CHI,W
22023,NYK,New York Knicks,0022300247,2023-11-26,NYK vs. PHX,L
22023,ORL,Orlando Magic,0022300248,2023-11-26,ORL vs. CHA,W
22023,PHX,Phoenix Suns,0022300247,2023-11-26,PHX @ NYK,W
22023,POR,Portland Trail Blazers,0022300245,2023-11-26,POR @ MIL,L
22023,TOR,Toronto Raptors,0022300251,2023-11-26,TOR @ CLE,L
22023,CHI,Chicago Bulls,0022300250,2023-11-26,CHI @ BKN,L
22023,NOP,New Orleans Pelicans,0022300256,2023-11-27,NOP @ UTA,L
22023,LAC,LA Clippers,0022300257,2023-11-27,LAC vs. DEN,L
22023,PHI,Philadelphia 76ers,0022300255,2023-11-27,PHI vs. LAL,W
22023,UTA,Utah Jazz,0022300256,2023-11-27,UTA vs. NOP,W
22023,WAS,Washington Wizards,0022300253,2023-11-27,WAS @ DET,W
22023,DET,Detroit Pistons,0022300253,2023-11-27,DET vs. WAS,L
22023,DEN,Denver Nuggets,0022300257,2023-11-27,DEN @ LAC,W
22023,LAL,Los Angeles Lakers,0022300255,2023-11-27,LAL @ PHI,L
22023,IND,Indiana Pacers,0022300254,2023-11-27,IND vs. POR,L
22023,POR,Portland Trail Blazers,0022300254,2023-11-27,POR @ IND,W
22023,ATL,Atlanta Hawks,0022300055,2023-11-28,ATL @ CLE,L
22023,BOS,Boston Celtics,0022300053,2023-11-28,BOS vs. CHI,W
22023,HOU,Houston Rockets,0022300059,2023-11-28,HOU @ DAL,L
22023,MIA,Miami Heat,0022300056,2023-11-28,MIA vs. MIL,L
22023,MIL,Milwaukee Bucks,0022300056,2023-11-28,MIL @ MIA,W
22023,SAC,Sacramento Kings,0022300060,2023-11-28,SAC vs. GSW,W
22023,OKC,Oklahoma City Thunder,0022300058,2023-11-28,OKC @ MIN,L
22023,TOR,Toronto Raptors,0022300054,2023-11-28,TOR @ BKN,L
22023,CLE,Cleveland Cavaliers,0022300055,2023-11-28,CLE vs. ATL,W
22023,CHI,Chicago Bulls,0022300053,2023-11-28,CHI @ BOS,L
22023,DAL,Dallas Mavericks,0022300059,2023-11-28,DAL vs. HOU,W
22023,MIN,Minnesota Timberwolves,0022300058,2023-11-28,MIN vs. OKC,W
22023,BKN,Brooklyn Nets,0022300054,2023-11-28,BKN vs. TOR,W
22023,CHA,Charlotte Hornets,0022300057,2023-11-28,CHA @ NYK,L
22023,GSW,Golden State Warriors,0022300060,2023-11-28,GSW @ SAC,L
22023,NYK,New York Knicks,0022300057,2023-11-28,NYK vs. CHA,W
22023,HOU,Houston Rockets,0022300263,2023-11-29,HOU @ DEN,L
22023,PHX,Phoenix Suns,0022300260,2023-11-29,PHX @ TOR,L
22023,SAC,Sacramento Kings,0022300264,2023-11-29,SAC vs. LAC,L
22023,MEM,Memphis Grizzlies,0022300261,2023-11-29,MEM vs. UTA,W
22023,NOP,New Orleans Pelicans,0022300262,2023-11-29,NOP vs. PHI,W
22023,DEN,Denver Nuggets,0022300263,2023-11-29,DEN vs. HOU,W
22023,LAC,LA Clippers,0022300264,2023-11-29,LAC @ SAC,W
22023,PHI,Philadelphia 76ers,0022300262,2023-11-29,PHI @ NOP,L
22023,TOR,Toronto Raptors,0022300260,2023-11-29,TOR vs. PHX,W
22023,WAS,Washington Wizards,0022300259,2023-11-29,WAS @ ORL,L
22023,DET,Detroit Pistons,0022300258,2023-11-29,DET vs. LAL,L
22023,LAL,Los Angeles Lakers,0022300258,2023-11-29,LAL @ DET,W
22023,ORL,Orlando Magic,0022300259,2023-11-29,ORL vs. WAS,W
22023,UTA,Utah Jazz,0022300261,2023-11-29,UTA @ MEM,L
22023,ATL,Atlanta Hawks,0022300272,2023-11-30,ATL @ SAS,W
22023,CLE,Cleveland Cavaliers,0022300265,2023-11-30,CLE vs. POR,L
22023,LAL,Los Angeles Lakers,0022300271,2023-11-30,LAL @ OKC,L
22023,MIL,Milwaukee Bucks,0022300269,2023-11-30,MIL @ CHI,L
22023,MIN,Minnesota Timberwolves,0022300270,2023-11-30,MIN vs. UTA,W
22023,IND,Indiana Pacers,0022300267,2023-11-30,IND @ MIA,L
22023,POR,Portland Trail Blazers,0022300265,2023-11-30,POR @ CLE,W
22023,SAS,San Antonio Spurs,0022300272,2023-11-30,SAS vs. ATL,L
22023,CHA,Charlotte Hornets,0022300266,2023-11-30,CHA @ BKN,W
22023,CHI,Chicago Bulls,0022300269,2023-11-30,CHI vs. MIL,W
22023,GSW,Golden State Warriors,0022300273,2023-11-30,GSW vs. LAC,W
22023,LAC,LA Clippers,0022300273,2023-11-30,LAC @ GSW,L
22023,MIA,Miami Heat,0022300267,2023-11-30,MIA vs. IND,W
22023,BKN,Brooklyn Nets,0022300266,2023-11-30,BKN vs. CHA,L
22023,NYK,New York Knicks,0022300268,2023-11-30,NYK vs. DET,W
22023,OKC,Oklahoma City Thunder,0022300271,2023-11-30,OKC vs. LAL,W
22023,UTA,Utah Jazz,0022300270,2023-11-30,UTA @ MIN,L
22023,DET,Detroit Pistons,0022300268,2023-11-30,DET @ NYK,L
22023,BOS,Boston Celtics,0022300275,2023-12-01,BOS vs. PHI,W
22023,NOP,New Orleans Pelicans,0022300278,2023-12-01,NOP vs. SAS,W
22023,DAL,Dallas Mavericks,0022300277,2023-12-01,DAL vs. MEM,L
22023,DEN,Denver Nuggets,0022300279,2023-12-01,DEN @ PHX,W
22023,NYK,New York Knicks,0022300276,2023-12-01,NYK @ TOR,W
22023,ORL,Orlando Magic,0022300274,2023-12-01,ORL vs. WAS,W
22023,PHI,Philadelphia 76ers,0022300275,2023-12-01,PHI @ BOS,L
22023,PHX,Phoenix Suns,0022300279,2023-12-01,PHX vs. DEN,L
22023,TOR,Toronto Raptors,0022300276,2023-12-01,TOR vs. NYK,L
22023,MEM,Memphis Grizzlies,0022300277,2023-12-01,MEM @ DAL,W
22023,SAS,San Antonio Spurs,0022300278,2023-12-01,SAS @ NOP,L
22023,WAS,Washington Wizards,0022300274,2023-12-01,WAS @ ORL,L
22023,ATL,Atlanta Hawks,0022300286,2023-12-02,ATL @ MIL,L
22023,CHI,Chicago Bulls,0022300285,2023-12-02,CHI vs. NOP,W
22023,GSW,Golden State Warriors,0022300280,2023-12-02,GSW @ LAC,L
22023,HOU,Houston Rockets,0022300291,2023-12-02,HOU @ LAL,L
22023,LAC,LA Clippers,0022300280,2023-12-02,LAC vs. GSW,W
22023,LAL,Los Angeles Lakers,0022300291,2023-12-02,LAL vs. HOU,W
22023,MIA,Miami Heat,0022300284,2023-12-02,MIA vs. IND,L
22023,ORL,Orlando Magic,0022300282,2023-12-02,ORL @ BKN,L
22023,SAC,Sacramento Kings,0022300290,2023-12-02,SAC vs. DEN,W
22023,MEM,Memphis Grizzlies,0022300288,2023-12-02,MEM @ PHX,L
22023,CHA,Charlotte Hornets,0022300281,2023-12-02,CHA vs. MIN,L
22023,DEN,Denver Nuggets,0022300290,2023-12-02,DEN @ SAC,L
22023,MIL,Milwaukee Bucks,0022300286,2023-12-02,MIL vs. ATL,W
22023,MIN,Minnesota Timberwolves,0022300281,2023-12-02,MIN @ CHA,W
22023,BKN,Brooklyn Nets,0022300282,2023-12-02,BKN vs. ORL,W
22023,IND,Indiana Pacers,0022300284,2023-12-02,IND @ MIA,W
22023,PHX,Phoenix Suns,0022300288,2023-12-02,PHX vs. MEM,W
22023,POR,Portland Trail Blazers,0022300289,2023-12-02,POR @ UTA,L
22023,OKC,Oklahoma City Thunder,0022300287,2023-12-02,OKC @ DAL,W
22023,UTA,Utah Jazz,0022300289,2023-12-02,UTA vs. POR,W
22023,DET,Detroit Pistons,0022300283,2023-12-02,DET vs. CLE,L
22023,CLE,Cleveland Cavaliers,0022300283,2023-12-02,CLE @ DET,W
22023,NOP,New Orleans Pelicans,0022300285,2023-12-02,NOP @ CHI,L
22023,DAL,Dallas Mavericks,0022300287,2023-12-02,DAL vs. OKC,L
22023,NOP,New Orleans Pelicans,0022301204,2023-12-04,NOP @ SAC,W
22023,IND,Indiana Pacers,0022301202,2023-12-04,IND vs. BOS,W
22023,SAC,Sacramento Kings,0022301204,2023-12-04,SAC vs. NOP,L
22023,BOS,Boston Celtics,0022301202,2023-12-04,BOS @ IND,L
22023,MIL,Milwaukee Bucks,0022301201,2023-12-05,MIL vs. NYK,W
22023,LAL,Los Angeles Lakers,0022301203,2023-12-05,LAL vs. PHX,W
22023,NYK,New York Knicks,0022301201,2023-12-05,NYK @ MIL,L
22023,PHX,Phoenix Suns,0022301203,2023-12-05,PHX @ LAL,L
22023,CLE,Cleveland Cavaliers,0022301205,2023-12-06,CLE vs. ORL,W
22023,GSW,Golden State Warriors,0022301214,2023-12-06,GSW vs. POR,W
22023,MIA,Miami Heat,0022301207,2023-12-06,MIA @ TOR,W
22023,MIN,Minnesota Timberwolves,0022301210,2023-12-06,MIN vs. SAS,W
22023,OKC,Oklahoma City Thunder,0022301212,2023-12-06,OKC @ HOU,L
22023,TOR,Toronto Raptors,0022301207,2023-12-06,TOR vs. MIA,L
22023,DET,Detroit Pistons,0022301206,2023-12-06,DET vs. MEM,L
22023,ATL,Atlanta Hawks,0022301209,2023-12-06,ATL vs. BKN,L
22023,DAL,Dallas Mavericks,0022301213,2023-12-06,DAL vs. UTA,W
22023,DEN,Denver Nuggets,0022301215,2023-12-06,DEN @ LAC,L
22023,LAC,LA Clippers,0022301215,2023-12-06,LAC vs. DEN,W
22023,BKN,Brooklyn Nets,0022301209,2023-12-06,BKN @ ATL,W
22023,ORL,Orlando Magic,0022301205,2023-12-06,ORL @ CLE,L
22023,PHI,Philadelphia 76ers,0022301208,2023-12-06,PHI @ WAS,W
22023,POR,Portland Trail Blazers,0022301214,2023-12-06,POR @ GSW,L
22023,SAS,San Antonio Spurs,0022301210,2023-12-06,SAS @ MIN,L
22023,MEM,Memphis Grizzlies,0022301206,2023-12-06,MEM @ DET,W
22023,WAS,Washington Wizards,0022301208,2023-12-06,WAS vs. PHI,L
22023,CHA,Charlotte Hornets,0022301211,2023-12-06,CHA @ CHI,L
22023,CHI,Chicago Bulls,0022301211,2023-12-06,CHI vs. CHA,W
22023,HOU,Houston Rockets,0022301212,2023-12-06,HOU vs. OKC,W
22023,UTA,Utah Jazz,0022301213,2023-12-06,UTA @ DAL,L
22023,NOP,New Orleans Pelicans,0022301230,2023-12-07,NOP @ LAL,L
22023,MIL,Milwaukee Bucks,0022301229,2023-12-07,MIL vs. IND,L
22023,LAL,Los Angeles Lakers,0022301230,2023-12-07,LAL vs. NOP,W
22023,IND,Indiana Pacers,0022301229,2023-12-07,IND @ MIL,W
22023,ATL,Atlanta Hawks,0022301218,2023-12-08,ATL @ PHI,L
22023,BOS,Boston Celtics,0022301227,2023-12-08,BOS vs. NYK,W
22023,DAL,Dallas Mavericks,0022301226,2023-12-08,DAL @ POR,W
22023,DEN,Denver Nuggets,0022301224,2023-12-08,DEN vs. HOU,L
22023,GSW,Golden State Warriors,0022301222,2023-12-08,GSW @ OKC,L
22023,LAC,LA Clippers,0022301225,2023-12-08,LAC @ UTA,W
22023,MIA,Miami Heat,0022301220,2023-12-08,MIA vs. CLE,L
22023,NYK,New York Knicks,0022301227,2023-12-08,NYK @ BOS,L
22023,PHI,Philadelphia 76ers,0022301218,2023-12-08,PHI vs. ATL,W
22023,PHX,Phoenix Suns,0022301228,2023-12-08,PHX vs. SAC,L
22023,POR,Portland Trail Blazers,0022301226,2023-12-08,POR vs. DAL,L
22023,SAC,Sacramento Kings,0022301228,2023-12-08,SAC @ PHX,W
22023,SAS,San Antonio Spurs,0022301223,2023-12-08,SAS vs. CHI,L
22023,TOR,Toronto Raptors,0022301216,2023-12-08,TOR @ CHA,L
22023,UTA,Utah Jazz,0022301225,2023-12-08,UTA vs. LAC,L
22023,MEM,Memphis Grizzlies,0022301221,2023-12-08,MEM vs. MIN,L
22023,CLE,Cleveland Cavaliers,0022301220,2023-12-08,CLE @ MIA,W
22023,CHI,Chicago Bulls,0022301223,2023-12-08,CHI @ SAS,W
22023,HOU,Houston Rockets,0022301224,2023-12-08,HOU @ DEN,W
22023,MIN,Minnesota Timberwolves,0022301221,2023-12-08,MIN @ MEM,W
22023,BKN,Brooklyn Nets,0022301219,2023-12-08,BKN vs. WAS,W
22023,ORL,Orlando Magic,0022301217,2023-12-08,ORL vs. DET,W
22023,OKC,Oklahoma City Thunder,0022301222,2023-12-08,OKC vs. GSW,W
22023,WAS,Washington Wizards,0022301219,2023-12-08,WAS @ BKN,L
22023,DET,Detroit Pistons,0022301217,2023-12-08,DET @ ORL,L
22023,CHA,Charlotte Hornets,0022301216,2023-12-08,CHA vs. TOR,W
22023,ATL,Atlanta Hawks,0022300296,2023-12-11,ATL vs. DEN,L
22023,NOP,New Orleans Pelicans,0022300301,2023-12-11,NOP vs. MIN,W
22023,CHI,Chicago Bulls,0022300300,2023-12-11,CHI @ MIL,L
22023,DEN,Denver Nuggets,0022300296,2023-12-11,DEN @ ATL,W
22023,HOU,Houston Rockets,0022300298,2023-12-11,HOU vs. SAS,W
22023,MIA,Miami Heat,0022300292,2023-12-11,MIA @ CHA,W
22023,MIL,Milwaukee Bucks,0022300300,2023-12-11,MIL vs. CHI,W
22023,POR,Portland Trail Blazers,0022300304,2023-12-11,POR @ LAC,L
22023,SAC,Sacramento Kings,0022300303,2023-12-11,SAC vs. BKN,W
22023,TOR,Toronto Raptors,0022300297,2023-12-11,TOR @ NYK,L
22023,CHA,Charlotte Hornets,0022300292,2023-12-11,CHA vs. MIA,L
22023,CLE,Cleveland Cavaliers,0022300294,2023-12-11,CLE @ ORL,L
22023,DAL,Dallas Mavericks,0022300299,2023-12-11,DAL @ MEM,W
22023,LAC,LA Clippers,0022300304,2023-12-11,LAC vs. POR,W
22023,MIN,Minnesota Timberwolves,0022300301,2023-12-11,MIN @ NOP,L
22023,BKN,Brooklyn Nets,0022300303,2023-12-11,BKN @ SAC,L
22023,NYK,New York Knicks,0022300297,2023-12-11,NYK vs. TOR,W
22023,ORL,Orlando Magic,0022300294,2023-12-11,ORL vs. CLE,W
22023,IND,Indiana Pacers,0022300293,2023-12-11,IND @ DET,W
22023,PHI,Philadelphia 76ers,0022300295,2023-12-11,PHI vs. WAS,W
22023,SAS,San Antonio Spurs,0022300298,2023-12-11,SAS @ HOU,L
22023,OKC,Oklahoma City Thunder,0022300302,2023-12-11,OKC vs. UTA,W
22023,UTA,Utah Jazz,0022300302,2023-12-11,UTA @ OKC,L
22023,MEM,Memphis Grizzlies,0022300299,2023-12-11,MEM vs. DAL,L
22023,WAS,Washington Wizards,0022300295,2023-12-11,WAS @ PHI,L
22023,DET,Detroit Pistons,0022300293,2023-12-11,DET vs. IND,L
22023,BOS,Boston Celtics,0022300305,2023-12-12,BOS vs. CLE,W
22023,LAC,LA Clippers,0022300309,2023-12-12,LAC vs. SAC,W
22023,PHX,Phoenix Suns,0022300308,2023-12-12,PHX vs. GSW,W
22023,CLE,Cleveland Cavaliers,0022300305,2023-12-12,CLE @ BOS,L
22023,DAL,Dallas Mavericks,0022300306,2023-12-12,DAL vs. LAL,W
22023,DEN,Denver Nuggets,0022300307,2023-12-12,DEN @ CHI,W
22023,GSW,Golden State Warriors,0022300308,2023-12-12,GSW @ PHX,L
22023,LAL,Los Angeles Lakers,0022300306,2023-12-12,LAL @ DAL,L
22023,CHI,Chicago Bulls,0022300307,2023-12-12,CHI vs. DEN,L
22023,SAC,Sacramento Kings,0022300309,2023-12-12,SAC @ LAC,L
22023,NOP,New Orleans Pelicans,0022300311,2023-12-13,NOP @ WAS,W
22023,LAL,Los Angeles Lakers,0022300316,2023-12-13,LAL @ SAS,W
22023,MIA,Miami Heat,0022300312,2023-12-13,MIA vs. CHA,W
22023,MIL,Milwaukee Bucks,0022300315,2023-12-13,MIL vs. IND,W
22023,BKN,Brooklyn Nets,0022300317,2023-12-13,BKN @ PHX,W
22023,NYK,New York Knicks,0022300318,2023-12-13,NYK @ UTA,L
22023,IND,Indiana Pacers,0022300315,2023-12-13,IND @ MIL,L
22023,PHI,Philadelphia 76ers,0022300310,2023-12-13,PHI @ DET,W
22023,SAS,San Antonio Spurs,0022300316,2023-12-13,SAS vs. LAL,L
22023,UTA,Utah Jazz,0022300318,2023-12-13,UTA vs. NYK,W
22023,WAS,Washington Wizards,0022300311,2023-12-13,WAS vs. NOP,L
22023,DET,Detroit Pistons,0022300310,2023-12-13,DET vs. PHI,L
22023,ATL,Atlanta Hawks,0022300313,2023-12-13,ATL @ TOR,L
22023,HOU,Houston Rockets,0022300314,2023-12-13,HOU vs. MEM,W
22023,PHX,Phoenix Suns,0022300317,2023-12-13,PHX vs. BKN,L
22023,MEM,Memphis Grizzlies,0022300314,2023-12-13,MEM @ HOU,L
22023,CHA,Charlotte Hornets,0022300312,2023-12-13,CHA @ MIA,L
22023,TOR,Toronto Raptors,0022300313,2023-12-13,TOR vs. ATL,W
22023,CLE,Cleveland Cavaliers,0022300319,2023-12-14,CLE @ BOS,L
22023,CHI,Chicago Bulls,0022300320,2023-12-14,CHI @ MIA,W
22023,DEN,Denver Nuggets,0022300322,2023-12-14,DEN vs. BKN,W
22023,GSW,Golden State Warriors,0022300325,2023-12-14,GSW @ LAC,L
22023,MIA,Miami Heat,0022300320,2023-12-14,MIA vs. CHI,L
22023,MIN,Minnesota Timberwolves,0022300321,2023-12-14,MIN @ DAL,W
22023,POR,Portland Trail Blazers,0022300323,2023-12-14,POR vs. UTA,L
22023,SAC,Sacramento Kings,0022300324,2023-12-14,SAC vs. OKC,W
22023,BOS,Boston Celtics,0022300319,2023-12-14,BOS vs. CLE,W
22023,DAL,Dallas Mavericks,0022300321,2023-12-14,DAL vs. MIN,L
22023,LAC,LA Clippers,0022300325,2023-12-14,LAC vs. GSW,W
22023,BKN,Brooklyn Nets,0022300322,2023-12-14,BKN @ DEN,L
22023,OKC,Oklahoma City Thunder,0022300324,2023-12-14,OKC @ SAC,L
22023,UTA,Utah Jazz,0022300323,2023-12-14,UTA @ POR,W
22023,BOS,Boston Celtics,0022300329,2023-12-15,BOS vs. ORL,W
22023,NOP,New Orleans Pelicans,0022300326,2023-12-15,NOP @ CHA,W
22023,LAL,Los Angeles Lakers,0022300331,2023-12-15,LAL @ SAS,L
22023,ORL,Orlando Magic,0022300329,2023-12-15,ORL @ BOS,L
22023,IND,Indiana Pacers,0022300328,2023-12-15,IND @ WAS,L
22023,PHI,Philadelphia 76ers,0022300327,2023-12-15,PHI vs. DET,W
22023,SAS,San Antonio Spurs,0022300331,2023-12-15,SAS vs. LAL,W
22023,TOR,Toronto Raptors,0022300330,2023-12-15,TOR vs. ATL,L
22023,DET,Detroit Pistons,0022300327,2023-12-15,DET @ PHI,L
22023,ATL,Atlanta Hawks,0022300330,2023-12-15,ATL @ TOR,W
22023,HOU,Houston Rockets,0022300332,2023-12-15,HOU @ MEM,W
22023,NYK,New York Knicks,0022300333,2023-12-15,NYK @ PHX,W
22023,PHX,Phoenix Suns,0022300333,2023-12-15,PHX vs. NYK,L
22023,MEM,Memphis Grizzlies,0022300332,2023-12-15,MEM vs. HOU,L
22023,WAS,Washington Wizards,0022300328,2023-12-15,WAS vs. IND,W
22023,CHA,Charlotte Hornets,0022300326,2023-12-15,CHA vs. NOP,L
22023,DAL,Dallas Mavericks,0022300341,2023-12-16,DAL @ POR,W
22023,DEN,Denver Nuggets,0022300340,2023-12-16,DEN vs. OKC,L
22023,GSW,Golden State Warriors,0022300339,2023-12-16,GSW vs. BKN,W
22023,LAC,LA Clippers,0022300343,2023-12-16,LAC vs. NYK,W
22023,MIN,Minnesota Timberwolves,0022300338,2023-12-16,MIN vs. IND,W
22023,BKN,Brooklyn Nets,0022300339,2023-12-16,BKN @ GSW,L
22023,NYK,New York Knicks,0022300343,2023-12-16,NYK @ LAC,L
22023,UTA,Utah Jazz,0022300342,2023-12-16,UTA @ SAC,L
22023,DET,Detroit Pistons,0022300334,2023-12-16,DET @ MIL,L
22023,ATL,Atlanta Hawks,0022300336,2023-12-16,ATL @ CLE,L
22023,CLE,Cleveland Cavaliers,0022300336,2023-12-16,CLE vs. ATL,W
22023,CHI,Chicago Bulls,0022300337,2023-12-16,CHI @ MIA,L
22023,MIA,Miami Heat,0022300337,2023-12-16,MIA vs. CHI,W
22023,MIL,Milwaukee Bucks,0022300334,2023-12-16,MIL vs. DET,W
22023,IND,Indiana Pacers,0022300338,2023-12-16,IND @ MIN,L
22023,PHI,Philadelphia 76ers,0022300335,2023-12-16,PHI @ CHA,W
22023,POR,Portland Trail Blazers,0022300341,2023-12-16,POR vs. DAL,L
22023,SAC,Sacramento Kings,0022300342,2023-12-16,SAC vs. UTA,W
22023,CHA,Charlotte Hornets,0022300335,2023-12-16,CHA vs. PHI,L
22023,OKC,Oklahoma City Thunder,0022300340,2023-12-16,OKC @ DEN,W
22023,BOS,Boston Celtics,0022300344,2023-12-17,BOS vs. ORL,W
22023,NOP,New Orleans Pelicans,0022300345,2023-12-17,NOP @ SAS,W
22023,GSW,Golden State Warriors,0022300348,2023-12-17,GSW @ POR,W
22023,HOU,Houston Rockets,0022300346,2023-12-17,HOU @ MIL,L
22023,ORL,Orlando Magic,0022300344,2023-12-17,ORL @ BOS,L
22023,WAS,Washington Wizards,0022300347,2023-12-17,WAS @ PHX,L
22023,POR,Portland Trail Blazers,0022300348,2023-12-17,POR vs. GSW,L
22023,SAS,San Antonio Spurs,0022300345,2023-12-17,SAS vs. NOP,L
22023,MIL,Milwaukee Bucks,0022300346,2023-12-17,MIL vs. HOU,W
22023,PHX,Phoenix Suns,0022300347,2023-12-17,PHX vs. WAS,W
22023,ATL,Atlanta Hawks,0022300352,2023-12-18,ATL vs. DET,W
22023,CHI,Chicago Bulls,0022300351,2023-12-18,CHI @ PHI,W
22023,HOU,Houston Rockets,0022300349,2023-12-18,HOU @ CLE,L
22023,MIN,Minnesota Timberwolves,0022300353,2023-12-18,MIN @ MIA,W
22023,BKN,Brooklyn Nets,0022300357,2023-12-18,BKN @ UTA,L
22023,PHI,Philadelphia 76ers,0022300351,2023-12-18,PHI vs. CHI,L
22023,TOR,Toronto Raptors,0022300354,2023-12-18,TOR vs. CHA,W
22023,WAS,Washington Wizards,0022300358,2023-12-18,WAS @ SAC,L
22023,DET,Detroit Pistons,0022300352,2023-12-18,DET @ ATL,L
22023,CHA,Charlotte Hornets,0022300354,2023-12-18,CHA @ TOR,L
22023,CLE,Cleveland Cavaliers,0022300349,2023-12-18,CLE vs. HOU,W
22023,DAL,Dallas Mavericks,0022300356,2023-12-18,DAL @ DEN,L
22023,DEN,Denver Nuggets,0022300356,2023-12-18,DEN vs. DAL,W
22023,LAC,LA Clippers,0022300350,2023-12-18,LAC @ IND,W
22023,LAL,Los Angeles Lakers,0022300359,2023-12-18,LAL vs. NYK,L
22023,MIA,Miami Heat,0022300353,2023-12-18,MIA vs. MIN,L
22023,NYK,New York Knicks,0022300359,2023-12-18,NYK @ LAL,W
22023,IND,Indiana Pacers,0022300350,2023-12-18,IND vs. LAC,L
22023,SAC,Sacramento Kings,0022300358,2023-12-18,SAC vs. WAS,W
22023,OKC,Oklahoma City Thunder,0022300355,2023-12-18,OKC vs. MEM,W
22023,UTA,Utah Jazz,0022300357,2023-12-18,UTA vs. BKN,W
22023,MEM,Memphis Grizzlies,0022300355,2023-12-18,MEM @ OKC,L
22023,GSW,Golden State Warriors,0022300362,2023-12-19,GSW vs. BOS,W
22023,PHX,Phoenix Suns,0022300363,2023-12-19,PHX @ POR,L
22023,POR,Portland Trail Blazers,0022300363,2023-12-19,POR vs. PHX,W
22023,MEM,Memphis Grizzlies,0022300360,2023-12-19,MEM @ NOP,W
22023,BOS,Boston Celtics,0022300362,2023-12-19,BOS @ GSW,L
22023,NOP,New Orleans Pelicans,0022300360,2023-12-19,NOP vs. MEM,L
22023,MIL,Milwaukee Bucks,0022300361,2023-12-19,MIL vs. SAS,W
22023,SAS,San Antonio Spurs,0022300361,2023-12-19,SAS @ MIL,L
22023,CLE,Cleveland Cavaliers,0022300364,2023-12-20,CLE vs. UTA,W
22023,CHI,Chicago Bulls,0022300370,2023-12-20,CHI vs. LAL,W
22023,DEN,Denver Nuggets,0022300369,2023-12-20,DEN @ TOR,W
22023,HOU,Houston Rockets,0022300371,2023-12-20,HOU vs. ATL,L
22023,LAC,LA Clippers,0022300372,2023-12-20,LAC @ DAL,W
22023,LAL,Los Angeles Lakers,0022300370,2023-12-20,LAL @ CHI,L
22023,MIN,Minnesota Timberwolves,0022300367,2023-12-20,MIN @ PHI,L
22023,BKN,Brooklyn Nets,0022300368,2023-12-20,BKN vs. NYK,L
22023,IND,Indiana Pacers,0022300365,2023-12-20,IND vs. CHA,W
22023,ATL,Atlanta Hawks,0022300371,2023-12-20,ATL @ HOU,W
22023,BOS,Boston Celtics,0022300373,2023-12-20,BOS @ SAC,W
22023,DAL,Dallas Mavericks,0022300372,2023-12-20,DAL vs. LAC,L
22023,MIA,Miami Heat,0022300366,2023-12-20,MIA @ ORL,W
22023,NYK,New York Knicks,0022300368,2023-12-20,NYK @ BKN,W
22023,ORL,Orlando Magic,0022300366,2023-12-20,ORL vs. MIA,L
22023,PHI,Philadelphia 76ers,0022300367,2023-12-20,PHI vs. MIN,W
22023,SAC,Sacramento Kings,0022300373,2023-12-20,SAC vs. BOS,L
22023,TOR,Toronto Raptors,0022300369,2023-12-20,TOR vs. DEN,L
22023,UTA,Utah Jazz,0022300364,2023-12-20,UTA @ CLE,L
22023,CHA,Charlotte Hornets,0022300365,2023-12-20,CHA @ IND,L
22023,CHI,Chicago Bulls,0022300376,2023-12-21,CHI vs. SAS,W
22023,LAL,Los Angeles Lakers,0022300380,2023-12-21,LAL @ MIN,L
22023,MIL,Milwaukee Bucks,0022300378,2023-12-21,MIL vs. ORL,W
22023,IND,Indiana Pacers,0022300377,2023-12-21,IND @ MEM,L
22023,POR,Portland Trail Blazers,0022300381,2023-12-21,POR vs. WAS,L
22023,SAS,San Antonio Spurs,0022300376,2023-12-21,SAS @ CHI,L
22023,OKC,Oklahoma City Thunder,0022300379,2023-12-21,OKC vs. LAC,W
22023,UTA,Utah Jazz,0022300374,2023-12-21,UTA @ DET,W
22023,WAS,Washington Wizards,0022300381,2023-12-21,WAS @ POR,W
22023,DET,Detroit Pistons,0022300374,2023-12-21,DET vs. UTA,L
22023,CLE,Cleveland Cavaliers,0022300375,2023-12-21,CLE vs. NOP,L
22023,NOP,New Orleans Pelicans,0022300375,2023-12-21,NOP @ CLE,W
22023,LAC,LA Clippers,0022300379,2023-12-21,LAC @ OKC,L
22023,MIN,Minnesota Timberwolves,0022300380,2023-12-21,MIN vs. LAL,W
22023,ORL,Orlando Magic,0022300378,2023-12-21,ORL @ MIL,L
22023,MEM,Memphis Grizzlies,0022300377,2023-12-21,MEM vs. IND,W
22023,DEN,Denver Nuggets,0022300383,2023-12-22,DEN @ BKN,W
22023,GSW,Golden State Warriors,0022300386,2023-12-22,GSW vs. WAS,W
22023,HOU,Houston Rockets,0022300385,2023-12-22,HOU vs. DAL,W
22023,PHX,Phoenix Suns,0022300387,2023-12-22,PHX @ SAC,L
22023,TOR,Toronto Raptors,0022300382,2023-12-22,TOR @ PHI,L
22023,ATL,Atlanta Hawks,0022300384,2023-12-22,ATL @ MIA,L
22023,DAL,Dallas Mavericks,0022300385,2023-12-22,DAL @ HOU,L
22023,MIA,Miami Heat,0022300384,2023-12-22,MIA vs. ATL,W
22023,BKN,Brooklyn Nets,0022300383,2023-12-22,BKN vs. DEN,L
22023,PHI,Philadelphia 76ers,0022300382,2023-12-22,PHI vs. TOR,W
22023,SAC,Sacramento Kings,0022300387,2023-12-22,SAC vs. PHX,W
22023,WAS,Washington Wizards,0022300386,2023-12-22,WAS @ GSW,L
22023,CHI,Chicago Bulls,0022300396,2023-12-23,CHI vs. CLE,L
22023,DAL,Dallas Mavericks,0022300398,2023-12-23,DAL vs. SAS,W
22023,LAL,Los Angeles Lakers,0022300397,2023-12-23,LAL @ OKC,W
22023,MIL,Milwaukee Bucks,0022300388,2023-12-23,MIL @ NYK,W
22023,BKN,Brooklyn Nets,0022300394,2023-12-23,BKN vs. DET,W
22023,NYK,New York Knicks,0022300388,2023-12-23,NYK vs. MIL,L
22023,ORL,Orlando Magic,0022300391,2023-12-23,ORL @ IND,W
22023,SAS,San Antonio Spurs,0022300398,2023-12-23,SAS @ DAL,L
22023,OKC,Oklahoma City Thunder,0022300397,2023-12-23,OKC vs. LAL,L
22023,TOR,Toronto Raptors,0022300395,2023-12-23,TOR vs. UTA,L
22023,UTA,Utah Jazz,0022300395,2023-12-23,UTA @ TOR,W
22023,DET,Detroit Pistons,0022300394,2023-12-23,DET @ BKN,L
22023,ATL,Atlanta Hawks,0022300393,2023-12-23,ATL vs. MEM,L
22023,BOS,Boston Celtics,0022300389,2023-12-23,BOS @ LAC,W
22023,CLE,Cleveland Cavaliers,0022300396,2023-12-23,CLE @ CHI,W
22023,NOP,New Orleans Pelicans,0022300392,2023-12-23,NOP vs. HOU,L
22023,DEN,Denver Nuggets,0022300390,2023-12-23,DEN @ CHA,W
22023,GSW,Golden State Warriors,0022300399,2023-12-23,GSW vs. POR,W
22023,HOU,Houston Rockets,0022300392,2023-12-23,HOU @ NOP,W
22023,LAC,LA Clippers,0022300389,2023-12-23,LAC vs. BOS,L
22023,MIN,Minnesota Timberwolves,0022300400,2023-12-23,MIN @ SAC,W
22023,IND,Indiana Pacers,0022300391,2023-12-23,IND vs. ORL,L
22023,POR,Portland Trail Blazers,0022300399,2023-12-23,POR @ GSW,L
22023,SAC,Sacramento Kings,0022300400,2023-12-23,SAC vs. MIN,L
22023,MEM,Memphis Grizzlies,0022300393,2023-12-23,MEM @ ATL,W
22023,CHA,Charlotte Hornets,0022300390,2023-12-23,CHA vs. DEN,L
22023,DAL,Dallas Mavericks,0022300405,2023-12-25,DAL @ PHX,W
22023,DEN,Denver Nuggets,0022300402,2023-12-25,DEN vs. GSW,W
22023,GSW,Golden State Warriors,0022300402,2023-12-25,GSW @ DEN,L
22023,LAL,Los Angeles Lakers,0022300403,2023-12-25,LAL vs. BOS,L
22023,MIL,Milwaukee Bucks,0022300401,2023-12-25,MIL @ NYK,L
22023,PHI,Philadelphia 76ers,0022300404,2023-12-25,PHI @ MIA,L
22023,MIA,Miami Heat,0022300404,2023-12-25,MIA vs. PHI,W
22023,NYK,New York Knicks,0022300401,2023-12-25,NYK vs. MIL,W
22023,BOS,Boston Celtics,0022300403,2023-12-25,BOS @ LAL,W
22023,PHX,Phoenix Suns,0022300405,2023-12-25,PHX vs. DAL,L
22023,ATL,Atlanta Hawks,0022300408,2023-12-26,ATL @ CHI,L
22023,CHI,Chicago Bulls,0022300408,2023-12-26,CHI vs. ATL,W
22023,HOU,Houston Rockets,0022300409,2023-12-26,HOU vs. IND,L
22023,MIN,Minnesota Timberwolves,0022300411,2023-12-26,MIN @ OKC,L
22023,POR,Portland Trail Blazers,0022300413,2023-12-26,POR vs. SAC,W
22023,SAS,San Antonio Spurs,0022300412,2023-12-26,SAS vs. UTA,L
22023,OKC,Oklahoma City Thunder,0022300411,2023-12-26,OKC vs. MIN,W
22023,MEM,Memphis Grizzlies,0022300410,2023-12-26,MEM @ NOP,W
22023,WAS,Washington Wizards,0022300407,2023-12-26,WAS vs. ORL,L
22023,DET,Detroit Pistons,0022300406,2023-12-26,DET vs. BKN,L
22023,NOP,New Orleans Pelicans,0022300410,2023-12-26,NOP vs. MEM,L
22023,LAC,LA Clippers,0022300414,2023-12-26,LAC vs. CHA,W
22023,BKN,Brooklyn Nets,0022300406,2023-12-26,BKN @ DET,W
22023,IND,Indiana Pacers,0022300409,2023-12-26,IND @ HOU,W
22023,UTA,Utah Jazz,0022300412,2023-12-26,UTA @ SAS,W
22023,CHA,Charlotte Hornets,0022300414,2023-12-26,CHA @ LAC,L
22023,ORL,Orlando Magic,0022300407,2023-12-26,ORL @ WAS,W
22023,SAC,Sacramento Kings,0022300413,2023-12-26,SAC @ POR,L
22023,HOU,Houston Rockets,0022300418,2023-12-27,HOU vs. PHX,L
22023,BKN,Brooklyn Nets,0022300417,2023-12-27,BKN vs. MIL,L
22023,PHI,Philadelphia 76ers,0022300415,2023-12-27,PHI @ ORL,W
22023,DAL,Dallas Mavericks,0022300420,2023-12-27,DAL vs. CLE,L
22023,MIL,Milwaukee Bucks,0022300417,2023-12-27,MIL @ BKN,W
22023,NYK,New York Knicks,0022300419,2023-12-27,NYK @ OKC,L
22023,ORL,Orlando Magic,0022300415,2023-12-27,ORL vs. PHI,L
22023,OKC,Oklahoma City Thunder,0022300419,2023-12-27,OKC vs. NYK,W
22023,TOR,Toronto Raptors,0022300416,2023-12-27,TOR @ WAS,W
22023,CLE,Cleveland Cavaliers,0022300420,2023-12-27,CLE @ DAL,W
22023,PHX,Phoenix Suns,0022300418,2023-12-27,PHX @ HOU,W
22023,WAS,Washington Wizards,0022300416,2023-12-27,WAS vs. TOR,L
22023,BOS,Boston Celtics,0022300421,2023-12-28,BOS vs. DET,W
22023,GSW,Golden State Warriors,0022300426,2023-12-28,GSW vs. MIA,L
22023,LAL,Los Angeles Lakers,0022300428,2023-12-28,LAL vs. CHA,W
22023,MIA,Miami Heat,0022300426,2023-12-28,MIA @ GSW,W
22023,MIN,Minnesota Timberwolves,0022300423,2023-12-28,MIN vs. DAL,W
22023,POR,Portland Trail Blazers,0022300427,2023-12-28,POR vs. SAS,L
22023,SAS,San Antonio Spurs,0022300427,2023-12-28,SAS @ POR,W
22023,UTA,Utah Jazz,0022300424,2023-12-28,UTA @ NOP,L
22023,DET,Detroit Pistons,0022300421,2023-12-28,DET @ BOS,L
22023,NOP,New Orleans Pelicans,0022300424,2023-12-28,NOP vs. UTA,W
22023,CHI,Chicago Bulls,0022300422,2023-12-28,CHI vs. IND,L
22023,DAL,Dallas Mavericks,0022300423,2023-12-28,DAL @ MIN,L
22023,DEN,Denver Nuggets,0022300425,2023-12-28,DEN vs. MEM,W
22023,IND,Indiana Pacers,0022300422,2023-12-28,IND @ CHI,W
22023,MEM,Memphis Grizzlies,0022300425,2023-12-28,MEM @ DEN,L
22023,CHA,Charlotte Hornets,0022300428,2023-12-28,CHA @ LAL,L
22023,BOS,Boston Celtics,0022300432,2023-12-29,BOS vs. TOR,W
22023,CLE,Cleveland Cavaliers,0022300433,2023-12-29,CLE vs. MIL,L
22023,HOU,Houston Rockets,0022300434,2023-12-29,HOU vs. PHI,L
22023,LAC,LA Clippers,0022300438,2023-12-29,LAC vs. MEM,W
22023,BKN,Brooklyn Nets,0022300430,2023-12-29,BKN @ WAS,L
22023,ORL,Orlando Magic,0022300429,2023-12-29,ORL vs. NYK,W
22023,POR,Portland Trail Blazers,0022300437,2023-12-29,POR vs. SAS,W
22023,SAC,Sacramento Kings,0022300431,2023-12-29,SAC @ ATL,W
22023,SAS,San Antonio Spurs,0022300437,2023-12-29,SAS @ POR,L
22023,OKC,Oklahoma City Thunder,0022300435,2023-12-29,OKC @ DEN,W
22023,CHA,Charlotte Hornets,0022300436,2023-12-29,CHA @ PHX,L
22023,ATL,Atlanta Hawks,0022300431,2023-12-29,ATL vs. SAC,L
22023,DEN,Denver Nuggets,0022300435,2023-12-29,DEN vs. OKC,L
22023,NYK,New York Knicks,0022300429,2023-12-29,NYK @ ORL,L
22023,PHI,Philadelphia 76ers,0022300434,2023-12-29,PHI @ HOU,W
22023,PHX,Phoenix Suns,0022300436,2023-12-29,PHX vs. CHA,W
22023,TOR,Toronto Raptors,0022300432,2023-12-29,TOR @ BOS,L
22023,MEM,Memphis Grizzlies,0022300438,2023-12-29,MEM @ LAC,L
22023,WAS,Washington Wizards,0022300430,2023-12-29,WAS vs. BKN,W
22023,MIL,Milwaukee Bucks,0022300433,2023-12-29,MIL @ CLE,W
22023,DAL,Dallas Mavericks,0022300444,2023-12-30,DAL @ GSW,W
22023,GSW,Golden State Warriors,0022300444,2023-12-30,GSW vs. DAL,L
22023,NYK,New York Knicks,0022300441,2023-12-30,NYK @ IND,L
22023,IND,Indiana Pacers,0022300441,2023-12-30,IND vs. NYK,W
22023,PHI,Philadelphia 76ers,0022300442,2023-12-30,PHI @ CHI,L
22023,TOR,Toronto Raptors,0022300440,2023-12-30,TOR @ DET,L
22023,CHI,Chicago Bulls,0022300442,2023-12-30,CHI vs. PHI,W
22023,LAL,Los Angeles Lakers,0022300443,2023-12-30,LAL @ MIN,L
22023,MIA,Miami Heat,0022300439,2023-12-30,MIA @ UTA,L
22023,UTA,Utah Jazz,0022300439,2023-12-30,UTA vs. MIA,W
22023,DET,Detroit Pistons,0022300440,2023-12-30,DET vs. TOR,W
22023,MIN,Minnesota Timberwolves,0022300443,2023-12-30,MIN vs. LAL,W
22023,BOS,Boston Celtics,0022300448,2023-12-31,BOS @ SAS,W
22023,LAL,Los Angeles Lakers,0022300446,2023-12-31,LAL @ NOP,L
22023,ORL,Orlando Magic,0022300450,2023-12-31,ORL @ PHX,L
22023,PHX,Phoenix Suns,0022300450,2023-12-31,PHX vs. ORL,W
22023,SAS,San Antonio Spurs,0022300448,2023-12-31,SAS vs. BOS,L
22023,OKC,Oklahoma City Thunder,0022300447,2023-12-31,OKC vs. BKN,W
22023,MEM,Memphis Grizzlies,0022300449,2023-12-31,MEM vs. SAC,L
22023,ATL,Atlanta Hawks,0022300445,2023-12-31,ATL @ WAS,W
22023,NOP,New Orleans Pelicans,0022300446,2023-12-31,NOP vs. LAL,W
22023,BKN,Brooklyn Nets,0022300447,2023-12-31,BKN @ OKC,L
22023,SAC,Sacramento Kings,0022300449,2023-12-31,SAC @ MEM,W
22023,WAS,Washington Wizards,0022300445,2023-12-31,WAS vs. ATL,L
22023,DAL,Dallas Mavericks,0022300457,2024-01-01,DAL @ UTA,L
22023,LAC,LA Clippers,0022300458,2024-01-01,LAC vs. MIA,W
22023,MIA,Miami Heat,0022300458,2024-01-01,MIA @ LAC,L
22023,PHX,Phoenix Suns,0022300456,2024-01-01,PHX vs. POR,W
22023,POR,Portland Trail Blazers,0022300456,2024-01-01,POR @ PHX,L
22023,TOR,Toronto Raptors,0022300452,2024-01-01,TOR vs. CLE,W
22023,DET,Detroit Pistons,0022300453,2024-01-01,DET @ HOU,L
22023,CLE,Cleveland Cavaliers,0022300452,2024-01-01,CLE @ TOR,L
22023,DEN,Denver Nuggets,0022300455,2024-01-01,DEN vs. CHA,W
22023,HOU,Houston Rockets,0022300453,2024-01-01,HOU vs. DET,W
22023,MIL,Milwaukee Bucks,0022300454,2024-01-01,MIL vs. IND,L
22023,MIN,Minnesota Timberwolves,0022300451,2024-01-01,MIN @ NYK,L
22023,NYK,New York Knicks,0022300451,2024-01-01,NYK vs. MIN,W
22023,UTA,Utah Jazz,0022300457,2024-01-01,UTA vs. DAL,W
22023,CHA,Charlotte Hornets,0022300455,2024-01-01,CHA @ DEN,L
22023,IND,Indiana Pacers,0022300454,2024-01-01,IND @ MIL,W
22023,BOS,Boston Celtics,0022300462,2024-01-02,BOS @ OKC,L
22023,NOP,New Orleans Pelicans,0022300461,2024-01-02,NOP vs. BKN,W
22023,CHI,Chicago Bulls,0022300459,2024-01-02,CHI @ PHI,L
22023,BKN,Brooklyn Nets,0022300461,2024-01-02,BKN @ NOP,L
22023,ORL,Orlando Magic,0022300463,2024-01-02,ORL @ GSW,L
22023,SAC,Sacramento Kings,0022300464,2024-01-02,SAC vs. CHA,L
22023,CHA,Charlotte Hornets,0022300464,2024-01-02,CHA @ SAC,W
22023,GSW,Golden State Warriors,0022300463,2024-01-02,GSW vs. ORL,W
22023,PHI,Philadelphia 76ers,0022300459,2024-01-02,PHI vs. CHI,W
22023,SAS,San Antonio Spurs,0022300460,2024-01-02,SAS @ MEM,L
22023,OKC,Oklahoma City Thunder,0022300462,2024-01-02,OKC vs. BOS,W
22023,MEM,Memphis Grizzlies,0022300460,2024-01-02,MEM vs. SAS,W
22023,LAC,LA Clippers,0022300473,2024-01-03,LAC @ PHX,W
22023,LAL,Los Angeles Lakers,0022300475,2024-01-03,LAL vs. MIA,L
22023,MIL,Milwaukee Bucks,0022300466,2024-01-03,MIL @ IND,L
22023,NYK,New York Knicks,0022300468,2024-01-03,NYK vs. CHI,W
22023,ORL,Orlando Magic,0022300476,2024-01-03,ORL @ SAC,L
22023,IND,Indiana Pacers,0022300466,2024-01-03,IND vs. MIL,W
22023,PHX,Phoenix Suns,0022300473,2024-01-03,PHX vs. LAC,L
22023,TOR,Toronto Raptors,0022300470,2024-01-03,TOR @ MEM,W
22023,ATL,Atlanta Hawks,0022300467,2024-01-03,ATL vs. OKC,W
22023,CLE,Cleveland Cavaliers,0022300465,2024-01-03,CLE vs. WAS,W
22023,NOP,New Orleans Pelicans,0022300471,2024-01-03,NOP @ MIN,W
22023,CHI,Chicago Bulls,0022300468,2024-01-03,CHI @ NYK,L
22023,DAL,Dallas Mavericks,0022300472,2024-01-03,DAL vs. POR,W
22023,HOU,Houston Rockets,0022300469,2024-01-03,HOU vs. BKN,W
22023,MIA,Miami Heat,0022300475,2024-01-03,MIA @ LAL,W
22023,MIN,Minnesota Timberwolves,0022300471,2024-01-03,MIN vs. NOP,L
22023,BKN,Brooklyn Nets,0022300469,2024-01-03,BKN @ HOU,L
22023,POR,Portland Trail Blazers,0022300472,2024-01-03,POR @ DAL,L
22023,SAC,Sacramento Kings,0022300476,2024-01-03,SAC vs. ORL,W
22023,OKC,Oklahoma City Thunder,0022300467,2024-01-03,OKC @ ATL,L
22023,UTA,Utah Jazz,0022300474,2024-01-03,UTA vs. DET,W
22023,MEM,Memphis Grizzlies,0022300470,2024-01-03,MEM vs. TOR,L
22023,WAS,Washington Wizards,0022300465,2024-01-03,WAS @ CLE,L
22023,DET,Detroit Pistons,0022300474,2024-01-03,DET @ UTA,L
22023,GSW,Golden State Warriors,0022300478,2024-01-04,GSW vs. DEN,L
22023,MIL,Milwaukee Bucks,0022300477,2024-01-04,MIL @ SAS,W
22023,DEN,Denver Nuggets,0022300478,2024-01-04,DEN @ GSW,W
22023,SAS,San Antonio Spurs,0022300477,2024-01-04,SAS vs. MIL,L
22023,NOP,New Orleans Pelicans,0022300486,2024-01-05,NOP vs. LAC,L
22023,DAL,Dallas Mavericks,0022300487,2024-01-05,DAL vs. POR,W
22023,HOU,Houston Rockets,0022300485,2024-01-05,HOU vs. MIN,L
22023,MIN,Minnesota Timberwolves,0022300485,2024-01-05,MIN @ HOU,W
22023,ORL,Orlando Magic,0022300488,2024-01-05,ORL @ DEN,W
22023,IND,Indiana Pacers,0022300480,2024-01-05,IND vs. ATL,W
22023,PHI,Philadelphia 76ers,0022300483,2024-01-05,PHI vs. NYK,L
22023,PHX,Phoenix Suns,0022300489,2024-01-05,PHX vs. MIA,W
22023,POR,Portland Trail Blazers,0022300487,2024-01-05,POR @ DAL,L
22023,OKC,Oklahoma City Thunder,0022300481,2024-01-05,OKC @ BKN,L
22023,UTA,Utah Jazz,0022300479,2024-01-05,UTA @ BOS,L
22023,WAS,Washington Wizards,0022300482,2024-01-05,WAS @ CLE,L
22023,DET,Detroit Pistons,0022300490,2024-01-05,DET @ GSW,L
22023,ATL,Atlanta Hawks,0022300480,2024-01-05,ATL @ IND,L
22023,BOS,Boston Celtics,0022300479,2024-01-05,BOS vs. UTA,W
22023,CLE,Cleveland Cavaliers,0022300482,2024-01-05,CLE vs. WAS,W
22023,CHI,Chicago Bulls,0022300484,2024-01-05,CHI vs. CHA,W
22023,GSW,Golden State Warriors,0022300490,2024-01-05,GSW vs. DET,W
22023,LAC,LA Clippers,0022300486,2024-01-05,LAC @ NOP,W
22023,LAL,Los Angeles Lakers,0022300491,2024-01-05,LAL vs. MEM,L
22023,MIA,Miami Heat,0022300489,2024-01-05,MIA @ PHX,L
22023,BKN,Brooklyn Nets,0022300481,2024-01-05,BKN vs. OKC,W
22023,NYK,New York Knicks,0022300483,2024-01-05,NYK @ PHI,W
22023,TOR,Toronto Raptors,0022300492,2024-01-05,TOR @ SAC,L
22023,MEM,Memphis Grizzlies,0022300491,2024-01-05,MEM @ LAL,W
22023,CHA,Charlotte Hornets,0022300484,2024-01-05,CHA @ CHI,L
22023,DEN,Denver Nuggets,0022300488,2024-01-05,DEN vs. ORL,L
22023,SAC,Sacramento Kings,0022300492,2024-01-05,SAC vs. TOR,W
22023,HOU,Houston Rockets,0022300496,2024-01-06,HOU vs. MIL,W
22023,IND,Indiana Pacers,0022300493,2024-01-06,IND vs. BOS,L
22023,UTA,Utah Jazz,0022300495,2024-01-06,UTA @ PHI,W
22023,WAS,Washington Wizards,0022300494,2024-01-06,WAS vs. NYK,L
22023,BOS,Boston Celtics,0022300493,2024-01-06,BOS @ IND,W
22023,MIL,Milwaukee Bucks,0022300496,2024-01-06,MIL @ HOU,L
22023,NYK,New York Knicks,0022300494,2024-01-06,NYK @ WAS,W
22023,PHI,Philadelphia 76ers,0022300495,2024-01-06,PHI vs. UTA,L
22023,ATL,Atlanta Hawks,0022300499,2024-01-07,ATL @ ORL,L
22023,CLE,Cleveland Cavaliers,0022300497,2024-01-07,CLE vs. SAS,W
22023,DEN,Denver Nuggets,0022300502,2024-01-07,DEN vs. DET,W
22023,LAC,LA Clippers,0022300505,2024-01-07,LAC @ LAL,L
22023,MIN,Minnesota Timberwolves,0022300501,2024-01-07,MIN @ DAL,L
22023,PHX,Phoenix Suns,0022300503,2024-01-07,PHX vs. MEM,L
22023,TOR,Toronto Raptors,0022300504,2024-01-07,TOR @ GSW,W
22023,MEM,Memphis Grizzlies,0022300503,2024-01-07,MEM @ PHX,W
22023,DET,Detroit Pistons,0022300502,2024-01-07,DET @ DEN,L
22023,DAL,Dallas Mavericks,0022300501,2024-01-07,DAL vs. MIN,W
22023,GSW,Golden State Warriors,0022300504,2024-01-07,GSW vs. TOR,L
22023,LAL,Los Angeles Lakers,0022300505,2024-01-07,LAL vs. LAC,W
22023,BKN,Brooklyn Nets,0022300498,2024-01-07,BKN vs. POR,L
22023,ORL,Orlando Magic,0022300499,2024-01-07,ORL vs. ATL,W
22023,POR,Portland Trail Blazers,0022300498,2024-01-07,POR @ BKN,W
22023,SAC,Sacramento Kings,0022300500,2024-01-07,SAC vs. NOP,L
22023,SAS,San Antonio Spurs,0022300497,2024-01-07,SAS @ CLE,L
22023,NOP,New Orleans Pelicans,0022300500,2024-01-07,NOP @ SAC,W
22023,CHI,Chicago Bulls,0022300506,2024-01-08,CHI @ CHA,W
22023,HOU,Houston Rockets,0022300509,2024-01-08,HOU @ MIA,L
22023,MIL,Milwaukee Bucks,0022300510,2024-01-08,MIL vs. UTA,L
22023,PHX,Phoenix Suns,0022300511,2024-01-08,PHX @ LAC,L
22023,OKC,Oklahoma City Thunder,0022300508,2024-01-08,OKC @ WAS,W
22023,WAS,Washington Wizards,0022300508,2024-01-08,WAS vs. OKC,L
22023,BOS,Boston Celtics,0022300507,2024-01-08,BOS @ IND,L
22023,LAC,LA Clippers,0022300511,2024-01-08,LAC vs. PHX,W
22023,IND,Indiana Pacers,0022300507,2024-01-08,IND vs. BOS,W
22023,UTA,Utah Jazz,0022300510,2024-01-08,UTA @ MIL,W
22023,CHA,Charlotte Hornets,0022300506,2024-01-08,CHA vs. CHI,L
22023,MIA,Miami Heat,0022300509,2024-01-08,MIA vs. HOU,W
22023,LAL,Los Angeles Lakers,0022300516,2024-01-09,LAL vs. TOR,W
22023,NYK,New York Knicks,0022300514,2024-01-09,NYK vs. POR,W
22023,POR,Portland Trail Blazers,0022300514,2024-01-09,POR @ NYK,L
22023,SAC,Sacramento Kings,0022300512,2024-01-09,SAC @ DET,W
22023,TOR,Toronto Raptors,0022300516,2024-01-09,TOR @ LAL,L
22023,MEM,Memphis Grizzlies,0022300515,2024-01-09,MEM @ DAL,W
22023,DAL,Dallas Mavericks,0022300515,2024-01-09,DAL vs. MEM,L
22023,MIN,Minnesota Timberwolves,0022300513,2024-01-09,MIN @ ORL,W
22023,ORL,Orlando Magic,0022300513,2024-01-09,ORL vs. MIN,L
22023,DET,Detroit Pistons,0022300512,2024-01-09,DET vs. SAC,L
22023,ATL,Atlanta Hawks,0022300521,2024-01-10,ATL vs. PHI,W
22023,BOS,Boston Celtics,0022300517,2024-01-10,BOS vs. MIN,W
22023,NOP,New Orleans Pelicans,0022300525,2024-01-10,NOP @ GSW,W
22023,CHI,Chicago Bulls,0022300523,2024-01-10,CHI vs. HOU,W
22023,MIA,Miami Heat,0022300522,2024-01-10,MIA vs. OKC,L
22023,MIN,Minnesota Timberwolves,0022300517,2024-01-10,MIN @ BOS,L
22023,IND,Indiana Pacers,0022300520,2024-01-10,IND vs. WAS,W
22023,SAC,Sacramento Kings,0022300518,2024-01-10,SAC @ CHA,W
22023,SAS,San Antonio Spurs,0022300519,2024-01-10,SAS @ DET,W
22023,TOR,Toronto Raptors,0022300526,2024-01-10,TOR @ LAC,L
22023,UTA,Utah Jazz,0022300524,2024-01-10,UTA vs. DEN,W
22023,WAS,Washington Wizards,0022300520,2024-01-10,WAS @ IND,L
22023,CHA,Charlotte Hornets,0022300518,2024-01-10,CHA vs. SAC,L
22023,DEN,Denver Nuggets,0022300524,2024-01-10,DEN @ UTA,L
22023,GSW,Golden State Warriors,0022300525,2024-01-10,GSW vs. NOP,L
22023,HOU,Houston Rockets,0022300523,2024-01-10,HOU @ CHI,L
22023,PHI,Philadelphia 76ers,0022300521,2024-01-10,PHI @ ATL,L
22023,OKC,Oklahoma City Thunder,0022300522,2024-01-10,OKC @ MIA,W
22023,DET,Detroit Pistons,0022300519,2024-01-10,DET vs. SAS,L
22023,LAC,LA Clippers,0022300526,2024-01-10,LAC vs. TOR,W
22023,DAL,Dallas Mavericks,0022300530,2024-01-11,DAL vs. NYK,W
22023,LAL,Los Angeles Lakers,0022300531,2024-01-11,LAL vs. PHX,L
22023,MIL,Milwaukee Bucks,0022300528,2024-01-11,MIL vs. BOS,W
22023,BKN,Brooklyn Nets,0022300527,2024-01-11,BKN @ CLE,L
22023,NYK,New York Knicks,0022300530,2024-01-11,NYK @ DAL,L
22023,POR,Portland Trail Blazers,0022300529,2024-01-11,POR @ OKC,L
22023,BOS,Boston Celtics,0022300528,2024-01-11,BOS @ MIL,L
22023,CLE,Cleveland Cavaliers,0022300527,2024-01-11,CLE vs. BKN,W
22023,OKC,Oklahoma City Thunder,0022300529,2024-01-11,OKC vs. POR,W
22023,PHX,Phoenix Suns,0022300531,2024-01-11,PHX @ LAL,W
22023,NOP,New Orleans Pelicans,0022300539,2024-01-12,NOP @ DEN,L
22023,CHI,Chicago Bulls,0022300536,2024-01-12,CHI vs. GSW,L
22023,DEN,Denver Nuggets,0022300539,2024-01-12,DEN vs. NOP,W
22023,GSW,Golden State Warriors,0022300536,2024-01-12,GSW @ CHI,W
22023,HOU,Houston Rockets,0022300534,2024-01-12,HOU @ DET,W
22023,LAC,LA Clippers,0022300537,2024-01-12,LAC @ MEM,W
22023,MIN,Minnesota Timberwolves,0022300538,2024-01-12,MIN vs. POR,W
22023,ORL,Orlando Magic,0022300535,2024-01-12,ORL @ MIA,L
22023,IND,Indiana Pacers,0022300533,2024-01-12,IND @ ATL,W
22023,PHI,Philadelphia 76ers,0022300532,2024-01-12,PHI vs. SAC,W
22023,POR,Portland Trail Blazers,0022300538,2024-01-12,POR @ MIN,L
22023,MEM,Memphis Grizzlies,0022300537,2024-01-12,MEM vs. LAC,L
22023,DET,Detroit Pistons,0022300534,2024-01-12,DET vs. HOU,L
22023,CHA,Charlotte Hornets,0022300541,2024-01-12,CHA @ SAS,L
22023,ATL,Atlanta Hawks,0022300533,2024-01-12,ATL vs. IND,L
22023,MIA,Miami Heat,0022300535,2024-01-12,MIA vs. ORL,W
22023,SAC,Sacramento Kings,0022300532,2024-01-12,SAC @ PHI,L
22023,SAS,San Antonio Spurs,0022300541,2024-01-12,SAS vs. CHA,W
22023,TOR,Toronto Raptors,0022300540,2024-01-12,TOR @ UTA,L
22023,UTA,Utah Jazz,0022300540,2024-01-12,UTA vs. TOR,W
22023,ATL,Atlanta Hawks,0022300543,2024-01-13,ATL vs. WAS,L
22023,BOS,Boston Celtics,0022300542,2024-01-13,BOS vs. HOU,W
22023,NOP,New Orleans Pelicans,0022300547,2024-01-13,NOP @ DAL,W
22023,LAL,Los Angeles Lakers,0022300549,2024-01-13,LAL @ UTA,L
22023,MIL,Milwaukee Bucks,0022300545,2024-01-13,MIL vs. GSW,W
22023,NYK,New York Knicks,0022300544,2024-01-13,NYK @ MEM,W
22023,ORL,Orlando Magic,0022300546,2024-01-13,ORL @ OKC,L
22023,SAS,San Antonio Spurs,0022300548,2024-01-13,SAS vs. CHI,L
22023,OKC,Oklahoma City Thunder,0022300546,2024-01-13,OKC vs. ORL,W
22023,MEM,Memphis Grizzlies,0022300544,2024-01-13,MEM vs. NYK,L
22023,WAS,Washington Wizards,0022300543,2024-01-13,WAS @ ATL,W
22023,CHI,Chicago Bulls,0022300548,2024-01-13,CHI @ SAS,W
22023,GSW,Golden State Warriors,0022300545,2024-01-13,GSW @ MIL,L
22023,HOU,Houston Rockets,0022300542,2024-01-13,HOU @ BOS,L
22023,UTA,Utah Jazz,0022300549,2024-01-13,UTA vs. LAL,W
22023,DAL,Dallas Mavericks,0022300547,2024-01-13,DAL vs. NOP,L
22023,DEN,Denver Nuggets,0022300550,2024-01-14,DEN vs. IND,W
22023,LAC,LA Clippers,0022300553,2024-01-14,LAC @ MIN,L
22023,MIA,Miami Heat,0022300551,2024-01-14,MIA vs. CHA,W
22023,MIL,Milwaukee Bucks,0022300552,2024-01-14,MIL vs. SAC,W
22023,MIN,Minnesota Timberwolves,0022300553,2024-01-14,MIN vs. LAC,W
22023,IND,Indiana Pacers,0022300550,2024-01-14,IND @ DEN,L
22023,PHX,Phoenix Suns,0022300554,2024-01-14,PHX @ POR,W
22023,POR,Portland Trail Blazers,0022300554,2024-01-14,POR vs. PHX,L
22023,SAC,Sacramento Kings,0022300552,2024-01-14,SAC @ MIL,L
22023,CHA,Charlotte Hornets,0022300551,2024-01-14,CHA @ MIA,L
22023,NOP,New Orleans Pelicans,0022300556,2024-01-15,NOP @ DAL,L
22023,CHI,Chicago Bulls,0022300561,2024-01-15,CHI @ CLE,L
22023,DAL,Dallas Mavericks,0022300556,2024-01-15,DAL vs. NOP,W
22023,LAL,Los Angeles Lakers,0022300565,2024-01-15,LAL vs. OKC,W
22023,NYK,New York Knicks,0022300557,2024-01-15,NYK vs. ORL,L
22023,IND,Indiana Pacers,0022300564,2024-01-15,IND @ UTA,L
22023,TOR,Toronto Raptors,0022300563,2024-01-15,TOR vs. BOS,L
22023,UTA,Utah Jazz,0022300564,2024-01-15,UTA vs. IND,W
22023,MEM,Memphis Grizzlies,0022300560,2024-01-15,MEM vs. GSW,W
22023,WAS,Washington Wizards,0022300558,2024-01-15,WAS vs. DET,L
22023,DET,Detroit Pistons,0022300558,2024-01-15,DET @ WAS,W
22023,ATL,Atlanta Hawks,0022300559,2024-01-15,ATL vs. SAS,W
22023,BOS,Boston Celtics,0022300563,2024-01-15,BOS @ TOR,W
22023,CLE,Cleveland Cavaliers,0022300561,2024-01-15,CLE vs. CHI,W
22023,GSW,Golden State Warriors,0022300560,2024-01-15,GSW @ MEM,L
22023,HOU,Houston Rockets,0022300555,2024-01-15,HOU @ PHI,L
22023,MIA,Miami Heat,0022300562,2024-01-15,MIA @ BKN,W
22023,BKN,Brooklyn Nets,0022300562,2024-01-15,BKN vs. MIA,L
22023,ORL,Orlando Magic,0022300557,2024-01-15,ORL @ NYK,W
22023,PHI,Philadelphia 76ers,0022300555,2024-01-15,PHI vs. HOU,W
22023,SAS,San Antonio Spurs,0022300559,2024-01-15,SAS @ ATL,L
22023,OKC,Oklahoma City Thunder,0022300565,2024-01-15,OKC @ LAL,L
22023,DEN,Denver Nuggets,0022300566,2024-01-16,DEN @ PHI,L
22023,PHX,Phoenix Suns,0022300567,2024-01-16,PHX vs. SAC,W
22023,SAC,Sacramento Kings,0022300567,2024-01-16,SAC @ PHX,L
22023,LAC,LA Clippers,0022300568,2024-01-16,LAC vs. OKC,W
22023,PHI,Philadelphia 76ers,0022300566,2024-01-16,PHI vs. DEN,W
22023,OKC,Oklahoma City Thunder,0022300568,2024-01-16,OKC @ LAC,L
22023,BOS,Boston Celtics,0022300571,2024-01-17,BOS vs. SAS,W
22023,CLE,Cleveland Cavaliers,0022300572,2024-01-17,CLE vs. MIL,W
22023,NOP,New Orleans Pelicans,0022300575,2024-01-17,NOP vs. CHA,W
22023,HOU,Houston Rockets,0022300573,2024-01-17,HOU @ NYK,L
22023,MIA,Miami Heat,0022300574,2024-01-17,MIA @ TOR,L
22023,MIL,Milwaukee Bucks,0022300572,2024-01-17,MIL @ CLE,L
22023,MIN,Minnesota Timberwolves,0022300569,2024-01-17,MIN @ DET,W
22023,BKN,Brooklyn Nets,0022300578,2024-01-17,BKN @ POR,L
22023,ORL,Orlando Magic,0022300570,2024-01-17,ORL @ ATL,L
22023,TOR,Toronto Raptors,0022300574,2024-01-17,TOR vs. MIA,W
22023,DET,Detroit Pistons,0022300569,2024-01-17,DET vs. MIN,L
22023,ATL,Atlanta Hawks,0022300570,2024-01-17,ATL vs. ORL,W
22023,DAL,Dallas Mavericks,0022300577,2024-01-17,DAL @ LAL,L
22023,POR,Portland Trail Blazers,0022300578,2024-01-17,POR vs. BKN,W
22023,SAS,San Antonio Spurs,0022300571,2024-01-17,SAS @ BOS,L
22023,CHA,Charlotte Hornets,0022300575,2024-01-17,CHA @ NOP,L
22023,LAL,Los Angeles Lakers,0022300577,2024-01-17,LAL vs. DAL,W
22023,NYK,New York Knicks,0022300573,2024-01-17,NYK vs. HOU,W
22023,CHI,Chicago Bulls,0022300580,2024-01-18,CHI @ TOR,W
22023,OKC,Oklahoma City Thunder,0022300581,2024-01-18,OKC @ UTA,W
22023,TOR,Toronto Raptors,0022300580,2024-01-18,TOR vs. CHI,L
22023,UTA,Utah Jazz,0022300581,2024-01-18,UTA vs. OKC,L
22023,MEM,Memphis Grizzlies,0022300582,2024-01-18,MEM @ MIN,L
22023,MIN,Minnesota Timberwolves,0022300582,2024-01-18,MIN vs. MEM,W
22023,NYK,New York Knicks,0022300579,2024-01-18,NYK vs. WAS,W
22023,SAC,Sacramento Kings,0022300583,2024-01-18,SAC vs. IND,L
22023,IND,Indiana Pacers,0022300583,2024-01-18,IND @ SAC,W
22023,WAS,Washington Wizards,0022300579,2024-01-18,WAS @ NYK,L
22023,ATL,Atlanta Hawks,0022300587,2024-01-19,ATL @ MIA,W
22023,BOS,Boston Celtics,0022300586,2024-01-19,BOS vs. DEN,L
22023,DEN,Denver Nuggets,0022300586,2024-01-19,DEN @ BOS,W
22023,LAL,Los Angeles Lakers,0022300591,2024-01-19,LAL vs. BKN,L
22023,BKN,Brooklyn Nets,0022300591,2024-01-19,BKN @ LAL,W
22023,ORL,Orlando Magic,0022300585,2024-01-19,ORL vs. PHI,L
22023,SAS,San Antonio Spurs,0022300584,2024-01-19,SAS @ CHA,L
22023,NOP,New Orleans Pelicans,0022300588,2024-01-19,NOP vs. PHX,L
22023,MIA,Miami Heat,0022300587,2024-01-19,MIA vs. ATL,L
22023,IND,Indiana Pacers,0022300590,2024-01-19,IND @ POR,L
22023,PHX,Phoenix Suns,0022300588,2024-01-19,PHX @ NOP,W
22023,POR,Portland Trail Blazers,0022300590,2024-01-19,POR vs. IND,W
22023,CHA,Charlotte Hornets,0022300584,2024-01-19,CHA vs. SAS,W
22023,PHI,Philadelphia 76ers,0022300585,2024-01-19,PHI @ ORL,W
22023,MIL,Milwaukee Bucks,0022300592,2024-01-20,MIL @ DET,W
22023,MIN,Minnesota Timberwolves,0022300599,2024-01-20,MIN vs. OKC,L
22023,PHI,Philadelphia 76ers,0022300593,2024-01-20,PHI @ CHA,W
22023,UTA,Utah Jazz,0022300598,2024-01-20,UTA @ HOU,L
22023,WAS,Washington Wizards,0022300594,2024-01-20,WAS vs. SAS,L
22023,CLE,Cleveland Cavaliers,0022300595,2024-01-20,CLE @ ATL,W
22023,CHI,Chicago Bulls,0022300597,2024-01-20,CHI vs. MEM,W
22023,HOU,Houston Rockets,0022300598,2024-01-20,HOU vs. UTA,W
22023,NYK,New York Knicks,0022300596,2024-01-20,NYK vs. TOR,W
22023,SAS,San Antonio Spurs,0022300594,2024-01-20,SAS @ WAS,W
22023,OKC,Oklahoma City Thunder,0022300599,2024-01-20,OKC @ MIN,W
22023,MEM,Memphis Grizzlies,0022300597,2024-01-20,MEM @ CHI,L
22023,CHA,Charlotte Hornets,0022300593,2024-01-20,CHA vs. PHI,L
22023,ATL,Atlanta Hawks,0022300595,2024-01-20,ATL vs. CLE,L
22023,TOR,Toronto Raptors,0022300596,2024-01-20,TOR @ NYK,L
22023,DET,Detroit Pistons,0022300592,2024-01-20,DET vs. MIL,L
22023,DEN,Denver Nuggets,0022300602,2024-01-21,DEN @ WAS,W
22023,LAL,Los Angeles Lakers,0022300605,2024-01-21,LAL vs. POR,W
22023,BKN,Brooklyn Nets,0022300600,2024-01-21,BKN @ LAC,L
22023,ORL,Orlando Magic,0022300601,2024-01-21,ORL vs. MIA,W
22023,PHX,Phoenix Suns,0022300604,2024-01-21,PHX vs. IND,W
22023,POR,Portland Trail Blazers,0022300605,2024-01-21,POR @ LAL,L
22023,WAS,Washington Wizards,0022300602,2024-01-21,WAS vs. DEN,L
22023,HOU,Houston Rockets,0022300603,2024-01-21,HOU vs. BOS,L
22023,LAC,LA Clippers,0022300600,2024-01-21,LAC vs. BKN,W
22023,MIA,Miami Heat,0022300601,2024-01-21,MIA @ ORL,L
22023,IND,Indiana Pacers,0022300604,2024-01-21,IND @ PHX,L
22023,BOS,Boston Celtics,0022300603,2024-01-21,BOS @ HOU,W
22023,ATL,Atlanta Hawks,0022300613,2024-01-22,ATL @ SAC,L
22023,BOS,Boston Celtics,0022300611,2024-01-22,BOS @ DAL,W
22023,MIL,Milwaukee Bucks,0022300606,2024-01-22,MIL @ DET,W
22023,ORL,Orlando Magic,0022300607,2024-01-22,ORL vs. CLE,L
22023,PHI,Philadelphia 76ers,0022300608,2024-01-22,PHI vs. SAS,W
22023,SAS,San Antonio Spurs,0022300608,2024-01-22,SAS @ PHI,L
22023,TOR,Toronto Raptors,0022300609,2024-01-22,TOR vs. MEM,L
22023,CLE,Cleveland Cavaliers,0022300607,2024-01-22,CLE @ ORL,W
22023,CHI,Chicago Bulls,0022300612,2024-01-22,CHI @ PHX,L
22023,DAL,Dallas Mavericks,0022300611,2024-01-22,DAL vs. BOS,L
22023,MIN,Minnesota Timberwolves,0022300610,2024-01-22,MIN vs. CHA,L
22023,PHX,Phoenix Suns,0022300612,2024-01-22,PHX vs. CHI,W
22023,SAC,Sacramento Kings,0022300613,2024-01-22,SAC vs. ATL,W
22023,MEM,Memphis Grizzlies,0022300609,2024-01-22,MEM @ TOR,W
22023,DET,Detroit Pistons,0022300606,2024-01-22,DET vs. MIL,L
22023,CHA,Charlotte Hornets,0022300610,2024-01-22,CHA @ MIN,W
22023,LAL,Los Angeles Lakers,0022300618,2024-01-23,LAL @ LAC,L
22023,BKN,Brooklyn Nets,0022300615,2024-01-23,BKN vs. NYK,L
22023,NYK,New York Knicks,0022300615,2024-01-23,NYK @ BKN,W
22023,IND,Indiana Pacers,0022300614,2024-01-23,IND vs. DEN,L
22023,OKC,Oklahoma City Thunder,0022300617,2024-01-23,OKC vs. POR,W
22023,UTA,Utah Jazz,0022300616,2024-01-23,UTA @ NOP,L
22023,NOP,New Orleans Pelicans,0022300616,2024-01-23,NOP vs. UTA,W
22023,DEN,Denver Nuggets,0022300614,2024-01-23,DEN @ IND,W
22023,LAC,LA Clippers,0022300618,2024-01-23,LAC vs. LAL,W
22023,POR,Portland Trail Blazers,0022300617,2024-01-23,POR @ OKC,L
22023,ATL,Atlanta Hawks,0022300626,2024-01-24,ATL @ GSW,L
22023,CLE,Cleveland Cavaliers,0022300624,2024-01-24,CLE @ MIL,L
22023,DAL,Dallas Mavericks,0022300625,2024-01-24,DAL vs. PHX,L
22023,GSW,Golden State Warriors,0022300626,2024-01-24,GSW vs. ATL,W
22023,POR,Portland Trail Blazers,0022300623,2024-01-24,POR @ HOU,W
22023,MEM,Memphis Grizzlies,0022300621,2024-01-24,MEM @ MIA,W
22023,CHA,Charlotte Hornets,0022300619,2024-01-24,CHA @ DET,L
22023,MIA,Miami Heat,0022300621,2024-01-24,MIA vs. MEM,L
22023,MIL,Milwaukee Bucks,0022300624,2024-01-24,MIL vs. CLE,W
22023,MIN,Minnesota Timberwolves,0022300620,2024-01-24,MIN @ WAS,W
22023,PHX,Phoenix Suns,0022300625,2024-01-24,PHX @ DAL,W
22023,SAS,San Antonio Spurs,0022300622,2024-01-24,SAS vs. OKC,L
22023,OKC,Oklahoma City Thunder,0022300622,2024-01-24,OKC @ SAS,W
22023,WAS,Washington Wizards,0022300620,2024-01-24,WAS vs. MIN,L
22023,DET,Detroit Pistons,0022300619,2024-01-24,DET vs. CHA,W
22023,HOU,Houston Rockets,0022300623,2024-01-24,HOU vs. POR,L
22023,BOS,Boston Celtics,0022300630,2024-01-25,BOS @ MIA,W
22023,CHI,Chicago Bulls,0022300633,2024-01-25,CHI @ LAL,L
22023,DEN,Denver Nuggets,0022300631,2024-01-25,DEN @ NYK,L
22023,GSW,Golden State Warriors,0022300632,2024-01-25,GSW vs. SAC,L
22023,LAL,Los Angeles Lakers,0022300633,2024-01-25,LAL vs. CHI,W
22023,MIN,Minnesota Timberwolves,0022300629,2024-01-25,MIN @ BKN,W
22023,BKN,Brooklyn Nets,0022300629,2024-01-25,BKN vs. MIN,L
22023,IND,Indiana Pacers,0022300627,2024-01-25,IND vs. PHI,W
22023,PHI,Philadelphia 76ers,0022300627,2024-01-25,PHI @ IND,L
22023,SAC,Sacramento Kings,0022300632,2024-01-25,SAC @ GSW,W
22023,UTA,Utah Jazz,0022300628,2024-01-25,UTA @ WAS,W
22023,WAS,Washington Wizards,0022300628,2024-01-25,WAS vs. UTA,L
22023,MIA,Miami Heat,0022300630,2024-01-25,MIA vs. BOS,L
22023,NYK,New York Knicks,0022300631,2024-01-25,NYK vs. DEN,W
22023,ATL,Atlanta Hawks,0022300634,2024-01-26,ATL vs. DAL,L
22023,NOP,New Orleans Pelicans,0022300640,2024-01-26,NOP vs. OKC,L
22023,IND,Indiana Pacers,0022300636,2024-01-26,IND vs. PHX,W
22023,OKC,Oklahoma City Thunder,0022300640,2024-01-26,OKC @ NOP,W
22023,TOR,Toronto Raptors,0022300637,2024-01-26,TOR vs. LAC,L
22023,CLE,Cleveland Cavaliers,0022300639,2024-01-26,CLE @ MIL,W
22023,LAC,LA Clippers,0022300637,2024-01-26,LAC @ TOR,W
22023,MIL,Milwaukee Bucks,0022300639,2024-01-26,MIL vs. CLE,L
22023,ORL,Orlando Magic,0022300638,2024-01-26,ORL @ MEM,L
22023,PHX,Phoenix Suns,0022300636,2024-01-26,PHX @ IND,L
22023,POR,Portland Trail Blazers,0022300641,2024-01-26,POR @ SAS,L
22023,SAS,San Antonio Spurs,0022300641,2024-01-26,SAS vs. POR,W
22023,MEM,Memphis Grizzlies,0022300638,2024-01-26,MEM vs. ORL,W
22023,CHA,Charlotte Hornets,0022300635,2024-01-26,CHA vs. HOU,L
22023,DAL,Dallas Mavericks,0022300634,2024-01-26,DAL @ ATL,W
22023,HOU,Houston Rockets,0022300635,2024-01-26,HOU @ CHA,W
22023,NOP,New Orleans Pelicans,0022300648,2024-01-27,NOP @ MIL,L
22023,DEN,Denver Nuggets,0022300644,2024-01-27,DEN vs. PHI,W
22023,LAC,LA Clippers,0022300646,2024-01-27,LAC @ BOS,W
22023,LAL,Los Angeles Lakers,0022300650,2024-01-27,LAL @ GSW,W
22023,MIA,Miami Heat,0022300643,2024-01-27,MIA @ NYK,L
22023,MIL,Milwaukee Bucks,0022300648,2024-01-27,MIL vs. NOP,W
22023,NYK,New York Knicks,0022300643,2024-01-27,NYK vs. MIA,W
22023,PHI,Philadelphia 76ers,0022300644,2024-01-27,PHI @ DEN,L
22023,SAS,San Antonio Spurs,0022300649,2024-01-27,SAS vs. MIN,W
22023,UTA,Utah Jazz,0022300647,2024-01-27,UTA @ CHA,W
22023,WAS,Washington Wizards,0022300642,2024-01-27,WAS @ DET,W
22023,DET,Detroit Pistons,0022300642,2024-01-27,DET vs. WAS,L
22023,CHA,Charlotte Hornets,0022300647,2024-01-27,CHA vs. UTA,L
22023,BOS,Boston Celtics,0022300646,2024-01-27,BOS vs. LAC,L
22023,DAL,Dallas Mavericks,0022300651,2024-01-27,DAL vs. SAC,L
22023,GSW,Golden State Warriors,0022300650,2024-01-27,GSW vs. LAL,L
22023,HOU,Houston Rockets,0022300645,2024-01-27,HOU @ BKN,L
22023,MIN,Minnesota Timberwolves,0022300649,2024-01-27,MIN @ SAS,L
22023,BKN,Brooklyn Nets,0022300645,2024-01-27,BKN vs. HOU,W
22023,SAC,Sacramento Kings,0022300651,2024-01-27,SAC @ DAL,W
22023,ATL,Atlanta Hawks,0022300653,2024-01-28,ATL vs. TOR,W
22023,CHI,Chicago Bulls,0022300656,2024-01-28,CHI @ POR,W
22023,ORL,Orlando Magic,0022300655,2024-01-28,ORL vs. PHX,W
22023,IND,Indiana Pacers,0022300652,2024-01-28,IND vs. MEM,W
22023,PHX,Phoenix Suns,0022300655,2024-01-28,PHX @ ORL,L
22023,POR,Portland Trail Blazers,0022300656,2024-01-28,POR vs. CHI,L
22023,OKC,Oklahoma City Thunder,0022300654,2024-01-28,OKC @ DET,L
22023,MEM,Memphis Grizzlies,0022300652,2024-01-28,MEM @ IND,L
22023,DET,Detroit Pistons,0022300654,2024-01-28,DET vs. OKC,W
22023,TOR,Toronto Raptors,0022300653,2024-01-28,TOR @ ATL,L
22023,CLE,Cleveland Cavaliers,0022300658,2024-01-29,CLE vs. LAC,W
22023,HOU,Houston Rockets,0022300662,2024-01-29,HOU vs. LAL,W
22023,LAL,Los Angeles Lakers,0022300662,2024-01-29,LAL @ HOU,L
22023,PHX,Phoenix Suns,0022300661,2024-01-29,PHX @ MIA,W
22023,SAC,Sacramento Kings,0022300663,2024-01-29,SAC @ MEM,W
22023,SAS,San Antonio Spurs,0022300665,2024-01-29,SAS vs. WAS,L
22023,CHA,Charlotte Hornets,0022300657,2024-01-29,CHA vs. NYK,L
22023,BOS,Boston Celtics,0022300659,2024-01-29,BOS vs. NOP,W
22023,DAL,Dallas Mavericks,0022300666,2024-01-29,DAL vs. ORL,W
22023,DEN,Denver Nuggets,0022300667,2024-01-29,DEN vs. MIL,W
22023,LAC,LA Clippers,0022300658,2024-01-29,LAC @ CLE,L
22023,MIA,Miami Heat,0022300661,2024-01-29,MIA vs. PHX,L
22023,MIL,Milwaukee Bucks,0022300667,2024-01-29,MIL @ DEN,L
22023,MIN,Minnesota Timberwolves,0022300664,2024-01-29,MIN @ OKC,W
22023,BKN,Brooklyn Nets,0022300660,2024-01-29,BKN vs. UTA,W
22023,NYK,New York Knicks,0022300657,2024-01-29,NYK @ CHA,W
22023,ORL,Orlando Magic,0022300666,2024-01-29,ORL @ DAL,L
22023,PHI,Philadelphia 76ers,0022300668,2024-01-29,PHI @ POR,L
22023,POR,Portland Trail Blazers,0022300668,2024-01-29,POR vs. PHI,W
22023,OKC,Oklahoma City Thunder,0022300664,2024-01-29,OKC vs. MIN,L
22023,UTA,Utah Jazz,0022300660,2024-01-29,UTA @ BKN,L
22023,MEM,Memphis Grizzlies,0022300663,2024-01-29,MEM vs. SAC,L
22023,WAS,Washington Wizards,0022300665,2024-01-29,WAS @ SAS,W
22023,NOP,New Orleans Pelicans,0022300659,2024-01-29,NOP @ BOS,L
22023,ATL,Atlanta Hawks,0022300669,2024-01-30,ATL vs. LAL,W
22023,CHI,Chicago Bulls,0022300672,2024-01-30,CHI vs. TOR,L
22023,NYK,New York Knicks,0022300671,2024-01-30,NYK vs. UTA,W
22023,BOS,Boston Celtics,0022300670,2024-01-30,BOS vs. IND,W
22023,GSW,Golden State Warriors,0022300673,2024-01-30,GSW vs. PHI,W
22023,LAL,Los Angeles Lakers,0022300669,2024-01-30,LAL @ ATL,L
22023,PHI,Philadelphia 76ers,0022300673,2024-01-30,PHI @ GSW,L
22023,TOR,Toronto Raptors,0022300672,2024-01-30,TOR @ CHI,W
22023,UTA,Utah Jazz,0022300671,2024-01-30,UTA @ NYK,L
22023,IND,Indiana Pacers,0022300670,2024-01-30,IND @ BOS,L
22023,CLE,Cleveland Cavaliers,0022300675,2024-01-31,CLE vs. DET,W
22023,NOP,New Orleans Pelicans,0022300679,2024-01-31,NOP @ HOU,W
22023,CHI,Chicago Bulls,0022300674,2024-01-31,CHI @ CHA,W
22023,DEN,Denver Nuggets,0022300682,2024-01-31,DEN @ OKC,L
22023,HOU,Houston Rockets,0022300679,2024-01-31,HOU vs. NOP,L
22023,LAC,LA Clippers,0022300676,2024-01-31,LAC @ WAS,W
22023,MIL,Milwaukee Bucks,0022300683,2024-01-31,MIL @ POR,L
22023,MIN,Minnesota Timberwolves,0022300680,2024-01-31,MIN vs. DAL,W
22023,ORL,Orlando Magic,0022300681,2024-01-31,ORL @ SAS,W
22023,PHX,Phoenix Suns,0022300677,2024-01-31,PHX @ BKN,W
22023,OKC,Oklahoma City Thunder,0022300682,2024-01-31,OKC vs. DEN,W
22023,WAS,Washington Wizards,0022300676,2024-01-31,WAS vs. LAC,L
22023,DAL,Dallas Mavericks,0022300680,2024-01-31,DAL @ MIN,L
22023,MIA,Miami Heat,0022300678,2024-01-31,MIA vs. SAC,W
22023,BKN,Brooklyn Nets,0022300677,2024-01-31,BKN vs. PHX,L
22023,POR,Portland Trail Blazers,0022300683,2024-01-31,POR vs. MIL,W
22023,SAS,San Antonio Spurs,0022300681,2024-01-31,SAS vs. ORL,L
22023,DET,Detroit Pistons,0022300675,2024-01-31,DET @ CLE,L
22023,CHA,Charlotte Hornets,0022300674,2024-01-31,CHA vs. CHI,L
22023,SAC,Sacramento Kings,0022300678,2024-01-31,SAC @ MIA,L
22023,CLE,Cleveland Cavaliers,0022300687,2024-02-01,CLE @ MEM,W
22023,NYK,New York Knicks,0022300685,2024-02-01,NYK vs. IND,W
22023,PHI,Philadelphia 76ers,0022300686,2024-02-01,PHI @ UTA,W
22023,MEM,Memphis Grizzlies,0022300687,2024-02-01,MEM vs. CLE,L
22023,LAL,Los Angeles Lakers,0022300684,2024-02-01,LAL @ BOS,W
22023,IND,Indiana Pacers,0022300685,2024-02-01,IND @ NYK,L
22023,UTA,Utah Jazz,0022300686,2024-02-01,UTA vs. PHI,L
22023,BOS,Boston Celtics,0022300684,2024-02-01,BOS vs. LAL,L
22023,ATL,Atlanta Hawks,0022300690,2024-02-02,ATL vs. PHX,W
22023,GSW,Golden State Warriors,0022300693,2024-02-02,GSW @ MEM,W
22023,LAC,LA Clippers,0022300688,2024-02-02,LAC @ DET,W
22023,MIN,Minnesota Timberwolves,0022300694,2024-02-02,MIN vs. ORL,L
22023,ORL,Orlando Magic,0022300694,2024-02-02,ORL @ MIN,W
22023,IND,Indiana Pacers,0022300691,2024-02-02,IND vs. SAC,L
22023,PHX,Phoenix Suns,0022300690,2024-02-02,PHX @ ATL,L
22023,POR,Portland Trail Blazers,0022300697,2024-02-02,POR @ DEN,L
22023,OKC,Oklahoma City Thunder,0022300695,2024-02-02,OKC vs. CHA,W
22023,DET,Detroit Pistons,0022300688,2024-02-02,DET vs. LAC,L
22023,CHA,Charlotte Hornets,0022300695,2024-02-02,CHA @ OKC,L
22023,NOP,New Orleans Pelicans,0022300696,2024-02-02,NOP @ SAS,W
22023,DEN,Denver Nuggets,0022300697,2024-02-02,DEN vs. POR,W
22023,HOU,Houston Rockets,0022300692,2024-02-02,HOU vs. TOR,W
22023,MIA,Miami Heat,0022300689,2024-02-02,MIA @ WAS,W
22023,SAC,Sacramento Kings,0022300691,2024-02-02,SAC @ IND,W
22023,SAS,San Antonio Spurs,0022300696,2024-02-02,SAS vs. NOP,L
22023,TOR,Toronto Raptors,0022300692,2024-02-02,TOR @ HOU,L
22023,MEM,Memphis Grizzlies,0022300693,2024-02-02,MEM vs. GSW,L
22023,WAS,Washington Wizards,0022300689,2024-02-02,WAS vs. MIA,L
22023,ATL,Atlanta Hawks,0022300699,2024-02-03,ATL vs. GSW,W
22023,CLE,Cleveland Cavaliers,0022300703,2024-02-03,CLE @ SAS,W
22023,DAL,Dallas Mavericks,0022300702,2024-02-03,DAL vs. MIL,L
22023,GSW,Golden State Warriors,0022300699,2024-02-03,GSW @ ATL,L
22023,LAL,Los Angeles Lakers,0022300701,2024-02-03,LAL @ NYK,W
22023,MIL,Milwaukee Bucks,0022300702,2024-02-03,MIL @ DAL,W
22023,BKN,Brooklyn Nets,0022300698,2024-02-03,BKN @ PHI,W
22023,NYK,New York Knicks,0022300701,2024-02-03,NYK vs. LAL,L
22023,PHI,Philadelphia 76ers,0022300698,2024-02-03,PHI vs. BKN,L
22023,CHI,Chicago Bulls,0022300700,2024-02-03,CHI vs. SAC,L
22023,SAC,Sacramento Kings,0022300700,2024-02-03,SAC @ CHI,W
22023,SAS,San Antonio Spurs,0022300703,2024-02-03,SAS vs. CLE,L
22023,BOS,Boston Celtics,0022300706,2024-02-04,BOS vs. MEM,W
22023,MIA,Miami Heat,0022300708,2024-02-04,MIA vs. LAC,L
22023,PHX,Phoenix Suns,0022300705,2024-02-04,PHX @ WAS,W
22023,OKC,Oklahoma City Thunder,0022300710,2024-02-04,OKC vs. TOR,W
22023,TOR,Toronto Raptors,0022300710,2024-02-04,TOR @ OKC,L
22023,DET,Detroit Pistons,0022300704,2024-02-04,DET vs. ORL,L
22023,CHA,Charlotte Hornets,0022300707,2024-02-04,CHA vs. IND,L
22023,DEN,Denver Nuggets,0022300712,2024-02-04,DEN vs. POR,W
22023,HOU,Houston Rockets,0022300709,2024-02-04,HOU @ MIN,L
22023,IND,Indiana Pacers,0022300707,2024-02-04,IND @ CHA,W
22023,POR,Portland Trail Blazers,0022300712,2024-02-04,POR @ DEN,L
22023,UTA,Utah Jazz,0022300711,2024-02-04,UTA vs. MIL,W
22023,MEM,Memphis Grizzlies,0022300706,2024-02-04,MEM @ BOS,L
22023,WAS,Washington Wizards,0022300705,2024-02-04,WAS vs. PHX,L
22023,LAC,LA Clippers,0022300708,2024-02-04,LAC @ MIA,W
22023,MIL,Milwaukee Bucks,0022300711,2024-02-04,MIL @ UTA,L
22023,MIN,Minnesota Timberwolves,0022300709,2024-02-04,MIN vs. HOU,W
22023,ORL,Orlando Magic,0022300704,2024-02-04,ORL @ DET,W
22023,ATL,Atlanta Hawks,0022300716,2024-02-05,ATL vs. LAC,L
22023,DAL,Dallas Mavericks,0022300715,2024-02-05,DAL @ PHI,W
22023,LAC,LA Clippers,0022300716,2024-02-05,LAC @ ATL,W
22023,BKN,Brooklyn Nets,0022300717,2024-02-05,BKN vs. GSW,L
22023,SAC,Sacramento Kings,0022300714,2024-02-05,SAC @ CLE,L
22023,CHA,Charlotte Hornets,0022300713,2024-02-05,CHA vs. LAL,L
22023,CLE,Cleveland Cavaliers,0022300714,2024-02-05,CLE vs. SAC,W
22023,NOP,New Orleans Pelicans,0022300718,2024-02-05,NOP vs. TOR,W
22023,GSW,Golden State Warriors,0022300717,2024-02-05,GSW @ BKN,W
22023,LAL,Los Angeles Lakers,0022300713,2024-02-05,LAL @ CHA,W
22023,PHI,Philadelphia 76ers,0022300715,2024-02-05,PHI vs. DAL,L
22023,TOR,Toronto Raptors,0022300718,2024-02-05,TOR @ NOP,L
22023,MIA,Miami Heat,0022300721,2024-02-06,MIA vs. ORL,W
22023,MIL,Milwaukee Bucks,0022300725,2024-02-06,MIL @ PHX,L
22023,NYK,New York Knicks,0022300722,2024-02-06,NYK vs. MEM,W
22023,IND,Indiana Pacers,0022300719,2024-02-06,IND vs. HOU,W
22023,PHX,Phoenix Suns,0022300725,2024-02-06,PHX vs. MIL,W
22023,UTA,Utah Jazz,0022300724,2024-02-06,UTA vs. OKC,W
22023,CHI,Chicago Bulls,0022300723,2024-02-06,CHI vs. MIN,W
22023,DAL,Dallas Mavericks,0022300720,2024-02-06,DAL @ BKN,W
22023,MIN,Minnesota Timberwolves,0022300723,2024-02-06,MIN @ CHI,L
22023,BKN,Brooklyn Nets,0022300720,2024-02-06,BKN vs. DAL,L
22023,OKC,Oklahoma City Thunder,0022300724,2024-02-06,OKC @ UTA,L
22023,MEM,Memphis Grizzlies,0022300722,2024-02-06,MEM @ NYK,L
22023,HOU,Houston Rockets,0022300719,2024-02-06,HOU @ IND,L
22023,ORL,Orlando Magic,0022300721,2024-02-06,ORL @ MIA,L
22023,ATL,Atlanta Hawks,0022300729,2024-02-07,ATL @ BOS,L
22023,CLE,Cleveland Cavaliers,0022300728,2024-02-07,CLE @ WAS,W
22023,MIA,Miami Heat,0022300730,2024-02-07,MIA vs. SAS,W
22023,SAC,Sacramento Kings,0022300732,2024-02-07,SAC vs. DET,L
22023,TOR,Toronto Raptors,0022300726,2024-02-07,TOR @ CHA,W
22023,CHA,Charlotte Hornets,0022300726,2024-02-07,CHA vs. TOR,L
22023,BOS,Boston Celtics,0022300729,2024-02-07,BOS vs. ATL,W
22023,NOP,New Orleans Pelicans,0022300731,2024-02-07,NOP @ LAC,W
22023,GSW,Golden State Warriors,0022300727,2024-02-07,GSW @ PHI,W
22023,LAC,LA Clippers,0022300731,2024-02-07,LAC vs. NOP,L
22023,PHI,Philadelphia 76ers,0022300727,2024-02-07,PHI vs. GSW,L
22023,SAS,San Antonio Spurs,0022300730,2024-02-07,SAS @ MIA,L
22023,WAS,Washington Wizards,0022300728,2024-02-07,WAS vs. CLE,L
22023,DET,Detroit Pistons,0022300732,2024-02-07,DET @ SAC,W
22023,CLE,Cleveland Cavaliers,0022300735,2024-02-08,CLE @ BKN,W
22023,CHI,Chicago Bulls,0022300737,2024-02-08,CHI @ MEM,W
22023,DEN,Denver Nuggets,0022300740,2024-02-08,DEN @ LAL,W
22023,GSW,Golden State Warriors,0022300733,2024-02-08,GSW @ IND,W
22023,MIL,Milwaukee Bucks,0022300738,2024-02-08,MIL vs. MIN,L
22023,MIN,Minnesota Timberwolves,0022300738,2024-02-08,MIN @ MIL,W
22023,NYK,New York Knicks,0022300736,2024-02-08,NYK vs. DAL,L
22023,ORL,Orlando Magic,0022300734,2024-02-08,ORL vs. SAS,W
22023,UTA,Utah Jazz,0022300739,2024-02-08,UTA @ PHX,L
22023,DAL,Dallas Mavericks,0022300736,2024-02-08,DAL @ NYK,W
22023,LAL,Los Angeles Lakers,0022300740,2024-02-08,LAL vs. DEN,L
22023,BKN,Brooklyn Nets,0022300735,2024-02-08,BKN vs. CLE,L
22023,IND,Indiana Pacers,0022300733,2024-02-08,IND vs. GSW,L
22023,PHX,Phoenix Suns,0022300739,2024-02-08,PHX vs. UTA,W
22023,SAS,San Antonio Spurs,0022300734,2024-02-08,SAS @ ORL,L
22023,MEM,Memphis Grizzlies,0022300737,2024-02-08,MEM vs. CHI,L
22023,POR,Portland Trail Blazers,0022300741,2024-02-08,POR vs. DET,L
22023,DET,Detroit Pistons,0022300741,2024-02-08,DET @ POR,W
22023,LAL,Los Angeles Lakers,0022300747,2024-02-09,LAL vs. NOP,W
22023,WAS,Washington Wizards,0022300743,2024-02-09,WAS @ BOS,L
22023,CHA,Charlotte Hornets,0022300745,2024-02-09,CHA @ MIL,L
22023,ATL,Atlanta Hawks,0022300742,2024-02-09,ATL @ PHI,W
22023,BOS,Boston Celtics,0022300743,2024-02-09,BOS vs. WAS,W
22023,NOP,New Orleans Pelicans,0022300747,2024-02-09,NOP @ LAL,L
22023,DEN,Denver Nuggets,0022300746,2024-02-09,DEN @ SAC,L
22023,HOU,Houston Rockets,0022300744,2024-02-09,HOU @ TOR,L
22023,MIL,Milwaukee Bucks,0022300745,2024-02-09,MIL vs. CHA,W
22023,PHI,Philadelphia 76ers,0022300742,2024-02-09,PHI vs. ATL,L
22023,SAC,Sacramento Kings,0022300746,2024-02-09,SAC vs. DEN,W
22023,TOR,Toronto Raptors,0022300744,2024-02-09,TOR vs. HOU,W
22023,ATL,Atlanta Hawks,0022300754,2024-02-10,ATL vs. HOU,W
22023,BKN,Brooklyn Nets,0022300750,2024-02-10,BKN vs. SAS,W
22023,ORL,Orlando Magic,0022300752,2024-02-10,ORL vs. CHI,W
22023,PHX,Phoenix Suns,0022300757,2024-02-10,PHX @ GSW,L
22023,MEM,Memphis Grizzlies,0022300751,2024-02-10,MEM @ CHA,L
22023,DET,Detroit Pistons,0022300749,2024-02-10,DET @ LAC,L
22023,CHA,Charlotte Hornets,0022300751,2024-02-10,CHA vs. MEM,W
22023,CLE,Cleveland Cavaliers,0022300756,2024-02-10,CLE @ TOR,W
22023,NOP,New Orleans Pelicans,0022300758,2024-02-10,NOP @ POR,W
22023,CHI,Chicago Bulls,0022300752,2024-02-10,CHI @ ORL,L
22023,HOU,Houston Rockets,0022300754,2024-02-10,HOU @ ATL,L
22023,LAC,LA Clippers,0022300749,2024-02-10,LAC vs. DET,W
22023,NYK,New York Knicks,0022300755,2024-02-10,NYK vs. IND,L
22023,IND,Indiana Pacers,0022300755,2024-02-10,IND @ NYK,W
22023,PHI,Philadelphia 76ers,0022300753,2024-02-10,PHI @ WAS,W
22023,POR,Portland Trail Blazers,0022300758,2024-02-10,POR vs. NOP,L
22023,SAS,San Antonio Spurs,0022300750,2024-02-10,SAS @ BKN,L
22023,OKC,Oklahoma City Thunder,0022300748,2024-02-10,OKC @ DAL,L
22023,TOR,Toronto Raptors,0022300756,2024-02-10,TOR vs. CLE,L
22023,WAS,Washington Wizards,0022300753,2024-02-10,WAS vs. PHI,L
22023,DAL,Dallas Mavericks,0022300748,2024-02-10,DAL vs. OKC,W
22023,GSW,Golden State Warriors,0022300757,2024-02-10,GSW vs. PHX,W
22023,BOS,Boston Celtics,0022300759,2024-02-11,BOS @ MIA,W
22023,MIA,Miami Heat,0022300759,2024-02-11,MIA vs. BOS,L
22023,SAC,Sacramento Kings,0022300760,2024-02-11,SAC @ OKC,L
22023,OKC,Oklahoma City Thunder,0022300760,2024-02-11,OKC vs. SAC,W
22023,ATL,Atlanta Hawks,0022300763,2024-02-12,ATL vs. CHI,L
22023,CLE,Cleveland Cavaliers,0022300762,2024-02-12,CLE vs. PHI,L
22023,DAL,Dallas Mavericks,0022300768,2024-02-12,DAL vs. WAS,W
22023,GSW,Golden State Warriors,0022300769,2024-02-12,GSW @ UTA,W
22023,LAC,LA Clippers,0022300770,2024-02-12,LAC vs. MIN,L
22023,NYK,New York Knicks,0022300765,2024-02-12,NYK @ HOU,L
22023,TOR,Toronto Raptors,0022300764,2024-02-12,TOR vs. SAS,L
22023,WAS,Washington Wizards,0022300768,2024-02-12,WAS @ DAL,L
22023,NOP,New Orleans Pelicans,0022300766,2024-02-12,NOP @ MEM,W
22023,CHI,Chicago Bulls,0022300763,2024-02-12,CHI @ ATL,W
22023,DEN,Denver Nuggets,0022300767,2024-02-12,DEN @ MIL,L
22023,HOU,Houston Rockets,0022300765,2024-02-12,HOU vs. NYK,W
22023,MIL,Milwaukee Bucks,0022300767,2024-02-12,MIL vs. DEN,W
22023,MIN,Minnesota Timberwolves,0022300770,2024-02-12,MIN @ LAC,W
22023,PHI,Philadelphia 76ers,0022300762,2024-02-12,PHI @ CLE,W
22023,SAS,San Antonio Spurs,0022300764,2024-02-12,SAS @ TOR,W
22023,UTA,Utah Jazz,0022300769,2024-02-12,UTA vs. GSW,L
22023,MEM,Memphis Grizzlies,0022300766,2024-02-12,MEM vs. NOP,L
22023,IND,Indiana Pacers,0022300761,2024-02-12,IND @ CHA,L
22023,CHA,Charlotte Hornets,0022300761,2024-02-12,CHA vs. IND,W
22023,BOS,Boston Celtics,0022300771,2024-02-13,BOS @ BKN,W
22023,MIA,Miami Heat,0022300773,2024-02-13,MIA @ MIL,W
22023,MIL,Milwaukee Bucks,0022300773,2024-02-13,MIL vs. MIA,L
22023,MIN,Minnesota Timberwolves,0022300775,2024-02-13,MIN @ POR,W
22023,BKN,Brooklyn Nets,0022300771,2024-02-13,BKN vs. BOS,L
22023,PHX,Phoenix Suns,0022300774,2024-02-13,PHX vs. SAC,W
22023,DET,Detroit Pistons,0022300776,2024-02-13,DET @ LAL,L
22023,LAL,Los Angeles Lakers,0022300776,2024-02-13,LAL vs. DET,W
22023,ORL,Orlando Magic,0022300772,2024-02-13,ORL vs. OKC,L
22023,POR,Portland Trail Blazers,0022300775,2024-02-13,POR vs. MIN,L
22023,SAC,Sacramento Kings,0022300774,2024-02-13,SAC @ PHX,L
22023,OKC,Oklahoma City Thunder,0022300772,2024-02-13,OKC @ ORL,W
22023,DEN,Denver Nuggets,0022300786,2024-02-14,DEN vs. SAC,L
22023,GSW,Golden State Warriors,0022300789,2024-02-14,GSW vs. LAC,L
22023,LAC,LA Clippers,0022300789,2024-02-14,LAC @ GSW,W
22023,LAL,Los Angeles Lakers,0022300788,2024-02-14,LAL @ UTA,W
22023,MIA,Miami Heat,0022300779,2024-02-14,MIA @ PHI,W
22023,ORL,Orlando Magic,0022300778,2024-02-14,ORL vs. NYK,W
22023,SAC,Sacramento Kings,0022300786,2024-02-14,SAC @ DEN,W
22023,SAS,San Antonio Spurs,0022300785,2024-02-14,SAS @ DAL,L
22023,TOR,Toronto Raptors,0022300782,2024-02-14,TOR vs. IND,L
22023,MEM,Memphis Grizzlies,0022300783,2024-02-14,MEM vs. HOU,W
22023,DET,Detroit Pistons,0022300787,2024-02-14,DET @ PHX,L
22023,ATL,Atlanta Hawks,0022300777,2024-02-14,ATL @ CHA,L
22023,BOS,Boston Celtics,0022300780,2024-02-14,BOS vs. BKN,W
22023,CLE,Cleveland Cavaliers,0022300781,2024-02-14,CLE vs. CHI,W
22023,NOP,New Orleans Pelicans,0022300784,2024-02-14,NOP vs. WAS,W
22023,CHI,Chicago Bulls,0022300781,2024-02-14,CHI @ CLE,L
22023,DAL,Dallas Mavericks,0022300785,2024-02-14,DAL vs. SAS,W
22023,HOU,Houston Rockets,0022300783,2024-02-14,HOU @ MEM,L
22023,BKN,Brooklyn Nets,0022300780,2024-02-14,BKN @ BOS,L
22023,NYK,New York Knicks,0022300778,2024-02-14,NYK @ ORL,L
22023,IND,Indiana Pacers,0022300782,2024-02-14,IND @ TOR,W
22023,PHI,Philadelphia 76ers,0022300779,2024-02-14,PHI vs. MIA,L
22023,PHX,Phoenix Suns,0022300787,2024-02-14,PHX vs. DET,W
22023,UTA,Utah Jazz,0022300788,2024-02-14,UTA vs. LAL,L
22023,WAS,Washington Wizards,0022300784,2024-02-14,WAS @ NOP,L
22023,CHA,Charlotte Hornets,0022300777,2024-02-14,CHA vs. ATL,W
22023,GSW,Golden State Warriors,0022300576,2024-02-15,GSW @ UTA,W
22023,MEM,Memphis Grizzlies,0022300790,2024-02-15,MEM vs. MIL,W
22023,MIL,Milwaukee Bucks,0022300790,2024-02-15,MIL @ MEM,L
22023,MIN,Minnesota Timberwolves,0022300791,2024-02-15,MIN @ POR,W
22023,POR,Portland Trail Blazers,0022300791,2024-02-15,POR vs. MIN,L
22023,UTA,Utah Jazz,0022300576,2024-02-15,UTA vs. GSW,L
22023,CLE,Cleveland Cavaliers,0022300792,2024-02-22,CLE vs. ORL,L
22023,NOP,New Orleans Pelicans,0022300798,2024-02-22,NOP vs. HOU,W
22023,CHI,Chicago Bulls,0022300797,2024-02-22,CHI vs. BOS,L
22023,DAL,Dallas Mavericks,0022300796,2024-02-22,DAL vs. PHX,W
22023,GSW,Golden State Warriors,0022300802,2024-02-22,GSW vs. LAL,W
22023,LAL,Los Angeles Lakers,0022300802,2024-02-22,LAL @ GSW,L
22023,IND,Indiana Pacers,0022300793,2024-02-22,IND vs. DET,W
22023,PHX,Phoenix Suns,0022300796,2024-02-22,PHX @ DAL,L
22023,OKC,Oklahoma City Thunder,0022300799,2024-02-22,OKC vs. LAC,W
22023,TOR,Toronto Raptors,0022300795,2024-02-22,TOR vs. BKN,W
22023,UTA,Utah Jazz,0022300801,2024-02-22,UTA vs. CHA,L
22023,WAS,Washington Wizards,0022300800,2024-02-22,WAS @ DEN,L
22023,BOS,Boston Celtics,0022300797,2024-02-22,BOS @ CHI,W
22023,DEN,Denver Nuggets,0022300800,2024-02-22,DEN vs. WAS,W
22023,HOU,Houston Rockets,0022300798,2024-02-22,HOU @ NOP,L
22023,LAC,LA Clippers,0022300799,2024-02-22,LAC @ OKC,L
22023,NYK,New York Knicks,0022300794,2024-02-22,NYK @ PHI,W
22023,ORL,Orlando Magic,0022300792,2024-02-22,ORL @ CLE,W
22023,PHI,Philadelphia 76ers,0022300794,2024-02-22,PHI vs. NYK,L
22023,SAC,Sacramento Kings,0022300803,2024-02-22,SAC vs. SAS,W
22023,SAS,San Antonio Spurs,0022300803,2024-02-22,SAS @ SAC,L
22023,DET,Detroit Pistons,0022300793,2024-02-22,DET @ IND,L
22023,CHA,Charlotte Hornets,0022300801,2024-02-22,CHA @ UTA,W
22023,BKN,Brooklyn Nets,0022300795,2024-02-22,BKN @ TOR,L
22023,DEN,Denver Nuggets,0022300812,2024-02-23,DEN @ POR,W
22023,LAC,LA Clippers,0022300807,2024-02-23,LAC @ MEM,W
22023,MIL,Milwaukee Bucks,0022300808,2024-02-23,MIL @ MIN,W
22023,PHI,Philadelphia 76ers,0022300805,2024-02-23,PHI vs. CLE,W
22023,PHX,Phoenix Suns,0022300806,2024-02-23,PHX @ HOU,L
22023,POR,Portland Trail Blazers,0022300812,2024-02-23,POR vs. DEN,L
22023,SAS,San Antonio Spurs,0022300813,2024-02-23,SAS @ LAL,L
22023,OKC,Oklahoma City Thunder,0022300809,2024-02-23,OKC vs. WAS,W
22023,MEM,Memphis Grizzlies,0022300807,2024-02-23,MEM vs. LAC,L
22023,CHA,Charlotte Hornets,0022300811,2024-02-23,CHA @ GSW,L
22023,ATL,Atlanta Hawks,0022300804,2024-02-23,ATL vs. TOR,L
22023,CLE,Cleveland Cavaliers,0022300805,2024-02-23,CLE @ PHI,L
22023,GSW,Golden State Warriors,0022300811,2024-02-23,GSW vs. CHA,W
22023,HOU,Houston Rockets,0022300806,2024-02-23,HOU vs. PHX,W
22023,LAL,Los Angeles Lakers,0022300813,2024-02-23,LAL vs. SAS,W
22023,MIA,Miami Heat,0022300810,2024-02-23,MIA @ NOP,W
22023,MIN,Minnesota Timberwolves,0022300808,2024-02-23,MIN vs. MIL,L
22023,TOR,Toronto Raptors,0022300804,2024-02-23,TOR @ ATL,W
22023,WAS,Washington Wizards,0022300809,2024-02-23,WAS @ OKC,L
22023,NOP,New Orleans Pelicans,0022300810,2024-02-23,NOP vs. MIA,L
22023,BOS,Boston Celtics,0022300816,2024-02-24,BOS @ NYK,W
22023,MIN,Minnesota Timberwolves,0022300815,2024-02-24,MIN vs. BKN,W
22023,ORL,Orlando Magic,0022300814,2024-02-24,ORL @ DET,W
22023,DET,Detroit Pistons,0022300814,2024-02-24,DET vs. ORL,L
22023,BKN,Brooklyn Nets,0022300815,2024-02-24,BKN @ MIN,L
22023,NYK,New York Knicks,0022300816,2024-02-24,NYK vs. BOS,L
22023,NOP,New Orleans Pelicans,0022300823,2024-02-25,NOP vs. CHI,L
22023,CHI,Chicago Bulls,0022300823,2024-02-25,CHI @ NOP,W
22023,GSW,Golden State Warriors,0022300824,2024-02-25,GSW vs. DEN,L
22023,IND,Indiana Pacers,0022300819,2024-02-25,IND vs. DAL,W
22023,POR,Portland Trail Blazers,0022300826,2024-02-25,POR vs. CHA,L
22023,SAS,San Antonio Spurs,0022300825,2024-02-25,SAS @ UTA,L
22023,UTA,Utah Jazz,0022300825,2024-02-25,UTA vs. SAS,W
22023,CLE,Cleveland Cavaliers,0022300820,2024-02-25,CLE @ WAS,W
22023,DAL,Dallas Mavericks,0022300819,2024-02-25,DAL @ IND,L
22023,DEN,Denver Nuggets,0022300824,2024-02-25,DEN @ GSW,W
22023,HOU,Houston Rockets,0022300822,2024-02-25,HOU vs. OKC,L
22023,LAC,LA Clippers,0022300827,2024-02-25,LAC vs. SAC,L
22023,LAL,Los Angeles Lakers,0022300818,2024-02-25,LAL @ PHX,L
22023,MIL,Milwaukee Bucks,0022300817,2024-02-25,MIL @ PHI,W
22023,ORL,Orlando Magic,0022300821,2024-02-25,ORL @ ATL,L
22023,PHI,Philadelphia 76ers,0022300817,2024-02-25,PHI vs. MIL,L
22023,PHX,Phoenix Suns,0022300818,2024-02-25,PHX vs. LAL,W
22023,SAC,Sacramento Kings,0022300827,2024-02-25,SAC @ LAC,W
22023,OKC,Oklahoma City Thunder,0022300822,2024-02-25,OKC @ HOU,W
22023,WAS,Washington Wizards,0022300820,2024-02-25,WAS vs. CLE,L
22023,CHA,Charlotte Hornets,0022300826,2024-02-25,CHA @ POR,W
22023,ATL,Atlanta Hawks,0022300821,2024-02-25,ATL vs. ORL,W
22023,NYK,New York Knicks,0022300828,2024-02-26,NYK vs. DET,W
22023,TOR,Toronto Raptors,0022300829,2024-02-26,TOR @ IND,W
22023,MIA,Miami Heat,0022300831,2024-02-26,MIA @ SAC,W
22023,BKN,Brooklyn Nets,0022300830,2024-02-26,BKN @ MEM,W
22023,IND,Indiana Pacers,0022300829,2024-02-26,IND vs. TOR,L
22023,MEM,Memphis Grizzlies,0022300830,2024-02-26,MEM vs. BKN,L
22023,DET,Detroit Pistons,0022300828,2024-02-26,DET @ NYK,L
22023,SAC,Sacramento Kings,0022300831,2024-02-26,SAC vs. MIA,L
22023,ATL,Atlanta Hawks,0022300835,2024-02-27,ATL vs. UTA,W
22023,MIA,Miami Heat,0022300842,2024-02-27,MIA @ POR,W
22023,MIN,Minnesota Timberwolves,0022300838,2024-02-27,MIN vs. SAS,W
22023,PHI,Philadelphia 76ers,0022300836,2024-02-27,PHI @ BOS,L
22023,POR,Portland Trail Blazers,0022300842,2024-02-27,POR vs. MIA,L
22023,UTA,Utah Jazz,0022300835,2024-02-27,UTA @ ATL,L
22023,DET,Detroit Pistons,0022300839,2024-02-27,DET @ CHI,W
22023,CHA,Charlotte Hornets,0022300840,2024-02-27,CHA @ MIL,L
22023,BOS,Boston Celtics,0022300836,2024-02-27,BOS vs. PHI,W
22023,CHI,Chicago Bulls,0022300839,2024-02-27,CHI vs. DET,L
22023,DAL,Dallas Mavericks,0022300832,2024-02-27,DAL @ CLE,L
22023,GSW,Golden State Warriors,0022300834,2024-02-27,GSW @ WAS,W
22023,HOU,Houston Rockets,0022300841,2024-02-27,HOU @ OKC,L
22023,MIL,Milwaukee Bucks,0022300840,2024-02-27,MIL vs. CHA,W
22023,NYK,New York Knicks,0022300837,2024-02-27,NYK vs. NOP,L
22023,ORL,Orlando Magic,0022300833,2024-02-27,ORL vs. BKN,W
22023,SAS,San Antonio Spurs,0022300838,2024-02-27,SAS @ MIN,L
22023,OKC,Oklahoma City Thunder,0022300841,2024-02-27,OKC vs. HOU,W
22023,WAS,Washington Wizards,0022300834,2024-02-27,WAS vs. GSW,L
22023,CLE,Cleveland Cavaliers,0022300832,2024-02-27,CLE vs. DAL,W
22023,NOP,New Orleans Pelicans,0022300837,2024-02-27,NOP @ NYK,W
22023,BKN,Brooklyn Nets,0022300833,2024-02-27,BKN @ ORL,L
22023,NOP,New Orleans Pelicans,0022300843,2024-02-28,NOP @ IND,L
22023,CHI,Chicago Bulls,0022300846,2024-02-28,CHI vs. CLE,W
22023,DEN,Denver Nuggets,0022300847,2024-02-28,DEN vs. SAC,W
22023,MEM,Memphis Grizzlies,0022300845,2024-02-28,MEM @ MIN,L
22023,CLE,Cleveland Cavaliers,0022300846,2024-02-28,CLE @ CHI,L
22023,DAL,Dallas Mavericks,0022300844,2024-02-28,DAL @ TOR,W
22023,LAC,LA Clippers,0022300848,2024-02-28,LAC vs. LAL,L
22023,LAL,Los Angeles Lakers,0022300848,2024-02-28,LAL @ LAC,W
22023,MIN,Minnesota Timberwolves,0022300845,2024-02-28,MIN vs. MEM,W
22023,SAC,Sacramento Kings,0022300847,2024-02-28,SAC @ DEN,L
22023,TOR,Toronto Raptors,0022300844,2024-02-28,TOR vs. DAL,L
22023,IND,Indiana Pacers,0022300843,2024-02-28,IND vs. NOP,W
22023,ATL,Atlanta Hawks,0022300851,2024-02-29,ATL @ BKN,L
22023,DEN,Denver Nuggets,0022300855,2024-02-29,DEN vs. MIA,W
22023,LAL,Los Angeles Lakers,0022300856,2024-02-29,LAL vs. WAS,W
22023,MIL,Milwaukee Bucks,0022300849,2024-02-29,MIL @ CHA,W
22023,NYK,New York Knicks,0022300852,2024-02-29,NYK vs. GSW,L
22023,PHX,Phoenix Suns,0022300854,2024-02-29,PHX vs. HOU,W
22023,OKC,Oklahoma City Thunder,0022300853,2024-02-29,OKC @ SAS,L
22023,GSW,Golden State Warriors,0022300852,2024-02-29,GSW @ NYK,W
22023,HOU,Houston Rockets,0022300854,2024-02-29,HOU @ PHX,L
22023,MIA,Miami Heat,0022300855,2024-02-29,MIA @ DEN,L
22023,BKN,Brooklyn Nets,0022300851,2024-02-29,BKN vs. ATL,W
22023,UTA,Utah Jazz,0022300850,2024-02-29,UTA @ ORL,L
22023,CHA,Charlotte Hornets,0022300849,2024-02-29,CHA vs. MIL,L
22023,ORL,Orlando Magic,0022300850,2024-02-29,ORL vs. UTA,W
22023,SAS,San Antonio Spurs,0022300853,2024-02-29,SAS vs. OKC,W
22023,WAS,Washington Wizards,0022300856,2024-02-29,WAS @ LAL,L
22023,CLE,Cleveland Cavaliers,0022300857,2024-03-01,CLE @ DET,W
22023,NOP,New Orleans Pelicans,0022300863,2024-03-01,NOP vs. IND,W
22023,CHI,Chicago Bulls,0022300864,2024-03-01,CHI vs. MIL,L
22023,GSW,Golden State Warriors,0022300860,2024-03-01,GSW @ TOR,W
22023,LAC,LA Clippers,0022300865,2024-03-01,LAC vs. WAS,W
22023,MIL,Milwaukee Bucks,0022300864,2024-03-01,MIL @ CHI,W
22023,MIN,Minnesota Timberwolves,0022300862,2024-03-01,MIN vs. SAC,L
22023,IND,Indiana Pacers,0022300863,2024-03-01,IND @ NOP,L
22023,POR,Portland Trail Blazers,0022300861,2024-03-01,POR @ MEM,W
22023,TOR,Toronto Raptors,0022300860,2024-03-01,TOR vs. GSW,L
22023,WAS,Washington Wizards,0022300865,2024-03-01,WAS @ LAC,L
22023,CHA,Charlotte Hornets,0022300858,2024-03-01,CHA @ PHI,L
22023,BOS,Boston Celtics,0022300859,2024-03-01,BOS vs. DAL,W
22023,DAL,Dallas Mavericks,0022300859,2024-03-01,DAL @ BOS,L
22023,PHI,Philadelphia 76ers,0022300858,2024-03-01,PHI vs. CHA,W
22023,SAC,Sacramento Kings,0022300862,2024-03-01,SAC @ MIN,W
22023,DET,Detroit Pistons,0022300857,2024-03-01,DET vs. CLE,L
22023,MEM,Memphis Grizzlies,0022300861,2024-03-01,MEM vs. POR,L
22023,LAL,Los Angeles Lakers,0022300869,2024-03-02,LAL vs. DEN,L
22023,MIA,Miami Heat,0022300867,2024-03-02,MIA vs. UTA,W
22023,ATL,Atlanta Hawks,0022300866,2024-03-02,ATL @ BKN,L
22023,DEN,Denver Nuggets,0022300869,2024-03-02,DEN @ LAL,W
22023,HOU,Houston Rockets,0022300870,2024-03-02,HOU @ PHX,W
22023,BKN,Brooklyn Nets,0022300866,2024-03-02,BKN vs. ATL,W
22023,PHX,Phoenix Suns,0022300870,2024-03-02,PHX vs. HOU,L
22023,POR,Portland Trail Blazers,0022300868,2024-03-02,POR @ MEM,W
22023,UTA,Utah Jazz,0022300867,2024-03-02,UTA @ MIA,L
22023,MEM,Memphis Grizzlies,0022300868,2024-03-02,MEM vs. POR,L
22023,CLE,Cleveland Cavaliers,0022300876,2024-03-03,CLE vs. NYK,L
22023,MIN,Minnesota Timberwolves,0022300873,2024-03-03,MIN vs. LAC,L
22023,NYK,New York Knicks,0022300876,2024-03-03,NYK @ CLE,W
22023,IND,Indiana Pacers,0022300877,2024-03-03,IND @ SAS,L
22023,PHX,Phoenix Suns,0022300878,2024-03-03,PHX vs. OKC,L
22023,SAS,San Antonio Spurs,0022300877,2024-03-03,SAS vs. IND,W
22023,DET,Detroit Pistons,0022300874,2024-03-03,DET @ ORL,L
22023,CHA,Charlotte Hornets,0022300875,2024-03-03,CHA @ TOR,L
22023,BOS,Boston Celtics,0022300872,2024-03-03,BOS vs. GSW,W
22023,DAL,Dallas Mavericks,0022300871,2024-03-03,DAL vs. PHI,L
22023,GSW,Golden State Warriors,0022300872,2024-03-03,GSW @ BOS,L
22023,LAC,LA Clippers,0022300873,2024-03-03,LAC @ MIN,W
22023,ORL,Orlando Magic,0022300874,2024-03-03,ORL vs. DET,W
22023,PHI,Philadelphia 76ers,0022300871,2024-03-03,PHI @ DAL,W
22023,OKC,Oklahoma City Thunder,0022300878,2024-03-03,OKC @ PHX,W
22023,TOR,Toronto Raptors,0022300875,2024-03-03,TOR vs. CHA,W
22023,LAC,LA Clippers,0022300880,2024-03-04,LAC @ MIL,L
22023,SAC,Sacramento Kings,0022300883,2024-03-04,SAC vs. CHI,L
22023,OKC,Oklahoma City Thunder,0022300884,2024-03-04,OKC @ LAL,L
22023,UTA,Utah Jazz,0022300882,2024-03-04,UTA vs. WAS,W
22023,CHI,Chicago Bulls,0022300883,2024-03-04,CHI @ SAC,W
22023,LAL,Los Angeles Lakers,0022300884,2024-03-04,LAL vs. OKC,W
22023,MIL,Milwaukee Bucks,0022300880,2024-03-04,MIL vs. LAC,W
22023,MIN,Minnesota Timberwolves,0022300881,2024-03-04,MIN vs. POR,W
22023,BKN,Brooklyn Nets,0022300879,2024-03-04,BKN vs. MEM,L
22023,POR,Portland Trail Blazers,0022300881,2024-03-04,POR @ MIN,L
22023,MEM,Memphis Grizzlies,0022300879,2024-03-04,MEM @ BKN,W
22023,WAS,Washington Wizards,0022300882,2024-03-04,WAS @ UTA,L
22023,ATL,Atlanta Hawks,0022300889,2024-03-05,ATL @ NYK,W
22023,BOS,Boston Celtics,0022300886,2024-03-05,BOS @ CLE,L
22023,NOP,New Orleans Pelicans,0022300890,2024-03-05,NOP @ TOR,W
22023,DAL,Dallas Mavericks,0022300892,2024-03-05,DAL vs. IND,L
22023,MIA,Miami Heat,0022300888,2024-03-05,MIA vs. DET,W
22023,NYK,New York Knicks,0022300889,2024-03-05,NYK vs. ATL,L
22023,ORL,Orlando Magic,0022300885,2024-03-05,ORL @ CHA,W
22023,SAS,San Antonio Spurs,0022300891,2024-03-05,SAS @ HOU,L
22023,TOR,Toronto Raptors,0022300890,2024-03-05,TOR vs. NOP,L
22023,CLE,Cleveland Cavaliers,0022300886,2024-03-05,CLE vs. BOS,W
22023,DEN,Denver Nuggets,0022300893,2024-03-05,DEN vs. PHX,L
22023,BKN,Brooklyn Nets,0022300887,2024-03-05,BKN vs. PHI,W
22023,IND,Indiana Pacers,0022300892,2024-03-05,IND @ DAL,W
22023,PHI,Philadelphia 76ers,0022300887,2024-03-05,PHI @ BKN,L
22023,PHX,Phoenix Suns,0022300893,2024-03-05,PHX @ DEN,W
22023,DET,Detroit Pistons,0022300888,2024-03-05,DET @ MIA,L
22023,CHA,Charlotte Hornets,0022300885,2024-03-05,CHA vs. ORL,L
22023,HOU,Houston Rockets,0022300891,2024-03-05,HOU vs. SAS,W
22023,ATL,Atlanta Hawks,0022300895,2024-03-06,ATL vs. CLE,W
22023,CHI,Chicago Bulls,0022300898,2024-03-06,CHI @ UTA,W
22023,LAC,LA Clippers,0022300897,2024-03-06,LAC @ HOU,W
22023,ORL,Orlando Magic,0022300894,2024-03-06,ORL @ WAS,W
22023,PHI,Philadelphia 76ers,0022300896,2024-03-06,PHI vs. MEM,L
22023,POR,Portland Trail Blazers,0022300900,2024-03-06,POR vs. OKC,L
22023,UTA,Utah Jazz,0022300898,2024-03-06,UTA vs. CHI,L
22023,MEM,Memphis Grizzlies,0022300896,2024-03-06,MEM @ PHI,W
22023,WAS,Washington Wizards,0022300894,2024-03-06,WAS vs. ORL,L
22023,CLE,Cleveland Cavaliers,0022300895,2024-03-06,CLE @ ATL,L
22023,GSW,Golden State Warriors,0022300899,2024-03-06,GSW vs. MIL,W
22023,HOU,Houston Rockets,0022300897,2024-03-06,HOU vs. LAC,L
22023,LAL,Los Angeles Lakers,0022300901,2024-03-06,LAL vs. SAC,L
22023,MIL,Milwaukee Bucks,0022300899,2024-03-06,MIL @ GSW,L
22023,SAC,Sacramento Kings,0022300901,2024-03-06,SAC @ LAL,W
22023,OKC,Oklahoma City Thunder,0022300900,2024-03-06,OKC @ POR,W
22023,BOS,Boston Celtics,0022300906,2024-03-07,BOS @ DEN,L
22023,DEN,Denver Nuggets,0022300906,2024-03-07,DEN vs. BOS,W
22023,GSW,Golden State Warriors,0022300907,2024-03-07,GSW vs. CHI,L
22023,MIA,Miami Heat,0022300904,2024-03-07,MIA @ DAL,L
22023,IND,Indiana Pacers,0022300903,2024-03-07,IND vs. MIN,L
22023,SAC,Sacramento Kings,0022300908,2024-03-07,SAC vs. SAS,W
22023,SAS,San Antonio Spurs,0022300908,2024-03-07,SAS @ SAC,L
22023,TOR,Toronto Raptors,0022300905,2024-03-07,TOR @ PHX,L
22023,CHI,Chicago Bulls,0022300907,2024-03-07,CHI @ GSW,W
22023,MIN,Minnesota Timberwolves,0022300903,2024-03-07,MIN @ IND,W
22023,PHX,Phoenix Suns,0022300905,2024-03-07,PHX vs. TOR,W
22023,DET,Detroit Pistons,0022300902,2024-03-07,DET vs. BKN,W
22023,DAL,Dallas Mavericks,0022300904,2024-03-07,DAL vs. MIA,W
22023,BKN,Brooklyn Nets,0022300902,2024-03-07,BKN @ DET,L
22023,CLE,Cleveland Cavaliers,0022300911,2024-03-08,CLE vs. MIN,W
22023,NOP,New Orleans Pelicans,0022300909,2024-03-08,NOP @ PHI,W
22023,LAL,Los Angeles Lakers,0022300915,2024-03-08,LAL vs. MIL,W
22023,MIA,Miami Heat,0022300914,2024-03-08,MIA @ OKC,L
22023,MIL,Milwaukee Bucks,0022300915,2024-03-08,MIL @ LAL,L
22023,MIN,Minnesota Timberwolves,0022300911,2024-03-08,MIN @ CLE,L
22023,OKC,Oklahoma City Thunder,0022300914,2024-03-08,OKC vs. MIA,W
22023,MEM,Memphis Grizzlies,0022300913,2024-03-08,MEM vs. ATL,L
22023,CHA,Charlotte Hornets,0022300910,2024-03-08,CHA @ WAS,L
22023,ATL,Atlanta Hawks,0022300913,2024-03-08,ATL @ MEM,W
22023,HOU,Houston Rockets,0022300916,2024-03-08,HOU @ POR,W
22023,NYK,New York Knicks,0022300912,2024-03-08,NYK vs. ORL,W
22023,ORL,Orlando Magic,0022300912,2024-03-08,ORL @ NYK,L
22023,PHI,Philadelphia 76ers,0022300909,2024-03-08,PHI vs. NOP,L
22023,POR,Portland Trail Blazers,0022300916,2024-03-08,POR vs. HOU,L
22023,WAS,Washington Wizards,0022300910,2024-03-08,WAS vs. CHA,W
22023,BOS,Boston Celtics,0022300920,2024-03-09,BOS @ PHX,W
22023,CHI,Chicago Bulls,0022300917,2024-03-09,CHI @ LAC,L
22023,DAL,Dallas Mavericks,0022300919,2024-03-09,DAL @ DET,W
22023,GSW,Golden State Warriors,0022300921,2024-03-09,GSW vs. SAS,L
22023,SAS,San Antonio Spurs,0022300921,2024-03-09,SAS @ GSW,W
22023,TOR,Toronto Raptors,0022300923,2024-03-09,TOR @ POR,L
22023,DEN,Denver Nuggets,0022300922,2024-03-09,DEN vs. UTA,W
22023,LAC,LA Clippers,0022300917,2024-03-09,LAC vs. CHI,W
22023,BKN,Brooklyn Nets,0022300918,2024-03-09,BKN @ CHA,L
22023,PHX,Phoenix Suns,0022300920,2024-03-09,PHX vs. BOS,L
22023,POR,Portland Trail Blazers,0022300923,2024-03-09,POR vs. TOR,W
22023,DET,Detroit Pistons,0022300919,2024-03-09,DET vs. DAL,L
22023,CHA,Charlotte Hornets,0022300918,2024-03-09,CHA vs. BKN,W
22023,UTA,Utah Jazz,0022300922,2024-03-09,UTA @ DEN,L
22023,CLE,Cleveland Cavaliers,0022300930,2024-03-10,CLE vs. BKN,L
22023,LAC,LA Clippers,0022300924,2024-03-10,LAC vs. MIL,L
22023,LAL,Los Angeles Lakers,0022300932,2024-03-10,LAL vs. MIN,W
22023,MIA,Miami Heat,0022300926,2024-03-10,MIA vs. WAS,L
22023,BKN,Brooklyn Nets,0022300930,2024-03-10,BKN @ CLE,W
22023,NYK,New York Knicks,0022300927,2024-03-10,NYK vs. PHI,L
22023,IND,Indiana Pacers,0022300928,2024-03-10,IND @ ORL,W
22023,PHI,Philadelphia 76ers,0022300927,2024-03-10,PHI @ NYK,W
22023,OKC,Oklahoma City Thunder,0022300931,2024-03-10,OKC vs. MEM,W
22023,MEM,Memphis Grizzlies,0022300931,2024-03-10,MEM @ OKC,L
22023,ATL,Atlanta Hawks,0022300925,2024-03-10,ATL vs. NOP,L
22023,NOP,New Orleans Pelicans,0022300925,2024-03-10,NOP @ ATL,W
22023,HOU,Houston Rockets,0022300929,2024-03-10,HOU @ SAC,W
22023,ORL,Orlando Magic,0022300928,2024-03-10,ORL vs. IND,L
22023,SAC,Sacramento Kings,0022300929,2024-03-10,SAC vs. HOU,L
22023,WAS,Washington Wizards,0022300926,2024-03-10,WAS @ MIA,W
22023,MIL,Milwaukee Bucks,0022300924,2024-03-10,MIL @ LAC,W
22023,MIN,Minnesota Timberwolves,0022300932,2024-03-10,MIN @ LAL,L
22023,CLE,Cleveland Cavaliers,0022300934,2024-03-11,CLE vs. PHX,L
22023,PHX,Phoenix Suns,0022300934,2024-03-11,PHX @ CLE,W
22023,POR,Portland Trail Blazers,0022300938,2024-03-11,POR vs. BOS,L
22023,CHA,Charlotte Hornets,0022300933,2024-03-11,CHA @ DET,L
22023,BOS,Boston Celtics,0022300938,2024-03-11,BOS @ POR,W
22023,CHI,Chicago Bulls,0022300935,2024-03-11,CHI vs. DAL,L
22023,DAL,Dallas Mavericks,0022300935,2024-03-11,DAL @ CHI,W
22023,DEN,Denver Nuggets,0022300937,2024-03-11,DEN vs. TOR,W
22023,GSW,Golden State Warriors,0022300936,2024-03-11,GSW @ SAS,W
22023,SAS,San Antonio Spurs,0022300936,2024-03-11,SAS vs. GSW,L
22023,TOR,Toronto Raptors,0022300937,2024-03-11,TOR @ DEN,L
22023,DET,Detroit Pistons,0022300933,2024-03-11,DET vs. CHA,W
22023,HOU,Houston Rockets,0022300942,2024-03-12,HOU @ SAS,W
22023,MIN,Minnesota Timberwolves,0022300944,2024-03-12,MIN @ LAC,W
22023,NYK,New York Knicks,0022300939,2024-03-12,NYK vs. PHI,W
22023,IND,Indiana Pacers,0022300941,2024-03-12,IND @ OKC,W
22023,PHI,Philadelphia 76ers,0022300939,2024-03-12,PHI @ NYK,L
22023,SAC,Sacramento Kings,0022300945,2024-03-12,SAC vs. MIL,W
22023,SAS,San Antonio Spurs,0022300942,2024-03-12,SAS vs. HOU,L
22023,OKC,Oklahoma City Thunder,0022300941,2024-03-12,OKC vs. IND,L
22023,UTA,Utah Jazz,0022300943,2024-03-12,UTA vs. BOS,L
22023,WAS,Washington Wizards,0022300940,2024-03-12,WAS @ MEM,L
22023,BOS,Boston Celtics,0022300943,2024-03-12,BOS @ UTA,W
22023,LAC,LA Clippers,0022300944,2024-03-12,LAC vs. MIN,L
22023,MIL,Milwaukee Bucks,0022300945,2024-03-12,MIL @ SAC,L
22023,MEM,Memphis Grizzlies,0022300940,2024-03-12,MEM vs. WAS,W
22023,ATL,Atlanta Hawks,0022300953,2024-03-13,ATL @ POR,L
22023,CLE,Cleveland Cavaliers,0022300951,2024-03-13,CLE @ NOP,W
22023,NOP,New Orleans Pelicans,0022300951,2024-03-13,NOP vs. CLE,L
22023,CHI,Chicago Bulls,0022300948,2024-03-13,CHI @ IND,W
22023,DEN,Denver Nuggets,0022300949,2024-03-13,DEN @ MIA,W
22023,MIA,Miami Heat,0022300949,2024-03-13,MIA vs. DEN,L
22023,BKN,Brooklyn Nets,0022300947,2024-03-13,BKN @ ORL,L
22023,ORL,Orlando Magic,0022300947,2024-03-13,ORL vs. BKN,W
22023,IND,Indiana Pacers,0022300948,2024-03-13,IND vs. CHI,L
22023,POR,Portland Trail Blazers,0022300953,2024-03-13,POR vs. ATL,W
22023,SAC,Sacramento Kings,0022300954,2024-03-13,SAC vs. LAL,W
22023,TOR,Toronto Raptors,0022300946,2024-03-13,TOR @ DET,L
22023,CHA,Charlotte Hornets,0022300950,2024-03-13,CHA @ MEM,W
22023,DAL,Dallas Mavericks,0022300952,2024-03-13,DAL vs. GSW,W
22023,GSW,Golden State Warriors,0022300952,2024-03-13,GSW @ DAL,L
22023,LAL,Los Angeles Lakers,0022300954,2024-03-13,LAL @ SAC,L
22023,MEM,Memphis Grizzlies,0022300950,2024-03-13,MEM vs. CHA,L
22023,DET,Detroit Pistons,0022300946,2024-03-13,DET vs. TOR,W
22023,DAL,Dallas Mavericks,0022300959,2024-03-14,DAL @ OKC,L
22023,LAC,LA Clippers,0022300956,2024-03-14,LAC @ CHI,W
22023,NYK,New York Knicks,0022300960,2024-03-14,NYK @ POR,W
22023,PHX,Phoenix Suns,0022300955,2024-03-14,PHX @ BOS,L
22023,WAS,Washington Wizards,0022300957,2024-03-14,WAS @ HOU,L
22023,BOS,Boston Celtics,0022300955,2024-03-14,BOS vs. PHX,W
22023,CHI,Chicago Bulls,0022300956,2024-03-14,CHI vs. LAC,L
22023,HOU,Houston Rockets,0022300957,2024-03-14,HOU vs. WAS,W
22023,MIL,Milwaukee Bucks,0022300958,2024-03-14,MIL vs. PHI,W
22023,PHI,Philadelphia 76ers,0022300958,2024-03-14,PHI @ MIL,L
22023,POR,Portland Trail Blazers,0022300960,2024-03-14,POR vs. NYK,L
22023,OKC,Oklahoma City Thunder,0022300959,2024-03-14,OKC vs. DAL,W
22023,DEN,Denver Nuggets,0022300965,2024-03-15,DEN @ SAS,W
22023,LAC,LA Clippers,0022300964,2024-03-15,LAC @ NOP,L
22023,MIA,Miami Heat,0022300962,2024-03-15,MIA @ DET,W
22023,TOR,Toronto Raptors,0022300963,2024-03-15,TOR vs. ORL,L
22023,DET,Detroit Pistons,0022300962,2024-03-15,DET vs. MIA,L
22023,CHA,Charlotte Hornets,0022300961,2024-03-15,CHA vs. PHX,L
22023,ATL,Atlanta Hawks,0022300966,2024-03-15,ATL @ UTA,L
22023,NOP,New Orleans Pelicans,0022300964,2024-03-15,NOP vs. LAC,W
22023,ORL,Orlando Magic,0022300963,2024-03-15,ORL @ TOR,W
22023,PHX,Phoenix Suns,0022300961,2024-03-15,PHX @ CHA,W
22023,SAS,San Antonio Spurs,0022300965,2024-03-15,SAS vs. DEN,L
22023,UTA,Utah Jazz,0022300966,2024-03-15,UTA vs. ATL,W
22023,CLE,Cleveland Cavaliers,0022300967,2024-03-16,CLE @ HOU,L
22023,GSW,Golden State Warriors,0022300973,2024-03-16,GSW @ LAL,W
22023,HOU,Houston Rockets,0022300967,2024-03-16,HOU vs. CLE,W
22023,MIN,Minnesota Timberwolves,0022300974,2024-03-16,MIN @ UTA,W
22023,BKN,Brooklyn Nets,0022300968,2024-03-16,BKN @ IND,L
22023,NYK,New York Knicks,0022300975,2024-03-16,NYK @ SAC,W
22023,IND,Indiana Pacers,0022300968,2024-03-16,IND vs. BKN,W
22023,POR,Portland Trail Blazers,0022300970,2024-03-16,POR @ NOP,L
22023,OKC,Oklahoma City Thunder,0022300972,2024-03-16,OKC @ MEM,W
22023,MEM,Memphis Grizzlies,0022300972,2024-03-16,MEM vs. OKC,L
22023,WAS,Washington Wizards,0022300971,2024-03-16,WAS @ CHI,L
22023,CHA,Charlotte Hornets,0022300969,2024-03-16,CHA @ PHI,L
22023,NOP,New Orleans Pelicans,0022300970,2024-03-16,NOP vs. POR,W
22023,LAL,Los Angeles Lakers,0022300973,2024-03-16,LAL vs. GSW,L
22023,PHI,Philadelphia 76ers,0022300969,2024-03-16,PHI vs. CHA,W
22023,SAC,Sacramento Kings,0022300975,2024-03-16,SAC vs. NYK,L
22023,UTA,Utah Jazz,0022300974,2024-03-16,UTA vs. MIN,L
22023,CHI,Chicago Bulls,0022300971,2024-03-16,CHI vs. WAS,W
22023,BOS,Boston Celtics,0022300980,2024-03-17,BOS @ WAS,W
22023,LAC,LA Clippers,0022300982,2024-03-17,LAC vs. ATL,L
22023,MIL,Milwaukee Bucks,0022300976,2024-03-17,MIL vs. PHX,W
22023,BKN,Brooklyn Nets,0022300981,2024-03-17,BKN @ SAS,L
22023,ORL,Orlando Magic,0022300979,2024-03-17,ORL vs. TOR,W
22023,PHX,Phoenix Suns,0022300976,2024-03-17,PHX @ MIL,L
22023,TOR,Toronto Raptors,0022300979,2024-03-17,TOR @ ORL,L
22023,WAS,Washington Wizards,0022300980,2024-03-17,WAS vs. BOS,L
22023,ATL,Atlanta Hawks,0022300982,2024-03-17,ATL @ LAC,W
22023,DAL,Dallas Mavericks,0022300978,2024-03-17,DAL vs. DEN,W
22023,DEN,Denver Nuggets,0022300978,2024-03-17,DEN @ DAL,L
22023,MIA,Miami Heat,0022300977,2024-03-17,MIA @ DET,W
22023,SAS,San Antonio Spurs,0022300981,2024-03-17,SAS vs. BKN,W
22023,DET,Detroit Pistons,0022300977,2024-03-17,DET vs. MIA,L
22023,ATL,Atlanta Hawks,0022300990,2024-03-18,ATL @ LAL,L
22023,BOS,Boston Celtics,0022300984,2024-03-18,BOS vs. DET,W
22023,CLE,Cleveland Cavaliers,0022300983,2024-03-18,CLE @ IND,W
22023,CHI,Chicago Bulls,0022300986,2024-03-18,CHI vs. POR,W
22023,GSW,Golden State Warriors,0022300988,2024-03-18,GSW vs. NYK,L
22023,LAL,Los Angeles Lakers,0022300990,2024-03-18,LAL vs. ATL,W
22023,MIA,Miami Heat,0022300985,2024-03-18,MIA @ PHI,L
22023,NYK,New York Knicks,0022300988,2024-03-18,NYK @ GSW,W
22023,DET,Detroit Pistons,0022300984,2024-03-18,DET @ BOS,L
22023,MIN,Minnesota Timberwolves,0022300987,2024-03-18,MIN @ UTA,W
22023,IND,Indiana Pacers,0022300983,2024-03-18,IND vs. CLE,L
22023,PHI,Philadelphia 76ers,0022300985,2024-03-18,PHI vs. MIA,W
22023,SAC,Sacramento Kings,0022300989,2024-03-18,SAC vs. MEM,W
22023,UTA,Utah Jazz,0022300987,2024-03-18,UTA vs. MIN,L
22023,POR,Portland Trail Blazers,0022300986,2024-03-18,POR @ CHI,L
22023,MEM,Memphis Grizzlies,0022300989,2024-03-18,MEM @ SAC,L
22023,MIN,Minnesota Timberwolves,0022300995,2024-03-19,MIN vs. DEN,L
22023,ORL,Orlando Magic,0022300991,2024-03-19,ORL vs. CHA,W
22023,SAS,San Antonio Spurs,0022300994,2024-03-19,SAS vs. DAL,L
22023,WAS,Washington Wizards,0022300992,2024-03-19,WAS vs. HOU,L
22023,NOP,New Orleans Pelicans,0022300993,2024-03-19,NOP @ BKN,W
22023,DAL,Dallas Mavericks,0022300994,2024-03-19,DAL @ SAS,W
22023,HOU,Houston Rockets,0022300992,2024-03-19,HOU @ WAS,W
22023,BKN,Brooklyn Nets,0022300993,2024-03-19,BKN vs. NOP,L
22023,CHA,Charlotte Hornets,0022300991,2024-03-19,CHA @ ORL,L
22023,DEN,Denver Nuggets,0022300995,2024-03-19,DEN @ MIN,W
22023,BOS,Boston Celtics,0022300998,2024-03-20,BOS vs. MIL,W
22023,MIL,Milwaukee Bucks,0022300998,2024-03-20,MIL @ BOS,L
22023,POR,Portland Trail Blazers,0022301003,2024-03-20,POR vs. LAC,L
22023,OKC,Oklahoma City Thunder,0022301000,2024-03-20,OKC vs. UTA,W
22023,UTA,Utah Jazz,0022301000,2024-03-20,UTA @ OKC,L
22023,MEM,Memphis Grizzlies,0022301001,2024-03-20,MEM @ GSW,L
22023,DET,Detroit Pistons,0022300997,2024-03-20,DET vs. IND,L
22023,CLE,Cleveland Cavaliers,0022300996,2024-03-20,CLE vs. MIA,L
22023,GSW,Golden State Warriors,0022301001,2024-03-20,GSW vs. MEM,W
22023,LAC,LA Clippers,0022301003,2024-03-20,LAC @ POR,W
22023,IND,Indiana Pacers,0022300997,2024-03-20,IND @ DET,W
22023,PHI,Philadelphia 76ers,0022301002,2024-03-20,PHI @ PHX,L
22023,PHX,Phoenix Suns,0022301002,2024-03-20,PHX vs. PHI,W
22023,SAC,Sacramento Kings,0022300999,2024-03-20,SAC @ TOR,W
22023,MIA,Miami Heat,0022300996,2024-03-20,MIA @ CLE,W
22023,TOR,Toronto Raptors,0022300999,2024-03-20,TOR vs. SAC,L
22023,ATL,Atlanta Hawks,0022301010,2024-03-21,ATL @ PHX,L
22023,NOP,New Orleans Pelicans,0022301004,2024-03-21,NOP @ ORL,L
22023,DEN,Denver Nuggets,0022301009,2024-03-21,DEN vs. NYK,W
22023,MIL,Milwaukee Bucks,0022301007,2024-03-21,MIL vs. BKN,W
22023,ORL,Orlando Magic,0022301004,2024-03-21,ORL vs. NOP,W
22023,PHX,Phoenix Suns,0022301010,2024-03-21,PHX vs. ATL,W
22023,SAC,Sacramento Kings,0022301005,2024-03-21,SAC @ WAS,L
22023,WAS,Washington Wizards,0022301005,2024-03-21,WAS vs. SAC,W
22023,CHI,Chicago Bulls,0022301006,2024-03-21,CHI @ HOU,L
22023,DAL,Dallas Mavericks,0022301008,2024-03-21,DAL vs. UTA,W
22023,HOU,Houston Rockets,0022301006,2024-03-21,HOU vs. CHI,W
22023,BKN,Brooklyn Nets,0022301007,2024-03-21,BKN @ MIL,L
22023,NYK,New York Knicks,0022301009,2024-03-21,NYK @ DEN,L
22023,UTA,Utah Jazz,0022301008,2024-03-21,UTA @ DAL,L
22023,LAC,LA Clippers,0022301017,2024-03-22,LAC @ POR,W
22023,LAL,Los Angeles Lakers,0022301018,2024-03-22,LAL vs. PHI,W
22023,IND,Indiana Pacers,0022301016,2024-03-22,IND @ GSW,W
22023,OKC,Oklahoma City Thunder,0022301012,2024-03-22,OKC @ TOR,W
22023,TOR,Toronto Raptors,0022301012,2024-03-22,TOR vs. OKC,L
22023,MEM,Memphis Grizzlies,0022301015,2024-03-22,MEM @ SAS,W
22023,DET,Detroit Pistons,0022301011,2024-03-22,DET vs. BOS,L
22023,BOS,Boston Celtics,0022301011,2024-03-22,BOS @ DET,W
22023,CLE,Cleveland Cavaliers,0022301014,2024-03-22,CLE @ MIN,L
22023,GSW,Golden State Warriors,0022301016,2024-03-22,GSW vs. IND,L
22023,MIN,Minnesota Timberwolves,0022301014,2024-03-22,MIN vs. CLE,W
22023,PHI,Philadelphia 76ers,0022301018,2024-03-22,PHI @ LAL,L
22023,POR,Portland Trail Blazers,0022301017,2024-03-22,POR vs. LAC,L
22023,SAS,San Antonio Spurs,0022301015,2024-03-22,SAS vs. MEM,L
22023,NOP,New Orleans Pelicans,0022301013,2024-03-22,NOP @ MIA,W
22023,MIA,Miami Heat,0022301013,2024-03-22,MIA vs. NOP,L
22023,BOS,Boston Celtics,0022301023,2024-03-23,BOS @ CHI,W
22023,CHI,Chicago Bulls,0022301023,2024-03-23,CHI vs. BOS,L
22023,ORL,Orlando Magic,0022301020,2024-03-23,ORL vs. SAC,L
22023,PHX,Phoenix Suns,0022301025,2024-03-23,PHX @ SAS,W
22023,SAS,San Antonio Spurs,0022301025,2024-03-23,SAS vs. PHX,L
22023,TOR,Toronto Raptors,0022301022,2024-03-23,TOR @ WAS,L
22023,UTA,Utah Jazz,0022301024,2024-03-23,UTA @ HOU,L
22023,ATL,Atlanta Hawks,0022301021,2024-03-23,ATL vs. CHA,W
22023,HOU,Houston Rockets,0022301024,2024-03-23,HOU vs. UTA,W
22023,BKN,Brooklyn Nets,0022301019,2024-03-23,BKN @ NYK,L
22023,NYK,New York Knicks,0022301019,2024-03-23,NYK vs. BKN,W
22023,POR,Portland Trail Blazers,0022301026,2024-03-23,POR vs. DEN,L
22023,SAC,Sacramento Kings,0022301020,2024-03-23,SAC @ ORL,W
22023,WAS,Washington Wizards,0022301022,2024-03-23,WAS vs. TOR,W
22023,CHA,Charlotte Hornets,0022301021,2024-03-23,CHA @ ATL,L
22023,DEN,Denver Nuggets,0022301026,2024-03-23,DEN @ POR,W
22023,NOP,New Orleans Pelicans,0022301027,2024-03-24,NOP @ DET,W
22023,GSW,Golden State Warriors,0022301031,2024-03-24,GSW @ MIN,L
22023,LAC,LA Clippers,0022301028,2024-03-24,LAC vs. PHI,L
22023,MIL,Milwaukee Bucks,0022301030,2024-03-24,MIL vs. OKC,W
22023,MIN,Minnesota Timberwolves,0022301031,2024-03-24,MIN vs. GSW,W
22023,PHI,Philadelphia 76ers,0022301028,2024-03-24,PHI @ LAC,W
22023,CLE,Cleveland Cavaliers,0022301029,2024-03-24,CLE @ MIA,L
22023,MIA,Miami Heat,0022301029,2024-03-24,MIA vs. CLE,W
22023,IND,Indiana Pacers,0022301032,2024-03-24,IND @ LAL,L
22023,OKC,Oklahoma City Thunder,0022301030,2024-03-24,OKC @ MIL,L
22023,DET,Detroit Pistons,0022301027,2024-03-24,DET vs. NOP,L
22023,LAL,Los Angeles Lakers,0022301032,2024-03-24,LAL vs. IND,W
22023,ATL,Atlanta Hawks,0022301034,2024-03-25,ATL vs. BOS,W
22023,BOS,Boston Celtics,0022301034,2024-03-25,BOS @ ATL,L
22023,IND,Indiana Pacers,0022301043,2024-03-25,IND @ LAC,W
22023,SAC,Sacramento Kings,0022301042,2024-03-25,SAC vs. PHI,W
22023,TOR,Toronto Raptors,0022301036,2024-03-25,TOR vs. BKN,L
22023,UTA,Utah Jazz,0022301041,2024-03-25,UTA vs. DAL,L
22023,MEM,Memphis Grizzlies,0022301040,2024-03-25,MEM @ DEN,L
22023,WAS,Washington Wizards,0022301037,2024-03-25,WAS @ CHI,W
22023,DET,Detroit Pistons,0022301035,2024-03-25,DET @ NYK,L
22023,CLE,Cleveland Cavaliers,0022301033,2024-03-25,CLE vs. CHA,W
22023,CHI,Chicago Bulls,0022301037,2024-03-25,CHI vs. WAS,L
22023,DAL,Dallas Mavericks,0022301041,2024-03-25,DAL @ UTA,W
22023,DEN,Denver Nuggets,0022301040,2024-03-25,DEN vs. MEM,W
22023,HOU,Houston Rockets,0022301038,2024-03-25,HOU vs. POR,W
22023,LAC,LA Clippers,0022301043,2024-03-25,LAC vs. IND,L
22023,BKN,Brooklyn Nets,0022301036,2024-03-25,BKN @ TOR,W
22023,NYK,New York Knicks,0022301035,2024-03-25,NYK vs. DET,W
22023,PHI,Philadelphia 76ers,0022301042,2024-03-25,PHI @ SAC,L
22023,PHX,Phoenix Suns,0022301039,2024-03-25,PHX @ SAS,L
22023,POR,Portland Trail Blazers,0022301038,2024-03-25,POR @ HOU,L
22023,SAS,San Antonio Spurs,0022301039,2024-03-25,SAS vs. PHX,W
22023,CHA,Charlotte Hornets,0022301033,2024-03-25,CHA @ CLE,L
22023,DAL,Dallas Mavericks,0022301047,2024-03-26,DAL @ SAC,W
22023,GSW,Golden State Warriors,0022301044,2024-03-26,GSW @ MIA,W
22023,MIA,Miami Heat,0022301044,2024-03-26,MIA vs. GSW,L
22023,OKC,Oklahoma City Thunder,0022301046,2024-03-26,OKC @ NOP,W
22023,NOP,New Orleans Pelicans,0022301046,2024-03-26,NOP vs. OKC,L
22023,LAL,Los Angeles Lakers,0022301045,2024-03-26,LAL @ MIL,W
22023,MIL,Milwaukee Bucks,0022301045,2024-03-26,MIL vs. LAL,L
22023,SAC,Sacramento Kings,0022301047,2024-03-26,SAC vs. DAL,L
22023,CLE,Cleveland Cavaliers,0022301048,2024-03-27,CLE @ CHA,L
22023,DEN,Denver Nuggets,0022301059,2024-03-27,DEN vs. PHX,L
22023,HOU,Houston Rockets,0022301057,2024-03-27,HOU @ OKC,W
22023,LAC,LA Clippers,0022301052,2024-03-27,LAC @ PHI,W
22023,LAL,Los Angeles Lakers,0022301055,2024-03-27,LAL @ MEM,W
22023,MIN,Minnesota Timberwolves,0022301056,2024-03-27,MIN vs. DET,W
22023,BKN,Brooklyn Nets,0022301050,2024-03-27,BKN @ WAS,W
22023,NYK,New York Knicks,0022301053,2024-03-27,NYK @ TOR,W
22023,ORL,Orlando Magic,0022301049,2024-03-27,ORL vs. GSW,L
22023,IND,Indiana Pacers,0022301054,2024-03-27,IND @ CHI,L
22023,POR,Portland Trail Blazers,0022301051,2024-03-27,POR @ ATL,L
22023,TOR,Toronto Raptors,0022301053,2024-03-27,TOR vs. NYK,L
22023,WAS,Washington Wizards,0022301050,2024-03-27,WAS vs. BKN,L
22023,CHA,Charlotte Hornets,0022301048,2024-03-27,CHA vs. CLE,W
22023,ATL,Atlanta Hawks,0022301051,2024-03-27,ATL vs. POR,W
22023,CHI,Chicago Bulls,0022301054,2024-03-27,CHI vs. IND,W
22023,GSW,Golden State Warriors,0022301049,2024-03-27,GSW @ ORL,W
22023,PHI,Philadelphia 76ers,0022301052,2024-03-27,PHI vs. LAC,L
22023,PHX,Phoenix Suns,0022301059,2024-03-27,PHX @ DEN,W
22023,SAS,San Antonio Spurs,0022301058,2024-03-27,SAS @ UTA,W
22023,UTA,Utah Jazz,0022301058,2024-03-27,UTA vs. SAS,L
22023,DET,Detroit Pistons,0022301056,2024-03-27,DET @ MIN,L
22023,OKC,Oklahoma City Thunder,0022301057,2024-03-27,OKC vs. HOU,L
22023,MEM,Memphis Grizzlies,0022301055,2024-03-27,MEM vs. LAL,L
22023,ATL,Atlanta Hawks,0022301060,2024-03-28,ATL vs. BOS,W
22023,BOS,Boston Celtics,0022301060,2024-03-28,BOS @ ATL,L
22023,MIL,Milwaukee Bucks,0022301061,2024-03-28,MIL @ NOP,L
22023,NOP,New Orleans Pelicans,0022301061,2024-03-28,NOP vs. MIL,W
22023,CLE,Cleveland Cavaliers,0022301067,2024-03-29,CLE vs. PHI,W
22023,DAL,Dallas Mavericks,0022301073,2024-03-29,DAL @ SAC,W
22023,HOU,Houston Rockets,0022301072,2024-03-29,HOU @ UTA,W
22023,LAC,LA Clippers,0022301064,2024-03-29,LAC @ ORL,W
22023,MIA,Miami Heat,0022301068,2024-03-29,MIA vs. POR,W
22023,MIN,Minnesota Timberwolves,0022301071,2024-03-29,MIN @ DEN,W
22023,POR,Portland Trail Blazers,0022301068,2024-03-29,POR @ MIA,L
22023,OKC,Oklahoma City Thunder,0022301069,2024-03-29,OKC vs. PHX,W
22023,WAS,Washington Wizards,0022301065,2024-03-29,WAS vs. DET,L
22023,CHA,Charlotte Hornets,0022301062,2024-03-29,CHA vs. GSW,L
22023,CHI,Chicago Bulls,0022301066,2024-03-29,CHI @ BKN,L
22023,DEN,Denver Nuggets,0022301071,2024-03-29,DEN vs. MIN,L
22023,GSW,Golden State Warriors,0022301062,2024-03-29,GSW @ CHA,W
22023,LAL,Los Angeles Lakers,0022301063,2024-03-29,LAL @ IND,L
22023,BKN,Brooklyn Nets,0022301066,2024-03-29,BKN vs. CHI,W
22023,NYK,New York Knicks,0022301070,2024-03-29,NYK @ SAS,L
22023,ORL,Orlando Magic,0022301064,2024-03-29,ORL vs. LAC,L
22023,IND,Indiana Pacers,0022301063,2024-03-29,IND vs. LAL,W
22023,PHI,Philadelphia 76ers,0022301067,2024-03-29,PHI @ CLE,L
22023,PHX,Phoenix Suns,0022301069,2024-03-29,PHX @ OKC,L
22023,SAC,Sacramento Kings,0022301073,2024-03-29,SAC vs. DAL,L
22023,SAS,San Antonio Spurs,0022301070,2024-03-29,SAS vs. NYK,W
22023,UTA,Utah Jazz,0022301072,2024-03-29,UTA vs. HOU,L
22023,DET,Detroit Pistons,0022301065,2024-03-29,DET @ WAS,W
22023,ATL,Atlanta Hawks,0022301076,2024-03-30,ATL vs. MIL,L
22023,BOS,Boston Celtics,0022301074,2024-03-30,BOS @ NOP,W
22023,NOP,New Orleans Pelicans,0022301074,2024-03-30,NOP vs. BOS,L
22023,MEM,Memphis Grizzlies,0022301075,2024-03-30,MEM @ ORL,L
22023,MIL,Milwaukee Bucks,0022301076,2024-03-30,MIL @ ATL,W
22023,ORL,Orlando Magic,0022301075,2024-03-30,ORL vs. MEM,W
22023,CLE,Cleveland Cavaliers,0022301077,2024-03-31,CLE @ DEN,L
22023,DAL,Dallas Mavericks,0022301083,2024-03-31,DAL @ HOU,W
22023,HOU,Houston Rockets,0022301083,2024-03-31,HOU vs. DAL,L
22023,LAL,Los Angeles Lakers,0022301078,2024-03-31,LAL @ BKN,W
22023,MIA,Miami Heat,0022301081,2024-03-31,MIA @ WAS,W
22023,OKC,Oklahoma City Thunder,0022301082,2024-03-31,OKC @ NYK,W
22023,CHA,Charlotte Hornets,0022301079,2024-03-31,CHA vs. LAC,L
22023,CHI,Chicago Bulls,0022301084,2024-03-31,CHI @ MIN,W
22023,DEN,Denver Nuggets,0022301077,2024-03-31,DEN vs. CLE,W
22023,GSW,Golden State Warriors,0022301085,2024-03-31,GSW @ SAS,W
22023,LAC,LA Clippers,0022301079,2024-03-31,LAC @ CHA,W
22023,MIN,Minnesota Timberwolves,0022301084,2024-03-31,MIN vs. CHI,L
22023,BKN,Brooklyn Nets,0022301078,2024-03-31,BKN vs. LAL,L
22023,NYK,New York Knicks,0022301082,2024-03-31,NYK vs. OKC,L
22023,PHI,Philadelphia 76ers,0022301080,2024-03-31,PHI @ TOR,W
22023,SAC,Sacramento Kings,0022301086,2024-03-31,SAC vs. UTA,W
22023,SAS,San Antonio Spurs,0022301085,2024-03-31,SAS vs. GSW,L
22023,TOR,Toronto Raptors,0022301080,2024-03-31,TOR vs. PHI,L
22023,UTA,Utah Jazz,0022301086,2024-03-31,UTA @ SAC,L
22023,WAS,Washington Wizards,0022301081,2024-03-31,WAS vs. MIA,L
22023,ATL,Atlanta Hawks,0022301091,2024-04-01,ATL @ CHI,W
22023,NOP,New Orleans Pelicans,0022301092,2024-04-01,NOP vs. PHX,L
22023,CHI,Chicago Bulls,0022301091,2024-04-01,CHI vs. ATL,L
22023,IND,Indiana Pacers,0022301089,2024-04-01,IND vs. BKN,W
22023,POR,Portland Trail Blazers,0022301090,2024-04-01,POR @ ORL,L
22023,MEM,Memphis Grizzlies,0022301088,2024-04-01,MEM @ DET,W
22023,DET,Detroit Pistons,0022301088,2024-04-01,DET vs. MEM,L
22023,BOS,Boston Celtics,0022301087,2024-04-01,BOS @ CHA,W
22023,BKN,Brooklyn Nets,0022301089,2024-04-01,BKN @ IND,L
22023,ORL,Orlando Magic,0022301090,2024-04-01,ORL vs. POR,W
22023,CHA,Charlotte Hornets,0022301087,2024-04-01,CHA vs. BOS,L
22023,PHX,Phoenix Suns,0022301092,2024-04-01,PHX @ NOP,W
22023,CLE,Cleveland Cavaliers,0022301100,2024-04-02,CLE @ UTA,W
22023,DAL,Dallas Mavericks,0022300589,2024-04-02,DAL @ GSW,L
22023,GSW,Golden State Warriors,0022300589,2024-04-02,GSW vs. DAL,W
22023,HOU,Houston Rockets,0022301098,2024-04-02,HOU @ MIN,L
22023,MIL,Milwaukee Bucks,0022301095,2024-04-02,MIL @ WAS,L
22023,NYK,New York Knicks,0022301096,2024-04-02,NYK @ MIA,L
22023,PHI,Philadelphia 76ers,0022301093,2024-04-02,PHI vs. OKC,W
22023,SAC,Sacramento Kings,0022301101,2024-04-02,SAC vs. LAC,W
22023,SAS,San Antonio Spurs,0022301099,2024-04-02,SAS @ DEN,L
22023,TOR,Toronto Raptors,0022301094,2024-04-02,TOR vs. LAL,L
22023,UTA,Utah Jazz,0022301100,2024-04-02,UTA vs. CLE,L
22023,WAS,Washington Wizards,0022301095,2024-04-02,WAS vs. MIL,W
22023,DEN,Denver Nuggets,0022301099,2024-04-02,DEN vs. SAS,W
22023,LAC,LA Clippers,0022301101,2024-04-02,LAC @ SAC,L
22023,LAL,Los Angeles Lakers,0022301094,2024-04-02,LAL @ TOR,W
22023,MIA,Miami Heat,0022301096,2024-04-02,MIA vs. NYK,W
22023,MIN,Minnesota Timberwolves,0022301098,2024-04-02,MIN vs. HOU,W
22023,OKC,Oklahoma City Thunder,0022301093,2024-04-02,OKC @ PHI,L
22023,ATL,Atlanta Hawks,0022301104,2024-04-03,ATL vs. DET,W
22023,MIL,Milwaukee Bucks,0022301107,2024-04-03,MIL vs. MEM,L
22023,MIN,Minnesota Timberwolves,0022301108,2024-04-03,MIN vs. TOR,W
22023,ORL,Orlando Magic,0022301109,2024-04-03,ORL @ NOP,W
22023,IND,Indiana Pacers,0022301106,2024-04-03,IND @ BKN,L
22023,PHX,Phoenix Suns,0022301110,2024-04-03,PHX vs. CLE,W
22023,CLE,Cleveland Cavaliers,0022301110,2024-04-03,CLE @ PHX,L
22023,LAL,Los Angeles Lakers,0022301103,2024-04-03,LAL @ WAS,W
22023,BKN,Brooklyn Nets,0022301106,2024-04-03,BKN vs. IND,W
22023,POR,Portland Trail Blazers,0022301102,2024-04-03,POR @ CHA,W
22023,OKC,Oklahoma City Thunder,0022301105,2024-04-03,OKC @ BOS,L
22023,TOR,Toronto Raptors,0022301108,2024-04-03,TOR @ MIN,L
22023,MEM,Memphis Grizzlies,0022301107,2024-04-03,MEM @ MIL,W
22023,WAS,Washington Wizards,0022301103,2024-04-03,WAS vs. LAL,L
22023,DET,Detroit Pistons,0022301104,2024-04-03,DET @ ATL,L
22023,CHA,Charlotte Hornets,0022301102,2024-04-03,CHA vs. POR,L
22023,BOS,Boston Celtics,0022301105,2024-04-03,BOS vs. OKC,W
22023,NOP,New Orleans Pelicans,0022301109,2024-04-03,NOP vs. ORL,L
22023,DAL,Dallas Mavericks,0022301124,2024-04-04,DAL vs. ATL,W
22023,DEN,Denver Nuggets,0022301114,2024-04-04,DEN @ LAC,L
22023,NYK,New York Knicks,0022301112,2024-04-04,NYK vs. SAC,W
22023,ATL,Atlanta Hawks,0022301124,2024-04-04,ATL @ DAL,L
22023,GSW,Golden State Warriors,0022301113,2024-04-04,GSW @ HOU,W
22023,HOU,Houston Rockets,0022301113,2024-04-04,HOU vs. GSW,L
22023,LAC,LA Clippers,0022301114,2024-04-04,LAC vs. DEN,W
22023,MIA,Miami Heat,0022301111,2024-04-04,MIA vs. PHI,L
22023,PHI,Philadelphia 76ers,0022301111,2024-04-04,PHI @ MIA,W
22023,SAC,Sacramento Kings,0022301112,2024-04-04,SAC @ NYK,L
22023,NOP,New Orleans Pelicans,0022301123,2024-04-05,NOP vs. SAS,L
22023,CHI,Chicago Bulls,0022301119,2024-04-05,CHI vs. NYK,W
22023,GSW,Golden State Warriors,0022301097,2024-04-05,GSW @ DAL,L
22023,MIA,Miami Heat,0022301120,2024-04-05,MIA @ HOU,W
22023,MIL,Milwaukee Bucks,0022301122,2024-04-05,MIL vs. TOR,L
22023,MIN,Minnesota Timberwolves,0022301125,2024-04-05,MIN @ PHX,L
22023,ORL,Orlando Magic,0022301115,2024-04-05,ORL @ CHA,L
22023,IND,Indiana Pacers,0022301116,2024-04-05,IND vs. OKC,W
22023,PHX,Phoenix Suns,0022301125,2024-04-05,PHX vs. MIN,W
22023,SAC,Sacramento Kings,0022301118,2024-04-05,SAC @ BOS,L
22023,OKC,Oklahoma City Thunder,0022301116,2024-04-05,OKC @ IND,L
22023,TOR,Toronto Raptors,0022301122,2024-04-05,TOR @ MIL,W
22023,MEM,Memphis Grizzlies,0022301121,2024-04-05,MEM vs. DET,W
22023,WAS,Washington Wizards,0022301117,2024-04-05,WAS vs. POR,L
22023,BOS,Boston Celtics,0022301118,2024-04-05,BOS vs. SAC,W
22023,DAL,Dallas Mavericks,0022301097,2024-04-05,DAL vs. GSW,W
22023,HOU,Houston Rockets,0022301120,2024-04-05,HOU vs. MIA,L
22023,LAC,LA Clippers,0022301126,2024-04-05,LAC vs. UTA,W
22023,POR,Portland Trail Blazers,0022301117,2024-04-05,POR @ WAS,W
22023,UTA,Utah Jazz,0022301126,2024-04-05,UTA @ LAC,L
22023,DET,Detroit Pistons,0022301121,2024-04-05,DET @ MEM,L
22023,CHA,Charlotte Hornets,0022301115,2024-04-05,CHA vs. ORL,W
22023,NYK,New York Knicks,0022301119,2024-04-05,NYK @ CHI,L
22023,SAS,San Antonio Spurs,0022301123,2024-04-05,SAS @ NOP,W
22023,ATL,Atlanta Hawks,0022301130,2024-04-06,ATL @ DEN,L
22023,LAL,Los Angeles Lakers,0022301127,2024-04-06,LAL vs. CLE,W
22023,BKN,Brooklyn Nets,0022301128,2024-04-06,BKN vs. DET,W
22023,PHI,Philadelphia 76ers,0022301129,2024-04-06,PHI @ MEM,W
22023,MEM,Memphis Grizzlies,0022301129,2024-04-06,MEM vs. PHI,L
22023,DET,Detroit Pistons,0022301128,2024-04-06,DET @ BKN,L
22023,CLE,Cleveland Cavaliers,0022301127,2024-04-06,CLE @ LAL,L
22023,DEN,Denver Nuggets,0022301130,2024-04-06,DEN vs. ATL,W
22023,BOS,Boston Celtics,0022301134,2024-04-07,BOS vs. POR,W
22023,CLE,Cleveland Cavaliers,0022301132,2024-04-07,CLE @ LAC,L
22023,CHI,Chicago Bulls,0022301136,2024-04-07,CHI @ ORL,L
22023,DAL,Dallas Mavericks,0022301131,2024-04-07,DAL vs. HOU,W
22023,GSW,Golden State Warriors,0022301142,2024-04-07,GSW vs. UTA,W
22023,HOU,Houston Rockets,0022301131,2024-04-07,HOU @ DAL,L
22023,LAC,LA Clippers,0022301132,2024-04-07,LAC vs. CLE,W
22023,MIL,Milwaukee Bucks,0022301139,2024-04-07,MIL vs. NYK,L
22023,MIN,Minnesota Timberwolves,0022301143,2024-04-07,MIN @ LAL,W
22023,BKN,Brooklyn Nets,0022301141,2024-04-07,BKN vs. SAC,L
22023,ORL,Orlando Magic,0022301136,2024-04-07,ORL vs. CHI,W
22023,PHI,Philadelphia 76ers,0022301140,2024-04-07,PHI @ SAS,W
22023,PHX,Phoenix Suns,0022301138,2024-04-07,PHX vs. NOP,L
22023,POR,Portland Trail Blazers,0022301134,2024-04-07,POR @ BOS,L
22023,SAC,Sacramento Kings,0022301141,2024-04-07,SAC @ BKN,W
22023,OKC,Oklahoma City Thunder,0022301135,2024-04-07,OKC @ CHA,W
22023,TOR,Toronto Raptors,0022301137,2024-04-07,TOR vs. WAS,W
22023,LAL,Los Angeles Lakers,0022301143,2024-04-07,LAL vs. MIN,L
22023,MIA,Miami Heat,0022301133,2024-04-07,MIA @ IND,L
22023,NYK,New York Knicks,0022301139,2024-04-07,NYK @ MIL,W
22023,IND,Indiana Pacers,0022301133,2024-04-07,IND vs. MIA,W
22023,SAS,San Antonio Spurs,0022301140,2024-04-07,SAS vs. PHI,L
22023,UTA,Utah Jazz,0022301142,2024-04-07,UTA @ GSW,L
22023,WAS,Washington Wizards,0022301137,2024-04-07,WAS @ TOR,L
22023,CHA,Charlotte Hornets,0022301135,2024-04-07,CHA vs. OKC,L
22023,NOP,New Orleans Pelicans,0022301138,2024-04-07,NOP @ PHX,W
22023,BOS,Boston Celtics,0022301148,2024-04-09,BOS @ MIL,L
22023,CHI,Chicago Bulls,0022301149,2024-04-09,CHI vs. NYK,L
22023,HOU,Houston Rockets,0022301150,2024-04-09,HOU vs. ORL,W
22023,LAC,LA Clippers,0022301156,2024-04-09,LAC @ PHX,W
22023,ORL,Orlando Magic,0022301150,2024-04-09,ORL @ HOU,L
22023,PHI,Philadelphia 76ers,0022301145,2024-04-09,PHI vs. DET,W
22023,PHX,Phoenix Suns,0022301156,2024-04-09,PHX vs. LAC,L
22023,SAS,San Antonio Spurs,0022301151,2024-04-09,SAS @ MEM,W
22023,DET,Detroit Pistons,0022301145,2024-04-09,DET @ PHI,L
22023,CHA,Charlotte Hornets,0022301144,2024-04-09,CHA vs. DAL,L
22023,ATL,Atlanta Hawks,0022301147,2024-04-09,ATL vs. MIA,L
22023,NOP,New Orleans Pelicans,0022301157,2024-04-09,NOP @ POR,W
22023,DAL,Dallas Mavericks,0022301144,2024-04-09,DAL @ CHA,W
22023,DEN,Denver Nuggets,0022301154,2024-04-09,DEN @ UTA,W
22023,GSW,Golden State Warriors,0022301155,2024-04-09,GSW @ LAL,W
22023,LAL,Los Angeles Lakers,0022301155,2024-04-09,LAL vs. GSW,L
22023,MIA,Miami Heat,0022301147,2024-04-09,MIA @ ATL,W
22023,MIL,Milwaukee Bucks,0022301148,2024-04-09,MIL vs. BOS,W
22023,MIN,Minnesota Timberwolves,0022301152,2024-04-09,MIN vs. WAS,W
22023,NYK,New York Knicks,0022301149,2024-04-09,NYK @ CHI,W
22023,IND,Indiana Pacers,0022301146,2024-04-09,IND @ TOR,W
22023,POR,Portland Trail Blazers,0022301157,2024-04-09,POR vs. NOP,L
22023,SAC,Sacramento Kings,0022301153,2024-04-09,SAC @ OKC,L
22023,OKC,Oklahoma City Thunder,0022301153,2024-04-09,OKC vs. SAC,W
22023,TOR,Toronto Raptors,0022301146,2024-04-09,TOR vs. IND,L
22023,UTA,Utah Jazz,0022301154,2024-04-09,UTA vs. DEN,L
22023,MEM,Memphis Grizzlies,0022301151,2024-04-09,MEM vs. SAS,L
22023,WAS,Washington Wizards,0022301152,2024-04-09,WAS @ MIN,L
22023,ATL,Atlanta Hawks,0022301159,2024-04-10,ATL vs. CHA,L
22023,CLE,Cleveland Cavaliers,0022301158,2024-04-10,CLE vs. MEM,W
22023,MIA,Miami Heat,0022301161,2024-04-10,MIA vs. DAL,L
22023,ORL,Orlando Magic,0022301162,2024-04-10,ORL @ MIL,L
22023,PHX,Phoenix Suns,0022301165,2024-04-10,PHX @ LAC,W
22023,SAS,San Antonio Spurs,0022301163,2024-04-10,SAS @ OKC,L
22023,CHA,Charlotte Hornets,0022301159,2024-04-10,CHA @ ATL,W
22023,DAL,Dallas Mavericks,0022301161,2024-04-10,DAL @ MIA,W
22023,DEN,Denver Nuggets,0022301164,2024-04-10,DEN vs. MIN,W
22023,LAC,LA Clippers,0022301165,2024-04-10,LAC vs. PHX,L
22023,MIL,Milwaukee Bucks,0022301162,2024-04-10,MIL vs. ORL,W
22023,MIN,Minnesota Timberwolves,0022301164,2024-04-10,MIN @ DEN,L
22023,BKN,Brooklyn Nets,0022301160,2024-04-10,BKN vs. TOR,W
22023,OKC,Oklahoma City Thunder,0022301163,2024-04-10,OKC vs. SAS,W
22023,TOR,Toronto Raptors,0022301160,2024-04-10,TOR @ BKN,L
22023,MEM,Memphis Grizzlies,0022301158,2024-04-10,MEM @ CLE,L
22023,BOS,Boston Celtics,0022301167,2024-04-11,BOS vs. NYK,L
22023,NOP,New Orleans Pelicans,0022301170,2024-04-11,NOP @ SAC,W
22023,GSW,Golden State Warriors,0022301169,2024-04-11,GSW @ POR,W
22023,NYK,New York Knicks,0022301167,2024-04-11,NYK @ BOS,W
22023,SAC,Sacramento Kings,0022301170,2024-04-11,SAC vs. NOP,L
22023,DET,Detroit Pistons,0022301166,2024-04-11,DET vs. CHI,L
22023,CHI,Chicago Bulls,0022301166,2024-04-11,CHI @ DET,W
22023,HOU,Houston Rockets,0022301168,2024-04-11,HOU @ UTA,L
22023,POR,Portland Trail Blazers,0022301169,2024-04-11,POR vs. GSW,L
22023,UTA,Utah Jazz,0022301168,2024-04-11,UTA vs. HOU,W
22023,ATL,Atlanta Hawks,0022301178,2024-04-12,ATL @ MIN,L
22023,CHI,Chicago Bulls,0022301172,2024-04-12,CHI @ WAS,W
22023,HOU,Houston Rockets,0022301183,2024-04-12,HOU @ POR,W
22023,LAC,LA Clippers,0022301184,2024-04-12,LAC vs. UTA,L
22023,MIA,Miami Heat,0022301176,2024-04-12,MIA vs. TOR,W
22023,BKN,Brooklyn Nets,0022301175,2024-04-12,BKN @ NYK,L
22023,NYK,New York Knicks,0022301175,2024-04-12,NYK vs. BKN,W
22023,IND,Indiana Pacers,0022301174,2024-04-12,IND @ CLE,L
22023,POR,Portland Trail Blazers,0022301183,2024-04-12,POR vs. HOU,L
22023,SAC,Sacramento Kings,0022301185,2024-04-12,SAC vs. PHX,L
22023,SAS,San Antonio Spurs,0022301180,2024-04-12,SAS vs. DEN,W
22023,UTA,Utah Jazz,0022301184,2024-04-12,UTA @ LAC,W
22023,WAS,Washington Wizards,0022301172,2024-04-12,WAS vs. CHI,L
22023,BOS,Boston Celtics,0022301173,2024-04-12,BOS vs. CHA,W
22023,CLE,Cleveland Cavaliers,0022301174,2024-04-12,CLE vs. IND,W
22023,DEN,Denver Nuggets,0022301180,2024-04-12,DEN @ SAS,L
22023,GSW,Golden State Warriors,0022301182,2024-04-12,GSW vs. NOP,L
22023,MIL,Milwaukee Bucks,0022301179,2024-04-12,MIL @ OKC,L
22023,MIN,Minnesota Timberwolves,0022301178,2024-04-12,MIN vs. ATL,W
22023,ORL,Orlando Magic,0022301171,2024-04-12,ORL @ PHI,L
22023,PHI,Philadelphia 76ers,0022301171,2024-04-12,PHI vs. ORL,W
22023,PHX,Phoenix Suns,0022301185,2024-04-12,PHX @ SAC,W
22023,TOR,Toronto Raptors,0022301176,2024-04-12,TOR @ MIA,L
22023,MEM,Memphis Grizzlies,0022301177,2024-04-12,MEM vs. LAL,L
22023,DET,Detroit Pistons,0022301181,2024-04-12,DET @ DAL,W
22023,CHA,Charlotte Hornets,0022301173,2024-04-12,CHA @ BOS,L
22023,NOP,New Orleans Pelicans,0022301182,2024-04-12,NOP @ GSW,W
22023,DAL,Dallas Mavericks,0022301181,2024-04-12,DAL vs. DET,L
22023,LAL,Los Angeles Lakers,0022301177,2024-04-12,LAL @ MEM,W
22023,OKC,Oklahoma City Thunder,0022301179,2024-04-12,OKC vs. MIL,W
22023,GSW,Golden State Warriors,0022301198,2024-04-14,GSW vs. UTA,W
22023,LAC,LA Clippers,0022301199,2024-04-14,LAC vs. HOU,L
22023,MIA,Miami Heat,0022301189,2024-04-14,MIA vs. TOR,W
22023,MIL,Milwaukee Bucks,0022301191,2024-04-14,MIL @ ORL,L
22023,BKN,Brooklyn Nets,0022301192,2024-04-14,BKN @ PHI,L
22023,ORL,Orlando Magic,0022301191,2024-04-14,ORL vs. MIL,W
22023,IND,Indiana Pacers,0022301188,2024-04-14,IND vs. ATL,W
22023,PHI,Philadelphia 76ers,0022301192,2024-04-14,PHI vs. BKN,W
22023,PHX,Phoenix Suns,0022301194,2024-04-14,PHX @ MIN,W
22023,SAC,Sacramento Kings,0022301200,2024-04-14,SAC vs. POR,W
22023,SAS,San Antonio Spurs,0022301197,2024-04-14,SAS vs. DET,W
22023,TOR,Toronto Raptors,0022301189,2024-04-14,TOR @ MIA,L
22023,MEM,Memphis Grizzlies,0022301193,2024-04-14,MEM vs. DEN,L
22023,WAS,Washington Wizards,0022301186,2024-04-14,WAS @ BOS,L
22023,CHA,Charlotte Hornets,0022301187,2024-04-14,CHA @ CLE,W
22023,ATL,Atlanta Hawks,0022301188,2024-04-14,ATL @ IND,L
22023,CLE,Cleveland Cavaliers,0022301187,2024-04-14,CLE vs. CHA,L
22023,NOP,New Orleans Pelicans,0022301195,2024-04-14,NOP vs. LAL,L
22023,CHI,Chicago Bulls,0022301190,2024-04-14,CHI @ NYK,L
22023,DAL,Dallas Mavericks,0022301196,2024-04-14,DAL @ OKC,L
22023,HOU,Houston Rockets,0022301199,2024-04-14,HOU @ LAC,W
22023,LAL,Los Angeles Lakers,0022301195,2024-04-14,LAL @ NOP,W
22023,MIN,Minnesota Timberwolves,0022301194,2024-04-14,MIN vs. PHX,L
22023,NYK,New York Knicks,0022301190,2024-04-14,NYK vs. CHI,W
22023,POR,Portland Trail Blazers,0022301200,2024-04-14,POR @ SAC,L
22023,OKC,Oklahoma City Thunder,0022301196,2024-04-14,OKC vs. DAL,W
22023,DET,Detroit Pistons,0022301197,2024-04-14,DET @ SAS,L
22023,BOS,Boston Celtics,0022301186,2024-04-14,BOS vs. WAS,W
22023,DEN,Denver Nuggets,0022301193,2024-04-14,DEN @ MEM,W
22023,UTA,Utah Jazz,0022301198,2024-04-14,UTA @ GSW,L
