SEASON_ID,TEAM_ABBREVIATION,TEAM_NAME,GAME_ID,GAME_DATE,MATCHUP,WL
22024,BOS,Boston Celtics,0022400061,2024-10-22,BOS vs. NYK,W
22024,MIN,Minnesota Timberwolves,0022400062,2024-10-22,MIN @ LAL,L
22024,LAL,Los Angeles Lakers,0022400062,2024-10-22,LAL vs. MIN,W
22024,NYK,New York Knicks,0022400061,2024-10-22,NYK @ BOS,L
22024,GSW,Golden State Warriors,0022400072,2024-10-23,GSW @ POR,W
22024,HOU,Houston Rockets,0022400068,2024-10-23,HOU vs. CHA,L
22024,LAC,LA Clippers,0022400071,2024-10-23,LAC vs. PHX,L
22024,ORL,Orlando Magic,0022400065,2024-10-23,ORL @ MIA,W
22024,POR,Portland Trail Blazers,0022400072,2024-10-23,POR vs. GSW,L
22024,UTA,Utah Jazz,0022400070,2024-10-23,UTA vs. MEM,L
22024,DET,Detroit Pistons,0022400063,2024-10-23,DET vs. IND,L
22024,ATL,Atlanta Hawks,0022400064,2024-10-23,ATL vs. BKN,W
22024,CLE,Cleveland Cavaliers,0022400067,2024-10-23,CLE @ TOR,W
22024,NOP,New Orleans Pelicans,0022400069,2024-10-23,NOP vs. CHI,W
22024,CHI,Chicago Bulls,0022400069,2024-10-23,CHI @ NOP,L
22024,MIA,Miami Heat,0022400065,2024-10-23,MIA vs. ORL,L
22024,MIL,Milwaukee Bucks,0022400066,2024-10-23,MIL @ PHI,W
22024,BKN,Brooklyn Nets,0022400064,2024-10-23,BKN @ ATL,L
22024,IND,Indiana Pacers,0022400063,2024-10-23,IND @ DET,W
22024,PHX,Phoenix Suns,0022400071,2024-10-23,PHX @ LAC,W
22024,TOR,Toronto Raptors,0022400067,2024-10-23,TOR vs. CLE,L
22024,MEM,Memphis Grizzlies,0022400070,2024-10-23,MEM @ UTA,W
22024,CHA,Charlotte Hornets,0022400068,2024-10-23,CHA @ HOU,W
22024,PHI,Philadelphia 76ers,0022400066,2024-10-23,PHI vs. MIL,L
22024,OKC,Oklahoma City Thunder,0022400075,2024-10-24,OKC @ DEN,W
22024,WAS,Washington Wizards,0022400073,2024-10-24,WAS vs. BOS,L
22024,BOS,Boston Celtics,0022400073,2024-10-24,BOS @ WAS,W
22024,DAL,Dallas Mavericks,0022400074,2024-10-24,DAL vs. SAS,W
22024,DEN,Denver Nuggets,0022400075,2024-10-24,DEN vs. OKC,L
22024,MIN,Minnesota Timberwolves,0022400076,2024-10-24,MIN @ SAC,W
22024,SAS,San Antonio Spurs,0022400074,2024-10-24,SAS @ DAL,L
22024,SAC,Sacramento Kings,0022400076,2024-10-24,SAC vs. MIN,L
22024,ATL,Atlanta Hawks,0022400079,2024-10-25,ATL vs. CHA,W
22024,NOP,New Orleans Pelicans,0022400086,2024-10-25,NOP @ POR,W
22024,GSW,Golden State Warriors,0022400084,2024-10-25,GSW @ UTA,W
22024,HOU,Houston Rockets,0022400082,2024-10-25,HOU vs. MEM,W
22024,BKN,Brooklyn Nets,0022400077,2024-10-25,BKN @ ORL,L
22024,NYK,New York Knicks,0022400081,2024-10-25,NYK vs. IND,W
22024,IND,Indiana Pacers,0022400081,2024-10-25,IND @ NYK,L
22024,PHI,Philadelphia 76ers,0022400078,2024-10-25,PHI @ TOR,L
22024,PHX,Phoenix Suns,0022400085,2024-10-25,PHX @ LAL,L
22024,MEM,Memphis Grizzlies,0022400082,2024-10-25,MEM @ HOU,L
22024,DET,Detroit Pistons,0022400080,2024-10-25,DET @ CLE,L
22024,CLE,Cleveland Cavaliers,0022400080,2024-10-25,CLE vs. DET,W
22024,CHI,Chicago Bulls,0022400083,2024-10-25,CHI @ MIL,W
22024,LAL,Los Angeles Lakers,0022400085,2024-10-25,LAL vs. PHX,W
22024,ORL,Orlando Magic,0022400077,2024-10-25,ORL vs. BKN,W
22024,POR,Portland Trail Blazers,0022400086,2024-10-25,POR vs. NOP,L
22024,TOR,Toronto Raptors,0022400078,2024-10-25,TOR vs. PHI,W
22024,UTA,Utah Jazz,0022400084,2024-10-25,UTA vs. GSW,L
22024,CHA,Charlotte Hornets,0022400079,2024-10-25,CHA @ ATL,L
22024,MIL,Milwaukee Bucks,0022400083,2024-10-25,MIL vs. CHI,L
22024,BOS,Boston Celtics,0022400089,2024-10-26,BOS @ DET,W
22024,CHI,Chicago Bulls,0022400091,2024-10-26,CHI vs. OKC,L
22024,HOU,Houston Rockets,0022400094,2024-10-26,HOU @ SAS,L
22024,LAC,LA Clippers,0022400087,2024-10-26,LAC @ DEN,W
22024,LAL,Los Angeles Lakers,0022400096,2024-10-26,LAL vs. SAC,W
22024,PHX,Phoenix Suns,0022400095,2024-10-26,PHX vs. DAL,W
22024,OKC,Oklahoma City Thunder,0022400091,2024-10-26,OKC @ CHI,W
22024,TOR,Toronto Raptors,0022400093,2024-10-26,TOR @ MIN,L
22024,MEM,Memphis Grizzlies,0022400092,2024-10-26,MEM vs. ORL,W
22024,DET,Detroit Pistons,0022400089,2024-10-26,DET vs. BOS,L
22024,CLE,Cleveland Cavaliers,0022400090,2024-10-26,CLE @ WAS,W
22024,DEN,Denver Nuggets,0022400087,2024-10-26,DEN vs. LAC,L
22024,ORL,Orlando Magic,0022400092,2024-10-26,ORL @ MEM,L
22024,SAS,San Antonio Spurs,0022400094,2024-10-26,SAS vs. HOU,W
22024,WAS,Washington Wizards,0022400090,2024-10-26,WAS vs. CLE,L
22024,DAL,Dallas Mavericks,0022400095,2024-10-26,DAL @ PHX,L
22024,MIA,Miami Heat,0022400088,2024-10-26,MIA @ CHA,W
22024,MIN,Minnesota Timberwolves,0022400093,2024-10-26,MIN vs. TOR,W
22024,SAC,Sacramento Kings,0022400096,2024-10-26,SAC @ LAL,L
22024,CHA,Charlotte Hornets,0022400088,2024-10-26,CHA vs. MIA,L
22024,NOP,New Orleans Pelicans,0022400099,2024-10-27,NOP @ POR,L
22024,MIL,Milwaukee Bucks,0022400098,2024-10-27,MIL @ BKN,L
22024,BKN,Brooklyn Nets,0022400098,2024-10-27,BKN vs. MIL,W
22024,IND,Indiana Pacers,0022400097,2024-10-27,IND vs. PHI,L
22024,PHI,Philadelphia 76ers,0022400097,2024-10-27,PHI @ IND,W
22024,ATL,Atlanta Hawks,0022400100,2024-10-27,ATL @ OKC,L
22024,POR,Portland Trail Blazers,0022400099,2024-10-27,POR vs. NOP,W
22024,OKC,Oklahoma City Thunder,0022400100,2024-10-27,OKC vs. ATL,W
22024,GSW,Golden State Warriors,0022400101,2024-10-27,GSW vs. LAC,L
22024,LAC,LA Clippers,0022400101,2024-10-27,LAC @ GSW,W
22024,BOS,Boston Celtics,0022400104,2024-10-28,BOS vs. MIL,W
22024,CLE,Cleveland Cavaliers,0022400106,2024-10-28,CLE @ NYK,W
22024,CHI,Chicago Bulls,0022400108,2024-10-28,CHI @ MEM,W
22024,LAL,Los Angeles Lakers,0022400111,2024-10-28,LAL @ PHX,L
22024,MIL,Milwaukee Bucks,0022400104,2024-10-28,MIL @ BOS,L
22024,NYK,New York Knicks,0022400106,2024-10-28,NYK vs. CLE,L
22024,ORL,Orlando Magic,0022400102,2024-10-28,ORL vs. IND,W
22024,POR,Portland Trail Blazers,0022400112,2024-10-28,POR @ SAC,L
22024,SAC,Sacramento Kings,0022400112,2024-10-28,SAC vs. POR,W
22024,SAS,San Antonio Spurs,0022400109,2024-10-28,SAS vs. HOU,L
22024,UTA,Utah Jazz,0022400110,2024-10-28,UTA @ DAL,L
22024,MEM,Memphis Grizzlies,0022400108,2024-10-28,MEM vs. CHI,L
22024,WAS,Washington Wizards,0022400103,2024-10-28,WAS @ ATL,W
22024,ATL,Atlanta Hawks,0022400103,2024-10-28,ATL vs. WAS,L
22024,DAL,Dallas Mavericks,0022400110,2024-10-28,DAL vs. UTA,W
22024,DEN,Denver Nuggets,0022400107,2024-10-28,DEN @ TOR,W
22024,HOU,Houston Rockets,0022400109,2024-10-28,HOU @ SAS,W
22024,MIA,Miami Heat,0022400105,2024-10-28,MIA vs. DET,W
22024,IND,Indiana Pacers,0022400102,2024-10-28,IND @ ORL,L
22024,TOR,Toronto Raptors,0022400107,2024-10-28,TOR vs. DEN,L
22024,PHX,Phoenix Suns,0022400111,2024-10-28,PHX vs. LAL,W
22024,DET,Detroit Pistons,0022400105,2024-10-28,DET @ MIA,L
22024,NOP,New Orleans Pelicans,0022400116,2024-10-29,NOP @ GSW,L
22024,DAL,Dallas Mavericks,0022400114,2024-10-29,DAL @ MIN,W
22024,DEN,Denver Nuggets,0022400113,2024-10-29,DEN @ BKN,W
22024,BKN,Brooklyn Nets,0022400113,2024-10-29,BKN vs. DEN,L
22024,UTA,Utah Jazz,0022400115,2024-10-29,UTA vs. SAC,L
22024,GSW,Golden State Warriors,0022400116,2024-10-29,GSW vs. NOP,W
22024,SAC,Sacramento Kings,0022400115,2024-10-29,SAC @ UTA,W
22024,MIN,Minnesota Timberwolves,0022400114,2024-10-29,MIN vs. DAL,L
22024,ATL,Atlanta Hawks,0022400121,2024-10-30,ATL @ WAS,L
22024,CHI,Chicago Bulls,0022400123,2024-10-30,CHI vs. ORL,W
22024,LAL,Los Angeles Lakers,0022400118,2024-10-30,LAL @ CLE,L
22024,MIA,Miami Heat,0022400122,2024-10-30,MIA vs. NYK,L
22024,IND,Indiana Pacers,0022400119,2024-10-30,IND vs. BOS,W
22024,SAS,San Antonio Spurs,0022400125,2024-10-30,SAS @ OKC,L
22024,WAS,Washington Wizards,0022400121,2024-10-30,WAS vs. ATL,W
22024,DET,Detroit Pistons,0022400120,2024-10-30,DET @ PHI,W
22024,BOS,Boston Celtics,0022400119,2024-10-30,BOS @ IND,L
22024,CLE,Cleveland Cavaliers,0022400118,2024-10-30,CLE vs. LAL,W
22024,NOP,New Orleans Pelicans,0022400126,2024-10-30,NOP @ GSW,L
22024,GSW,Golden State Warriors,0022400126,2024-10-30,GSW vs. NOP,W
22024,LAC,LA Clippers,0022400127,2024-10-30,LAC vs. POR,L
22024,BKN,Brooklyn Nets,0022400124,2024-10-30,BKN @ MEM,W
22024,NYK,New York Knicks,0022400122,2024-10-30,NYK @ MIA,W
22024,ORL,Orlando Magic,0022400123,2024-10-30,ORL @ CHI,L
22024,PHI,Philadelphia 76ers,0022400120,2024-10-30,PHI vs. DET,L
22024,POR,Portland Trail Blazers,0022400127,2024-10-30,POR @ LAC,W
22024,OKC,Oklahoma City Thunder,0022400125,2024-10-30,OKC vs. SAS,W
22024,TOR,Toronto Raptors,0022400117,2024-10-30,TOR @ CHA,L
22024,MEM,Memphis Grizzlies,0022400124,2024-10-30,MEM vs. BKN,L
22024,CHA,Charlotte Hornets,0022400117,2024-10-30,CHA vs. TOR,W
22024,DAL,Dallas Mavericks,0022400129,2024-10-31,DAL vs. HOU,L
22024,PHX,Phoenix Suns,0022400131,2024-10-31,PHX @ LAC,W
22024,SAS,San Antonio Spurs,0022400130,2024-10-31,SAS @ UTA,W
22024,UTA,Utah Jazz,0022400130,2024-10-31,UTA vs. SAS,L
22024,MEM,Memphis Grizzlies,0022400128,2024-10-31,MEM vs. MIL,W
22024,HOU,Houston Rockets,0022400129,2024-10-31,HOU @ DAL,W
22024,LAC,LA Clippers,0022400131,2024-10-31,LAC vs. PHX,L
22024,MIL,Milwaukee Bucks,0022400128,2024-10-31,MIL @ MEM,L
22024,ATL,Atlanta Hawks,0022400135,2024-11-01,ATL vs. SAC,L
22024,DEN,Denver Nuggets,0022400139,2024-11-01,DEN @ MIN,L
22024,BKN,Brooklyn Nets,0022400136,2024-11-01,BKN vs. CHI,W
22024,NYK,New York Knicks,0022400134,2024-11-01,NYK @ DET,W
22024,POR,Portland Trail Blazers,0022400140,2024-11-01,POR vs. OKC,L
22024,OKC,Oklahoma City Thunder,0022400140,2024-11-01,OKC @ POR,W
22024,BOS,Boston Celtics,0022400132,2024-11-01,BOS @ CHA,W
22024,CLE,Cleveland Cavaliers,0022400133,2024-11-01,CLE vs. ORL,W
22024,NOP,New Orleans Pelicans,0022400138,2024-11-01,NOP vs. IND,W
22024,CHI,Chicago Bulls,0022400136,2024-11-01,CHI @ BKN,L
22024,LAL,Los Angeles Lakers,0022400137,2024-11-01,LAL @ TOR,W
22024,MIN,Minnesota Timberwolves,0022400139,2024-11-01,MIN vs. DEN,W
22024,IND,Indiana Pacers,0022400138,2024-11-01,IND @ NOP,L
22024,SAC,Sacramento Kings,0022400135,2024-11-01,SAC @ ATL,W
22024,TOR,Toronto Raptors,0022400137,2024-11-01,TOR vs. LAL,L
22024,DET,Detroit Pistons,0022400134,2024-11-01,DET vs. NYK,L
22024,CHA,Charlotte Hornets,0022400132,2024-11-01,CHA vs. BOS,L
22024,ORL,Orlando Magic,0022400133,2024-11-01,ORL @ CLE,L
22024,BOS,Boston Celtics,0022400141,2024-11-02,BOS @ CHA,W
22024,LAC,LA Clippers,0022400150,2024-11-02,LAC vs. OKC,L
22024,MIA,Miami Heat,0022400147,2024-11-02,MIA @ WAS,W
22024,PHI,Philadelphia 76ers,0022400142,2024-11-02,PHI vs. MEM,L
22024,PHX,Phoenix Suns,0022400149,2024-11-02,PHX vs. POR,W
22024,TOR,Toronto Raptors,0022400143,2024-11-02,TOR vs. SAC,W
22024,MEM,Memphis Grizzlies,0022400142,2024-11-02,MEM @ PHI,W
22024,WAS,Washington Wizards,0022400147,2024-11-02,WAS @ MIA,L
22024,CHA,Charlotte Hornets,0022400141,2024-11-02,CHA vs. BOS,L
22024,CLE,Cleveland Cavaliers,0022400145,2024-11-02,CLE @ MIL,W
22024,GSW,Golden State Warriors,0022400144,2024-11-02,GSW @ HOU,W
22024,HOU,Houston Rockets,0022400144,2024-11-02,HOU vs. GSW,L
22024,MIL,Milwaukee Bucks,0022400145,2024-11-02,MIL vs. CLE,L
22024,MIN,Minnesota Timberwolves,0022400146,2024-11-02,MIN @ SAS,L
22024,POR,Portland Trail Blazers,0022400149,2024-11-02,POR @ PHX,L
22024,SAC,Sacramento Kings,0022400143,2024-11-02,SAC @ TOR,L
22024,SAS,San Antonio Spurs,0022400146,2024-11-02,SAS vs. MIN,W
22024,OKC,Oklahoma City Thunder,0022400150,2024-11-02,OKC @ LAC,W
22024,UTA,Utah Jazz,0022400148,2024-11-02,UTA @ DEN,L
22024,DEN,Denver Nuggets,0022400148,2024-11-02,DEN vs. UTA,W
22024,DAL,Dallas Mavericks,0022400153,2024-11-03,DAL vs. ORL,W
22024,ORL,Orlando Magic,0022400153,2024-11-03,ORL @ DAL,L
22024,ATL,Atlanta Hawks,0022400152,2024-11-03,ATL @ NOP,W
22024,NOP,New Orleans Pelicans,0022400152,2024-11-03,NOP vs. ATL,L
22024,BKN,Brooklyn Nets,0022400151,2024-11-03,BKN vs. DET,L
22024,DET,Detroit Pistons,0022400151,2024-11-03,DET @ BKN,W
22024,BOS,Boston Celtics,0022400157,2024-11-04,BOS @ ATL,W
22024,NOP,New Orleans Pelicans,0022400164,2024-11-04,NOP vs. POR,L
22024,LAL,Los Angeles Lakers,0022400156,2024-11-04,LAL @ DET,L
22024,MIA,Miami Heat,0022400159,2024-11-04,MIA vs. SAC,L
22024,MIL,Milwaukee Bucks,0022400154,2024-11-04,MIL @ CLE,L
22024,ORL,Orlando Magic,0022400163,2024-11-04,ORL @ OKC,L
22024,PHI,Philadelphia 76ers,0022400167,2024-11-04,PHI @ PHX,L
22024,POR,Portland Trail Blazers,0022400164,2024-11-04,POR @ NOP,W
22024,SAS,San Antonio Spurs,0022400168,2024-11-04,SAS @ LAC,L
22024,OKC,Oklahoma City Thunder,0022400163,2024-11-04,OKC vs. ORL,W
22024,ATL,Atlanta Hawks,0022400157,2024-11-04,ATL vs. BOS,L
22024,CLE,Cleveland Cavaliers,0022400154,2024-11-04,CLE vs. MIL,W
22024,CHI,Chicago Bulls,0022400160,2024-11-04,CHI vs. UTA,L
22024,DEN,Denver Nuggets,0022400166,2024-11-04,DEN vs. TOR,W
22024,GSW,Golden State Warriors,0022400155,2024-11-04,GSW @ WAS,W
22024,HOU,Houston Rockets,0022400161,2024-11-04,HOU vs. NYK,W
22024,LAC,LA Clippers,0022400168,2024-11-04,LAC vs. SAS,W
22024,MIN,Minnesota Timberwolves,0022400162,2024-11-04,MIN vs. CHA,W
22024,BKN,Brooklyn Nets,0022400158,2024-11-04,BKN vs. MEM,W
22024,NYK,New York Knicks,0022400161,2024-11-04,NYK @ HOU,L
22024,IND,Indiana Pacers,0022400165,2024-11-04,IND @ DAL,W
22024,PHX,Phoenix Suns,0022400167,2024-11-04,PHX vs. PHI,W
22024,SAC,Sacramento Kings,0022400159,2024-11-04,SAC @ MIA,W
22024,TOR,Toronto Raptors,0022400166,2024-11-04,TOR @ DEN,L
22024,UTA,Utah Jazz,0022400160,2024-11-04,UTA @ CHI,W
22024,MEM,Memphis Grizzlies,0022400158,2024-11-04,MEM @ BKN,L
22024,DET,Detroit Pistons,0022400156,2024-11-04,DET vs. LAL,W
22024,CHA,Charlotte Hornets,0022400162,2024-11-04,CHA @ MIN,L
22024,DAL,Dallas Mavericks,0022400165,2024-11-04,DAL vs. IND,L
22024,WAS,Washington Wizards,0022400155,2024-11-04,WAS vs. GSW,L
22024,BOS,Boston Celtics,0022400172,2024-11-06,BOS vs. GSW,L
22024,CLE,Cleveland Cavaliers,0022400175,2024-11-06,CLE @ NOP,W
22024,NOP,New Orleans Pelicans,0022400175,2024-11-06,NOP vs. CLE,L
22024,CHI,Chicago Bulls,0022400176,2024-11-06,CHI @ DAL,L
22024,DAL,Dallas Mavericks,0022400176,2024-11-06,DAL vs. CHI,W
22024,GSW,Golden State Warriors,0022400172,2024-11-06,GSW @ BOS,W
22024,HOU,Houston Rockets,0022400173,2024-11-06,HOU vs. SAS,W
22024,LAL,Los Angeles Lakers,0022400174,2024-11-06,LAL @ MEM,L
22024,ORL,Orlando Magic,0022400170,2024-11-06,ORL @ IND,L
22024,PHI,Philadelphia 76ers,0022400179,2024-11-06,PHI @ LAC,L
22024,PHX,Phoenix Suns,0022400178,2024-11-06,PHX vs. MIA,W
22024,SAS,San Antonio Spurs,0022400173,2024-11-06,SAS @ HOU,L
22024,OKC,Oklahoma City Thunder,0022400177,2024-11-06,OKC @ DEN,L
22024,TOR,Toronto Raptors,0022400180,2024-11-06,TOR @ SAC,L
22024,CHA,Charlotte Hornets,0022400169,2024-11-06,CHA vs. DET,W
22024,ATL,Atlanta Hawks,0022400171,2024-11-06,ATL vs. NYK,W
22024,DEN,Denver Nuggets,0022400177,2024-11-06,DEN vs. OKC,W
22024,LAC,LA Clippers,0022400179,2024-11-06,LAC vs. PHI,W
22024,MIA,Miami Heat,0022400178,2024-11-06,MIA @ PHX,L
22024,NYK,New York Knicks,0022400171,2024-11-06,NYK @ ATL,L
22024,IND,Indiana Pacers,0022400170,2024-11-06,IND vs. ORL,W
22024,SAC,Sacramento Kings,0022400180,2024-11-06,SAC vs. TOR,W
22024,MEM,Memphis Grizzlies,0022400174,2024-11-06,MEM vs. LAL,W
22024,DET,Detroit Pistons,0022400169,2024-11-06,DET @ CHA,L
22024,MIL,Milwaukee Bucks,0022400182,2024-11-07,MIL vs. UTA,W
22024,MIN,Minnesota Timberwolves,0022400181,2024-11-07,MIN @ CHI,W
22024,CHI,Chicago Bulls,0022400181,2024-11-07,CHI vs. MIN,L
22024,POR,Portland Trail Blazers,0022400183,2024-11-07,POR @ SAS,L
22024,SAS,San Antonio Spurs,0022400183,2024-11-07,SAS vs. POR,W
22024,UTA,Utah Jazz,0022400182,2024-11-07,UTA @ MIL,L
22024,ATL,Atlanta Hawks,0022400185,2024-11-08,ATL @ DET,L
22024,DAL,Dallas Mavericks,0022400190,2024-11-08,DAL vs. PHX,L
22024,DEN,Denver Nuggets,0022400194,2024-11-08,DEN vs. MIA,W
22024,GSW,Golden State Warriors,0022400188,2024-11-08,GSW @ CLE,L
22024,LAC,LA Clippers,0022400196,2024-11-08,LAC @ SAC,W
22024,MIA,Miami Heat,0022400194,2024-11-08,MIA @ DEN,L
22024,MIN,Minnesota Timberwolves,0022400193,2024-11-08,MIN vs. POR,W
22024,BKN,Brooklyn Nets,0022400187,2024-11-08,BKN @ BOS,L
22024,ORL,Orlando Magic,0022400186,2024-11-08,ORL vs. NOP,W
22024,PHX,Phoenix Suns,0022400190,2024-11-08,PHX @ DAL,W
22024,POR,Portland Trail Blazers,0022400193,2024-11-08,POR @ MIN,L
22024,SAC,Sacramento Kings,0022400196,2024-11-08,SAC vs. LAC,L
22024,OKC,Oklahoma City Thunder,0022400192,2024-11-08,OKC vs. HOU,W
22024,MEM,Memphis Grizzlies,0022400191,2024-11-08,MEM vs. WAS,W
22024,WAS,Washington Wizards,0022400191,2024-11-08,WAS @ MEM,L
22024,CHA,Charlotte Hornets,0022400184,2024-11-08,CHA vs. IND,W
22024,CLE,Cleveland Cavaliers,0022400188,2024-11-08,CLE vs. GSW,W
22024,NOP,New Orleans Pelicans,0022400186,2024-11-08,NOP @ ORL,L
22024,HOU,Houston Rockets,0022400192,2024-11-08,HOU @ OKC,L
22024,LAL,Los Angeles Lakers,0022400195,2024-11-08,LAL vs. PHI,W
22024,MIL,Milwaukee Bucks,0022400189,2024-11-08,MIL @ NYK,L
22024,NYK,New York Knicks,0022400189,2024-11-08,NYK vs. MIL,W
22024,IND,Indiana Pacers,0022400184,2024-11-08,IND @ CHA,L
22024,PHI,Philadelphia 76ers,0022400195,2024-11-08,PHI @ LAL,L
22024,DET,Detroit Pistons,0022400185,2024-11-08,DET vs. ATL,W
22024,BOS,Boston Celtics,0022400187,2024-11-08,BOS vs. BKN,W
22024,ATL,Atlanta Hawks,0022400198,2024-11-09,ATL vs. CHI,L
22024,CLE,Cleveland Cavaliers,0022400199,2024-11-09,CLE vs. BKN,W
22024,CHI,Chicago Bulls,0022400198,2024-11-09,CHI @ ATL,W
22024,BKN,Brooklyn Nets,0022400199,2024-11-09,BKN @ CLE,L
22024,LAC,LA Clippers,0022400200,2024-11-09,LAC vs. TOR,W
22024,TOR,Toronto Raptors,0022400200,2024-11-09,TOR @ LAC,L
22024,UTA,Utah Jazz,0022400197,2024-11-09,UTA @ SAS,W
22024,SAS,San Antonio Spurs,0022400197,2024-11-09,SAS vs. UTA,L
22024,DAL,Dallas Mavericks,0022400208,2024-11-10,DAL @ DEN,L
22024,DEN,Denver Nuggets,0022400208,2024-11-10,DEN vs. DAL,W
22024,GSW,Golden State Warriors,0022400207,2024-11-10,GSW @ OKC,W
22024,MIA,Miami Heat,0022400206,2024-11-10,MIA @ MIN,W
22024,MIL,Milwaukee Bucks,0022400202,2024-11-10,MIL vs. BOS,L
22024,MIN,Minnesota Timberwolves,0022400206,2024-11-10,MIN vs. MIA,L
22024,ORL,Orlando Magic,0022400204,2024-11-10,ORL vs. WAS,W
22024,POR,Portland Trail Blazers,0022400210,2024-11-10,POR vs. MEM,L
22024,SAC,Sacramento Kings,0022400209,2024-11-10,SAC @ PHX,W
22024,BOS,Boston Celtics,0022400202,2024-11-10,BOS @ MIL,W
22024,HOU,Houston Rockets,0022400201,2024-11-10,HOU @ DET,W
22024,LAL,Los Angeles Lakers,0022400211,2024-11-10,LAL vs. TOR,W
22024,NYK,New York Knicks,0022400203,2024-11-10,NYK @ IND,L
22024,PHX,Phoenix Suns,0022400209,2024-11-10,PHX vs. SAC,L
22024,TOR,Toronto Raptors,0022400211,2024-11-10,TOR @ LAL,L
22024,MEM,Memphis Grizzlies,0022400210,2024-11-10,MEM @ POR,W
22024,WAS,Washington Wizards,0022400204,2024-11-10,WAS @ ORL,L
22024,DET,Detroit Pistons,0022400201,2024-11-10,DET vs. HOU,L
22024,CHA,Charlotte Hornets,0022400205,2024-11-10,CHA @ PHI,L
22024,IND,Indiana Pacers,0022400203,2024-11-10,IND vs. NYK,W
22024,PHI,Philadelphia 76ers,0022400205,2024-11-10,PHI vs. CHA,W
22024,OKC,Oklahoma City Thunder,0022400207,2024-11-10,OKC vs. GSW,L
22024,CLE,Cleveland Cavaliers,0022400212,2024-11-11,CLE @ CHI,W
22024,NOP,New Orleans Pelicans,0022400214,2024-11-11,NOP vs. BKN,L
22024,CHI,Chicago Bulls,0022400212,2024-11-11,CHI vs. CLE,L
22024,LAC,LA Clippers,0022400215,2024-11-11,LAC @ OKC,L
22024,SAS,San Antonio Spurs,0022400216,2024-11-11,SAS vs. SAC,W
22024,OKC,Oklahoma City Thunder,0022400215,2024-11-11,OKC vs. LAC,W
22024,WAS,Washington Wizards,0022400213,2024-11-11,WAS @ HOU,L
22024,HOU,Houston Rockets,0022400213,2024-11-11,HOU vs. WAS,W
22024,BKN,Brooklyn Nets,0022400214,2024-11-11,BKN @ NOP,W
22024,SAC,Sacramento Kings,0022400216,2024-11-11,SAC @ SAS,L
22024,GSW,Golden State Warriors,0022400007,2024-11-12,GSW vs. DAL,W
22024,MIA,Miami Heat,0022400002,2024-11-12,MIA @ DET,L
22024,MIL,Milwaukee Bucks,0022400005,2024-11-12,MIL vs. TOR,W
22024,MIN,Minnesota Timberwolves,0022400008,2024-11-12,MIN @ POR,L
22024,ORL,Orlando Magic,0022400003,2024-11-12,ORL vs. CHA,W
22024,PHI,Philadelphia 76ers,0022400004,2024-11-12,PHI vs. NYK,L
22024,PHX,Phoenix Suns,0022400006,2024-11-12,PHX @ UTA,W
22024,UTA,Utah Jazz,0022400006,2024-11-12,UTA vs. PHX,L
22024,ATL,Atlanta Hawks,0022400001,2024-11-12,ATL @ BOS,W
22024,NYK,New York Knicks,0022400004,2024-11-12,NYK @ PHI,W
22024,TOR,Toronto Raptors,0022400005,2024-11-12,TOR @ MIL,L
22024,DET,Detroit Pistons,0022400002,2024-11-12,DET vs. MIA,W
22024,CHA,Charlotte Hornets,0022400003,2024-11-12,CHA @ ORL,L
22024,BOS,Boston Celtics,0022400001,2024-11-12,BOS vs. ATL,L
22024,DAL,Dallas Mavericks,0022400007,2024-11-12,DAL @ GSW,L
22024,POR,Portland Trail Blazers,0022400008,2024-11-12,POR vs. MIN,W
22024,BOS,Boston Celtics,0022400218,2024-11-13,BOS @ BKN,W
22024,CLE,Cleveland Cavaliers,0022400220,2024-11-13,CLE @ PHI,W
22024,CHI,Chicago Bulls,0022400219,2024-11-13,CHI @ NYK,W
22024,LAC,LA Clippers,0022400222,2024-11-13,LAC @ HOU,L
22024,BKN,Brooklyn Nets,0022400218,2024-11-13,BKN vs. BOS,L
22024,ORL,Orlando Magic,0022400217,2024-11-13,ORL vs. IND,W
22024,MEM,Memphis Grizzlies,0022400225,2024-11-13,MEM @ LAL,L
22024,DET,Detroit Pistons,0022400223,2024-11-13,DET @ MIL,L
22024,NOP,New Orleans Pelicans,0022400221,2024-11-13,NOP @ OKC,L
22024,HOU,Houston Rockets,0022400222,2024-11-13,HOU vs. LAC,W
22024,LAL,Los Angeles Lakers,0022400225,2024-11-13,LAL vs. MEM,W
22024,MIL,Milwaukee Bucks,0022400223,2024-11-13,MIL vs. DET,W
22024,MIN,Minnesota Timberwolves,0022400226,2024-11-13,MIN @ POR,L
22024,NYK,New York Knicks,0022400219,2024-11-13,NYK vs. CHI,L
22024,IND,Indiana Pacers,0022400217,2024-11-13,IND @ ORL,L
22024,POR,Portland Trail Blazers,0022400226,2024-11-13,POR vs. MIN,W
22024,SAC,Sacramento Kings,0022400227,2024-11-13,SAC vs. PHX,W
22024,SAS,San Antonio Spurs,0022400224,2024-11-13,SAS vs. WAS,W
22024,WAS,Washington Wizards,0022400224,2024-11-13,WAS @ SAS,L
22024,PHI,Philadelphia 76ers,0022400220,2024-11-13,PHI vs. CLE,L
22024,PHX,Phoenix Suns,0022400227,2024-11-13,PHX @ SAC,L
22024,OKC,Oklahoma City Thunder,0022400221,2024-11-13,OKC vs. NOP,W
22024,DAL,Dallas Mavericks,0022400228,2024-11-14,DAL @ UTA,L
22024,UTA,Utah Jazz,0022400228,2024-11-14,UTA vs. DAL,W
22024,CLE,Cleveland Cavaliers,0022400013,2024-11-15,CLE vs. CHI,W
22024,NOP,New Orleans Pelicans,0022400017,2024-11-15,NOP vs. DEN,W
22024,DEN,Denver Nuggets,0022400017,2024-11-15,DEN @ NOP,L
22024,HOU,Houston Rockets,0022400016,2024-11-15,HOU vs. LAC,W
22024,MIA,Miami Heat,0022400009,2024-11-15,MIA @ IND,W
22024,NYK,New York Knicks,0022400014,2024-11-15,NYK vs. BKN,W
22024,SAS,San Antonio Spurs,0022400015,2024-11-15,SAS vs. LAL,L
22024,OKC,Oklahoma City Thunder,0022400018,2024-11-15,OKC vs. PHX,W
22024,MEM,Memphis Grizzlies,0022400019,2024-11-15,MEM @ GSW,L
22024,DET,Detroit Pistons,0022400011,2024-11-15,DET @ TOR,W
22024,ATL,Atlanta Hawks,0022400012,2024-11-15,ATL vs. WAS,W
22024,CHI,Chicago Bulls,0022400013,2024-11-15,CHI @ CLE,L
22024,GSW,Golden State Warriors,0022400019,2024-11-15,GSW vs. MEM,W
22024,LAC,LA Clippers,0022400016,2024-11-15,LAC @ HOU,L
22024,LAL,Los Angeles Lakers,0022400015,2024-11-15,LAL @ SAS,W
22024,MIN,Minnesota Timberwolves,0022400020,2024-11-15,MIN @ SAC,W
22024,BKN,Brooklyn Nets,0022400014,2024-11-15,BKN @ NYK,L
22024,ORL,Orlando Magic,0022400010,2024-11-15,ORL vs. PHI,W
22024,PHI,Philadelphia 76ers,0022400010,2024-11-15,PHI @ ORL,L
22024,PHX,Phoenix Suns,0022400018,2024-11-15,PHX @ OKC,L
22024,SAC,Sacramento Kings,0022400020,2024-11-15,SAC vs. MIN,L
22024,TOR,Toronto Raptors,0022400011,2024-11-15,TOR vs. DET,L
22024,IND,Indiana Pacers,0022400009,2024-11-15,IND vs. MIA,L
22024,WAS,Washington Wizards,0022400012,2024-11-15,WAS @ ATL,L
22024,BOS,Boston Celtics,0022400230,2024-11-16,BOS vs. TOR,W
22024,NOP,New Orleans Pelicans,0022400231,2024-11-16,NOP vs. LAL,L
22024,DAL,Dallas Mavericks,0022400232,2024-11-16,DAL vs. SAS,W
22024,SAC,Sacramento Kings,0022400233,2024-11-16,SAC vs. UTA,W
22024,TOR,Toronto Raptors,0022400230,2024-11-16,TOR @ BOS,L
22024,CHA,Charlotte Hornets,0022400229,2024-11-16,CHA vs. MIL,W
22024,LAL,Los Angeles Lakers,0022400231,2024-11-16,LAL @ NOP,W
22024,SAS,San Antonio Spurs,0022400232,2024-11-16,SAS @ DAL,L
22024,UTA,Utah Jazz,0022400233,2024-11-16,UTA @ SAC,L
22024,MIL,Milwaukee Bucks,0022400229,2024-11-16,MIL @ CHA,L
22024,CLE,Cleveland Cavaliers,0022400236,2024-11-17,CLE vs. CHA,W
22024,DAL,Dallas Mavericks,0022400242,2024-11-17,DAL @ OKC,W
22024,DEN,Denver Nuggets,0022400238,2024-11-17,DEN @ MEM,L
22024,HOU,Houston Rockets,0022400241,2024-11-17,HOU @ CHI,W
22024,LAC,LA Clippers,0022400243,2024-11-17,LAC vs. UTA,W
22024,BKN,Brooklyn Nets,0022400240,2024-11-17,BKN @ NYK,L
22024,PHX,Phoenix Suns,0022400234,2024-11-17,PHX @ MIN,L
22024,OKC,Oklahoma City Thunder,0022400242,2024-11-17,OKC vs. DAL,L
22024,UTA,Utah Jazz,0022400243,2024-11-17,UTA @ LAC,L
22024,WAS,Washington Wizards,0022400237,2024-11-17,WAS vs. DET,L
22024,DET,Detroit Pistons,0022400237,2024-11-17,DET @ WAS,W
22024,CHA,Charlotte Hornets,0022400236,2024-11-17,CHA @ CLE,L
22024,ATL,Atlanta Hawks,0022400239,2024-11-17,ATL @ POR,L
22024,MIA,Miami Heat,0022400235,2024-11-17,MIA @ IND,L
22024,MIN,Minnesota Timberwolves,0022400234,2024-11-17,MIN vs. PHX,W
22024,NYK,New York Knicks,0022400240,2024-11-17,NYK vs. BKN,W
22024,IND,Indiana Pacers,0022400235,2024-11-17,IND vs. MIA,W
22024,MEM,Memphis Grizzlies,0022400238,2024-11-17,MEM vs. DEN,W
22024,CHI,Chicago Bulls,0022400241,2024-11-17,CHI vs. HOU,L
22024,POR,Portland Trail Blazers,0022400239,2024-11-17,POR vs. ATL,W
22024,CHI,Chicago Bulls,0022400244,2024-11-18,CHI @ DET,W
22024,HOU,Houston Rockets,0022400248,2024-11-18,HOU @ MIL,L
22024,NYK,New York Knicks,0022400246,2024-11-18,NYK vs. WAS,W
22024,PHX,Phoenix Suns,0022400249,2024-11-18,PHX vs. ORL,L
22024,SAC,Sacramento Kings,0022400250,2024-11-18,SAC vs. ATL,L
22024,WAS,Washington Wizards,0022400246,2024-11-18,WAS @ NYK,L
22024,ATL,Atlanta Hawks,0022400250,2024-11-18,ATL @ SAC,W
22024,LAC,LA Clippers,0022400251,2024-11-18,LAC vs. GSW,W
22024,MIL,Milwaukee Bucks,0022400248,2024-11-18,MIL vs. HOU,W
22024,ORL,Orlando Magic,0022400249,2024-11-18,ORL @ PHX,W
22024,IND,Indiana Pacers,0022400247,2024-11-18,IND @ TOR,L
22024,PHI,Philadelphia 76ers,0022400245,2024-11-18,PHI @ MIA,L
22024,DET,Detroit Pistons,0022400244,2024-11-18,DET vs. CHI,L
22024,GSW,Golden State Warriors,0022400251,2024-11-18,GSW @ LAC,L
22024,MIA,Miami Heat,0022400245,2024-11-18,MIA vs. PHI,W
22024,TOR,Toronto Raptors,0022400247,2024-11-18,TOR vs. IND,W
22024,BOS,Boston Celtics,0022400021,2024-11-19,BOS vs. CLE,W
22024,CLE,Cleveland Cavaliers,0022400021,2024-11-19,CLE @ BOS,L
22024,DAL,Dallas Mavericks,0022400024,2024-11-19,DAL vs. NOP,W
22024,OKC,Oklahoma City Thunder,0022400025,2024-11-19,OKC @ SAS,L
22024,MEM,Memphis Grizzlies,0022400023,2024-11-19,MEM vs. DEN,L
22024,CHA,Charlotte Hornets,0022400022,2024-11-19,CHA @ BKN,L
22024,NOP,New Orleans Pelicans,0022400024,2024-11-19,NOP @ DAL,L
22024,DEN,Denver Nuggets,0022400023,2024-11-19,DEN @ MEM,W
22024,LAL,Los Angeles Lakers,0022400026,2024-11-19,LAL vs. UTA,W
22024,BKN,Brooklyn Nets,0022400022,2024-11-19,BKN vs. CHA,W
22024,SAS,San Antonio Spurs,0022400025,2024-11-19,SAS vs. OKC,W
22024,UTA,Utah Jazz,0022400026,2024-11-19,UTA @ LAL,L
22024,CLE,Cleveland Cavaliers,0022400252,2024-11-20,CLE vs. NOP,W
22024,NOP,New Orleans Pelicans,0022400252,2024-11-20,NOP @ CLE,L
22024,CHI,Chicago Bulls,0022400253,2024-11-20,CHI @ MIL,L
22024,GSW,Golden State Warriors,0022400258,2024-11-20,GSW vs. ATL,W
22024,LAC,LA Clippers,0022400259,2024-11-20,LAC vs. ORL,W
22024,MIL,Milwaukee Bucks,0022400253,2024-11-20,MIL vs. CHI,W
22024,NYK,New York Knicks,0022400257,2024-11-20,NYK @ PHX,W
22024,ORL,Orlando Magic,0022400259,2024-11-20,ORL @ LAC,L
22024,IND,Indiana Pacers,0022400254,2024-11-20,IND @ HOU,L
22024,OKC,Oklahoma City Thunder,0022400256,2024-11-20,OKC vs. POR,W
22024,ATL,Atlanta Hawks,0022400258,2024-11-20,ATL @ GSW,L
22024,HOU,Houston Rockets,0022400254,2024-11-20,HOU vs. IND,W
22024,PHI,Philadelphia 76ers,0022400255,2024-11-20,PHI @ MEM,L
22024,PHX,Phoenix Suns,0022400257,2024-11-20,PHX vs. NYK,L
22024,POR,Portland Trail Blazers,0022400256,2024-11-20,POR @ OKC,L
22024,MEM,Memphis Grizzlies,0022400255,2024-11-20,MEM vs. PHI,W
22024,TOR,Toronto Raptors,0022400261,2024-11-21,TOR vs. MIN,W
22024,LAL,Los Angeles Lakers,0022400263,2024-11-21,LAL vs. ORL,L
22024,ORL,Orlando Magic,0022400263,2024-11-21,ORL @ LAL,W
22024,SAS,San Antonio Spurs,0022400262,2024-11-21,SAS vs. UTA,W
22024,UTA,Utah Jazz,0022400262,2024-11-21,UTA @ SAS,L
22024,CHA,Charlotte Hornets,0022400260,2024-11-21,CHA vs. DET,W
22024,MIN,Minnesota Timberwolves,0022400261,2024-11-21,MIN @ TOR,L
22024,DET,Detroit Pistons,0022400260,2024-11-21,DET @ CHA,L
22024,BOS,Boston Celtics,0022400028,2024-11-22,BOS @ WAS,W
22024,NOP,New Orleans Pelicans,0022400032,2024-11-22,NOP vs. GSW,L
22024,DEN,Denver Nuggets,0022400033,2024-11-22,DEN vs. DAL,L
22024,HOU,Houston Rockets,0022400031,2024-11-22,HOU vs. POR,W
22024,MIL,Milwaukee Bucks,0022400029,2024-11-22,MIL vs. IND,W
22024,IND,Indiana Pacers,0022400029,2024-11-22,IND @ MIL,L
22024,POR,Portland Trail Blazers,0022400031,2024-11-22,POR @ HOU,L
22024,SAC,Sacramento Kings,0022400034,2024-11-22,SAC @ LAC,L
22024,WAS,Washington Wizards,0022400028,2024-11-22,WAS vs. BOS,L
22024,ATL,Atlanta Hawks,0022400030,2024-11-22,ATL @ CHI,L
22024,CHI,Chicago Bulls,0022400030,2024-11-22,CHI vs. ATL,W
22024,DAL,Dallas Mavericks,0022400033,2024-11-22,DAL @ DEN,W
22024,GSW,Golden State Warriors,0022400032,2024-11-22,GSW @ NOP,W
22024,LAC,LA Clippers,0022400034,2024-11-22,LAC vs. SAC,W
22024,BKN,Brooklyn Nets,0022400027,2024-11-22,BKN @ PHI,L
22024,PHI,Philadelphia 76ers,0022400027,2024-11-22,PHI vs. BKN,W
22024,HOU,Houston Rockets,0022400267,2024-11-23,HOU vs. POR,L
22024,LAL,Los Angeles Lakers,0022400270,2024-11-23,LAL vs. DEN,L
22024,MIL,Milwaukee Bucks,0022400268,2024-11-23,MIL vs. CHA,W
22024,ORL,Orlando Magic,0022400265,2024-11-23,ORL vs. DET,W
22024,DET,Detroit Pistons,0022400265,2024-11-23,DET @ ORL,L
22024,CHA,Charlotte Hornets,0022400268,2024-11-23,CHA @ MIL,L
22024,CHI,Chicago Bulls,0022400266,2024-11-23,CHI vs. MEM,L
22024,DEN,Denver Nuggets,0022400270,2024-11-23,DEN @ LAL,W
22024,GSW,Golden State Warriors,0022400269,2024-11-23,GSW @ SAS,L
22024,NYK,New York Knicks,0022400264,2024-11-23,NYK @ UTA,L
22024,POR,Portland Trail Blazers,0022400267,2024-11-23,POR @ HOU,W
22024,SAS,San Antonio Spurs,0022400269,2024-11-23,SAS vs. GSW,W
22024,UTA,Utah Jazz,0022400264,2024-11-23,UTA vs. NYK,W
22024,MEM,Memphis Grizzlies,0022400266,2024-11-23,MEM @ CHI,W
22024,CLE,Cleveland Cavaliers,0022400275,2024-11-24,CLE vs. TOR,W
22024,DAL,Dallas Mavericks,0022400273,2024-11-24,DAL @ MIA,L
22024,LAC,LA Clippers,0022400274,2024-11-24,LAC @ PHI,W
22024,MIA,Miami Heat,0022400273,2024-11-24,MIA vs. DAL,W
22024,MIN,Minnesota Timberwolves,0022400271,2024-11-24,MIN @ BOS,L
22024,TOR,Toronto Raptors,0022400275,2024-11-24,TOR @ CLE,L
22024,BOS,Boston Celtics,0022400271,2024-11-24,BOS vs. MIN,W
22024,BKN,Brooklyn Nets,0022400276,2024-11-24,BKN @ SAC,W
22024,PHI,Philadelphia 76ers,0022400274,2024-11-24,PHI vs. LAC,L
22024,SAC,Sacramento Kings,0022400276,2024-11-24,SAC vs. BKN,L
22024,WAS,Washington Wizards,0022400272,2024-11-24,WAS @ IND,L
22024,IND,Indiana Pacers,0022400272,2024-11-24,IND vs. WAS,W
22024,ATL,Atlanta Hawks,0022400280,2024-11-25,ATL vs. DAL,L
22024,BOS,Boston Celtics,0022400281,2024-11-25,BOS vs. LAC,W
22024,DEN,Denver Nuggets,0022400283,2024-11-25,DEN vs. NYK,L
22024,LAC,LA Clippers,0022400281,2024-11-25,LAC @ BOS,L
22024,NYK,New York Knicks,0022400283,2024-11-25,NYK @ DEN,W
22024,SAC,Sacramento Kings,0022400285,2024-11-25,SAC vs. OKC,L
22024,OKC,Oklahoma City Thunder,0022400285,2024-11-25,OKC @ SAC,W
22024,TOR,Toronto Raptors,0022400278,2024-11-25,TOR @ DET,L
22024,DET,Detroit Pistons,0022400278,2024-11-25,DET vs. TOR,W
22024,CHA,Charlotte Hornets,0022400277,2024-11-25,CHA vs. ORL,L
22024,NOP,New Orleans Pelicans,0022400279,2024-11-25,NOP @ IND,L
22024,DAL,Dallas Mavericks,0022400280,2024-11-25,DAL @ ATL,W
22024,GSW,Golden State Warriors,0022400284,2024-11-25,GSW vs. BKN,L
22024,BKN,Brooklyn Nets,0022400284,2024-11-25,BKN @ GSW,W
22024,ORL,Orlando Magic,0022400277,2024-11-25,ORL @ CHA,W
22024,IND,Indiana Pacers,0022400279,2024-11-25,IND vs. NOP,W
22024,POR,Portland Trail Blazers,0022400282,2024-11-25,POR @ MEM,L
22024,MEM,Memphis Grizzlies,0022400282,2024-11-25,MEM vs. POR,W
22024,HOU,Houston Rockets,0022400037,2024-11-26,HOU @ MIN,W
22024,MIL,Milwaukee Bucks,0022400036,2024-11-26,MIL @ MIA,W
22024,WAS,Washington Wizards,0022400035,2024-11-26,WAS vs. CHI,L
22024,CHI,Chicago Bulls,0022400035,2024-11-26,CHI @ WAS,W
22024,LAL,Los Angeles Lakers,0022400039,2024-11-26,LAL @ PHX,L
22024,MIA,Miami Heat,0022400036,2024-11-26,MIA vs. MIL,L
22024,MIN,Minnesota Timberwolves,0022400037,2024-11-26,MIN vs. HOU,L
22024,PHX,Phoenix Suns,0022400039,2024-11-26,PHX vs. LAL,W
22024,SAS,San Antonio Spurs,0022400038,2024-11-26,SAS @ UTA,W
22024,UTA,Utah Jazz,0022400038,2024-11-26,UTA vs. SAS,L
22024,ATL,Atlanta Hawks,0022400287,2024-11-27,ATL @ CLE,W
22024,CLE,Cleveland Cavaliers,0022400287,2024-11-27,CLE vs. ATL,L
22024,DAL,Dallas Mavericks,0022400292,2024-11-27,DAL vs. NYK,W
22024,LAC,LA Clippers,0022400291,2024-11-27,LAC @ WAS,W
22024,LAL,Los Angeles Lakers,0022400296,2024-11-27,LAL @ SAS,W
22024,MIN,Minnesota Timberwolves,0022400294,2024-11-27,MIN vs. SAC,L
22024,BKN,Brooklyn Nets,0022400297,2024-11-27,BKN @ PHX,W
22024,ORL,Orlando Magic,0022400289,2024-11-27,ORL vs. CHI,W
22024,IND,Indiana Pacers,0022400288,2024-11-27,IND vs. POR,W
22024,POR,Portland Trail Blazers,0022400288,2024-11-27,POR @ IND,L
22024,TOR,Toronto Raptors,0022400295,2024-11-27,TOR @ NOP,W
22024,WAS,Washington Wizards,0022400291,2024-11-27,WAS vs. LAC,L
22024,DET,Detroit Pistons,0022400293,2024-11-27,DET @ MEM,L
22024,CHA,Charlotte Hornets,0022400286,2024-11-27,CHA vs. MIA,L
22024,NOP,New Orleans Pelicans,0022400295,2024-11-27,NOP vs. TOR,L
22024,CHI,Chicago Bulls,0022400289,2024-11-27,CHI @ ORL,L
22024,DEN,Denver Nuggets,0022400298,2024-11-27,DEN @ UTA,W
22024,GSW,Golden State Warriors,0022400299,2024-11-27,GSW vs. OKC,L
22024,HOU,Houston Rockets,0022400290,2024-11-27,HOU @ PHI,W
22024,NYK,New York Knicks,0022400292,2024-11-27,NYK @ DAL,L
22024,PHI,Philadelphia 76ers,0022400290,2024-11-27,PHI vs. HOU,L
22024,PHX,Phoenix Suns,0022400297,2024-11-27,PHX vs. BKN,L
22024,SAC,Sacramento Kings,0022400294,2024-11-27,SAC @ MIN,W
22024,SAS,San Antonio Spurs,0022400296,2024-11-27,SAS vs. LAL,L
22024,OKC,Oklahoma City Thunder,0022400299,2024-11-27,OKC @ GSW,W
22024,UTA,Utah Jazz,0022400298,2024-11-27,UTA vs. DEN,L
22024,MEM,Memphis Grizzlies,0022400293,2024-11-27,MEM vs. DET,W
22024,MIA,Miami Heat,0022400286,2024-11-27,MIA @ CHA,W
22024,ATL,Atlanta Hawks,0022400041,2024-11-29,ATL vs. CLE,W
22024,CLE,Cleveland Cavaliers,0022400041,2024-11-29,CLE @ ATL,L
22024,CHI,Chicago Bulls,0022400047,2024-11-29,CHI vs. BOS,L
22024,LAL,Los Angeles Lakers,0022400048,2024-11-29,LAL vs. OKC,L
22024,MIN,Minnesota Timberwolves,0022400044,2024-11-29,MIN vs. LAC,W
22024,BKN,Brooklyn Nets,0022400043,2024-11-29,BKN vs. ORL,L
22024,IND,Indiana Pacers,0022400045,2024-11-29,IND vs. DET,L
22024,TOR,Toronto Raptors,0022400046,2024-11-29,TOR @ MIA,L
22024,MEM,Memphis Grizzlies,0022400042,2024-11-29,MEM vs. NOP,W
22024,CHA,Charlotte Hornets,0022400040,2024-11-29,CHA vs. NYK,L
22024,BOS,Boston Celtics,0022400047,2024-11-29,BOS @ CHI,W
22024,NOP,New Orleans Pelicans,0022400042,2024-11-29,NOP @ MEM,L
22024,LAC,LA Clippers,0022400044,2024-11-29,LAC @ MIN,L
22024,MIA,Miami Heat,0022400046,2024-11-29,MIA vs. TOR,W
22024,NYK,New York Knicks,0022400040,2024-11-29,NYK @ CHA,W
22024,ORL,Orlando Magic,0022400043,2024-11-29,ORL @ BKN,W
22024,POR,Portland Trail Blazers,0022400049,2024-11-29,POR vs. SAC,W
22024,SAC,Sacramento Kings,0022400049,2024-11-29,SAC @ POR,L
22024,OKC,Oklahoma City Thunder,0022400048,2024-11-29,OKC @ LAL,W
22024,DET,Detroit Pistons,0022400045,2024-11-29,DET @ IND,W
22024,DAL,Dallas Mavericks,0022400304,2024-11-30,DAL @ UTA,W
22024,PHI,Philadelphia 76ers,0022400301,2024-11-30,PHI @ DET,W
22024,PHX,Phoenix Suns,0022400303,2024-11-30,PHX vs. GSW,W
22024,DET,Detroit Pistons,0022400301,2024-11-30,DET vs. PHI,L
22024,CHA,Charlotte Hornets,0022400300,2024-11-30,CHA vs. ATL,L
22024,ATL,Atlanta Hawks,0022400300,2024-11-30,ATL @ CHA,W
22024,GSW,Golden State Warriors,0022400303,2024-11-30,GSW @ PHX,L
22024,UTA,Utah Jazz,0022400304,2024-11-30,UTA vs. DAL,L
22024,WAS,Washington Wizards,0022400302,2024-11-30,WAS @ MIL,L
22024,MIL,Milwaukee Bucks,0022400302,2024-11-30,MIL vs. WAS,W
22024,NOP,New Orleans Pelicans,0022400308,2024-12-01,NOP @ NYK,L
22024,DEN,Denver Nuggets,0022400314,2024-12-01,DEN @ LAC,L
22024,HOU,Houston Rockets,0022400310,2024-12-01,HOU vs. OKC,W
22024,LAC,LA Clippers,0022400314,2024-12-01,LAC vs. DEN,W
22024,LAL,Los Angeles Lakers,0022400311,2024-12-01,LAL @ UTA,W
22024,MIA,Miami Heat,0022400309,2024-12-01,MIA @ TOR,L
22024,BKN,Brooklyn Nets,0022400305,2024-12-01,BKN vs. ORL,L
22024,NYK,New York Knicks,0022400308,2024-12-01,NYK vs. NOP,W
22024,POR,Portland Trail Blazers,0022400312,2024-12-01,POR vs. DAL,L
22024,TOR,Toronto Raptors,0022400309,2024-12-01,TOR vs. MIA,W
22024,UTA,Utah Jazz,0022400311,2024-12-01,UTA vs. LAL,L
22024,MEM,Memphis Grizzlies,0022400306,2024-12-01,MEM vs. IND,W
22024,BOS,Boston Celtics,0022400307,2024-12-01,BOS @ CLE,L
22024,CLE,Cleveland Cavaliers,0022400307,2024-12-01,CLE vs. BOS,W
22024,DAL,Dallas Mavericks,0022400312,2024-12-01,DAL @ POR,W
22024,ORL,Orlando Magic,0022400305,2024-12-01,ORL @ BKN,W
22024,IND,Indiana Pacers,0022400306,2024-12-01,IND @ MEM,L
22024,SAC,Sacramento Kings,0022400313,2024-12-01,SAC vs. SAS,L
22024,SAS,San Antonio Spurs,0022400313,2024-12-01,SAS @ SAC,W
22024,OKC,Oklahoma City Thunder,0022400310,2024-12-01,OKC @ HOU,L
22024,ATL,Atlanta Hawks,0022400315,2024-12-02,ATL vs. NOP,W
22024,NOP,New Orleans Pelicans,0022400315,2024-12-02,NOP @ ATL,L
22024,CHI,Chicago Bulls,0022400317,2024-12-02,CHI vs. BKN,W
22024,MIA,Miami Heat,0022400316,2024-12-02,MIA @ BOS,L
22024,MIN,Minnesota Timberwolves,0022400318,2024-12-02,MIN vs. LAL,W
22024,BKN,Brooklyn Nets,0022400317,2024-12-02,BKN @ CHI,L
22024,BOS,Boston Celtics,0022400316,2024-12-02,BOS vs. MIA,W
22024,LAL,Los Angeles Lakers,0022400318,2024-12-02,LAL @ MIN,L
22024,CLE,Cleveland Cavaliers,0022400051,2024-12-03,CLE vs. WAS,W
22024,GSW,Golden State Warriors,0022400058,2024-12-03,GSW @ DEN,L
22024,MIL,Milwaukee Bucks,0022400052,2024-12-03,MIL @ DET,W
22024,NYK,New York Knicks,0022400053,2024-12-03,NYK vs. ORL,W
22024,IND,Indiana Pacers,0022400054,2024-12-03,IND @ TOR,L
22024,PHI,Philadelphia 76ers,0022400050,2024-12-03,PHI @ CHA,W
22024,POR,Portland Trail Blazers,0022400060,2024-12-03,POR @ LAC,L
22024,SAS,San Antonio Spurs,0022400057,2024-12-03,SAS @ PHX,L
22024,WAS,Washington Wizards,0022400051,2024-12-03,WAS @ CLE,L
22024,DAL,Dallas Mavericks,0022400056,2024-12-03,DAL vs. MEM,W
22024,DEN,Denver Nuggets,0022400058,2024-12-03,DEN vs. GSW,W
22024,HOU,Houston Rockets,0022400059,2024-12-03,HOU @ SAC,L
22024,LAC,LA Clippers,0022400060,2024-12-03,LAC vs. POR,W
22024,ORL,Orlando Magic,0022400053,2024-12-03,ORL @ NYK,L
22024,PHX,Phoenix Suns,0022400057,2024-12-03,PHX vs. SAS,W
22024,SAC,Sacramento Kings,0022400059,2024-12-03,SAC vs. HOU,W
22024,OKC,Oklahoma City Thunder,0022400055,2024-12-03,OKC vs. UTA,W
22024,UTA,Utah Jazz,0022400055,2024-12-03,UTA @ OKC,L
22024,MEM,Memphis Grizzlies,0022400056,2024-12-03,MEM @ DAL,L
22024,DET,Detroit Pistons,0022400052,2024-12-03,DET vs. MIL,L
22024,CHA,Charlotte Hornets,0022400050,2024-12-03,CHA vs. PHI,L
22024,TOR,Toronto Raptors,0022400054,2024-12-03,TOR vs. IND,W
22024,BOS,Boston Celtics,0022400319,2024-12-04,BOS vs. DET,W
22024,LAC,LA Clippers,0022400324,2024-12-04,LAC vs. MIN,L
22024,MIA,Miami Heat,0022400321,2024-12-04,MIA vs. LAL,W
22024,MIL,Milwaukee Bucks,0022400323,2024-12-04,MIL vs. ATL,L
22024,BKN,Brooklyn Nets,0022400320,2024-12-04,BKN vs. IND,W
22024,ATL,Atlanta Hawks,0022400323,2024-12-04,ATL @ MIL,W
22024,LAL,Los Angeles Lakers,0022400321,2024-12-04,LAL @ MIA,L
22024,MIN,Minnesota Timberwolves,0022400324,2024-12-04,MIN @ LAC,W
22024,ORL,Orlando Magic,0022400322,2024-12-04,ORL @ PHI,W
22024,IND,Indiana Pacers,0022400320,2024-12-04,IND @ BKN,L
22024,PHI,Philadelphia 76ers,0022400322,2024-12-04,PHI vs. ORL,L
22024,DET,Detroit Pistons,0022400319,2024-12-04,DET @ BOS,L
22024,CLE,Cleveland Cavaliers,0022400325,2024-12-05,CLE vs. DEN,W
22024,NOP,New Orleans Pelicans,0022400330,2024-12-05,NOP vs. PHX,W
22024,DEN,Denver Nuggets,0022400325,2024-12-05,DEN @ CLE,L
22024,OKC,Oklahoma City Thunder,0022400328,2024-12-05,OKC @ TOR,W
22024,MEM,Memphis Grizzlies,0022400329,2024-12-05,MEM vs. SAC,W
22024,WAS,Washington Wizards,0022400326,2024-12-05,WAS vs. DAL,L
22024,CHA,Charlotte Hornets,0022400327,2024-12-05,CHA @ NYK,L
22024,CHI,Chicago Bulls,0022400331,2024-12-05,CHI @ SAS,W
22024,DAL,Dallas Mavericks,0022400326,2024-12-05,DAL @ WAS,W
22024,GSW,Golden State Warriors,0022400332,2024-12-05,GSW vs. HOU,W
22024,HOU,Houston Rockets,0022400332,2024-12-05,HOU @ GSW,L
22024,NYK,New York Knicks,0022400327,2024-12-05,NYK vs. CHA,W
22024,PHX,Phoenix Suns,0022400330,2024-12-05,PHX @ NOP,L
22024,SAC,Sacramento Kings,0022400329,2024-12-05,SAC @ MEM,L
22024,SAS,San Antonio Spurs,0022400331,2024-12-05,SAS vs. CHI,L
22024,TOR,Toronto Raptors,0022400328,2024-12-05,TOR vs. OKC,L
22024,ATL,Atlanta Hawks,0022400334,2024-12-06,ATL vs. LAL,W
22024,BOS,Boston Celtics,0022400335,2024-12-06,BOS vs. MIL,W
22024,MIN,Minnesota Timberwolves,0022400338,2024-12-06,MIN @ GSW,W
22024,ORL,Orlando Magic,0022400333,2024-12-06,ORL @ PHI,L
22024,IND,Indiana Pacers,0022400336,2024-12-06,IND @ CHI,W
22024,PHI,Philadelphia 76ers,0022400333,2024-12-06,PHI vs. ORL,W
22024,SAS,San Antonio Spurs,0022400337,2024-12-06,SAS vs. SAC,L
22024,CHI,Chicago Bulls,0022400336,2024-12-06,CHI vs. IND,L
22024,GSW,Golden State Warriors,0022400338,2024-12-06,GSW vs. MIN,L
22024,LAL,Los Angeles Lakers,0022400334,2024-12-06,LAL @ ATL,L
22024,MIL,Milwaukee Bucks,0022400335,2024-12-06,MIL @ BOS,L
22024,UTA,Utah Jazz,0022400339,2024-12-06,UTA @ POR,W
22024,POR,Portland Trail Blazers,0022400339,2024-12-06,POR vs. UTA,L
22024,SAC,Sacramento Kings,0022400337,2024-12-06,SAC @ SAS,W
22024,BOS,Boston Celtics,0022400345,2024-12-07,BOS vs. MEM,L
22024,CLE,Cleveland Cavaliers,0022400340,2024-12-07,CLE @ CHA,W
22024,NYK,New York Knicks,0022400343,2024-12-07,NYK vs. DET,L
22024,OKC,Oklahoma City Thunder,0022400342,2024-12-07,OKC @ NOP,W
22024,WAS,Washington Wizards,0022400341,2024-12-07,WAS vs. DEN,W
22024,CHA,Charlotte Hornets,0022400340,2024-12-07,CHA vs. CLE,L
22024,NOP,New Orleans Pelicans,0022400342,2024-12-07,NOP vs. OKC,L
22024,MIA,Miami Heat,0022400346,2024-12-07,MIA vs. PHX,W
22024,PHX,Phoenix Suns,0022400346,2024-12-07,PHX @ MIA,L
22024,TOR,Toronto Raptors,0022400344,2024-12-07,TOR vs. DAL,L
22024,MEM,Memphis Grizzlies,0022400345,2024-12-07,MEM @ BOS,W
22024,DET,Detroit Pistons,0022400343,2024-12-07,DET @ NYK,W
22024,DAL,Dallas Mavericks,0022400344,2024-12-07,DAL @ TOR,W
22024,DEN,Denver Nuggets,0022400341,2024-12-07,DEN @ WAS,L
22024,CHI,Chicago Bulls,0022400347,2024-12-08,CHI vs. PHI,L
22024,GSW,Golden State Warriors,0022400355,2024-12-08,GSW vs. MIN,W
22024,HOU,Houston Rockets,0022400356,2024-12-08,HOU @ LAC,W
22024,LAC,LA Clippers,0022400356,2024-12-08,LAC vs. HOU,L
22024,LAL,Los Angeles Lakers,0022400358,2024-12-08,LAL vs. POR,W
22024,MIA,Miami Heat,0022400351,2024-12-08,MIA vs. CLE,W
22024,MIL,Milwaukee Bucks,0022400348,2024-12-08,MIL @ BKN,W
22024,BKN,Brooklyn Nets,0022400348,2024-12-08,BKN vs. MIL,L
22024,PHI,Philadelphia 76ers,0022400347,2024-12-08,PHI @ CHI,W
22024,PHX,Phoenix Suns,0022400352,2024-12-08,PHX @ ORL,L
22024,SAS,San Antonio Spurs,0022400354,2024-12-08,SAS vs. NOP,W
22024,UTA,Utah Jazz,0022400357,2024-12-08,UTA @ SAC,L
22024,MEM,Memphis Grizzlies,0022400353,2024-12-08,MEM @ WAS,W
22024,WAS,Washington Wizards,0022400353,2024-12-08,WAS vs. MEM,L
22024,CHA,Charlotte Hornets,0022400349,2024-12-08,CHA @ IND,W
22024,ATL,Atlanta Hawks,0022400350,2024-12-08,ATL vs. DEN,L
22024,CLE,Cleveland Cavaliers,0022400351,2024-12-08,CLE @ MIA,L
22024,NOP,New Orleans Pelicans,0022400354,2024-12-08,NOP @ SAS,L
22024,DEN,Denver Nuggets,0022400350,2024-12-08,DEN @ ATL,W
22024,MIN,Minnesota Timberwolves,0022400355,2024-12-08,MIN @ GSW,L
22024,ORL,Orlando Magic,0022400352,2024-12-08,ORL vs. PHX,W
22024,IND,Indiana Pacers,0022400349,2024-12-08,IND vs. CHA,L
22024,POR,Portland Trail Blazers,0022400358,2024-12-08,POR @ LAL,L
22024,SAC,Sacramento Kings,0022400357,2024-12-08,SAC vs. UTA,W
22024,NYK,New York Knicks,0022400359,2024-12-09,NYK @ TOR,W
22024,TOR,Toronto Raptors,0022400359,2024-12-09,TOR vs. NYK,L
22024,DAL,Dallas Mavericks,0022401203,2024-12-10,DAL @ OKC,L
22024,ORL,Orlando Magic,0022401201,2024-12-10,ORL @ MIL,L
22024,OKC,Oklahoma City Thunder,0022401203,2024-12-10,OKC vs. DAL,W
22024,MIL,Milwaukee Bucks,0022401201,2024-12-10,MIL vs. ORL,W
22024,ATL,Atlanta Hawks,0022401202,2024-12-11,ATL @ NYK,W
22024,GSW,Golden State Warriors,0022401204,2024-12-11,GSW @ HOU,L
22024,HOU,Houston Rockets,0022401204,2024-12-11,HOU vs. GSW,W
22024,NYK,New York Knicks,0022401202,2024-12-11,NYK vs. ATL,L
22024,MIA,Miami Heat,0022401206,2024-12-12,MIA vs. TOR,W
22024,SAC,Sacramento Kings,0022401207,2024-12-12,SAC @ NOP,W
22024,BOS,Boston Celtics,0022401205,2024-12-12,BOS vs. DET,W
22024,NOP,New Orleans Pelicans,0022401207,2024-12-12,NOP vs. SAC,L
22024,DET,Detroit Pistons,0022401205,2024-12-12,DET @ BOS,L
22024,TOR,Toronto Raptors,0022401206,2024-12-12,TOR @ MIA,L
22024,CLE,Cleveland Cavaliers,0022401208,2024-12-13,CLE vs. WAS,W
22024,CHI,Chicago Bulls,0022401212,2024-12-13,CHI vs. CHA,W
22024,LAC,LA Clippers,0022401213,2024-12-13,LAC @ DEN,L
22024,LAL,Los Angeles Lakers,0022401210,2024-12-13,LAL @ MIN,L
22024,MIN,Minnesota Timberwolves,0022401210,2024-12-13,MIN vs. LAL,W
22024,BKN,Brooklyn Nets,0022401211,2024-12-13,BKN @ MEM,L
22024,IND,Indiana Pacers,0022401209,2024-12-13,IND @ PHI,W
22024,PHI,Philadelphia 76ers,0022401209,2024-12-13,PHI vs. IND,L
22024,UTA,Utah Jazz,0022401214,2024-12-13,UTA vs. PHX,L
22024,CHA,Charlotte Hornets,0022401212,2024-12-13,CHA @ CHI,L
22024,DEN,Denver Nuggets,0022401213,2024-12-13,DEN vs. LAC,W
22024,PHX,Phoenix Suns,0022401214,2024-12-13,PHX @ UTA,W
22024,POR,Portland Trail Blazers,0022401215,2024-12-13,POR vs. SAS,L
22024,SAS,San Antonio Spurs,0022401215,2024-12-13,SAS @ POR,W
22024,MEM,Memphis Grizzlies,0022401211,2024-12-13,MEM vs. BKN,W
22024,WAS,Washington Wizards,0022401208,2024-12-13,WAS @ CLE,L
22024,ATL,Atlanta Hawks,0022401229,2024-12-14,ATL @ MIL,L
22024,HOU,Houston Rockets,0022401230,2024-12-14,HOU @ OKC,L
22024,MIL,Milwaukee Bucks,0022401229,2024-12-14,MIL @ ATL,W
22024,OKC,Oklahoma City Thunder,0022401230,2024-12-14,OKC @ HOU,W
22024,DAL,Dallas Mavericks,0022401228,2024-12-15,DAL @ GSW,W
22024,GSW,Golden State Warriors,0022401228,2024-12-15,GSW vs. DAL,L
22024,LAL,Los Angeles Lakers,0022401220,2024-12-15,LAL vs. MEM,W
22024,POR,Portland Trail Blazers,0022401219,2024-12-15,POR @ PHX,L
22024,SAS,San Antonio Spurs,0022401218,2024-12-15,SAS vs. MIN,L
22024,BOS,Boston Celtics,0022401217,2024-12-15,BOS @ WAS,W
22024,MIN,Minnesota Timberwolves,0022401218,2024-12-15,MIN @ SAS,W
22024,ORL,Orlando Magic,0022401227,2024-12-15,ORL vs. NYK,L
22024,IND,Indiana Pacers,0022401216,2024-12-15,IND vs. NOP,W
22024,PHX,Phoenix Suns,0022401219,2024-12-15,PHX vs. POR,W
22024,MEM,Memphis Grizzlies,0022401220,2024-12-15,MEM @ LAL,L
22024,WAS,Washington Wizards,0022401217,2024-12-15,WAS vs. BOS,L
22024,NOP,New Orleans Pelicans,0022401216,2024-12-15,NOP @ IND,L
22024,NYK,New York Knicks,0022401227,2024-12-15,NYK @ ORL,W
22024,CLE,Cleveland Cavaliers,0022401224,2024-12-16,CLE @ BKN,W
22024,LAC,LA Clippers,0022401226,2024-12-16,LAC vs. UTA,W
22024,BKN,Brooklyn Nets,0022401224,2024-12-16,BKN vs. CLE,L
22024,SAC,Sacramento Kings,0022401225,2024-12-16,SAC vs. DEN,L
22024,UTA,Utah Jazz,0022401226,2024-12-16,UTA @ LAC,L
22024,CHI,Chicago Bulls,0022401223,2024-12-16,CHI @ TOR,W
22024,DEN,Denver Nuggets,0022401225,2024-12-16,DEN @ SAC,W
22024,MIA,Miami Heat,0022401221,2024-12-16,MIA @ DET,L
22024,PHI,Philadelphia 76ers,0022401222,2024-12-16,PHI @ CHA,W
22024,TOR,Toronto Raptors,0022401223,2024-12-16,TOR vs. CHI,L
22024,DET,Detroit Pistons,0022401221,2024-12-16,DET vs. MIA,W
22024,CHA,Charlotte Hornets,0022401222,2024-12-16,CHA vs. PHI,L
22024,ATL,Atlanta Hawks,0022400370,2024-12-19,ATL @ SAS,L
22024,BOS,Boston Celtics,0022400363,2024-12-19,BOS vs. CHI,L
22024,DAL,Dallas Mavericks,0022400368,2024-12-19,DAL vs. LAC,L
22024,HOU,Houston Rockets,0022400365,2024-12-19,HOU vs. NOP,W
22024,NYK,New York Knicks,0022400367,2024-12-19,NYK @ MIN,W
22024,IND,Indiana Pacers,0022400369,2024-12-19,IND @ PHX,W
22024,SAC,Sacramento Kings,0022400372,2024-12-19,SAC vs. LAL,L
22024,SAS,San Antonio Spurs,0022400370,2024-12-19,SAS vs. ATL,W
22024,OKC,Oklahoma City Thunder,0022400361,2024-12-19,OKC @ ORL,W
22024,TOR,Toronto Raptors,0022400364,2024-12-19,TOR vs. BKN,L
22024,UTA,Utah Jazz,0022400360,2024-12-19,UTA @ DET,W
22024,DET,Detroit Pistons,0022400360,2024-12-19,DET vs. UTA,L
22024,NOP,New Orleans Pelicans,0022400365,2024-12-19,NOP @ HOU,L
22024,CHI,Chicago Bulls,0022400363,2024-12-19,CHI @ BOS,W
22024,DEN,Denver Nuggets,0022400371,2024-12-19,DEN @ POR,L
22024,GSW,Golden State Warriors,0022400366,2024-12-19,GSW @ MEM,L
22024,LAC,LA Clippers,0022400368,2024-12-19,LAC @ DAL,W
22024,LAL,Los Angeles Lakers,0022400372,2024-12-19,LAL @ SAC,W
22024,MIN,Minnesota Timberwolves,0022400367,2024-12-19,MIN vs. NYK,L
22024,BKN,Brooklyn Nets,0022400364,2024-12-19,BKN @ TOR,W
22024,PHX,Phoenix Suns,0022400369,2024-12-19,PHX vs. IND,L
22024,POR,Portland Trail Blazers,0022400371,2024-12-19,POR vs. DEN,W
22024,MEM,Memphis Grizzlies,0022400366,2024-12-19,MEM vs. GSW,W
22024,WAS,Washington Wizards,0022400362,2024-12-19,WAS vs. CHA,W
22024,CHA,Charlotte Hornets,0022400362,2024-12-19,CHA @ WAS,L
22024,ORL,Orlando Magic,0022400361,2024-12-19,ORL vs. OKC,L
22024,CLE,Cleveland Cavaliers,0022400374,2024-12-20,CLE vs. MIL,W
22024,MIA,Miami Heat,0022400375,2024-12-20,MIA vs. OKC,L
22024,PHI,Philadelphia 76ers,0022400373,2024-12-20,PHI vs. CHA,W
22024,MIL,Milwaukee Bucks,0022400374,2024-12-20,MIL @ CLE,L
22024,OKC,Oklahoma City Thunder,0022400375,2024-12-20,OKC @ MIA,W
22024,CHA,Charlotte Hornets,0022400373,2024-12-20,CHA @ PHI,L
22024,ATL,Atlanta Hawks,0022400378,2024-12-21,ATL vs. MEM,L
22024,CLE,Cleveland Cavaliers,0022400380,2024-12-21,CLE vs. PHI,W
22024,NOP,New Orleans Pelicans,0022400384,2024-12-21,NOP vs. NYK,L
22024,CHI,Chicago Bulls,0022400381,2024-12-21,CHI vs. BOS,L
22024,DAL,Dallas Mavericks,0022400385,2024-12-21,DAL vs. LAC,W
22024,LAC,LA Clippers,0022400385,2024-12-21,LAC @ DAL,L
22024,NYK,New York Knicks,0022400384,2024-12-21,NYK @ NOP,W
22024,ORL,Orlando Magic,0022400377,2024-12-21,ORL vs. MIA,W
22024,SAC,Sacramento Kings,0022400376,2024-12-21,SAC vs. LAL,L
22024,DET,Detroit Pistons,0022400387,2024-12-21,DET @ PHX,W
22024,BOS,Boston Celtics,0022400381,2024-12-21,BOS @ CHI,W
22024,GSW,Golden State Warriors,0022400383,2024-12-21,GSW @ MIN,W
22024,LAL,Los Angeles Lakers,0022400376,2024-12-21,LAL @ SAC,W
22024,MIA,Miami Heat,0022400377,2024-12-21,MIA @ ORL,L
22024,MIN,Minnesota Timberwolves,0022400383,2024-12-21,MIN vs. GSW,L
22024,PHI,Philadelphia 76ers,0022400380,2024-12-21,PHI @ CLE,L
22024,PHX,Phoenix Suns,0022400387,2024-12-21,PHX vs. DET,L
22024,POR,Portland Trail Blazers,0022400386,2024-12-21,POR @ SAS,L
22024,SAS,San Antonio Spurs,0022400386,2024-12-21,SAS vs. POR,W
22024,UTA,Utah Jazz,0022400379,2024-12-21,UTA @ BKN,W
22024,MEM,Memphis Grizzlies,0022400378,2024-12-21,MEM @ ATL,W
22024,WAS,Washington Wizards,0022400382,2024-12-21,WAS @ MIL,L
22024,MIL,Milwaukee Bucks,0022400382,2024-12-21,MIL vs. WAS,W
22024,BKN,Brooklyn Nets,0022400379,2024-12-21,BKN vs. UTA,L
22024,NOP,New Orleans Pelicans,0022400390,2024-12-22,NOP vs. DEN,L
22024,TOR,Toronto Raptors,0022400388,2024-12-22,TOR vs. HOU,L
22024,DEN,Denver Nuggets,0022400390,2024-12-22,DEN @ NOP,W
22024,HOU,Houston Rockets,0022400388,2024-12-22,HOU @ TOR,W
22024,IND,Indiana Pacers,0022400389,2024-12-22,IND @ SAC,W
22024,SAC,Sacramento Kings,0022400389,2024-12-22,SAC vs. IND,L
22024,BOS,Boston Celtics,0022400393,2024-12-23,BOS @ ORL,L
22024,CLE,Cleveland Cavaliers,0022400392,2024-12-23,CLE vs. UTA,W
22024,DEN,Denver Nuggets,0022400402,2024-12-23,DEN vs. PHX,W
22024,GSW,Golden State Warriors,0022400403,2024-12-23,GSW vs. IND,L
22024,MIA,Miami Heat,0022400396,2024-12-23,MIA vs. BKN,W
22024,MIL,Milwaukee Bucks,0022400398,2024-12-23,MIL @ CHI,W
22024,BKN,Brooklyn Nets,0022400396,2024-12-23,BKN @ MIA,L
22024,NYK,New York Knicks,0022400397,2024-12-23,NYK vs. TOR,W
22024,IND,Indiana Pacers,0022400403,2024-12-23,IND @ GSW,W
22024,PHI,Philadelphia 76ers,0022400394,2024-12-23,PHI vs. SAS,W
22024,PHX,Phoenix Suns,0022400402,2024-12-23,PHX @ DEN,L
22024,OKC,Oklahoma City Thunder,0022400400,2024-12-23,OKC vs. WAS,W
22024,TOR,Toronto Raptors,0022400397,2024-12-23,TOR @ NYK,L
22024,UTA,Utah Jazz,0022400392,2024-12-23,UTA @ CLE,L
22024,MEM,Memphis Grizzlies,0022400399,2024-12-23,MEM vs. LAC,L
22024,WAS,Washington Wizards,0022400400,2024-12-23,WAS @ OKC,L
22024,DET,Detroit Pistons,0022400404,2024-12-23,DET @ LAL,W
22024,ATL,Atlanta Hawks,0022400395,2024-12-23,ATL vs. MIN,W
22024,CHI,Chicago Bulls,0022400398,2024-12-23,CHI vs. MIL,L
22024,HOU,Houston Rockets,0022400391,2024-12-23,HOU @ CHA,W
22024,LAC,LA Clippers,0022400399,2024-12-23,LAC @ MEM,W
22024,LAL,Los Angeles Lakers,0022400404,2024-12-23,LAL vs. DET,L
22024,MIN,Minnesota Timberwolves,0022400395,2024-12-23,MIN @ ATL,L
22024,POR,Portland Trail Blazers,0022400401,2024-12-23,POR @ DAL,L
22024,SAS,San Antonio Spurs,0022400394,2024-12-23,SAS @ PHI,L
22024,CHA,Charlotte Hornets,0022400391,2024-12-23,CHA vs. HOU,L
22024,DAL,Dallas Mavericks,0022400401,2024-12-23,DAL vs. POR,W
22024,ORL,Orlando Magic,0022400393,2024-12-23,ORL vs. BOS,W
22024,DEN,Denver Nuggets,0022400409,2024-12-25,DEN @ PHX,L
22024,LAL,Los Angeles Lakers,0022400408,2024-12-25,LAL @ GSW,W
22024,MIN,Minnesota Timberwolves,0022400406,2024-12-25,MIN @ DAL,W
22024,NYK,New York Knicks,0022400405,2024-12-25,NYK vs. SAS,W
22024,PHX,Phoenix Suns,0022400409,2024-12-25,PHX vs. DEN,W
22024,SAS,San Antonio Spurs,0022400405,2024-12-25,SAS @ NYK,L
22024,BOS,Boston Celtics,0022400407,2024-12-25,BOS vs. PHI,L
22024,DAL,Dallas Mavericks,0022400406,2024-12-25,DAL vs. MIN,L
22024,GSW,Golden State Warriors,0022400408,2024-12-25,GSW vs. LAL,L
22024,PHI,Philadelphia 76ers,0022400407,2024-12-25,PHI @ BOS,W
22024,ATL,Atlanta Hawks,0022400413,2024-12-26,ATL vs. CHI,W
22024,NOP,New Orleans Pelicans,0022400416,2024-12-26,NOP vs. HOU,L
22024,CHI,Chicago Bulls,0022400413,2024-12-26,CHI @ ATL,L
22024,MIA,Miami Heat,0022400411,2024-12-26,MIA @ ORL,W
22024,BKN,Brooklyn Nets,0022400415,2024-12-26,BKN @ MIL,W
22024,ORL,Orlando Magic,0022400411,2024-12-26,ORL vs. MIA,L
22024,SAC,Sacramento Kings,0022400418,2024-12-26,SAC vs. DET,L
22024,OKC,Oklahoma City Thunder,0022400410,2024-12-26,OKC @ IND,W
22024,WAS,Washington Wizards,0022400412,2024-12-26,WAS vs. CHA,W
22024,DET,Detroit Pistons,0022400418,2024-12-26,DET @ SAC,W
22024,CHA,Charlotte Hornets,0022400412,2024-12-26,CHA @ WAS,L
22024,HOU,Houston Rockets,0022400416,2024-12-26,HOU @ NOP,W
22024,MIL,Milwaukee Bucks,0022400415,2024-12-26,MIL vs. BKN,L
22024,IND,Indiana Pacers,0022400410,2024-12-26,IND vs. OKC,L
22024,POR,Portland Trail Blazers,0022400417,2024-12-26,POR vs. UTA,W
22024,TOR,Toronto Raptors,0022400414,2024-12-26,TOR @ MEM,L
22024,UTA,Utah Jazz,0022400417,2024-12-26,UTA @ POR,L
22024,MEM,Memphis Grizzlies,0022400414,2024-12-26,MEM vs. TOR,W
22024,CLE,Cleveland Cavaliers,0022400424,2024-12-27,CLE @ DEN,W
22024,DAL,Dallas Mavericks,0022400425,2024-12-27,DAL @ PHX,W
22024,DEN,Denver Nuggets,0022400424,2024-12-27,DEN vs. CLE,L
22024,HOU,Houston Rockets,0022400422,2024-12-27,HOU vs. MIN,L
22024,BKN,Brooklyn Nets,0022400421,2024-12-27,BKN vs. SAS,L
22024,NYK,New York Knicks,0022400419,2024-12-27,NYK @ ORL,W
22024,ORL,Orlando Magic,0022400419,2024-12-27,ORL vs. NYK,L
22024,IND,Indiana Pacers,0022400420,2024-12-27,IND @ BOS,L
22024,PHX,Phoenix Suns,0022400425,2024-12-27,PHX vs. DAL,L
22024,SAS,San Antonio Spurs,0022400421,2024-12-27,SAS @ BKN,W
22024,BOS,Boston Celtics,0022400420,2024-12-27,BOS vs. IND,W
22024,NOP,New Orleans Pelicans,0022400423,2024-12-27,NOP vs. MEM,L
22024,GSW,Golden State Warriors,0022400426,2024-12-27,GSW @ LAC,L
22024,MIN,Minnesota Timberwolves,0022400422,2024-12-27,MIN @ HOU,W
22024,MEM,Memphis Grizzlies,0022400423,2024-12-27,MEM @ NOP,W
22024,LAC,LA Clippers,0022400426,2024-12-27,LAC vs. GSW,W
22024,DAL,Dallas Mavericks,0022400434,2024-12-28,DAL @ POR,L
22024,DEN,Denver Nuggets,0022400432,2024-12-28,DEN vs. DET,W
22024,LAL,Los Angeles Lakers,0022400435,2024-12-28,LAL vs. SAC,W
22024,NYK,New York Knicks,0022400429,2024-12-28,NYK @ WAS,W
22024,SAC,Sacramento Kings,0022400435,2024-12-28,SAC @ LAL,L
22024,UTA,Utah Jazz,0022400433,2024-12-28,UTA vs. PHI,L
22024,DET,Detroit Pistons,0022400432,2024-12-28,DET @ DEN,L
22024,CHA,Charlotte Hornets,0022400428,2024-12-28,CHA vs. OKC,L
22024,ATL,Atlanta Hawks,0022400427,2024-12-28,ATL vs. MIA,W
22024,CHI,Chicago Bulls,0022400430,2024-12-28,CHI vs. MIL,W
22024,GSW,Golden State Warriors,0022400431,2024-12-28,GSW vs. PHX,W
22024,MIA,Miami Heat,0022400427,2024-12-28,MIA @ ATL,L
22024,MIL,Milwaukee Bucks,0022400430,2024-12-28,MIL @ CHI,L
22024,PHI,Philadelphia 76ers,0022400433,2024-12-28,PHI @ UTA,W
22024,PHX,Phoenix Suns,0022400431,2024-12-28,PHX @ GSW,L
22024,POR,Portland Trail Blazers,0022400434,2024-12-28,POR vs. DAL,W
22024,OKC,Oklahoma City Thunder,0022400428,2024-12-28,OKC @ CHA,W
22024,WAS,Washington Wizards,0022400429,2024-12-28,WAS vs. NYK,L
22024,BOS,Boston Celtics,0022400437,2024-12-29,BOS vs. IND,L
22024,MIA,Miami Heat,0022400439,2024-12-29,MIA @ HOU,W
22024,MIN,Minnesota Timberwolves,0022400441,2024-12-29,MIN vs. SAS,W
22024,IND,Indiana Pacers,0022400437,2024-12-29,IND @ BOS,W
22024,OKC,Oklahoma City Thunder,0022400440,2024-12-29,OKC vs. MEM,W
22024,MEM,Memphis Grizzlies,0022400440,2024-12-29,MEM @ OKC,L
22024,ATL,Atlanta Hawks,0022400438,2024-12-29,ATL @ TOR,W
22024,HOU,Houston Rockets,0022400439,2024-12-29,HOU vs. MIA,L
22024,ORL,Orlando Magic,0022400436,2024-12-29,ORL vs. BKN,W
22024,TOR,Toronto Raptors,0022400438,2024-12-29,TOR vs. ATL,L
22024,BKN,Brooklyn Nets,0022400436,2024-12-29,BKN @ ORL,L
22024,SAS,San Antonio Spurs,0022400441,2024-12-29,SAS @ MIN,L
22024,NOP,New Orleans Pelicans,0022400444,2024-12-30,NOP vs. LAC,L
22024,DAL,Dallas Mavericks,0022400448,2024-12-30,DAL @ SAC,L
22024,GSW,Golden State Warriors,0022400446,2024-12-30,GSW vs. CLE,L
22024,LAC,LA Clippers,0022400444,2024-12-30,LAC @ NOP,W
22024,NYK,New York Knicks,0022400443,2024-12-30,NYK @ WAS,W
22024,PHI,Philadelphia 76ers,0022400447,2024-12-30,PHI @ POR,W
22024,POR,Portland Trail Blazers,0022400447,2024-12-30,POR vs. PHI,L
22024,UTA,Utah Jazz,0022400445,2024-12-30,UTA vs. DEN,L
22024,WAS,Washington Wizards,0022400443,2024-12-30,WAS vs. NYK,L
22024,CLE,Cleveland Cavaliers,0022400446,2024-12-30,CLE @ GSW,W
22024,CHI,Chicago Bulls,0022400442,2024-12-30,CHI @ CHA,W
22024,DEN,Denver Nuggets,0022400445,2024-12-30,DEN @ UTA,W
22024,SAC,Sacramento Kings,0022400448,2024-12-30,SAC vs. DAL,W
22024,CHA,Charlotte Hornets,0022400442,2024-12-30,CHA vs. CHI,L
22024,LAL,Los Angeles Lakers,0022400454,2024-12-31,LAL vs. CLE,L
22024,MIN,Minnesota Timberwolves,0022400452,2024-12-31,MIN @ OKC,L
22024,TOR,Toronto Raptors,0022400449,2024-12-31,TOR @ BOS,L
22024,BOS,Boston Celtics,0022400449,2024-12-31,BOS vs. TOR,W
22024,CLE,Cleveland Cavaliers,0022400454,2024-12-31,CLE @ LAL,W
22024,LAC,LA Clippers,0022400451,2024-12-31,LAC @ SAS,L
22024,MIL,Milwaukee Bucks,0022400450,2024-12-31,MIL @ IND,W
22024,IND,Indiana Pacers,0022400450,2024-12-31,IND vs. MIL,L
22024,PHX,Phoenix Suns,0022400453,2024-12-31,PHX vs. MEM,L
22024,SAS,San Antonio Spurs,0022400451,2024-12-31,SAS vs. LAC,W
22024,OKC,Oklahoma City Thunder,0022400452,2024-12-31,OKC vs. MIN,W
22024,MEM,Memphis Grizzlies,0022400453,2024-12-31,MEM @ PHX,W
22024,NOP,New Orleans Pelicans,0022400457,2025-01-01,NOP @ MIA,L
22024,HOU,Houston Rockets,0022400460,2025-01-01,HOU vs. DAL,W
22024,MIA,Miami Heat,0022400457,2025-01-01,MIA vs. NOP,W
22024,BKN,Brooklyn Nets,0022400459,2025-01-01,BKN @ TOR,L
22024,ORL,Orlando Magic,0022400455,2025-01-01,ORL @ DET,L
22024,PHI,Philadelphia 76ers,0022400462,2025-01-01,PHI @ SAC,L
22024,TOR,Toronto Raptors,0022400459,2025-01-01,TOR vs. BKN,W
22024,WAS,Washington Wizards,0022400456,2025-01-01,WAS vs. CHI,W
22024,DET,Detroit Pistons,0022400455,2025-01-01,DET vs. ORL,W
22024,ATL,Atlanta Hawks,0022400461,2025-01-01,ATL @ DEN,L
22024,CHI,Chicago Bulls,0022400456,2025-01-01,CHI @ WAS,L
22024,DAL,Dallas Mavericks,0022400460,2025-01-01,DAL @ HOU,L
22024,DEN,Denver Nuggets,0022400461,2025-01-01,DEN vs. ATL,W
22024,NYK,New York Knicks,0022400458,2025-01-01,NYK vs. UTA,W
22024,SAC,Sacramento Kings,0022400462,2025-01-01,SAC vs. PHI,W
22024,UTA,Utah Jazz,0022400458,2025-01-01,UTA @ NYK,L
22024,GSW,Golden State Warriors,0022400467,2025-01-02,GSW vs. PHI,W
22024,LAC,LA Clippers,0022400466,2025-01-02,LAC @ OKC,L
22024,MIA,Miami Heat,0022400463,2025-01-02,MIA vs. IND,L
22024,MIL,Milwaukee Bucks,0022400465,2025-01-02,MIL vs. BKN,L
22024,BOS,Boston Celtics,0022400464,2025-01-02,BOS @ MIN,W
22024,LAL,Los Angeles Lakers,0022400468,2025-01-02,LAL vs. POR,W
22024,BKN,Brooklyn Nets,0022400465,2025-01-02,BKN @ MIL,W
22024,IND,Indiana Pacers,0022400463,2025-01-02,IND @ MIA,W
22024,PHI,Philadelphia 76ers,0022400467,2025-01-02,PHI @ GSW,L
22024,POR,Portland Trail Blazers,0022400468,2025-01-02,POR @ LAL,L
22024,OKC,Oklahoma City Thunder,0022400466,2025-01-02,OKC vs. LAC,W
22024,MIN,Minnesota Timberwolves,0022400464,2025-01-02,MIN vs. BOS,L
22024,ATL,Atlanta Hawks,0022400477,2025-01-03,ATL @ LAL,L
22024,BOS,Boston Celtics,0022400471,2025-01-03,BOS @ HOU,W
22024,CLE,Cleveland Cavaliers,0022400474,2025-01-03,CLE @ DAL,W
22024,DAL,Dallas Mavericks,0022400474,2025-01-03,DAL vs. CLE,L
22024,DEN,Denver Nuggets,0022400475,2025-01-03,DEN vs. SAS,L
22024,LAL,Los Angeles Lakers,0022400477,2025-01-03,LAL vs. ATL,W
22024,NYK,New York Knicks,0022400473,2025-01-03,NYK @ OKC,L
22024,OKC,Oklahoma City Thunder,0022400473,2025-01-03,OKC vs. NYK,W
22024,MEM,Memphis Grizzlies,0022400476,2025-01-03,MEM @ SAC,L
22024,NOP,New Orleans Pelicans,0022400472,2025-01-03,NOP vs. WAS,W
22024,HOU,Houston Rockets,0022400471,2025-01-03,HOU vs. BOS,L
22024,SAC,Sacramento Kings,0022400476,2025-01-03,SAC vs. MEM,W
22024,SAS,San Antonio Spurs,0022400475,2025-01-03,SAS @ DEN,W
22024,TOR,Toronto Raptors,0022400470,2025-01-03,TOR vs. ORL,L
22024,WAS,Washington Wizards,0022400472,2025-01-03,WAS @ NOP,L
22024,DET,Detroit Pistons,0022400469,2025-01-03,DET vs. CHA,W
22024,CHA,Charlotte Hornets,0022400469,2025-01-03,CHA @ DET,L
22024,ORL,Orlando Magic,0022400470,2025-01-03,ORL @ TOR,W
22024,DEN,Denver Nuggets,0022400484,2025-01-04,DEN @ SAS,W
22024,LAC,LA Clippers,0022400486,2025-01-04,LAC vs. ATL,W
22024,MIN,Minnesota Timberwolves,0022400479,2025-01-04,MIN @ DET,L
22024,NYK,New York Knicks,0022400482,2025-01-04,NYK @ CHI,L
22024,IND,Indiana Pacers,0022400480,2025-01-04,IND vs. PHX,W
22024,PHX,Phoenix Suns,0022400480,2025-01-04,PHX @ IND,L
22024,POR,Portland Trail Blazers,0022400483,2025-01-04,POR @ MIL,W
22024,DET,Detroit Pistons,0022400479,2025-01-04,DET vs. MIN,W
22024,ATL,Atlanta Hawks,0022400486,2025-01-04,ATL @ LAC,L
22024,CHI,Chicago Bulls,0022400482,2025-01-04,CHI vs. NYK,W
22024,GSW,Golden State Warriors,0022400485,2025-01-04,GSW vs. MEM,W
22024,MIA,Miami Heat,0022400481,2025-01-04,MIA vs. UTA,L
22024,MIL,Milwaukee Bucks,0022400483,2025-01-04,MIL vs. POR,L
22024,BKN,Brooklyn Nets,0022400478,2025-01-04,BKN vs. PHI,L
22024,PHI,Philadelphia 76ers,0022400478,2025-01-04,PHI @ BKN,W
22024,SAS,San Antonio Spurs,0022400484,2025-01-04,SAS vs. DEN,L
22024,UTA,Utah Jazz,0022400481,2025-01-04,UTA @ MIA,W
22024,MEM,Memphis Grizzlies,0022400485,2025-01-04,MEM @ GSW,L
22024,NOP,New Orleans Pelicans,0022400489,2025-01-05,NOP @ WAS,W
22024,GSW,Golden State Warriors,0022400492,2025-01-05,GSW vs. SAC,L
22024,LAL,Los Angeles Lakers,0022400491,2025-01-05,LAL @ HOU,L
22024,ORL,Orlando Magic,0022400490,2025-01-05,ORL vs. UTA,L
22024,SAC,Sacramento Kings,0022400492,2025-01-05,SAC @ GSW,W
22024,OKC,Oklahoma City Thunder,0022400487,2025-01-05,OKC vs. BOS,W
22024,BOS,Boston Celtics,0022400487,2025-01-05,BOS @ OKC,L
22024,CLE,Cleveland Cavaliers,0022400488,2025-01-05,CLE vs. CHA,W
22024,HOU,Houston Rockets,0022400491,2025-01-05,HOU vs. LAL,W
22024,WAS,Washington Wizards,0022400489,2025-01-05,WAS vs. NOP,L
22024,CHA,Charlotte Hornets,0022400488,2025-01-05,CHA @ CLE,L
22024,UTA,Utah Jazz,0022400490,2025-01-05,UTA @ ORL,W
22024,CHI,Chicago Bulls,0022400498,2025-01-06,CHI vs. SAS,W
22024,LAC,LA Clippers,0022400500,2025-01-06,LAC @ MIN,L
22024,MIN,Minnesota Timberwolves,0022400500,2025-01-06,MIN vs. LAC,W
22024,NYK,New York Knicks,0022400496,2025-01-06,NYK vs. ORL,L
22024,IND,Indiana Pacers,0022400495,2025-01-06,IND @ BKN,W
22024,PHI,Philadelphia 76ers,0022400494,2025-01-06,PHI vs. PHX,L
22024,SAS,San Antonio Spurs,0022400498,2025-01-06,SAS @ CHI,L
22024,MEM,Memphis Grizzlies,0022400499,2025-01-06,MEM vs. DAL,W
22024,MIA,Miami Heat,0022400501,2025-01-06,MIA @ SAC,L
22024,MIL,Milwaukee Bucks,0022400497,2025-01-06,MIL @ TOR,W
22024,ORL,Orlando Magic,0022400496,2025-01-06,ORL @ NYK,W
22024,POR,Portland Trail Blazers,0022400493,2025-01-06,POR @ DET,L
22024,DET,Detroit Pistons,0022400493,2025-01-06,DET vs. POR,W
22024,DAL,Dallas Mavericks,0022400499,2025-01-06,DAL @ MEM,L
22024,BKN,Brooklyn Nets,0022400495,2025-01-06,BKN vs. IND,L
22024,PHX,Phoenix Suns,0022400494,2025-01-06,PHX @ PHI,W
22024,SAC,Sacramento Kings,0022400501,2025-01-06,SAC vs. MIA,W
22024,TOR,Toronto Raptors,0022400497,2025-01-06,TOR vs. MIL,L
22024,HOU,Houston Rockets,0022400503,2025-01-07,HOU @ WAS,W
22024,LAL,Los Angeles Lakers,0022400504,2025-01-07,LAL @ DAL,L
22024,PHX,Phoenix Suns,0022400502,2025-01-07,PHX @ CHA,L
22024,UTA,Utah Jazz,0022400506,2025-01-07,UTA vs. ATL,L
22024,ATL,Atlanta Hawks,0022400506,2025-01-07,ATL @ UTA,W
22024,BOS,Boston Celtics,0022400507,2025-01-07,BOS @ DEN,W
22024,NOP,New Orleans Pelicans,0022400505,2025-01-07,NOP vs. MIN,L
22024,DAL,Dallas Mavericks,0022400504,2025-01-07,DAL vs. LAL,W
22024,DEN,Denver Nuggets,0022400507,2025-01-07,DEN vs. BOS,L
22024,GSW,Golden State Warriors,0022400508,2025-01-07,GSW vs. MIA,L
22024,MIA,Miami Heat,0022400508,2025-01-07,MIA @ GSW,W
22024,MIN,Minnesota Timberwolves,0022400505,2025-01-07,MIN @ NOP,W
22024,WAS,Washington Wizards,0022400503,2025-01-07,WAS vs. HOU,L
22024,CHA,Charlotte Hornets,0022400502,2025-01-07,CHA vs. PHX,W
22024,CHI,Chicago Bulls,0022400510,2025-01-08,CHI @ IND,L
22024,LAC,LA Clippers,0022400515,2025-01-08,LAC @ DEN,L
22024,MIL,Milwaukee Bucks,0022400516,2025-01-08,MIL vs. SAS,W
22024,NYK,New York Knicks,0022400511,2025-01-08,NYK vs. TOR,W
22024,IND,Indiana Pacers,0022400510,2025-01-08,IND vs. CHI,W
22024,SAS,San Antonio Spurs,0022400516,2025-01-08,SAS @ MIL,L
22024,OKC,Oklahoma City Thunder,0022400509,2025-01-08,OKC @ CLE,L
22024,TOR,Toronto Raptors,0022400511,2025-01-08,TOR @ NYK,L
22024,WAS,Washington Wizards,0022400512,2025-01-08,WAS @ PHI,L
22024,CLE,Cleveland Cavaliers,0022400509,2025-01-08,CLE vs. OKC,W
22024,DEN,Denver Nuggets,0022400515,2025-01-08,DEN vs. LAC,W
22024,BKN,Brooklyn Nets,0022400513,2025-01-08,BKN vs. DET,L
22024,PHI,Philadelphia 76ers,0022400512,2025-01-08,PHI vs. WAS,W
22024,POR,Portland Trail Blazers,0022400514,2025-01-08,POR @ NOP,W
22024,DET,Detroit Pistons,0022400513,2025-01-08,DET @ BKN,W
22024,NOP,New Orleans Pelicans,0022400514,2025-01-08,NOP vs. POR,L
22024,CLE,Cleveland Cavaliers,0022400517,2025-01-09,CLE vs. TOR,W
22024,DAL,Dallas Mavericks,0022400521,2025-01-09,DAL vs. POR,W
22024,HOU,Houston Rockets,0022400520,2025-01-09,HOU @ MEM,W
22024,MIN,Minnesota Timberwolves,0022400519,2025-01-09,MIN @ ORL,W
22024,UTA,Utah Jazz,0022400523,2025-01-09,UTA vs. MIA,L
22024,DET,Detroit Pistons,0022400518,2025-01-09,DET vs. GSW,L
22024,ATL,Atlanta Hawks,0022400522,2025-01-09,ATL @ PHX,L
22024,GSW,Golden State Warriors,0022400518,2025-01-09,GSW @ DET,W
22024,ORL,Orlando Magic,0022400519,2025-01-09,ORL vs. MIN,L
22024,POR,Portland Trail Blazers,0022400521,2025-01-09,POR @ DAL,L
22024,TOR,Toronto Raptors,0022400517,2025-01-09,TOR @ CLE,L
22024,MIA,Miami Heat,0022400523,2025-01-09,MIA @ UTA,W
22024,PHX,Phoenix Suns,0022400522,2025-01-09,PHX vs. ATL,W
22024,MEM,Memphis Grizzlies,0022400520,2025-01-09,MEM vs. HOU,L
22024,CHI,Chicago Bulls,0022400530,2025-01-10,CHI vs. WAS,W
22024,NYK,New York Knicks,0022400529,2025-01-10,NYK vs. OKC,L
22024,ORL,Orlando Magic,0022400526,2025-01-10,ORL vs. MIL,L
22024,IND,Indiana Pacers,0022400525,2025-01-10,IND vs. GSW,W
22024,PHI,Philadelphia 76ers,0022400527,2025-01-10,PHI vs. NOP,L
22024,OKC,Oklahoma City Thunder,0022400529,2025-01-10,OKC @ NYK,W
22024,BOS,Boston Celtics,0022400528,2025-01-10,BOS vs. SAC,L
22024,NOP,New Orleans Pelicans,0022400527,2025-01-10,NOP @ PHI,W
22024,DEN,Denver Nuggets,0022400531,2025-01-10,DEN vs. BKN,W
22024,GSW,Golden State Warriors,0022400525,2025-01-10,GSW @ IND,L
22024,MIL,Milwaukee Bucks,0022400526,2025-01-10,MIL @ ORL,W
22024,SAC,Sacramento Kings,0022400528,2025-01-10,SAC @ BOS,W
22024,WAS,Washington Wizards,0022400530,2025-01-10,WAS @ CHI,L
22024,BKN,Brooklyn Nets,0022400531,2025-01-10,BKN @ DEN,L
22024,MIN,Minnesota Timberwolves,0022400535,2025-01-11,MIN vs. MEM,L
22024,MEM,Memphis Grizzlies,0022400535,2025-01-11,MEM @ MIN,W
22024,DET,Detroit Pistons,0022400534,2025-01-11,DET vs. TOR,W
22024,MIA,Miami Heat,0022400536,2025-01-11,MIA @ POR,W
22024,PHX,Phoenix Suns,0022400533,2025-01-11,PHX vs. UTA,W
22024,TOR,Toronto Raptors,0022400534,2025-01-11,TOR @ DET,L
22024,UTA,Utah Jazz,0022400533,2025-01-11,UTA @ PHX,L
22024,POR,Portland Trail Blazers,0022400536,2025-01-11,POR vs. MIA,L
22024,CLE,Cleveland Cavaliers,0022400543,2025-01-12,CLE vs. IND,L
22024,NOP,New Orleans Pelicans,0022400542,2025-01-12,NOP @ BOS,L
22024,CHI,Chicago Bulls,0022400541,2025-01-12,CHI vs. SAC,L
22024,DAL,Dallas Mavericks,0022400540,2025-01-12,DAL vs. DEN,L
22024,MIL,Milwaukee Bucks,0022400539,2025-01-12,MIL @ NYK,L
22024,NYK,New York Knicks,0022400539,2025-01-12,NYK vs. MIL,W
22024,PHI,Philadelphia 76ers,0022400544,2025-01-12,PHI @ ORL,L
22024,PHX,Phoenix Suns,0022400547,2025-01-12,PHX vs. CHA,W
22024,SAC,Sacramento Kings,0022400541,2025-01-12,SAC @ CHI,W
22024,OKC,Oklahoma City Thunder,0022400545,2025-01-12,OKC @ WAS,W
22024,DEN,Denver Nuggets,0022400540,2025-01-12,DEN @ DAL,W
22024,BKN,Brooklyn Nets,0022400546,2025-01-12,BKN @ UTA,L
22024,ORL,Orlando Magic,0022400544,2025-01-12,ORL vs. PHI,W
22024,IND,Indiana Pacers,0022400543,2025-01-12,IND @ CLE,W
22024,UTA,Utah Jazz,0022400546,2025-01-12,UTA vs. BKN,W
22024,WAS,Washington Wizards,0022400545,2025-01-12,WAS vs. OKC,L
22024,CHA,Charlotte Hornets,0022400547,2025-01-12,CHA @ PHX,L
22024,BOS,Boston Celtics,0022400542,2025-01-12,BOS vs. NOP,W
22024,HOU,Houston Rockets,0022400551,2025-01-13,HOU vs. MEM,W
22024,LAL,Los Angeles Lakers,0022400552,2025-01-13,LAL vs. SAS,L
22024,MIA,Miami Heat,0022400553,2025-01-13,MIA @ LAC,L
22024,NYK,New York Knicks,0022400549,2025-01-13,NYK vs. DET,L
22024,SAS,San Antonio Spurs,0022400552,2025-01-13,SAS @ LAL,W
22024,TOR,Toronto Raptors,0022400550,2025-01-13,TOR vs. GSW,W
22024,MEM,Memphis Grizzlies,0022400551,2025-01-13,MEM @ HOU,L
22024,WAS,Washington Wizards,0022400548,2025-01-13,WAS vs. MIN,L
22024,DET,Detroit Pistons,0022400549,2025-01-13,DET @ NYK,W
22024,GSW,Golden State Warriors,0022400550,2025-01-13,GSW @ TOR,L
22024,LAC,LA Clippers,0022400553,2025-01-13,LAC vs. MIA,W
22024,MIN,Minnesota Timberwolves,0022400548,2025-01-13,MIN @ WAS,W
22024,CLE,Cleveland Cavaliers,0022400554,2025-01-14,CLE @ IND,W
22024,CHI,Chicago Bulls,0022400557,2025-01-14,CHI vs. NOP,L
22024,DAL,Dallas Mavericks,0022400559,2025-01-14,DAL vs. DEN,L
22024,DEN,Denver Nuggets,0022400559,2025-01-14,DEN @ DAL,W
22024,BKN,Brooklyn Nets,0022400560,2025-01-14,BKN @ POR,W
22024,IND,Indiana Pacers,0022400554,2025-01-14,IND vs. CLE,L
22024,PHI,Philadelphia 76ers,0022400555,2025-01-14,PHI vs. OKC,L
22024,POR,Portland Trail Blazers,0022400560,2025-01-14,POR vs. BKN,L
22024,SAC,Sacramento Kings,0022400558,2025-01-14,SAC @ MIL,L
22024,OKC,Oklahoma City Thunder,0022400555,2025-01-14,OKC @ PHI,W
22024,ATL,Atlanta Hawks,0022400556,2025-01-14,ATL vs. PHX,W
22024,NOP,New Orleans Pelicans,0022400557,2025-01-14,NOP @ CHI,W
22024,MIL,Milwaukee Bucks,0022400558,2025-01-14,MIL vs. SAC,W
22024,PHX,Phoenix Suns,0022400556,2025-01-14,PHX @ ATL,L
22024,ATL,Atlanta Hawks,0022400563,2025-01-15,ATL @ CHI,W
22024,NOP,New Orleans Pelicans,0022400566,2025-01-15,NOP vs. DAL,W
22024,CHI,Chicago Bulls,0022400563,2025-01-15,CHI vs. ATL,L
22024,DEN,Denver Nuggets,0022400568,2025-01-15,DEN vs. HOU,L
22024,GSW,Golden State Warriors,0022400565,2025-01-15,GSW @ MIN,W
22024,LAC,LA Clippers,0022400571,2025-01-15,LAC vs. BKN,W
22024,LAL,Los Angeles Lakers,0022400570,2025-01-15,LAL vs. MIA,W
22024,MIA,Miami Heat,0022400570,2025-01-15,MIA @ LAL,L
22024,PHI,Philadelphia 76ers,0022400561,2025-01-15,PHI vs. NYK,L
22024,SAS,San Antonio Spurs,0022400567,2025-01-15,SAS vs. MEM,L
22024,TOR,Toronto Raptors,0022400562,2025-01-15,TOR vs. BOS,W
22024,BOS,Boston Celtics,0022400562,2025-01-15,BOS @ TOR,L
22024,DAL,Dallas Mavericks,0022400566,2025-01-15,DAL @ NOP,L
22024,MIL,Milwaukee Bucks,0022400564,2025-01-15,MIL vs. ORL,W
22024,MIN,Minnesota Timberwolves,0022400565,2025-01-15,MIN vs. GSW,L
22024,BKN,Brooklyn Nets,0022400571,2025-01-15,BKN @ LAC,L
22024,NYK,New York Knicks,0022400561,2025-01-15,NYK @ PHI,W
22024,ORL,Orlando Magic,0022400564,2025-01-15,ORL @ MIL,L
22024,UTA,Utah Jazz,0022400569,2025-01-15,UTA vs. CHA,L
22024,MEM,Memphis Grizzlies,0022400567,2025-01-15,MEM @ SAS,W
22024,CHA,Charlotte Hornets,0022400569,2025-01-15,CHA @ UTA,W
22024,HOU,Houston Rockets,0022400568,2025-01-15,HOU @ DEN,W
22024,HOU,Houston Rockets,0022400576,2025-01-16,HOU @ SAC,L
22024,IND,Indiana Pacers,0022400572,2025-01-16,IND @ DET,W
22024,PHX,Phoenix Suns,0022400573,2025-01-16,PHX @ WAS,W
22024,POR,Portland Trail Blazers,0022400575,2025-01-16,POR vs. LAC,L
22024,DET,Detroit Pistons,0022400572,2025-01-16,DET vs. IND,L
22024,CLE,Cleveland Cavaliers,0022400574,2025-01-16,CLE @ OKC,L
22024,LAC,LA Clippers,0022400575,2025-01-16,LAC @ POR,W
22024,SAC,Sacramento Kings,0022400576,2025-01-16,SAC vs. HOU,W
22024,OKC,Oklahoma City Thunder,0022400574,2025-01-16,OKC vs. CLE,W
22024,WAS,Washington Wizards,0022400573,2025-01-16,WAS vs. PHX,L
22024,CHI,Chicago Bulls,0022400584,2025-01-17,CHI vs. CHA,L
22024,DAL,Dallas Mavericks,0022400583,2025-01-17,DAL vs. OKC,W
22024,MIA,Miami Heat,0022400579,2025-01-17,MIA vs. DEN,L
22024,MIL,Milwaukee Bucks,0022400580,2025-01-17,MIL vs. TOR,W
22024,NYK,New York Knicks,0022400578,2025-01-17,NYK vs. MIN,L
22024,ORL,Orlando Magic,0022400577,2025-01-17,ORL @ BOS,L
22024,OKC,Oklahoma City Thunder,0022400583,2025-01-17,OKC @ DAL,L
22024,TOR,Toronto Raptors,0022400580,2025-01-17,TOR @ MIL,L
22024,UTA,Utah Jazz,0022400581,2025-01-17,UTA @ NOP,L
22024,CHA,Charlotte Hornets,0022400584,2025-01-17,CHA @ CHI,W
22024,BOS,Boston Celtics,0022400577,2025-01-17,BOS vs. ORL,W
22024,NOP,New Orleans Pelicans,0022400581,2025-01-17,NOP vs. UTA,W
22024,DEN,Denver Nuggets,0022400579,2025-01-17,DEN @ MIA,W
22024,MIN,Minnesota Timberwolves,0022400578,2025-01-17,MIN @ NYK,W
22024,BKN,Brooklyn Nets,0022400585,2025-01-17,BKN @ LAL,L
22024,SAS,San Antonio Spurs,0022400582,2025-01-17,SAS vs. MEM,L
22024,MEM,Memphis Grizzlies,0022400582,2025-01-17,MEM @ SAS,W
22024,LAL,Los Angeles Lakers,0022400585,2025-01-17,LAL vs. BKN,W
22024,BOS,Boston Celtics,0022400587,2025-01-18,BOS vs. ATL,L
22024,IND,Indiana Pacers,0022400588,2025-01-18,IND vs. PHI,W
22024,PHX,Phoenix Suns,0022400586,2025-01-18,PHX @ DET,W
22024,WAS,Washington Wizards,0022400589,2025-01-18,WAS @ GSW,L
22024,ATL,Atlanta Hawks,0022400587,2025-01-18,ATL @ BOS,W
22024,CLE,Cleveland Cavaliers,0022400590,2025-01-18,CLE @ MIN,W
22024,GSW,Golden State Warriors,0022400589,2025-01-18,GSW vs. WAS,W
22024,HOU,Houston Rockets,0022400591,2025-01-18,HOU @ POR,W
22024,MIN,Minnesota Timberwolves,0022400590,2025-01-18,MIN vs. CLE,L
22024,POR,Portland Trail Blazers,0022400591,2025-01-18,POR vs. HOU,L
22024,DET,Detroit Pistons,0022400586,2025-01-18,DET vs. PHX,L
22024,PHI,Philadelphia 76ers,0022400588,2025-01-18,PHI @ IND,L
22024,CHI,Chicago Bulls,0022400597,2025-01-19,CHI @ POR,L
22024,DEN,Denver Nuggets,0022400593,2025-01-19,DEN @ ORL,W
22024,LAC,LA Clippers,0022400596,2025-01-19,LAC vs. LAL,W
22024,LAL,Los Angeles Lakers,0022400596,2025-01-19,LAL @ LAC,L
22024,MIL,Milwaukee Bucks,0022400594,2025-01-19,MIL vs. PHI,W
22024,ORL,Orlando Magic,0022400593,2025-01-19,ORL vs. DEN,L
22024,SAC,Sacramento Kings,0022400598,2025-01-19,SAC vs. WAS,W
22024,BKN,Brooklyn Nets,0022400595,2025-01-19,BKN @ OKC,L
22024,POR,Portland Trail Blazers,0022400597,2025-01-19,POR vs. CHI,W
22024,SAS,San Antonio Spurs,0022400592,2025-01-19,SAS @ MIA,L
22024,OKC,Oklahoma City Thunder,0022400595,2025-01-19,OKC vs. BKN,W
22024,WAS,Washington Wizards,0022400598,2025-01-19,WAS @ SAC,L
22024,MIA,Miami Heat,0022400592,2025-01-19,MIA vs. SAS,W
22024,PHI,Philadelphia 76ers,0022400594,2025-01-19,PHI @ MIL,L
22024,ATL,Atlanta Hawks,0022400602,2025-01-20,ATL @ NYK,L
22024,NOP,New Orleans Pelicans,0022400605,2025-01-20,NOP vs. UTA,W
22024,CHI,Chicago Bulls,0022400611,2025-01-20,CHI @ LAC,W
22024,DAL,Dallas Mavericks,0022400599,2025-01-20,DAL @ CHA,L
22024,LAC,LA Clippers,0022400611,2025-01-20,LAC vs. CHI,L
22024,NYK,New York Knicks,0022400602,2025-01-20,NYK vs. ATL,W
22024,DET,Detroit Pistons,0022400600,2025-01-20,DET @ HOU,W
22024,CHA,Charlotte Hornets,0022400599,2025-01-20,CHA vs. DAL,W
22024,BOS,Boston Celtics,0022400604,2025-01-20,BOS @ GSW,W
22024,CLE,Cleveland Cavaliers,0022400603,2025-01-20,CLE vs. PHX,W
22024,GSW,Golden State Warriors,0022400604,2025-01-20,GSW vs. BOS,L
22024,HOU,Houston Rockets,0022400600,2025-01-20,HOU vs. DET,L
22024,MIN,Minnesota Timberwolves,0022400601,2025-01-20,MIN @ MEM,L
22024,PHX,Phoenix Suns,0022400603,2025-01-20,PHX @ CLE,L
22024,UTA,Utah Jazz,0022400605,2025-01-20,UTA @ NOP,L
22024,MEM,Memphis Grizzlies,0022400601,2025-01-20,MEM vs. MIN,W
22024,LAL,Los Angeles Lakers,0022400610,2025-01-21,LAL vs. WAS,W
22024,MIA,Miami Heat,0022400607,2025-01-21,MIA vs. POR,L
22024,NYK,New York Knicks,0022400606,2025-01-21,NYK @ BKN,W
22024,ORL,Orlando Magic,0022400608,2025-01-21,ORL @ TOR,L
22024,WAS,Washington Wizards,0022400610,2025-01-21,WAS @ LAL,L
22024,BKN,Brooklyn Nets,0022400606,2025-01-21,BKN vs. NYK,L
22024,PHI,Philadelphia 76ers,0022400609,2025-01-21,PHI @ DEN,L
22024,POR,Portland Trail Blazers,0022400607,2025-01-21,POR @ MIA,W
22024,TOR,Toronto Raptors,0022400608,2025-01-21,TOR vs. ORL,W
22024,DEN,Denver Nuggets,0022400609,2025-01-21,DEN vs. PHI,W
22024,ATL,Atlanta Hawks,0022400612,2025-01-22,ATL vs. DET,L
22024,CLE,Cleveland Cavaliers,0022400615,2025-01-22,CLE @ HOU,L
22024,GSW,Golden State Warriors,0022400619,2025-01-22,GSW @ SAC,L
22024,LAC,LA Clippers,0022400620,2025-01-22,LAC vs. BOS,L
22024,MIN,Minnesota Timberwolves,0022400614,2025-01-22,MIN @ DAL,W
22024,SAC,Sacramento Kings,0022400619,2025-01-22,SAC vs. GSW,W
22024,OKC,Oklahoma City Thunder,0022400618,2025-01-22,OKC vs. UTA,W
22024,MEM,Memphis Grizzlies,0022400616,2025-01-22,MEM vs. CHA,W
22024,CHA,Charlotte Hornets,0022400616,2025-01-22,CHA @ MEM,L
22024,BOS,Boston Celtics,0022400620,2025-01-22,BOS @ LAC,W
22024,HOU,Houston Rockets,0022400615,2025-01-22,HOU vs. CLE,W
22024,BKN,Brooklyn Nets,0022400613,2025-01-22,BKN vs. PHX,L
22024,PHX,Phoenix Suns,0022400613,2025-01-22,PHX @ BKN,W
22024,DAL,Dallas Mavericks,0022400614,2025-01-22,DAL vs. MIN,L
22024,UTA,Utah Jazz,0022400618,2025-01-22,UTA @ OKC,L
22024,DET,Detroit Pistons,0022400612,2025-01-22,DET @ ATL,W
22024,ATL,Atlanta Hawks,0022400623,2025-01-23,ATL vs. TOR,L
22024,DAL,Dallas Mavericks,0022400625,2025-01-23,DAL @ OKC,W
22024,DEN,Denver Nuggets,0022400626,2025-01-23,DEN vs. SAC,W
22024,LAC,LA Clippers,0022400983,2025-01-23,LAC vs. WAS,W
22024,MIA,Miami Heat,0022400624,2025-01-23,MIA @ MIL,L
22024,MIL,Milwaukee Bucks,0022400624,2025-01-23,MIL vs. MIA,W
22024,ORL,Orlando Magic,0022400622,2025-01-23,ORL vs. POR,L
22024,POR,Portland Trail Blazers,0022400622,2025-01-23,POR @ ORL,W
22024,SAS,San Antonio Spurs,0022400621,2025-01-23,SAS @ IND,W
22024,OKC,Oklahoma City Thunder,0022400625,2025-01-23,OKC vs. DAL,L
22024,WAS,Washington Wizards,0022400983,2025-01-23,WAS @ LAC,L
22024,BOS,Boston Celtics,0022400629,2025-01-23,BOS @ LAL,L
22024,CHI,Chicago Bulls,0022400628,2025-01-23,CHI @ GSW,L
22024,GSW,Golden State Warriors,0022400628,2025-01-23,GSW vs. CHI,W
22024,LAL,Los Angeles Lakers,0022400629,2025-01-23,LAL vs. BOS,W
22024,IND,Indiana Pacers,0022400621,2025-01-23,IND @ SAS,L
22024,SAC,Sacramento Kings,0022400626,2025-01-23,SAC @ DEN,L
22024,TOR,Toronto Raptors,0022400623,2025-01-23,TOR @ ATL,W
22024,NOP,New Orleans Pelicans,0022400632,2025-01-24,NOP @ MEM,L
22024,CHA,Charlotte Hornets,0022400630,2025-01-24,CHA vs. POR,L
22024,PHI,Philadelphia 76ers,0022400631,2025-01-24,PHI vs. CLE,W
22024,POR,Portland Trail Blazers,0022400630,2025-01-24,POR @ CHA,W
22024,MEM,Memphis Grizzlies,0022400632,2025-01-24,MEM vs. NOP,W
22024,CLE,Cleveland Cavaliers,0022400631,2025-01-24,CLE @ PHI,L
22024,CLE,Cleveland Cavaliers,0022400640,2025-01-25,CLE vs. HOU,L
22024,NOP,New Orleans Pelicans,0022400637,2025-01-25,NOP @ CHA,L
22024,GSW,Golden State Warriors,0022400644,2025-01-25,GSW vs. LAL,L
22024,LAL,Los Angeles Lakers,0022400644,2025-01-25,LAL @ GSW,W
22024,MIN,Minnesota Timberwolves,0022400634,2025-01-25,MIN vs. DEN,W
22024,BKN,Brooklyn Nets,0022400636,2025-01-25,BKN vs. MIA,L
22024,ORL,Orlando Magic,0022400638,2025-01-25,ORL vs. DET,W
22024,IND,Indiana Pacers,0022400633,2025-01-25,IND @ SAS,W
22024,PHX,Phoenix Suns,0022400645,2025-01-25,PHX vs. WAS,W
22024,SAC,Sacramento Kings,0022400641,2025-01-25,SAC @ NYK,L
22024,TOR,Toronto Raptors,0022400639,2025-01-25,TOR @ ATL,W
22024,UTA,Utah Jazz,0022400643,2025-01-25,UTA @ MEM,L
22024,MEM,Memphis Grizzlies,0022400643,2025-01-25,MEM vs. UTA,W
22024,DET,Detroit Pistons,0022400638,2025-01-25,DET @ ORL,L
22024,ATL,Atlanta Hawks,0022400639,2025-01-25,ATL vs. TOR,L
22024,BOS,Boston Celtics,0022400635,2025-01-25,BOS @ DAL,W
22024,CHI,Chicago Bulls,0022400642,2025-01-25,CHI vs. PHI,L
22024,DAL,Dallas Mavericks,0022400635,2025-01-25,DAL vs. BOS,L
22024,HOU,Houston Rockets,0022400640,2025-01-25,HOU @ CLE,W
22024,MIA,Miami Heat,0022400636,2025-01-25,MIA @ BKN,W
22024,NYK,New York Knicks,0022400641,2025-01-25,NYK vs. SAC,W
22024,PHI,Philadelphia 76ers,0022400642,2025-01-25,PHI @ CHI,W
22024,SAS,San Antonio Spurs,0022400633,2025-01-25,SAS @ IND,L
22024,WAS,Washington Wizards,0022400645,2025-01-25,WAS @ PHX,L
22024,CHA,Charlotte Hornets,0022400637,2025-01-25,CHA vs. NOP,W
22024,DEN,Denver Nuggets,0022400634,2025-01-25,DEN @ MIN,L
22024,LAC,LA Clippers,0022400646,2025-01-25,LAC vs. MIL,W
22024,MIL,Milwaukee Bucks,0022400646,2025-01-25,MIL @ LAC,L
22024,POR,Portland Trail Blazers,0022400647,2025-01-26,POR vs. OKC,L
22024,OKC,Oklahoma City Thunder,0022400647,2025-01-26,OKC @ POR,W
22024,ATL,Atlanta Hawks,0022400656,2025-01-27,ATL @ MIN,L
22024,BOS,Boston Celtics,0022400650,2025-01-27,BOS vs. HOU,L
22024,CHI,Chicago Bulls,0022400655,2025-01-27,CHI vs. DEN,W
22024,DAL,Dallas Mavericks,0022400657,2025-01-27,DAL vs. WAS,W
22024,DEN,Denver Nuggets,0022400655,2025-01-27,DEN @ CHI,L
22024,LAC,LA Clippers,0022400659,2025-01-27,LAC @ PHX,L
22024,MIL,Milwaukee Bucks,0022400658,2025-01-27,MIL @ UTA,W
22024,MIN,Minnesota Timberwolves,0022400656,2025-01-27,MIN vs. ATL,W
22024,NYK,New York Knicks,0022400653,2025-01-27,NYK vs. MEM,W
22024,PHX,Phoenix Suns,0022400659,2025-01-27,PHX vs. LAC,W
22024,SAC,Sacramento Kings,0022400651,2025-01-27,SAC @ BKN,W
22024,TOR,Toronto Raptors,0022400654,2025-01-27,TOR vs. NOP,W
22024,UTA,Utah Jazz,0022400658,2025-01-27,UTA vs. MIL,L
22024,CLE,Cleveland Cavaliers,0022400649,2025-01-27,CLE vs. DET,W
22024,LAL,Los Angeles Lakers,0022400648,2025-01-27,LAL @ CHA,W
22024,MIA,Miami Heat,0022400652,2025-01-27,MIA vs. ORL,W
22024,BKN,Brooklyn Nets,0022400651,2025-01-27,BKN vs. SAC,L
22024,ORL,Orlando Magic,0022400652,2025-01-27,ORL @ MIA,L
22024,MEM,Memphis Grizzlies,0022400653,2025-01-27,MEM @ NYK,L
22024,DET,Detroit Pistons,0022400649,2025-01-27,DET @ CLE,L
22024,NOP,New Orleans Pelicans,0022400654,2025-01-27,NOP @ TOR,L
22024,HOU,Houston Rockets,0022400650,2025-01-27,HOU @ BOS,W
22024,WAS,Washington Wizards,0022400657,2025-01-27,WAS @ DAL,L
22024,CHA,Charlotte Hornets,0022400648,2025-01-27,CHA vs. LAL,L
22024,HOU,Houston Rockets,0022400532,2025-01-28,HOU @ ATL,W
22024,LAL,Los Angeles Lakers,0022400660,2025-01-28,LAL @ PHI,L
22024,MIL,Milwaukee Bucks,0022400662,2025-01-28,MIL @ POR,L
22024,POR,Portland Trail Blazers,0022400662,2025-01-28,POR vs. MIL,W
22024,UTA,Utah Jazz,0022400661,2025-01-28,UTA @ GSW,L
22024,ATL,Atlanta Hawks,0022400532,2025-01-28,ATL vs. HOU,L
22024,GSW,Golden State Warriors,0022400661,2025-01-28,GSW vs. UTA,W
22024,PHI,Philadelphia 76ers,0022400660,2025-01-28,PHI vs. LAL,W
22024,BOS,Boston Celtics,0022400666,2025-01-29,BOS vs. CHI,W
22024,MIN,Minnesota Timberwolves,0022400672,2025-01-29,MIN @ PHX,W
22024,BKN,Brooklyn Nets,0022400663,2025-01-29,BKN @ CHA,W
22024,PHI,Philadelphia 76ers,0022400669,2025-01-29,PHI vs. SAC,W
22024,PHX,Phoenix Suns,0022400672,2025-01-29,PHX vs. MIN,L
22024,SAC,Sacramento Kings,0022400669,2025-01-29,SAC @ PHI,L
22024,SAS,San Antonio Spurs,0022400671,2025-01-29,SAS vs. LAC,L
22024,OKC,Oklahoma City Thunder,0022400673,2025-01-29,OKC @ GSW,L
22024,TOR,Toronto Raptors,0022400665,2025-01-29,TOR @ WAS,W
22024,CLE,Cleveland Cavaliers,0022400667,2025-01-29,CLE @ MIA,W
22024,NOP,New Orleans Pelicans,0022400670,2025-01-29,NOP vs. DAL,L
22024,CHI,Chicago Bulls,0022400666,2025-01-29,CHI @ BOS,L
22024,DEN,Denver Nuggets,0022400668,2025-01-29,DEN @ NYK,L
22024,GSW,Golden State Warriors,0022400673,2025-01-29,GSW vs. OKC,W
22024,LAC,LA Clippers,0022400671,2025-01-29,LAC @ SAS,W
22024,MIA,Miami Heat,0022400667,2025-01-29,MIA vs. CLE,L
22024,NYK,New York Knicks,0022400668,2025-01-29,NYK vs. DEN,W
22024,IND,Indiana Pacers,0022400664,2025-01-29,IND vs. DET,W
22024,WAS,Washington Wizards,0022400665,2025-01-29,WAS vs. TOR,L
22024,DET,Detroit Pistons,0022400664,2025-01-29,DET @ IND,L
22024,CHA,Charlotte Hornets,0022400663,2025-01-29,CHA vs. BKN,L
22024,DAL,Dallas Mavericks,0022400670,2025-01-29,DAL @ NOP,W
22024,ATL,Atlanta Hawks,0022400675,2025-01-30,ATL @ CLE,L
22024,HOU,Houston Rockets,0022400676,2025-01-30,HOU @ MEM,L
22024,LAL,Los Angeles Lakers,0022400674,2025-01-30,LAL @ WAS,W
22024,MIN,Minnesota Timberwolves,0022400677,2025-01-30,MIN @ UTA,W
22024,ORL,Orlando Magic,0022400678,2025-01-30,ORL @ POR,L
22024,MEM,Memphis Grizzlies,0022400676,2025-01-30,MEM vs. HOU,W
22024,CLE,Cleveland Cavaliers,0022400675,2025-01-30,CLE vs. ATL,W
22024,POR,Portland Trail Blazers,0022400678,2025-01-30,POR vs. ORL,W
22024,UTA,Utah Jazz,0022400677,2025-01-30,UTA vs. MIN,L
22024,WAS,Washington Wizards,0022400674,2025-01-30,WAS vs. LAL,L
22024,BOS,Boston Celtics,0022400683,2025-01-31,BOS @ NOP,W
22024,CHI,Chicago Bulls,0022400682,2025-01-31,CHI @ TOR,W
22024,DAL,Dallas Mavericks,0022400680,2025-01-31,DAL @ DET,L
22024,GSW,Golden State Warriors,0022400685,2025-01-31,GSW vs. PHX,L
22024,MIL,Milwaukee Bucks,0022400684,2025-01-31,MIL @ SAS,L
22024,PHI,Philadelphia 76ers,0022400681,2025-01-31,PHI vs. DEN,L
22024,PHX,Phoenix Suns,0022400685,2025-01-31,PHX @ GSW,W
22024,TOR,Toronto Raptors,0022400682,2025-01-31,TOR vs. CHI,L
22024,DET,Detroit Pistons,0022400680,2025-01-31,DET vs. DAL,W
22024,CHA,Charlotte Hornets,0022400679,2025-01-31,CHA vs. LAC,L
22024,NOP,New Orleans Pelicans,0022400683,2025-01-31,NOP vs. BOS,L
22024,DEN,Denver Nuggets,0022400681,2025-01-31,DEN @ PHI,W
22024,LAC,LA Clippers,0022400679,2025-01-31,LAC @ CHA,W
22024,SAS,San Antonio Spurs,0022400684,2025-01-31,SAS vs. MIL,W
22024,HOU,Houston Rockets,0022400689,2025-02-01,HOU vs. BKN,L
22024,MIN,Minnesota Timberwolves,0022400690,2025-02-01,MIN vs. WAS,L
22024,BKN,Brooklyn Nets,0022400689,2025-02-01,BKN @ HOU,W
22024,ORL,Orlando Magic,0022400687,2025-02-01,ORL @ UTA,L
22024,SAS,San Antonio Spurs,0022400693,2025-02-01,SAS vs. MIA,L
22024,CHA,Charlotte Hornets,0022400688,2025-02-01,CHA vs. DEN,L
22024,ATL,Atlanta Hawks,0022400686,2025-02-01,ATL @ IND,L
22024,DEN,Denver Nuggets,0022400688,2025-02-01,DEN @ CHA,W
22024,MIA,Miami Heat,0022400693,2025-02-01,MIA @ SAS,W
22024,IND,Indiana Pacers,0022400686,2025-02-01,IND vs. ATL,W
22024,PHX,Phoenix Suns,0022400694,2025-02-01,PHX @ POR,L
22024,POR,Portland Trail Blazers,0022400694,2025-02-01,POR vs. PHX,W
22024,SAC,Sacramento Kings,0022400691,2025-02-01,SAC @ OKC,L
22024,OKC,Oklahoma City Thunder,0022400691,2025-02-01,OKC vs. SAC,W
22024,UTA,Utah Jazz,0022400687,2025-02-01,UTA vs. ORL,W
22024,WAS,Washington Wizards,0022400690,2025-02-01,WAS @ MIN,W
22024,LAL,Los Angeles Lakers,0022400692,2025-02-01,LAL @ NYK,W
22024,NYK,New York Knicks,0022400692,2025-02-01,NYK vs. LAL,L
22024,DAL,Dallas Mavericks,0022400696,2025-02-02,DAL @ CLE,L
22024,LAC,LA Clippers,0022400697,2025-02-02,LAC @ TOR,L
22024,DET,Detroit Pistons,0022400695,2025-02-02,DET vs. CHI,W
22024,BOS,Boston Celtics,0022400698,2025-02-02,BOS @ PHI,W
22024,CLE,Cleveland Cavaliers,0022400696,2025-02-02,CLE vs. DAL,W
22024,CHI,Chicago Bulls,0022400695,2025-02-02,CHI @ DET,L
22024,MIL,Milwaukee Bucks,0022400699,2025-02-02,MIL vs. MEM,L
22024,PHI,Philadelphia 76ers,0022400698,2025-02-02,PHI vs. BOS,L
22024,TOR,Toronto Raptors,0022400697,2025-02-02,TOR vs. LAC,W
22024,MEM,Memphis Grizzlies,0022400699,2025-02-02,MEM @ MIL,W
22024,DEN,Denver Nuggets,0022400706,2025-02-03,DEN vs. NOP,W
22024,GSW,Golden State Warriors,0022400708,2025-02-03,GSW vs. ORL,W
22024,HOU,Houston Rockets,0022400702,2025-02-03,HOU @ NYK,L
22024,IND,Indiana Pacers,0022400707,2025-02-03,IND @ UTA,W
22024,PHX,Phoenix Suns,0022400709,2025-02-03,PHX @ POR,L
22024,POR,Portland Trail Blazers,0022400709,2025-02-03,POR vs. PHX,W
22024,SAS,San Antonio Spurs,0022400703,2025-02-03,SAS @ MEM,L
22024,CHA,Charlotte Hornets,0022400700,2025-02-03,CHA vs. WAS,L
22024,ATL,Atlanta Hawks,0022400701,2025-02-03,ATL @ DET,W
22024,NOP,New Orleans Pelicans,0022400706,2025-02-03,NOP @ DEN,L
22024,MIN,Minnesota Timberwolves,0022400704,2025-02-03,MIN vs. SAC,L
22024,NYK,New York Knicks,0022400702,2025-02-03,NYK vs. HOU,W
22024,ORL,Orlando Magic,0022400708,2025-02-03,ORL @ GSW,L
22024,OKC,Oklahoma City Thunder,0022400705,2025-02-03,OKC vs. MIL,W
22024,UTA,Utah Jazz,0022400707,2025-02-03,UTA vs. IND,L
22024,MEM,Memphis Grizzlies,0022400703,2025-02-03,MEM vs. SAS,W
22024,WAS,Washington Wizards,0022400700,2025-02-03,WAS @ CHA,W
22024,DET,Detroit Pistons,0022400701,2025-02-03,DET vs. ATL,L
22024,MIL,Milwaukee Bucks,0022400705,2025-02-03,MIL @ OKC,L
22024,SAC,Sacramento Kings,0022400704,2025-02-03,SAC @ MIN,W
22024,BOS,Boston Celtics,0022400710,2025-02-04,BOS @ CLE,W
22024,CLE,Cleveland Cavaliers,0022400710,2025-02-04,CLE vs. BOS,L
22024,CHI,Chicago Bulls,0022400714,2025-02-04,CHI vs. MIA,W
22024,HOU,Houston Rockets,0022400711,2025-02-04,HOU @ BKN,L
22024,BKN,Brooklyn Nets,0022400711,2025-02-04,BKN vs. HOU,W
22024,PHI,Philadelphia 76ers,0022400712,2025-02-04,PHI vs. DAL,W
22024,POR,Portland Trail Blazers,0022400716,2025-02-04,POR vs. IND,W
22024,TOR,Toronto Raptors,0022400713,2025-02-04,TOR vs. NYK,L
22024,DAL,Dallas Mavericks,0022400712,2025-02-04,DAL @ PHI,L
22024,LAC,LA Clippers,0022400715,2025-02-04,LAC vs. LAL,L
22024,LAL,Los Angeles Lakers,0022400715,2025-02-04,LAL @ LAC,W
22024,MIA,Miami Heat,0022400714,2025-02-04,MIA @ CHI,L
22024,NYK,New York Knicks,0022400713,2025-02-04,NYK @ TOR,W
22024,IND,Indiana Pacers,0022400716,2025-02-04,IND @ POR,L
22024,NOP,New Orleans Pelicans,0022400726,2025-02-05,NOP @ DEN,L
22024,DEN,Denver Nuggets,0022400726,2025-02-05,DEN vs. NOP,W
22024,GSW,Golden State Warriors,0022400725,2025-02-05,GSW @ UTA,L
22024,BKN,Brooklyn Nets,0022400720,2025-02-05,BKN vs. WAS,L
22024,ORL,Orlando Magic,0022400727,2025-02-05,ORL @ SAC,W
22024,PHI,Philadelphia 76ers,0022400721,2025-02-05,PHI vs. MIA,L
22024,SAC,Sacramento Kings,0022400727,2025-02-05,SAC vs. ORL,L
22024,OKC,Oklahoma City Thunder,0022400724,2025-02-05,OKC vs. PHX,W
22024,UTA,Utah Jazz,0022400725,2025-02-05,UTA vs. GSW,W
22024,WAS,Washington Wizards,0022400720,2025-02-05,WAS @ BKN,W
22024,DET,Detroit Pistons,0022400718,2025-02-05,DET vs. CLE,L
22024,CLE,Cleveland Cavaliers,0022400718,2025-02-05,CLE @ DET,W
22024,CHI,Chicago Bulls,0022400723,2025-02-05,CHI @ MIN,L
22024,MIA,Miami Heat,0022400721,2025-02-05,MIA @ PHI,W
22024,MIL,Milwaukee Bucks,0022400717,2025-02-05,MIL @ CHA,W
22024,MIN,Minnesota Timberwolves,0022400723,2025-02-05,MIN vs. CHI,W
22024,PHX,Phoenix Suns,0022400724,2025-02-05,PHX @ OKC,L
22024,SAS,San Antonio Spurs,0022400719,2025-02-05,SAS @ ATL,W
22024,MEM,Memphis Grizzlies,0022400722,2025-02-05,MEM @ TOR,W
22024,CHA,Charlotte Hornets,0022400717,2025-02-05,CHA vs. MIL,L
22024,ATL,Atlanta Hawks,0022400719,2025-02-05,ATL vs. SAS,L
22024,TOR,Toronto Raptors,0022400722,2025-02-05,TOR vs. MEM,L
22024,DAL,Dallas Mavericks,0022400728,2025-02-06,DAL @ BOS,W
22024,GSW,Golden State Warriors,0022400731,2025-02-06,GSW @ LAL,L
22024,LAC,LA Clippers,0022400733,2025-02-06,LAC vs. IND,L
22024,MIN,Minnesota Timberwolves,0022400729,2025-02-06,MIN vs. HOU,W
22024,ORL,Orlando Magic,0022400730,2025-02-06,ORL @ DEN,L
22024,BOS,Boston Celtics,0022400728,2025-02-06,BOS vs. DAL,L
22024,DEN,Denver Nuggets,0022400730,2025-02-06,DEN vs. ORL,W
22024,HOU,Houston Rockets,0022400729,2025-02-06,HOU @ MIN,L
22024,LAL,Los Angeles Lakers,0022400731,2025-02-06,LAL vs. GSW,W
22024,IND,Indiana Pacers,0022400733,2025-02-06,IND @ LAC,W
22024,POR,Portland Trail Blazers,0022400732,2025-02-06,POR vs. SAC,W
22024,SAC,Sacramento Kings,0022400732,2025-02-06,SAC @ POR,L
22024,MIA,Miami Heat,0022400737,2025-02-07,MIA @ BKN,L
22024,MIL,Milwaukee Bucks,0022400736,2025-02-07,MIL @ ATL,L
22024,SAS,San Antonio Spurs,0022400734,2025-02-07,SAS @ CHA,L
22024,TOR,Toronto Raptors,0022400739,2025-02-07,TOR @ OKC,L
22024,WAS,Washington Wizards,0022400735,2025-02-07,WAS vs. CLE,L
22024,ATL,Atlanta Hawks,0022400736,2025-02-07,ATL vs. MIL,W
22024,CLE,Cleveland Cavaliers,0022400735,2025-02-07,CLE @ WAS,W
22024,BKN,Brooklyn Nets,0022400737,2025-02-07,BKN vs. MIA,W
22024,PHI,Philadelphia 76ers,0022400738,2025-02-07,PHI @ DET,L
22024,PHX,Phoenix Suns,0022400740,2025-02-07,PHX vs. UTA,W
22024,OKC,Oklahoma City Thunder,0022400739,2025-02-07,OKC vs. TOR,W
22024,UTA,Utah Jazz,0022400740,2025-02-07,UTA @ PHX,L
22024,DET,Detroit Pistons,0022400738,2025-02-07,DET vs. PHI,W
22024,CHA,Charlotte Hornets,0022400734,2025-02-07,CHA vs. SAS,W
22024,NOP,New Orleans Pelicans,0022400750,2025-02-08,NOP @ SAC,L
22024,CHI,Chicago Bulls,0022400745,2025-02-08,CHI vs. GSW,L
22024,HOU,Houston Rockets,0022400741,2025-02-08,HOU @ DAL,L
22024,LAC,LA Clippers,0022400751,2025-02-08,LAC vs. UTA,W
22024,LAL,Los Angeles Lakers,0022400742,2025-02-08,LAL vs. IND,W
22024,PHX,Phoenix Suns,0022400749,2025-02-08,PHX vs. DEN,L
22024,SAS,San Antonio Spurs,0022400743,2025-02-08,SAS @ ORL,L
22024,OKC,Oklahoma City Thunder,0022400746,2025-02-08,OKC @ MEM,W
22024,WAS,Washington Wizards,0022400744,2025-02-08,WAS vs. ATL,L
22024,ATL,Atlanta Hawks,0022400744,2025-02-08,ATL @ WAS,W
22024,BOS,Boston Celtics,0022400748,2025-02-08,BOS @ NYK,W
22024,DAL,Dallas Mavericks,0022400741,2025-02-08,DAL vs. HOU,W
22024,DEN,Denver Nuggets,0022400749,2025-02-08,DEN @ PHX,W
22024,GSW,Golden State Warriors,0022400745,2025-02-08,GSW @ CHI,W
22024,ORL,Orlando Magic,0022400743,2025-02-08,ORL vs. SAS,W
22024,IND,Indiana Pacers,0022400742,2025-02-08,IND @ LAL,L
22024,POR,Portland Trail Blazers,0022400747,2025-02-08,POR @ MIN,L
22024,SAC,Sacramento Kings,0022400750,2025-02-08,SAC vs. NOP,W
22024,UTA,Utah Jazz,0022400751,2025-02-08,UTA @ LAC,L
22024,MEM,Memphis Grizzlies,0022400746,2025-02-08,MEM vs. OKC,L
22024,MIN,Minnesota Timberwolves,0022400747,2025-02-08,MIN vs. POR,W
22024,NYK,New York Knicks,0022400748,2025-02-08,NYK vs. BOS,L
22024,MIL,Milwaukee Bucks,0022400754,2025-02-09,MIL vs. PHI,W
22024,TOR,Toronto Raptors,0022400753,2025-02-09,TOR @ HOU,L
22024,DET,Detroit Pistons,0022400752,2025-02-09,DET vs. CHA,W
22024,CHA,Charlotte Hornets,0022400752,2025-02-09,CHA @ DET,L
22024,PHI,Philadelphia 76ers,0022400754,2025-02-09,PHI @ MIL,L
22024,HOU,Houston Rockets,0022400753,2025-02-09,HOU vs. TOR,W
22024,ATL,Atlanta Hawks,0022400756,2025-02-10,ATL @ ORL,W
22024,BOS,Boston Celtics,0022400759,2025-02-10,BOS @ MIA,W
22024,CLE,Cleveland Cavaliers,0022400755,2025-02-10,CLE vs. MIN,W
22024,DAL,Dallas Mavericks,0022400762,2025-02-10,DAL vs. SAC,L
22024,DEN,Denver Nuggets,0022400763,2025-02-10,DEN vs. POR,W
22024,GSW,Golden State Warriors,0022400760,2025-02-10,GSW @ MIL,W
22024,MIL,Milwaukee Bucks,0022400760,2025-02-10,MIL vs. GSW,L
22024,OKC,Oklahoma City Thunder,0022400761,2025-02-10,OKC vs. NOP,W
22024,CHA,Charlotte Hornets,0022400758,2025-02-10,CHA @ BKN,L
22024,NOP,New Orleans Pelicans,0022400761,2025-02-10,NOP @ OKC,L
22024,LAL,Los Angeles Lakers,0022400768,2025-02-10,LAL vs. UTA,W
22024,MIA,Miami Heat,0022400759,2025-02-10,MIA vs. BOS,L
22024,MIN,Minnesota Timberwolves,0022400755,2025-02-10,MIN @ CLE,L
22024,BKN,Brooklyn Nets,0022400758,2025-02-10,BKN vs. CHA,W
22024,POR,Portland Trail Blazers,0022400763,2025-02-10,POR @ DEN,L
22024,SAC,Sacramento Kings,0022400762,2025-02-10,SAC @ DAL,W
22024,SAS,San Antonio Spurs,0022400757,2025-02-10,SAS @ WAS,W
22024,UTA,Utah Jazz,0022400768,2025-02-10,UTA @ LAL,L
22024,WAS,Washington Wizards,0022400757,2025-02-10,WAS vs. SAS,L
22024,ORL,Orlando Magic,0022400756,2025-02-10,ORL vs. ATL,L
22024,IND,Indiana Pacers,0022400765,2025-02-11,IND vs. NYK,L
22024,PHX,Phoenix Suns,0022400767,2025-02-11,PHX vs. MEM,L
22024,TOR,Toronto Raptors,0022400764,2025-02-11,TOR @ PHI,W
22024,DET,Detroit Pistons,0022400766,2025-02-11,DET @ CHI,W
22024,CHI,Chicago Bulls,0022400766,2025-02-11,CHI vs. DET,L
22024,NYK,New York Knicks,0022400765,2025-02-11,NYK @ IND,W
22024,PHI,Philadelphia 76ers,0022400764,2025-02-11,PHI vs. TOR,L
22024,MEM,Memphis Grizzlies,0022400767,2025-02-11,MEM @ PHX,W
22024,BOS,Boston Celtics,0022400769,2025-02-12,BOS vs. SAS,W
22024,CLE,Cleveland Cavaliers,0022400774,2025-02-12,CLE @ TOR,W
22024,CHI,Chicago Bulls,0022400775,2025-02-12,CHI vs. DET,L
22024,DAL,Dallas Mavericks,0022400782,2025-02-12,DAL vs. GSW,W
22024,HOU,Houston Rockets,0022400779,2025-02-12,HOU vs. PHX,W
22024,MIL,Milwaukee Bucks,0022400776,2025-02-12,MIL @ MIN,W
22024,MIN,Minnesota Timberwolves,0022400776,2025-02-12,MIN vs. MIL,L
22024,BKN,Brooklyn Nets,0022400772,2025-02-12,BKN vs. PHI,W
22024,NYK,New York Knicks,0022400773,2025-02-12,NYK vs. ATL,W
22024,ORL,Orlando Magic,0022400770,2025-02-12,ORL vs. CHA,W
22024,PHI,Philadelphia 76ers,0022400772,2025-02-12,PHI @ BKN,L
22024,SAC,Sacramento Kings,0022400777,2025-02-12,SAC @ NOP,W
22024,OKC,Oklahoma City Thunder,0022400778,2025-02-12,OKC vs. MIA,W
22024,ATL,Atlanta Hawks,0022400773,2025-02-12,ATL @ NYK,L
22024,NOP,New Orleans Pelicans,0022400777,2025-02-12,NOP vs. SAC,L
22024,GSW,Golden State Warriors,0022400782,2025-02-12,GSW @ DAL,L
22024,LAC,LA Clippers,0022400783,2025-02-12,LAC vs. MEM,W
22024,LAL,Los Angeles Lakers,0022400781,2025-02-12,LAL @ UTA,L
22024,IND,Indiana Pacers,0022400771,2025-02-12,IND @ WAS,W
22024,PHX,Phoenix Suns,0022400779,2025-02-12,PHX @ HOU,L
22024,POR,Portland Trail Blazers,0022400780,2025-02-12,POR @ DEN,L
22024,SAS,San Antonio Spurs,0022400769,2025-02-12,SAS @ BOS,L
22024,TOR,Toronto Raptors,0022400774,2025-02-12,TOR vs. CLE,L
22024,UTA,Utah Jazz,0022400781,2025-02-12,UTA vs. LAL,W
22024,MEM,Memphis Grizzlies,0022400783,2025-02-12,MEM @ LAC,L
22024,WAS,Washington Wizards,0022400771,2025-02-12,WAS vs. IND,L
22024,DET,Detroit Pistons,0022400775,2025-02-12,DET @ CHI,W
22024,CHA,Charlotte Hornets,0022400770,2025-02-12,CHA @ ORL,L
22024,DEN,Denver Nuggets,0022400780,2025-02-12,DEN vs. POR,W
22024,MIA,Miami Heat,0022400778,2025-02-12,MIA @ OKC,L
22024,NOP,New Orleans Pelicans,0022400785,2025-02-13,NOP vs. SAC,W
22024,DAL,Dallas Mavericks,0022400786,2025-02-13,DAL vs. MIA,W
22024,HOU,Houston Rockets,0022400784,2025-02-13,HOU vs. GSW,L
22024,MIA,Miami Heat,0022400786,2025-02-13,MIA @ DAL,L
22024,MIN,Minnesota Timberwolves,0022400787,2025-02-13,MIN vs. OKC,W
22024,OKC,Oklahoma City Thunder,0022400787,2025-02-13,OKC @ MIN,L
22024,UTA,Utah Jazz,0022401004,2025-02-13,UTA vs. LAC,L
22024,GSW,Golden State Warriors,0022400784,2025-02-13,GSW @ HOU,W
22024,SAC,Sacramento Kings,0022400785,2025-02-13,SAC @ NOP,L
22024,LAC,LA Clippers,0022401004,2025-02-13,LAC @ UTA,W
22024,CHA,Charlotte Hornets,0022400524,2025-02-19,CHA @ LAL,W
22024,LAL,Los Angeles Lakers,0022400524,2025-02-19,LAL vs. CHA,L
22024,ATL,Atlanta Hawks,0022400790,2025-02-20,ATL vs. ORL,L
22024,BOS,Boston Celtics,0022400789,2025-02-20,BOS @ PHI,W
22024,CLE,Cleveland Cavaliers,0022400791,2025-02-20,CLE @ BKN,W
22024,LAC,LA Clippers,0022400793,2025-02-20,LAC @ MIL,L
22024,MIL,Milwaukee Bucks,0022400793,2025-02-20,MIL vs. LAC,W
22024,ORL,Orlando Magic,0022400790,2025-02-20,ORL @ ATL,W
22024,IND,Indiana Pacers,0022400788,2025-02-20,IND vs. MEM,W
22024,PHI,Philadelphia 76ers,0022400789,2025-02-20,PHI vs. BOS,L
22024,PHX,Phoenix Suns,0022400795,2025-02-20,PHX @ SAS,L
22024,POR,Portland Trail Blazers,0022400796,2025-02-20,POR vs. LAL,L
22024,SAS,San Antonio Spurs,0022400795,2025-02-20,SAS vs. PHX,W
22024,MEM,Memphis Grizzlies,0022400788,2025-02-20,MEM @ IND,L
22024,CHA,Charlotte Hornets,0022400794,2025-02-20,CHA @ DEN,L
22024,CHI,Chicago Bulls,0022400792,2025-02-20,CHI @ NYK,L
22024,DEN,Denver Nuggets,0022400794,2025-02-20,DEN vs. CHA,W
22024,LAL,Los Angeles Lakers,0022400796,2025-02-20,LAL @ POR,W
22024,BKN,Brooklyn Nets,0022400791,2025-02-20,BKN vs. CLE,L
22024,NYK,New York Knicks,0022400792,2025-02-20,NYK vs. CHI,W
22024,CLE,Cleveland Cavaliers,0022400797,2025-02-21,CLE vs. NYK,W
22024,MIA,Miami Heat,0022400800,2025-02-21,MIA @ TOR,W
22024,MIL,Milwaukee Bucks,0022400799,2025-02-21,MIL @ WAS,W
22024,MIN,Minnesota Timberwolves,0022400801,2025-02-21,MIN @ HOU,L
22024,NYK,New York Knicks,0022400797,2025-02-21,NYK @ CLE,L
22024,ORL,Orlando Magic,0022400798,2025-02-21,ORL vs. MEM,L
22024,TOR,Toronto Raptors,0022400800,2025-02-21,TOR vs. MIA,L
22024,NOP,New Orleans Pelicans,0022400803,2025-02-21,NOP @ DAL,L
22024,DAL,Dallas Mavericks,0022400803,2025-02-21,DAL vs. NOP,W
22024,GSW,Golden State Warriors,0022400805,2025-02-21,GSW @ SAC,W
22024,HOU,Houston Rockets,0022400801,2025-02-21,HOU vs. MIN,W
22024,SAC,Sacramento Kings,0022400805,2025-02-21,SAC vs. GSW,L
22024,OKC,Oklahoma City Thunder,0022400804,2025-02-21,OKC @ UTA,W
22024,UTA,Utah Jazz,0022400804,2025-02-21,UTA vs. OKC,L
22024,MEM,Memphis Grizzlies,0022400798,2025-02-21,MEM @ ORL,W
22024,WAS,Washington Wizards,0022400799,2025-02-21,WAS vs. MIL,L
22024,DET,Detroit Pistons,0022400802,2025-02-21,DET @ SAS,W
22024,SAS,San Antonio Spurs,0022400802,2025-02-21,SAS vs. DET,L
22024,DEN,Denver Nuggets,0022400808,2025-02-22,DEN vs. LAL,L
22024,LAL,Los Angeles Lakers,0022400808,2025-02-22,LAL @ DEN,W
22024,BKN,Brooklyn Nets,0022400807,2025-02-22,BKN @ PHI,W
22024,PHI,Philadelphia 76ers,0022400807,2025-02-22,PHI vs. BKN,L
22024,PHX,Phoenix Suns,0022400806,2025-02-22,PHX @ CHI,W
22024,UTA,Utah Jazz,0022400809,2025-02-22,UTA vs. HOU,W
22024,CHI,Chicago Bulls,0022400806,2025-02-22,CHI vs. PHX,L
22024,HOU,Houston Rockets,0022400809,2025-02-22,HOU @ UTA,L
22024,POR,Portland Trail Blazers,0022400810,2025-02-22,POR vs. CHA,W
22024,CHA,Charlotte Hornets,0022400810,2025-02-22,CHA @ POR,L
22024,BOS,Boston Celtics,0022400811,2025-02-23,BOS vs. NYK,W
22024,CLE,Cleveland Cavaliers,0022400819,2025-02-23,CLE vs. MEM,W
22024,NOP,New Orleans Pelicans,0022400818,2025-02-23,NOP vs. SAS,W
22024,DAL,Dallas Mavericks,0022400812,2025-02-23,DAL @ GSW,L
22024,GSW,Golden State Warriors,0022400812,2025-02-23,GSW vs. DAL,W
22024,LAC,LA Clippers,0022400813,2025-02-23,LAC @ IND,L
22024,MIA,Miami Heat,0022400817,2025-02-23,MIA @ MIL,L
22024,MIL,Milwaukee Bucks,0022400817,2025-02-23,MIL vs. MIA,W
22024,MIN,Minnesota Timberwolves,0022400820,2025-02-23,MIN vs. OKC,L
22024,IND,Indiana Pacers,0022400813,2025-02-23,IND vs. LAC,W
22024,PHX,Phoenix Suns,0022400816,2025-02-23,PHX @ TOR,L
22024,MEM,Memphis Grizzlies,0022400819,2025-02-23,MEM @ CLE,L
22024,DET,Detroit Pistons,0022400814,2025-02-23,DET @ ATL,W
22024,ATL,Atlanta Hawks,0022400814,2025-02-23,ATL vs. DET,L
22024,NYK,New York Knicks,0022400811,2025-02-23,NYK @ BOS,L
22024,ORL,Orlando Magic,0022400815,2025-02-23,ORL vs. WAS,W
22024,SAS,San Antonio Spurs,0022400818,2025-02-23,SAS @ NOP,L
22024,OKC,Oklahoma City Thunder,0022400820,2025-02-23,OKC @ MIN,W
22024,WAS,Washington Wizards,0022400815,2025-02-23,WAS @ ORL,L
22024,TOR,Toronto Raptors,0022400816,2025-02-23,TOR vs. PHX,W
22024,ATL,Atlanta Hawks,0022400825,2025-02-24,ATL vs. MIA,W
22024,PHI,Philadelphia 76ers,0022400823,2025-02-24,PHI vs. CHI,L
22024,POR,Portland Trail Blazers,0022400827,2025-02-24,POR @ UTA,W
22024,SAC,Sacramento Kings,0022400828,2025-02-24,SAC vs. CHA,W
22024,UTA,Utah Jazz,0022400827,2025-02-24,UTA vs. POR,L
22024,WAS,Washington Wizards,0022400824,2025-02-24,WAS vs. BKN,W
22024,CHI,Chicago Bulls,0022400823,2025-02-24,CHI @ PHI,W
22024,DEN,Denver Nuggets,0022400822,2025-02-24,DEN @ IND,W
22024,LAC,LA Clippers,0022400821,2025-02-24,LAC @ DET,L
22024,MIA,Miami Heat,0022400825,2025-02-24,MIA @ ATL,L
22024,MIN,Minnesota Timberwolves,0022400826,2025-02-24,MIN @ OKC,W
22024,BKN,Brooklyn Nets,0022400824,2025-02-24,BKN @ WAS,L
22024,IND,Indiana Pacers,0022400822,2025-02-24,IND vs. DEN,L
22024,OKC,Oklahoma City Thunder,0022400826,2025-02-24,OKC vs. MIN,L
22024,DET,Detroit Pistons,0022400821,2025-02-24,DET vs. LAC,W
22024,CHA,Charlotte Hornets,0022400828,2025-02-24,CHA @ SAC,L
22024,NOP,New Orleans Pelicans,0022400833,2025-02-25,NOP vs. SAS,W
22024,GSW,Golden State Warriors,0022400834,2025-02-25,GSW vs. CHA,W
22024,HOU,Houston Rockets,0022400831,2025-02-25,HOU vs. MIL,W
22024,MIL,Milwaukee Bucks,0022400831,2025-02-25,MIL @ HOU,L
22024,MEM,Memphis Grizzlies,0022400832,2025-02-25,MEM vs. PHX,W
22024,BOS,Boston Celtics,0022400829,2025-02-25,BOS @ TOR,W
22024,CLE,Cleveland Cavaliers,0022400830,2025-02-25,CLE @ ORL,W
22024,DAL,Dallas Mavericks,0022400835,2025-02-25,DAL @ LAL,L
22024,LAL,Los Angeles Lakers,0022400835,2025-02-25,LAL vs. DAL,W
22024,ORL,Orlando Magic,0022400830,2025-02-25,ORL vs. CLE,L
22024,PHX,Phoenix Suns,0022400832,2025-02-25,PHX @ MEM,L
22024,SAS,San Antonio Spurs,0022400833,2025-02-25,SAS @ NOP,L
22024,TOR,Toronto Raptors,0022400829,2025-02-25,TOR vs. BOS,L
22024,CHA,Charlotte Hornets,0022400834,2025-02-25,CHA @ GSW,L
22024,CHI,Chicago Bulls,0022400842,2025-02-26,CHI vs. LAC,L
22024,HOU,Houston Rockets,0022400844,2025-02-26,HOU vs. SAS,W
22024,MIA,Miami Heat,0022400841,2025-02-26,MIA vs. ATL,W
22024,PHI,Philadelphia 76ers,0022400838,2025-02-26,PHI @ NYK,L
22024,POR,Portland Trail Blazers,0022400839,2025-02-26,POR @ WAS,W
22024,SAS,San Antonio Spurs,0022400844,2025-02-26,SAS @ HOU,L
22024,OKC,Oklahoma City Thunder,0022400840,2025-02-26,OKC @ BKN,W
22024,TOR,Toronto Raptors,0022400837,2025-02-26,TOR @ IND,L
22024,UTA,Utah Jazz,0022400843,2025-02-26,UTA vs. SAC,L
22024,WAS,Washington Wizards,0022400839,2025-02-26,WAS vs. POR,L
22024,ATL,Atlanta Hawks,0022400841,2025-02-26,ATL @ MIA,L
22024,BOS,Boston Celtics,0022400836,2025-02-26,BOS @ DET,L
22024,LAC,LA Clippers,0022400842,2025-02-26,LAC @ CHI,W
22024,BKN,Brooklyn Nets,0022400840,2025-02-26,BKN vs. OKC,L
22024,NYK,New York Knicks,0022400838,2025-02-26,NYK vs. PHI,W
22024,IND,Indiana Pacers,0022400837,2025-02-26,IND vs. TOR,W
22024,SAC,Sacramento Kings,0022400843,2025-02-26,SAC @ UTA,W
22024,DET,Detroit Pistons,0022400836,2025-02-26,DET vs. BOS,W
22024,GSW,Golden State Warriors,0022400845,2025-02-27,GSW @ ORL,W
22024,MIN,Minnesota Timberwolves,0022400849,2025-02-27,MIN @ LAL,L
22024,NOP,New Orleans Pelicans,0022400848,2025-02-27,NOP @ PHX,W
22024,DAL,Dallas Mavericks,0022400847,2025-02-27,DAL vs. CHA,W
22024,DEN,Denver Nuggets,0022400846,2025-02-27,DEN @ MIL,L
22024,LAL,Los Angeles Lakers,0022400849,2025-02-27,LAL vs. MIN,W
22024,MIL,Milwaukee Bucks,0022400846,2025-02-27,MIL vs. DEN,W
22024,ORL,Orlando Magic,0022400845,2025-02-27,ORL vs. GSW,L
22024,PHX,Phoenix Suns,0022400848,2025-02-27,PHX vs. NOP,L
22024,CHA,Charlotte Hornets,0022400847,2025-02-27,CHA @ DAL,L
22024,ATL,Atlanta Hawks,0022400851,2025-02-28,ATL vs. OKC,L
22024,BOS,Boston Celtics,0022400852,2025-02-28,BOS vs. CLE,L
22024,NOP,New Orleans Pelicans,0022400857,2025-02-28,NOP @ PHX,L
22024,DEN,Denver Nuggets,0022400850,2025-02-28,DEN @ DET,W
22024,MIA,Miami Heat,0022400854,2025-02-28,MIA vs. IND,W
22024,MIN,Minnesota Timberwolves,0022400858,2025-02-28,MIN @ UTA,L
22024,NYK,New York Knicks,0022400856,2025-02-28,NYK @ MEM,W
22024,TOR,Toronto Raptors,0022400855,2025-02-28,TOR @ CHI,L
22024,MEM,Memphis Grizzlies,0022400856,2025-02-28,MEM vs. NYK,L
22024,CLE,Cleveland Cavaliers,0022400852,2025-02-28,CLE @ BOS,W
22024,CHI,Chicago Bulls,0022400855,2025-02-28,CHI vs. TOR,W
22024,LAC,LA Clippers,0022400859,2025-02-28,LAC @ LAL,L
22024,LAL,Los Angeles Lakers,0022400859,2025-02-28,LAL vs. LAC,W
22024,BKN,Brooklyn Nets,0022400853,2025-02-28,BKN vs. POR,L
22024,IND,Indiana Pacers,0022400854,2025-02-28,IND @ MIA,L
22024,PHX,Phoenix Suns,0022400857,2025-02-28,PHX vs. NOP,W
22024,POR,Portland Trail Blazers,0022400853,2025-02-28,POR @ BKN,W
22024,OKC,Oklahoma City Thunder,0022400851,2025-02-28,OKC @ ATL,W
22024,UTA,Utah Jazz,0022400858,2025-02-28,UTA vs. MIN,W
22024,DET,Detroit Pistons,0022400850,2025-02-28,DET vs. DEN,L
22024,GSW,Golden State Warriors,0022400864,2025-03-01,GSW @ PHI,L
22024,PHI,Philadelphia 76ers,0022400864,2025-03-01,PHI vs. GSW,W
22024,SAC,Sacramento Kings,0022400862,2025-03-01,SAC @ HOU,W
22024,SAS,San Antonio Spurs,0022400863,2025-03-01,SAS @ MEM,W
22024,MEM,Memphis Grizzlies,0022400863,2025-03-01,MEM vs. SAS,L
22024,DET,Detroit Pistons,0022400861,2025-03-01,DET vs. BKN,W
22024,DAL,Dallas Mavericks,0022400865,2025-03-01,DAL vs. MIL,L
22024,HOU,Houston Rockets,0022400862,2025-03-01,HOU vs. SAC,L
22024,MIL,Milwaukee Bucks,0022400865,2025-03-01,MIL @ DAL,W
22024,BKN,Brooklyn Nets,0022400861,2025-03-01,BKN @ DET,L
22024,CHA,Charlotte Hornets,0022400860,2025-03-01,CHA vs. WAS,L
22024,WAS,Washington Wizards,0022400860,2025-03-01,WAS @ CHA,W
22024,BOS,Boston Celtics,0022400866,2025-03-02,BOS vs. DEN,W
22024,DEN,Denver Nuggets,0022400866,2025-03-02,DEN @ BOS,L
22024,LAL,Los Angeles Lakers,0022400874,2025-03-02,LAL vs. LAC,W
22024,MIA,Miami Heat,0022400869,2025-03-02,MIA vs. NYK,L
22024,MIN,Minnesota Timberwolves,0022400873,2025-03-02,MIN @ PHX,W
22024,NYK,New York Knicks,0022400869,2025-03-02,NYK @ MIA,W
22024,ORL,Orlando Magic,0022400870,2025-03-02,ORL vs. TOR,L
22024,PHX,Phoenix Suns,0022400873,2025-03-02,PHX vs. MIN,L
22024,SAS,San Antonio Spurs,0022400871,2025-03-02,SAS vs. OKC,L
22024,TOR,Toronto Raptors,0022400870,2025-03-02,TOR @ ORL,W
22024,UTA,Utah Jazz,0022400872,2025-03-02,UTA vs. NOP,L
22024,CLE,Cleveland Cavaliers,0022400867,2025-03-02,CLE vs. POR,W
22024,CHI,Chicago Bulls,0022400868,2025-03-02,CHI @ IND,L
22024,LAC,LA Clippers,0022400874,2025-03-02,LAC @ LAL,L
22024,IND,Indiana Pacers,0022400868,2025-03-02,IND vs. CHI,W
22024,POR,Portland Trail Blazers,0022400867,2025-03-02,POR @ CLE,L
22024,OKC,Oklahoma City Thunder,0022400871,2025-03-02,OKC @ SAS,W
22024,NOP,New Orleans Pelicans,0022400872,2025-03-02,NOP @ UTA,W
22024,ATL,Atlanta Hawks,0022400878,2025-03-03,ATL @ MEM,W
22024,GSW,Golden State Warriors,0022400875,2025-03-03,GSW @ CHA,W
22024,MIA,Miami Heat,0022400877,2025-03-03,MIA vs. WAS,W
22024,OKC,Oklahoma City Thunder,0022400879,2025-03-03,OKC vs. HOU,W
22024,UTA,Utah Jazz,0022400881,2025-03-03,UTA vs. DET,L
22024,DET,Detroit Pistons,0022400881,2025-03-03,DET @ UTA,W
22024,CHA,Charlotte Hornets,0022400875,2025-03-03,CHA vs. GSW,L
22024,DAL,Dallas Mavericks,0022400880,2025-03-03,DAL vs. SAC,L
22024,HOU,Houston Rockets,0022400879,2025-03-03,HOU @ OKC,L
22024,PHI,Philadelphia 76ers,0022400876,2025-03-03,PHI vs. POR,L
22024,POR,Portland Trail Blazers,0022400876,2025-03-03,POR @ PHI,W
22024,MEM,Memphis Grizzlies,0022400878,2025-03-03,MEM vs. ATL,L
22024,WAS,Washington Wizards,0022400877,2025-03-03,WAS @ MIA,L
22024,SAC,Sacramento Kings,0022400880,2025-03-03,SAC @ DAL,W
22024,ATL,Atlanta Hawks,0022400884,2025-03-04,ATL vs. MIL,L
22024,CLE,Cleveland Cavaliers,0022400886,2025-03-04,CLE @ CHI,W
22024,CHI,Chicago Bulls,0022400886,2025-03-04,CHI vs. CLE,L
22024,LAC,LA Clippers,0022400889,2025-03-04,LAC @ PHX,L
22024,MIL,Milwaukee Bucks,0022400884,2025-03-04,MIL @ ATL,W
22024,MIN,Minnesota Timberwolves,0022400887,2025-03-04,MIN vs. PHI,W
22024,ORL,Orlando Magic,0022400883,2025-03-04,ORL vs. TOR,L
22024,PHX,Phoenix Suns,0022400889,2025-03-04,PHX vs. LAC,W
22024,SAS,San Antonio Spurs,0022400888,2025-03-04,SAS vs. BKN,W
22024,NOP,New Orleans Pelicans,0022400890,2025-03-04,NOP @ LAL,L
22024,GSW,Golden State Warriors,0022400885,2025-03-04,GSW @ NYK,W
22024,LAL,Los Angeles Lakers,0022400890,2025-03-04,LAL vs. NOP,W
22024,BKN,Brooklyn Nets,0022400888,2025-03-04,BKN @ SAS,L
22024,NYK,New York Knicks,0022400885,2025-03-04,NYK vs. GSW,L
22024,IND,Indiana Pacers,0022400882,2025-03-04,IND vs. HOU,W
22024,PHI,Philadelphia 76ers,0022400887,2025-03-04,PHI @ MIN,L
22024,TOR,Toronto Raptors,0022400883,2025-03-04,TOR @ ORL,W
22024,HOU,Houston Rockets,0022400882,2025-03-04,HOU @ IND,L
22024,CLE,Cleveland Cavaliers,0022400893,2025-03-05,CLE vs. MIA,W
22024,LAC,LA Clippers,0022400898,2025-03-05,LAC vs. DET,W
22024,MIL,Milwaukee Bucks,0022400897,2025-03-05,MIL vs. DAL,W
22024,SAC,Sacramento Kings,0022400896,2025-03-05,SAC @ DEN,L
22024,OKC,Oklahoma City Thunder,0022400895,2025-03-05,OKC @ MEM,W
22024,DET,Detroit Pistons,0022400898,2025-03-05,DET @ LAC,L
22024,CHA,Charlotte Hornets,0022400892,2025-03-05,CHA vs. MIN,L
22024,BOS,Boston Celtics,0022400891,2025-03-05,BOS vs. POR,W
22024,DAL,Dallas Mavericks,0022400897,2025-03-05,DAL @ MIL,L
22024,DEN,Denver Nuggets,0022400896,2025-03-05,DEN vs. SAC,W
22024,MIA,Miami Heat,0022400893,2025-03-05,MIA @ CLE,L
22024,MIN,Minnesota Timberwolves,0022400892,2025-03-05,MIN @ CHA,W
22024,UTA,Utah Jazz,0022400894,2025-03-05,UTA @ WAS,L
22024,MEM,Memphis Grizzlies,0022400895,2025-03-05,MEM vs. OKC,L
22024,WAS,Washington Wizards,0022400894,2025-03-05,WAS vs. UTA,W
22024,POR,Portland Trail Blazers,0022400891,2025-03-05,POR @ BOS,L
22024,GSW,Golden State Warriors,0022400901,2025-03-06,GSW @ BKN,W
22024,LAL,Los Angeles Lakers,0022400903,2025-03-06,LAL vs. NYK,W
22024,BKN,Brooklyn Nets,0022400901,2025-03-06,BKN vs. GSW,L
22024,NYK,New York Knicks,0022400903,2025-03-06,NYK @ LAL,L
22024,ATL,Atlanta Hawks,0022400899,2025-03-06,ATL vs. IND,W
22024,BOS,Boston Celtics,0022400900,2025-03-06,BOS vs. PHI,W
22024,NOP,New Orleans Pelicans,0022400902,2025-03-06,NOP vs. HOU,L
22024,CHI,Chicago Bulls,0022400944,2025-03-06,CHI @ ORL,W
22024,HOU,Houston Rockets,0022400902,2025-03-06,HOU @ NOP,W
22024,ORL,Orlando Magic,0022400944,2025-03-06,ORL vs. CHI,L
22024,IND,Indiana Pacers,0022400899,2025-03-06,IND @ ATL,L
22024,PHI,Philadelphia 76ers,0022400900,2025-03-06,PHI @ BOS,L
22024,DAL,Dallas Mavericks,0022400906,2025-03-07,DAL vs. MEM,L
22024,DEN,Denver Nuggets,0022400909,2025-03-07,DEN vs. PHX,W
22024,MIA,Miami Heat,0022400907,2025-03-07,MIA vs. MIN,L
22024,NYK,New York Knicks,0022400911,2025-03-07,NYK @ LAC,L
22024,OKC,Oklahoma City Thunder,0022400908,2025-03-07,OKC vs. POR,W
22024,TOR,Toronto Raptors,0022400905,2025-03-07,TOR vs. UTA,W
22024,MEM,Memphis Grizzlies,0022400906,2025-03-07,MEM @ DAL,W
22024,CLE,Cleveland Cavaliers,0022400904,2025-03-07,CLE @ CHA,W
22024,LAC,LA Clippers,0022400911,2025-03-07,LAC vs. NYK,W
22024,MIN,Minnesota Timberwolves,0022400907,2025-03-07,MIN @ MIA,W
22024,PHX,Phoenix Suns,0022400909,2025-03-07,PHX @ DEN,L
22024,POR,Portland Trail Blazers,0022400908,2025-03-07,POR @ OKC,L
22024,SAC,Sacramento Kings,0022400910,2025-03-07,SAC vs. SAS,W
22024,SAS,San Antonio Spurs,0022400910,2025-03-07,SAS @ SAC,L
22024,CHA,Charlotte Hornets,0022400904,2025-03-07,CHA vs. CLE,L
22024,UTA,Utah Jazz,0022400905,2025-03-07,UTA @ TOR,L
22024,ATL,Atlanta Hawks,0022400914,2025-03-08,ATL vs. IND,W
22024,HOU,Houston Rockets,0022400913,2025-03-08,HOU vs. NOP,W
22024,MIA,Miami Heat,0022400916,2025-03-08,MIA vs. CHI,L
22024,MIL,Milwaukee Bucks,0022400917,2025-03-08,MIL vs. ORL,L
22024,BKN,Brooklyn Nets,0022400912,2025-03-08,BKN @ CHA,L
22024,ORL,Orlando Magic,0022400917,2025-03-08,ORL @ MIL,W
22024,IND,Indiana Pacers,0022400914,2025-03-08,IND @ ATL,L
22024,WAS,Washington Wizards,0022400915,2025-03-08,WAS @ TOR,W
22024,CHA,Charlotte Hornets,0022400912,2025-03-08,CHA vs. BKN,W
22024,BOS,Boston Celtics,0022400918,2025-03-08,BOS vs. LAL,W
22024,NOP,New Orleans Pelicans,0022400913,2025-03-08,NOP @ HOU,L
22024,CHI,Chicago Bulls,0022400916,2025-03-08,CHI @ MIA,W
22024,GSW,Golden State Warriors,0022400919,2025-03-08,GSW vs. DET,W
22024,LAL,Los Angeles Lakers,0022400918,2025-03-08,LAL @ BOS,L
22024,DET,Detroit Pistons,0022400919,2025-03-08,DET @ GSW,L
22024,TOR,Toronto Raptors,0022400915,2025-03-08,TOR vs. WAS,L
22024,CLE,Cleveland Cavaliers,0022400922,2025-03-09,CLE @ MIL,W
22024,DAL,Dallas Mavericks,0022400921,2025-03-09,DAL vs. PHX,L
22024,LAC,LA Clippers,0022400927,2025-03-09,LAC vs. SAC,W
22024,MIN,Minnesota Timberwolves,0022400925,2025-03-09,MIN vs. SAS,W
22024,PHI,Philadelphia 76ers,0022400924,2025-03-09,PHI vs. UTA,W
22024,POR,Portland Trail Blazers,0022400926,2025-03-09,POR vs. DET,L
22024,SAC,Sacramento Kings,0022400927,2025-03-09,SAC @ LAC,L
22024,SAS,San Antonio Spurs,0022400925,2025-03-09,SAS @ MIN,L
22024,OKC,Oklahoma City Thunder,0022400920,2025-03-09,OKC vs. DEN,W
22024,UTA,Utah Jazz,0022400924,2025-03-09,UTA @ PHI,L
22024,NOP,New Orleans Pelicans,0022400923,2025-03-09,NOP vs. MEM,L
22024,MIL,Milwaukee Bucks,0022400922,2025-03-09,MIL vs. CLE,L
22024,PHX,Phoenix Suns,0022400921,2025-03-09,PHX @ DAL,W
22024,MEM,Memphis Grizzlies,0022400923,2025-03-09,MEM @ NOP,W
22024,DET,Detroit Pistons,0022400926,2025-03-09,DET @ POR,W
22024,DEN,Denver Nuggets,0022400920,2025-03-09,DEN @ OKC,L
22024,ATL,Atlanta Hawks,0022400928,2025-03-10,ATL vs. PHI,W
22024,BOS,Boston Celtics,0022400929,2025-03-10,BOS vs. UTA,W
22024,CHI,Chicago Bulls,0022400933,2025-03-10,CHI vs. IND,W
22024,DAL,Dallas Mavericks,0022400937,2025-03-10,DAL @ SAS,W
22024,DEN,Denver Nuggets,0022400936,2025-03-10,DEN @ OKC,W
22024,LAL,Los Angeles Lakers,0022400930,2025-03-10,LAL @ BKN,L
22024,MIA,Miami Heat,0022400931,2025-03-10,MIA vs. CHA,L
22024,ORL,Orlando Magic,0022400934,2025-03-10,ORL @ HOU,L
22024,IND,Indiana Pacers,0022400933,2025-03-10,IND @ CHI,L
22024,PHI,Philadelphia 76ers,0022400928,2025-03-10,PHI @ ATL,L
22024,POR,Portland Trail Blazers,0022400938,2025-03-10,POR @ GSW,L
22024,SAS,San Antonio Spurs,0022400937,2025-03-10,SAS vs. DAL,L
22024,TOR,Toronto Raptors,0022400932,2025-03-10,TOR vs. WAS,W
22024,WAS,Washington Wizards,0022400932,2025-03-10,WAS @ TOR,L
22024,CHA,Charlotte Hornets,0022400931,2025-03-10,CHA @ MIA,W
22024,GSW,Golden State Warriors,0022400938,2025-03-10,GSW vs. POR,W
22024,HOU,Houston Rockets,0022400934,2025-03-10,HOU vs. ORL,W
22024,BKN,Brooklyn Nets,0022400930,2025-03-10,BKN vs. LAL,W
22024,NYK,New York Knicks,0022400939,2025-03-10,NYK @ SAC,W
22024,PHX,Phoenix Suns,0022400935,2025-03-10,PHX @ MEM,L
22024,SAC,Sacramento Kings,0022400939,2025-03-10,SAC vs. NYK,L
22024,OKC,Oklahoma City Thunder,0022400936,2025-03-10,OKC vs. DEN,L
22024,UTA,Utah Jazz,0022400929,2025-03-10,UTA @ BOS,L
22024,MEM,Memphis Grizzlies,0022400935,2025-03-10,MEM vs. PHX,W
22024,IND,Indiana Pacers,0022400942,2025-03-11,IND vs. MIL,W
22024,CLE,Cleveland Cavaliers,0022400940,2025-03-11,CLE vs. BKN,W
22024,LAC,LA Clippers,0022400943,2025-03-11,LAC @ NOP,L
22024,MIL,Milwaukee Bucks,0022400942,2025-03-11,MIL @ IND,L
22024,WAS,Washington Wizards,0022400941,2025-03-11,WAS @ DET,L
22024,DET,Detroit Pistons,0022400941,2025-03-11,DET vs. WAS,W
22024,NOP,New Orleans Pelicans,0022400943,2025-03-11,NOP vs. LAC,W
22024,BKN,Brooklyn Nets,0022400940,2025-03-11,BKN @ CLE,L
22024,DAL,Dallas Mavericks,0022400951,2025-03-12,DAL @ SAS,L
22024,HOU,Houston Rockets,0022400949,2025-03-12,HOU vs. PHX,W
22024,MIA,Miami Heat,0022400948,2025-03-12,MIA vs. LAC,L
22024,NYK,New York Knicks,0022400953,2025-03-12,NYK @ POR,W
22024,PHI,Philadelphia 76ers,0022400947,2025-03-12,PHI @ TOR,L
22024,PHX,Phoenix Suns,0022400949,2025-03-12,PHX @ HOU,L
22024,POR,Portland Trail Blazers,0022400953,2025-03-12,POR vs. NYK,L
22024,TOR,Toronto Raptors,0022400947,2025-03-12,TOR vs. PHI,W
22024,UTA,Utah Jazz,0022400950,2025-03-12,UTA @ MEM,L
22024,CHA,Charlotte Hornets,0022400945,2025-03-12,CHA @ ATL,L
22024,BOS,Boston Celtics,0022400946,2025-03-12,BOS vs. OKC,L
22024,LAC,LA Clippers,0022400948,2025-03-12,LAC @ MIA,W
22024,MIN,Minnesota Timberwolves,0022400952,2025-03-12,MIN @ DEN,W
22024,SAS,San Antonio Spurs,0022400951,2025-03-12,SAS vs. DAL,W
22024,MEM,Memphis Grizzlies,0022400950,2025-03-12,MEM vs. UTA,W
22024,ATL,Atlanta Hawks,0022400945,2025-03-12,ATL vs. CHA,W
22024,DEN,Denver Nuggets,0022400952,2025-03-12,DEN vs. MIN,L
22024,OKC,Oklahoma City Thunder,0022400946,2025-03-12,OKC @ BOS,W
22024,CHI,Chicago Bulls,0022400956,2025-03-13,CHI vs. BKN,W
22024,GSW,Golden State Warriors,0022400957,2025-03-13,GSW vs. SAC,W
22024,BKN,Brooklyn Nets,0022400956,2025-03-13,BKN @ CHI,L
22024,ORL,Orlando Magic,0022401141,2025-03-13,ORL @ NOP,W
22024,SAC,Sacramento Kings,0022400957,2025-03-13,SAC @ GSW,L
22024,WAS,Washington Wizards,0022400954,2025-03-13,WAS @ DET,W
22024,LAL,Los Angeles Lakers,0022400955,2025-03-13,LAL @ MIL,L
22024,MIL,Milwaukee Bucks,0022400955,2025-03-13,MIL vs. LAL,W
22024,DET,Detroit Pistons,0022400954,2025-03-13,DET vs. WAS,L
22024,NOP,New Orleans Pelicans,0022401141,2025-03-13,NOP vs. ORL,L
22024,ATL,Atlanta Hawks,0022400960,2025-03-14,ATL vs. LAC,L
22024,DAL,Dallas Mavericks,0022400961,2025-03-14,DAL @ HOU,L
22024,HOU,Houston Rockets,0022400961,2025-03-14,HOU vs. DAL,W
22024,LAC,LA Clippers,0022400960,2025-03-14,LAC @ ATL,W
22024,LAL,Los Angeles Lakers,0022400965,2025-03-14,LAL @ DEN,L
22024,ORL,Orlando Magic,0022400963,2025-03-14,ORL @ MIN,L
22024,IND,Indiana Pacers,0022400959,2025-03-14,IND @ PHI,W
22024,PHI,Philadelphia 76ers,0022400959,2025-03-14,PHI vs. IND,L
22024,PHX,Phoenix Suns,0022400967,2025-03-14,PHX vs. SAC,W
22024,SAC,Sacramento Kings,0022400967,2025-03-14,SAC @ PHX,L
22024,SAS,San Antonio Spurs,0022400964,2025-03-14,SAS vs. CHA,L
22024,MEM,Memphis Grizzlies,0022400962,2025-03-14,MEM vs. CLE,L
22024,BOS,Boston Celtics,0022400958,2025-03-14,BOS @ MIA,W
22024,CLE,Cleveland Cavaliers,0022400962,2025-03-14,CLE @ MEM,W
22024,DEN,Denver Nuggets,0022400965,2025-03-14,DEN vs. LAL,W
22024,MIA,Miami Heat,0022400958,2025-03-14,MIA vs. BOS,L
22024,MIN,Minnesota Timberwolves,0022400963,2025-03-14,MIN vs. ORL,W
22024,TOR,Toronto Raptors,0022400966,2025-03-14,TOR @ UTA,W
22024,CHA,Charlotte Hornets,0022400964,2025-03-14,CHA @ SAS,W
22024,UTA,Utah Jazz,0022400966,2025-03-14,UTA vs. TOR,L
22024,NOP,New Orleans Pelicans,0022400973,2025-03-15,NOP @ SAS,L
22024,CHI,Chicago Bulls,0022400970,2025-03-15,CHI @ HOU,L
22024,HOU,Houston Rockets,0022400970,2025-03-15,HOU vs. CHI,W
22024,MIA,Miami Heat,0022400971,2025-03-15,MIA @ MEM,L
22024,MIL,Milwaukee Bucks,0022400972,2025-03-15,MIL vs. IND,W
22024,OKC,Oklahoma City Thunder,0022400969,2025-03-15,OKC @ DET,W
22024,MEM,Memphis Grizzlies,0022400971,2025-03-15,MEM vs. MIA,W
22024,WAS,Washington Wizards,0022400975,2025-03-15,WAS @ DEN,W
22024,DET,Detroit Pistons,0022400969,2025-03-15,DET vs. OKC,L
22024,BOS,Boston Celtics,0022400968,2025-03-15,BOS @ BKN,W
22024,DEN,Denver Nuggets,0022400975,2025-03-15,DEN vs. WAS,L
22024,GSW,Golden State Warriors,0022400974,2025-03-15,GSW vs. NYK,W
22024,BKN,Brooklyn Nets,0022400968,2025-03-15,BKN vs. BOS,L
22024,NYK,New York Knicks,0022400974,2025-03-15,NYK @ GSW,L
22024,IND,Indiana Pacers,0022400972,2025-03-15,IND @ MIL,L
22024,SAS,San Antonio Spurs,0022400973,2025-03-15,SAS vs. NOP,W
22024,DAL,Dallas Mavericks,0022400976,2025-03-16,DAL vs. PHI,L
22024,LAC,LA Clippers,0022400538,2025-03-16,LAC vs. CHA,W
22024,MIL,Milwaukee Bucks,0022400982,2025-03-16,MIL vs. OKC,L
22024,BKN,Brooklyn Nets,0022400978,2025-03-16,BKN vs. ATL,W
22024,OKC,Oklahoma City Thunder,0022400982,2025-03-16,OKC @ MIL,W
22024,ATL,Atlanta Hawks,0022400978,2025-03-16,ATL @ BKN,L
22024,CLE,Cleveland Cavaliers,0022400979,2025-03-16,CLE vs. ORL,L
22024,LAL,Los Angeles Lakers,0022400977,2025-03-16,LAL vs. PHX,W
22024,MIN,Minnesota Timberwolves,0022400981,2025-03-16,MIN vs. UTA,W
22024,ORL,Orlando Magic,0022400979,2025-03-16,ORL @ CLE,W
22024,PHI,Philadelphia 76ers,0022400976,2025-03-16,PHI @ DAL,W
22024,PHX,Phoenix Suns,0022400977,2025-03-16,PHX @ LAL,L
22024,POR,Portland Trail Blazers,0022400980,2025-03-16,POR vs. TOR,W
22024,TOR,Toronto Raptors,0022400980,2025-03-16,TOR @ POR,L
22024,UTA,Utah Jazz,0022400981,2025-03-16,UTA @ MIN,L
22024,CHA,Charlotte Hornets,0022400538,2025-03-16,CHA @ LAC,L
22024,NOP,New Orleans Pelicans,0022400987,2025-03-17,NOP vs. DET,L
22024,GSW,Golden State Warriors,0022400990,2025-03-17,GSW vs. DEN,L
22024,MIN,Minnesota Timberwolves,0022400986,2025-03-17,MIN vs. IND,L
22024,NYK,New York Knicks,0022400984,2025-03-17,NYK vs. MIA,W
22024,IND,Indiana Pacers,0022400986,2025-03-17,IND @ MIN,W
22024,PHI,Philadelphia 76ers,0022400985,2025-03-17,PHI @ HOU,L
22024,PHX,Phoenix Suns,0022400991,2025-03-17,PHX vs. TOR,W
22024,POR,Portland Trail Blazers,0022400995,2025-03-17,POR vs. WAS,W
22024,SAC,Sacramento Kings,0022400992,2025-03-17,SAC vs. MEM,W
22024,TOR,Toronto Raptors,0022400991,2025-03-17,TOR @ PHX,L
22024,UTA,Utah Jazz,0022400989,2025-03-17,UTA vs. CHI,L
22024,MEM,Memphis Grizzlies,0022400992,2025-03-17,MEM @ SAC,L
22024,DET,Detroit Pistons,0022400987,2025-03-17,DET @ NOP,W
22024,CHI,Chicago Bulls,0022400989,2025-03-17,CHI @ UTA,W
22024,DEN,Denver Nuggets,0022400990,2025-03-17,DEN @ GSW,W
22024,HOU,Houston Rockets,0022400985,2025-03-17,HOU vs. PHI,W
22024,LAL,Los Angeles Lakers,0022400537,2025-03-17,LAL vs. SAS,W
22024,SAS,San Antonio Spurs,0022400537,2025-03-17,SAS @ LAL,L
22024,WAS,Washington Wizards,0022400995,2025-03-17,WAS @ POR,L
22024,MIA,Miami Heat,0022400984,2025-03-17,MIA @ NYK,L
22024,LAC,LA Clippers,0022400997,2025-03-18,LAC vs. CLE,W
22024,MIL,Milwaukee Bucks,0022401012,2025-03-18,MIL @ GSW,L
22024,CHA,Charlotte Hornets,0022400993,2025-03-18,CHA vs. ATL,L
22024,ATL,Atlanta Hawks,0022400993,2025-03-18,ATL @ CHA,W
22024,BOS,Boston Celtics,0022400994,2025-03-18,BOS vs. BKN,W
22024,CLE,Cleveland Cavaliers,0022400997,2025-03-18,CLE @ LAC,L
22024,GSW,Golden State Warriors,0022401012,2025-03-18,GSW vs. MIL,W
22024,BKN,Brooklyn Nets,0022400994,2025-03-18,BKN @ BOS,L
22024,NOP,New Orleans Pelicans,0022401001,2025-03-19,NOP @ MIN,W
22024,CHI,Chicago Bulls,0022401007,2025-03-19,CHI @ PHX,L
22024,DEN,Denver Nuggets,0022401006,2025-03-19,DEN @ LAL,L
22024,MIA,Miami Heat,0022401000,2025-03-19,MIA vs. DET,L
22024,PHX,Phoenix Suns,0022401007,2025-03-19,PHX vs. CHI,W
22024,SAC,Sacramento Kings,0022401009,2025-03-19,SAC vs. CLE,W
22024,UTA,Utah Jazz,0022400627,2025-03-19,UTA vs. WAS,W
22024,DET,Detroit Pistons,0022401000,2025-03-19,DET @ MIA,W
22024,CLE,Cleveland Cavaliers,0022401009,2025-03-19,CLE @ SAC,L
22024,DAL,Dallas Mavericks,0022400998,2025-03-19,DAL @ IND,L
22024,HOU,Houston Rockets,0022400999,2025-03-19,HOU @ ORL,W
22024,MIN,Minnesota Timberwolves,0022401001,2025-03-19,MIN vs. NOP,L
22024,NYK,New York Knicks,0022401003,2025-03-19,NYK @ SAS,L
22024,ORL,Orlando Magic,0022400999,2025-03-19,ORL vs. HOU,L
22024,IND,Indiana Pacers,0022400998,2025-03-19,IND vs. DAL,W
22024,PHI,Philadelphia 76ers,0022401002,2025-03-19,PHI @ OKC,L
22024,POR,Portland Trail Blazers,0022401008,2025-03-19,POR vs. MEM,W
22024,SAS,San Antonio Spurs,0022401003,2025-03-19,SAS vs. NYK,W
22024,OKC,Oklahoma City Thunder,0022401002,2025-03-19,OKC vs. PHI,W
22024,MEM,Memphis Grizzlies,0022401008,2025-03-19,MEM @ POR,L
22024,WAS,Washington Wizards,0022400627,2025-03-19,WAS @ UTA,L
22024,LAL,Los Angeles Lakers,0022401006,2025-03-19,LAL vs. DEN,W
22024,LAL,Los Angeles Lakers,0022400996,2025-03-20,LAL vs. MIL,L
22024,BKN,Brooklyn Nets,0022401011,2025-03-20,BKN @ IND,L
22024,TOR,Toronto Raptors,0022401005,2025-03-20,TOR @ GSW,L
22024,CHI,Chicago Bulls,0022401013,2025-03-20,CHI @ SAC,W
22024,GSW,Golden State Warriors,0022401005,2025-03-20,GSW vs. TOR,W
22024,MIL,Milwaukee Bucks,0022400996,2025-03-20,MIL @ LAL,W
22024,NYK,New York Knicks,0022401010,2025-03-20,NYK @ CHA,L
22024,IND,Indiana Pacers,0022401011,2025-03-20,IND vs. BKN,W
22024,SAC,Sacramento Kings,0022401013,2025-03-20,SAC vs. CHI,L
22024,CHA,Charlotte Hornets,0022401010,2025-03-20,CHA vs. NYK,W
22024,DAL,Dallas Mavericks,0022401019,2025-03-21,DAL vs. DET,W
22024,DEN,Denver Nuggets,0022401022,2025-03-21,DEN @ POR,L
22024,LAC,LA Clippers,0022401023,2025-03-21,LAC vs. MEM,W
22024,PHI,Philadelphia 76ers,0022401018,2025-03-21,PHI @ SAS,L
22024,PHX,Phoenix Suns,0022401021,2025-03-21,PHX vs. CLE,W
22024,POR,Portland Trail Blazers,0022401022,2025-03-21,POR vs. DEN,W
22024,SAS,San Antonio Spurs,0022401018,2025-03-21,SAS vs. PHI,W
22024,OKC,Oklahoma City Thunder,0022401017,2025-03-21,OKC vs. CHA,W
22024,UTA,Utah Jazz,0022401020,2025-03-21,UTA vs. BOS,L
22024,MEM,Memphis Grizzlies,0022401023,2025-03-21,MEM @ LAC,L
22024,WAS,Washington Wizards,0022401014,2025-03-21,WAS vs. ORL,L
22024,NOP,New Orleans Pelicans,0022401016,2025-03-21,NOP @ MIN,L
22024,HOU,Houston Rockets,0022401015,2025-03-21,HOU @ MIA,W
22024,MIN,Minnesota Timberwolves,0022401016,2025-03-21,MIN vs. NOP,W
22024,ORL,Orlando Magic,0022401014,2025-03-21,ORL @ WAS,W
22024,DET,Detroit Pistons,0022401019,2025-03-21,DET @ DAL,L
22024,CHA,Charlotte Hornets,0022401017,2025-03-21,CHA @ OKC,L
22024,BOS,Boston Celtics,0022401020,2025-03-21,BOS @ UTA,W
22024,CLE,Cleveland Cavaliers,0022401021,2025-03-21,CLE @ PHX,L
22024,MIA,Miami Heat,0022401015,2025-03-21,MIA vs. HOU,L
22024,ATL,Atlanta Hawks,0022401025,2025-03-22,ATL vs. GSW,W
22024,LAL,Los Angeles Lakers,0022401028,2025-03-22,LAL vs. CHI,L
22024,MIL,Milwaukee Bucks,0022401027,2025-03-22,MIL @ SAC,W
22024,NYK,New York Knicks,0022401026,2025-03-22,NYK vs. WAS,W
22024,IND,Indiana Pacers,0022401024,2025-03-22,IND vs. BKN,W
22024,SAC,Sacramento Kings,0022401027,2025-03-22,SAC vs. MIL,L
22024,WAS,Washington Wizards,0022401026,2025-03-22,WAS @ NYK,L
22024,CHI,Chicago Bulls,0022401028,2025-03-22,CHI @ LAL,W
22024,GSW,Golden State Warriors,0022401025,2025-03-22,GSW @ ATL,L
22024,BKN,Brooklyn Nets,0022401024,2025-03-22,BKN @ IND,L
22024,CLE,Cleveland Cavaliers,0022401030,2025-03-23,CLE @ UTA,W
22024,DEN,Denver Nuggets,0022401035,2025-03-23,DEN @ HOU,W
22024,LAC,LA Clippers,0022401036,2025-03-23,LAC vs. OKC,L
22024,MIA,Miami Heat,0022401032,2025-03-23,MIA vs. CHA,W
22024,PHI,Philadelphia 76ers,0022401031,2025-03-23,PHI @ ATL,L
22024,POR,Portland Trail Blazers,0022401034,2025-03-23,POR vs. BOS,L
22024,OKC,Oklahoma City Thunder,0022401036,2025-03-23,OKC @ LAC,W
22024,TOR,Toronto Raptors,0022401033,2025-03-23,TOR vs. SAS,L
22024,ATL,Atlanta Hawks,0022401031,2025-03-23,ATL vs. PHI,W
22024,BOS,Boston Celtics,0022401034,2025-03-23,BOS @ POR,W
22024,NOP,New Orleans Pelicans,0022401029,2025-03-23,NOP @ DET,L
22024,HOU,Houston Rockets,0022401035,2025-03-23,HOU vs. DEN,L
22024,SAS,San Antonio Spurs,0022401033,2025-03-23,SAS @ TOR,W
22024,UTA,Utah Jazz,0022401030,2025-03-23,UTA vs. CLE,L
22024,CHA,Charlotte Hornets,0022401032,2025-03-23,CHA @ MIA,L
22024,DET,Detroit Pistons,0022401029,2025-03-23,DET vs. NOP,W
22024,NOP,New Orleans Pelicans,0022401041,2025-03-24,NOP vs. PHI,W
22024,CHI,Chicago Bulls,0022401042,2025-03-24,CHI @ DEN,W
22024,DAL,Dallas Mavericks,0022401040,2025-03-24,DAL @ BKN,W
22024,DEN,Denver Nuggets,0022401042,2025-03-24,DEN vs. CHI,L
22024,LAL,Los Angeles Lakers,0022401038,2025-03-24,LAL @ ORL,L
22024,MIL,Milwaukee Bucks,0022401043,2025-03-24,MIL @ PHX,L
22024,MIN,Minnesota Timberwolves,0022401037,2025-03-24,MIN @ IND,L
22024,BKN,Brooklyn Nets,0022401040,2025-03-24,BKN vs. DAL,L
22024,PHI,Philadelphia 76ers,0022401041,2025-03-24,PHI @ NOP,L
22024,SAC,Sacramento Kings,0022401044,2025-03-24,SAC vs. BOS,L
22024,WAS,Washington Wizards,0022401039,2025-03-24,WAS vs. TOR,L
22024,BOS,Boston Celtics,0022401044,2025-03-24,BOS @ SAC,W
22024,ORL,Orlando Magic,0022401038,2025-03-24,ORL vs. LAL,W
22024,IND,Indiana Pacers,0022401037,2025-03-24,IND vs. MIN,W
22024,PHX,Phoenix Suns,0022401043,2025-03-24,PHX vs. MIL,W
22024,TOR,Toronto Raptors,0022401039,2025-03-24,TOR @ WAS,W
22024,ATL,Atlanta Hawks,0022401049,2025-03-25,ATL @ HOU,L
22024,CLE,Cleveland Cavaliers,0022401051,2025-03-25,CLE @ POR,W
22024,HOU,Houston Rockets,0022401049,2025-03-25,HOU vs. ATL,W
22024,NYK,New York Knicks,0022401048,2025-03-25,NYK vs. DAL,W
22024,POR,Portland Trail Blazers,0022401051,2025-03-25,POR vs. CLE,L
22024,CHA,Charlotte Hornets,0022401045,2025-03-25,CHA vs. ORL,L
22024,DAL,Dallas Mavericks,0022401048,2025-03-25,DAL @ NYK,L
22024,GSW,Golden State Warriors,0022401047,2025-03-25,GSW @ MIA,L
22024,MIA,Miami Heat,0022401047,2025-03-25,MIA vs. GSW,W
22024,SAC,Sacramento Kings,0022401052,2025-03-25,SAC vs. OKC,L
22024,SAS,San Antonio Spurs,0022401046,2025-03-25,SAS @ DET,L
22024,OKC,Oklahoma City Thunder,0022401052,2025-03-25,OKC @ SAC,W
22024,UTA,Utah Jazz,0022401050,2025-03-25,UTA vs. MEM,L
22024,MEM,Memphis Grizzlies,0022401050,2025-03-25,MEM @ UTA,W
22024,DET,Detroit Pistons,0022401046,2025-03-25,DET vs. SAS,W
22024,ORL,Orlando Magic,0022401045,2025-03-25,ORL @ CHA,W
22024,DEN,Denver Nuggets,0022401057,2025-03-26,DEN vs. MIL,W
22024,MIL,Milwaukee Bucks,0022401057,2025-03-26,MIL @ DEN,L
22024,NYK,New York Knicks,0022401056,2025-03-26,NYK vs. LAC,L
22024,IND,Indiana Pacers,0022401055,2025-03-26,IND vs. LAL,L
22024,PHI,Philadelphia 76ers,0022401053,2025-03-26,PHI vs. WAS,L
22024,PHX,Phoenix Suns,0022401058,2025-03-26,PHX vs. BOS,L
22024,TOR,Toronto Raptors,0022401054,2025-03-26,TOR @ BKN,W
22024,WAS,Washington Wizards,0022401053,2025-03-26,WAS @ PHI,W
22024,BOS,Boston Celtics,0022401058,2025-03-26,BOS @ PHX,W
22024,LAC,LA Clippers,0022401056,2025-03-26,LAC @ NYK,W
22024,LAL,Los Angeles Lakers,0022401055,2025-03-26,LAL @ IND,W
22024,BKN,Brooklyn Nets,0022401054,2025-03-26,BKN vs. TOR,L
22024,CLE,Cleveland Cavaliers,0022401059,2025-03-27,CLE vs. SAS,W
22024,HOU,Houston Rockets,0022401065,2025-03-27,HOU @ UTA,W
22024,LAL,Los Angeles Lakers,0022401063,2025-03-27,LAL @ CHI,L
22024,MIA,Miami Heat,0022401062,2025-03-27,MIA vs. ATL,W
22024,POR,Portland Trail Blazers,0022401066,2025-03-27,POR @ SAC,L
22024,SAC,Sacramento Kings,0022401066,2025-03-27,SAC vs. POR,W
22024,OKC,Oklahoma City Thunder,0022401064,2025-03-27,OKC vs. MEM,W
22024,UTA,Utah Jazz,0022401065,2025-03-27,UTA vs. HOU,L
22024,WAS,Washington Wizards,0022401061,2025-03-27,WAS vs. IND,L
22024,CHI,Chicago Bulls,0022401063,2025-03-27,CHI vs. LAL,W
22024,DAL,Dallas Mavericks,0022401060,2025-03-27,DAL @ ORL,W
22024,ORL,Orlando Magic,0022401060,2025-03-27,ORL vs. DAL,L
22024,IND,Indiana Pacers,0022401061,2025-03-27,IND @ WAS,W
22024,MEM,Memphis Grizzlies,0022401064,2025-03-27,MEM @ OKC,L
22024,ATL,Atlanta Hawks,0022401062,2025-03-27,ATL @ MIA,L
22024,SAS,San Antonio Spurs,0022401059,2025-03-27,SAS @ CLE,L
22024,NOP,New Orleans Pelicans,0022401072,2025-03-28,NOP vs. GSW,L
22024,DEN,Denver Nuggets,0022401073,2025-03-28,DEN vs. UTA,W
22024,BKN,Brooklyn Nets,0022401068,2025-03-28,BKN vs. LAC,L
22024,NYK,New York Knicks,0022401070,2025-03-28,NYK @ MIL,W
22024,TOR,Toronto Raptors,0022401069,2025-03-28,TOR vs. CHA,W
22024,UTA,Utah Jazz,0022401073,2025-03-28,UTA @ DEN,L
22024,DET,Detroit Pistons,0022401067,2025-03-28,DET vs. CLE,W
22024,CLE,Cleveland Cavaliers,0022401067,2025-03-28,CLE @ DET,L
22024,GSW,Golden State Warriors,0022401072,2025-03-28,GSW @ NOP,W
22024,LAC,LA Clippers,0022401068,2025-03-28,LAC @ BKN,W
22024,MIL,Milwaukee Bucks,0022401070,2025-03-28,MIL vs. NYK,L
22024,MIN,Minnesota Timberwolves,0022401071,2025-03-28,MIN vs. PHX,W
22024,PHX,Phoenix Suns,0022401071,2025-03-28,PHX @ MIN,L
22024,CHA,Charlotte Hornets,0022401069,2025-03-28,CHA @ TOR,L
22024,BOS,Boston Celtics,0022401080,2025-03-29,BOS @ SAS,W
22024,CHI,Chicago Bulls,0022401077,2025-03-29,CHI vs. DAL,L
22024,LAL,Los Angeles Lakers,0022401078,2025-03-29,LAL @ MEM,W
22024,MIA,Miami Heat,0022401076,2025-03-29,MIA @ PHI,W
22024,BKN,Brooklyn Nets,0022401075,2025-03-29,BKN @ WAS,W
22024,ORL,Orlando Magic,0022401074,2025-03-29,ORL vs. SAC,W
22024,IND,Indiana Pacers,0022401079,2025-03-29,IND @ OKC,L
22024,SAC,Sacramento Kings,0022401074,2025-03-29,SAC @ ORL,L
22024,SAS,San Antonio Spurs,0022401080,2025-03-29,SAS vs. BOS,L
22024,MEM,Memphis Grizzlies,0022401078,2025-03-29,MEM vs. LAL,L
22024,WAS,Washington Wizards,0022401075,2025-03-29,WAS vs. BKN,L
22024,DAL,Dallas Mavericks,0022401077,2025-03-29,DAL @ CHI,W
22024,PHI,Philadelphia 76ers,0022401076,2025-03-29,PHI vs. MIA,L
22024,OKC,Oklahoma City Thunder,0022401079,2025-03-29,OKC vs. IND,W
22024,CLE,Cleveland Cavaliers,0022401081,2025-03-30,CLE vs. LAC,W
22024,NOP,New Orleans Pelicans,0022401085,2025-03-30,NOP vs. CHA,W
22024,HOU,Houston Rockets,0022401088,2025-03-30,HOU @ PHX,W
22024,MIL,Milwaukee Bucks,0022401083,2025-03-30,MIL vs. ATL,L
22024,NYK,New York Knicks,0022401082,2025-03-30,NYK vs. POR,W
22024,PHI,Philadelphia 76ers,0022401087,2025-03-30,PHI vs. TOR,L
22024,PHX,Phoenix Suns,0022401088,2025-03-30,PHX vs. HOU,L
22024,SAS,San Antonio Spurs,0022401086,2025-03-30,SAS vs. GSW,L
22024,TOR,Toronto Raptors,0022401087,2025-03-30,TOR @ PHI,W
22024,ATL,Atlanta Hawks,0022401083,2025-03-30,ATL @ MIL,W
22024,GSW,Golden State Warriors,0022401086,2025-03-30,GSW @ SAS,W
22024,LAC,LA Clippers,0022401081,2025-03-30,LAC @ CLE,L
22024,MIN,Minnesota Timberwolves,0022401084,2025-03-30,MIN vs. DET,W
22024,POR,Portland Trail Blazers,0022401082,2025-03-30,POR @ NYK,L
22024,DET,Detroit Pistons,0022401084,2025-03-30,DET @ MIN,L
22024,CHA,Charlotte Hornets,0022401085,2025-03-30,CHA @ NOP,L
22024,CHI,Chicago Bulls,0022401094,2025-03-31,CHI @ OKC,L
22024,DAL,Dallas Mavericks,0022401095,2025-03-31,DAL vs. BKN,L
22024,LAC,LA Clippers,0022401091,2025-03-31,LAC @ ORL,W
22024,IND,Indiana Pacers,0022401090,2025-03-31,IND vs. SAC,W
22024,UTA,Utah Jazz,0022401089,2025-03-31,UTA @ CHA,L
22024,MEM,Memphis Grizzlies,0022401093,2025-03-31,MEM vs. BOS,L
22024,BOS,Boston Celtics,0022401093,2025-03-31,BOS @ MEM,W
22024,HOU,Houston Rockets,0022401096,2025-03-31,HOU @ LAL,L
22024,LAL,Los Angeles Lakers,0022401096,2025-03-31,LAL vs. HOU,W
22024,BKN,Brooklyn Nets,0022401095,2025-03-31,BKN @ DAL,W
22024,ORL,Orlando Magic,0022401091,2025-03-31,ORL vs. LAC,L
22024,SAC,Sacramento Kings,0022401090,2025-03-31,SAC @ IND,L
22024,OKC,Oklahoma City Thunder,0022401094,2025-03-31,OKC vs. CHI,W
22024,WAS,Washington Wizards,0022401092,2025-03-31,WAS vs. MIA,L
22024,CHA,Charlotte Hornets,0022401089,2025-03-31,CHA vs. UTA,W
22024,MIA,Miami Heat,0022401092,2025-03-31,MIA @ WAS,W
22024,ATL,Atlanta Hawks,0022401097,2025-04-01,ATL vs. POR,L
22024,CHI,Chicago Bulls,0022401099,2025-04-01,CHI vs. TOR,W
22024,DEN,Denver Nuggets,0022401102,2025-04-01,DEN vs. MIN,L
22024,MIL,Milwaukee Bucks,0022401101,2025-04-01,MIL vs. PHX,W
22024,MIN,Minnesota Timberwolves,0022401102,2025-04-01,MIN @ DEN,W
22024,NYK,New York Knicks,0022401098,2025-04-01,NYK vs. PHI,W
22024,PHI,Philadelphia 76ers,0022401098,2025-04-01,PHI @ NYK,L
22024,PHX,Phoenix Suns,0022401101,2025-04-01,PHX @ MIL,L
22024,SAS,San Antonio Spurs,0022400988,2025-04-01,SAS vs. ORL,L
22024,TOR,Toronto Raptors,0022401099,2025-04-01,TOR @ CHI,L
22024,GSW,Golden State Warriors,0022401100,2025-04-01,GSW @ MEM,W
22024,ORL,Orlando Magic,0022400988,2025-04-01,ORL @ SAS,W
22024,POR,Portland Trail Blazers,0022401097,2025-04-01,POR @ ATL,W
22024,MEM,Memphis Grizzlies,0022401100,2025-04-01,MEM vs. GSW,L
22024,ATL,Atlanta Hawks,0022401109,2025-04-02,ATL @ DAL,L
22024,BOS,Boston Celtics,0022401106,2025-04-02,BOS vs. MIA,L
22024,CLE,Cleveland Cavaliers,0022401103,2025-04-02,CLE vs. NYK,W
22024,DEN,Denver Nuggets,0022401110,2025-04-02,DEN vs. SAS,L
22024,HOU,Houston Rockets,0022401107,2025-04-02,HOU vs. UTA,W
22024,LAC,LA Clippers,0022401111,2025-04-02,LAC vs. NOP,W
22024,MIA,Miami Heat,0022401106,2025-04-02,MIA @ BOS,W
22024,NYK,New York Knicks,0022401103,2025-04-02,NYK @ CLE,L
22024,IND,Indiana Pacers,0022401104,2025-04-02,IND vs. CHA,W
22024,SAC,Sacramento Kings,0022401105,2025-04-02,SAC @ WAS,L
22024,SAS,San Antonio Spurs,0022401110,2025-04-02,SAS @ DEN,W
22024,CHA,Charlotte Hornets,0022401104,2025-04-02,CHA @ IND,L
22024,NOP,New Orleans Pelicans,0022401111,2025-04-02,NOP @ LAC,L
22024,DAL,Dallas Mavericks,0022401109,2025-04-02,DAL vs. ATL,W
22024,UTA,Utah Jazz,0022401107,2025-04-02,UTA @ HOU,L
22024,WAS,Washington Wizards,0022401105,2025-04-02,WAS vs. SAC,W
22024,DET,Detroit Pistons,0022401108,2025-04-02,DET @ OKC,L
22024,OKC,Oklahoma City Thunder,0022401108,2025-04-02,OKC vs. DET,W
22024,MIN,Minnesota Timberwolves,0022401113,2025-04-03,MIN @ BKN,W
22024,ORL,Orlando Magic,0022401112,2025-04-03,ORL @ WAS,W
22024,POR,Portland Trail Blazers,0022401116,2025-04-03,POR @ TOR,W
22024,TOR,Toronto Raptors,0022401116,2025-04-03,TOR vs. POR,L
22024,MEM,Memphis Grizzlies,0022401114,2025-04-03,MEM @ MIA,W
22024,GSW,Golden State Warriors,0022401117,2025-04-03,GSW @ LAL,W
22024,LAL,Los Angeles Lakers,0022401117,2025-04-03,LAL vs. GSW,L
22024,MIA,Miami Heat,0022401114,2025-04-03,MIA vs. MEM,L
22024,MIL,Milwaukee Bucks,0022401115,2025-04-03,MIL @ PHI,W
22024,BKN,Brooklyn Nets,0022401113,2025-04-03,BKN vs. MIN,L
22024,PHI,Philadelphia 76ers,0022401115,2025-04-03,PHI vs. MIL,L
22024,WAS,Washington Wizards,0022401112,2025-04-03,WAS vs. ORL,L
22024,BOS,Boston Celtics,0022401120,2025-04-04,BOS vs. PHX,W
22024,CHI,Chicago Bulls,0022401122,2025-04-04,CHI vs. POR,W
22024,DEN,Denver Nuggets,0022401125,2025-04-04,DEN @ GSW,L
22024,LAL,Los Angeles Lakers,0022401126,2025-04-04,LAL vs. NOP,W
22024,IND,Indiana Pacers,0022401119,2025-04-04,IND vs. UTA,W
22024,PHX,Phoenix Suns,0022401120,2025-04-04,PHX @ BOS,L
22024,SAC,Sacramento Kings,0022401118,2025-04-04,SAC @ CHA,W
22024,TOR,Toronto Raptors,0022401121,2025-04-04,TOR vs. DET,L
22024,UTA,Utah Jazz,0022401119,2025-04-04,UTA @ IND,L
22024,DET,Detroit Pistons,0022401121,2025-04-04,DET @ TOR,W
22024,CLE,Cleveland Cavaliers,0022401124,2025-04-04,CLE @ SAS,W
22024,NOP,New Orleans Pelicans,0022401126,2025-04-04,NOP @ LAL,L
22024,DAL,Dallas Mavericks,0022401127,2025-04-04,DAL @ LAC,L
22024,GSW,Golden State Warriors,0022401125,2025-04-04,GSW vs. DEN,W
22024,HOU,Houston Rockets,0022401123,2025-04-04,HOU vs. OKC,W
22024,LAC,LA Clippers,0022401127,2025-04-04,LAC vs. DAL,W
22024,POR,Portland Trail Blazers,0022401122,2025-04-04,POR @ CHI,L
22024,SAS,San Antonio Spurs,0022401124,2025-04-04,SAS vs. CLE,L
22024,OKC,Oklahoma City Thunder,0022401123,2025-04-04,OKC @ HOU,L
22024,CHA,Charlotte Hornets,0022401118,2025-04-04,CHA vs. SAC,L
22024,ATL,Atlanta Hawks,0022401128,2025-04-05,ATL vs. NYK,L
22024,DAL,Dallas Mavericks,0022401132,2025-04-05,DAL @ LAC,L
22024,MIA,Miami Heat,0022401131,2025-04-05,MIA vs. MIL,L
22024,MIL,Milwaukee Bucks,0022401131,2025-04-05,MIL @ MIA,W
22024,MIN,Minnesota Timberwolves,0022401130,2025-04-05,MIN @ PHI,W
22024,PHI,Philadelphia 76ers,0022401130,2025-04-05,PHI vs. MIN,L
22024,LAC,LA Clippers,0022401132,2025-04-05,LAC vs. DAL,W
22024,NYK,New York Knicks,0022401128,2025-04-05,NYK @ ATL,W
22024,MEM,Memphis Grizzlies,0022401129,2025-04-05,MEM @ DET,W
22024,DET,Detroit Pistons,0022401129,2025-04-05,DET vs. MEM,L
22024,CLE,Cleveland Cavaliers,0022401138,2025-04-06,CLE vs. SAC,L
22024,NOP,New Orleans Pelicans,0022400617,2025-04-06,NOP vs. MIL,L
22024,CHI,Chicago Bulls,0022401133,2025-04-06,CHI @ CHA,W
22024,LAL,Los Angeles Lakers,0022401135,2025-04-06,LAL @ OKC,W
22024,BKN,Brooklyn Nets,0022401134,2025-04-06,BKN vs. TOR,L
22024,NYK,New York Knicks,0022401140,2025-04-06,NYK vs. PHX,W
22024,SAS,San Antonio Spurs,0022401139,2025-04-06,SAS @ POR,L
22024,UTA,Utah Jazz,0022401136,2025-04-06,UTA @ ATL,L
22024,CHA,Charlotte Hornets,0022401133,2025-04-06,CHA vs. CHI,L
22024,ATL,Atlanta Hawks,0022401136,2025-04-06,ATL vs. UTA,W
22024,BOS,Boston Celtics,0022401137,2025-04-06,BOS vs. WAS,W
22024,DEN,Denver Nuggets,0022401142,2025-04-06,DEN vs. IND,L
22024,GSW,Golden State Warriors,0022401143,2025-04-06,GSW vs. HOU,L
22024,HOU,Houston Rockets,0022401143,2025-04-06,HOU @ GSW,W
22024,MIL,Milwaukee Bucks,0022400617,2025-04-06,MIL @ NOP,W
22024,IND,Indiana Pacers,0022401142,2025-04-06,IND @ DEN,W
22024,PHX,Phoenix Suns,0022401140,2025-04-06,PHX @ NYK,L
22024,POR,Portland Trail Blazers,0022401139,2025-04-06,POR vs. SAS,W
22024,SAC,Sacramento Kings,0022401138,2025-04-06,SAC @ CLE,W
22024,OKC,Oklahoma City Thunder,0022401135,2025-04-06,OKC vs. LAL,L
22024,TOR,Toronto Raptors,0022401134,2025-04-06,TOR @ BKN,W
22024,WAS,Washington Wizards,0022401137,2025-04-06,WAS @ BOS,L
22024,MIA,Miami Heat,0022401145,2025-04-07,MIA vs. PHI,W
22024,SAC,Sacramento Kings,0022401144,2025-04-07,SAC @ DET,W
22024,DET,Detroit Pistons,0022401144,2025-04-07,DET vs. SAC,L
22024,PHI,Philadelphia 76ers,0022401145,2025-04-07,PHI @ MIA,L
22024,NOP,New Orleans Pelicans,0022401150,2025-04-08,NOP @ BKN,L
22024,GSW,Golden State Warriors,0022401154,2025-04-08,GSW @ PHX,W
22024,BKN,Brooklyn Nets,0022401150,2025-04-08,BKN vs. NOP,W
22024,ORL,Orlando Magic,0022401149,2025-04-08,ORL vs. ATL,W
22024,PHX,Phoenix Suns,0022401154,2025-04-08,PHX vs. GSW,L
22024,WAS,Washington Wizards,0022401148,2025-04-08,WAS @ IND,L
22024,ATL,Atlanta Hawks,0022401149,2025-04-08,ATL @ ORL,L
22024,BOS,Boston Celtics,0022401151,2025-04-08,BOS @ NYK,W
22024,CLE,Cleveland Cavaliers,0022401147,2025-04-08,CLE vs. CHI,W
22024,CHI,Chicago Bulls,0022401147,2025-04-08,CHI @ CLE,L
22024,LAC,LA Clippers,0022401155,2025-04-08,LAC vs. SAS,W
22024,LAL,Los Angeles Lakers,0022401153,2025-04-08,LAL @ OKC,L
22024,MIL,Milwaukee Bucks,0022401152,2025-04-08,MIL vs. MIN,W
22024,NYK,New York Knicks,0022401151,2025-04-08,NYK vs. BOS,L
22024,IND,Indiana Pacers,0022401148,2025-04-08,IND vs. WAS,W
22024,SAS,San Antonio Spurs,0022401155,2025-04-08,SAS @ LAC,L
22024,OKC,Oklahoma City Thunder,0022401153,2025-04-08,OKC vs. LAL,W
22024,MEM,Memphis Grizzlies,0022401146,2025-04-08,MEM @ CHA,W
22024,CHA,Charlotte Hornets,0022401146,2025-04-08,CHA vs. MEM,L
22024,MIN,Minnesota Timberwolves,0022401152,2025-04-08,MIN @ MIL,L
22024,CHI,Chicago Bulls,0022401160,2025-04-09,CHI vs. MIA,W
22024,DAL,Dallas Mavericks,0022401159,2025-04-09,DAL vs. LAL,L
22024,DEN,Denver Nuggets,0022401165,2025-04-09,DEN @ SAC,W
22024,GSW,Golden State Warriors,0022401163,2025-04-09,GSW vs. SAS,L
22024,HOU,Houston Rockets,0022401166,2025-04-09,HOU @ LAC,L
22024,PHI,Philadelphia 76ers,0022401157,2025-04-09,PHI @ WAS,W
22024,PHX,Phoenix Suns,0022401164,2025-04-09,PHX vs. OKC,L
22024,SAC,Sacramento Kings,0022401165,2025-04-09,SAC vs. DEN,L
22024,OKC,Oklahoma City Thunder,0022401164,2025-04-09,OKC @ PHX,W
22024,UTA,Utah Jazz,0022401162,2025-04-09,UTA vs. POR,W
22024,WAS,Washington Wizards,0022401157,2025-04-09,WAS vs. PHI,L
22024,BOS,Boston Celtics,0022401156,2025-04-09,BOS @ ORL,L
22024,LAC,LA Clippers,0022401166,2025-04-09,LAC vs. HOU,W
22024,LAL,Los Angeles Lakers,0022401159,2025-04-09,LAL @ DAL,W
22024,ORL,Orlando Magic,0022401156,2025-04-09,ORL vs. BOS,W
22024,POR,Portland Trail Blazers,0022401162,2025-04-09,POR @ UTA,L
22024,SAS,San Antonio Spurs,0022401163,2025-04-09,SAS @ GSW,W
22024,TOR,Toronto Raptors,0022401158,2025-04-09,TOR vs. CHA,W
22024,MIA,Miami Heat,0022401160,2025-04-09,MIA @ CHI,L
22024,CHA,Charlotte Hornets,0022401158,2025-04-09,CHA @ TOR,L
22024,ATL,Atlanta Hawks,0022401169,2025-04-10,ATL @ BKN,W
22024,CLE,Cleveland Cavaliers,0022401168,2025-04-10,CLE @ IND,L
22024,NOP,New Orleans Pelicans,0022401161,2025-04-10,NOP @ MIL,L
22024,MIL,Milwaukee Bucks,0022401161,2025-04-10,MIL vs. NOP,W
22024,MIN,Minnesota Timberwolves,0022401170,2025-04-10,MIN @ MEM,W
22024,BKN,Brooklyn Nets,0022401169,2025-04-10,BKN vs. ATL,L
22024,IND,Indiana Pacers,0022401168,2025-04-10,IND vs. CLE,W
22024,MEM,Memphis Grizzlies,0022401170,2025-04-10,MEM vs. MIN,L
22024,DET,Detroit Pistons,0022401167,2025-04-10,DET vs. NYK,W
22024,NYK,New York Knicks,0022401167,2025-04-10,NYK @ DET,L
22024,ATL,Atlanta Hawks,0022401173,2025-04-11,ATL @ PHI,W
22024,NOP,New Orleans Pelicans,0022401177,2025-04-11,NOP vs. MIA,L
22024,CHI,Chicago Bulls,0022401176,2025-04-11,CHI vs. WAS,W
22024,DAL,Dallas Mavericks,0022401178,2025-04-11,DAL vs. TOR,W
22024,DEN,Denver Nuggets,0022401180,2025-04-11,DEN vs. MEM,W
22024,GSW,Golden State Warriors,0022401183,2025-04-11,GSW @ POR,W
22024,MIA,Miami Heat,0022401177,2025-04-11,MIA @ NOP,W
22024,MIL,Milwaukee Bucks,0022401171,2025-04-11,MIL @ DET,W
22024,ORL,Orlando Magic,0022401172,2025-04-11,ORL @ IND,W
22024,IND,Indiana Pacers,0022401172,2025-04-11,IND vs. ORL,L
22024,POR,Portland Trail Blazers,0022401183,2025-04-11,POR vs. GSW,L
22024,SAC,Sacramento Kings,0022401184,2025-04-11,SAC vs. LAC,L
22024,OKC,Oklahoma City Thunder,0022401181,2025-04-11,OKC @ UTA,W
22024,MEM,Memphis Grizzlies,0022401180,2025-04-11,MEM @ DEN,L
22024,BOS,Boston Celtics,0022401174,2025-04-11,BOS vs. CHA,W
22024,CLE,Cleveland Cavaliers,0022401175,2025-04-11,CLE @ NYK,W
22024,HOU,Houston Rockets,0022401185,2025-04-11,HOU @ LAL,L
22024,LAC,LA Clippers,0022401184,2025-04-11,LAC @ SAC,W
22024,LAL,Los Angeles Lakers,0022401185,2025-04-11,LAL vs. HOU,W
22024,BKN,Brooklyn Nets,0022401179,2025-04-11,BKN @ MIN,L
22024,NYK,New York Knicks,0022401175,2025-04-11,NYK vs. CLE,L
22024,PHI,Philadelphia 76ers,0022401173,2025-04-11,PHI vs. ATL,L
22024,PHX,Phoenix Suns,0022401182,2025-04-11,PHX vs. SAS,W
22024,SAS,San Antonio Spurs,0022401182,2025-04-11,SAS @ PHX,L
22024,TOR,Toronto Raptors,0022401178,2025-04-11,TOR @ DAL,L
22024,WAS,Washington Wizards,0022401176,2025-04-11,WAS @ CHI,L
22024,DET,Detroit Pistons,0022401171,2025-04-11,DET vs. MIL,L
22024,CHA,Charlotte Hornets,0022401174,2025-04-11,CHA @ BOS,L
22024,MIN,Minnesota Timberwolves,0022401179,2025-04-11,MIN vs. BKN,W
22024,UTA,Utah Jazz,0022401181,2025-04-11,UTA vs. OKC,L
22024,ATL,Atlanta Hawks,0022401186,2025-04-13,ATL vs. ORL,W
22024,CLE,Cleveland Cavaliers,0022401189,2025-04-13,CLE vs. IND,L
22024,DAL,Dallas Mavericks,0022401194,2025-04-13,DAL @ MEM,L
22024,DEN,Denver Nuggets,0022401193,2025-04-13,DEN @ HOU,W
22024,GSW,Golden State Warriors,0022401198,2025-04-13,GSW vs. LAC,L
22024,HOU,Houston Rockets,0022401193,2025-04-13,HOU vs. DEN,L
22024,LAC,LA Clippers,0022401198,2025-04-13,LAC @ GSW,W
22024,MIA,Miami Heat,0022401190,2025-04-13,MIA vs. WAS,L
22024,MIL,Milwaukee Bucks,0022401192,2025-04-13,MIL vs. DET,W
22024,MIN,Minnesota Timberwolves,0022401195,2025-04-13,MIN vs. UTA,W
22024,BKN,Brooklyn Nets,0022401188,2025-04-13,BKN vs. NYK,L
22024,NYK,New York Knicks,0022401188,2025-04-13,NYK @ BKN,W
22024,ORL,Orlando Magic,0022401186,2025-04-13,ORL @ ATL,L
22024,IND,Indiana Pacers,0022401189,2025-04-13,IND @ CLE,W
22024,PHI,Philadelphia 76ers,0022401191,2025-04-13,PHI vs. CHI,L
22024,POR,Portland Trail Blazers,0022401199,2025-04-13,POR vs. LAL,W
22024,SAC,Sacramento Kings,0022401200,2025-04-13,SAC vs. PHX,W
22024,OKC,Oklahoma City Thunder,0022401196,2025-04-13,OKC @ NOP,W
22024,TOR,Toronto Raptors,0022401197,2025-04-13,TOR @ SAS,L
22024,UTA,Utah Jazz,0022401195,2025-04-13,UTA @ MIN,L
22024,WAS,Washington Wizards,0022401190,2025-04-13,WAS @ MIA,W
22024,DET,Detroit Pistons,0022401192,2025-04-13,DET @ MIL,L
22024,CHA,Charlotte Hornets,0022401187,2025-04-13,CHA @ BOS,L
22024,NOP,New Orleans Pelicans,0022401196,2025-04-13,NOP vs. OKC,L
22024,CHI,Chicago Bulls,0022401191,2025-04-13,CHI @ PHI,W
22024,LAL,Los Angeles Lakers,0022401199,2025-04-13,LAL @ POR,L
22024,SAS,San Antonio Spurs,0022401197,2025-04-13,SAS vs. TOR,W
22024,MEM,Memphis Grizzlies,0022401194,2025-04-13,MEM vs. DAL,W
22024,BOS,Boston Celtics,0022401187,2025-04-13,BOS vs. CHA,W
22024,PHX,Phoenix Suns,0022401200,2025-04-13,PHX @ SAC,L
