SEASON_ID,TEAM_ABBREVIATION,TEAM_NAME,GAME_ID,GAME_DATE,MATCHUP,WL
22025,OKC,Oklahoma City Thunder,0022500001,2025-10-21,OKC vs. HOU,W
22025,GSW,Golden State Warriors,0022500002,2025-10-21,GSW @ LAL,W
22025,HOU,Houston Rockets,0022500001,2025-10-21,HOU @ OKC,L
22025,LAL,Los Angeles Lakers,0022500002,2025-10-21,LAL vs. GSW,L
22025,MIL,Milwaukee Bucks,0022500086,2025-10-22,MIL vs. WAS,W
22025,MIN,Minnesota Timberwolves,0022500089,2025-10-22,MIN @ POR,W
22025,BKN,Brooklyn Nets,0022500080,2025-10-22,BKN @ CHA,L
22025,NYK,New York Knicks,0022500003,2025-10-22,NYK vs. CLE,W
22025,ORL,Orlando Magic,0022500081,2025-10-22,ORL vs. MIA,W
22025,PHI,Philadelphia 76ers,0022500083,2025-10-22,PHI @ BOS,W
22025,PHX,Phoenix Suns,0022500088,2025-10-22,PHX vs. SAC,W
22025,POR,Portland Trail Blazers,0022500089,2025-10-22,POR vs. MIN,L
22025,SAC,Sacramento Kings,0022500088,2025-10-22,SAC @ PHX,L
22025,SAS,San Antonio Spurs,0022500004,2025-10-22,SAS @ DAL,W
22025,TOR,Toronto Raptors,0022500082,2025-10-22,TOR @ ATL,W
22025,ATL,Atlanta Hawks,0022500082,2025-10-22,ATL vs. TOR,L
22025,BOS,Boston Celtics,0022500083,2025-10-22,BOS vs. PHI,L
22025,CLE,Cleveland Cavaliers,0022500003,2025-10-22,CLE @ NYK,L
22025,NOP,New Orleans Pelicans,0022500085,2025-10-22,NOP @ MEM,L
22025,CHI,Chicago Bulls,0022500084,2025-10-22,CHI vs. DET,W
22025,DAL,Dallas Mavericks,0022500004,2025-10-22,DAL vs. SAS,L
22025,LAC,LA Clippers,0022500087,2025-10-22,LAC @ UTA,L
22025,MIA,Miami Heat,0022500081,2025-10-22,MIA @ ORL,L
22025,UTA,Utah Jazz,0022500087,2025-10-22,UTA vs. LAC,W
22025,MEM,Memphis Grizzlies,0022500085,2025-10-22,MEM vs. NOP,W
22025,WAS,Washington Wizards,0022500086,2025-10-22,WAS @ MIL,L
22025,DET,Detroit Pistons,0022500084,2025-10-22,DET @ CHI,L
22025,CHA,Charlotte Hornets,0022500080,2025-10-22,CHA vs. BKN,W
22025,IND,Indiana Pacers,0022500005,2025-10-23,IND vs. OKC,L
22025,OKC,Oklahoma City Thunder,0022500005,2025-10-23,OKC @ IND,W
22025,DEN,Denver Nuggets,0022500006,2025-10-23,DEN @ GSW,L
22025,GSW,Golden State Warriors,0022500006,2025-10-23,GSW vs. DEN,W
22025,MIL,Milwaukee Bucks,0022500092,2025-10-24,MIL @ TOR,W
22025,MIN,Minnesota Timberwolves,0022500019,2025-10-24,MIN @ LAL,L
22025,BKN,Brooklyn Nets,0022500091,2025-10-24,BKN vs. CLE,L
22025,NYK,New York Knicks,0022500018,2025-10-24,NYK vs. BOS,W
22025,ORL,Orlando Magic,0022500090,2025-10-24,ORL vs. ATL,L
22025,PHX,Phoenix Suns,0022500099,2025-10-24,PHX @ LAC,L
22025,POR,Portland Trail Blazers,0022500097,2025-10-24,POR vs. GSW,W
22025,SAC,Sacramento Kings,0022500098,2025-10-24,SAC vs. UTA,W
22025,SAS,San Antonio Spurs,0022500095,2025-10-24,SAS @ NOP,W
22025,TOR,Toronto Raptors,0022500092,2025-10-24,TOR vs. MIL,L
22025,ATL,Atlanta Hawks,0022500090,2025-10-24,ATL @ ORL,W
22025,BOS,Boston Celtics,0022500018,2025-10-24,BOS @ NYK,L
22025,CLE,Cleveland Cavaliers,0022500091,2025-10-24,CLE @ BKN,W
22025,NOP,New Orleans Pelicans,0022500095,2025-10-24,NOP vs. SAS,L
22025,DAL,Dallas Mavericks,0022500096,2025-10-24,DAL vs. WAS,L
22025,GSW,Golden State Warriors,0022500097,2025-10-24,GSW @ POR,L
22025,HOU,Houston Rockets,0022500093,2025-10-24,HOU vs. DET,L
22025,LAC,LA Clippers,0022500099,2025-10-24,LAC vs. PHX,W
22025,LAL,Los Angeles Lakers,0022500019,2025-10-24,LAL vs. MIN,W
22025,MIA,Miami Heat,0022500094,2025-10-24,MIA @ MEM,W
22025,UTA,Utah Jazz,0022500098,2025-10-24,UTA @ SAC,L
22025,MEM,Memphis Grizzlies,0022500094,2025-10-24,MEM vs. MIA,L
22025,WAS,Washington Wizards,0022500096,2025-10-24,WAS @ DAL,W
22025,DET,Detroit Pistons,0022500093,2025-10-24,DET @ HOU,W
22025,ORL,Orlando Magic,0022500100,2025-10-25,ORL vs. CHI,L
22025,IND,Indiana Pacers,0022500103,2025-10-25,IND @ MEM,L
22025,PHI,Philadelphia 76ers,0022500102,2025-10-25,PHI vs. CHA,W
22025,PHX,Phoenix Suns,0022500104,2025-10-25,PHX @ DEN,L
22025,OKC,Oklahoma City Thunder,0022500101,2025-10-25,OKC @ ATL,W
22025,ATL,Atlanta Hawks,0022500101,2025-10-25,ATL vs. OKC,L
22025,CHI,Chicago Bulls,0022500100,2025-10-25,CHI @ ORL,W
22025,DEN,Denver Nuggets,0022500104,2025-10-25,DEN vs. PHX,W
22025,MEM,Memphis Grizzlies,0022500103,2025-10-25,MEM vs. IND,W
22025,CHA,Charlotte Hornets,0022500102,2025-10-25,CHA @ PHI,L
22025,MIL,Milwaukee Bucks,0022500107,2025-10-26,MIL @ CLE,L
22025,MIN,Minnesota Timberwolves,0022500110,2025-10-26,MIN vs. IND,W
22025,BKN,Brooklyn Nets,0022500105,2025-10-26,BKN @ SAS,L
22025,NYK,New York Knicks,0022500108,2025-10-26,NYK @ MIA,L
22025,IND,Indiana Pacers,0022500110,2025-10-26,IND @ MIN,L
22025,POR,Portland Trail Blazers,0022500112,2025-10-26,POR @ LAC,L
22025,SAC,Sacramento Kings,0022500113,2025-10-26,SAC vs. LAL,L
22025,SAS,San Antonio Spurs,0022500105,2025-10-26,SAS vs. BKN,W
22025,TOR,Toronto Raptors,0022500111,2025-10-26,TOR @ DAL,L
22025,BOS,Boston Celtics,0022500106,2025-10-26,BOS @ DET,L
22025,CLE,Cleveland Cavaliers,0022500107,2025-10-26,CLE vs. MIL,W
22025,DAL,Dallas Mavericks,0022500111,2025-10-26,DAL vs. TOR,W
22025,LAC,LA Clippers,0022500112,2025-10-26,LAC vs. POR,W
22025,LAL,Los Angeles Lakers,0022500113,2025-10-26,LAL @ SAC,W
22025,MIA,Miami Heat,0022500108,2025-10-26,MIA vs. NYK,W
22025,WAS,Washington Wizards,0022500109,2025-10-26,WAS vs. CHA,L
22025,DET,Detroit Pistons,0022500106,2025-10-26,DET vs. BOS,W
22025,CHA,Charlotte Hornets,0022500109,2025-10-26,CHA @ WAS,W
22025,MIN,Minnesota Timberwolves,0022500008,2025-10-27,MIN vs. DEN,L
22025,BKN,Brooklyn Nets,0022500116,2025-10-27,BKN @ HOU,L
22025,ORL,Orlando Magic,0022500114,2025-10-27,ORL @ PHI,L
22025,PHI,Philadelphia 76ers,0022500114,2025-10-27,PHI vs. ORL,W
22025,PHX,Phoenix Suns,0022500120,2025-10-27,PHX @ UTA,L
22025,POR,Portland Trail Blazers,0022500122,2025-10-27,POR @ LAL,W
22025,SAS,San Antonio Spurs,0022500118,2025-10-27,SAS vs. TOR,W
22025,OKC,Oklahoma City Thunder,0022500119,2025-10-27,OKC @ DAL,W
22025,TOR,Toronto Raptors,0022500118,2025-10-27,TOR @ SAS,L
22025,ATL,Atlanta Hawks,0022500115,2025-10-27,ATL @ CHI,L
22025,BOS,Boston Celtics,0022500117,2025-10-27,BOS @ NOP,W
22025,CLE,Cleveland Cavaliers,0022500007,2025-10-27,CLE @ DET,W
22025,NOP,New Orleans Pelicans,0022500117,2025-10-27,NOP vs. BOS,L
22025,CHI,Chicago Bulls,0022500115,2025-10-27,CHI vs. ATL,W
22025,DAL,Dallas Mavericks,0022500119,2025-10-27,DAL vs. OKC,L
22025,DEN,Denver Nuggets,0022500008,2025-10-27,DEN @ MIN,W
22025,GSW,Golden State Warriors,0022500121,2025-10-27,GSW vs. MEM,W
22025,HOU,Houston Rockets,0022500116,2025-10-27,HOU vs. BKN,W
22025,LAL,Los Angeles Lakers,0022500122,2025-10-27,LAL vs. POR,L
22025,UTA,Utah Jazz,0022500120,2025-10-27,UTA vs. PHX,W
22025,MEM,Memphis Grizzlies,0022500121,2025-10-27,MEM @ GSW,L
22025,DET,Detroit Pistons,0022500007,2025-10-27,DET vs. CLE,L
22025,MIL,Milwaukee Bucks,0022500125,2025-10-28,MIL vs. NYK,W
22025,NYK,New York Knicks,0022500125,2025-10-28,NYK @ MIL,L
22025,PHI,Philadelphia 76ers,0022500123,2025-10-28,PHI @ WAS,W
22025,SAC,Sacramento Kings,0022500126,2025-10-28,SAC @ OKC,L
22025,OKC,Oklahoma City Thunder,0022500126,2025-10-28,OKC vs. SAC,W
22025,GSW,Golden State Warriors,0022500127,2025-10-28,GSW vs. LAC,W
22025,LAC,LA Clippers,0022500127,2025-10-28,LAC @ GSW,L
22025,MIA,Miami Heat,0022500124,2025-10-28,MIA vs. CHA,W
22025,WAS,Washington Wizards,0022500123,2025-10-28,WAS vs. PHI,L
22025,CHA,Charlotte Hornets,0022500124,2025-10-28,CHA @ MIA,L
22025,MIN,Minnesota Timberwolves,0022500136,2025-10-29,MIN vs. LAL,L
22025,BKN,Brooklyn Nets,0022500130,2025-10-29,BKN vs. ATL,L
22025,ORL,Orlando Magic,0022500129,2025-10-29,ORL @ DET,L
22025,IND,Indiana Pacers,0022500133,2025-10-29,IND @ DAL,L
22025,PHX,Phoenix Suns,0022500137,2025-10-29,PHX vs. MEM,L
22025,POR,Portland Trail Blazers,0022500135,2025-10-29,POR @ UTA,W
22025,SAC,Sacramento Kings,0022500132,2025-10-29,SAC @ CHI,L
22025,TOR,Toronto Raptors,0022500131,2025-10-29,TOR vs. HOU,L
22025,ATL,Atlanta Hawks,0022500130,2025-10-29,ATL @ BKN,W
22025,BOS,Boston Celtics,0022500128,2025-10-29,BOS vs. CLE,W
22025,CLE,Cleveland Cavaliers,0022500128,2025-10-29,CLE @ BOS,L
22025,NOP,New Orleans Pelicans,0022500134,2025-10-29,NOP @ DEN,L
22025,CHI,Chicago Bulls,0022500132,2025-10-29,CHI vs. SAC,W
22025,DAL,Dallas Mavericks,0022500133,2025-10-29,DAL vs. IND,W
22025,DEN,Denver Nuggets,0022500134,2025-10-29,DEN vs. NOP,W
22025,HOU,Houston Rockets,0022500131,2025-10-29,HOU @ TOR,W
22025,LAL,Los Angeles Lakers,0022500136,2025-10-29,LAL @ MIN,W
22025,UTA,Utah Jazz,0022500135,2025-10-29,UTA vs. POR,L
22025,MEM,Memphis Grizzlies,0022500137,2025-10-29,MEM @ PHX,W
22025,DET,Detroit Pistons,0022500129,2025-10-29,DET vs. ORL,W
22025,MIL,Milwaukee Bucks,0022500139,2025-10-30,MIL vs. GSW,W
22025,ORL,Orlando Magic,0022500138,2025-10-30,ORL @ CHA,W
22025,SAS,San Antonio Spurs,0022500141,2025-10-30,SAS vs. MIA,W
22025,OKC,Oklahoma City Thunder,0022500140,2025-10-30,OKC vs. WAS,W
22025,GSW,Golden State Warriors,0022500139,2025-10-30,GSW @ MIL,L
22025,MIA,Miami Heat,0022500141,2025-10-30,MIA @ SAS,L
22025,WAS,Washington Wizards,0022500140,2025-10-30,WAS @ OKC,L
22025,CHA,Charlotte Hornets,0022500138,2025-10-30,CHA vs. ORL,L
22025,NYK,New York Knicks,0022500023,2025-10-31,NYK @ CHI,L
22025,IND,Indiana Pacers,0022500020,2025-10-31,IND vs. ATL,L
22025,PHI,Philadelphia 76ers,0022500021,2025-10-31,PHI vs. BOS,L
22025,PHX,Phoenix Suns,0022500025,2025-10-31,PHX vs. UTA,W
22025,POR,Portland Trail Blazers,0022500026,2025-10-31,POR vs. DEN,W
22025,TOR,Toronto Raptors,0022500022,2025-10-31,TOR @ CLE,W
22025,ATL,Atlanta Hawks,0022500020,2025-10-31,ATL @ IND,W
22025,BOS,Boston Celtics,0022500021,2025-10-31,BOS @ PHI,W
22025,CLE,Cleveland Cavaliers,0022500022,2025-10-31,CLE vs. TOR,L
22025,NOP,New Orleans Pelicans,0022500027,2025-10-31,NOP @ LAC,L
22025,CHI,Chicago Bulls,0022500023,2025-10-31,CHI vs. NYK,W
22025,DEN,Denver Nuggets,0022500026,2025-10-31,DEN @ POR,L
22025,LAC,LA Clippers,0022500027,2025-10-31,LAC vs. NOP,W
22025,LAL,Los Angeles Lakers,0022500024,2025-10-31,LAL @ MEM,W
22025,UTA,Utah Jazz,0022500025,2025-10-31,UTA @ PHX,L
22025,MEM,Memphis Grizzlies,0022500024,2025-10-31,MEM vs. LAL,L
22025,MIL,Milwaukee Bucks,0022500142,2025-11-01,MIL vs. SAC,L
22025,MIN,Minnesota Timberwolves,0022500143,2025-11-01,MIN @ CHA,W
22025,ORL,Orlando Magic,0022500145,2025-11-01,ORL @ WAS,W
22025,IND,Indiana Pacers,0022500144,2025-11-01,IND vs. GSW,W
22025,SAC,Sacramento Kings,0022500142,2025-11-01,SAC @ MIL,W
22025,BOS,Boston Celtics,0022500146,2025-11-01,BOS vs. HOU,L
22025,DAL,Dallas Mavericks,0022500147,2025-11-01,DAL @ DET,L
22025,GSW,Golden State Warriors,0022500144,2025-11-01,GSW @ IND,L
22025,HOU,Houston Rockets,0022500146,2025-11-01,HOU @ BOS,W
22025,WAS,Washington Wizards,0022500145,2025-11-01,WAS vs. ORL,L
22025,DET,Detroit Pistons,0022500147,2025-11-01,DET @ DAL,W
22025,CHA,Charlotte Hornets,0022500143,2025-11-01,CHA vs. MIN,L
22025,BKN,Brooklyn Nets,0022500149,2025-11-02,BKN vs. PHI,L
22025,NYK,New York Knicks,0022500153,2025-11-02,NYK vs. CHI,W
22025,PHI,Philadelphia 76ers,0022500149,2025-11-02,PHI @ BKN,W
22025,PHX,Phoenix Suns,0022500154,2025-11-02,PHX vs. SAS,W
22025,SAS,San Antonio Spurs,0022500154,2025-11-02,SAS @ PHX,L
22025,OKC,Oklahoma City Thunder,0022500148,2025-11-02,OKC vs. NOP,W
22025,TOR,Toronto Raptors,0022500152,2025-11-02,TOR vs. MEM,W
22025,ATL,Atlanta Hawks,0022500151,2025-11-02,ATL @ CLE,L
22025,CLE,Cleveland Cavaliers,0022500151,2025-11-02,CLE vs. ATL,W
22025,NOP,New Orleans Pelicans,0022500148,2025-11-02,NOP @ OKC,L
22025,CHI,Chicago Bulls,0022500153,2025-11-02,CHI @ NYK,L
22025,LAL,Los Angeles Lakers,0022500155,2025-11-02,LAL vs. MIA,W
22025,MIA,Miami Heat,0022500155,2025-11-02,MIA @ LAL,L
22025,UTA,Utah Jazz,0022500150,2025-11-02,UTA @ CHA,L
22025,MEM,Memphis Grizzlies,0022500152,2025-11-02,MEM @ TOR,L
22025,CHA,Charlotte Hornets,0022500150,2025-11-02,CHA vs. UTA,W
22025,MIL,Milwaukee Bucks,0022500157,2025-11-03,MIL @ IND,W
22025,MIN,Minnesota Timberwolves,0022500156,2025-11-03,MIN @ BKN,W
22025,BKN,Brooklyn Nets,0022500156,2025-11-03,BKN vs. MIN,L
22025,NYK,New York Knicks,0022500159,2025-11-03,NYK vs. WAS,W
22025,IND,Indiana Pacers,0022500157,2025-11-03,IND vs. MIL,L
22025,POR,Portland Trail Blazers,0022500163,2025-11-03,POR vs. LAL,L
22025,SAC,Sacramento Kings,0022500162,2025-11-03,SAC @ DEN,L
22025,BOS,Boston Celtics,0022500158,2025-11-03,BOS vs. UTA,L
22025,DAL,Dallas Mavericks,0022500160,2025-11-03,DAL @ HOU,L
22025,DEN,Denver Nuggets,0022500162,2025-11-03,DEN vs. SAC,W
22025,HOU,Houston Rockets,0022500160,2025-11-03,HOU vs. DAL,W
22025,LAC,LA Clippers,0022500164,2025-11-03,LAC vs. MIA,L
22025,LAL,Los Angeles Lakers,0022500163,2025-11-03,LAL @ POR,W
22025,MIA,Miami Heat,0022500164,2025-11-03,MIA @ LAC,W
22025,UTA,Utah Jazz,0022500158,2025-11-03,UTA @ BOS,W
22025,MEM,Memphis Grizzlies,0022500161,2025-11-03,MEM vs. DET,L
22025,WAS,Washington Wizards,0022500159,2025-11-03,WAS @ NYK,L
22025,DET,Detroit Pistons,0022500161,2025-11-03,DET @ MEM,W
22025,MIL,Milwaukee Bucks,0022500165,2025-11-04,MIL @ TOR,L
22025,ORL,Orlando Magic,0022500166,2025-11-04,ORL @ ATL,L
22025,PHI,Philadelphia 76ers,0022500167,2025-11-04,PHI @ CHI,L
22025,PHX,Phoenix Suns,0022500169,2025-11-04,PHX @ GSW,L
22025,OKC,Oklahoma City Thunder,0022500170,2025-11-04,OKC @ LAC,W
22025,TOR,Toronto Raptors,0022500165,2025-11-04,TOR vs. MIL,W
22025,ATL,Atlanta Hawks,0022500166,2025-11-04,ATL vs. ORL,W
22025,NOP,New Orleans Pelicans,0022500168,2025-11-04,NOP vs. CHA,W
22025,CHI,Chicago Bulls,0022500167,2025-11-04,CHI vs. PHI,W
22025,GSW,Golden State Warriors,0022500169,2025-11-04,GSW vs. PHX,W
22025,LAC,LA Clippers,0022500170,2025-11-04,LAC vs. OKC,L
22025,CHA,Charlotte Hornets,0022500168,2025-11-04,CHA @ NOP,L
22025,MIN,Minnesota Timberwolves,0022500175,2025-11-05,MIN @ NYK,L
22025,BKN,Brooklyn Nets,0022500173,2025-11-05,BKN @ IND,W
22025,NYK,New York Knicks,0022500175,2025-11-05,NYK vs. MIN,W
22025,IND,Indiana Pacers,0022500173,2025-11-05,IND vs. BKN,L
22025,PHI,Philadelphia 76ers,0022500171,2025-11-05,PHI @ CLE,L
22025,POR,Portland Trail Blazers,0022500180,2025-11-05,POR vs. OKC,W
22025,SAC,Sacramento Kings,0022500181,2025-11-05,SAC vs. GSW,W
22025,SAS,San Antonio Spurs,0022500179,2025-11-05,SAS @ LAL,L
22025,OKC,Oklahoma City Thunder,0022500180,2025-11-05,OKC @ POR,L
22025,BOS,Boston Celtics,0022500174,2025-11-05,BOS vs. WAS,W
22025,CLE,Cleveland Cavaliers,0022500171,2025-11-05,CLE vs. PHI,W
22025,NOP,New Orleans Pelicans,0022500177,2025-11-05,NOP @ DAL,W
22025,DAL,Dallas Mavericks,0022500177,2025-11-05,DAL vs. NOP,L
22025,DEN,Denver Nuggets,0022500178,2025-11-05,DEN vs. MIA,W
22025,GSW,Golden State Warriors,0022500181,2025-11-05,GSW @ SAC,L
22025,HOU,Houston Rockets,0022500176,2025-11-05,HOU @ MEM,W
22025,LAL,Los Angeles Lakers,0022500179,2025-11-05,LAL vs. SAS,W
22025,MIA,Miami Heat,0022500178,2025-11-05,MIA @ DEN,L
22025,UTA,Utah Jazz,0022500172,2025-11-05,UTA @ DET,L
22025,MEM,Memphis Grizzlies,0022500176,2025-11-05,MEM vs. HOU,L
22025,WAS,Washington Wizards,0022500174,2025-11-05,WAS @ BOS,L
22025,DET,Detroit Pistons,0022500172,2025-11-05,DET vs. UTA,W
22025,PHX,Phoenix Suns,0022500182,2025-11-06,PHX vs. LAC,W
22025,LAC,LA Clippers,0022500182,2025-11-06,LAC @ PHX,L
22025,MIL,Milwaukee Bucks,0022500035,2025-11-07,MIL vs. CHI,W
22025,MIN,Minnesota Timberwolves,0022500036,2025-11-07,MIN vs. UTA,W
22025,BKN,Brooklyn Nets,0022500031,2025-11-07,BKN vs. DET,L
22025,ORL,Orlando Magic,0022500028,2025-11-07,ORL vs. BOS,W
22025,SAC,Sacramento Kings,0022500038,2025-11-07,SAC vs. OKC,L
22025,SAS,San Antonio Spurs,0022500032,2025-11-07,SAS vs. HOU,W
22025,OKC,Oklahoma City Thunder,0022500038,2025-11-07,OKC @ SAC,W
22025,TOR,Toronto Raptors,0022500030,2025-11-07,TOR @ ATL,W
22025,ATL,Atlanta Hawks,0022500030,2025-11-07,ATL vs. TOR,L
22025,BOS,Boston Celtics,0022500028,2025-11-07,BOS @ ORL,L
22025,CLE,Cleveland Cavaliers,0022500029,2025-11-07,CLE @ WAS,W
22025,CHI,Chicago Bulls,0022500035,2025-11-07,CHI @ MIL,L
22025,DAL,Dallas Mavericks,0022500034,2025-11-07,DAL @ MEM,L
22025,DEN,Denver Nuggets,0022500037,2025-11-07,DEN vs. GSW,W
22025,GSW,Golden State Warriors,0022500037,2025-11-07,GSW @ DEN,L
22025,HOU,Houston Rockets,0022500032,2025-11-07,HOU @ SAS,L
22025,MIA,Miami Heat,0022500033,2025-11-07,MIA vs. CHA,W
22025,UTA,Utah Jazz,0022500036,2025-11-07,UTA @ MIN,L
22025,MEM,Memphis Grizzlies,0022500034,2025-11-07,MEM vs. DAL,W
22025,WAS,Washington Wizards,0022500029,2025-11-07,WAS vs. CLE,L
22025,DET,Detroit Pistons,0022500031,2025-11-07,DET @ BKN,W
22025,CHA,Charlotte Hornets,0022500033,2025-11-07,CHA @ MIA,L
22025,IND,Indiana Pacers,0022500189,2025-11-08,IND @ DEN,L
22025,PHI,Philadelphia 76ers,0022500184,2025-11-08,PHI vs. TOR,W
22025,PHX,Phoenix Suns,0022500190,2025-11-08,PHX @ LAC,W
22025,POR,Portland Trail Blazers,0022500187,2025-11-08,POR @ MIA,L
22025,SAS,San Antonio Spurs,0022500188,2025-11-08,SAS vs. NOP,W
22025,TOR,Toronto Raptors,0022500184,2025-11-08,TOR @ PHI,L
22025,ATL,Atlanta Hawks,0022500185,2025-11-08,ATL vs. LAL,W
22025,CLE,Cleveland Cavaliers,0022500186,2025-11-08,CLE vs. CHI,W
22025,NOP,New Orleans Pelicans,0022500188,2025-11-08,NOP @ SAS,L
22025,CHI,Chicago Bulls,0022500186,2025-11-08,CHI @ CLE,L
22025,DAL,Dallas Mavericks,0022500183,2025-11-08,DAL @ WAS,W
22025,DEN,Denver Nuggets,0022500189,2025-11-08,DEN vs. IND,W
22025,LAC,LA Clippers,0022500190,2025-11-08,LAC vs. PHX,L
22025,LAL,Los Angeles Lakers,0022500185,2025-11-08,LAL @ ATL,L
22025,MIA,Miami Heat,0022500187,2025-11-08,MIA vs. POR,W
22025,WAS,Washington Wizards,0022500183,2025-11-08,WAS vs. DAL,L
22025,MIL,Milwaukee Bucks,0022500191,2025-11-09,MIL vs. HOU,L
22025,MIN,Minnesota Timberwolves,0022500197,2025-11-09,MIN @ SAC,W
22025,BKN,Brooklyn Nets,0022500192,2025-11-09,BKN @ NYK,L
22025,NYK,New York Knicks,0022500192,2025-11-09,NYK vs. BKN,W
22025,ORL,Orlando Magic,0022500193,2025-11-09,ORL vs. BOS,L
22025,IND,Indiana Pacers,0022500196,2025-11-09,IND @ GSW,L
22025,PHI,Philadelphia 76ers,0022500195,2025-11-09,PHI vs. DET,L
22025,SAC,Sacramento Kings,0022500197,2025-11-09,SAC vs. MIN,L
22025,OKC,Oklahoma City Thunder,0022500194,2025-11-09,OKC @ MEM,W
22025,BOS,Boston Celtics,0022500193,2025-11-09,BOS @ ORL,W
22025,GSW,Golden State Warriors,0022500196,2025-11-09,GSW vs. IND,W
22025,HOU,Houston Rockets,0022500191,2025-11-09,HOU @ MIL,W
22025,MEM,Memphis Grizzlies,0022500194,2025-11-09,MEM vs. OKC,L
22025,DET,Detroit Pistons,0022500195,2025-11-09,DET @ PHI,W
22025,MIL,Milwaukee Bucks,0022500203,2025-11-10,MIL @ DAL,W
22025,MIN,Minnesota Timberwolves,0022500205,2025-11-10,MIN @ UTA,W
22025,ORL,Orlando Magic,0022500200,2025-11-10,ORL vs. POR,W
22025,PHX,Phoenix Suns,0022500204,2025-11-10,PHX vs. NOP,W
22025,POR,Portland Trail Blazers,0022500200,2025-11-10,POR @ ORL,L
22025,SAS,San Antonio Spurs,0022500202,2025-11-10,SAS @ CHI,W
22025,ATL,Atlanta Hawks,0022500206,2025-11-10,ATL @ LAC,W
22025,CLE,Cleveland Cavaliers,0022500201,2025-11-10,CLE @ MIA,L
22025,NOP,New Orleans Pelicans,0022500204,2025-11-10,NOP @ PHX,L
22025,CHI,Chicago Bulls,0022500202,2025-11-10,CHI vs. SAS,L
22025,DAL,Dallas Mavericks,0022500203,2025-11-10,DAL vs. MIL,L
22025,LAC,LA Clippers,0022500206,2025-11-10,LAC vs. ATL,L
22025,LAL,Los Angeles Lakers,0022500198,2025-11-10,LAL @ CHA,W
22025,MIA,Miami Heat,0022500201,2025-11-10,MIA vs. CLE,W
22025,UTA,Utah Jazz,0022500205,2025-11-10,UTA vs. MIN,L
22025,WAS,Washington Wizards,0022500199,2025-11-10,WAS @ DET,L
22025,DET,Detroit Pistons,0022500199,2025-11-10,DET vs. WAS,W
22025,CHA,Charlotte Hornets,0022500198,2025-11-10,CHA vs. LAL,L
22025,BKN,Brooklyn Nets,0022500207,2025-11-11,BKN vs. TOR,L
22025,NYK,New York Knicks,0022500208,2025-11-11,NYK vs. MEM,W
22025,IND,Indiana Pacers,0022500211,2025-11-11,IND @ UTA,L
22025,PHI,Philadelphia 76ers,0022500209,2025-11-11,PHI vs. BOS,W
22025,SAC,Sacramento Kings,0022500212,2025-11-11,SAC vs. DEN,L
22025,OKC,Oklahoma City Thunder,0022500210,2025-11-11,OKC vs. GSW,W
22025,TOR,Toronto Raptors,0022500207,2025-11-11,TOR @ BKN,W
22025,BOS,Boston Celtics,0022500209,2025-11-11,BOS @ PHI,L
22025,DEN,Denver Nuggets,0022500212,2025-11-11,DEN @ SAC,W
22025,GSW,Golden State Warriors,0022500210,2025-11-11,GSW @ OKC,L
22025,UTA,Utah Jazz,0022500211,2025-11-11,UTA vs. IND,W
22025,MEM,Memphis Grizzlies,0022500208,2025-11-11,MEM @ NYK,L
22025,MIL,Milwaukee Bucks,0022500213,2025-11-12,MIL @ CHA,L
22025,NYK,New York Knicks,0022500215,2025-11-12,NYK vs. ORL,L
22025,ORL,Orlando Magic,0022500215,2025-11-12,ORL @ NYK,W
22025,PHX,Phoenix Suns,0022500221,2025-11-12,PHX @ DAL,W
22025,POR,Portland Trail Blazers,0022500219,2025-11-12,POR @ NOP,W
22025,SAC,Sacramento Kings,0022500223,2025-11-12,SAC vs. ATL,L
22025,SAS,San Antonio Spurs,0022500220,2025-11-12,SAS vs. GSW,L
22025,OKC,Oklahoma City Thunder,0022500222,2025-11-12,OKC vs. LAL,W
22025,ATL,Atlanta Hawks,0022500223,2025-11-12,ATL @ SAC,W
22025,BOS,Boston Celtics,0022500216,2025-11-12,BOS vs. MEM,W
22025,CLE,Cleveland Cavaliers,0022500217,2025-11-12,CLE @ MIA,W
22025,NOP,New Orleans Pelicans,0022500219,2025-11-12,NOP vs. POR,L
22025,CHI,Chicago Bulls,0022500214,2025-11-12,CHI @ DET,L
22025,DAL,Dallas Mavericks,0022500221,2025-11-12,DAL vs. PHX,L
22025,DEN,Denver Nuggets,0022500224,2025-11-12,DEN @ LAC,W
22025,GSW,Golden State Warriors,0022500220,2025-11-12,GSW @ SAS,W
22025,HOU,Houston Rockets,0022500218,2025-11-12,HOU vs. WAS,W
22025,LAC,LA Clippers,0022500224,2025-11-12,LAC vs. DEN,L
22025,LAL,Los Angeles Lakers,0022500222,2025-11-12,LAL @ OKC,L
22025,MIA,Miami Heat,0022500217,2025-11-12,MIA vs. CLE,L
22025,MEM,Memphis Grizzlies,0022500216,2025-11-12,MEM @ BOS,L
22025,WAS,Washington Wizards,0022500218,2025-11-12,WAS @ HOU,L
22025,DET,Detroit Pistons,0022500214,2025-11-12,DET vs. CHI,W
22025,CHA,Charlotte Hornets,0022500213,2025-11-12,CHA vs. MIL,W
22025,IND,Indiana Pacers,0022500226,2025-11-13,IND @ PHX,L
22025,PHX,Phoenix Suns,0022500226,2025-11-13,PHX vs. IND,W
22025,TOR,Toronto Raptors,0022500225,2025-11-13,TOR @ CLE,W
22025,ATL,Atlanta Hawks,0022500227,2025-11-13,ATL @ UTA,W
22025,CLE,Cleveland Cavaliers,0022500225,2025-11-13,CLE vs. TOR,L
22025,UTA,Utah Jazz,0022500227,2025-11-13,UTA vs. ATL,L
22025,MIL,Milwaukee Bucks,0022500043,2025-11-14,MIL vs. CHA,W
22025,MIN,Minnesota Timberwolves,0022500044,2025-11-14,MIN vs. SAC,W
22025,BKN,Brooklyn Nets,0022500040,2025-11-14,BKN @ ORL,L
22025,NYK,New York Knicks,0022500039,2025-11-14,NYK vs. MIA,W
22025,ORL,Orlando Magic,0022500040,2025-11-14,ORL vs. BKN,W
22025,PHI,Philadelphia 76ers,0022500041,2025-11-14,PHI @ DET,L
22025,POR,Portland Trail Blazers,0022500042,2025-11-14,POR @ HOU,L
22025,SAC,Sacramento Kings,0022500044,2025-11-14,SAC @ MIN,L
22025,SAS,San Antonio Spurs,0022500047,2025-11-14,SAS vs. GSW,L
22025,NOP,New Orleans Pelicans,0022500045,2025-11-14,NOP vs. LAL,L
22025,DAL,Dallas Mavericks,0022500046,2025-11-14,DAL vs. LAC,L
22025,GSW,Golden State Warriors,0022500047,2025-11-14,GSW @ SAS,W
22025,HOU,Houston Rockets,0022500042,2025-11-14,HOU vs. POR,W
22025,LAC,LA Clippers,0022500046,2025-11-14,LAC @ DAL,W
22025,LAL,Los Angeles Lakers,0022500045,2025-11-14,LAL @ NOP,W
22025,MIA,Miami Heat,0022500039,2025-11-14,MIA @ NYK,L
22025,DET,Detroit Pistons,0022500041,2025-11-14,DET vs. PHI,W
22025,CHA,Charlotte Hornets,0022500043,2025-11-14,CHA @ MIL,L
22025,MIL,Milwaukee Bucks,0022500231,2025-11-15,MIL vs. LAL,L
22025,MIN,Minnesota Timberwolves,0022500232,2025-11-15,MIN vs. DEN,L
22025,IND,Indiana Pacers,0022500230,2025-11-15,IND vs. TOR,L
22025,OKC,Oklahoma City Thunder,0022500229,2025-11-15,OKC @ CHA,W
22025,TOR,Toronto Raptors,0022500230,2025-11-15,TOR @ IND,W
22025,CLE,Cleveland Cavaliers,0022500228,2025-11-15,CLE vs. MEM,W
22025,DEN,Denver Nuggets,0022500232,2025-11-15,DEN @ MIN,W
22025,LAL,Los Angeles Lakers,0022500231,2025-11-15,LAL @ MIL,W
22025,MEM,Memphis Grizzlies,0022500228,2025-11-15,MEM @ CLE,L
22025,CHA,Charlotte Hornets,0022500229,2025-11-15,CHA vs. OKC,L
22025,BKN,Brooklyn Nets,0022500235,2025-11-16,BKN @ WAS,W
22025,ORL,Orlando Magic,0022500236,2025-11-16,ORL @ HOU,L
22025,PHX,Phoenix Suns,0022500239,2025-11-16,PHX vs. ATL,L
22025,POR,Portland Trail Blazers,0022500238,2025-11-16,POR @ DAL,L
22025,SAC,Sacramento Kings,0022500234,2025-11-16,SAC @ SAS,L
22025,SAS,San Antonio Spurs,0022500234,2025-11-16,SAS vs. SAC,W
22025,ATL,Atlanta Hawks,0022500239,2025-11-16,ATL @ PHX,W
22025,BOS,Boston Celtics,0022500233,2025-11-16,BOS vs. LAC,W
22025,NOP,New Orleans Pelicans,0022500237,2025-11-16,NOP vs. GSW,L
22025,CHI,Chicago Bulls,0022500240,2025-11-16,CHI @ UTA,L
22025,DAL,Dallas Mavericks,0022500238,2025-11-16,DAL vs. POR,W
22025,GSW,Golden State Warriors,0022500237,2025-11-16,GSW @ NOP,W
22025,HOU,Houston Rockets,0022500236,2025-11-16,HOU vs. ORL,W
22025,LAC,LA Clippers,0022500233,2025-11-16,LAC @ BOS,L
22025,UTA,Utah Jazz,0022500240,2025-11-16,UTA vs. CHI,W
22025,WAS,Washington Wizards,0022500235,2025-11-16,WAS vs. BKN,L
22025,MIL,Milwaukee Bucks,0022500241,2025-11-17,MIL @ CLE,L
22025,MIN,Minnesota Timberwolves,0022500246,2025-11-17,MIN vs. DAL,W
22025,NYK,New York Knicks,0022500244,2025-11-17,NYK @ MIA,L
22025,IND,Indiana Pacers,0022500242,2025-11-17,IND @ DET,L
22025,PHI,Philadelphia 76ers,0022500243,2025-11-17,PHI vs. LAC,W
22025,OKC,Oklahoma City Thunder,0022500247,2025-11-17,OKC @ NOP,W
22025,TOR,Toronto Raptors,0022500245,2025-11-17,TOR vs. CHA,W
22025,CLE,Cleveland Cavaliers,0022500241,2025-11-17,CLE vs. MIL,W
22025,NOP,New Orleans Pelicans,0022500247,2025-11-17,NOP vs. OKC,L
22025,CHI,Chicago Bulls,0022500248,2025-11-17,CHI @ DEN,W
22025,DAL,Dallas Mavericks,0022500246,2025-11-17,DAL @ MIN,L
22025,DEN,Denver Nuggets,0022500248,2025-11-17,DEN vs. CHI,L
22025,LAC,LA Clippers,0022500243,2025-11-17,LAC @ PHI,L
22025,MIA,Miami Heat,0022500244,2025-11-17,MIA vs. NYK,W
22025,DET,Detroit Pistons,0022500242,2025-11-17,DET vs. IND,W
22025,CHA,Charlotte Hornets,0022500245,2025-11-17,CHA @ TOR,L
22025,BKN,Brooklyn Nets,0022500250,2025-11-18,BKN vs. BOS,L
22025,ORL,Orlando Magic,0022500249,2025-11-18,ORL vs. GSW,W
22025,PHX,Phoenix Suns,0022500254,2025-11-18,PHX @ POR,W
22025,POR,Portland Trail Blazers,0022500254,2025-11-18,POR vs. PHX,L
22025,SAS,San Antonio Spurs,0022500252,2025-11-18,SAS vs. MEM,W
22025,ATL,Atlanta Hawks,0022500251,2025-11-18,ATL vs. DET,L
22025,BOS,Boston Celtics,0022500250,2025-11-18,BOS @ BKN,W
22025,GSW,Golden State Warriors,0022500249,2025-11-18,GSW @ ORL,L
22025,LAL,Los Angeles Lakers,0022500253,2025-11-18,LAL vs. UTA,W
22025,UTA,Utah Jazz,0022500253,2025-11-18,UTA @ LAL,L
22025,MEM,Memphis Grizzlies,0022500252,2025-11-18,MEM @ SAS,L
22025,DET,Detroit Pistons,0022500251,2025-11-18,DET @ ATL,W
22025,MIN,Minnesota Timberwolves,0022500259,2025-11-19,MIN vs. WAS,W
22025,NYK,New York Knicks,0022500262,2025-11-19,NYK @ DAL,W
22025,IND,Indiana Pacers,0022500256,2025-11-19,IND vs. CHA,W
22025,PHI,Philadelphia 76ers,0022500258,2025-11-19,PHI vs. TOR,L
22025,POR,Portland Trail Blazers,0022500263,2025-11-19,POR vs. CHI,L
22025,SAC,Sacramento Kings,0022500261,2025-11-19,SAC @ OKC,L
22025,OKC,Oklahoma City Thunder,0022500261,2025-11-19,OKC vs. SAC,W
22025,TOR,Toronto Raptors,0022500258,2025-11-19,TOR @ PHI,W
22025,CLE,Cleveland Cavaliers,0022500255,2025-11-19,CLE vs. HOU,L
22025,NOP,New Orleans Pelicans,0022500260,2025-11-19,NOP vs. DEN,L
22025,CHI,Chicago Bulls,0022500263,2025-11-19,CHI @ POR,W
22025,DAL,Dallas Mavericks,0022500262,2025-11-19,DAL vs. NYK,L
22025,DEN,Denver Nuggets,0022500260,2025-11-19,DEN @ NOP,W
22025,GSW,Golden State Warriors,0022500257,2025-11-19,GSW @ MIA,L
22025,HOU,Houston Rockets,0022500255,2025-11-19,HOU @ CLE,W
22025,MIA,Miami Heat,0022500257,2025-11-19,MIA vs. GSW,W
22025,WAS,Washington Wizards,0022500259,2025-11-19,WAS @ MIN,L
22025,CHA,Charlotte Hornets,0022500256,2025-11-19,CHA @ IND,L
22025,MIL,Milwaukee Bucks,0022500266,2025-11-20,MIL vs. PHI,L
22025,ORL,Orlando Magic,0022500264,2025-11-20,ORL vs. LAC,W
22025,PHI,Philadelphia 76ers,0022500266,2025-11-20,PHI @ MIL,W
22025,SAC,Sacramento Kings,0022500265,2025-11-20,SAC @ MEM,L
22025,SAS,San Antonio Spurs,0022500267,2025-11-20,SAS vs. ATL,W
22025,ATL,Atlanta Hawks,0022500267,2025-11-20,ATL @ SAS,L
22025,LAC,LA Clippers,0022500264,2025-11-20,LAC @ ORL,L
22025,MEM,Memphis Grizzlies,0022500265,2025-11-20,MEM vs. SAC,W
22025,MIN,Minnesota Timberwolves,0022500053,2025-11-21,MIN @ PHX,L
22025,BKN,Brooklyn Nets,0022500049,2025-11-21,BKN @ BOS,W
22025,IND,Indiana Pacers,0022500048,2025-11-21,IND @ CLE,L
22025,PHX,Phoenix Suns,0022500053,2025-11-21,PHX vs. MIN,W
22025,POR,Portland Trail Blazers,0022500056,2025-11-21,POR @ GSW,W
22025,OKC,Oklahoma City Thunder,0022500055,2025-11-21,OKC @ UTA,W
22025,TOR,Toronto Raptors,0022500050,2025-11-21,TOR vs. WAS,W
22025,BOS,Boston Celtics,0022500049,2025-11-21,BOS vs. BKN,L
22025,CLE,Cleveland Cavaliers,0022500048,2025-11-21,CLE vs. IND,W
22025,NOP,New Orleans Pelicans,0022500052,2025-11-21,NOP @ DAL,L
22025,CHI,Chicago Bulls,0022500051,2025-11-21,CHI vs. MIA,L
22025,DAL,Dallas Mavericks,0022500052,2025-11-21,DAL vs. NOP,W
22025,DEN,Denver Nuggets,0022500054,2025-11-21,DEN @ HOU,W
22025,GSW,Golden State Warriors,0022500056,2025-11-21,GSW vs. POR,L
22025,HOU,Houston Rockets,0022500054,2025-11-21,HOU vs. DEN,L
22025,MIA,Miami Heat,0022500051,2025-11-21,MIA @ CHI,W
22025,UTA,Utah Jazz,0022500055,2025-11-21,UTA vs. OKC,L
22025,WAS,Washington Wizards,0022500050,2025-11-21,WAS @ TOR,L
22025,MIL,Milwaukee Bucks,0022500272,2025-11-22,MIL vs. DET,L
22025,NYK,New York Knicks,0022500269,2025-11-22,NYK @ ORL,L
22025,ORL,Orlando Magic,0022500269,2025-11-22,ORL vs. NYK,W
22025,SAC,Sacramento Kings,0022500274,2025-11-22,SAC @ DEN,W
22025,ATL,Atlanta Hawks,0022500270,2025-11-22,ATL @ NOP,W
22025,NOP,New Orleans Pelicans,0022500270,2025-11-22,NOP vs. ATL,L
22025,CHI,Chicago Bulls,0022500271,2025-11-22,CHI vs. WAS,W
22025,DAL,Dallas Mavericks,0022500273,2025-11-22,DAL vs. MEM,L
22025,DEN,Denver Nuggets,0022500274,2025-11-22,DEN vs. SAC,L
22025,LAC,LA Clippers,0022500268,2025-11-22,LAC @ CHA,W
22025,MEM,Memphis Grizzlies,0022500273,2025-11-22,MEM @ DAL,W
22025,WAS,Washington Wizards,0022500271,2025-11-22,WAS @ CHI,L
22025,DET,Detroit Pistons,0022500272,2025-11-22,DET @ MIL,W
22025,CHA,Charlotte Hornets,0022500268,2025-11-22,CHA vs. LAC,L
22025,BKN,Brooklyn Nets,0022500279,2025-11-23,BKN @ TOR,L
22025,ORL,Orlando Magic,0022500277,2025-11-23,ORL @ BOS,L
22025,PHI,Philadelphia 76ers,0022500275,2025-11-23,PHI vs. MIA,L
22025,PHX,Phoenix Suns,0022500281,2025-11-23,PHX vs. SAS,W
22025,POR,Portland Trail Blazers,0022500280,2025-11-23,POR @ OKC,L
22025,SAS,San Antonio Spurs,0022500281,2025-11-23,SAS @ PHX,L
22025,OKC,Oklahoma City Thunder,0022500280,2025-11-23,OKC vs. POR,W
22025,TOR,Toronto Raptors,0022500279,2025-11-23,TOR vs. BKN,W
22025,ATL,Atlanta Hawks,0022500276,2025-11-23,ATL vs. CHA,W
22025,BOS,Boston Celtics,0022500277,2025-11-23,BOS vs. ORL,W
22025,CLE,Cleveland Cavaliers,0022500278,2025-11-23,CLE vs. LAC,W
22025,LAC,LA Clippers,0022500278,2025-11-23,LAC @ CLE,L
22025,LAL,Los Angeles Lakers,0022500282,2025-11-23,LAL @ UTA,W
22025,MIA,Miami Heat,0022500275,2025-11-23,MIA @ PHI,W
22025,UTA,Utah Jazz,0022500282,2025-11-23,UTA vs. LAL,L
22025,CHA,Charlotte Hornets,0022500276,2025-11-23,CHA @ ATL,L
22025,MIL,Milwaukee Bucks,0022500288,2025-11-24,MIL vs. POR,L
22025,MIN,Minnesota Timberwolves,0022500292,2025-11-24,MIN @ SAC,L
22025,BKN,Brooklyn Nets,0022500285,2025-11-24,BKN vs. NYK,L
22025,NYK,New York Knicks,0022500285,2025-11-24,NYK @ BKN,W
22025,IND,Indiana Pacers,0022500283,2025-11-24,IND vs. DET,L
22025,PHX,Phoenix Suns,0022500290,2025-11-24,PHX vs. HOU,L
22025,POR,Portland Trail Blazers,0022500288,2025-11-24,POR @ MIL,W
22025,SAC,Sacramento Kings,0022500292,2025-11-24,SAC vs. MIN,W
22025,TOR,Toronto Raptors,0022500284,2025-11-24,TOR vs. CLE,W
22025,CLE,Cleveland Cavaliers,0022500284,2025-11-24,CLE @ TOR,L
22025,NOP,New Orleans Pelicans,0022500289,2025-11-24,NOP vs. CHI,W
22025,CHI,Chicago Bulls,0022500289,2025-11-24,CHI @ NOP,L
22025,DAL,Dallas Mavericks,0022500286,2025-11-24,DAL @ MIA,L
22025,DEN,Denver Nuggets,0022500287,2025-11-24,DEN @ MEM,W
22025,GSW,Golden State Warriors,0022500291,2025-11-24,GSW vs. UTA,W
22025,HOU,Houston Rockets,0022500290,2025-11-24,HOU @ PHX,W
22025,MIA,Miami Heat,0022500286,2025-11-24,MIA vs. DAL,W
22025,UTA,Utah Jazz,0022500291,2025-11-24,UTA @ GSW,L
22025,MEM,Memphis Grizzlies,0022500287,2025-11-24,MEM vs. DEN,L
22025,DET,Detroit Pistons,0022500283,2025-11-24,DET @ IND,W
22025,ORL,Orlando Magic,0022500058,2025-11-25,ORL @ PHI,W
22025,PHI,Philadelphia 76ers,0022500058,2025-11-25,PHI vs. ORL,L
22025,ATL,Atlanta Hawks,0022500057,2025-11-25,ATL @ WAS,L
22025,LAC,LA Clippers,0022500059,2025-11-25,LAC @ LAL,L
22025,LAL,Los Angeles Lakers,0022500059,2025-11-25,LAL vs. LAC,W
22025,WAS,Washington Wizards,0022500057,2025-11-25,WAS vs. ATL,W
22025,MIL,Milwaukee Bucks,0022500062,2025-11-26,MIL @ MIA,L
22025,MIN,Minnesota Timberwolves,0022500064,2025-11-26,MIN @ OKC,L
22025,NYK,New York Knicks,0022500061,2025-11-26,NYK @ CHA,W
22025,IND,Indiana Pacers,0022500063,2025-11-26,IND @ TOR,L
22025,PHX,Phoenix Suns,0022500068,2025-11-26,PHX @ SAC,W
22025,POR,Portland Trail Blazers,0022500067,2025-11-26,POR vs. SAS,L
22025,SAC,Sacramento Kings,0022500068,2025-11-26,SAC vs. PHX,L
22025,SAS,San Antonio Spurs,0022500067,2025-11-26,SAS @ POR,W
22025,OKC,Oklahoma City Thunder,0022500064,2025-11-26,OKC vs. MIN,W
22025,TOR,Toronto Raptors,0022500063,2025-11-26,TOR vs. IND,W
22025,BOS,Boston Celtics,0022500060,2025-11-26,BOS vs. DET,W
22025,NOP,New Orleans Pelicans,0022500065,2025-11-26,NOP vs. MEM,L
22025,GSW,Golden State Warriors,0022500066,2025-11-26,GSW vs. HOU,L
22025,HOU,Houston Rockets,0022500066,2025-11-26,HOU @ GSW,W
22025,MIA,Miami Heat,0022500062,2025-11-26,MIA vs. MIL,W
22025,MEM,Memphis Grizzlies,0022500065,2025-11-26,MEM @ NOP,W
22025,DET,Detroit Pistons,0022500060,2025-11-26,DET @ BOS,L
22025,CHA,Charlotte Hornets,0022500061,2025-11-26,CHA vs. NYK,L
22025,MIL,Milwaukee Bucks,0022500074,2025-11-28,MIL @ NYK,L
22025,BKN,Brooklyn Nets,0022500070,2025-11-28,BKN vs. PHI,L
22025,NYK,New York Knicks,0022500074,2025-11-28,NYK vs. MIL,W
22025,ORL,Orlando Magic,0022500072,2025-11-28,ORL @ DET,W
22025,IND,Indiana Pacers,0022500073,2025-11-28,IND vs. WAS,W
22025,PHI,Philadelphia 76ers,0022500070,2025-11-28,PHI @ BKN,W
22025,PHX,Phoenix Suns,0022500075,2025-11-28,PHX @ OKC,L
22025,SAC,Sacramento Kings,0022500077,2025-11-28,SAC @ UTA,L
22025,SAS,San Antonio Spurs,0022500076,2025-11-28,SAS @ DEN,W
22025,OKC,Oklahoma City Thunder,0022500075,2025-11-28,OKC vs. PHX,W
22025,ATL,Atlanta Hawks,0022500069,2025-11-28,ATL vs. CLE,W
22025,CLE,Cleveland Cavaliers,0022500069,2025-11-28,CLE @ ATL,L
22025,CHI,Chicago Bulls,0022500071,2025-11-28,CHI @ CHA,L
22025,DAL,Dallas Mavericks,0022500078,2025-11-28,DAL @ LAL,L
22025,DEN,Denver Nuggets,0022500076,2025-11-28,DEN vs. SAS,L
22025,LAC,LA Clippers,0022500079,2025-11-28,LAC vs. MEM,L
22025,LAL,Los Angeles Lakers,0022500078,2025-11-28,LAL vs. DAL,W
22025,UTA,Utah Jazz,0022500077,2025-11-28,UTA vs. SAC,W
22025,MEM,Memphis Grizzlies,0022500079,2025-11-28,MEM @ LAC,W
22025,WAS,Washington Wizards,0022500073,2025-11-28,WAS @ IND,L
22025,DET,Detroit Pistons,0022500072,2025-11-28,DET vs. ORL,L
22025,CHA,Charlotte Hornets,0022500071,2025-11-28,CHA vs. CHI,W
22025,MIL,Milwaukee Bucks,0022500297,2025-11-29,MIL vs. BKN,W
22025,MIN,Minnesota Timberwolves,0022500293,2025-11-29,MIN vs. BOS,W
22025,BKN,Brooklyn Nets,0022500297,2025-11-29,BKN @ MIL,L
22025,IND,Indiana Pacers,0022500295,2025-11-29,IND vs. CHI,W
22025,PHX,Phoenix Suns,0022500299,2025-11-29,PHX vs. DEN,L
22025,TOR,Toronto Raptors,0022500294,2025-11-29,TOR @ CHA,L
22025,BOS,Boston Celtics,0022500293,2025-11-29,BOS @ MIN,L
22025,NOP,New Orleans Pelicans,0022500298,2025-11-29,NOP @ GSW,L
22025,CHI,Chicago Bulls,0022500295,2025-11-29,CHI @ IND,L
22025,DAL,Dallas Mavericks,0022500300,2025-11-29,DAL @ LAC,W
22025,DEN,Denver Nuggets,0022500299,2025-11-29,DEN @ PHX,W
22025,GSW,Golden State Warriors,0022500298,2025-11-29,GSW vs. NOP,W
22025,LAC,LA Clippers,0022500300,2025-11-29,LAC vs. DAL,L
22025,MIA,Miami Heat,0022500296,2025-11-29,MIA vs. DET,L
22025,DET,Detroit Pistons,0022500296,2025-11-29,DET @ MIA,W
22025,CHA,Charlotte Hornets,0022500294,2025-11-29,CHA vs. TOR,W
22025,MIN,Minnesota Timberwolves,0022500306,2025-11-30,MIN vs. SAS,W
22025,NYK,New York Knicks,0022500303,2025-11-30,NYK vs. TOR,W
22025,PHI,Philadelphia 76ers,0022500304,2025-11-30,PHI vs. ATL,L
22025,POR,Portland Trail Blazers,0022500305,2025-11-30,POR vs. OKC,L
22025,SAC,Sacramento Kings,0022500307,2025-11-30,SAC vs. MEM,L
22025,SAS,San Antonio Spurs,0022500306,2025-11-30,SAS @ MIN,L
22025,OKC,Oklahoma City Thunder,0022500305,2025-11-30,OKC @ POR,W
22025,TOR,Toronto Raptors,0022500303,2025-11-30,TOR @ NYK,L
22025,ATL,Atlanta Hawks,0022500304,2025-11-30,ATL @ PHI,W
22025,BOS,Boston Celtics,0022500302,2025-11-30,BOS @ CLE,W
22025,CLE,Cleveland Cavaliers,0022500302,2025-11-30,CLE vs. BOS,L
22025,NOP,New Orleans Pelicans,0022500308,2025-11-30,NOP @ LAL,L
22025,HOU,Houston Rockets,0022500301,2025-11-30,HOU @ UTA,W
22025,LAL,Los Angeles Lakers,0022500308,2025-11-30,LAL vs. NOP,W
22025,UTA,Utah Jazz,0022500301,2025-11-30,UTA vs. HOU,L
22025,MEM,Memphis Grizzlies,0022500307,2025-11-30,MEM @ SAC,W
22025,MIL,Milwaukee Bucks,0022500311,2025-12-01,MIL @ WAS,L
22025,BKN,Brooklyn Nets,0022500312,2025-12-01,BKN vs. CHA,W
22025,ORL,Orlando Magic,0022500314,2025-12-01,ORL vs. CHI,W
22025,IND,Indiana Pacers,0022500310,2025-12-01,IND vs. CLE,L
22025,PHX,Phoenix Suns,0022500317,2025-12-01,PHX @ LAL,W
22025,ATL,Atlanta Hawks,0022500309,2025-12-01,ATL @ DET,L
22025,CLE,Cleveland Cavaliers,0022500310,2025-12-01,CLE @ IND,W
22025,CHI,Chicago Bulls,0022500314,2025-12-01,CHI @ ORL,L
22025,DAL,Dallas Mavericks,0022500315,2025-12-01,DAL @ DEN,W
22025,DEN,Denver Nuggets,0022500315,2025-12-01,DEN vs. DAL,L
22025,HOU,Houston Rockets,0022500316,2025-12-01,HOU @ UTA,L
22025,LAC,LA Clippers,0022500313,2025-12-01,LAC @ MIA,L
22025,LAL,Los Angeles Lakers,0022500317,2025-12-01,LAL vs. PHX,L
22025,MIA,Miami Heat,0022500313,2025-12-01,MIA vs. LAC,W
22025,UTA,Utah Jazz,0022500316,2025-12-01,UTA vs. HOU,W
22025,WAS,Washington Wizards,0022500311,2025-12-01,WAS vs. MIL,W
22025,DET,Detroit Pistons,0022500309,2025-12-01,DET vs. ATL,W
22025,CHA,Charlotte Hornets,0022500312,2025-12-01,CHA @ BKN,L
22025,MIN,Minnesota Timberwolves,0022500321,2025-12-02,MIN @ NOP,W
22025,NYK,New York Knicks,0022500320,2025-12-02,NYK @ BOS,L
22025,PHI,Philadelphia 76ers,0022500318,2025-12-02,PHI vs. WAS,W
22025,POR,Portland Trail Blazers,0022500319,2025-12-02,POR @ TOR,L
22025,SAS,San Antonio Spurs,0022500322,2025-12-02,SAS vs. MEM,W
22025,OKC,Oklahoma City Thunder,0022500323,2025-12-02,OKC @ GSW,W
22025,TOR,Toronto Raptors,0022500319,2025-12-02,TOR vs. POR,W
22025,BOS,Boston Celtics,0022500320,2025-12-02,BOS vs. NYK,W
22025,NOP,New Orleans Pelicans,0022500321,2025-12-02,NOP vs. MIN,L
22025,GSW,Golden State Warriors,0022500323,2025-12-02,GSW vs. OKC,L
22025,MEM,Memphis Grizzlies,0022500322,2025-12-02,MEM @ SAS,L
22025,WAS,Washington Wizards,0022500318,2025-12-02,WAS @ PHI,L
22025,MIL,Milwaukee Bucks,0022500331,2025-12-03,MIL vs. DET,W
22025,BKN,Brooklyn Nets,0022500329,2025-12-03,BKN @ CHI,W
22025,NYK,New York Knicks,0022500328,2025-12-03,NYK vs. CHA,W
22025,ORL,Orlando Magic,0022500326,2025-12-03,ORL vs. SAS,L
22025,IND,Indiana Pacers,0022500325,2025-12-03,IND vs. DEN,L
22025,POR,Portland Trail Blazers,0022500324,2025-12-03,POR @ CLE,W
22025,SAC,Sacramento Kings,0022500330,2025-12-03,SAC @ HOU,L
22025,SAS,San Antonio Spurs,0022500326,2025-12-03,SAS @ ORL,W
22025,ATL,Atlanta Hawks,0022500327,2025-12-03,ATL vs. LAC,L
22025,CLE,Cleveland Cavaliers,0022500324,2025-12-03,CLE vs. POR,L
22025,CHI,Chicago Bulls,0022500329,2025-12-03,CHI vs. BKN,L
22025,DAL,Dallas Mavericks,0022500332,2025-12-03,DAL vs. MIA,W
22025,DEN,Denver Nuggets,0022500325,2025-12-03,DEN @ IND,W
22025,HOU,Houston Rockets,0022500330,2025-12-03,HOU vs. SAC,W
22025,LAC,LA Clippers,0022500327,2025-12-03,LAC @ ATL,W
22025,MIA,Miami Heat,0022500332,2025-12-03,MIA @ DAL,L
22025,DET,Detroit Pistons,0022500331,2025-12-03,DET @ MIL,L
22025,CHA,Charlotte Hornets,0022500328,2025-12-03,CHA @ NYK,L
22025,MIN,Minnesota Timberwolves,0022500337,2025-12-04,MIN @ NOP,W
22025,BKN,Brooklyn Nets,0022500335,2025-12-04,BKN vs. UTA,L
22025,PHI,Philadelphia 76ers,0022500333,2025-12-04,PHI vs. GSW,W
22025,TOR,Toronto Raptors,0022500336,2025-12-04,TOR vs. LAL,L
22025,BOS,Boston Celtics,0022500334,2025-12-04,BOS @ WAS,W
22025,NOP,New Orleans Pelicans,0022500337,2025-12-04,NOP vs. MIN,L
22025,GSW,Golden State Warriors,0022500333,2025-12-04,GSW @ PHI,L
22025,LAL,Los Angeles Lakers,0022500336,2025-12-04,LAL @ TOR,W
22025,UTA,Utah Jazz,0022500335,2025-12-04,UTA @ BKN,W
22025,WAS,Washington Wizards,0022500334,2025-12-04,WAS vs. BOS,L
22025,MIL,Milwaukee Bucks,0022500348,2025-12-05,MIL vs. PHI,L
22025,NYK,New York Knicks,0022500343,2025-12-05,NYK vs. UTA,W
22025,ORL,Orlando Magic,0022500339,2025-12-05,ORL vs. MIA,W
22025,IND,Indiana Pacers,0022500345,2025-12-05,IND @ CHI,W
22025,PHI,Philadelphia 76ers,0022500348,2025-12-05,PHI @ MIL,W
22025,PHX,Phoenix Suns,0022500346,2025-12-05,PHX @ HOU,L
22025,POR,Portland Trail Blazers,0022500342,2025-12-05,POR @ DET,L
22025,SAS,San Antonio Spurs,0022500341,2025-12-05,SAS @ CLE,L
22025,OKC,Oklahoma City Thunder,0022500349,2025-12-05,OKC vs. DAL,W
22025,TOR,Toronto Raptors,0022500344,2025-12-05,TOR vs. CHA,L
22025,ATL,Atlanta Hawks,0022500340,2025-12-05,ATL vs. DEN,L
22025,BOS,Boston Celtics,0022500338,2025-12-05,BOS vs. LAL,W
22025,CLE,Cleveland Cavaliers,0022500341,2025-12-05,CLE vs. SAS,W
22025,CHI,Chicago Bulls,0022500345,2025-12-05,CHI vs. IND,L
22025,DAL,Dallas Mavericks,0022500349,2025-12-05,DAL @ OKC,L
22025,DEN,Denver Nuggets,0022500340,2025-12-05,DEN @ ATL,W
22025,HOU,Houston Rockets,0022500346,2025-12-05,HOU vs. PHX,W
22025,LAC,LA Clippers,0022500347,2025-12-05,LAC @ MEM,L
22025,LAL,Los Angeles Lakers,0022500338,2025-12-05,LAL @ BOS,L
22025,MIA,Miami Heat,0022500339,2025-12-05,MIA @ ORL,L
22025,UTA,Utah Jazz,0022500343,2025-12-05,UTA @ NYK,L
22025,MEM,Memphis Grizzlies,0022500347,2025-12-05,MEM vs. LAC,W
22025,DET,Detroit Pistons,0022500342,2025-12-05,DET vs. POR,W
22025,CHA,Charlotte Hornets,0022500344,2025-12-05,CHA @ TOR,W
22025,MIL,Milwaukee Bucks,0022500353,2025-12-06,MIL @ DET,L
22025,MIN,Minnesota Timberwolves,0022500355,2025-12-06,MIN vs. LAC,W
22025,BKN,Brooklyn Nets,0022500350,2025-12-06,BKN vs. NOP,W
22025,SAC,Sacramento Kings,0022500354,2025-12-06,SAC @ MIA,W
22025,ATL,Atlanta Hawks,0022500351,2025-12-06,ATL @ WAS,W
22025,CLE,Cleveland Cavaliers,0022500352,2025-12-06,CLE vs. GSW,L
22025,NOP,New Orleans Pelicans,0022500350,2025-12-06,NOP @ BKN,L
22025,DAL,Dallas Mavericks,0022500356,2025-12-06,DAL vs. HOU,W
22025,GSW,Golden State Warriors,0022500352,2025-12-06,GSW @ CLE,W
22025,HOU,Houston Rockets,0022500356,2025-12-06,HOU @ DAL,L
22025,LAC,LA Clippers,0022500355,2025-12-06,LAC @ MIN,L
22025,MIA,Miami Heat,0022500354,2025-12-06,MIA vs. SAC,L
22025,WAS,Washington Wizards,0022500351,2025-12-06,WAS vs. ATL,L
22025,DET,Detroit Pistons,0022500353,2025-12-06,DET vs. MIL,W
22025,NYK,New York Knicks,0022500357,2025-12-07,NYK vs. ORL,W
22025,ORL,Orlando Magic,0022500357,2025-12-07,ORL @ NYK,L
22025,PHI,Philadelphia 76ers,0022500362,2025-12-07,PHI vs. LAL,L
22025,POR,Portland Trail Blazers,0022500360,2025-12-07,POR @ MEM,L
22025,OKC,Oklahoma City Thunder,0022500363,2025-12-07,OKC @ UTA,W
22025,TOR,Toronto Raptors,0022500358,2025-12-07,TOR vs. BOS,L
22025,BOS,Boston Celtics,0022500358,2025-12-07,BOS @ TOR,W
22025,CHI,Chicago Bulls,0022500361,2025-12-07,CHI vs. GSW,L
22025,DEN,Denver Nuggets,0022500359,2025-12-07,DEN @ CHA,W
22025,GSW,Golden State Warriors,0022500361,2025-12-07,GSW @ CHI,W
22025,LAL,Los Angeles Lakers,0022500362,2025-12-07,LAL @ PHI,W
22025,UTA,Utah Jazz,0022500363,2025-12-07,UTA vs. OKC,L
22025,MEM,Memphis Grizzlies,0022500360,2025-12-07,MEM vs. POR,W
22025,CHA,Charlotte Hornets,0022500359,2025-12-07,CHA vs. DEN,L
22025,MIN,Minnesota Timberwolves,0022500365,2025-12-08,MIN vs. PHX,L
22025,IND,Indiana Pacers,0022500364,2025-12-08,IND vs. SAC,W
22025,PHX,Phoenix Suns,0022500365,2025-12-08,PHX @ MIN,W
22025,SAC,Sacramento Kings,0022500364,2025-12-08,SAC @ IND,L
22025,SAS,San Antonio Spurs,0022500366,2025-12-08,SAS @ NOP,W
22025,NOP,New Orleans Pelicans,0022500366,2025-12-08,NOP vs. SAS,L
22025,NYK,New York Knicks,0022501202,2025-12-09,NYK @ TOR,W
22025,ORL,Orlando Magic,0022501201,2025-12-09,ORL vs. MIA,W
22025,TOR,Toronto Raptors,0022501202,2025-12-09,TOR vs. NYK,L
22025,MIA,Miami Heat,0022501201,2025-12-09,MIA @ ORL,L
22025,PHX,Phoenix Suns,0022501203,2025-12-10,PHX @ OKC,L
22025,SAS,San Antonio Spurs,0022501204,2025-12-10,SAS @ LAL,W
22025,OKC,Oklahoma City Thunder,0022501203,2025-12-10,OKC vs. PHX,W
22025,LAL,Los Angeles Lakers,0022501204,2025-12-10,LAL vs. SAS,L
22025,MIL,Milwaukee Bucks,0022501206,2025-12-11,MIL vs. BOS,W
22025,POR,Portland Trail Blazers,0022501207,2025-12-11,POR @ NOP,L
22025,SAC,Sacramento Kings,0022501208,2025-12-11,SAC vs. DEN,L
22025,BOS,Boston Celtics,0022501206,2025-12-11,BOS @ MIL,L
22025,NOP,New Orleans Pelicans,0022501207,2025-12-11,NOP vs. POR,W
22025,DEN,Denver Nuggets,0022501208,2025-12-11,DEN @ SAC,W
22025,HOU,Houston Rockets,0022501205,2025-12-11,HOU vs. LAC,W
22025,LAC,LA Clippers,0022501205,2025-12-11,LAC @ HOU,L
22025,MIN,Minnesota Timberwolves,0022501215,2025-12-12,MIN @ GSW,W
22025,BKN,Brooklyn Nets,0022501214,2025-12-12,BKN @ DAL,L
22025,IND,Indiana Pacers,0022501211,2025-12-12,IND @ PHI,L
22025,PHI,Philadelphia 76ers,0022501211,2025-12-12,PHI vs. IND,W
22025,ATL,Atlanta Hawks,0022501210,2025-12-12,ATL @ DET,L
22025,CLE,Cleveland Cavaliers,0022501212,2025-12-12,CLE @ WAS,W
22025,CHI,Chicago Bulls,0022501209,2025-12-12,CHI @ CHA,W
22025,DAL,Dallas Mavericks,0022501214,2025-12-12,DAL vs. BKN,W
22025,GSW,Golden State Warriors,0022501215,2025-12-12,GSW vs. MIN,L
22025,UTA,Utah Jazz,0022501213,2025-12-12,UTA @ MEM,W
22025,MEM,Memphis Grizzlies,0022501213,2025-12-12,MEM vs. UTA,L
22025,WAS,Washington Wizards,0022501212,2025-12-12,WAS vs. CLE,L
22025,DET,Detroit Pistons,0022501210,2025-12-12,DET vs. ATL,W
22025,CHA,Charlotte Hornets,0022501209,2025-12-12,CHA vs. CHI,L
22025,NYK,New York Knicks,0022501229,2025-12-13,NYK @ ORL,W
22025,ORL,Orlando Magic,0022501229,2025-12-13,ORL @ NYK,L
22025,SAS,San Antonio Spurs,0022501230,2025-12-13,SAS @ OKC,W
22025,OKC,Oklahoma City Thunder,0022501230,2025-12-13,OKC @ SAS,L
22025,MIL,Milwaukee Bucks,0022501219,2025-12-14,MIL @ BKN,L
22025,MIN,Minnesota Timberwolves,0022501220,2025-12-14,MIN vs. SAC,W
22025,BKN,Brooklyn Nets,0022501219,2025-12-14,BKN vs. MIL,W
22025,IND,Indiana Pacers,0022501216,2025-12-14,IND vs. WAS,L
22025,PHI,Philadelphia 76ers,0022501217,2025-12-14,PHI @ ATL,L
22025,PHX,Phoenix Suns,0022501228,2025-12-14,PHX vs. LAL,L
22025,POR,Portland Trail Blazers,0022501221,2025-12-14,POR vs. GSW,W
22025,SAC,Sacramento Kings,0022501220,2025-12-14,SAC @ MIN,L
22025,ATL,Atlanta Hawks,0022501217,2025-12-14,ATL vs. PHI,W
22025,CLE,Cleveland Cavaliers,0022501218,2025-12-14,CLE vs. CHA,L
22025,NOP,New Orleans Pelicans,0022501223,2025-12-14,NOP @ CHI,W
22025,CHI,Chicago Bulls,0022501223,2025-12-14,CHI vs. NOP,L
22025,GSW,Golden State Warriors,0022501221,2025-12-14,GSW @ POR,L
22025,LAL,Los Angeles Lakers,0022501228,2025-12-14,LAL @ PHX,W
22025,WAS,Washington Wizards,0022501216,2025-12-14,WAS @ IND,W
22025,CHA,Charlotte Hornets,0022501218,2025-12-14,CHA @ CLE,W
22025,TOR,Toronto Raptors,0022501227,2025-12-15,TOR @ MIA,W
22025,BOS,Boston Celtics,0022501222,2025-12-15,BOS vs. DET,L
22025,DAL,Dallas Mavericks,0022501224,2025-12-15,DAL @ UTA,L
22025,DEN,Denver Nuggets,0022501225,2025-12-15,DEN vs. HOU,W
22025,HOU,Houston Rockets,0022501225,2025-12-15,HOU @ DEN,L
22025,LAC,LA Clippers,0022501226,2025-12-15,LAC vs. MEM,L
22025,MIA,Miami Heat,0022501227,2025-12-15,MIA vs. TOR,L
22025,UTA,Utah Jazz,0022501224,2025-12-15,UTA vs. DAL,W
22025,MEM,Memphis Grizzlies,0022501226,2025-12-15,MEM @ LAC,W
22025,DET,Detroit Pistons,0022501222,2025-12-15,DET @ BOS,W
22025,MIN,Minnesota Timberwolves,0022500368,2025-12-17,MIN vs. MEM,L
22025,CLE,Cleveland Cavaliers,0022500367,2025-12-17,CLE @ CHI,L
22025,CHI,Chicago Bulls,0022500367,2025-12-17,CHI vs. CLE,W
22025,MEM,Memphis Grizzlies,0022500368,2025-12-17,MEM @ MIN,W
22025,MIL,Milwaukee Bucks,0022500374,2025-12-18,MIL vs. TOR,L
22025,BKN,Brooklyn Nets,0022500373,2025-12-18,BKN vs. MIA,L
22025,NYK,New York Knicks,0022500372,2025-12-18,NYK @ IND,W
22025,ORL,Orlando Magic,0022500377,2025-12-18,ORL @ DEN,L
22025,IND,Indiana Pacers,0022500372,2025-12-18,IND vs. NYK,L
22025,PHX,Phoenix Suns,0022500378,2025-12-18,PHX vs. GSW,W
22025,POR,Portland Trail Blazers,0022500380,2025-12-18,POR vs. SAC,W
22025,SAC,Sacramento Kings,0022500380,2025-12-18,SAC @ POR,L
22025,SAS,San Antonio Spurs,0022500370,2025-12-18,SAS vs. WAS,W
22025,OKC,Oklahoma City Thunder,0022500369,2025-12-18,OKC vs. LAC,W
22025,TOR,Toronto Raptors,0022500374,2025-12-18,TOR @ MIL,W
22025,ATL,Atlanta Hawks,0022500371,2025-12-18,ATL @ CHA,L
22025,NOP,New Orleans Pelicans,0022500375,2025-12-18,NOP vs. HOU,W
22025,DAL,Dallas Mavericks,0022500376,2025-12-18,DAL vs. DET,W
22025,DEN,Denver Nuggets,0022500377,2025-12-18,DEN vs. ORL,W
22025,GSW,Golden State Warriors,0022500378,2025-12-18,GSW @ PHX,L
22025,HOU,Houston Rockets,0022500375,2025-12-18,HOU @ NOP,L
22025,LAC,LA Clippers,0022500369,2025-12-18,LAC @ OKC,L
22025,LAL,Los Angeles Lakers,0022500379,2025-12-18,LAL @ UTA,W
22025,MIA,Miami Heat,0022500373,2025-12-18,MIA @ BKN,W
22025,UTA,Utah Jazz,0022500379,2025-12-18,UTA vs. LAL,L
22025,WAS,Washington Wizards,0022500370,2025-12-18,WAS @ SAS,L
22025,DET,Detroit Pistons,0022500376,2025-12-18,DET @ DAL,L
22025,CHA,Charlotte Hornets,0022500371,2025-12-18,CHA vs. ATL,W
22025,MIN,Minnesota Timberwolves,0022500385,2025-12-19,MIN vs. OKC,W
22025,NYK,New York Knicks,0022500382,2025-12-19,NYK vs. PHI,L
22025,PHI,Philadelphia 76ers,0022500382,2025-12-19,PHI @ NYK,W
22025,SAS,San Antonio Spurs,0022500383,2025-12-19,SAS @ ATL,W
22025,OKC,Oklahoma City Thunder,0022500385,2025-12-19,OKC @ MIN,L
22025,ATL,Atlanta Hawks,0022500383,2025-12-19,ATL vs. SAS,L
22025,BOS,Boston Celtics,0022500381,2025-12-19,BOS vs. MIA,W
22025,CLE,Cleveland Cavaliers,0022500384,2025-12-19,CLE vs. CHI,L
22025,CHI,Chicago Bulls,0022500384,2025-12-19,CHI @ CLE,W
22025,MIA,Miami Heat,0022500381,2025-12-19,MIA @ BOS,L
22025,ORL,Orlando Magic,0022500393,2025-12-20,ORL @ UTA,W
22025,IND,Indiana Pacers,0022500389,2025-12-20,IND @ NOP,L
22025,PHI,Philadelphia 76ers,0022500387,2025-12-20,PHI vs. DAL,W
22025,PHX,Phoenix Suns,0022500392,2025-12-20,PHX @ GSW,L
22025,POR,Portland Trail Blazers,0022500394,2025-12-20,POR @ SAC,W
22025,SAC,Sacramento Kings,0022500394,2025-12-20,SAC vs. POR,L
22025,TOR,Toronto Raptors,0022500388,2025-12-20,TOR vs. BOS,L
22025,BOS,Boston Celtics,0022500388,2025-12-20,BOS @ TOR,W
22025,NOP,New Orleans Pelicans,0022500389,2025-12-20,NOP vs. IND,W
22025,DAL,Dallas Mavericks,0022500387,2025-12-20,DAL @ PHI,L
22025,DEN,Denver Nuggets,0022500386,2025-12-20,DEN vs. HOU,L
22025,GSW,Golden State Warriors,0022500392,2025-12-20,GSW vs. PHX,W
22025,HOU,Houston Rockets,0022500386,2025-12-20,HOU @ DEN,W
22025,LAC,LA Clippers,0022500395,2025-12-20,LAC vs. LAL,W
22025,LAL,Los Angeles Lakers,0022500395,2025-12-20,LAL @ LAC,L
22025,UTA,Utah Jazz,0022500393,2025-12-20,UTA vs. ORL,L
22025,MEM,Memphis Grizzlies,0022500391,2025-12-20,MEM vs. WAS,L
22025,WAS,Washington Wizards,0022500391,2025-12-20,WAS @ MEM,W
22025,DET,Detroit Pistons,0022500390,2025-12-20,DET vs. CHA,W
22025,CHA,Charlotte Hornets,0022500390,2025-12-20,CHA @ DET,L
22025,MIL,Milwaukee Bucks,0022500400,2025-12-21,MIL @ MIN,L
22025,MIN,Minnesota Timberwolves,0022500400,2025-12-21,MIN vs. MIL,W
22025,BKN,Brooklyn Nets,0022500397,2025-12-21,BKN vs. TOR,W
22025,NYK,New York Knicks,0022500398,2025-12-21,NYK vs. MIA,W
22025,SAC,Sacramento Kings,0022500401,2025-12-21,SAC vs. HOU,W
22025,SAS,San Antonio Spurs,0022500399,2025-12-21,SAS @ WAS,W
22025,TOR,Toronto Raptors,0022500397,2025-12-21,TOR @ BKN,L
22025,ATL,Atlanta Hawks,0022500396,2025-12-21,ATL vs. CHI,L
22025,CHI,Chicago Bulls,0022500396,2025-12-21,CHI @ ATL,W
22025,HOU,Houston Rockets,0022500401,2025-12-21,HOU @ SAC,L
22025,MIA,Miami Heat,0022500398,2025-12-21,MIA @ NYK,L
22025,WAS,Washington Wizards,0022500399,2025-12-21,WAS vs. SAS,L
22025,ORL,Orlando Magic,0022500407,2025-12-22,ORL @ GSW,L
22025,IND,Indiana Pacers,0022500403,2025-12-22,IND @ BOS,L
22025,POR,Portland Trail Blazers,0022500408,2025-12-22,POR vs. DET,L
22025,OKC,Oklahoma City Thunder,0022500406,2025-12-22,OKC vs. MEM,W
22025,BOS,Boston Celtics,0022500403,2025-12-22,BOS vs. IND,W
22025,CLE,Cleveland Cavaliers,0022500402,2025-12-22,CLE vs. CHA,W
22025,NOP,New Orleans Pelicans,0022500404,2025-12-22,NOP vs. DAL,W
22025,DAL,Dallas Mavericks,0022500404,2025-12-22,DAL @ NOP,L
22025,DEN,Denver Nuggets,0022500405,2025-12-22,DEN vs. UTA,W
22025,GSW,Golden State Warriors,0022500407,2025-12-22,GSW vs. ORL,W
22025,UTA,Utah Jazz,0022500405,2025-12-22,UTA @ DEN,L
22025,MEM,Memphis Grizzlies,0022500406,2025-12-22,MEM @ OKC,L
22025,DET,Detroit Pistons,0022500408,2025-12-22,DET @ POR,W
22025,CHA,Charlotte Hornets,0022500402,2025-12-22,CHA @ CLE,L
22025,MIL,Milwaukee Bucks,0022500413,2025-12-23,MIL @ IND,W
22025,MIN,Minnesota Timberwolves,0022500416,2025-12-23,MIN vs. NYK,W
22025,BKN,Brooklyn Nets,0022500410,2025-12-23,BKN @ PHI,W
22025,NYK,New York Knicks,0022500416,2025-12-23,NYK @ MIN,L
22025,ORL,Orlando Magic,0022500420,2025-12-23,ORL @ POR,W
22025,IND,Indiana Pacers,0022500413,2025-12-23,IND vs. MIL,L
22025,PHI,Philadelphia 76ers,0022500410,2025-12-23,PHI vs. BKN,L
22025,PHX,Phoenix Suns,0022500418,2025-12-23,PHX vs. LAL,W
22025,POR,Portland Trail Blazers,0022500420,2025-12-23,POR vs. ORL,L
22025,SAC,Sacramento Kings,0022500421,2025-12-23,SAC vs. DET,L
22025,SAS,San Antonio Spurs,0022500417,2025-12-23,SAS vs. OKC,W
22025,OKC,Oklahoma City Thunder,0022500417,2025-12-23,OKC @ SAS,L
22025,TOR,Toronto Raptors,0022500414,2025-12-23,TOR @ MIA,W
22025,ATL,Atlanta Hawks,0022500411,2025-12-23,ATL vs. CHI,L
22025,CLE,Cleveland Cavaliers,0022500412,2025-12-23,CLE vs. NOP,W
22025,NOP,New Orleans Pelicans,0022500412,2025-12-23,NOP @ CLE,L
22025,CHI,Chicago Bulls,0022500411,2025-12-23,CHI @ ATL,W
22025,DAL,Dallas Mavericks,0022500415,2025-12-23,DAL vs. DEN,W
22025,DEN,Denver Nuggets,0022500415,2025-12-23,DEN @ DAL,L
22025,HOU,Houston Rockets,0022500422,2025-12-23,HOU @ LAC,L
22025,LAC,LA Clippers,0022500422,2025-12-23,LAC vs. HOU,W
22025,LAL,Los Angeles Lakers,0022500418,2025-12-23,LAL @ PHX,L
22025,MIA,Miami Heat,0022500414,2025-12-23,MIA vs. TOR,L
22025,UTA,Utah Jazz,0022500419,2025-12-23,UTA vs. MEM,L
22025,MEM,Memphis Grizzlies,0022500419,2025-12-23,MEM @ UTA,W
22025,WAS,Washington Wizards,0022500409,2025-12-23,WAS @ CHA,L
22025,DET,Detroit Pistons,0022500421,2025-12-23,DET @ SAC,W
22025,CHA,Charlotte Hornets,0022500409,2025-12-23,CHA vs. WAS,W
22025,MIN,Minnesota Timberwolves,0022500013,2025-12-25,MIN @ DEN,L
22025,NYK,New York Knicks,0022500009,2025-12-25,NYK vs. CLE,W
22025,SAS,San Antonio Spurs,0022500010,2025-12-25,SAS @ OKC,W
22025,OKC,Oklahoma City Thunder,0022500010,2025-12-25,OKC vs. SAS,L
22025,CLE,Cleveland Cavaliers,0022500009,2025-12-25,CLE @ NYK,L
22025,DAL,Dallas Mavericks,0022500011,2025-12-25,DAL @ GSW,L
22025,DEN,Denver Nuggets,0022500013,2025-12-25,DEN vs. MIN,W
22025,GSW,Golden State Warriors,0022500011,2025-12-25,GSW vs. DAL,W
22025,HOU,Houston Rockets,0022500012,2025-12-25,HOU @ LAL,W
22025,LAL,Los Angeles Lakers,0022500012,2025-12-25,LAL vs. HOU,L
22025,MIL,Milwaukee Bucks,0022500428,2025-12-26,MIL @ MEM,L
22025,ORL,Orlando Magic,0022500424,2025-12-26,ORL vs. CHA,L
22025,IND,Indiana Pacers,0022500426,2025-12-26,IND vs. BOS,L
22025,PHI,Philadelphia 76ers,0022500427,2025-12-26,PHI @ CHI,L
22025,PHX,Phoenix Suns,0022500429,2025-12-26,PHX @ NOP,W
22025,POR,Portland Trail Blazers,0022500431,2025-12-26,POR vs. LAC,L
22025,TOR,Toronto Raptors,0022500425,2025-12-26,TOR @ WAS,L
22025,ATL,Atlanta Hawks,0022500423,2025-12-26,ATL vs. MIA,L
22025,BOS,Boston Celtics,0022500426,2025-12-26,BOS @ IND,W
22025,NOP,New Orleans Pelicans,0022500429,2025-12-26,NOP vs. PHX,L
22025,CHI,Chicago Bulls,0022500427,2025-12-26,CHI vs. PHI,W
22025,LAC,LA Clippers,0022500431,2025-12-26,LAC @ POR,W
22025,MIA,Miami Heat,0022500423,2025-12-26,MIA @ ATL,W
22025,UTA,Utah Jazz,0022500430,2025-12-26,UTA vs. DET,W
22025,MEM,Memphis Grizzlies,0022500428,2025-12-26,MEM vs. MIL,W
22025,WAS,Washington Wizards,0022500425,2025-12-26,WAS vs. TOR,W
22025,DET,Detroit Pistons,0022500430,2025-12-26,DET @ UTA,L
22025,CHA,Charlotte Hornets,0022500424,2025-12-26,CHA @ ORL,W
22025,MIL,Milwaukee Bucks,0022500437,2025-12-27,MIL @ CHI,W
22025,MIN,Minnesota Timberwolves,0022500439,2025-12-27,MIN vs. BKN,L
22025,BKN,Brooklyn Nets,0022500439,2025-12-27,BKN @ MIN,W
22025,NYK,New York Knicks,0022500435,2025-12-27,NYK @ ATL,W
22025,ORL,Orlando Magic,0022500433,2025-12-27,ORL vs. DEN,W
22025,IND,Indiana Pacers,0022500436,2025-12-27,IND @ MIA,L
22025,PHX,Phoenix Suns,0022500434,2025-12-27,PHX @ NOP,W
22025,SAC,Sacramento Kings,0022500432,2025-12-27,SAC vs. DAL,W
22025,SAS,San Antonio Spurs,0022500440,2025-12-27,SAS vs. UTA,L
22025,ATL,Atlanta Hawks,0022500435,2025-12-27,ATL vs. NYK,L
22025,CLE,Cleveland Cavaliers,0022500438,2025-12-27,CLE @ HOU,L
22025,NOP,New Orleans Pelicans,0022500434,2025-12-27,NOP vs. PHX,L
22025,CHI,Chicago Bulls,0022500437,2025-12-27,CHI vs. MIL,L
22025,DAL,Dallas Mavericks,0022500432,2025-12-27,DAL @ SAC,L
22025,DEN,Denver Nuggets,0022500433,2025-12-27,DEN @ ORL,L
22025,HOU,Houston Rockets,0022500438,2025-12-27,HOU vs. CLE,W
22025,MIA,Miami Heat,0022500436,2025-12-27,MIA vs. IND,W
22025,UTA,Utah Jazz,0022500440,2025-12-27,UTA @ SAS,W
22025,PHI,Philadelphia 76ers,0022500442,2025-12-28,PHI @ OKC,L
22025,POR,Portland Trail Blazers,0022500444,2025-12-28,POR vs. BOS,W
22025,SAC,Sacramento Kings,0022500446,2025-12-28,SAC @ LAL,L
22025,OKC,Oklahoma City Thunder,0022500442,2025-12-28,OKC vs. PHI,W
22025,TOR,Toronto Raptors,0022500441,2025-12-28,TOR vs. GSW,W
22025,BOS,Boston Celtics,0022500444,2025-12-28,BOS @ POR,L
22025,GSW,Golden State Warriors,0022500441,2025-12-28,GSW @ TOR,L
22025,LAC,LA Clippers,0022500445,2025-12-28,LAC vs. DET,W
22025,LAL,Los Angeles Lakers,0022500446,2025-12-28,LAL vs. SAC,W
22025,MEM,Memphis Grizzlies,0022500443,2025-12-28,MEM @ WAS,L
22025,WAS,Washington Wizards,0022500443,2025-12-28,WAS vs. MEM,W
22025,DET,Detroit Pistons,0022500445,2025-12-28,DET @ LAC,L
22025,MIL,Milwaukee Bucks,0022500447,2025-12-29,MIL @ CHA,W
22025,MIN,Minnesota Timberwolves,0022500452,2025-12-29,MIN @ CHI,W
22025,BKN,Brooklyn Nets,0022500449,2025-12-29,BKN vs. GSW,L
22025,NYK,New York Knicks,0022500454,2025-12-29,NYK @ NOP,W
22025,ORL,Orlando Magic,0022500451,2025-12-29,ORL @ TOR,L
22025,IND,Indiana Pacers,0022500453,2025-12-29,IND @ HOU,L
22025,PHX,Phoenix Suns,0022500448,2025-12-29,PHX @ WAS,W
22025,POR,Portland Trail Blazers,0022500457,2025-12-29,POR vs. DAL,W
22025,SAS,San Antonio Spurs,0022500456,2025-12-29,SAS vs. CLE,L
22025,OKC,Oklahoma City Thunder,0022500455,2025-12-29,OKC vs. ATL,W
22025,TOR,Toronto Raptors,0022500451,2025-12-29,TOR vs. ORL,W
22025,ATL,Atlanta Hawks,0022500455,2025-12-29,ATL @ OKC,L
22025,CLE,Cleveland Cavaliers,0022500456,2025-12-29,CLE @ SAS,W
22025,NOP,New Orleans Pelicans,0022500454,2025-12-29,NOP vs. NYK,L
22025,CHI,Chicago Bulls,0022500452,2025-12-29,CHI vs. MIN,L
22025,DAL,Dallas Mavericks,0022500457,2025-12-29,DAL @ POR,L
22025,DEN,Denver Nuggets,0022500450,2025-12-29,DEN @ MIA,L
22025,GSW,Golden State Warriors,0022500449,2025-12-29,GSW @ BKN,W
22025,HOU,Houston Rockets,0022500453,2025-12-29,HOU vs. IND,W
22025,MIA,Miami Heat,0022500450,2025-12-29,MIA vs. DEN,W
22025,WAS,Washington Wizards,0022500448,2025-12-29,WAS vs. PHX,L
22025,CHA,Charlotte Hornets,0022500447,2025-12-29,CHA vs. MIL,L
22025,PHI,Philadelphia 76ers,0022500458,2025-12-30,PHI @ MEM,W
22025,SAC,Sacramento Kings,0022500461,2025-12-30,SAC @ LAC,L
22025,BOS,Boston Celtics,0022500459,2025-12-30,BOS @ UTA,W
22025,LAC,LA Clippers,0022500461,2025-12-30,LAC vs. SAC,W
22025,LAL,Los Angeles Lakers,0022500460,2025-12-30,LAL vs. DET,L
22025,UTA,Utah Jazz,0022500459,2025-12-30,UTA vs. BOS,L
22025,MEM,Memphis Grizzlies,0022500458,2025-12-30,MEM vs. PHI,L
22025,DET,Detroit Pistons,0022500460,2025-12-30,DET @ LAL,W
22025,MIL,Milwaukee Bucks,0022500469,2025-12-31,MIL vs. WAS,L
22025,MIN,Minnesota Timberwolves,0022500463,2025-12-31,MIN @ ATL,L
22025,NYK,New York Knicks,0022500467,2025-12-31,NYK @ SAS,L
22025,ORL,Orlando Magic,0022500464,2025-12-31,ORL @ IND,W
22025,IND,Indiana Pacers,0022500464,2025-12-31,IND vs. ORL,L
22025,PHX,Phoenix Suns,0022500465,2025-12-31,PHX @ CLE,L
22025,POR,Portland Trail Blazers,0022500470,2025-12-31,POR @ OKC,L
22025,SAS,San Antonio Spurs,0022500467,2025-12-31,SAS vs. NYK,W
22025,OKC,Oklahoma City Thunder,0022500470,2025-12-31,OKC vs. POR,W
22025,TOR,Toronto Raptors,0022500468,2025-12-31,TOR vs. DEN,L
22025,ATL,Atlanta Hawks,0022500463,2025-12-31,ATL vs. MIN,W
22025,CLE,Cleveland Cavaliers,0022500465,2025-12-31,CLE vs. PHX,W
22025,NOP,New Orleans Pelicans,0022500466,2025-12-31,NOP @ CHI,L
22025,CHI,Chicago Bulls,0022500466,2025-12-31,CHI vs. NOP,W
22025,DEN,Denver Nuggets,0022500468,2025-12-31,DEN @ TOR,W
22025,GSW,Golden State Warriors,0022500462,2025-12-31,GSW @ CHA,W
22025,WAS,Washington Wizards,0022500469,2025-12-31,WAS @ MIL,W
22025,CHA,Charlotte Hornets,0022500462,2025-12-31,CHA vs. GSW,L
22025,BKN,Brooklyn Nets,0022500471,2026-01-01,BKN vs. HOU,L
22025,PHI,Philadelphia 76ers,0022500473,2026-01-01,PHI @ DAL,W
22025,SAC,Sacramento Kings,0022500474,2026-01-01,SAC vs. BOS,L
22025,BOS,Boston Celtics,0022500474,2026-01-01,BOS @ SAC,W
22025,DAL,Dallas Mavericks,0022500473,2026-01-01,DAL vs. PHI,L
22025,HOU,Houston Rockets,0022500471,2026-01-01,HOU @ BKN,W
22025,LAC,LA Clippers,0022500475,2026-01-01,LAC vs. UTA,W
22025,MIA,Miami Heat,0022500472,2026-01-01,MIA @ DET,W
22025,UTA,Utah Jazz,0022500475,2026-01-01,UTA @ LAC,L
22025,DET,Detroit Pistons,0022500472,2026-01-01,DET vs. MIA,L
22025,MIL,Milwaukee Bucks,0022500481,2026-01-02,MIL vs. CHA,W
22025,BKN,Brooklyn Nets,0022500477,2026-01-02,BKN @ WAS,L
22025,NYK,New York Knicks,0022500479,2026-01-02,NYK vs. ATL,L
22025,ORL,Orlando Magic,0022500480,2026-01-02,ORL @ CHI,L
22025,IND,Indiana Pacers,0022500476,2026-01-02,IND vs. SAS,L
22025,PHX,Phoenix Suns,0022500483,2026-01-02,PHX vs. SAC,W
22025,POR,Portland Trail Blazers,0022500482,2026-01-02,POR @ NOP,W
22025,SAC,Sacramento Kings,0022500483,2026-01-02,SAC @ PHX,L
22025,SAS,San Antonio Spurs,0022500476,2026-01-02,SAS @ IND,W
22025,OKC,Oklahoma City Thunder,0022500484,2026-01-02,OKC @ GSW,W
22025,ATL,Atlanta Hawks,0022500479,2026-01-02,ATL @ NYK,W
22025,CLE,Cleveland Cavaliers,0022500478,2026-01-02,CLE vs. DEN,W
22025,NOP,New Orleans Pelicans,0022500482,2026-01-02,NOP vs. POR,L
22025,CHI,Chicago Bulls,0022500480,2026-01-02,CHI vs. ORL,W
22025,DEN,Denver Nuggets,0022500478,2026-01-02,DEN @ CLE,L
22025,GSW,Golden State Warriors,0022500484,2026-01-02,GSW vs. OKC,L
22025,LAL,Los Angeles Lakers,0022500485,2026-01-02,LAL vs. MEM,W
22025,MEM,Memphis Grizzlies,0022500485,2026-01-02,MEM @ LAL,L
22025,WAS,Washington Wizards,0022500477,2026-01-02,WAS vs. BKN,W
22025,CHA,Charlotte Hornets,0022500481,2026-01-02,CHA @ MIL,L
22025,MIN,Minnesota Timberwolves,0022500486,2026-01-03,MIN @ MIA,W
22025,NYK,New York Knicks,0022500487,2026-01-03,NYK vs. PHI,L
22025,PHI,Philadelphia 76ers,0022500487,2026-01-03,PHI @ NYK,W
22025,POR,Portland Trail Blazers,0022500490,2026-01-03,POR @ SAS,W
22025,SAS,San Antonio Spurs,0022500490,2026-01-03,SAS vs. POR,L
22025,TOR,Toronto Raptors,0022500488,2026-01-03,TOR vs. ATL,W
22025,ATL,Atlanta Hawks,0022500488,2026-01-03,ATL @ TOR,L
22025,BOS,Boston Celtics,0022500493,2026-01-03,BOS @ LAC,W
22025,CHI,Chicago Bulls,0022500489,2026-01-03,CHI vs. CHA,L
22025,DAL,Dallas Mavericks,0022500491,2026-01-03,DAL vs. HOU,W
22025,GSW,Golden State Warriors,0022500492,2026-01-03,GSW vs. UTA,W
22025,HOU,Houston Rockets,0022500491,2026-01-03,HOU @ DAL,L
22025,LAC,LA Clippers,0022500493,2026-01-03,LAC vs. BOS,L
22025,MIA,Miami Heat,0022500486,2026-01-03,MIA vs. MIN,L
22025,UTA,Utah Jazz,0022500492,2026-01-03,UTA @ GSW,L
22025,CHA,Charlotte Hornets,0022500489,2026-01-03,CHA @ CHI,W
22025,MIL,Milwaukee Bucks,0022500500,2026-01-04,MIL @ SAC,W
22025,MIN,Minnesota Timberwolves,0022500498,2026-01-04,MIN @ WAS,W
22025,BKN,Brooklyn Nets,0022500496,2026-01-04,BKN vs. DEN,W
22025,ORL,Orlando Magic,0022500495,2026-01-04,ORL vs. IND,W
22025,IND,Indiana Pacers,0022500495,2026-01-04,IND @ ORL,L
22025,PHX,Phoenix Suns,0022500499,2026-01-04,PHX vs. OKC,W
22025,SAC,Sacramento Kings,0022500500,2026-01-04,SAC vs. MIL,L
22025,OKC,Oklahoma City Thunder,0022500499,2026-01-04,OKC @ PHX,L
22025,CLE,Cleveland Cavaliers,0022500494,2026-01-04,CLE vs. DET,L
22025,NOP,New Orleans Pelicans,0022500497,2026-01-04,NOP @ MIA,L
22025,DEN,Denver Nuggets,0022500496,2026-01-04,DEN @ BKN,L
22025,LAL,Los Angeles Lakers,0022500501,2026-01-04,LAL vs. MEM,W
22025,MIA,Miami Heat,0022500497,2026-01-04,MIA vs. NOP,W
22025,MEM,Memphis Grizzlies,0022500501,2026-01-04,MEM @ LAL,L
22025,WAS,Washington Wizards,0022500498,2026-01-04,WAS vs. MIN,L
22025,DET,Detroit Pistons,0022500494,2026-01-04,DET @ CLE,W
22025,NYK,New York Knicks,0022500502,2026-01-05,NYK @ DET,L
22025,PHI,Philadelphia 76ers,0022500507,2026-01-05,PHI vs. DEN,L
22025,PHX,Phoenix Suns,0022500505,2026-01-05,PHX @ HOU,L
22025,POR,Portland Trail Blazers,0022500509,2026-01-05,POR vs. UTA,W
22025,OKC,Oklahoma City Thunder,0022500506,2026-01-05,OKC vs. CHA,L
22025,TOR,Toronto Raptors,0022500504,2026-01-05,TOR vs. ATL,W
22025,ATL,Atlanta Hawks,0022500504,2026-01-05,ATL @ TOR,L
22025,BOS,Boston Celtics,0022500503,2026-01-05,BOS vs. CHI,W
22025,CHI,Chicago Bulls,0022500503,2026-01-05,CHI @ BOS,L
22025,DEN,Denver Nuggets,0022500507,2026-01-05,DEN @ PHI,W
22025,GSW,Golden State Warriors,0022500508,2026-01-05,GSW @ LAC,L
22025,HOU,Houston Rockets,0022500505,2026-01-05,HOU vs. PHX,W
22025,LAC,LA Clippers,0022500508,2026-01-05,LAC vs. GSW,W
22025,UTA,Utah Jazz,0022500509,2026-01-05,UTA @ POR,L
22025,DET,Detroit Pistons,0022500502,2026-01-05,DET vs. NYK,W
22025,CHA,Charlotte Hornets,0022500506,2026-01-05,CHA @ OKC,W
22025,MIN,Minnesota Timberwolves,0022500513,2026-01-06,MIN vs. MIA,W
22025,ORL,Orlando Magic,0022500511,2026-01-06,ORL @ WAS,L
22025,IND,Indiana Pacers,0022500510,2026-01-06,IND vs. CLE,L
22025,SAC,Sacramento Kings,0022500515,2026-01-06,SAC vs. DAL,L
22025,SAS,San Antonio Spurs,0022500512,2026-01-06,SAS @ MEM,L
22025,CLE,Cleveland Cavaliers,0022500510,2026-01-06,CLE @ IND,W
22025,NOP,New Orleans Pelicans,0022500514,2026-01-06,NOP vs. LAL,L
22025,DAL,Dallas Mavericks,0022500515,2026-01-06,DAL @ SAC,W
22025,LAL,Los Angeles Lakers,0022500514,2026-01-06,LAL @ NOP,W
22025,MIA,Miami Heat,0022500513,2026-01-06,MIA @ MIN,L
22025,MEM,Memphis Grizzlies,0022500512,2026-01-06,MEM vs. SAS,W
22025,WAS,Washington Wizards,0022500511,2026-01-06,WAS vs. ORL,W
22025,MIL,Milwaukee Bucks,0022500526,2026-01-07,MIL @ GSW,L
22025,BKN,Brooklyn Nets,0022500521,2026-01-07,BKN vs. ORL,L
22025,NYK,New York Knicks,0022500522,2026-01-07,NYK vs. LAC,W
22025,ORL,Orlando Magic,0022500521,2026-01-07,ORL @ BKN,W
22025,PHI,Philadelphia 76ers,0022500518,2026-01-07,PHI vs. WAS,W
22025,PHX,Phoenix Suns,0022500524,2026-01-07,PHX @ MEM,W
22025,POR,Portland Trail Blazers,0022500527,2026-01-07,POR vs. HOU,W
22025,SAS,San Antonio Spurs,0022500523,2026-01-07,SAS vs. LAL,W
22025,OKC,Oklahoma City Thunder,0022500525,2026-01-07,OKC vs. UTA,W
22025,TOR,Toronto Raptors,0022500516,2026-01-07,TOR @ CHA,W
22025,ATL,Atlanta Hawks,0022500519,2026-01-07,ATL vs. NOP,W
22025,BOS,Boston Celtics,0022500520,2026-01-07,BOS vs. DEN,L
22025,NOP,New Orleans Pelicans,0022500519,2026-01-07,NOP @ ATL,L
22025,CHI,Chicago Bulls,0022500517,2026-01-07,CHI @ DET,L
22025,DEN,Denver Nuggets,0022500520,2026-01-07,DEN @ BOS,W
22025,GSW,Golden State Warriors,0022500526,2026-01-07,GSW vs. MIL,W
22025,HOU,Houston Rockets,0022500527,2026-01-07,HOU @ POR,L
22025,LAC,LA Clippers,0022500522,2026-01-07,LAC @ NYK,L
22025,LAL,Los Angeles Lakers,0022500523,2026-01-07,LAL @ SAS,L
22025,UTA,Utah Jazz,0022500525,2026-01-07,UTA @ OKC,L
22025,MEM,Memphis Grizzlies,0022500524,2026-01-07,MEM vs. PHX,L
22025,WAS,Washington Wizards,0022500518,2026-01-07,WAS @ PHI,L
22025,DET,Detroit Pistons,0022500517,2026-01-07,DET vs. CHI,W
22025,CHA,Charlotte Hornets,0022500516,2026-01-07,CHA vs. TOR,L
22025,MIN,Minnesota Timberwolves,0022500530,2026-01-08,MIN vs. CLE,W
22025,IND,Indiana Pacers,0022500528,2026-01-08,IND @ CHA,W
22025,CLE,Cleveland Cavaliers,0022500530,2026-01-08,CLE @ MIN,L
22025,DAL,Dallas Mavericks,0022500531,2026-01-08,DAL @ UTA,L
22025,UTA,Utah Jazz,0022500531,2026-01-08,UTA vs. DAL,W
22025,CHA,Charlotte Hornets,0022500528,2026-01-08,CHA vs. IND,L
22025,MIL,Milwaukee Bucks,0022500541,2026-01-09,MIL @ LAL,W
22025,BKN,Brooklyn Nets,0022500535,2026-01-09,BKN vs. LAC,L
22025,NYK,New York Knicks,0022500538,2026-01-09,NYK @ PHX,L
22025,ORL,Orlando Magic,0022500533,2026-01-09,ORL vs. PHI,L
22025,PHI,Philadelphia 76ers,0022500533,2026-01-09,PHI @ ORL,W
22025,PHX,Phoenix Suns,0022500538,2026-01-09,PHX vs. NYK,W
22025,POR,Portland Trail Blazers,0022500540,2026-01-09,POR vs. HOU,W
22025,SAC,Sacramento Kings,0022500539,2026-01-09,SAC @ GSW,L
22025,OKC,Oklahoma City Thunder,0022500536,2026-01-09,OKC @ MEM,W
22025,TOR,Toronto Raptors,0022500532,2026-01-09,TOR @ BOS,L
22025,ATL,Atlanta Hawks,0022500537,2026-01-09,ATL @ DEN,W
22025,BOS,Boston Celtics,0022500532,2026-01-09,BOS vs. TOR,W
22025,NOP,New Orleans Pelicans,0022500534,2026-01-09,NOP @ WAS,W
22025,DEN,Denver Nuggets,0022500537,2026-01-09,DEN vs. ATL,L
22025,GSW,Golden State Warriors,0022500539,2026-01-09,GSW vs. SAC,W
22025,HOU,Houston Rockets,0022500540,2026-01-09,HOU @ POR,L
22025,LAC,LA Clippers,0022500535,2026-01-09,LAC @ BKN,W
22025,LAL,Los Angeles Lakers,0022500541,2026-01-09,LAL vs. MIL,L
22025,MEM,Memphis Grizzlies,0022500536,2026-01-09,MEM vs. OKC,L
22025,WAS,Washington Wizards,0022500534,2026-01-09,WAS vs. NOP,L
22025,MIN,Minnesota Timberwolves,0022500542,2026-01-10,MIN @ CLE,L
22025,IND,Indiana Pacers,0022500543,2026-01-10,IND vs. MIA,W
22025,SAS,San Antonio Spurs,0022500545,2026-01-10,SAS @ BOS,W
22025,BOS,Boston Celtics,0022500545,2026-01-10,BOS vs. SAS,L
22025,CLE,Cleveland Cavaliers,0022500542,2026-01-10,CLE vs. MIN,W
22025,CHI,Chicago Bulls,0022500546,2026-01-10,CHI vs. DAL,W
22025,DAL,Dallas Mavericks,0022500546,2026-01-10,DAL @ CHI,L
22025,LAC,LA Clippers,0022500544,2026-01-10,LAC @ DET,W
22025,MIA,Miami Heat,0022500543,2026-01-10,MIA @ IND,L
22025,UTA,Utah Jazz,0022500547,2026-01-10,UTA vs. CHA,L
22025,DET,Detroit Pistons,0022500544,2026-01-10,DET vs. LAC,L
22025,CHA,Charlotte Hornets,0022500547,2026-01-10,CHA @ UTA,W
22025,MIL,Milwaukee Bucks,0022500554,2026-01-11,MIL @ DEN,L
22025,MIN,Minnesota Timberwolves,0022500552,2026-01-11,MIN vs. SAS,W
22025,BKN,Brooklyn Nets,0022500549,2026-01-11,BKN @ MEM,L
22025,NYK,New York Knicks,0022500551,2026-01-11,NYK @ POR,W
22025,ORL,Orlando Magic,0022500548,2026-01-11,ORL vs. NOP,W
22025,PHI,Philadelphia 76ers,0022500550,2026-01-11,PHI @ TOR,L
22025,PHX,Phoenix Suns,0022500555,2026-01-11,PHX vs. WAS,W
22025,POR,Portland Trail Blazers,0022500551,2026-01-11,POR vs. NYK,L
22025,SAC,Sacramento Kings,0022500557,2026-01-11,SAC vs. HOU,W
22025,SAS,San Antonio Spurs,0022500552,2026-01-11,SAS @ MIN,L
22025,OKC,Oklahoma City Thunder,0022500553,2026-01-11,OKC vs. MIA,W
22025,TOR,Toronto Raptors,0022500550,2026-01-11,TOR vs. PHI,W
22025,ATL,Atlanta Hawks,0022500556,2026-01-11,ATL @ GSW,W
22025,NOP,New Orleans Pelicans,0022500548,2026-01-11,NOP @ ORL,L
22025,DEN,Denver Nuggets,0022500554,2026-01-11,DEN vs. MIL,W
22025,GSW,Golden State Warriors,0022500556,2026-01-11,GSW vs. ATL,L
22025,HOU,Houston Rockets,0022500557,2026-01-11,HOU @ SAC,L
22025,MIA,Miami Heat,0022500553,2026-01-11,MIA @ OKC,L
22025,MEM,Memphis Grizzlies,0022500549,2026-01-11,MEM vs. BKN,W
22025,WAS,Washington Wizards,0022500555,2026-01-11,WAS @ PHX,L
22025,BKN,Brooklyn Nets,0022500561,2026-01-12,BKN @ DAL,L
22025,IND,Indiana Pacers,0022500559,2026-01-12,IND vs. BOS,W
22025,PHI,Philadelphia 76ers,0022500560,2026-01-12,PHI @ TOR,W
22025,SAC,Sacramento Kings,0022500562,2026-01-12,SAC vs. LAL,W
22025,TOR,Toronto Raptors,0022500560,2026-01-12,TOR vs. PHI,L
22025,BOS,Boston Celtics,0022500559,2026-01-12,BOS @ IND,L
22025,CLE,Cleveland Cavaliers,0022500558,2026-01-12,CLE vs. UTA,L
22025,DAL,Dallas Mavericks,0022500561,2026-01-12,DAL vs. BKN,W
22025,LAC,LA Clippers,0022500563,2026-01-12,LAC vs. CHA,W
22025,LAL,Los Angeles Lakers,0022500562,2026-01-12,LAL @ SAC,L
22025,UTA,Utah Jazz,0022500558,2026-01-12,UTA @ CLE,W
22025,CHA,Charlotte Hornets,0022500563,2026-01-12,CHA @ LAC,L
22025,MIL,Milwaukee Bucks,0022500566,2026-01-13,MIL vs. MIN,L
22025,MIN,Minnesota Timberwolves,0022500566,2026-01-13,MIN @ MIL,W
22025,PHX,Phoenix Suns,0022500564,2026-01-13,PHX @ MIA,L
22025,POR,Portland Trail Blazers,0022500570,2026-01-13,POR @ GSW,L
22025,SAS,San Antonio Spurs,0022500568,2026-01-13,SAS @ OKC,L
22025,OKC,Oklahoma City Thunder,0022500568,2026-01-13,OKC vs. SAS,W
22025,ATL,Atlanta Hawks,0022500569,2026-01-13,ATL @ LAL,L
22025,NOP,New Orleans Pelicans,0022500567,2026-01-13,NOP vs. DEN,L
22025,CHI,Chicago Bulls,0022500565,2026-01-13,CHI @ HOU,L
22025,DEN,Denver Nuggets,0022500567,2026-01-13,DEN @ NOP,W
22025,GSW,Golden State Warriors,0022500570,2026-01-13,GSW vs. POR,W
22025,HOU,Houston Rockets,0022500565,2026-01-13,HOU vs. CHI,W
22025,LAL,Los Angeles Lakers,0022500569,2026-01-13,LAL vs. ATL,W
22025,MIA,Miami Heat,0022500564,2026-01-13,MIA vs. PHX,W
22025,BKN,Brooklyn Nets,0022500574,2026-01-14,BKN @ NOP,L
22025,NYK,New York Knicks,0022500576,2026-01-14,NYK @ SAC,L
22025,IND,Indiana Pacers,0022500571,2026-01-14,IND vs. TOR,L
22025,PHI,Philadelphia 76ers,0022500572,2026-01-14,PHI vs. CLE,L
22025,SAC,Sacramento Kings,0022500576,2026-01-14,SAC vs. NYK,W
22025,TOR,Toronto Raptors,0022500571,2026-01-14,TOR @ IND,W
22025,CLE,Cleveland Cavaliers,0022500572,2026-01-14,CLE @ PHI,W
22025,NOP,New Orleans Pelicans,0022500574,2026-01-14,NOP vs. BKN,W
22025,CHI,Chicago Bulls,0022500573,2026-01-14,CHI vs. UTA,W
22025,DAL,Dallas Mavericks,0022500575,2026-01-14,DAL vs. DEN,L
22025,DEN,Denver Nuggets,0022500575,2026-01-14,DEN @ DAL,W
22025,LAC,LA Clippers,0022500577,2026-01-14,LAC vs. WAS,W
22025,UTA,Utah Jazz,0022500573,2026-01-14,UTA @ CHI,L
22025,WAS,Washington Wizards,0022500577,2026-01-14,WAS @ LAC,L
22025,MIL,Milwaukee Bucks,0022500582,2026-01-15,MIL @ SAS,L
22025,NYK,New York Knicks,0022500584,2026-01-15,NYK @ GSW,L
22025,ORL,Orlando Magic,0022500578,2026-01-15,ORL @ MEM,W
22025,PHX,Phoenix Suns,0022500579,2026-01-15,PHX @ DET,L
22025,POR,Portland Trail Blazers,0022500585,2026-01-15,POR vs. ATL,W
22025,SAS,San Antonio Spurs,0022500582,2026-01-15,SAS vs. MIL,W
22025,OKC,Oklahoma City Thunder,0022500581,2026-01-15,OKC @ HOU,W
22025,ATL,Atlanta Hawks,0022500585,2026-01-15,ATL @ POR,L
22025,BOS,Boston Celtics,0022500580,2026-01-15,BOS @ MIA,W
22025,DAL,Dallas Mavericks,0022500583,2026-01-15,DAL vs. UTA,W
22025,GSW,Golden State Warriors,0022500584,2026-01-15,GSW vs. NYK,W
22025,HOU,Houston Rockets,0022500581,2026-01-15,HOU vs. OKC,L
22025,LAL,Los Angeles Lakers,0022500586,2026-01-15,LAL vs. CHA,L
22025,MIA,Miami Heat,0022500580,2026-01-15,MIA vs. BOS,L
22025,UTA,Utah Jazz,0022500583,2026-01-15,UTA @ DAL,L
22025,MEM,Memphis Grizzlies,0022500578,2026-01-15,MEM @ ORL,L
22025,DET,Detroit Pistons,0022500579,2026-01-15,DET vs. PHX,W
22025,CHA,Charlotte Hornets,0022500586,2026-01-15,CHA @ LAL,W
22025,MIN,Minnesota Timberwolves,0022500591,2026-01-16,MIN @ HOU,L
22025,BKN,Brooklyn Nets,0022500587,2026-01-16,BKN vs. CHI,W
22025,IND,Indiana Pacers,0022500588,2026-01-16,IND vs. NOP,W
22025,PHI,Philadelphia 76ers,0022500589,2026-01-16,PHI vs. CLE,L
22025,SAC,Sacramento Kings,0022500592,2026-01-16,SAC vs. WAS,W
22025,TOR,Toronto Raptors,0022500590,2026-01-16,TOR vs. LAC,L
22025,CLE,Cleveland Cavaliers,0022500589,2026-01-16,CLE @ PHI,W
22025,NOP,New Orleans Pelicans,0022500588,2026-01-16,NOP @ IND,L
22025,CHI,Chicago Bulls,0022500587,2026-01-16,CHI @ BKN,L
22025,HOU,Houston Rockets,0022500591,2026-01-16,HOU vs. MIN,W
22025,LAC,LA Clippers,0022500590,2026-01-16,LAC @ TOR,W
22025,WAS,Washington Wizards,0022500592,2026-01-16,WAS @ SAC,L
22025,MIN,Minnesota Timberwolves,0022500598,2026-01-17,MIN @ SAS,L
22025,NYK,New York Knicks,0022500596,2026-01-17,NYK vs. PHX,L
22025,IND,Indiana Pacers,0022500595,2026-01-17,IND @ DET,L
22025,PHX,Phoenix Suns,0022500596,2026-01-17,PHX @ NYK,W
22025,POR,Portland Trail Blazers,0022500601,2026-01-17,POR vs. LAL,W
22025,SAS,San Antonio Spurs,0022500598,2026-01-17,SAS vs. MIN,W
22025,OKC,Oklahoma City Thunder,0022500597,2026-01-17,OKC @ MIA,L
22025,ATL,Atlanta Hawks,0022500594,2026-01-17,ATL vs. BOS,L
22025,BOS,Boston Celtics,0022500594,2026-01-17,BOS @ ATL,W
22025,DAL,Dallas Mavericks,0022500593,2026-01-17,DAL vs. UTA,W
22025,DEN,Denver Nuggets,0022500600,2026-01-17,DEN vs. WAS,W
22025,GSW,Golden State Warriors,0022500599,2026-01-17,GSW vs. CHA,W
22025,LAL,Los Angeles Lakers,0022500601,2026-01-17,LAL @ POR,L
22025,MIA,Miami Heat,0022500597,2026-01-17,MIA vs. OKC,W
22025,UTA,Utah Jazz,0022500593,2026-01-17,UTA @ DAL,L
22025,WAS,Washington Wizards,0022500600,2026-01-17,WAS @ DEN,L
22025,DET,Detroit Pistons,0022500595,2026-01-17,DET vs. IND,W
22025,CHA,Charlotte Hornets,0022500599,2026-01-17,CHA @ GSW,L
22025,BKN,Brooklyn Nets,0022500603,2026-01-18,BKN @ CHI,L
22025,ORL,Orlando Magic,0022500602,2026-01-18,ORL @ MEM,L
22025,POR,Portland Trail Blazers,0022500606,2026-01-18,POR @ SAC,W
22025,SAC,Sacramento Kings,0022500606,2026-01-18,SAC vs. POR,L
22025,TOR,Toronto Raptors,0022500607,2026-01-18,TOR @ LAL,L
22025,NOP,New Orleans Pelicans,0022500604,2026-01-18,NOP @ HOU,L
22025,CHI,Chicago Bulls,0022500603,2026-01-18,CHI vs. BKN,W
22025,DEN,Denver Nuggets,0022500605,2026-01-18,DEN vs. CHA,L
22025,HOU,Houston Rockets,0022500604,2026-01-18,HOU vs. NOP,W
22025,LAL,Los Angeles Lakers,0022500607,2026-01-18,LAL vs. TOR,W
22025,MEM,Memphis Grizzlies,0022500602,2026-01-18,MEM @ ORL,W
22025,CHA,Charlotte Hornets,0022500605,2026-01-18,CHA @ DEN,W
22025,MIL,Milwaukee Bucks,0022500014,2026-01-19,MIL @ ATL,W
22025,BKN,Brooklyn Nets,0022500610,2026-01-19,BKN vs. PHX,L
22025,NYK,New York Knicks,0022500016,2026-01-19,NYK vs. DAL,L
22025,IND,Indiana Pacers,0022500609,2026-01-19,IND @ PHI,L
22025,PHI,Philadelphia 76ers,0022500609,2026-01-19,PHI vs. IND,W
22025,PHX,Phoenix Suns,0022500610,2026-01-19,PHX @ BKN,W
22025,SAS,San Antonio Spurs,0022500611,2026-01-19,SAS vs. UTA,W
22025,OKC,Oklahoma City Thunder,0022500015,2026-01-19,OKC @ CLE,W
22025,ATL,Atlanta Hawks,0022500014,2026-01-19,ATL vs. MIL,L
22025,BOS,Boston Celtics,0022500017,2026-01-19,BOS @ DET,L
22025,CLE,Cleveland Cavaliers,0022500015,2026-01-19,CLE vs. OKC,L
22025,DAL,Dallas Mavericks,0022500016,2026-01-19,DAL @ NYK,W
22025,GSW,Golden State Warriors,0022500612,2026-01-19,GSW vs. MIA,W
22025,LAC,LA Clippers,0022500608,2026-01-19,LAC @ WAS,W
22025,MIA,Miami Heat,0022500612,2026-01-19,MIA @ GSW,L
22025,UTA,Utah Jazz,0022500611,2026-01-19,UTA @ SAS,L
22025,WAS,Washington Wizards,0022500608,2026-01-19,WAS vs. LAC,L
22025,DET,Detroit Pistons,0022500017,2026-01-19,DET vs. BOS,W
22025,MIN,Minnesota Timberwolves,0022500616,2026-01-20,MIN @ UTA,L
22025,PHI,Philadelphia 76ers,0022500613,2026-01-20,PHI vs. PHX,L
22025,PHX,Phoenix Suns,0022500613,2026-01-20,PHX @ PHI,W
22025,SAC,Sacramento Kings,0022500619,2026-01-20,SAC vs. MIA,L
22025,SAS,San Antonio Spurs,0022500615,2026-01-20,SAS @ HOU,L
22025,TOR,Toronto Raptors,0022500618,2026-01-20,TOR @ GSW,W
22025,CHI,Chicago Bulls,0022500614,2026-01-20,CHI vs. LAC,W
22025,DEN,Denver Nuggets,0022500617,2026-01-20,DEN vs. LAL,L
22025,GSW,Golden State Warriors,0022500618,2026-01-20,GSW vs. TOR,L
22025,HOU,Houston Rockets,0022500615,2026-01-20,HOU vs. SAS,W
22025,LAC,LA Clippers,0022500614,2026-01-20,LAC @ CHI,L
22025,LAL,Los Angeles Lakers,0022500617,2026-01-20,LAL @ DEN,W
22025,MIA,Miami Heat,0022500619,2026-01-20,MIA @ SAC,W
22025,UTA,Utah Jazz,0022500616,2026-01-20,UTA vs. MIN,W
22025,MIL,Milwaukee Bucks,0022500625,2026-01-21,MIL vs. OKC,L
22025,BKN,Brooklyn Nets,0022500622,2026-01-21,BKN @ NYK,L
22025,NYK,New York Knicks,0022500622,2026-01-21,NYK vs. BKN,W
22025,IND,Indiana Pacers,0022500621,2026-01-21,IND @ BOS,L
22025,SAC,Sacramento Kings,0022500626,2026-01-21,SAC vs. TOR,L
22025,OKC,Oklahoma City Thunder,0022500625,2026-01-21,OKC @ MIL,W
22025,TOR,Toronto Raptors,0022500626,2026-01-21,TOR @ SAC,W
22025,ATL,Atlanta Hawks,0022500623,2026-01-21,ATL @ MEM,W
22025,BOS,Boston Celtics,0022500621,2026-01-21,BOS vs. IND,W
22025,CLE,Cleveland Cavaliers,0022500620,2026-01-21,CLE @ CHA,W
22025,NOP,New Orleans Pelicans,0022500624,2026-01-21,NOP vs. DET,L
22025,MEM,Memphis Grizzlies,0022500623,2026-01-21,MEM vs. ATL,L
22025,DET,Detroit Pistons,0022500624,2026-01-21,DET @ NOP,W
22025,CHA,Charlotte Hornets,0022500620,2026-01-21,CHA vs. CLE,L
22025,MIN,Minnesota Timberwolves,0022500631,2026-01-22,MIN vs. CHI,L
22025,ORL,Orlando Magic,0022500627,2026-01-22,ORL vs. CHA,L
22025,PHI,Philadelphia 76ers,0022500628,2026-01-22,PHI vs. HOU,W
22025,POR,Portland Trail Blazers,0022500634,2026-01-22,POR vs. MIA,W
22025,SAS,San Antonio Spurs,0022500632,2026-01-22,SAS @ UTA,W
22025,CHI,Chicago Bulls,0022500631,2026-01-22,CHI @ MIN,W
22025,DAL,Dallas Mavericks,0022500630,2026-01-22,DAL vs. GSW,W
22025,DEN,Denver Nuggets,0022500629,2026-01-22,DEN @ WAS,W
22025,GSW,Golden State Warriors,0022500630,2026-01-22,GSW @ DAL,L
22025,HOU,Houston Rockets,0022500628,2026-01-22,HOU @ PHI,L
22025,LAC,LA Clippers,0022500633,2026-01-22,LAC vs. LAL,W
22025,LAL,Los Angeles Lakers,0022500633,2026-01-22,LAL @ LAC,L
22025,MIA,Miami Heat,0022500634,2026-01-22,MIA @ POR,L
22025,UTA,Utah Jazz,0022500632,2026-01-22,UTA vs. SAS,L
22025,WAS,Washington Wizards,0022500629,2026-01-22,WAS vs. DEN,L
22025,CHA,Charlotte Hornets,0022500627,2026-01-22,CHA @ ORL,W
22025,MIL,Milwaukee Bucks,0022500640,2026-01-23,MIL vs. DEN,L
22025,BKN,Brooklyn Nets,0022500637,2026-01-23,BKN vs. BOS,L
22025,IND,Indiana Pacers,0022500641,2026-01-23,IND @ OKC,W
22025,PHX,Phoenix Suns,0022500636,2026-01-23,PHX @ ATL,L
22025,POR,Portland Trail Blazers,0022500642,2026-01-23,POR vs. TOR,L
22025,SAC,Sacramento Kings,0022500638,2026-01-23,SAC @ CLE,L
22025,OKC,Oklahoma City Thunder,0022500641,2026-01-23,OKC vs. IND,L
22025,TOR,Toronto Raptors,0022500642,2026-01-23,TOR @ POR,W
22025,ATL,Atlanta Hawks,0022500636,2026-01-23,ATL vs. PHX,W
22025,BOS,Boston Celtics,0022500637,2026-01-23,BOS @ BKN,W
22025,CLE,Cleveland Cavaliers,0022500638,2026-01-23,CLE vs. SAC,W
22025,NOP,New Orleans Pelicans,0022500639,2026-01-23,NOP @ MEM,W
22025,DEN,Denver Nuggets,0022500640,2026-01-23,DEN @ MIL,W
22025,HOU,Houston Rockets,0022500635,2026-01-23,HOU @ DET,W
22025,MEM,Memphis Grizzlies,0022500639,2026-01-23,MEM vs. NOP,L
22025,DET,Detroit Pistons,0022500635,2026-01-23,DET vs. HOU,L
22025,NYK,New York Knicks,0022500643,2026-01-24,NYK @ PHI,W
22025,ORL,Orlando Magic,0022500646,2026-01-24,ORL vs. CLE,L
22025,PHI,Philadelphia 76ers,0022500643,2026-01-24,PHI vs. NYK,L
22025,BOS,Boston Celtics,0022500647,2026-01-24,BOS @ CHI,L
22025,CLE,Cleveland Cavaliers,0022500646,2026-01-24,CLE @ ORL,W
22025,CHI,Chicago Bulls,0022500647,2026-01-24,CHI vs. BOS,W
22025,DAL,Dallas Mavericks,0022500648,2026-01-24,DAL vs. LAL,L
22025,LAL,Los Angeles Lakers,0022500648,2026-01-24,LAL @ DAL,W
22025,MIA,Miami Heat,0022500649,2026-01-24,MIA @ UTA,W
22025,UTA,Utah Jazz,0022500649,2026-01-24,UTA vs. MIA,L
22025,WAS,Washington Wizards,0022500645,2026-01-24,WAS @ CHA,L
22025,CHA,Charlotte Hornets,0022500645,2026-01-24,CHA vs. WAS,W
22025,MIN,Minnesota Timberwolves,0022500644,2026-01-25,MIN vs. GSW,L
22025,BKN,Brooklyn Nets,0022500656,2026-01-25,BKN @ LAC,L
22025,PHX,Phoenix Suns,0022500655,2026-01-25,PHX vs. MIA,L
22025,SAC,Sacramento Kings,0022500650,2026-01-25,SAC @ DET,L
22025,SAS,San Antonio Spurs,0022500654,2026-01-25,SAS vs. NOP,L
22025,OKC,Oklahoma City Thunder,0022500653,2026-01-25,OKC vs. TOR,L
22025,TOR,Toronto Raptors,0022500653,2026-01-25,TOR @ OKC,W
22025,NOP,New Orleans Pelicans,0022500654,2026-01-25,NOP @ SAS,W
22025,GSW,Golden State Warriors,0022500644,2026-01-25,GSW @ MIN,W
22025,LAC,LA Clippers,0022500656,2026-01-25,LAC vs. BKN,W
22025,MIA,Miami Heat,0022500655,2026-01-25,MIA @ PHX,W
22025,DET,Detroit Pistons,0022500650,2026-01-25,DET vs. SAC,W
22025,MIN,Minnesota Timberwolves,0022500663,2026-01-26,MIN vs. GSW,W
22025,ORL,Orlando Magic,0022500658,2026-01-26,ORL @ CLE,L
22025,IND,Indiana Pacers,0022500659,2026-01-26,IND @ ATL,L
22025,PHI,Philadelphia 76ers,0022500657,2026-01-26,PHI @ CHA,L
22025,POR,Portland Trail Blazers,0022500660,2026-01-26,POR @ BOS,L
22025,ATL,Atlanta Hawks,0022500659,2026-01-26,ATL vs. IND,W
22025,BOS,Boston Celtics,0022500660,2026-01-26,BOS vs. POR,W
22025,CLE,Cleveland Cavaliers,0022500658,2026-01-26,CLE vs. ORL,W
22025,CHI,Chicago Bulls,0022500661,2026-01-26,CHI vs. LAL,L
22025,GSW,Golden State Warriors,0022500663,2026-01-26,GSW @ MIN,L
22025,HOU,Houston Rockets,0022500662,2026-01-26,HOU vs. MEM,W
22025,LAL,Los Angeles Lakers,0022500661,2026-01-26,LAL @ CHI,W
22025,MEM,Memphis Grizzlies,0022500662,2026-01-26,MEM @ HOU,L
22025,CHA,Charlotte Hornets,0022500657,2026-01-26,CHA vs. PHI,W
22025,MIL,Milwaukee Bucks,0022500666,2026-01-27,MIL @ PHI,L
22025,BKN,Brooklyn Nets,0022500669,2026-01-27,BKN @ PHX,L
22025,NYK,New York Knicks,0022500665,2026-01-27,NYK vs. SAC,W
22025,PHI,Philadelphia 76ers,0022500666,2026-01-27,PHI vs. MIL,W
22025,PHX,Phoenix Suns,0022500669,2026-01-27,PHX vs. BKN,W
22025,POR,Portland Trail Blazers,0022500664,2026-01-27,POR @ WAS,L
22025,SAC,Sacramento Kings,0022500665,2026-01-27,SAC @ NYK,L
22025,OKC,Oklahoma City Thunder,0022500667,2026-01-27,OKC vs. NOP,W
22025,NOP,New Orleans Pelicans,0022500667,2026-01-27,NOP @ OKC,L
22025,DEN,Denver Nuggets,0022500668,2026-01-27,DEN vs. DET,L
22025,LAC,LA Clippers,0022500670,2026-01-27,LAC @ UTA,W
22025,UTA,Utah Jazz,0022500670,2026-01-27,UTA vs. LAC,L
22025,WAS,Washington Wizards,0022500664,2026-01-27,WAS vs. POR,W
22025,DET,Detroit Pistons,0022500668,2026-01-27,DET @ DEN,W
22025,MIN,Minnesota Timberwolves,0022500677,2026-01-28,MIN @ DAL,W
22025,NYK,New York Knicks,0022500675,2026-01-28,NYK @ TOR,W
22025,ORL,Orlando Magic,0022500674,2026-01-28,ORL @ MIA,W
22025,IND,Indiana Pacers,0022500672,2026-01-28,IND vs. CHI,W
22025,SAS,San Antonio Spurs,0022500679,2026-01-28,SAS @ HOU,W
22025,TOR,Toronto Raptors,0022500675,2026-01-28,TOR vs. NYK,L
22025,ATL,Atlanta Hawks,0022500673,2026-01-28,ATL @ BOS,W
22025,BOS,Boston Celtics,0022500673,2026-01-28,BOS vs. ATL,L
22025,CLE,Cleveland Cavaliers,0022500671,2026-01-28,CLE vs. LAL,W
22025,CHI,Chicago Bulls,0022500672,2026-01-28,CHI @ IND,L
22025,DAL,Dallas Mavericks,0022500677,2026-01-28,DAL vs. MIN,L
22025,GSW,Golden State Warriors,0022500678,2026-01-28,GSW @ UTA,W
22025,HOU,Houston Rockets,0022500679,2026-01-28,HOU vs. SAS,L
22025,LAL,Los Angeles Lakers,0022500671,2026-01-28,LAL @ CLE,L
22025,MIA,Miami Heat,0022500674,2026-01-28,MIA vs. ORL,L
22025,UTA,Utah Jazz,0022500678,2026-01-28,UTA vs. GSW,L
22025,MEM,Memphis Grizzlies,0022500676,2026-01-28,MEM vs. CHA,L
22025,CHA,Charlotte Hornets,0022500676,2026-01-28,CHA @ MEM,W
22025,MIL,Milwaukee Bucks,0022500681,2026-01-29,MIL @ WAS,L
22025,MIN,Minnesota Timberwolves,0022500686,2026-01-29,MIN vs. OKC,W
22025,BKN,Brooklyn Nets,0022500684,2026-01-29,BKN @ DEN,L
22025,PHI,Philadelphia 76ers,0022500680,2026-01-29,PHI vs. SAC,W
22025,PHX,Phoenix Suns,0022500685,2026-01-29,PHX vs. DET,W
22025,SAC,Sacramento Kings,0022500680,2026-01-29,SAC @ PHI,L
22025,OKC,Oklahoma City Thunder,0022500686,2026-01-29,OKC @ MIN,L
22025,ATL,Atlanta Hawks,0022500682,2026-01-29,ATL vs. HOU,L
22025,CHI,Chicago Bulls,0022500529,2026-01-29,CHI vs. MIA,L
22025,DAL,Dallas Mavericks,0022500683,2026-01-29,DAL vs. CHA,L
22025,DEN,Denver Nuggets,0022500684,2026-01-29,DEN vs. BKN,W
22025,HOU,Houston Rockets,0022500682,2026-01-29,HOU @ ATL,W
22025,MIA,Miami Heat,0022500529,2026-01-29,MIA @ CHI,W
22025,WAS,Washington Wizards,0022500681,2026-01-29,WAS vs. MIL,W
22025,DET,Detroit Pistons,0022500685,2026-01-29,DET @ PHX,L
22025,CHA,Charlotte Hornets,0022500683,2026-01-29,CHA @ DAL,W
22025,BKN,Brooklyn Nets,0022500694,2026-01-30,BKN @ UTA,W
22025,NYK,New York Knicks,0022500690,2026-01-30,NYK vs. POR,W
22025,ORL,Orlando Magic,0022500687,2026-01-30,ORL vs. TOR,W
22025,PHX,Phoenix Suns,0022500693,2026-01-30,PHX vs. CLE,W
22025,POR,Portland Trail Blazers,0022500690,2026-01-30,POR @ NYK,L
22025,SAC,Sacramento Kings,0022500689,2026-01-30,SAC @ BOS,L
22025,TOR,Toronto Raptors,0022500687,2026-01-30,TOR @ ORL,L
22025,BOS,Boston Celtics,0022500689,2026-01-30,BOS vs. SAC,W
22025,CLE,Cleveland Cavaliers,0022500693,2026-01-30,CLE @ PHX,L
22025,NOP,New Orleans Pelicans,0022500691,2026-01-30,NOP vs. MEM,W
22025,DEN,Denver Nuggets,0022500695,2026-01-30,DEN vs. LAC,W
22025,GSW,Golden State Warriors,0022500696,2026-01-30,GSW vs. DET,L
22025,LAC,LA Clippers,0022500695,2026-01-30,LAC @ DEN,L
22025,LAL,Los Angeles Lakers,0022500688,2026-01-30,LAL @ WAS,W
22025,UTA,Utah Jazz,0022500694,2026-01-30,UTA vs. BKN,L
22025,MEM,Memphis Grizzlies,0022500691,2026-01-30,MEM @ NOP,L
22025,WAS,Washington Wizards,0022500688,2026-01-30,WAS vs. LAL,L
22025,DET,Detroit Pistons,0022500696,2026-01-30,DET @ GSW,W
22025,MIN,Minnesota Timberwolves,0022500700,2026-01-31,MIN @ MEM,W
22025,IND,Indiana Pacers,0022500698,2026-01-31,IND vs. ATL,W
22025,PHI,Philadelphia 76ers,0022500699,2026-01-31,PHI vs. NOP,W
22025,SAS,San Antonio Spurs,0022500697,2026-01-31,SAS @ CHA,L
22025,ATL,Atlanta Hawks,0022500698,2026-01-31,ATL @ IND,L
22025,NOP,New Orleans Pelicans,0022500699,2026-01-31,NOP @ PHI,L
22025,CHI,Chicago Bulls,0022500692,2026-01-31,CHI @ MIA,W
22025,DAL,Dallas Mavericks,0022500701,2026-01-31,DAL @ HOU,L
22025,HOU,Houston Rockets,0022500701,2026-01-31,HOU vs. DAL,W
22025,MIA,Miami Heat,0022500692,2026-01-31,MIA vs. CHI,L
22025,MEM,Memphis Grizzlies,0022500700,2026-01-31,MEM vs. MIN,L
22025,CHA,Charlotte Hornets,0022500697,2026-01-31,CHA vs. SAS,W
22025,MIL,Milwaukee Bucks,0022500702,2026-02-01,MIL @ BOS,L
22025,BKN,Brooklyn Nets,0022500704,2026-02-01,BKN @ DET,L
22025,NYK,New York Knicks,0022500708,2026-02-01,NYK vs. LAL,W
22025,ORL,Orlando Magic,0022500703,2026-02-01,ORL @ SAS,L
22025,PHX,Phoenix Suns,0022500709,2026-02-01,PHX vs. LAC,L
22025,POR,Portland Trail Blazers,0022500710,2026-02-01,POR vs. CLE,L
22025,SAC,Sacramento Kings,0022500707,2026-02-01,SAC @ WAS,L
22025,SAS,San Antonio Spurs,0022500703,2026-02-01,SAS vs. ORL,W
22025,OKC,Oklahoma City Thunder,0022500711,2026-02-01,OKC @ DEN,W
22025,TOR,Toronto Raptors,0022500706,2026-02-01,TOR vs. UTA,W
22025,BOS,Boston Celtics,0022500702,2026-02-01,BOS vs. MIL,W
22025,CLE,Cleveland Cavaliers,0022500710,2026-02-01,CLE @ POR,W
22025,CHI,Chicago Bulls,0022500705,2026-02-01,CHI @ MIA,L
22025,DEN,Denver Nuggets,0022500711,2026-02-01,DEN vs. OKC,L
22025,LAC,LA Clippers,0022500709,2026-02-01,LAC @ PHX,W
22025,LAL,Los Angeles Lakers,0022500708,2026-02-01,LAL @ NYK,L
22025,MIA,Miami Heat,0022500705,2026-02-01,MIA vs. CHI,W
22025,UTA,Utah Jazz,0022500706,2026-02-01,UTA @ TOR,L
22025,WAS,Washington Wizards,0022500707,2026-02-01,WAS vs. SAC,W
22025,DET,Detroit Pistons,0022500704,2026-02-01,DET vs. BKN,W
22025,MIN,Minnesota Timberwolves,0022500714,2026-02-02,MIN @ MEM,L
22025,IND,Indiana Pacers,0022500713,2026-02-02,IND vs. HOU,L
22025,PHI,Philadelphia 76ers,0022500715,2026-02-02,PHI @ LAC,W
22025,NOP,New Orleans Pelicans,0022500712,2026-02-02,NOP @ CHA,L
22025,HOU,Houston Rockets,0022500713,2026-02-02,HOU @ IND,W
22025,LAC,LA Clippers,0022500715,2026-02-02,LAC vs. PHI,L
22025,MEM,Memphis Grizzlies,0022500714,2026-02-02,MEM vs. MIN,W
22025,CHA,Charlotte Hornets,0022500712,2026-02-02,CHA vs. NOP,W
22025,MIL,Milwaukee Bucks,0022500722,2026-02-03,MIL vs. CHI,W
22025,BKN,Brooklyn Nets,0022500719,2026-02-03,BKN vs. LAL,L
22025,NYK,New York Knicks,0022500718,2026-02-03,NYK @ WAS,W
22025,ORL,Orlando Magic,0022500723,2026-02-03,ORL @ OKC,L
22025,IND,Indiana Pacers,0022500717,2026-02-03,IND vs. UTA,L
22025,PHI,Philadelphia 76ers,0022500724,2026-02-03,PHI @ GSW,W
22025,PHX,Phoenix Suns,0022500725,2026-02-03,PHX @ POR,W
22025,POR,Portland Trail Blazers,0022500725,2026-02-03,POR vs. PHX,L
22025,OKC,Oklahoma City Thunder,0022500723,2026-02-03,OKC vs. ORL,W
22025,ATL,Atlanta Hawks,0022500720,2026-02-03,ATL @ MIA,W
22025,BOS,Boston Celtics,0022500721,2026-02-03,BOS @ DAL,W
22025,CHI,Chicago Bulls,0022500722,2026-02-03,CHI @ MIL,L
22025,DAL,Dallas Mavericks,0022500721,2026-02-03,DAL vs. BOS,L
22025,DEN,Denver Nuggets,0022500716,2026-02-03,DEN @ DET,L
22025,GSW,Golden State Warriors,0022500724,2026-02-03,GSW vs. PHI,L
22025,LAL,Los Angeles Lakers,0022500719,2026-02-03,LAL @ BKN,W
22025,MIA,Miami Heat,0022500720,2026-02-03,MIA vs. ATL,L
22025,UTA,Utah Jazz,0022500717,2026-02-03,UTA @ IND,W
22025,WAS,Washington Wizards,0022500718,2026-02-03,WAS vs. NYK,L
22025,DET,Detroit Pistons,0022500716,2026-02-03,DET vs. DEN,W
22025,MIL,Milwaukee Bucks,0022500729,2026-02-04,MIL vs. NOP,W
22025,MIN,Minnesota Timberwolves,0022500727,2026-02-04,MIN @ TOR,W
22025,NYK,New York Knicks,0022500726,2026-02-04,NYK vs. DEN,W
22025,SAC,Sacramento Kings,0022500731,2026-02-04,SAC vs. MEM,L
22025,SAS,San Antonio Spurs,0022500730,2026-02-04,SAS vs. OKC,W
22025,OKC,Oklahoma City Thunder,0022500730,2026-02-04,OKC @ SAS,L
22025,TOR,Toronto Raptors,0022500727,2026-02-04,TOR vs. MIN,L
22025,BOS,Boston Celtics,0022500728,2026-02-04,BOS @ HOU,W
22025,CLE,Cleveland Cavaliers,0022500732,2026-02-04,CLE @ LAC,W
22025,NOP,New Orleans Pelicans,0022500729,2026-02-04,NOP @ MIL,L
22025,DEN,Denver Nuggets,0022500726,2026-02-04,DEN @ NYK,L
22025,HOU,Houston Rockets,0022500728,2026-02-04,HOU vs. BOS,L
22025,LAC,LA Clippers,0022500732,2026-02-04,LAC vs. CLE,L
22025,MEM,Memphis Grizzlies,0022500731,2026-02-04,MEM @ SAC,W
22025,BKN,Brooklyn Nets,0022500734,2026-02-05,BKN @ ORL,L
22025,ORL,Orlando Magic,0022500734,2026-02-05,ORL vs. BKN,W
22025,PHI,Philadelphia 76ers,0022500740,2026-02-05,PHI @ LAL,L
22025,PHX,Phoenix Suns,0022500739,2026-02-05,PHX vs. GSW,L
22025,SAS,San Antonio Spurs,0022500738,2026-02-05,SAS @ DAL,W
22025,TOR,Toronto Raptors,0022500736,2026-02-05,TOR vs. CHI,W
22025,ATL,Atlanta Hawks,0022500735,2026-02-05,ATL vs. UTA,W
22025,CHI,Chicago Bulls,0022500736,2026-02-05,CHI @ TOR,L
22025,DAL,Dallas Mavericks,0022500738,2026-02-05,DAL vs. SAS,L
22025,GSW,Golden State Warriors,0022500739,2026-02-05,GSW @ PHX,W
22025,HOU,Houston Rockets,0022500737,2026-02-05,HOU vs. CHA,L
22025,LAL,Los Angeles Lakers,0022500740,2026-02-05,LAL vs. PHI,W
22025,UTA,Utah Jazz,0022500735,2026-02-05,UTA @ ATL,L
22025,WAS,Washington Wizards,0022500733,2026-02-05,WAS @ DET,W
22025,DET,Detroit Pistons,0022500733,2026-02-05,DET vs. WAS,L
22025,CHA,Charlotte Hornets,0022500737,2026-02-05,CHA @ HOU,W
22025,MIL,Milwaukee Bucks,0022500743,2026-02-06,MIL vs. IND,W
22025,MIN,Minnesota Timberwolves,0022500744,2026-02-06,MIN vs. NOP,L
22025,NYK,New York Knicks,0022500742,2026-02-06,NYK @ DET,L
22025,IND,Indiana Pacers,0022500743,2026-02-06,IND @ MIL,L
22025,POR,Portland Trail Blazers,0022500745,2026-02-06,POR vs. MEM,W
22025,SAC,Sacramento Kings,0022500746,2026-02-06,SAC vs. LAC,L
22025,BOS,Boston Celtics,0022500741,2026-02-06,BOS vs. MIA,W
22025,NOP,New Orleans Pelicans,0022500744,2026-02-06,NOP @ MIN,W
22025,LAC,LA Clippers,0022500746,2026-02-06,LAC @ SAC,W
22025,MIA,Miami Heat,0022500741,2026-02-06,MIA @ BOS,L
22025,MEM,Memphis Grizzlies,0022500745,2026-02-06,MEM @ POR,L
22025,DET,Detroit Pistons,0022500742,2026-02-06,DET vs. NYK,W
22025,BKN,Brooklyn Nets,0022500747,2026-02-07,BKN vs. WAS,W
22025,ORL,Orlando Magic,0022500750,2026-02-07,ORL vs. UTA,W
22025,PHI,Philadelphia 76ers,0022500754,2026-02-07,PHI @ PHX,W
22025,PHX,Phoenix Suns,0022500754,2026-02-07,PHX vs. PHI,L
22025,POR,Portland Trail Blazers,0022500755,2026-02-07,POR vs. MEM,W
22025,SAC,Sacramento Kings,0022500756,2026-02-07,SAC vs. CLE,L
22025,SAS,San Antonio Spurs,0022500749,2026-02-07,SAS vs. DAL,W
22025,OKC,Oklahoma City Thunder,0022500748,2026-02-07,OKC vs. HOU,L
22025,ATL,Atlanta Hawks,0022500751,2026-02-07,ATL vs. CHA,L
22025,CLE,Cleveland Cavaliers,0022500756,2026-02-07,CLE @ SAC,W
22025,CHI,Chicago Bulls,0022500752,2026-02-07,CHI vs. DEN,L
22025,DAL,Dallas Mavericks,0022500749,2026-02-07,DAL @ SAS,L
22025,DEN,Denver Nuggets,0022500752,2026-02-07,DEN @ CHI,W
22025,GSW,Golden State Warriors,0022500753,2026-02-07,GSW @ LAL,L
22025,HOU,Houston Rockets,0022500748,2026-02-07,HOU @ OKC,W
22025,LAL,Los Angeles Lakers,0022500753,2026-02-07,LAL vs. GSW,W
22025,UTA,Utah Jazz,0022500750,2026-02-07,UTA @ ORL,L
22025,MEM,Memphis Grizzlies,0022500755,2026-02-07,MEM @ POR,L
22025,WAS,Washington Wizards,0022500747,2026-02-07,WAS @ BKN,L
22025,CHA,Charlotte Hornets,0022500751,2026-02-07,CHA @ ATL,W
22025,MIN,Minnesota Timberwolves,0022500760,2026-02-08,MIN vs. LAC,L
22025,NYK,New York Knicks,0022500757,2026-02-08,NYK @ BOS,W
22025,IND,Indiana Pacers,0022500759,2026-02-08,IND @ TOR,L
22025,TOR,Toronto Raptors,0022500759,2026-02-08,TOR vs. IND,W
22025,BOS,Boston Celtics,0022500757,2026-02-08,BOS vs. NYK,L
22025,LAC,LA Clippers,0022500760,2026-02-08,LAC @ MIN,W
22025,MIA,Miami Heat,0022500758,2026-02-08,MIA @ WAS,W
22025,WAS,Washington Wizards,0022500758,2026-02-08,WAS vs. MIA,L
22025,MIL,Milwaukee Bucks,0022500764,2026-02-09,MIL @ ORL,L
22025,MIN,Minnesota Timberwolves,0022500765,2026-02-09,MIN vs. ATL,W
22025,BKN,Brooklyn Nets,0022500762,2026-02-09,BKN vs. CHI,W
22025,ORL,Orlando Magic,0022500764,2026-02-09,ORL vs. MIL,W
22025,PHI,Philadelphia 76ers,0022500770,2026-02-09,PHI @ POR,L
22025,POR,Portland Trail Blazers,0022500770,2026-02-09,POR vs. PHI,W
22025,SAC,Sacramento Kings,0022500766,2026-02-09,SAC @ NOP,L
22025,OKC,Oklahoma City Thunder,0022500769,2026-02-09,OKC @ LAL,W
22025,ATL,Atlanta Hawks,0022500765,2026-02-09,ATL @ MIN,L
22025,CLE,Cleveland Cavaliers,0022500767,2026-02-09,CLE @ DEN,W
22025,NOP,New Orleans Pelicans,0022500766,2026-02-09,NOP vs. SAC,W
22025,CHI,Chicago Bulls,0022500762,2026-02-09,CHI @ BKN,L
22025,DEN,Denver Nuggets,0022500767,2026-02-09,DEN vs. CLE,L
22025,GSW,Golden State Warriors,0022500768,2026-02-09,GSW vs. MEM,W
22025,LAL,Los Angeles Lakers,0022500769,2026-02-09,LAL vs. OKC,L
22025,MIA,Miami Heat,0022500763,2026-02-09,MIA vs. UTA,L
22025,UTA,Utah Jazz,0022500763,2026-02-09,UTA @ MIA,W
22025,MEM,Memphis Grizzlies,0022500768,2026-02-09,MEM @ GSW,L
22025,DET,Detroit Pistons,0022500761,2026-02-09,DET @ CHA,W
22025,CHA,Charlotte Hornets,0022500761,2026-02-09,CHA vs. DET,L
22025,NYK,New York Knicks,0022500771,2026-02-10,NYK vs. IND,L
22025,IND,Indiana Pacers,0022500771,2026-02-10,IND @ NYK,W
22025,PHX,Phoenix Suns,0022500773,2026-02-10,PHX vs. DAL,W
22025,SAS,San Antonio Spurs,0022500774,2026-02-10,SAS @ LAL,W
22025,DAL,Dallas Mavericks,0022500773,2026-02-10,DAL @ PHX,L
22025,HOU,Houston Rockets,0022500772,2026-02-10,HOU vs. LAC,W
22025,LAC,LA Clippers,0022500772,2026-02-10,LAC @ HOU,L
22025,LAL,Los Angeles Lakers,0022500774,2026-02-10,LAL vs. SAS,L
22025,MIL,Milwaukee Bucks,0022500777,2026-02-11,MIL @ ORL,W
22025,MIN,Minnesota Timberwolves,0022500783,2026-02-11,MIN vs. POR,W
22025,BKN,Brooklyn Nets,0022500779,2026-02-11,BKN vs. IND,L
22025,NYK,New York Knicks,0022500780,2026-02-11,NYK @ PHI,W
22025,ORL,Orlando Magic,0022500777,2026-02-11,ORL vs. MIL,L
22025,IND,Indiana Pacers,0022500779,2026-02-11,IND @ BKN,W
22025,PHI,Philadelphia 76ers,0022500780,2026-02-11,PHI vs. NYK,L
22025,PHX,Phoenix Suns,0022500785,2026-02-11,PHX vs. OKC,L
22025,POR,Portland Trail Blazers,0022500783,2026-02-11,POR @ MIN,L
22025,SAC,Sacramento Kings,0022500786,2026-02-11,SAC @ UTA,L
22025,SAS,San Antonio Spurs,0022500788,2026-02-11,SAS @ GSW,W
22025,OKC,Oklahoma City Thunder,0022500785,2026-02-11,OKC @ PHX,W
22025,TOR,Toronto Raptors,0022500781,2026-02-11,TOR vs. DET,L
22025,ATL,Atlanta Hawks,0022500775,2026-02-11,ATL @ CHA,L
22025,BOS,Boston Celtics,0022500778,2026-02-11,BOS vs. CHI,W
22025,CLE,Cleveland Cavaliers,0022500776,2026-02-11,CLE vs. WAS,W
22025,NOP,New Orleans Pelicans,0022500784,2026-02-11,NOP vs. MIA,L
22025,CHI,Chicago Bulls,0022500778,2026-02-11,CHI @ BOS,L
22025,DEN,Denver Nuggets,0022500787,2026-02-11,DEN vs. MEM,W
22025,GSW,Golden State Warriors,0022500788,2026-02-11,GSW vs. SAS,L
22025,HOU,Houston Rockets,0022500782,2026-02-11,HOU vs. LAC,L
22025,LAC,LA Clippers,0022500782,2026-02-11,LAC @ HOU,W
22025,MIA,Miami Heat,0022500784,2026-02-11,MIA @ NOP,W
22025,UTA,Utah Jazz,0022500786,2026-02-11,UTA vs. SAC,W
22025,MEM,Memphis Grizzlies,0022500787,2026-02-11,MEM @ DEN,L
22025,WAS,Washington Wizards,0022500776,2026-02-11,WAS @ CLE,L
22025,DET,Detroit Pistons,0022500781,2026-02-11,DET @ TOR,W
22025,CHA,Charlotte Hornets,0022500775,2026-02-11,CHA vs. ATL,W
22025,MIL,Milwaukee Bucks,0022500789,2026-02-12,MIL @ OKC,W
22025,POR,Portland Trail Blazers,0022500790,2026-02-12,POR @ UTA,W
22025,OKC,Oklahoma City Thunder,0022500789,2026-02-12,OKC vs. MIL,L
22025,DAL,Dallas Mavericks,0022500791,2026-02-12,DAL @ LAL,L
22025,LAL,Los Angeles Lakers,0022500791,2026-02-12,LAL vs. DAL,W
22025,UTA,Utah Jazz,0022500790,2026-02-12,UTA vs. POR,L
22025,BKN,Brooklyn Nets,0022500793,2026-02-19,BKN @ CLE,L
22025,NYK,New York Knicks,0022500796,2026-02-19,NYK vs. DET,L
22025,ORL,Orlando Magic,0022500800,2026-02-19,ORL @ SAC,W
22025,IND,Indiana Pacers,0022500795,2026-02-19,IND @ WAS,L
22025,PHI,Philadelphia 76ers,0022500794,2026-02-19,PHI vs. ATL,L
22025,PHX,Phoenix Suns,0022500798,2026-02-19,PHX @ SAS,L
22025,SAC,Sacramento Kings,0022500800,2026-02-19,SAC vs. ORL,L
22025,SAS,San Antonio Spurs,0022500798,2026-02-19,SAS vs. PHX,W
22025,TOR,Toronto Raptors,0022500797,2026-02-19,TOR @ CHI,W
22025,ATL,Atlanta Hawks,0022500794,2026-02-19,ATL @ PHI,W
22025,BOS,Boston Celtics,0022500799,2026-02-19,BOS @ GSW,W
22025,CLE,Cleveland Cavaliers,0022500793,2026-02-19,CLE vs. BKN,W
22025,CHI,Chicago Bulls,0022500797,2026-02-19,CHI vs. TOR,L
22025,DEN,Denver Nuggets,0022500801,2026-02-19,DEN @ LAC,L
22025,GSW,Golden State Warriors,0022500799,2026-02-19,GSW vs. BOS,L
22025,HOU,Houston Rockets,0022500792,2026-02-19,HOU @ CHA,W
22025,LAC,LA Clippers,0022500801,2026-02-19,LAC vs. DEN,W
22025,WAS,Washington Wizards,0022500795,2026-02-19,WAS vs. IND,W
22025,DET,Detroit Pistons,0022500796,2026-02-19,DET @ NYK,W
22025,CHA,Charlotte Hornets,0022500792,2026-02-19,CHA vs. HOU,L
22025,MIL,Milwaukee Bucks,0022500807,2026-02-20,MIL @ NOP,W
22025,MIN,Minnesota Timberwolves,0022500806,2026-02-20,MIN vs. DAL,W
22025,BKN,Brooklyn Nets,0022500808,2026-02-20,BKN @ OKC,L
22025,IND,Indiana Pacers,0022500803,2026-02-20,IND @ WAS,L
22025,POR,Portland Trail Blazers,0022500810,2026-02-20,POR vs. DEN,L
22025,OKC,Oklahoma City Thunder,0022500808,2026-02-20,OKC vs. BKN,W
22025,ATL,Atlanta Hawks,0022500805,2026-02-20,ATL vs. MIA,L
22025,CLE,Cleveland Cavaliers,0022500802,2026-02-20,CLE @ CHA,W
22025,NOP,New Orleans Pelicans,0022500807,2026-02-20,NOP vs. MIL,L
22025,DAL,Dallas Mavericks,0022500806,2026-02-20,DAL @ MIN,L
22025,DEN,Denver Nuggets,0022500810,2026-02-20,DEN @ POR,W
22025,LAC,LA Clippers,0022500809,2026-02-20,LAC @ LAL,L
22025,LAL,Los Angeles Lakers,0022500809,2026-02-20,LAL vs. LAC,W
22025,MIA,Miami Heat,0022500805,2026-02-20,MIA @ ATL,W
22025,UTA,Utah Jazz,0022500804,2026-02-20,UTA @ MEM,L
22025,MEM,Memphis Grizzlies,0022500804,2026-02-20,MEM vs. UTA,W
22025,WAS,Washington Wizards,0022500803,2026-02-20,WAS vs. IND,W
22025,CHA,Charlotte Hornets,0022500802,2026-02-20,CHA vs. CLE,L
22025,NYK,New York Knicks,0022500816,2026-02-21,NYK vs. HOU,W
22025,ORL,Orlando Magic,0022500811,2026-02-21,ORL @ PHX,L
22025,PHI,Philadelphia 76ers,0022500812,2026-02-21,PHI @ NOP,L
22025,PHX,Phoenix Suns,0022500811,2026-02-21,PHX vs. ORL,W
22025,SAC,Sacramento Kings,0022500815,2026-02-21,SAC @ SAS,L
22025,SAS,San Antonio Spurs,0022500815,2026-02-21,SAS vs. SAC,W
22025,NOP,New Orleans Pelicans,0022500812,2026-02-21,NOP vs. PHI,W
22025,CHI,Chicago Bulls,0022500814,2026-02-21,CHI vs. DET,L
22025,HOU,Houston Rockets,0022500816,2026-02-21,HOU @ NYK,L
22025,MIA,Miami Heat,0022500813,2026-02-21,MIA vs. MEM,W
22025,MEM,Memphis Grizzlies,0022500813,2026-02-21,MEM @ MIA,L
22025,DET,Detroit Pistons,0022500814,2026-02-21,DET @ CHI,W
22025,MIL,Milwaukee Bucks,0022500819,2026-02-22,MIL vs. TOR,L
22025,MIN,Minnesota Timberwolves,0022500824,2026-02-22,MIN vs. PHI,L
22025,BKN,Brooklyn Nets,0022500818,2026-02-22,BKN @ ATL,L
22025,NYK,New York Knicks,0022500825,2026-02-22,NYK @ CHI,W
22025,ORL,Orlando Magic,0022500827,2026-02-22,ORL @ LAC,W
22025,IND,Indiana Pacers,0022500821,2026-02-22,IND vs. DAL,L
22025,PHI,Philadelphia 76ers,0022500824,2026-02-22,PHI @ MIN,W
22025,PHX,Phoenix Suns,0022500826,2026-02-22,PHX vs. POR,L
22025,POR,Portland Trail Blazers,0022500826,2026-02-22,POR @ PHX,W
22025,OKC,Oklahoma City Thunder,0022500817,2026-02-22,OKC vs. CLE,W
22025,TOR,Toronto Raptors,0022500819,2026-02-22,TOR @ MIL,W
22025,ATL,Atlanta Hawks,0022500818,2026-02-22,ATL vs. BKN,W
22025,BOS,Boston Celtics,0022500823,2026-02-22,BOS @ LAL,W
22025,CLE,Cleveland Cavaliers,0022500817,2026-02-22,CLE @ OKC,L
22025,CHI,Chicago Bulls,0022500825,2026-02-22,CHI vs. NYK,L
22025,DAL,Dallas Mavericks,0022500821,2026-02-22,DAL @ IND,W
22025,DEN,Denver Nuggets,0022500820,2026-02-22,DEN @ GSW,L
22025,GSW,Golden State Warriors,0022500820,2026-02-22,GSW vs. DEN,W
22025,LAC,LA Clippers,0022500827,2026-02-22,LAC vs. ORL,L
22025,LAL,Los Angeles Lakers,0022500823,2026-02-22,LAL vs. BOS,L
22025,WAS,Washington Wizards,0022500822,2026-02-22,WAS vs. CHA,L
22025,CHA,Charlotte Hornets,0022500822,2026-02-22,CHA @ WAS,W
22025,SAC,Sacramento Kings,0022500829,2026-02-23,SAC @ MEM,W
22025,SAS,San Antonio Spurs,0022500828,2026-02-23,SAS @ DET,W
22025,HOU,Houston Rockets,0022500830,2026-02-23,HOU vs. UTA,W
22025,UTA,Utah Jazz,0022500830,2026-02-23,UTA @ HOU,L
22025,MEM,Memphis Grizzlies,0022500829,2026-02-23,MEM vs. SAC,L
22025,DET,Detroit Pistons,0022500828,2026-02-23,DET vs. SAS,L
22025,MIL,Milwaukee Bucks,0022500837,2026-02-24,MIL vs. MIA,W
22025,MIN,Minnesota Timberwolves,0022500841,2026-02-24,MIN @ POR,W
22025,BKN,Brooklyn Nets,0022500833,2026-02-24,BKN vs. DAL,L
22025,NYK,New York Knicks,0022500835,2026-02-24,NYK @ CLE,L
22025,ORL,Orlando Magic,0022500840,2026-02-24,ORL @ LAL,W
22025,IND,Indiana Pacers,0022500831,2026-02-24,IND vs. PHI,L
22025,PHI,Philadelphia 76ers,0022500831,2026-02-24,PHI @ IND,W
22025,PHX,Phoenix Suns,0022500839,2026-02-24,PHX vs. BOS,L
22025,POR,Portland Trail Blazers,0022500841,2026-02-24,POR vs. MIN,L
22025,OKC,Oklahoma City Thunder,0022500834,2026-02-24,OKC @ TOR,W
22025,TOR,Toronto Raptors,0022500834,2026-02-24,TOR vs. OKC,L
22025,ATL,Atlanta Hawks,0022500832,2026-02-24,ATL vs. WAS,W
22025,BOS,Boston Celtics,0022500839,2026-02-24,BOS @ PHX,W
22025,CLE,Cleveland Cavaliers,0022500835,2026-02-24,CLE vs. NYK,W
22025,NOP,New Orleans Pelicans,0022500838,2026-02-24,NOP vs. GSW,W
22025,CHI,Chicago Bulls,0022500836,2026-02-24,CHI vs. CHA,L
22025,DAL,Dallas Mavericks,0022500833,2026-02-24,DAL @ BKN,W
22025,GSW,Golden State Warriors,0022500838,2026-02-24,GSW @ NOP,L
22025,LAL,Los Angeles Lakers,0022500840,2026-02-24,LAL vs. ORL,L
22025,MIA,Miami Heat,0022500837,2026-02-24,MIA @ MIL,L
22025,WAS,Washington Wizards,0022500832,2026-02-24,WAS @ ATL,L
22025,CHA,Charlotte Hornets,0022500836,2026-02-24,CHA @ CHI,W
22025,MIL,Milwaukee Bucks,0022500846,2026-02-25,MIL vs. CLE,W
22025,SAC,Sacramento Kings,0022500845,2026-02-25,SAC @ HOU,L
22025,SAS,San Antonio Spurs,0022500843,2026-02-25,SAS @ TOR,W
22025,OKC,Oklahoma City Thunder,0022500842,2026-02-25,OKC @ DET,L
22025,TOR,Toronto Raptors,0022500843,2026-02-25,TOR vs. SAS,L
22025,BOS,Boston Celtics,0022500847,2026-02-25,BOS @ DEN,L
22025,CLE,Cleveland Cavaliers,0022500846,2026-02-25,CLE @ MIL,L
22025,DEN,Denver Nuggets,0022500847,2026-02-25,DEN vs. BOS,W
22025,GSW,Golden State Warriors,0022500844,2026-02-25,GSW @ MEM,W
22025,HOU,Houston Rockets,0022500845,2026-02-25,HOU vs. SAC,W
22025,MEM,Memphis Grizzlies,0022500844,2026-02-25,MEM vs. GSW,L
22025,DET,Detroit Pistons,0022500842,2026-02-25,DET vs. OKC,W
22025,MIN,Minnesota Timberwolves,0022500857,2026-02-26,MIN @ LAC,W
22025,BKN,Brooklyn Nets,0022500851,2026-02-26,BKN vs. SAS,L
22025,ORL,Orlando Magic,0022500852,2026-02-26,ORL vs. HOU,L
22025,IND,Indiana Pacers,0022500848,2026-02-26,IND vs. CHA,L
22025,PHI,Philadelphia 76ers,0022500849,2026-02-26,PHI vs. MIA,W
22025,PHX,Phoenix Suns,0022500855,2026-02-26,PHX vs. LAL,W
22025,POR,Portland Trail Blazers,0022500853,2026-02-26,POR @ CHI,W
22025,SAC,Sacramento Kings,0022500854,2026-02-26,SAC @ DAL,W
22025,SAS,San Antonio Spurs,0022500851,2026-02-26,SAS @ BKN,W
22025,ATL,Atlanta Hawks,0022500850,2026-02-26,ATL vs. WAS,W
22025,NOP,New Orleans Pelicans,0022500856,2026-02-26,NOP @ UTA,W
22025,CHI,Chicago Bulls,0022500853,2026-02-26,CHI vs. POR,L
22025,DAL,Dallas Mavericks,0022500854,2026-02-26,DAL vs. SAC,L
22025,HOU,Houston Rockets,0022500852,2026-02-26,HOU @ ORL,W
22025,LAC,LA Clippers,0022500857,2026-02-26,LAC vs. MIN,L
22025,LAL,Los Angeles Lakers,0022500855,2026-02-26,LAL @ PHX,L
22025,MIA,Miami Heat,0022500849,2026-02-26,MIA @ PHI,L
22025,UTA,Utah Jazz,0022500856,2026-02-26,UTA vs. NOP,L
22025,WAS,Washington Wizards,0022500850,2026-02-26,WAS @ ATL,L
22025,CHA,Charlotte Hornets,0022500848,2026-02-26,CHA @ IND,W
22025,MIL,Milwaukee Bucks,0022500860,2026-02-27,MIL vs. NYK,L
22025,BKN,Brooklyn Nets,0022500859,2026-02-27,BKN @ BOS,L
22025,NYK,New York Knicks,0022500860,2026-02-27,NYK @ MIL,W
22025,OKC,Oklahoma City Thunder,0022500862,2026-02-27,OKC vs. DEN,W
22025,BOS,Boston Celtics,0022500859,2026-02-27,BOS vs. BKN,W
22025,CLE,Cleveland Cavaliers,0022500858,2026-02-27,CLE @ DET,L
22025,DAL,Dallas Mavericks,0022500861,2026-02-27,DAL vs. MEM,L
22025,DEN,Denver Nuggets,0022500862,2026-02-27,DEN @ OKC,L
22025,MEM,Memphis Grizzlies,0022500861,2026-02-27,MEM @ DAL,W
22025,DET,Detroit Pistons,0022500858,2026-02-27,DET vs. CLE,W
22025,POR,Portland Trail Blazers,0022500863,2026-02-28,POR @ CHA,L
22025,TOR,Toronto Raptors,0022500865,2026-02-28,TOR @ WAS,W
22025,NOP,New Orleans Pelicans,0022500867,2026-02-28,NOP @ UTA,W
22025,GSW,Golden State Warriors,0022500866,2026-02-28,GSW vs. LAL,L
22025,HOU,Houston Rockets,0022500864,2026-02-28,HOU @ MIA,L
22025,LAL,Los Angeles Lakers,0022500866,2026-02-28,LAL @ GSW,W
22025,MIA,Miami Heat,0022500864,2026-02-28,MIA vs. HOU,W
22025,UTA,Utah Jazz,0022500867,2026-02-28,UTA vs. NOP,L
22025,WAS,Washington Wizards,0022500865,2026-02-28,WAS vs. TOR,L
22025,CHA,Charlotte Hornets,0022500863,2026-02-28,CHA vs. POR,W
22025,MIL,Milwaukee Bucks,0022500870,2026-03-01,MIL @ CHI,L
22025,MIN,Minnesota Timberwolves,0022500871,2026-03-01,MIN @ DEN,W
22025,BKN,Brooklyn Nets,0022500869,2026-03-01,BKN vs. CLE,L
22025,NYK,New York Knicks,0022500868,2026-03-01,NYK vs. SAS,W
22025,ORL,Orlando Magic,0022500875,2026-03-01,ORL vs. DET,L
22025,IND,Indiana Pacers,0022500872,2026-03-01,IND vs. MEM,L
22025,PHI,Philadelphia 76ers,0022500874,2026-03-01,PHI @ BOS,L
22025,POR,Portland Trail Blazers,0022500873,2026-03-01,POR @ ATL,L
22025,SAC,Sacramento Kings,0022500878,2026-03-01,SAC @ LAL,L
22025,SAS,San Antonio Spurs,0022500868,2026-03-01,SAS @ NYK,L
22025,OKC,Oklahoma City Thunder,0022500876,2026-03-01,OKC @ DAL,W
22025,ATL,Atlanta Hawks,0022500873,2026-03-01,ATL vs. POR,W
22025,BOS,Boston Celtics,0022500874,2026-03-01,BOS vs. PHI,W
22025,CLE,Cleveland Cavaliers,0022500869,2026-03-01,CLE @ BKN,W
22025,NOP,New Orleans Pelicans,0022500877,2026-03-01,NOP @ LAC,L
22025,CHI,Chicago Bulls,0022500870,2026-03-01,CHI vs. MIL,W
22025,DAL,Dallas Mavericks,0022500876,2026-03-01,DAL vs. OKC,L
22025,DEN,Denver Nuggets,0022500871,2026-03-01,DEN vs. MIN,L
22025,LAC,LA Clippers,0022500877,2026-03-01,LAC vs. NOP,W
22025,LAL,Los Angeles Lakers,0022500878,2026-03-01,LAL vs. SAC,W
22025,MEM,Memphis Grizzlies,0022500872,2026-03-01,MEM @ IND,W
22025,DET,Detroit Pistons,0022500875,2026-03-01,DET @ ORL,W
22025,MIL,Milwaukee Bucks,0022500880,2026-03-02,MIL vs. BOS,L
22025,BOS,Boston Celtics,0022500880,2026-03-02,BOS @ MIL,W
22025,DEN,Denver Nuggets,0022500881,2026-03-02,DEN @ UTA,W
22025,GSW,Golden State Warriors,0022500882,2026-03-02,GSW vs. LAC,L
22025,HOU,Houston Rockets,0022500879,2026-03-02,HOU @ WAS,W
22025,LAC,LA Clippers,0022500882,2026-03-02,LAC @ GSW,W
22025,UTA,Utah Jazz,0022500881,2026-03-02,UTA vs. DEN,L
22025,WAS,Washington Wizards,0022500879,2026-03-02,WAS vs. HOU,L
22025,MIN,Minnesota Timberwolves,0022500890,2026-03-03,MIN vs. MEM,W
22025,BKN,Brooklyn Nets,0022500886,2026-03-03,BKN @ MIA,L
22025,NYK,New York Knicks,0022500887,2026-03-03,NYK @ TOR,W
22025,ORL,Orlando Magic,0022500885,2026-03-03,ORL vs. WAS,W
22025,PHI,Philadelphia 76ers,0022500888,2026-03-03,PHI vs. SAS,L
22025,PHX,Phoenix Suns,0022500892,2026-03-03,PHX @ SAC,W
22025,SAC,Sacramento Kings,0022500892,2026-03-03,SAC vs. PHX,L
22025,SAS,San Antonio Spurs,0022500888,2026-03-03,SAS @ PHI,W
22025,OKC,Oklahoma City Thunder,0022500889,2026-03-03,OKC @ CHI,W
22025,TOR,Toronto Raptors,0022500887,2026-03-03,TOR vs. NYK,L
22025,CLE,Cleveland Cavaliers,0022500884,2026-03-03,CLE vs. DET,W
22025,NOP,New Orleans Pelicans,0022500891,2026-03-03,NOP @ LAL,L
22025,CHI,Chicago Bulls,0022500889,2026-03-03,CHI vs. OKC,L
22025,DAL,Dallas Mavericks,0022500883,2026-03-03,DAL @ CHA,L
22025,LAL,Los Angeles Lakers,0022500891,2026-03-03,LAL vs. NOP,W
22025,MIA,Miami Heat,0022500886,2026-03-03,MIA vs. BKN,W
22025,MEM,Memphis Grizzlies,0022500890,2026-03-03,MEM @ MIN,L
22025,WAS,Washington Wizards,0022500885,2026-03-03,WAS @ ORL,L
22025,DET,Detroit Pistons,0022500884,2026-03-03,DET @ CLE,L
22025,CHA,Charlotte Hornets,0022500883,2026-03-03,CHA vs. DAL,W
22025,MIL,Milwaukee Bucks,0022500897,2026-03-04,MIL vs. ATL,L
22025,NYK,New York Knicks,0022500893,2026-03-04,NYK vs. OKC,L
22025,IND,Indiana Pacers,0022500898,2026-03-04,IND @ LAC,L
22025,PHI,Philadelphia 76ers,0022500895,2026-03-04,PHI vs. UTA,W
22025,POR,Portland Trail Blazers,0022500896,2026-03-04,POR @ MEM,W
22025,OKC,Oklahoma City Thunder,0022500893,2026-03-04,OKC @ NYK,W
22025,ATL,Atlanta Hawks,0022500897,2026-03-04,ATL @ MIL,W
22025,BOS,Boston Celtics,0022500894,2026-03-04,BOS vs. CHA,L
22025,LAC,LA Clippers,0022500898,2026-03-04,LAC vs. IND,W
22025,UTA,Utah Jazz,0022500895,2026-03-04,UTA @ PHI,L
22025,MEM,Memphis Grizzlies,0022500896,2026-03-04,MEM vs. POR,L
22025,CHA,Charlotte Hornets,0022500894,2026-03-04,CHA @ BOS,W
22025,MIN,Minnesota Timberwolves,0022500903,2026-03-05,MIN vs. TOR,W
22025,BKN,Brooklyn Nets,0022500901,2026-03-05,BKN @ MIA,L
22025,ORL,Orlando Magic,0022500899,2026-03-05,ORL vs. DAL,W
22025,PHX,Phoenix Suns,0022500905,2026-03-05,PHX vs. CHI,L
22025,SAC,Sacramento Kings,0022500907,2026-03-05,SAC vs. NOP,L
22025,SAS,San Antonio Spurs,0022500904,2026-03-05,SAS vs. DET,W
22025,TOR,Toronto Raptors,0022500903,2026-03-05,TOR @ MIN,L
22025,NOP,New Orleans Pelicans,0022500907,2026-03-05,NOP @ SAC,W
22025,CHI,Chicago Bulls,0022500905,2026-03-05,CHI @ PHX,W
22025,DAL,Dallas Mavericks,0022500899,2026-03-05,DAL @ ORL,L
22025,DEN,Denver Nuggets,0022500906,2026-03-05,DEN vs. LAL,W
22025,GSW,Golden State Warriors,0022500902,2026-03-05,GSW @ HOU,W
22025,HOU,Houston Rockets,0022500902,2026-03-05,HOU vs. GSW,L
22025,LAL,Los Angeles Lakers,0022500906,2026-03-05,LAL @ DEN,L
22025,MIA,Miami Heat,0022500901,2026-03-05,MIA vs. BKN,W
22025,UTA,Utah Jazz,0022500900,2026-03-05,UTA @ WAS,W
22025,WAS,Washington Wizards,0022500900,2026-03-05,WAS vs. UTA,L
22025,DET,Detroit Pistons,0022500904,2026-03-05,DET @ SAS,L
22025,NYK,New York Knicks,0022500911,2026-03-06,NYK @ DEN,W
22025,IND,Indiana Pacers,0022500914,2026-03-06,IND @ LAL,L
22025,PHX,Phoenix Suns,0022500912,2026-03-06,PHX vs. NOP,W
22025,POR,Portland Trail Blazers,0022500910,2026-03-06,POR @ HOU,L
22025,SAS,San Antonio Spurs,0022500913,2026-03-06,SAS vs. LAC,W
22025,BOS,Boston Celtics,0022500908,2026-03-06,BOS vs. DAL,W
22025,NOP,New Orleans Pelicans,0022500912,2026-03-06,NOP @ PHX,L
22025,DAL,Dallas Mavericks,0022500908,2026-03-06,DAL @ BOS,L
22025,DEN,Denver Nuggets,0022500911,2026-03-06,DEN vs. NYK,L
22025,HOU,Houston Rockets,0022500910,2026-03-06,HOU vs. POR,W
22025,LAC,LA Clippers,0022500913,2026-03-06,LAC @ SAS,L
22025,LAL,Los Angeles Lakers,0022500914,2026-03-06,LAL vs. IND,W
22025,MIA,Miami Heat,0022500909,2026-03-06,MIA @ CHA,W
22025,CHA,Charlotte Hornets,0022500909,2026-03-06,CHA vs. MIA,L
22025,MIL,Milwaukee Bucks,0022500919,2026-03-07,MIL vs. UTA,W
22025,MIN,Minnesota Timberwolves,0022500915,2026-03-07,MIN vs. ORL,L
22025,BKN,Brooklyn Nets,0022500916,2026-03-07,BKN @ DET,W
22025,ORL,Orlando Magic,0022500915,2026-03-07,ORL @ MIN,W
22025,PHI,Philadelphia 76ers,0022500917,2026-03-07,PHI @ ATL,L
22025,OKC,Oklahoma City Thunder,0022500920,2026-03-07,OKC vs. GSW,W
22025,ATL,Atlanta Hawks,0022500917,2026-03-07,ATL vs. PHI,W
22025,GSW,Golden State Warriors,0022500920,2026-03-07,GSW @ OKC,L
22025,LAC,LA Clippers,0022500918,2026-03-07,LAC @ MEM,W
22025,UTA,Utah Jazz,0022500919,2026-03-07,UTA @ MIL,L
22025,MEM,Memphis Grizzlies,0022500918,2026-03-07,MEM vs. LAC,L
22025,DET,Detroit Pistons,0022500916,2026-03-07,DET vs. BKN,L
22025,MIL,Milwaukee Bucks,0022500926,2026-03-08,MIL vs. ORL,L
22025,NYK,New York Knicks,0022500922,2026-03-08,NYK @ LAL,L
22025,ORL,Orlando Magic,0022500926,2026-03-08,ORL @ MIL,W
22025,IND,Indiana Pacers,0022500929,2026-03-08,IND @ POR,L
22025,PHX,Phoenix Suns,0022500928,2026-03-08,PHX vs. CHA,W
22025,POR,Portland Trail Blazers,0022500929,2026-03-08,POR vs. IND,W
22025,SAC,Sacramento Kings,0022500930,2026-03-08,SAC vs. CHI,W
22025,SAS,San Antonio Spurs,0022500927,2026-03-08,SAS vs. HOU,W
22025,TOR,Toronto Raptors,0022500924,2026-03-08,TOR vs. DAL,W
22025,BOS,Boston Celtics,0022500921,2026-03-08,BOS @ CLE,W
22025,CLE,Cleveland Cavaliers,0022500921,2026-03-08,CLE vs. BOS,L
22025,NOP,New Orleans Pelicans,0022500925,2026-03-08,NOP vs. WAS,W
22025,CHI,Chicago Bulls,0022500930,2026-03-08,CHI @ SAC,L
22025,DAL,Dallas Mavericks,0022500924,2026-03-08,DAL @ TOR,L
22025,HOU,Houston Rockets,0022500927,2026-03-08,HOU @ SAS,L
22025,LAL,Los Angeles Lakers,0022500922,2026-03-08,LAL vs. NYK,W
22025,MIA,Miami Heat,0022500923,2026-03-08,MIA vs. DET,W
22025,WAS,Washington Wizards,0022500925,2026-03-08,WAS @ NOP,L
22025,DET,Detroit Pistons,0022500923,2026-03-08,DET @ MIA,L
22025,CHA,Charlotte Hornets,0022500928,2026-03-08,CHA @ PHX,L
22025,BKN,Brooklyn Nets,0022500932,2026-03-09,BKN vs. MEM,W
22025,NYK,New York Knicks,0022500935,2026-03-09,NYK @ LAC,L
22025,PHI,Philadelphia 76ers,0022500931,2026-03-09,PHI @ CLE,L
22025,OKC,Oklahoma City Thunder,0022500933,2026-03-09,OKC vs. DEN,W
22025,CLE,Cleveland Cavaliers,0022500931,2026-03-09,CLE vs. PHI,W
22025,DEN,Denver Nuggets,0022500933,2026-03-09,DEN @ OKC,L
22025,GSW,Golden State Warriors,0022500934,2026-03-09,GSW @ UTA,L
22025,LAC,LA Clippers,0022500935,2026-03-09,LAC vs. NYK,W
22025,UTA,Utah Jazz,0022500934,2026-03-09,UTA vs. GSW,W
22025,MEM,Memphis Grizzlies,0022500932,2026-03-09,MEM @ BKN,L
22025,MIL,Milwaukee Bucks,0022500941,2026-03-10,MIL vs. PHX,L
22025,MIN,Minnesota Timberwolves,0022500946,2026-03-10,MIN @ LAL,L
22025,BKN,Brooklyn Nets,0022500937,2026-03-10,BKN vs. DET,L
22025,IND,Indiana Pacers,0022500945,2026-03-10,IND @ SAC,L
22025,PHI,Philadelphia 76ers,0022500936,2026-03-10,PHI vs. MEM,W
22025,PHX,Phoenix Suns,0022500941,2026-03-10,PHX @ MIL,W
22025,POR,Portland Trail Blazers,0022500944,2026-03-10,POR vs. CHA,L
22025,SAC,Sacramento Kings,0022500945,2026-03-10,SAC vs. IND,W
22025,SAS,San Antonio Spurs,0022500942,2026-03-10,SAS vs. BOS,W
22025,TOR,Toronto Raptors,0022500940,2026-03-10,TOR @ HOU,L
22025,ATL,Atlanta Hawks,0022500939,2026-03-10,ATL vs. DAL,W
22025,BOS,Boston Celtics,0022500942,2026-03-10,BOS @ SAS,L
22025,CHI,Chicago Bulls,0022500943,2026-03-10,CHI @ GSW,W
22025,DAL,Dallas Mavericks,0022500939,2026-03-10,DAL @ ATL,L
22025,GSW,Golden State Warriors,0022500943,2026-03-10,GSW vs. CHI,L
22025,HOU,Houston Rockets,0022500940,2026-03-10,HOU vs. TOR,W
22025,LAL,Los Angeles Lakers,0022500946,2026-03-10,LAL vs. MIN,W
22025,MIA,Miami Heat,0022500938,2026-03-10,MIA vs. WAS,W
22025,MEM,Memphis Grizzlies,0022500936,2026-03-10,MEM @ PHI,L
22025,WAS,Washington Wizards,0022500938,2026-03-10,WAS @ MIA,L
22025,DET,Detroit Pistons,0022500937,2026-03-10,DET @ BKN,W
22025,CHA,Charlotte Hornets,0022500944,2026-03-10,CHA @ POR,W
22025,MIN,Minnesota Timberwolves,0022500952,2026-03-11,MIN @ LAC,L
22025,NYK,New York Knicks,0022500949,2026-03-11,NYK @ UTA,W
22025,ORL,Orlando Magic,0022500947,2026-03-11,ORL vs. CLE,W
22025,SAC,Sacramento Kings,0022500951,2026-03-11,SAC vs. CHA,L
22025,TOR,Toronto Raptors,0022500948,2026-03-11,TOR @ NOP,L
22025,CLE,Cleveland Cavaliers,0022500947,2026-03-11,CLE @ ORL,L
22025,NOP,New Orleans Pelicans,0022500948,2026-03-11,NOP vs. TOR,W
22025,DEN,Denver Nuggets,0022500950,2026-03-11,DEN vs. HOU,W
22025,HOU,Houston Rockets,0022500950,2026-03-11,HOU @ DEN,L
22025,LAC,LA Clippers,0022500952,2026-03-11,LAC vs. MIN,W
22025,UTA,Utah Jazz,0022500949,2026-03-11,UTA vs. NYK,L
22025,CHA,Charlotte Hornets,0022500951,2026-03-11,CHA @ SAC,W
22025,MIL,Milwaukee Bucks,0022500957,2026-03-12,MIL @ MIA,L
22025,BKN,Brooklyn Nets,0022500956,2026-03-12,BKN @ ATL,L
22025,ORL,Orlando Magic,0022500955,2026-03-12,ORL vs. WAS,W
22025,IND,Indiana Pacers,0022500954,2026-03-12,IND vs. PHX,L
22025,PHI,Philadelphia 76ers,0022500953,2026-03-12,PHI @ DET,L
22025,PHX,Phoenix Suns,0022500954,2026-03-12,PHX @ IND,W
22025,SAS,San Antonio Spurs,0022500958,2026-03-12,SAS vs. DEN,L
22025,OKC,Oklahoma City Thunder,0022500959,2026-03-12,OKC vs. BOS,W
22025,ATL,Atlanta Hawks,0022500956,2026-03-12,ATL vs. BKN,W
22025,BOS,Boston Celtics,0022500959,2026-03-12,BOS @ OKC,L
22025,CHI,Chicago Bulls,0022500960,2026-03-12,CHI @ LAL,L
22025,DAL,Dallas Mavericks,0022501111,2026-03-12,DAL @ MEM,W
22025,DEN,Denver Nuggets,0022500958,2026-03-12,DEN @ SAS,W
22025,LAL,Los Angeles Lakers,0022500960,2026-03-12,LAL vs. CHI,W
22025,MIA,Miami Heat,0022500957,2026-03-12,MIA vs. MIL,W
22025,MEM,Memphis Grizzlies,0022501111,2026-03-12,MEM vs. DAL,L
22025,WAS,Washington Wizards,0022500955,2026-03-12,WAS @ ORL,L
22025,DET,Detroit Pistons,0022500953,2026-03-12,DET vs. PHI,W
22025,MIN,Minnesota Timberwolves,0022500966,2026-03-13,MIN @ GSW,W
22025,NYK,New York Knicks,0022500962,2026-03-13,NYK @ IND,W
22025,IND,Indiana Pacers,0022500962,2026-03-13,IND vs. NYK,L
22025,PHX,Phoenix Suns,0022500963,2026-03-13,PHX @ TOR,L
22025,POR,Portland Trail Blazers,0022500967,2026-03-13,POR vs. UTA,W
22025,TOR,Toronto Raptors,0022500963,2026-03-13,TOR vs. PHX,W
22025,CLE,Cleveland Cavaliers,0022500965,2026-03-13,CLE @ DAL,W
22025,NOP,New Orleans Pelicans,0022500964,2026-03-13,NOP @ HOU,L
22025,CHI,Chicago Bulls,0022500968,2026-03-13,CHI @ LAC,L
22025,DAL,Dallas Mavericks,0022500965,2026-03-13,DAL vs. CLE,L
22025,GSW,Golden State Warriors,0022500966,2026-03-13,GSW vs. MIN,L
22025,HOU,Houston Rockets,0022500964,2026-03-13,HOU vs. NOP,W
22025,LAC,LA Clippers,0022500968,2026-03-13,LAC vs. CHI,W
22025,UTA,Utah Jazz,0022500967,2026-03-13,UTA @ POR,L
22025,MEM,Memphis Grizzlies,0022500961,2026-03-13,MEM @ DET,L
22025,DET,Detroit Pistons,0022500961,2026-03-13,DET vs. MEM,W
22025,MIL,Milwaukee Bucks,0022500970,2026-03-14,MIL @ ATL,L
22025,BKN,Brooklyn Nets,0022500969,2026-03-14,BKN @ PHI,L
22025,ORL,Orlando Magic,0022500972,2026-03-14,ORL @ MIA,W
22025,PHI,Philadelphia 76ers,0022500969,2026-03-14,PHI vs. BKN,W
22025,SAC,Sacramento Kings,0022500975,2026-03-14,SAC @ LAC,W
22025,SAS,San Antonio Spurs,0022500973,2026-03-14,SAS vs. CHA,W
22025,ATL,Atlanta Hawks,0022500970,2026-03-14,ATL vs. MIL,W
22025,BOS,Boston Celtics,0022500971,2026-03-14,BOS vs. WAS,W
22025,DEN,Denver Nuggets,0022500974,2026-03-14,DEN @ LAL,L
22025,LAC,LA Clippers,0022500975,2026-03-14,LAC vs. SAC,L
22025,LAL,Los Angeles Lakers,0022500974,2026-03-14,LAL vs. DEN,W
22025,MIA,Miami Heat,0022500972,2026-03-14,MIA vs. ORL,L
22025,WAS,Washington Wizards,0022500971,2026-03-14,WAS @ BOS,L
22025,CHA,Charlotte Hornets,0022500973,2026-03-14,CHA @ SAS,L
22025,MIL,Milwaukee Bucks,0022500979,2026-03-15,MIL vs. IND,W
22025,MIN,Minnesota Timberwolves,0022500976,2026-03-15,MIN @ OKC,L
22025,NYK,New York Knicks,0022500981,2026-03-15,NYK vs. GSW,W
22025,IND,Indiana Pacers,0022500979,2026-03-15,IND @ MIL,L
22025,PHI,Philadelphia 76ers,0022500980,2026-03-15,PHI vs. POR,W
22025,POR,Portland Trail Blazers,0022500980,2026-03-15,POR @ PHI,L
22025,SAC,Sacramento Kings,0022500982,2026-03-15,SAC vs. UTA,W
22025,OKC,Oklahoma City Thunder,0022500976,2026-03-15,OKC vs. MIN,W
22025,TOR,Toronto Raptors,0022500978,2026-03-15,TOR vs. DET,W
22025,CLE,Cleveland Cavaliers,0022500977,2026-03-15,CLE vs. DAL,L
22025,DAL,Dallas Mavericks,0022500977,2026-03-15,DAL @ CLE,W
22025,GSW,Golden State Warriors,0022500981,2026-03-15,GSW @ NYK,L
22025,UTA,Utah Jazz,0022500982,2026-03-15,UTA @ SAC,L
22025,DET,Detroit Pistons,0022500978,2026-03-15,DET @ TOR,L
22025,BKN,Brooklyn Nets,0022500985,2026-03-16,BKN vs. POR,L
22025,ORL,Orlando Magic,0022500983,2026-03-16,ORL @ ATL,L
22025,PHX,Phoenix Suns,0022500986,2026-03-16,PHX @ BOS,L
22025,POR,Portland Trail Blazers,0022500985,2026-03-16,POR @ BKN,W
22025,SAS,San Antonio Spurs,0022500990,2026-03-16,SAS @ LAC,W
22025,ATL,Atlanta Hawks,0022500983,2026-03-16,ATL vs. ORL,W
22025,BOS,Boston Celtics,0022500986,2026-03-16,BOS vs. PHX,W
22025,NOP,New Orleans Pelicans,0022500988,2026-03-16,NOP vs. DAL,W
22025,CHI,Chicago Bulls,0022500987,2026-03-16,CHI vs. MEM,W
22025,DAL,Dallas Mavericks,0022500988,2026-03-16,DAL @ NOP,L
22025,GSW,Golden State Warriors,0022500984,2026-03-16,GSW @ WAS,W
22025,HOU,Houston Rockets,0022500989,2026-03-16,HOU vs. LAL,L
22025,LAC,LA Clippers,0022500990,2026-03-16,LAC vs. SAS,L
22025,LAL,Los Angeles Lakers,0022500989,2026-03-16,LAL @ HOU,W
22025,MEM,Memphis Grizzlies,0022500987,2026-03-16,MEM @ CHI,L
22025,WAS,Washington Wizards,0022500984,2026-03-16,WAS vs. GSW,L
22025,MIL,Milwaukee Bucks,0022500995,2026-03-17,MIL vs. CLE,L
22025,MIN,Minnesota Timberwolves,0022500996,2026-03-17,MIN vs. PHX,W
22025,NYK,New York Knicks,0022500994,2026-03-17,NYK vs. IND,W
22025,ORL,Orlando Magic,0022500992,2026-03-17,ORL vs. OKC,L
22025,IND,Indiana Pacers,0022500994,2026-03-17,IND @ NYK,L
22025,PHI,Philadelphia 76ers,0022500997,2026-03-17,PHI @ DEN,L
22025,PHX,Phoenix Suns,0022500996,2026-03-17,PHX @ MIN,L
22025,SAC,Sacramento Kings,0022500998,2026-03-17,SAC vs. SAS,L
22025,SAS,San Antonio Spurs,0022500998,2026-03-17,SAS @ SAC,W
22025,OKC,Oklahoma City Thunder,0022500992,2026-03-17,OKC @ ORL,W
22025,CLE,Cleveland Cavaliers,0022500995,2026-03-17,CLE @ MIL,W
22025,DEN,Denver Nuggets,0022500997,2026-03-17,DEN vs. PHI,W
22025,MIA,Miami Heat,0022500991,2026-03-17,MIA @ CHA,L
22025,WAS,Washington Wizards,0022500993,2026-03-17,WAS vs. DET,L
22025,DET,Detroit Pistons,0022500993,2026-03-17,DET @ WAS,W
22025,CHA,Charlotte Hornets,0022500991,2026-03-17,CHA vs. MIA,W
22025,MIN,Minnesota Timberwolves,0022501004,2026-03-18,MIN vs. UTA,W
22025,BKN,Brooklyn Nets,0022501000,2026-03-18,BKN vs. OKC,L
22025,IND,Indiana Pacers,0022501001,2026-03-18,IND vs. POR,L
22025,POR,Portland Trail Blazers,0022501001,2026-03-18,POR @ IND,W
22025,OKC,Oklahoma City Thunder,0022501000,2026-03-18,OKC @ BKN,W
22025,TOR,Toronto Raptors,0022501002,2026-03-18,TOR @ CHI,W
22025,ATL,Atlanta Hawks,0022501006,2026-03-18,ATL @ DAL,W
22025,BOS,Boston Celtics,0022500999,2026-03-18,BOS vs. GSW,W
22025,NOP,New Orleans Pelicans,0022501005,2026-03-18,NOP vs. LAC,W
22025,CHI,Chicago Bulls,0022501002,2026-03-18,CHI vs. TOR,L
22025,DAL,Dallas Mavericks,0022501006,2026-03-18,DAL vs. ATL,L
22025,DEN,Denver Nuggets,0022500651,2026-03-18,DEN @ MEM,L
22025,GSW,Golden State Warriors,0022500999,2026-03-18,GSW @ BOS,L
22025,HOU,Houston Rockets,0022501007,2026-03-18,HOU vs. LAL,L
22025,LAC,LA Clippers,0022501005,2026-03-18,LAC @ NOP,L
22025,LAL,Los Angeles Lakers,0022501007,2026-03-18,LAL @ HOU,W
22025,UTA,Utah Jazz,0022501004,2026-03-18,UTA @ MIN,L
22025,MEM,Memphis Grizzlies,0022500651,2026-03-18,MEM vs. DEN,W
22025,MIL,Milwaukee Bucks,0022501014,2026-03-19,MIL @ UTA,L
22025,ORL,Orlando Magic,0022501008,2026-03-19,ORL @ CHA,L
22025,PHI,Philadelphia 76ers,0022501015,2026-03-19,PHI @ SAC,W
22025,PHX,Phoenix Suns,0022501013,2026-03-19,PHX @ SAS,L
22025,SAC,Sacramento Kings,0022501015,2026-03-19,SAC vs. PHI,L
22025,SAS,San Antonio Spurs,0022501013,2026-03-19,SAS vs. PHX,W
22025,CLE,Cleveland Cavaliers,0022501011,2026-03-19,CLE @ CHI,W
22025,NOP,New Orleans Pelicans,0022501012,2026-03-19,NOP vs. LAC,W
22025,CHI,Chicago Bulls,0022501011,2026-03-19,CHI vs. CLE,L
22025,LAC,LA Clippers,0022501012,2026-03-19,LAC @ NOP,L
22025,LAL,Los Angeles Lakers,0022501010,2026-03-19,LAL @ MIA,W
22025,MIA,Miami Heat,0022501010,2026-03-19,MIA vs. LAL,L
22025,UTA,Utah Jazz,0022501014,2026-03-19,UTA vs. MIL,W
22025,WAS,Washington Wizards,0022501009,2026-03-19,WAS vs. DET,L
22025,DET,Detroit Pistons,0022501009,2026-03-19,DET @ WAS,W
22025,CHA,Charlotte Hornets,0022501008,2026-03-19,CHA vs. ORL,W
22025,MIN,Minnesota Timberwolves,0022501020,2026-03-20,MIN vs. POR,L
22025,BKN,Brooklyn Nets,0022501016,2026-03-20,BKN vs. NYK,L
22025,NYK,New York Knicks,0022501016,2026-03-20,NYK @ BKN,W
22025,POR,Portland Trail Blazers,0022501020,2026-03-20,POR @ MIN,W
22025,TOR,Toronto Raptors,0022501021,2026-03-20,TOR @ DEN,L
22025,ATL,Atlanta Hawks,0022501018,2026-03-20,ATL @ HOU,L
22025,BOS,Boston Celtics,0022501019,2026-03-20,BOS @ MEM,W
22025,DEN,Denver Nuggets,0022501021,2026-03-20,DEN vs. TOR,W
22025,GSW,Golden State Warriors,0022501017,2026-03-20,GSW @ DET,L
22025,HOU,Houston Rockets,0022501018,2026-03-20,HOU vs. ATL,W
22025,MEM,Memphis Grizzlies,0022501019,2026-03-20,MEM vs. BOS,L
22025,DET,Detroit Pistons,0022501017,2026-03-20,DET vs. GSW,W
22025,MIL,Milwaukee Bucks,0022501031,2026-03-21,MIL @ PHX,W
22025,ORL,Orlando Magic,0022501024,2026-03-21,ORL vs. LAL,L
22025,IND,Indiana Pacers,0022501028,2026-03-21,IND @ SAS,L
22025,PHI,Philadelphia 76ers,0022501030,2026-03-21,PHI @ UTA,W
22025,PHX,Phoenix Suns,0022501031,2026-03-21,PHX vs. MIL,L
22025,SAS,San Antonio Spurs,0022501028,2026-03-21,SAS vs. IND,W
22025,OKC,Oklahoma City Thunder,0022501022,2026-03-21,OKC @ WAS,W
22025,ATL,Atlanta Hawks,0022501026,2026-03-21,ATL vs. GSW,W
22025,CLE,Cleveland Cavaliers,0022501025,2026-03-21,CLE @ NOP,W
22025,NOP,New Orleans Pelicans,0022501025,2026-03-21,NOP vs. CLE,L
22025,DAL,Dallas Mavericks,0022501029,2026-03-21,DAL vs. LAC,L
22025,GSW,Golden State Warriors,0022501026,2026-03-21,GSW @ ATL,L
22025,HOU,Houston Rockets,0022501027,2026-03-21,HOU vs. MIA,W
22025,LAC,LA Clippers,0022501029,2026-03-21,LAC @ DAL,W
22025,LAL,Los Angeles Lakers,0022501024,2026-03-21,LAL @ ORL,W
22025,MIA,Miami Heat,0022501027,2026-03-21,MIA @ HOU,L
22025,UTA,Utah Jazz,0022501030,2026-03-21,UTA vs. PHI,L
22025,MEM,Memphis Grizzlies,0022501023,2026-03-21,MEM @ CHA,L
22025,WAS,Washington Wizards,0022501022,2026-03-21,WAS vs. OKC,L
22025,CHA,Charlotte Hornets,0022501023,2026-03-21,CHA vs. MEM,W
22025,MIN,Minnesota Timberwolves,0022501035,2026-03-22,MIN @ BOS,W
22025,BKN,Brooklyn Nets,0022501033,2026-03-22,BKN @ SAC,L
22025,NYK,New York Knicks,0022501034,2026-03-22,NYK vs. WAS,W
22025,PHX,Phoenix Suns,0022501036,2026-03-22,PHX vs. TOR,W
22025,POR,Portland Trail Blazers,0022501032,2026-03-22,POR @ DEN,L
22025,SAC,Sacramento Kings,0022501033,2026-03-22,SAC vs. BKN,W
22025,TOR,Toronto Raptors,0022501036,2026-03-22,TOR @ PHX,L
22025,BOS,Boston Celtics,0022501035,2026-03-22,BOS vs. MIN,L
22025,DEN,Denver Nuggets,0022501032,2026-03-22,DEN vs. POR,W
22025,WAS,Washington Wizards,0022501034,2026-03-22,WAS @ NYK,L
22025,MIL,Milwaukee Bucks,0022501046,2026-03-23,MIL @ LAC,L
22025,BKN,Brooklyn Nets,0022501045,2026-03-23,BKN @ POR,L
22025,ORL,Orlando Magic,0022501039,2026-03-23,ORL vs. IND,L
22025,IND,Indiana Pacers,0022501039,2026-03-23,IND @ ORL,W
22025,PHI,Philadelphia 76ers,0022501040,2026-03-23,PHI vs. OKC,L
22025,POR,Portland Trail Blazers,0022501045,2026-03-23,POR vs. BKN,W
22025,SAS,San Antonio Spurs,0022501041,2026-03-23,SAS @ MIA,W
22025,OKC,Oklahoma City Thunder,0022501040,2026-03-23,OKC @ PHI,W
22025,TOR,Toronto Raptors,0022501043,2026-03-23,TOR @ UTA,W
22025,ATL,Atlanta Hawks,0022501037,2026-03-23,ATL vs. MEM,W
22025,CHI,Chicago Bulls,0022501042,2026-03-23,CHI vs. HOU,W
22025,DAL,Dallas Mavericks,0022501044,2026-03-23,DAL vs. GSW,L
22025,GSW,Golden State Warriors,0022501044,2026-03-23,GSW @ DAL,W
22025,HOU,Houston Rockets,0022501042,2026-03-23,HOU @ CHI,L
22025,LAC,LA Clippers,0022501046,2026-03-23,LAC vs. MIL,W
22025,LAL,Los Angeles Lakers,0022501038,2026-03-23,LAL @ DET,L
22025,MIA,Miami Heat,0022501041,2026-03-23,MIA vs. SAS,L
22025,UTA,Utah Jazz,0022501043,2026-03-23,UTA vs. TOR,L
22025,MEM,Memphis Grizzlies,0022501037,2026-03-23,MEM @ ATL,L
22025,DET,Detroit Pistons,0022501038,2026-03-23,DET vs. LAL,W
22025,NYK,New York Knicks,0022501048,2026-03-24,NYK vs. NOP,W
22025,ORL,Orlando Magic,0022501049,2026-03-24,ORL @ CLE,L
22025,PHX,Phoenix Suns,0022501050,2026-03-24,PHX vs. DEN,L
22025,SAC,Sacramento Kings,0022501047,2026-03-24,SAC @ CHA,L
22025,CLE,Cleveland Cavaliers,0022501049,2026-03-24,CLE vs. ORL,W
22025,NOP,New Orleans Pelicans,0022501048,2026-03-24,NOP @ NYK,L
22025,DEN,Denver Nuggets,0022501050,2026-03-24,DEN @ PHX,W
22025,CHA,Charlotte Hornets,0022501047,2026-03-24,CHA vs. SAC,W
22025,MIL,Milwaukee Bucks,0022501061,2026-03-25,MIL @ POR,L
22025,MIN,Minnesota Timberwolves,0022501058,2026-03-25,MIN vs. HOU,W
22025,BKN,Brooklyn Nets,0022501060,2026-03-25,BKN @ GSW,L
22025,IND,Indiana Pacers,0022501052,2026-03-25,IND vs. LAL,L
22025,PHI,Philadelphia 76ers,0022501053,2026-03-25,PHI vs. CHI,W
22025,POR,Portland Trail Blazers,0022501061,2026-03-25,POR vs. MIL,W
22025,SAS,San Antonio Spurs,0022501056,2026-03-25,SAS @ MEM,W
22025,OKC,Oklahoma City Thunder,0022501054,2026-03-25,OKC @ BOS,L
22025,TOR,Toronto Raptors,0022501062,2026-03-25,TOR @ LAC,L
22025,ATL,Atlanta Hawks,0022501051,2026-03-25,ATL @ DET,W
22025,BOS,Boston Celtics,0022501054,2026-03-25,BOS vs. OKC,W
22025,CLE,Cleveland Cavaliers,0022501055,2026-03-25,CLE vs. MIA,L
22025,CHI,Chicago Bulls,0022501053,2026-03-25,CHI @ PHI,L
22025,DAL,Dallas Mavericks,0022501059,2026-03-25,DAL @ DEN,L
22025,DEN,Denver Nuggets,0022501059,2026-03-25,DEN vs. DAL,W
22025,GSW,Golden State Warriors,0022501060,2026-03-25,GSW vs. BKN,W
22025,HOU,Houston Rockets,0022501058,2026-03-25,HOU @ MIN,L
22025,LAC,LA Clippers,0022501062,2026-03-25,LAC vs. TOR,W
22025,LAL,Los Angeles Lakers,0022501052,2026-03-25,LAL @ IND,W
22025,MIA,Miami Heat,0022501055,2026-03-25,MIA @ CLE,W
22025,UTA,Utah Jazz,0022501057,2026-03-25,UTA vs. WAS,L
22025,MEM,Memphis Grizzlies,0022501056,2026-03-25,MEM vs. SAS,L
22025,WAS,Washington Wizards,0022501057,2026-03-25,WAS @ UTA,W
22025,DET,Detroit Pistons,0022501051,2026-03-25,DET vs. ATL,L
22025,NYK,New York Knicks,0022501063,2026-03-26,NYK @ CHA,L
22025,ORL,Orlando Magic,0022501065,2026-03-26,ORL vs. SAC,W
22025,SAC,Sacramento Kings,0022501065,2026-03-26,SAC @ ORL,L
22025,NOP,New Orleans Pelicans,0022501064,2026-03-26,NOP @ DET,L
22025,DET,Detroit Pistons,0022501064,2026-03-26,DET vs. NOP,W
22025,CHA,Charlotte Hornets,0022501063,2026-03-26,CHA vs. NYK,W
22025,BKN,Brooklyn Nets,0022501075,2026-03-27,BKN @ LAL,L
22025,IND,Indiana Pacers,0022501066,2026-03-27,IND vs. LAC,L
22025,POR,Portland Trail Blazers,0022501074,2026-03-27,POR vs. DAL,L
22025,OKC,Oklahoma City Thunder,0022501070,2026-03-27,OKC vs. CHI,W
22025,TOR,Toronto Raptors,0022501071,2026-03-27,TOR vs. NOP,W
22025,ATL,Atlanta Hawks,0022501067,2026-03-27,ATL @ BOS,L
22025,BOS,Boston Celtics,0022501067,2026-03-27,BOS vs. ATL,W
22025,CLE,Cleveland Cavaliers,0022501068,2026-03-27,CLE vs. MIA,W
22025,NOP,New Orleans Pelicans,0022501071,2026-03-27,NOP @ TOR,L
22025,CHI,Chicago Bulls,0022501070,2026-03-27,CHI @ OKC,L
22025,DAL,Dallas Mavericks,0022501074,2026-03-27,DAL @ POR,W
22025,DEN,Denver Nuggets,0022501072,2026-03-27,DEN vs. UTA,W
22025,GSW,Golden State Warriors,0022501073,2026-03-27,GSW vs. WAS,W
22025,HOU,Houston Rockets,0022501069,2026-03-27,HOU @ MEM,W
22025,LAC,LA Clippers,0022501066,2026-03-27,LAC @ IND,W
22025,LAL,Los Angeles Lakers,0022501075,2026-03-27,LAL vs. BKN,W
22025,MIA,Miami Heat,0022501068,2026-03-27,MIA @ CLE,L
22025,UTA,Utah Jazz,0022501072,2026-03-27,UTA @ DEN,L
22025,MEM,Memphis Grizzlies,0022501069,2026-03-27,MEM vs. HOU,L
22025,WAS,Washington Wizards,0022501073,2026-03-27,WAS @ GSW,L
22025,MIL,Milwaukee Bucks,0022501076,2026-03-28,MIL vs. SAS,L
22025,MIN,Minnesota Timberwolves,0022501080,2026-03-28,MIN vs. DET,L
22025,PHI,Philadelphia 76ers,0022501077,2026-03-28,PHI @ CHA,W
22025,PHX,Phoenix Suns,0022501081,2026-03-28,PHX vs. UTA,W
22025,SAC,Sacramento Kings,0022501078,2026-03-28,SAC @ ATL,L
22025,SAS,San Antonio Spurs,0022501076,2026-03-28,SAS @ MIL,W
22025,ATL,Atlanta Hawks,0022501078,2026-03-28,ATL vs. SAC,W
22025,CHI,Chicago Bulls,0022501079,2026-03-28,CHI @ MEM,L
22025,UTA,Utah Jazz,0022501081,2026-03-28,UTA @ PHX,L
22025,MEM,Memphis Grizzlies,0022501079,2026-03-28,MEM vs. CHI,W
22025,DET,Detroit Pistons,0022501080,2026-03-28,DET @ MIN,W
22025,CHA,Charlotte Hornets,0022501077,2026-03-28,CHA vs. PHI,L
22025,MIL,Milwaukee Bucks,0022501082,2026-03-29,MIL vs. LAC,L
22025,BKN,Brooklyn Nets,0022501084,2026-03-29,BKN vs. SAC,W
22025,NYK,New York Knicks,0022501089,2026-03-29,NYK @ OKC,L
22025,ORL,Orlando Magic,0022501086,2026-03-29,ORL @ TOR,L
22025,IND,Indiana Pacers,0022501083,2026-03-29,IND vs. MIA,W
22025,POR,Portland Trail Blazers,0022501087,2026-03-29,POR vs. WAS,W
22025,SAC,Sacramento Kings,0022501084,2026-03-29,SAC @ BKN,L
22025,OKC,Oklahoma City Thunder,0022501089,2026-03-29,OKC vs. NYK,W
22025,TOR,Toronto Raptors,0022501086,2026-03-29,TOR vs. ORL,W
22025,BOS,Boston Celtics,0022501085,2026-03-29,BOS @ CHA,W
22025,NOP,New Orleans Pelicans,0022501088,2026-03-29,NOP vs. HOU,L
22025,DEN,Denver Nuggets,0022501090,2026-03-29,DEN vs. GSW,W
22025,GSW,Golden State Warriors,0022501090,2026-03-29,GSW @ DEN,L
22025,HOU,Houston Rockets,0022501088,2026-03-29,HOU @ NOP,W
22025,LAC,LA Clippers,0022501082,2026-03-29,LAC @ MIL,W
22025,MIA,Miami Heat,0022501083,2026-03-29,MIA @ IND,L
22025,WAS,Washington Wizards,0022501087,2026-03-29,WAS @ POR,L
22025,CHA,Charlotte Hornets,0022501085,2026-03-29,CHA vs. BOS,L
22025,MIN,Minnesota Timberwolves,0022501095,2026-03-30,MIN @ DAL,W
22025,PHI,Philadelphia 76ers,0022501091,2026-03-30,PHI @ MIA,L
22025,PHX,Phoenix Suns,0022501093,2026-03-30,PHX @ MEM,W
22025,SAS,San Antonio Spurs,0022501094,2026-03-30,SAS vs. CHI,W
22025,OKC,Oklahoma City Thunder,0022501097,2026-03-30,OKC vs. DET,W
22025,ATL,Atlanta Hawks,0022501092,2026-03-30,ATL vs. BOS,W
22025,BOS,Boston Celtics,0022501092,2026-03-30,BOS @ ATL,L
22025,CLE,Cleveland Cavaliers,0022501096,2026-03-30,CLE @ UTA,W
22025,CHI,Chicago Bulls,0022501094,2026-03-30,CHI @ SAS,L
22025,DAL,Dallas Mavericks,0022501095,2026-03-30,DAL vs. MIN,L
22025,LAL,Los Angeles Lakers,0022501098,2026-03-30,LAL vs. WAS,W
22025,MIA,Miami Heat,0022501091,2026-03-30,MIA vs. PHI,W
22025,UTA,Utah Jazz,0022501096,2026-03-30,UTA vs. CLE,L
22025,MEM,Memphis Grizzlies,0022501093,2026-03-30,MEM vs. PHX,L
22025,WAS,Washington Wizards,0022501098,2026-03-30,WAS @ LAL,L
22025,DET,Detroit Pistons,0022501097,2026-03-30,DET @ OKC,L
22025,MIL,Milwaukee Bucks,0022500652,2026-03-31,MIL vs. DAL,W
22025,BKN,Brooklyn Nets,0022501100,2026-03-31,BKN vs. CHA,L
22025,NYK,New York Knicks,0022501102,2026-03-31,NYK @ HOU,L
22025,ORL,Orlando Magic,0022501099,2026-03-31,ORL vs. PHX,W
22025,PHX,Phoenix Suns,0022501099,2026-03-31,PHX @ ORL,L
22025,POR,Portland Trail Blazers,0022501104,2026-03-31,POR @ LAC,W
22025,TOR,Toronto Raptors,0022501101,2026-03-31,TOR @ DET,L
22025,CLE,Cleveland Cavaliers,0022501103,2026-03-31,CLE @ LAL,L
22025,DAL,Dallas Mavericks,0022500652,2026-03-31,DAL @ MIL,L
22025,HOU,Houston Rockets,0022501102,2026-03-31,HOU vs. NYK,W
22025,LAC,LA Clippers,0022501104,2026-03-31,LAC vs. POR,L
22025,LAL,Los Angeles Lakers,0022501103,2026-03-31,LAL vs. CLE,W
22025,DET,Detroit Pistons,0022501101,2026-03-31,DET vs. TOR,W
22025,CHA,Charlotte Hornets,0022501100,2026-03-31,CHA @ BKN,W
22025,MIL,Milwaukee Bucks,0022501110,2026-04-01,MIL @ HOU,L
22025,NYK,New York Knicks,0022501003,2026-04-01,NYK @ MEM,W
22025,ORL,Orlando Magic,0022501107,2026-04-01,ORL vs. ATL,L
22025,IND,Indiana Pacers,0022501109,2026-04-01,IND @ CHI,W
22025,PHI,Philadelphia 76ers,0022501105,2026-04-01,PHI @ WAS,W
22025,SAC,Sacramento Kings,0022501108,2026-04-01,SAC @ TOR,W
22025,SAS,San Antonio Spurs,0022501113,2026-04-01,SAS @ GSW,W
22025,TOR,Toronto Raptors,0022501108,2026-04-01,TOR vs. SAC,L
22025,ATL,Atlanta Hawks,0022501107,2026-04-01,ATL @ ORL,W
22025,BOS,Boston Celtics,0022501106,2026-04-01,BOS @ MIA,W
22025,CHI,Chicago Bulls,0022501109,2026-04-01,CHI vs. IND,L
22025,DEN,Denver Nuggets,0022501112,2026-04-01,DEN @ UTA,W
22025,GSW,Golden State Warriors,0022501113,2026-04-01,GSW vs. SAS,L
22025,HOU,Houston Rockets,0022501110,2026-04-01,HOU vs. MIL,W
22025,MIA,Miami Heat,0022501106,2026-04-01,MIA vs. BOS,L
22025,UTA,Utah Jazz,0022501112,2026-04-01,UTA vs. DEN,L
22025,MEM,Memphis Grizzlies,0022501003,2026-04-01,MEM vs. NYK,L
22025,WAS,Washington Wizards,0022501105,2026-04-01,WAS vs. PHI,L
22025,MIN,Minnesota Timberwolves,0022501115,2026-04-02,MIN @ DET,L
22025,PHX,Phoenix Suns,0022501114,2026-04-02,PHX @ CHA,L
22025,POR,Portland Trail Blazers,0022501118,2026-04-02,POR vs. NOP,W
22025,SAS,San Antonio Spurs,0022501119,2026-04-02,SAS @ LAC,W
22025,OKC,Oklahoma City Thunder,0022501116,2026-04-02,OKC vs. LAL,W
22025,CLE,Cleveland Cavaliers,0022501117,2026-04-02,CLE @ GSW,W
22025,NOP,New Orleans Pelicans,0022501118,2026-04-02,NOP @ POR,L
22025,GSW,Golden State Warriors,0022501117,2026-04-02,GSW vs. CLE,L
22025,LAC,LA Clippers,0022501119,2026-04-02,LAC vs. SAS,L
22025,LAL,Los Angeles Lakers,0022501116,2026-04-02,LAL @ OKC,L
22025,DET,Detroit Pistons,0022501115,2026-04-02,DET vs. MIN,W
22025,CHA,Charlotte Hornets,0022501114,2026-04-02,CHA vs. PHX,W
22025,MIL,Milwaukee Bucks,0022501126,2026-04-03,MIL vs. BOS,L
22025,MIN,Minnesota Timberwolves,0022501121,2026-04-03,MIN @ PHI,L
22025,BKN,Brooklyn Nets,0022501122,2026-04-03,BKN vs. ATL,L
22025,NYK,New York Knicks,0022501123,2026-04-03,NYK vs. CHI,W
22025,ORL,Orlando Magic,0022501127,2026-04-03,ORL @ DAL,W
22025,IND,Indiana Pacers,0022501120,2026-04-03,IND @ CHA,L
22025,PHI,Philadelphia 76ers,0022501121,2026-04-03,PHI vs. MIN,W
22025,SAC,Sacramento Kings,0022501128,2026-04-03,SAC vs. NOP,W
22025,TOR,Toronto Raptors,0022501125,2026-04-03,TOR @ MEM,W
22025,ATL,Atlanta Hawks,0022501122,2026-04-03,ATL @ BKN,W
22025,BOS,Boston Celtics,0022501126,2026-04-03,BOS @ MIL,W
22025,NOP,New Orleans Pelicans,0022501128,2026-04-03,NOP @ SAC,L
22025,CHI,Chicago Bulls,0022501123,2026-04-03,CHI @ NYK,L
22025,DAL,Dallas Mavericks,0022501127,2026-04-03,DAL vs. ORL,L
22025,HOU,Houston Rockets,0022501124,2026-04-03,HOU vs. UTA,W
22025,UTA,Utah Jazz,0022501124,2026-04-03,UTA @ HOU,L
22025,MEM,Memphis Grizzlies,0022501125,2026-04-03,MEM vs. TOR,L
22025,CHA,Charlotte Hornets,0022501120,2026-04-03,CHA vs. IND,W
22025,PHI,Philadelphia 76ers,0022501131,2026-04-04,PHI vs. DET,L
22025,SAS,San Antonio Spurs,0022501130,2026-04-04,SAS @ DEN,L
22025,DEN,Denver Nuggets,0022501130,2026-04-04,DEN vs. SAS,W
22025,MIA,Miami Heat,0022501129,2026-04-04,MIA vs. WAS,W
22025,WAS,Washington Wizards,0022501129,2026-04-04,WAS @ MIA,L
22025,DET,Detroit Pistons,0022501131,2026-04-04,DET @ PHI,W
22025,MIL,Milwaukee Bucks,0022501135,2026-04-05,MIL vs. MEM,W
22025,MIN,Minnesota Timberwolves,0022501137,2026-04-05,MIN vs. CHA,L
22025,BKN,Brooklyn Nets,0022501133,2026-04-05,BKN vs. WAS,W
22025,ORL,Orlando Magic,0022501138,2026-04-05,ORL @ NOP,W
22025,IND,Indiana Pacers,0022501136,2026-04-05,IND @ CLE,L
22025,PHX,Phoenix Suns,0022501134,2026-04-05,PHX @ CHI,W
22025,SAC,Sacramento Kings,0022501141,2026-04-05,SAC vs. LAC,L
22025,OKC,Oklahoma City Thunder,0022501139,2026-04-05,OKC vs. UTA,W
22025,TOR,Toronto Raptors,0022501132,2026-04-05,TOR @ BOS,L
22025,BOS,Boston Celtics,0022501132,2026-04-05,BOS vs. TOR,W
22025,CLE,Cleveland Cavaliers,0022501136,2026-04-05,CLE vs. IND,W
22025,NOP,New Orleans Pelicans,0022501138,2026-04-05,NOP vs. ORL,L
22025,CHI,Chicago Bulls,0022501134,2026-04-05,CHI vs. PHX,L
22025,DAL,Dallas Mavericks,0022501140,2026-04-05,DAL vs. LAL,W
22025,GSW,Golden State Warriors,0022501142,2026-04-05,GSW vs. HOU,L
22025,HOU,Houston Rockets,0022501142,2026-04-05,HOU @ GSW,W
22025,LAC,LA Clippers,0022501141,2026-04-05,LAC @ SAC,W
22025,LAL,Los Angeles Lakers,0022501140,2026-04-05,LAL @ DAL,L
22025,UTA,Utah Jazz,0022501139,2026-04-05,UTA @ OKC,L
22025,MEM,Memphis Grizzlies,0022501135,2026-04-05,MEM @ MIL,L
22025,WAS,Washington Wizards,0022501133,2026-04-05,WAS @ BKN,L
22025,CHA,Charlotte Hornets,0022501137,2026-04-05,CHA @ MIN,W
22025,NYK,New York Knicks,0022501143,2026-04-06,NYK @ ATL,W
22025,ORL,Orlando Magic,0022501144,2026-04-06,ORL vs. DET,W
22025,PHI,Philadelphia 76ers,0022501146,2026-04-06,PHI @ SAS,L
22025,POR,Portland Trail Blazers,0022501147,2026-04-06,POR @ DEN,L
22025,SAS,San Antonio Spurs,0022501146,2026-04-06,SAS vs. PHI,W
22025,ATL,Atlanta Hawks,0022501143,2026-04-06,ATL vs. NYK,L
22025,CLE,Cleveland Cavaliers,0022501145,2026-04-06,CLE @ MEM,W
22025,DEN,Denver Nuggets,0022501147,2026-04-06,DEN vs. POR,W
22025,MEM,Memphis Grizzlies,0022501145,2026-04-06,MEM vs. CLE,L
22025,DET,Detroit Pistons,0022501144,2026-04-06,DET @ ORL,L
22025,MIL,Milwaukee Bucks,0022501150,2026-04-07,MIL @ BKN,L
22025,MIN,Minnesota Timberwolves,0022501152,2026-04-07,MIN @ IND,W
22025,BKN,Brooklyn Nets,0022501150,2026-04-07,BKN vs. MIL,W
22025,IND,Indiana Pacers,0022501152,2026-04-07,IND vs. MIN,L
22025,PHX,Phoenix Suns,0022501157,2026-04-07,PHX vs. HOU,L
22025,SAC,Sacramento Kings,0022501154,2026-04-07,SAC @ GSW,L
22025,OKC,Oklahoma City Thunder,0022501155,2026-04-07,OKC @ LAL,W
22025,TOR,Toronto Raptors,0022501151,2026-04-07,TOR vs. MIA,W
22025,BOS,Boston Celtics,0022501149,2026-04-07,BOS vs. CHA,W
22025,NOP,New Orleans Pelicans,0022501153,2026-04-07,NOP vs. UTA,W
22025,CHI,Chicago Bulls,0022501148,2026-04-07,CHI @ WAS,W
22025,DAL,Dallas Mavericks,0022501156,2026-04-07,DAL @ LAC,L
22025,GSW,Golden State Warriors,0022501154,2026-04-07,GSW vs. SAC,W
22025,HOU,Houston Rockets,0022501157,2026-04-07,HOU @ PHX,W
22025,LAC,LA Clippers,0022501156,2026-04-07,LAC vs. DAL,W
22025,LAL,Los Angeles Lakers,0022501155,2026-04-07,LAL vs. OKC,L
22025,MIA,Miami Heat,0022501151,2026-04-07,MIA @ TOR,L
22025,UTA,Utah Jazz,0022501153,2026-04-07,UTA @ NOP,L
22025,WAS,Washington Wizards,0022501148,2026-04-07,WAS vs. CHI,L
22025,CHA,Charlotte Hornets,0022501149,2026-04-07,CHA @ BOS,L
22025,MIL,Milwaukee Bucks,0022501160,2026-04-08,MIL @ DET,L
22025,MIN,Minnesota Timberwolves,0022501159,2026-04-08,MIN @ ORL,L
22025,ORL,Orlando Magic,0022501159,2026-04-08,ORL vs. MIN,W
22025,PHX,Phoenix Suns,0022501164,2026-04-08,PHX vs. DAL,W
22025,POR,Portland Trail Blazers,0022501161,2026-04-08,POR @ SAS,L
22025,SAS,San Antonio Spurs,0022501161,2026-04-08,SAS vs. POR,W
22025,OKC,Oklahoma City Thunder,0022501163,2026-04-08,OKC @ LAC,W
22025,ATL,Atlanta Hawks,0022501158,2026-04-08,ATL @ CLE,L
22025,CLE,Cleveland Cavaliers,0022501158,2026-04-08,CLE vs. ATL,W
22025,DAL,Dallas Mavericks,0022501164,2026-04-08,DAL @ PHX,L
22025,DEN,Denver Nuggets,0022501162,2026-04-08,DEN vs. MEM,W
22025,LAC,LA Clippers,0022501163,2026-04-08,LAC vs. OKC,L
22025,MEM,Memphis Grizzlies,0022501162,2026-04-08,MEM @ DEN,L
22025,DET,Detroit Pistons,0022501160,2026-04-08,DET vs. MIL,W
22025,BKN,Brooklyn Nets,0022501167,2026-04-09,BKN vs. IND,L
22025,NYK,New York Knicks,0022501168,2026-04-09,NYK vs. BOS,W
22025,IND,Indiana Pacers,0022501167,2026-04-09,IND @ BKN,W
22025,PHI,Philadelphia 76ers,0022501169,2026-04-09,PHI @ HOU,L
22025,TOR,Toronto Raptors,0022501165,2026-04-09,TOR vs. MIA,W
22025,BOS,Boston Celtics,0022501168,2026-04-09,BOS @ NYK,L
22025,CHI,Chicago Bulls,0022501166,2026-04-09,CHI @ WAS,W
22025,GSW,Golden State Warriors,0022501170,2026-04-09,GSW vs. LAL,L
22025,HOU,Houston Rockets,0022501169,2026-04-09,HOU vs. PHI,W
22025,LAL,Los Angeles Lakers,0022501170,2026-04-09,LAL @ GSW,W
22025,MIA,Miami Heat,0022501165,2026-04-09,MIA @ TOR,L
22025,WAS,Washington Wizards,0022501166,2026-04-09,WAS vs. CHI,L
22025,MIL,Milwaukee Bucks,0022501179,2026-04-10,MIL vs. BKN,W
22025,MIN,Minnesota Timberwolves,0022501178,2026-04-10,MIN @ HOU,W
22025,BKN,Brooklyn Nets,0022501179,2026-04-10,BKN @ MIL,L
22025,NYK,New York Knicks,0022501176,2026-04-10,NYK vs. TOR,W
22025,ORL,Orlando Magic,0022501177,2026-04-10,ORL @ CHI,W
22025,IND,Indiana Pacers,0022501175,2026-04-10,IND vs. PHI,L
22025,PHI,Philadelphia 76ers,0022501175,2026-04-10,PHI @ IND,W
22025,PHX,Phoenix Suns,0022501185,2026-04-10,PHX @ LAL,L
22025,POR,Portland Trail Blazers,0022501183,2026-04-10,POR vs. LAC,W
22025,SAC,Sacramento Kings,0022501184,2026-04-10,SAC vs. GSW,W
22025,SAS,San Antonio Spurs,0022501180,2026-04-10,SAS vs. DAL,W
22025,OKC,Oklahoma City Thunder,0022501182,2026-04-10,OKC @ DEN,L
22025,TOR,Toronto Raptors,0022501176,2026-04-10,TOR @ NYK,L
22025,ATL,Atlanta Hawks,0022501173,2026-04-10,ATL vs. CLE,W
22025,BOS,Boston Celtics,0022501174,2026-04-10,BOS vs. NOP,W
22025,CLE,Cleveland Cavaliers,0022501173,2026-04-10,CLE @ ATL,L
22025,NOP,New Orleans Pelicans,0022501174,2026-04-10,NOP @ BOS,L
22025,CHI,Chicago Bulls,0022501177,2026-04-10,CHI vs. ORL,L
22025,DAL,Dallas Mavericks,0022501180,2026-04-10,DAL @ SAS,L
22025,DEN,Denver Nuggets,0022501182,2026-04-10,DEN vs. OKC,W
22025,GSW,Golden State Warriors,0022501184,2026-04-10,GSW @ SAC,L
22025,HOU,Houston Rockets,0022501178,2026-04-10,HOU vs. MIN,L
22025,LAC,LA Clippers,0022501183,2026-04-10,LAC @ POR,L
22025,LAL,Los Angeles Lakers,0022501185,2026-04-10,LAL vs. PHX,W
22025,MIA,Miami Heat,0022501172,2026-04-10,MIA @ WAS,W
22025,UTA,Utah Jazz,0022501181,2026-04-10,UTA vs. MEM,W
22025,MEM,Memphis Grizzlies,0022501181,2026-04-10,MEM @ UTA,L
22025,WAS,Washington Wizards,0022501172,2026-04-10,WAS vs. MIA,L
22025,DET,Detroit Pistons,0022501171,2026-04-10,DET @ CHA,W
22025,CHA,Charlotte Hornets,0022501171,2026-04-10,CHA vs. DET,L
22025,MIL,Milwaukee Bucks,0022501191,2026-04-12,MIL @ PHI,L
22025,MIN,Minnesota Timberwolves,0022501195,2026-04-12,MIN vs. NOP,W
22025,BKN,Brooklyn Nets,0022501192,2026-04-12,BKN @ TOR,L
22025,NYK,New York Knicks,0022501190,2026-04-12,NYK vs. CHA,L
22025,ORL,Orlando Magic,0022501186,2026-04-12,ORL @ BOS,L
22025,IND,Indiana Pacers,0022501188,2026-04-12,IND vs. DET,L
22025,PHI,Philadelphia 76ers,0022501191,2026-04-12,PHI vs. MIL,W
22025,PHX,Phoenix Suns,0022501196,2026-04-12,PHX @ OKC,W
22025,POR,Portland Trail Blazers,0022501200,2026-04-12,POR vs. SAC,W
22025,SAC,Sacramento Kings,0022501200,2026-04-12,SAC @ POR,L
22025,SAS,San Antonio Spurs,0022501197,2026-04-12,SAS vs. DEN,L
22025,OKC,Oklahoma City Thunder,0022501196,2026-04-12,OKC vs. PHX,L
22025,TOR,Toronto Raptors,0022501192,2026-04-12,TOR vs. BKN,W
22025,ATL,Atlanta Hawks,0022501189,2026-04-12,ATL @ MIA,L
22025,BOS,Boston Celtics,0022501186,2026-04-12,BOS vs. ORL,W
22025,CLE,Cleveland Cavaliers,0022501187,2026-04-12,CLE vs. WAS,W
22025,NOP,New Orleans Pelicans,0022501195,2026-04-12,NOP @ MIN,L
22025,CHI,Chicago Bulls,0022501193,2026-04-12,CHI @ DAL,L
22025,DAL,Dallas Mavericks,0022501193,2026-04-12,DAL vs. CHI,W
22025,DEN,Denver Nuggets,0022501197,2026-04-12,DEN @ SAS,W
22025,GSW,Golden State Warriors,0022501199,2026-04-12,GSW @ LAC,L
22025,HOU,Houston Rockets,0022501194,2026-04-12,HOU vs. MEM,W
22025,LAC,LA Clippers,0022501199,2026-04-12,LAC vs. GSW,W
22025,LAL,Los Angeles Lakers,0022501198,2026-04-12,LAL vs. UTA,W
22025,MIA,Miami Heat,0022501189,2026-04-12,MIA vs. ATL,W
22025,UTA,Utah Jazz,0022501198,2026-04-12,UTA @ LAL,L
22025,MEM,Memphis Grizzlies,0022501194,2026-04-12,MEM @ HOU,L
22025,WAS,Washington Wizards,0022501187,2026-04-12,WAS @ CLE,L
22025,DET,Detroit Pistons,0022501188,2026-04-12,DET @ IND,W
22025,CHA,Charlotte Hornets,0022501190,2026-04-12,CHA @ NYK,W
